999
ANSI/AAMA
  0
SECTION
  2
BLOCKS
0
BLOCK
  8
1
  2
26SMC-WP313M 展_贴袋贴布_175/92
 70
0
 10
0.0
 20
0.0
  0
POLYLINE
  8
1
  66
1
  70
1
  0
VERTEX
  8
1
  10
734.577866
  20
-654.151764
  0
VERTEX
  8
1
  10
652.077789
  20
-654.151764
  0
VERTEX
  8
1
  10
569.577789
  20
-654.151764
  0
VERTEX
  8
1
  10
542.577782
  20
-654.151764
  0
VERTEX
  8
1
  10
542.577782
  20
-532.181244
  0
VERTEX
  8
1
  10
564.607239
  20
-510.151825
  0
VERTEX
  8
1
  10
652.077789
  20
-510.151825
  0
VERTEX
  8
1
  10
739.548416
  20
-510.151825
  0
VERTEX
  8
1
  10
761.577835
  20
-532.181244
  0
VERTEX
  8
1
  10
761.577835
  20
-654.151764
  0
SEQEND
  8
1
  0
POINT
  8
2
 10
734.577866
 20
-654.151764
  0
TEXT
  8
2
 10
734.577866
 20
-654.151764
 40
0.000000
 50
0.000000
  1
# 1
  0
POINT
  8
2
 10
652.077789
 20
-654.151764
  0
TEXT
  8
2
 10
652.077789
 20
-654.151764
 40
0.000000
 50
0.000000
  1
# 2
  0
POINT
  8
2
 10
569.577789
 20
-654.151764
  0
TEXT
  8
2
 10
569.577789
 20
-654.151764
 40
0.000000
 50
0.000000
  1
# 3
  0
POINT
  8
2
 10
542.577782
 20
-654.151764
  0
TEXT
  8
2
 10
542.577782
 20
-654.151764
 40
0.000000
 50
0.000000
  1
# 4
  0
POINT
  8
2
 10
542.577782
 20
-532.181244
  0
TEXT
  8
2
 10
542.577782
 20
-532.181244
 40
0.000000
 50
0.000000
  1
# 5
  0
POINT
  8
2
 10
564.607239
 20
-510.151825
  0
TEXT
  8
2
 10
564.607239
 20
-510.151825
 40
0.000000
 50
0.000000
  1
# 6
  0
POINT
  8
2
 10
652.077789
 20
-510.151825
  0
TEXT
  8
2
 10
652.077789
 20
-510.151825
 40
0.000000
 50
0.000000
  1
# 7
  0
POINT
  8
2
 10
739.548416
 20
-510.151825
  0
TEXT
  8
2
 10
739.548416
 20
-510.151825
 40
0.000000
 50
0.000000
  1
# 8
  0
POINT
  8
2
 10
761.577835
 20
-532.181244
  0
TEXT
  8
2
 10
761.577835
 20
-532.181244
 40
0.000000
 50
0.000000
  1
# 9
  0
POINT
  8
2
 10
761.577835
 20
-654.151764
  0
TEXT
  8
2
 10
761.577835
 20
-654.151764
 40
0.000000
 50
0.000000
  1
# 10
  0
POLYLINE
  8
14
  66
1
  70
1
  0
VERTEX
  8
14
  10
734.577866
  20
-642.151794
  0
VERTEX
  8
14
  10
652.077789
  20
-642.151794
  0
VERTEX
  8
14
  10
569.577789
  20
-642.151794
  0
VERTEX
  8
14
  10
554.577789
  20
-642.151794
  0
VERTEX
  8
14
  10
554.577789
  20
-537.151833
  0
VERTEX
  8
14
  10
569.577789
  20
-522.151833
  0
VERTEX
  8
14
  10
652.077789
  20
-522.151833
  0
VERTEX
  8
14
  10
734.577866
  20
-522.151833
  0
VERTEX
  8
14
  10
749.577866
  20
-537.151833
  0
VERTEX
  8
14
  10
749.577866
  20
-642.151794
  0
SEQEND
  8
14
  0
POINT
  8
2
 10
734.577866
 20
-642.151794
  0
TEXT
  8
2
 10
734.577866
 20
-642.151794
 40
0.000000
 50
0.000000
  1
# 11
  0
POINT
  8
2
 10
652.077789
 20
-642.151794
  0
TEXT
  8
2
 10
652.077789
 20
-642.151794
 40
0.000000
 50
0.000000
  1
# 12
  0
POINT
  8
2
 10
569.577789
 20
-642.151794
  0
TEXT
  8
2
 10
569.577789
 20
-642.151794
 40
0.000000
 50
0.000000
  1
# 13
  0
POINT
  8
2
 10
554.577789
 20
-642.151794
  0
TEXT
  8
2
 10
554.577789
 20
-642.151794
 40
0.000000
 50
0.000000
  1
# 14
  0
POINT
  8
2
 10
554.577789
 20
-537.151833
  0
TEXT
  8
2
 10
554.577789
 20
-537.151833
 40
0.000000
 50
0.000000
  1
# 15
  0
POINT
  8
2
 10
569.577789
 20
-522.151833
  0
TEXT
  8
2
 10
569.577789
 20
-522.151833
 40
0.000000
 50
0.000000
  1
# 16
  0
POINT
  8
2
 10
652.077789
 20
-522.151833
  0
TEXT
  8
2
 10
652.077789
 20
-522.151833
 40
0.000000
 50
0.000000
  1
# 17
  0
POINT
  8
2
 10
734.577866
 20
-522.151833
  0
TEXT
  8
2
 10
734.577866
 20
-522.151833
 40
0.000000
 50
0.000000
  1
# 18
  0
POINT
  8
2
 10
749.577866
 20
-537.151833
  0
TEXT
  8
2
 10
749.577866
 20
-537.151833
 40
0.000000
 50
0.000000
  1
# 19
  0
POINT
  8
2
 10
749.577866
 20
-642.151794
  0
TEXT
  8
2
 10
749.577866
 20
-642.151794
 40
0.000000
 50
0.000000
  1
# 20
  0
POLYLINE
  8
8
  66
1
  70
0
  0
VERTEX
  8
8
  10
652.077789
  20
-642.151794
  0
VERTEX
  8
8
  10
652.077789
  20
-631.786902
  0
VERTEX
  8
8
  10
652.077789
  20
-621.640479
  0
VERTEX
  8
8
  10
652.077789
  20
-611.314245
  0
VERTEX
  8
8
  10
652.077789
  20
-601.023376
  0
VERTEX
  8
8
  10
652.077789
  20
-590.898784
  0
VERTEX
  8
8
  10
652.077789
  20
-580.774186
  0
VERTEX
  8
8
  10
652.077789
  20
-570.685580
  0
VERTEX
  8
8
  10
652.077789
  20
-560.560982
  0
VERTEX
  8
8
  10
652.077789
  20
-550.436383
  0
VERTEX
  8
8
  10
652.077789
  20
-540.283749
  0
VERTEX
  8
8
  10
652.077789
  20
-530.357260
  0
VERTEX
  8
8
  10
652.077789
  20
-522.151833
  0
SEQEND
  8
8
  0
POINT
  8
2
 10
652.077789
 20
-642.151794
  0
TEXT
  8
2
 10
652.077789
 20
-642.151794
 40
0.000000
 50
0.000000
  1
# 21
  0
POINT
  8
2
 10
652.077789
 20
-522.151833
  0
TEXT
  8
2
 10
652.077789
 20
-522.151833
 40
0.000000
 50
0.000000
  1
# 22
  0
POINT
  8
3
 10
652.077789
 20
-631.786902
  0
POINT
  8
3
 10
652.077789
 20
-621.640479
  0
POINT
  8
3
 10
652.077789
 20
-611.314245
  0
POINT
  8
3
 10
652.077789
 20
-601.023376
  0
POINT
  8
3
 10
652.077789
 20
-590.898784
  0
POINT
  8
3
 10
652.077789
 20
-580.774186
  0
POINT
  8
3
 10
652.077789
 20
-570.685580
  0
POINT
  8
3
 10
652.077789
 20
-560.560982
  0
POINT
  8
3
 10
652.077789
 20
-550.436383
  0
POINT
  8
3
 10
652.077789
 20
-540.283749
  0
POINT
  8
3
 10
652.077789
 20
-530.357260
 0
LINE
 8
7
 10
708.506393
 20
-618.151779
 11
708.506393
 21
-546.151810
  0
TEXT
  8
1
 10
652.077808
 20
-582.151794
 40
10.000000
 50
0.000000
  1
Piece Name: 26SMC-WP313M 展_贴袋贴布_175/92
  0
TEXT
  8
1
 10
652.077808
 20
-567.151794
 40
10.000000
 50
0.000000
  1
Size: 175/92
  0
TEXT
  8
1
 10
652.077808
 20
-552.151794
 40
10.000000
 50
0.000000
  1
Annotation: 
  0
TEXT
  8
1
 10
652.077808
 20
-537.151794
 40
10.000000
 50
0.000000
  1
Quantity: 1,1
  0
TEXT
  8
1
 10
652.077808
 20
-522.151794
 40
10.000000
 50
0.000000
  1
Material: 面
  0
TEXT
  8
1
 10
652.077808
 20
-522.151794
 40
10.000000
 50
0.000000
  1
Category: 0
0
ENDBLK
0
BLOCK
  8
1
  2
26SMC-WP313M 展_后袋布_175/92
 70
0
 10
0.0
 20
0.0
  0
POLYLINE
  8
1
  66
1
  70
1
  0
VERTEX
  8
1
  10
605.281715
  20
218.369522
  0
VERTEX
  8
1
  10
416.054764
  20
232.017536
  0
VERTEX
  8
1
  10
415.250740
  20
247.904034
  0
VERTEX
  8
1
  10
414.871445
  20
255.313053
  0
VERTEX
  8
1
  10
414.372253
  20
265.332222
  0
VERTEX
  8
1
  10
413.906288
  20
275.452156
  0
VERTEX
  8
1
  10
413.485527
  20
285.558701
  0
VERTEX
  8
1
  10
413.117371
  20
295.827122
  0
VERTEX
  8
1
  10
412.815475
  20
306.139011
  0
VERTEX
  8
1
  10
412.584953
  20
316.452751
  0
VERTEX
  8
1
  10
412.430534
  20
326.586685
  0
VERTEX
  8
1
  10
412.345505
  20
336.902618
  0
VERTEX
  8
1
  10
412.330704
  20
347.218895
  0
VERTEX
  8
1
  10
412.381516
  20
357.313080
  0
VERTEX
  8
1
  10
412.495918
  20
367.628670
  0
VERTEX
  8
1
  10
412.668762
  20
377.943420
  0
VERTEX
  8
1
  10
412.890015
  20
388.122635
  0
VERTEX
  8
1
  10
413.150139
  20
398.435516
  0
VERTEX
  8
1
  10
413.420258
  20
408.437347
  0
VERTEX
  8
1
  10
413.698006
  20
418.575401
  0
VERTEX
  8
1
  10
413.981438
  20
428.881798
  0
VERTEX
  8
1
  10
414.266701
  20
439.222908
  0
VERTEX
  8
1
  10
413.981438
  20
449.563980
  0
VERTEX
  8
1
  10
413.698006
  20
459.870338
  0
VERTEX
  8
1
  10
413.420219
  20
470.008430
  0
VERTEX
  8
1
  10
413.150101
  20
480.010490
  0
VERTEX
  8
1
  10
412.890015
  20
490.323372
  0
VERTEX
  8
1
  10
412.668762
  20
500.502434
  0
VERTEX
  8
1
  10
412.495880
  20
510.817184
  0
VERTEX
  8
1
  10
412.381477
  20
521.132813
  0
VERTEX
  8
1
  10
412.330704
  20
531.227036
  0
VERTEX
  8
1
  10
412.345467
  20
541.543312
  0
VERTEX
  8
1
  10
412.430534
  20
551.859245
  0
VERTEX
  8
1
  10
412.479787
  20
555.092291
  0
VERTEX
  8
1
  10
412.584915
  20
561.993217
  0
VERTEX
  8
1
  10
412.815437
  20
572.306976
  0
VERTEX
  8
1
  10
413.117332
  20
582.618828
  0
VERTEX
  8
1
  10
413.485489
  20
592.887268
  0
VERTEX
  8
1
  10
413.906250
  20
602.993774
  0
VERTEX
  8
1
  10
414.233195
  20
610.094438
  0
VERTEX
  8
1
  10
414.372215
  20
613.113708
  0
VERTEX
  8
1
  10
414.871407
  20
623.132820
  0
VERTEX
  8
1
  10
415.250664
  20
630.541534
  0
VERTEX
  8
1
  10
416.054649
  20
646.427307
  0
VERTEX
  8
1
  10
450.204926
  20
648.890610
  0
VERTEX
  8
1
  10
451.787605
  20
626.948242
  0
VERTEX
  8
1
  10
573.471489
  20
635.725288
  0
VERTEX
  8
1
  10
571.888809
  20
657.667694
  0
VERTEX
  8
1
  10
605.281525
  20
660.076294
  0
VERTEX
  8
1
  10
609.034042
  20
637.519531
  0
VERTEX
  8
1
  10
609.506569
  20
634.092484
  0
VERTEX
  8
1
  10
609.649391
  20
631.548958
  0
VERTEX
  8
1
  10
610.179634
  20
621.577339
  0
VERTEX
  8
1
  10
610.674362
  20
611.560555
  0
VERTEX
  8
1
  10
611.131058
  20
601.509895
  0
VERTEX
  8
1
  10
611.550407
  20
591.213760
  0
VERTEX
  8
1
  10
611.899338
  20
581.207085
  0
VERTEX
  8
1
  10
612.184753
  20
571.166725
  0
VERTEX
  8
1
  10
612.402573
  20
561.124649
  0
VERTEX
  8
1
  10
612.553024
  20
550.828781
  0
VERTEX
  8
1
  10
612.629738
  20
540.784721
  0
VERTEX
  8
1
  10
612.639771
  20
530.740395
  0
VERTEX
  8
1
  10
612.584076
  20
520.484467
  0
VERTEX
  8
1
  10
612.469482
  20
510.440788
  0
VERTEX
  8
1
  10
612.300682
  20
500.397873
  0
VERTEX
  8
1
  10
612.077484
  20
490.099525
  0
VERTEX
  8
1
  10
611.824112
  20
480.058517
  0
VERTEX
  8
1
  10
611.551437
  20
470.017929
  0
VERTEX
  8
1
  10
611.270943
  20
459.847946
  0
VERTEX
  8
1
  10
610.993538
  20
449.758339
  0
VERTEX
  8
1
  10
610.704727
  20
439.222908
  0
VERTEX
  8
1
  10
610.993538
  20
428.687439
  0
VERTEX
  8
1
  10
611.270943
  20
418.597832
  0
VERTEX
  8
1
  10
611.551437
  20
408.428040
  0
VERTEX
  8
1
  10
611.824112
  20
398.387489
  0
VERTEX
  8
1
  10
612.077484
  20
388.346443
  0
VERTEX
  8
1
  10
612.300682
  20
378.047943
  0
VERTEX
  8
1
  10
612.469482
  20
368.005066
  0
VERTEX
  8
1
  10
612.584076
  20
357.961388
  0
VERTEX
  8
1
  10
612.639771
  20
347.705536
  0
VERTEX
  8
1
  10
612.629738
  20
337.661171
  0
VERTEX
  8
1
  10
612.553024
  20
327.617073
  0
VERTEX
  8
1
  10
612.402573
  20
317.321339
  0
VERTEX
  8
1
  10
612.184753
  20
307.279263
  0
VERTEX
  8
1
  10
611.899338
  20
297.238922
  0
VERTEX
  8
1
  10
611.550407
  20
287.232227
  0
VERTEX
  8
1
  10
611.131096
  20
276.936092
  0
VERTEX
  8
1
  10
610.674400
  20
266.885414
  0
VERTEX
  8
1
  10
610.179710
  20
256.868649
  0
VERTEX
  8
1
  10
609.649467
  20
246.896973
  0
VERTEX
  8
1
  10
609.506607
  20
244.353371
  0
VERTEX
  8
1
  10
609.034042
  20
240.926170
  0
SEQEND
  8
1
  0
POINT
  8
2
 10
605.281715
 20
218.369522
  0
TEXT
  8
2
 10
605.281715
 20
218.369522
 40
0.000000
 50
0.000000
  1
# 23
  0
POINT
  8
2
 10
416.054764
 20
232.017536
  0
TEXT
  8
2
 10
416.054764
 20
232.017536
 40
0.000000
 50
0.000000
  1
# 24
  0
POINT
  8
2
 10
414.266701
 20
439.222908
  0
TEXT
  8
2
 10
414.266701
 20
439.222908
 40
0.000000
 50
0.000000
  1
# 25
  0
POINT
  8
2
 10
416.054649
 20
646.427307
  0
TEXT
  8
2
 10
416.054649
 20
646.427307
 40
0.000000
 50
0.000000
  1
# 26
  0
POINT
  8
2
 10
450.204926
 20
648.890610
  0
TEXT
  8
2
 10
450.204926
 20
648.890610
 40
0.000000
 50
0.000000
  1
# 27
  0
POINT
  8
2
 10
451.787605
 20
626.948242
  0
TEXT
  8
2
 10
451.787605
 20
626.948242
 40
0.000000
 50
0.000000
  1
# 28
  0
POINT
  8
2
 10
573.471489
 20
635.725288
  0
TEXT
  8
2
 10
573.471489
 20
635.725288
 40
0.000000
 50
0.000000
  1
# 29
  0
POINT
  8
2
 10
571.888809
 20
657.667694
  0
TEXT
  8
2
 10
571.888809
 20
657.667694
 40
0.000000
 50
0.000000
  1
# 30
  0
POINT
  8
2
 10
605.281525
 20
660.076294
  0
TEXT
  8
2
 10
605.281525
 20
660.076294
 40
0.000000
 50
0.000000
  1
# 31
  0
POINT
  8
2
 10
609.506569
 20
634.092484
  0
TEXT
  8
2
 10
609.506569
 20
634.092484
 40
0.000000
 50
0.000000
  1
# 32
  0
POINT
  8
2
 10
610.704727
 20
439.222908
  0
TEXT
  8
2
 10
610.704727
 20
439.222908
 40
0.000000
 50
0.000000
  1
# 33
  0
POINT
  8
2
 10
609.506607
 20
244.353371
  0
TEXT
  8
2
 10
609.506607
 20
244.353371
 40
0.000000
 50
0.000000
  1
# 34
  0
POINT
  8
3
 10
415.250740
 20
247.904034
  0
POINT
  8
3
 10
414.871445
 20
255.313053
  0
POINT
  8
3
 10
414.372253
 20
265.332222
  0
POINT
  8
3
 10
413.906288
 20
275.452156
  0
POINT
  8
3
 10
413.485527
 20
285.558701
  0
POINT
  8
3
 10
413.117371
 20
295.827122
  0
POINT
  8
3
 10
412.815475
 20
306.139011
  0
POINT
  8
3
 10
412.584953
 20
316.452751
  0
POINT
  8
3
 10
412.430534
 20
326.586685
  0
POINT
  8
3
 10
412.345505
 20
336.902618
  0
POINT
  8
3
 10
412.330704
 20
347.218895
  0
POINT
  8
3
 10
412.381516
 20
357.313080
  0
POINT
  8
3
 10
412.495918
 20
367.628670
  0
POINT
  8
3
 10
412.668762
 20
377.943420
  0
POINT
  8
3
 10
412.890015
 20
388.122635
  0
POINT
  8
3
 10
413.150139
 20
398.435516
  0
POINT
  8
3
 10
413.420258
 20
408.437347
  0
POINT
  8
3
 10
413.698006
 20
418.575401
  0
POINT
  8
3
 10
413.981438
 20
428.881798
  0
POINT
  8
3
 10
413.981438
 20
449.563980
  0
POINT
  8
3
 10
413.698006
 20
459.870338
  0
POINT
  8
3
 10
413.420219
 20
470.008430
  0
POINT
  8
3
 10
413.150101
 20
480.010490
  0
POINT
  8
3
 10
412.890015
 20
490.323372
  0
POINT
  8
3
 10
412.668762
 20
500.502434
  0
POINT
  8
3
 10
412.495880
 20
510.817184
  0
POINT
  8
3
 10
412.381477
 20
521.132813
  0
POINT
  8
3
 10
412.330704
 20
531.227036
  0
POINT
  8
3
 10
412.345467
 20
541.543312
  0
POINT
  8
3
 10
412.430534
 20
551.859245
  0
POINT
  8
3
 10
412.479787
 20
555.092291
  0
POINT
  8
3
 10
412.584915
 20
561.993217
  0
POINT
  8
3
 10
412.815437
 20
572.306976
  0
POINT
  8
3
 10
413.117332
 20
582.618828
  0
POINT
  8
3
 10
413.485489
 20
592.887268
  0
POINT
  8
3
 10
413.906250
 20
602.993774
  0
POINT
  8
3
 10
414.233195
 20
610.094438
  0
POINT
  8
3
 10
414.372215
 20
613.113708
  0
POINT
  8
3
 10
414.871407
 20
623.132820
  0
POINT
  8
3
 10
415.250664
 20
630.541534
  0
POINT
  8
3
 10
609.034042
 20
637.519531
  0
POINT
  8
3
 10
609.649391
 20
631.548958
  0
POINT
  8
3
 10
610.179634
 20
621.577339
  0
POINT
  8
3
 10
610.674362
 20
611.560555
  0
POINT
  8
3
 10
611.131058
 20
601.509895
  0
POINT
  8
3
 10
611.550407
 20
591.213760
  0
POINT
  8
3
 10
611.899338
 20
581.207085
  0
POINT
  8
3
 10
612.184753
 20
571.166725
  0
POINT
  8
3
 10
612.402573
 20
561.124649
  0
POINT
  8
3
 10
612.553024
 20
550.828781
  0
POINT
  8
3
 10
612.629738
 20
540.784721
  0
POINT
  8
3
 10
612.639771
 20
530.740395
  0
POINT
  8
3
 10
612.584076
 20
520.484467
  0
POINT
  8
3
 10
612.469482
 20
510.440788
  0
POINT
  8
3
 10
612.300682
 20
500.397873
  0
POINT
  8
3
 10
612.077484
 20
490.099525
  0
POINT
  8
3
 10
611.824112
 20
480.058517
  0
POINT
  8
3
 10
611.551437
 20
470.017929
  0
POINT
  8
3
 10
611.270943
 20
459.847946
  0
POINT
  8
3
 10
610.993538
 20
449.758339
  0
POINT
  8
3
 10
610.993538
 20
428.687439
  0
POINT
  8
3
 10
611.270943
 20
418.597832
  0
POINT
  8
3
 10
611.551437
 20
408.428040
  0
POINT
  8
3
 10
611.824112
 20
398.387489
  0
POINT
  8
3
 10
612.077484
 20
388.346443
  0
POINT
  8
3
 10
612.300682
 20
378.047943
  0
POINT
  8
3
 10
612.469482
 20
368.005066
  0
POINT
  8
3
 10
612.584076
 20
357.961388
  0
POINT
  8
3
 10
612.639771
 20
347.705536
  0
POINT
  8
3
 10
612.629738
 20
337.661171
  0
POINT
  8
3
 10
612.553024
 20
327.617073
  0
POINT
  8
3
 10
612.402573
 20
317.321339
  0
POINT
  8
3
 10
612.184753
 20
307.279263
  0
POINT
  8
3
 10
611.899338
 20
297.238922
  0
POINT
  8
3
 10
611.550407
 20
287.232227
  0
POINT
  8
3
 10
611.131096
 20
276.936092
  0
POINT
  8
3
 10
610.674400
 20
266.885414
  0
POINT
  8
3
 10
610.179710
 20
256.868649
  0
POINT
  8
3
 10
609.649467
 20
246.896973
  0
POINT
  8
3
 10
609.034042
 20
240.926170
  0
POINT
  8
3
 10
412.479787
 20
555.092291
  0
TEXT
  8
3
 10
412.479787
 20
555.092291
 40
0.000000
 50
0.000000
  1
# 35
  0
POINT
  8
3
 10
414.233195
 20
610.094438
  0
TEXT
  8
3
 10
414.233195
 20
610.094438
 40
0.000000
 50
0.000000
  1
# 36
  0
POLYLINE
  8
14
  66
1
  70
1
  0
VERTEX
  8
14
  10
608.577805
  20
238.183746
  0
VERTEX
  8
14
  10
415.038376
  20
252.142792
  0
VERTEX
  8
14
  10
414.871460
  20
255.313049
  0
VERTEX
  8
14
  10
414.372261
  20
265.332224
  0
VERTEX
  8
14
  10
413.906280
  20
275.452165
  0
VERTEX
  8
14
  10
413.485525
  20
285.558699
  0
VERTEX
  8
14
  10
413.117368
  20
295.827123
  0
VERTEX
  8
14
  10
412.815483
  20
306.139009
  0
VERTEX
  8
14
  10
412.584946
  20
316.452744
  0
VERTEX
  8
14
  10
412.430540
  20
326.586698
  0
VERTEX
  8
14
  10
412.345495
  20
336.902632
  0
VERTEX
  8
14
  10
412.330706
  20
347.218908
  0
VERTEX
  8
14
  10
412.381510
  20
357.313061
  0
VERTEX
  8
14
  10
412.495912
  20
367.628678
  0
VERTEX
  8
14
  10
412.668780
  20
377.943437
  0
VERTEX
  8
14
  10
412.890025
  20
388.122652
  0
VERTEX
  8
14
  10
413.150123
  20
398.435517
  0
VERTEX
  8
14
  10
413.420242
  20
408.437330
  0
VERTEX
  8
14
  10
413.698018
  20
418.575418
  0
VERTEX
  8
14
  10
413.981429
  20
428.881797
  0
VERTEX
  8
14
  10
414.266701
  20
439.222908
  0
VERTEX
  8
14
  10
413.981429
  20
449.563983
  0
VERTEX
  8
14
  10
413.698015
  20
459.870338
  0
VERTEX
  8
14
  10
413.420235
  20
470.008417
  0
VERTEX
  8
14
  10
413.150101
  20
480.010501
  0
VERTEX
  8
14
  10
412.889998
  20
490.323364
  0
VERTEX
  8
14
  10
412.668754
  20
500.502415
  0
VERTEX
  8
14
  10
412.495890
  20
510.817169
  0
VERTEX
  8
14
  10
412.381495
  20
521.132797
  0
VERTEX
  8
14
  10
412.330693
  20
531.227018
  0
VERTEX
  8
14
  10
412.345479
  20
541.543304
  0
VERTEX
  8
14
  10
412.430516
  20
551.859238
  0
VERTEX
  8
14
  10
412.472030
  20
555.092409
  0
VERTEX
  8
14
  10
412.584915
  20
561.993236
  0
VERTEX
  8
14
  10
412.815448
  20
572.306965
  0
VERTEX
  8
14
  10
413.117331
  20
582.618846
  0
VERTEX
  8
14
  10
413.485484
  20
592.887257
  0
VERTEX
  8
14
  10
413.906235
  20
602.993789
  0
VERTEX
  8
14
  10
414.229054
  20
610.094628
  0
VERTEX
  8
14
  10
414.372206
  20
613.113701
  0
VERTEX
  8
14
  10
414.871393
  20
623.132826
  0
VERTEX
  8
14
  10
415.038261
  20
626.302071
  0
VERTEX
  8
14
  10
441.669693
  20
628.223000
  0
VERTEX
  8
14
  10
442.532959
  20
616.254730
  0
VERTEX
  8
14
  10
584.165001
  20
626.470642
  0
VERTEX
  8
14
  10
584.030126
  20
628.340533
  0
VERTEX
  8
14
  10
583.301735
  20
638.438911
  0
VERTEX
  8
14
  10
608.577805
  20
640.262070
  0
VERTEX
  8
14
  10
609.034052
  20
637.519531
  0
VERTEX
  8
14
  10
609.506569
  20
634.092484
  0
VERTEX
  8
14
  10
609.649409
  20
631.548962
  0
VERTEX
  8
14
  10
610.179651
  20
621.577322
  0
VERTEX
  8
14
  10
610.674349
  20
611.560562
  0
VERTEX
  8
14
  10
611.131054
  20
601.509884
  0
VERTEX
  8
14
  10
611.550389
  20
591.213747
  0
VERTEX
  8
14
  10
611.899322
  20
581.207077
  0
VERTEX
  8
14
  10
612.184754
  20
571.166719
  0
VERTEX
  8
14
  10
612.402560
  20
561.124649
  0
VERTEX
  8
14
  10
612.553039
  20
550.828779
  0
VERTEX
  8
14
  10
612.629724
  20
540.784720
  0
VERTEX
  8
14
  10
612.639753
  20
530.740377
  0
VERTEX
  8
14
  10
612.584087
  20
520.484462
  0
VERTEX
  8
14
  10
612.469492
  20
510.440783
  0
VERTEX
  8
14
  10
612.300663
  20
500.397882
  0
VERTEX
  8
14
  10
612.077503
  20
490.099541
  0
VERTEX
  8
14
  10
611.824099
  20
480.058507
  0
VERTEX
  8
14
  10
611.551448
  20
470.017947
  0
VERTEX
  8
14
  10
611.270948
  20
459.847943
  0
VERTEX
  8
14
  10
610.993553
  20
449.758355
  0
VERTEX
  8
14
  10
610.704727
  20
439.222908
  0
VERTEX
  8
14
  10
610.993555
  20
428.687435
  0
VERTEX
  8
14
  10
611.270950
  20
418.597837
  0
VERTEX
  8
14
  10
611.551445
  20
408.428051
  0
VERTEX
  8
14
  10
611.824096
  20
398.387486
  0
VERTEX
  8
14
  10
612.077500
  20
388.346451
  0
VERTEX
  8
14
  10
612.300665
  20
378.047951
  0
VERTEX
  8
14
  10
612.469493
  20
368.005064
  0
VERTEX
  8
14
  10
612.584088
  20
357.961388
  0
VERTEX
  8
14
  10
612.639753
  20
347.705531
  0
VERTEX
  8
14
  10
612.629724
  20
337.661161
  0
VERTEX
  8
14
  10
612.553040
  20
327.617074
  0
VERTEX
  8
14
  10
612.402567
  20
317.321336
  0
VERTEX
  8
14
  10
612.184768
  20
307.279265
  0
VERTEX
  8
14
  10
611.899343
  20
297.238918
  0
VERTEX
  8
14
  10
611.550417
  20
287.232222
  0
VERTEX
  8
14
  10
611.131087
  20
276.936096
  0
VERTEX
  8
14
  10
610.674387
  20
266.885423
  0
VERTEX
  8
14
  10
610.179692
  20
256.868654
  0
VERTEX
  8
14
  10
609.649451
  20
246.896973
  0
VERTEX
  8
14
  10
609.506607
  20
244.353371
  0
VERTEX
  8
14
  10
609.034052
  20
240.926173
  0
SEQEND
  8
14
  0
POINT
  8
2
 10
608.577805
 20
238.183746
  0
TEXT
  8
2
 10
608.577805
 20
238.183746
 40
0.000000
 50
0.000000
  1
# 37
  0
POINT
  8
2
 10
415.038376
 20
252.142792
  0
TEXT
  8
2
 10
415.038376
 20
252.142792
 40
0.000000
 50
0.000000
  1
# 38
  0
POINT
  8
2
 10
414.266701
 20
439.222908
  0
TEXT
  8
2
 10
414.266701
 20
439.222908
 40
0.000000
 50
0.000000
  1
# 39
  0
POINT
  8
2
 10
415.038261
 20
626.302071
  0
TEXT
  8
2
 10
415.038261
 20
626.302071
 40
0.000000
 50
0.000000
  1
# 40
  0
POINT
  8
2
 10
441.669693
 20
628.223000
  0
TEXT
  8
2
 10
441.669693
 20
628.223000
 40
0.000000
 50
0.000000
  1
# 41
  0
POINT
  8
2
 10
442.532959
 20
616.254730
  0
TEXT
  8
2
 10
442.532959
 20
616.254730
 40
0.000000
 50
0.000000
  1
# 42
  0
POINT
  8
2
 10
584.165001
 20
626.470642
  0
TEXT
  8
2
 10
584.165001
 20
626.470642
 40
0.000000
 50
0.000000
  1
# 43
  0
POINT
  8
2
 10
583.301735
 20
638.438911
  0
TEXT
  8
2
 10
583.301735
 20
638.438911
 40
0.000000
 50
0.000000
  1
# 44
  0
POINT
  8
2
 10
608.577805
 20
640.262070
  0
TEXT
  8
2
 10
608.577805
 20
640.262070
 40
0.000000
 50
0.000000
  1
# 45
  0
POINT
  8
2
 10
609.506569
 20
634.092484
  0
TEXT
  8
2
 10
609.506569
 20
634.092484
 40
0.000000
 50
0.000000
  1
# 46
  0
POINT
  8
2
 10
610.704727
 20
439.222908
  0
TEXT
  8
2
 10
610.704727
 20
439.222908
 40
0.000000
 50
0.000000
  1
# 47
  0
POINT
  8
2
 10
609.506607
 20
244.353371
  0
TEXT
  8
2
 10
609.506607
 20
244.353371
 40
0.000000
 50
0.000000
  1
# 48
  0
POINT
  8
3
 10
414.871460
 20
255.313049
  0
POINT
  8
3
 10
414.372261
 20
265.332224
  0
POINT
  8
3
 10
413.906280
 20
275.452165
  0
POINT
  8
3
 10
413.485525
 20
285.558699
  0
POINT
  8
3
 10
413.117368
 20
295.827123
  0
POINT
  8
3
 10
412.815483
 20
306.139009
  0
POINT
  8
3
 10
412.584946
 20
316.452744
  0
POINT
  8
3
 10
412.430540
 20
326.586698
  0
POINT
  8
3
 10
412.345495
 20
336.902632
  0
POINT
  8
3
 10
412.330706
 20
347.218908
  0
POINT
  8
3
 10
412.381510
 20
357.313061
  0
POINT
  8
3
 10
412.495912
 20
367.628678
  0
POINT
  8
3
 10
412.668780
 20
377.943437
  0
POINT
  8
3
 10
412.890025
 20
388.122652
  0
POINT
  8
3
 10
413.150123
 20
398.435517
  0
POINT
  8
3
 10
413.420242
 20
408.437330
  0
POINT
  8
3
 10
413.698018
 20
418.575418
  0
POINT
  8
3
 10
413.981429
 20
428.881797
  0
POINT
  8
3
 10
413.981429
 20
449.563983
  0
POINT
  8
3
 10
413.698015
 20
459.870338
  0
POINT
  8
3
 10
413.420235
 20
470.008417
  0
POINT
  8
3
 10
413.150101
 20
480.010501
  0
POINT
  8
3
 10
412.889998
 20
490.323364
  0
POINT
  8
3
 10
412.668754
 20
500.502415
  0
POINT
  8
3
 10
412.495890
 20
510.817169
  0
POINT
  8
3
 10
412.381495
 20
521.132797
  0
POINT
  8
3
 10
412.330693
 20
531.227018
  0
POINT
  8
3
 10
412.345479
 20
541.543304
  0
POINT
  8
3
 10
412.430516
 20
551.859238
  0
POINT
  8
3
 10
412.472030
 20
555.092409
  0
POINT
  8
3
 10
412.584915
 20
561.993236
  0
POINT
  8
3
 10
412.815448
 20
572.306965
  0
POINT
  8
3
 10
413.117331
 20
582.618846
  0
POINT
  8
3
 10
413.485484
 20
592.887257
  0
POINT
  8
3
 10
413.906235
 20
602.993789
  0
POINT
  8
3
 10
414.229054
 20
610.094628
  0
POINT
  8
3
 10
414.372206
 20
613.113701
  0
POINT
  8
3
 10
414.871393
 20
623.132826
  0
POINT
  8
3
 10
584.030126
 20
628.340533
  0
POINT
  8
3
 10
609.034052
 20
637.519531
  0
POINT
  8
3
 10
609.649409
 20
631.548962
  0
POINT
  8
3
 10
610.179651
 20
621.577322
  0
POINT
  8
3
 10
610.674349
 20
611.560562
  0
POINT
  8
3
 10
611.131054
 20
601.509884
  0
POINT
  8
3
 10
611.550389
 20
591.213747
  0
POINT
  8
3
 10
611.899322
 20
581.207077
  0
POINT
  8
3
 10
612.184754
 20
571.166719
  0
POINT
  8
3
 10
612.402560
 20
561.124649
  0
POINT
  8
3
 10
612.553039
 20
550.828779
  0
POINT
  8
3
 10
612.629724
 20
540.784720
  0
POINT
  8
3
 10
612.639753
 20
530.740377
  0
POINT
  8
3
 10
612.584087
 20
520.484462
  0
POINT
  8
3
 10
612.469492
 20
510.440783
  0
POINT
  8
3
 10
612.300663
 20
500.397882
  0
POINT
  8
3
 10
612.077503
 20
490.099541
  0
POINT
  8
3
 10
611.824099
 20
480.058507
  0
POINT
  8
3
 10
611.551448
 20
470.017947
  0
POINT
  8
3
 10
611.270948
 20
459.847943
  0
POINT
  8
3
 10
610.993553
 20
449.758355
  0
POINT
  8
3
 10
610.993555
 20
428.687435
  0
POINT
  8
3
 10
611.270950
 20
418.597837
  0
POINT
  8
3
 10
611.551445
 20
408.428051
  0
POINT
  8
3
 10
611.824096
 20
398.387486
  0
POINT
  8
3
 10
612.077500
 20
388.346451
  0
POINT
  8
3
 10
612.300665
 20
378.047951
  0
POINT
  8
3
 10
612.469493
 20
368.005064
  0
POINT
  8
3
 10
612.584088
 20
357.961388
  0
POINT
  8
3
 10
612.639753
 20
347.705531
  0
POINT
  8
3
 10
612.629724
 20
337.661161
  0
POINT
  8
3
 10
612.553040
 20
327.617074
  0
POINT
  8
3
 10
612.402567
 20
317.321336
  0
POINT
  8
3
 10
612.184768
 20
307.279265
  0
POINT
  8
3
 10
611.899343
 20
297.238918
  0
POINT
  8
3
 10
611.550417
 20
287.232222
  0
POINT
  8
3
 10
611.131087
 20
276.936096
  0
POINT
  8
3
 10
610.674387
 20
266.885423
  0
POINT
  8
3
 10
610.179692
 20
256.868654
  0
POINT
  8
3
 10
609.649451
 20
246.896973
  0
POINT
  8
3
 10
609.034052
 20
240.926173
  0
POINT
  8
3
 10
412.472030
 20
555.092409
  0
TEXT
  8
3
 10
412.472030
 20
555.092409
 40
0.000000
 50
0.000000
  1
# 49
  0
POINT
  8
3
 10
414.229054
 20
610.094628
  0
TEXT
  8
3
 10
414.229054
 20
610.094628
 40
0.000000
 50
0.000000
  1
# 50
  0
POLYLINE
  8
8
  66
1
  70
0
  0
VERTEX
  8
8
  10
414.266701
  20
439.222908
  0
VERTEX
  8
8
  10
610.704727
  20
439.222908
  0
SEQEND
  8
8
  0
POINT
  8
2
 10
414.266701
 20
439.222908
  0
TEXT
  8
2
 10
414.266701
 20
439.222908
 40
0.000000
 50
0.000000
  1
# 51
  0
POINT
  8
2
 10
610.704727
 20
439.222908
  0
TEXT
  8
2
 10
610.704727
 20
439.222908
 40
0.000000
 50
0.000000
  1
# 52
  0
POLYLINE
  8
8
  66
1
  70
0
  0
VERTEX
  8
8
  10
442.532959
  20
262.191086
  0
VERTEX
  8
8
  10
584.165001
  20
251.975174
  0
SEQEND
  8
8
  0
POINT
  8
2
 10
442.532959
 20
262.191086
  0
TEXT
  8
2
 10
442.532959
 20
262.191086
 40
0.000000
 50
0.000000
  1
# 53
  0
POINT
  8
2
 10
584.165001
 20
251.975174
  0
TEXT
  8
2
 10
584.165001
 20
251.975174
 40
0.000000
 50
0.000000
  1
# 54
  0
POLYLINE
  8
8
  66
1
  70
0
  0
VERTEX
  8
8
  10
441.669693
  20
250.222816
  0
VERTEX
  8
8
  10
442.532997
  20
262.191734
  0
SEQEND
  8
8
  0
POINT
  8
2
 10
441.669693
 20
250.222816
  0
TEXT
  8
2
 10
441.669693
 20
250.222816
 40
0.000000
 50
0.000000
  1
# 55
  0
POINT
  8
2
 10
442.532997
 20
262.191734
  0
TEXT
  8
2
 10
442.532997
 20
262.191734
 40
0.000000
 50
0.000000
  1
# 56
  0
POLYLINE
  8
8
  66
1
  70
0
  0
VERTEX
  8
8
  10
583.301735
  20
240.006905
  0
VERTEX
  8
8
  10
584.030129
  20
250.105319
  0
VERTEX
  8
8
  10
584.165001
  20
251.975174
  0
SEQEND
  8
8
  0
POINT
  8
2
 10
583.301735
 20
240.006905
  0
TEXT
  8
2
 10
583.301735
 20
240.006905
 40
0.000000
 50
0.000000
  1
# 57
  0
POINT
  8
2
 10
584.165001
 20
251.975174
  0
TEXT
  8
2
 10
584.165001
 20
251.975174
 40
0.000000
 50
0.000000
  1
# 58
  0
POINT
  8
3
 10
584.030129
 20
250.105319
  0
POLYLINE
  8
8
  66
1
  70
0
  0
VERTEX
  8
8
  10
412.673378
  20
566.350822
  0
VERTEX
  8
8
  10
612.271614
  20
566.350822
  0
SEQEND
  8
8
  0
POINT
  8
2
 10
412.673378
 20
566.350822
  0
TEXT
  8
2
 10
412.673378
 20
566.350822
 40
0.000000
 50
0.000000
  1
# 59
  0
POINT
  8
2
 10
612.271614
 20
566.350822
  0
TEXT
  8
2
 10
612.271614
 20
566.350822
 40
0.000000
 50
0.000000
  1
# 60
 0
LINE
 8
7
 10
498.676834
 20
363.107109
 11
498.676834
 21
474.801903
  0
TEXT
  8
1
 10
512.485232
 20
439.222908
 40
10.000000
 50
0.000000
  1
Piece Name: 26SMC-WP313M 展_后袋布_175/92
  0
TEXT
  8
1
 10
512.485232
 20
454.222908
 40
10.000000
 50
0.000000
  1
Size: 175/92
  0
TEXT
  8
1
 10
512.485232
 20
469.222908
 40
10.000000
 50
0.000000
  1
Annotation: 
  0
TEXT
  8
1
 10
512.485232
 20
484.222908
 40
10.000000
 50
0.000000
  1
Quantity: 1,1
  0
TEXT
  8
1
 10
512.485232
 20
499.222908
 40
10.000000
 50
0.000000
  1
Material: 里布
  0
TEXT
  8
1
 10
512.485232
 20
499.222908
 40
10.000000
 50
0.000000
  1
Category: 1
0
ENDBLK
0
BLOCK
  8
1
  2
26SMC-WP313M 展_右后_175/92
 70
0
 10
0.0
 20
0.0
  0
POLYLINE
  8
1
  66
1
  70
1
  0
VERTEX
  8
1
  10
-37.847114
  20
-1557.600098
  0
VERTEX
  8
1
  10
-37.845681
  20
-1556.747894
  0
VERTEX
  8
1
  10
-37.922242
  20
-1549.092102
  0
VERTEX
  8
1
  10
-38.090513
  20
-1541.440582
  0
VERTEX
  8
1
  10
-38.352759
  20
-1533.793640
  0
VERTEX
  8
1
  10
-38.707004
  20
-1526.187439
  0
VERTEX
  8
1
  10
-39.010086
  20
-1520.635986
  0
VERTEX
  8
1
  10
-39.019313
  20
-1520.467072
  0
VERTEX
  8
1
  10
-39.249973
  20
-1514.742737
  0
VERTEX
  8
1
  10
-39.617426
  20
-1507.137146
  0
VERTEX
  8
1
  10
-40.080309
  20
-1499.499664
  0
VERTEX
  8
1
  10
-40.637183
  20
-1491.866608
  0
VERTEX
  8
1
  10
-41.285758
  20
-1484.237976
  0
VERTEX
  8
1
  10
-42.023740
  20
-1476.613922
  0
VERTEX
  8
1
  10
-42.848830
  20
-1468.994751
  0
VERTEX
  8
1
  10
-43.758736
  20
-1461.380310
  0
VERTEX
  8
1
  10
-44.751158
  20
-1453.770905
  0
VERTEX
  8
1
  10
-45.983434
  20
-1445.080872
  0
VERTEX
  8
1
  10
-47.317028
  20
-1436.398010
  0
VERTEX
  8
1
  10
-48.748488
  20
-1427.722473
  0
VERTEX
  8
1
  10
-50.274358
  20
-1419.054413
  0
VERTEX
  8
1
  10
-51.891174
  20
-1410.394287
  0
VERTEX
  8
1
  10
-53.595462
  20
-1401.742401
  0
VERTEX
  8
1
  10
-55.383754
  20
-1393.098907
  0
VERTEX
  8
1
  10
-57.491655
  20
-1383.385315
  0
VERTEX
  8
1
  10
-59.696493
  20
-1373.683319
  0
VERTEX
  8
1
  10
-61.993289
  20
-1363.993073
  0
VERTEX
  8
1
  10
-64.377069
  20
-1354.315033
  0
VERTEX
  8
1
  10
-66.842837
  20
-1344.649811
  0
VERTEX
  8
1
  10
-69.385591
  20
-1334.997559
  0
VERTEX
  8
1
  10
-72.000318
  20
-1325.358887
  0
VERTEX
  8
1
  10
-74.682002
  20
-1315.733948
  0
VERTEX
  8
1
  10
-77.425618
  20
-1306.123505
  0
VERTEX
  8
1
  10
-80.226135
  20
-1296.527710
  0
VERTEX
  8
1
  10
-83.078527
  20
-1286.946869
  0
VERTEX
  8
1
  10
-85.977736
  20
-1277.381668
  0
VERTEX
  8
1
  10
-88.918715
  20
-1267.832336
  0
VERTEX
  8
1
  10
-91.896410
  20
-1258.299179
  0
VERTEX
  8
1
  10
-95.042868
  20
-1248.351059
  0
VERTEX
  8
1
  10
-98.155212
  20
-1238.604965
  0
VERTEX
  8
1
  10
-102.444115
  20
-1225.257034
  0
VERTEX
  8
1
  10
-108.521852
  20
-1206.310349
  0
VERTEX
  8
1
  10
-94.902220
  20
-1205.163651
  0
VERTEX
  8
1
  10
-83.662310
  20
-1204.216003
  0
VERTEX
  8
1
  10
-73.669915
  20
-1203.377304
  0
VERTEX
  8
1
  10
-67.011614
  20
-1202.755051
  0
VERTEX
  8
1
  10
-61.354365
  20
-1202.149811
  0
VERTEX
  8
1
  10
-56.703253
  20
-1201.579132
  0
VERTEX
  8
1
  10
-52.133670
  20
-1200.936508
  0
VERTEX
  8
1
  10
-48.110137
  20
-1200.288620
  0
VERTEX
  8
1
  10
-44.619389
  20
-1199.652176
  0
VERTEX
  8
1
  10
-41.222587
  20
-1198.955002
  0
VERTEX
  8
1
  10
-37.932653
  20
-1198.194122
  0
VERTEX
  8
1
  10
-35.151858
  20
-1197.474594
  0
VERTEX
  8
1
  10
-32.471473
  20
-1196.704178
  0
VERTEX
  8
1
  10
-29.899957
  20
-1195.882950
  0
VERTEX
  8
1
  10
-27.788572
  20
-1195.139084
  0
VERTEX
  8
1
  10
-25.767863
  20
-1194.359283
  0
VERTEX
  8
1
  10
-23.842120
  20
-1193.544998
  0
VERTEX
  8
1
  10
-22.015069
  20
-1192.697754
  0
VERTEX
  8
1
  10
-20.289638
  20
-1191.819611
  0
VERTEX
  8
1
  10
-18.667843
  20
-1190.912704
  0
VERTEX
  8
1
  10
-17.150556
  20
-1189.979172
  0
VERTEX
  8
1
  10
-15.965713
  20
-1189.182281
  0
VERTEX
  8
1
  10
-14.852194
  20
-1188.369064
  0
VERTEX
  8
1
  10
-13.808291
  20
-1187.539825
  0
VERTEX
  8
1
  10
-12.831628
  20
-1186.694260
  0
VERTEX
  8
1
  10
-11.919175
  20
-1185.831528
  0
VERTEX
  8
1
  10
-11.067390
  20
-1184.949646
  0
VERTEX
  8
1
  10
-10.272363
  20
-1184.045486
  0
VERTEX
  8
1
  10
-9.570376
  20
-1183.168716
  0
VERTEX
  8
1
  10
-8.820167
  20
-1182.141190
  0
VERTEX
  8
1
  10
-8.077126
  20
-1181.024628
  0
VERTEX
  8
1
  10
-7.343074
  20
-1179.817657
  0
VERTEX
  8
1
  10
-6.477112
  20
-1178.250122
  0
VERTEX
  8
1
  10
-5.630989
  20
-1176.554718
  0
VERTEX
  8
1
  10
-4.808153
  20
-1174.735641
  0
VERTEX
  8
1
  10
-4.011405
  20
-1172.798538
  0
VERTEX
  8
1
  10
-3.242739
  20
-1170.750122
  0
VERTEX
  8
1
  10
-2.382919
  20
-1168.229599
  0
VERTEX
  8
1
  10
-1.563165
  20
-1165.580444
  0
VERTEX
  8
1
  10
-0.673850
  20
-1162.411957
  0
VERTEX
  8
1
  10
0.168434
  20
-1159.111633
  0
VERTEX
  8
1
  10
1.164018
  20
-1154.829788
  0
VERTEX
  8
1
  10
2.294670
  20
-1149.508209
  0
VERTEX
  8
1
  10
4.292324
  20
-1139.406357
  0
VERTEX
  8
1
  10
6.332173
  20
-1129.198380
  0
VERTEX
  8
1
  10
34.320843
  20
-979.259109
  0
VERTEX
  8
1
  10
71.579990
  20
-980.725479
  0
VERTEX
  8
1
  10
114.517069
  20
-982.415314
  0
VERTEX
  8
1
  10
130.504656
  20
-983.044510
  0
VERTEX
  8
1
  10
129.639521
  20
-1005.026932
  0
VERTEX
  8
1
  10
251.545143
  20
-1009.824677
  0
VERTEX
  8
1
  10
252.410316
  20
-987.842255
  0
VERTEX
  8
1
  10
268.397903
  20
-988.471451
  0
VERTEX
  8
1
  10
312.531528
  20
-990.208435
  0
VERTEX
  8
1
  10
341.617737
  20
-991.353149
  0
VERTEX
  8
1
  10
341.724777
  20
-1008.593292
  0
VERTEX
  8
1
  10
341.815071
  20
-1021.220245
  0
VERTEX
  8
1
  10
341.855583
  20
-1031.637192
  0
VERTEX
  8
1
  10
341.849632
  20
-1041.828384
  0
VERTEX
  8
1
  10
341.785393
  20
-1051.960297
  0
VERTEX
  8
1
  10
341.659126
  20
-1062.064285
  0
VERTEX
  8
1
  10
341.472778
  20
-1072.165451
  0
VERTEX
  8
1
  10
341.224670
  20
-1082.380447
  0
VERTEX
  8
1
  10
340.917206
  20
-1092.483673
  0
VERTEX
  8
1
  10
340.542564
  20
-1102.590027
  0
VERTEX
  8
1
  10
340.094414
  20
-1112.715302
  0
VERTEX
  8
1
  10
339.570007
  20
-1122.823715
  0
VERTEX
  8
1
  10
338.965340
  20
-1132.930832
  0
VERTEX
  8
1
  10
338.276520
  20
-1143.045273
  0
VERTEX
  8
1
  10
337.506332
  20
-1153.137894
  0
VERTEX
  8
1
  10
336.663399
  20
-1163.215103
  0
VERTEX
  8
1
  10
335.757599
  20
-1173.277206
  0
VERTEX
  8
1
  10
334.795723
  20
-1183.353577
  0
VERTEX
  8
1
  10
333.791733
  20
-1193.388901
  0
VERTEX
  8
1
  10
332.751198
  20
-1203.412323
  0
VERTEX
  8
1
  10
331.676941
  20
-1213.475418
  0
VERTEX
  8
1
  10
330.588226
  20
-1223.476944
  0
VERTEX
  8
1
  10
329.488258
  20
-1233.468628
  0
VERTEX
  8
1
  10
328.372650
  20
-1243.567200
  0
VERTEX
  8
1
  10
327.271729
  20
-1253.547974
  0
VERTEX
  8
1
  10
326.174660
  20
-1263.527451
  0
VERTEX
  8
1
  10
325.083122
  20
-1273.505783
  0
VERTEX
  8
1
  10
323.991508
  20
-1283.552246
  0
VERTEX
  8
1
  10
322.916565
  20
-1293.528748
  0
VERTEX
  8
1
  10
321.852531
  20
-1303.504639
  0
VERTEX
  8
1
  10
320.794678
  20
-1313.542633
  0
VERTEX
  8
1
  10
319.757957
  20
-1323.517761
  0
VERTEX
  8
1
  10
318.737526
  20
-1333.492737
  0
VERTEX
  8
1
  10
317.729549
  20
-1343.524628
  0
VERTEX
  8
1
  10
316.747189
  20
-1353.499756
  0
VERTEX
  8
1
  10
315.786476
  20
-1363.475342
  0
VERTEX
  8
1
  10
314.844589
  20
-1373.500824
  0
VERTEX
  8
1
  10
313.932648
  20
-1383.477325
  0
VERTEX
  8
1
  10
313.047733
  20
-1393.454437
  0
VERTEX
  8
1
  10
312.191696
  20
-1403.432312
  0
VERTEX
  8
1
  10
311.362915
  20
-1413.453217
  0
VERTEX
  8
1
  10
310.570087
  20
-1423.432770
  0
VERTEX
  8
1
  10
309.811249
  20
-1433.413391
  0
VERTEX
  8
1
  10
309.085503
  20
-1443.431396
  0
VERTEX
  8
1
  10
308.400135
  20
-1453.413391
  0
VERTEX
  8
1
  10
307.754822
  20
-1463.395538
  0
VERTEX
  8
1
  10
307.149868
  20
-1473.412476
  0
VERTEX
  8
1
  10
306.590996
  20
-1483.397217
  0
VERTEX
  8
1
  10
306.075554
  20
-1493.384857
  0
VERTEX
  8
1
  10
305.602894
  20
-1503.375397
  0
VERTEX
  8
1
  10
305.171089
  20
-1513.317719
  0
VERTEX
  8
1
  10
304.966125
  20
-1518.278046
  0
VERTEX
  8
1
  10
304.964523
  20
-1518.379669
  0
VERTEX
  8
1
  10
304.888191
  20
-1523.241882
  0
VERTEX
  8
1
  10
304.752922
  20
-1533.192596
  0
VERTEX
  8
1
  10
304.655704
  20
-1543.193817
  0
VERTEX
  8
1
  10
304.601345
  20
-1553.194733
  0
VERTEX
  8
1
  10
304.598999
  20
-1555.372314
  0
VERTEX
  8
1
  10
290.324230
  20
-1554.840698
  0
VERTEX
  8
1
  10
280.636845
  20
-1554.490662
  0
VERTEX
  8
1
  10
270.543613
  20
-1554.153900
  0
VERTEX
  8
1
  10
260.575943
  20
-1553.845215
  0
VERTEX
  8
1
  10
250.131989
  20
-1553.545227
  0
VERTEX
  8
1
  10
239.630966
  20
-1553.267670
  0
VERTEX
  8
1
  10
229.406872
  20
-1553.020325
  0
VERTEX
  8
1
  10
218.619804
  20
-1552.784576
  0
VERTEX
  8
1
  10
208.496227
  20
-1552.587738
  0
VERTEX
  8
1
  10
198.039837
  20
-1552.409973
  0
VERTEX
  8
1
  10
187.309170
  20
-1552.256012
  0
VERTEX
  8
1
  10
176.362915
  20
-1552.130737
  0
VERTEX
  8
1
  10
165.259972
  20
-1552.038574
  0
VERTEX
  8
1
  10
155.306921
  20
-1551.988068
  0
VERTEX
  8
1
  10
144.069519
  20
-1551.971130
  0
VERTEX
  8
1
  10
135.775785
  20
-1551.987610
  0
VERTEX
  8
1
  10
132.947855
  20
-1551.992950
  0
VERTEX
  8
1
  10
130.129251
  20
-1551.984253
  0
VERTEX
  8
1
  10
121.863499
  20
-1551.958160
  0
VERTEX
  8
1
  10
110.718708
  20
-1551.987762
  0
VERTEX
  8
1
  10
100.841179
  20
-1552.072144
  0
VERTEX
  8
1
  10
91.035166
  20
-1552.205658
  0
VERTEX
  8
1
  10
80.141373
  20
-1552.408142
  0
VERTEX
  8
1
  10
69.451113
  20
-1552.658386
  0
VERTEX
  8
1
  10
59.023747
  20
-1552.949066
  0
VERTEX
  8
1
  10
48.918352
  20
-1553.272247
  0
VERTEX
  8
1
  10
38.139350
  20
-1553.660126
  0
VERTEX
  8
1
  10
27.911034
  20
-1554.068146
  0
VERTEX
  8
1
  10
17.391716
  20
-1554.527588
  0
VERTEX
  8
1
  10
6.912047
  20
-1555.025024
  0
VERTEX
  8
1
  10
-3.112327
  20
-1555.538788
  0
VERTEX
  8
1
  10
-13.300329
  20
-1556.101532
  0
VERTEX
  8
1
  10
-22.869954
  20
-1556.673584
  0
SEQEND
  8
1
  0
POINT
  8
2
 10
-37.847114
 20
-1557.600098
  0
TEXT
  8
2
 10
-37.847114
 20
-1557.600098
 40
0.000000
 50
0.000000
  1
# 61
  0
POINT
  8
2
 10
-39.019313
 20
-1520.467072
  0
TEXT
  8
2
 10
-39.019313
 20
-1520.467072
 40
0.000000
 50
0.000000
  1
# 62
  0
POINT
  8
2
 10
-108.521852
 20
-1206.310349
  0
TEXT
  8
2
 10
-108.521852
 20
-1206.310349
 40
0.000000
 50
0.000000
  1
# 63
  0
POINT
  8
2
 10
6.332173
 20
-1129.198380
  0
TEXT
  8
2
 10
6.332173
 20
-1129.198380
 40
0.000000
 50
0.000000
  1
# 64
  0
POINT
  8
2
 10
34.320843
 20
-979.259109
  0
TEXT
  8
2
 10
34.320843
 20
-979.259109
 40
0.000000
 50
0.000000
  1
# 65
  0
POINT
  8
2
 10
130.504656
 20
-983.044510
  0
TEXT
  8
2
 10
130.504656
 20
-983.044510
 40
0.000000
 50
0.000000
  1
# 66
  0
POINT
  8
2
 10
129.639521
 20
-1005.026932
  0
TEXT
  8
2
 10
129.639521
 20
-1005.026932
 40
0.000000
 50
0.000000
  1
# 67
  0
POINT
  8
2
 10
251.545143
 20
-1009.824677
  0
TEXT
  8
2
 10
251.545143
 20
-1009.824677
 40
0.000000
 50
0.000000
  1
# 68
  0
POINT
  8
2
 10
252.410316
 20
-987.842255
  0
TEXT
  8
2
 10
252.410316
 20
-987.842255
 40
0.000000
 50
0.000000
  1
# 69
  0
POINT
  8
2
 10
341.617737
 20
-991.353149
  0
TEXT
  8
2
 10
341.617737
 20
-991.353149
 40
0.000000
 50
0.000000
  1
# 70
  0
POINT
  8
2
 10
304.966125
 20
-1518.278046
  0
TEXT
  8
2
 10
304.966125
 20
-1518.278046
 40
0.000000
 50
0.000000
  1
# 71
  0
POINT
  8
2
 10
304.598999
 20
-1555.372314
  0
TEXT
  8
2
 10
304.598999
 20
-1555.372314
 40
0.000000
 50
0.000000
  1
# 72
  0
POINT
  8
2
 10
132.947855
 20
-1551.992950
  0
TEXT
  8
2
 10
132.947855
 20
-1551.992950
 40
0.000000
 50
0.000000
  1
# 73
  0
POINT
  8
3
 10
-37.845681
 20
-1556.747894
  0
POINT
  8
3
 10
-37.922242
 20
-1549.092102
  0
POINT
  8
3
 10
-38.090513
 20
-1541.440582
  0
POINT
  8
3
 10
-38.352759
 20
-1533.793640
  0
POINT
  8
3
 10
-38.707004
 20
-1526.187439
  0
POINT
  8
3
 10
-39.010086
 20
-1520.635986
  0
POINT
  8
3
 10
-39.249973
 20
-1514.742737
  0
POINT
  8
3
 10
-39.617426
 20
-1507.137146
  0
POINT
  8
3
 10
-40.080309
 20
-1499.499664
  0
POINT
  8
3
 10
-40.637183
 20
-1491.866608
  0
POINT
  8
3
 10
-41.285758
 20
-1484.237976
  0
POINT
  8
3
 10
-42.023740
 20
-1476.613922
  0
POINT
  8
3
 10
-42.848830
 20
-1468.994751
  0
POINT
  8
3
 10
-43.758736
 20
-1461.380310
  0
POINT
  8
3
 10
-44.751158
 20
-1453.770905
  0
POINT
  8
3
 10
-45.983434
 20
-1445.080872
  0
POINT
  8
3
 10
-47.317028
 20
-1436.398010
  0
POINT
  8
3
 10
-48.748488
 20
-1427.722473
  0
POINT
  8
3
 10
-50.274358
 20
-1419.054413
  0
POINT
  8
3
 10
-51.891174
 20
-1410.394287
  0
POINT
  8
3
 10
-53.595462
 20
-1401.742401
  0
POINT
  8
3
 10
-55.383754
 20
-1393.098907
  0
POINT
  8
3
 10
-57.491655
 20
-1383.385315
  0
POINT
  8
3
 10
-59.696493
 20
-1373.683319
  0
POINT
  8
3
 10
-61.993289
 20
-1363.993073
  0
POINT
  8
3
 10
-64.377069
 20
-1354.315033
  0
POINT
  8
3
 10
-66.842837
 20
-1344.649811
  0
POINT
  8
3
 10
-69.385591
 20
-1334.997559
  0
POINT
  8
3
 10
-72.000318
 20
-1325.358887
  0
POINT
  8
3
 10
-74.682002
 20
-1315.733948
  0
POINT
  8
3
 10
-77.425618
 20
-1306.123505
  0
POINT
  8
3
 10
-80.226135
 20
-1296.527710
  0
POINT
  8
3
 10
-83.078527
 20
-1286.946869
  0
POINT
  8
3
 10
-85.977736
 20
-1277.381668
  0
POINT
  8
3
 10
-88.918715
 20
-1267.832336
  0
POINT
  8
3
 10
-91.896410
 20
-1258.299179
  0
POINT
  8
3
 10
-95.042868
 20
-1248.351059
  0
POINT
  8
3
 10
-98.155212
 20
-1238.604965
  0
POINT
  8
3
 10
-102.444115
 20
-1225.257034
  0
POINT
  8
3
 10
-94.902220
 20
-1205.163651
  0
POINT
  8
3
 10
-83.662310
 20
-1204.216003
  0
POINT
  8
3
 10
-73.669915
 20
-1203.377304
  0
POINT
  8
3
 10
-67.011614
 20
-1202.755051
  0
POINT
  8
3
 10
-61.354365
 20
-1202.149811
  0
POINT
  8
3
 10
-56.703253
 20
-1201.579132
  0
POINT
  8
3
 10
-52.133670
 20
-1200.936508
  0
POINT
  8
3
 10
-48.110137
 20
-1200.288620
  0
POINT
  8
3
 10
-44.619389
 20
-1199.652176
  0
POINT
  8
3
 10
-41.222587
 20
-1198.955002
  0
POINT
  8
3
 10
-37.932653
 20
-1198.194122
  0
POINT
  8
3
 10
-35.151858
 20
-1197.474594
  0
POINT
  8
3
 10
-32.471473
 20
-1196.704178
  0
POINT
  8
3
 10
-29.899957
 20
-1195.882950
  0
POINT
  8
3
 10
-27.788572
 20
-1195.139084
  0
POINT
  8
3
 10
-25.767863
 20
-1194.359283
  0
POINT
  8
3
 10
-23.842120
 20
-1193.544998
  0
POINT
  8
3
 10
-22.015069
 20
-1192.697754
  0
POINT
  8
3
 10
-20.289638
 20
-1191.819611
  0
POINT
  8
3
 10
-18.667843
 20
-1190.912704
  0
POINT
  8
3
 10
-17.150556
 20
-1189.979172
  0
POINT
  8
3
 10
-15.965713
 20
-1189.182281
  0
POINT
  8
3
 10
-14.852194
 20
-1188.369064
  0
POINT
  8
3
 10
-13.808291
 20
-1187.539825
  0
POINT
  8
3
 10
-12.831628
 20
-1186.694260
  0
POINT
  8
3
 10
-11.919175
 20
-1185.831528
  0
POINT
  8
3
 10
-11.067390
 20
-1184.949646
  0
POINT
  8
3
 10
-10.272363
 20
-1184.045486
  0
POINT
  8
3
 10
-9.570376
 20
-1183.168716
  0
POINT
  8
3
 10
-8.820167
 20
-1182.141190
  0
POINT
  8
3
 10
-8.077126
 20
-1181.024628
  0
POINT
  8
3
 10
-7.343074
 20
-1179.817657
  0
POINT
  8
3
 10
-6.477112
 20
-1178.250122
  0
POINT
  8
3
 10
-5.630989
 20
-1176.554718
  0
POINT
  8
3
 10
-4.808153
 20
-1174.735641
  0
POINT
  8
3
 10
-4.011405
 20
-1172.798538
  0
POINT
  8
3
 10
-3.242739
 20
-1170.750122
  0
POINT
  8
3
 10
-2.382919
 20
-1168.229599
  0
POINT
  8
3
 10
-1.563165
 20
-1165.580444
  0
POINT
  8
3
 10
-0.673850
 20
-1162.411957
  0
POINT
  8
3
 10
0.168434
 20
-1159.111633
  0
POINT
  8
3
 10
1.164018
 20
-1154.829788
  0
POINT
  8
3
 10
2.294670
 20
-1149.508209
  0
POINT
  8
3
 10
4.292324
 20
-1139.406357
  0
POINT
  8
3
 10
71.579990
 20
-980.725479
  0
POINT
  8
3
 10
114.517069
 20
-982.415314
  0
POINT
  8
3
 10
268.397903
 20
-988.471451
  0
POINT
  8
3
 10
312.531528
 20
-990.208435
  0
POINT
  8
3
 10
341.724777
 20
-1008.593292
  0
POINT
  8
3
 10
341.815071
 20
-1021.220245
  0
POINT
  8
3
 10
341.855583
 20
-1031.637192
  0
POINT
  8
3
 10
341.849632
 20
-1041.828384
  0
POINT
  8
3
 10
341.785393
 20
-1051.960297
  0
POINT
  8
3
 10
341.659126
 20
-1062.064285
  0
POINT
  8
3
 10
341.472778
 20
-1072.165451
  0
POINT
  8
3
 10
341.224670
 20
-1082.380447
  0
POINT
  8
3
 10
340.917206
 20
-1092.483673
  0
POINT
  8
3
 10
340.542564
 20
-1102.590027
  0
POINT
  8
3
 10
340.094414
 20
-1112.715302
  0
POINT
  8
3
 10
339.570007
 20
-1122.823715
  0
POINT
  8
3
 10
338.965340
 20
-1132.930832
  0
POINT
  8
3
 10
338.276520
 20
-1143.045273
  0
POINT
  8
3
 10
337.506332
 20
-1153.137894
  0
POINT
  8
3
 10
336.663399
 20
-1163.215103
  0
POINT
  8
3
 10
335.757599
 20
-1173.277206
  0
POINT
  8
3
 10
334.795723
 20
-1183.353577
  0
POINT
  8
3
 10
333.791733
 20
-1193.388901
  0
POINT
  8
3
 10
332.751198
 20
-1203.412323
  0
POINT
  8
3
 10
331.676941
 20
-1213.475418
  0
POINT
  8
3
 10
330.588226
 20
-1223.476944
  0
POINT
  8
3
 10
329.488258
 20
-1233.468628
  0
POINT
  8
3
 10
328.372650
 20
-1243.567200
  0
POINT
  8
3
 10
327.271729
 20
-1253.547974
  0
POINT
  8
3
 10
326.174660
 20
-1263.527451
  0
POINT
  8
3
 10
325.083122
 20
-1273.505783
  0
POINT
  8
3
 10
323.991508
 20
-1283.552246
  0
POINT
  8
3
 10
322.916565
 20
-1293.528748
  0
POINT
  8
3
 10
321.852531
 20
-1303.504639
  0
POINT
  8
3
 10
320.794678
 20
-1313.542633
  0
POINT
  8
3
 10
319.757957
 20
-1323.517761
  0
POINT
  8
3
 10
318.737526
 20
-1333.492737
  0
POINT
  8
3
 10
317.729549
 20
-1343.524628
  0
POINT
  8
3
 10
316.747189
 20
-1353.499756
  0
POINT
  8
3
 10
315.786476
 20
-1363.475342
  0
POINT
  8
3
 10
314.844589
 20
-1373.500824
  0
POINT
  8
3
 10
313.932648
 20
-1383.477325
  0
POINT
  8
3
 10
313.047733
 20
-1393.454437
  0
POINT
  8
3
 10
312.191696
 20
-1403.432312
  0
POINT
  8
3
 10
311.362915
 20
-1413.453217
  0
POINT
  8
3
 10
310.570087
 20
-1423.432770
  0
POINT
  8
3
 10
309.811249
 20
-1433.413391
  0
POINT
  8
3
 10
309.085503
 20
-1443.431396
  0
POINT
  8
3
 10
308.400135
 20
-1453.413391
  0
POINT
  8
3
 10
307.754822
 20
-1463.395538
  0
POINT
  8
3
 10
307.149868
 20
-1473.412476
  0
POINT
  8
3
 10
306.590996
 20
-1483.397217
  0
POINT
  8
3
 10
306.075554
 20
-1493.384857
  0
POINT
  8
3
 10
305.602894
 20
-1503.375397
  0
POINT
  8
3
 10
305.171089
 20
-1513.317719
  0
POINT
  8
3
 10
304.964523
 20
-1518.379669
  0
POINT
  8
3
 10
304.888191
 20
-1523.241882
  0
POINT
  8
3
 10
304.752922
 20
-1533.192596
  0
POINT
  8
3
 10
304.655704
 20
-1543.193817
  0
POINT
  8
3
 10
304.601345
 20
-1553.194733
  0
POINT
  8
3
 10
290.324230
 20
-1554.840698
  0
POINT
  8
3
 10
280.636845
 20
-1554.490662
  0
POINT
  8
3
 10
270.543613
 20
-1554.153900
  0
POINT
  8
3
 10
260.575943
 20
-1553.845215
  0
POINT
  8
3
 10
250.131989
 20
-1553.545227
  0
POINT
  8
3
 10
239.630966
 20
-1553.267670
  0
POINT
  8
3
 10
229.406872
 20
-1553.020325
  0
POINT
  8
3
 10
218.619804
 20
-1552.784576
  0
POINT
  8
3
 10
208.496227
 20
-1552.587738
  0
POINT
  8
3
 10
198.039837
 20
-1552.409973
  0
POINT
  8
3
 10
187.309170
 20
-1552.256012
  0
POINT
  8
3
 10
176.362915
 20
-1552.130737
  0
POINT
  8
3
 10
165.259972
 20
-1552.038574
  0
POINT
  8
3
 10
155.306921
 20
-1551.988068
  0
POINT
  8
3
 10
144.069519
 20
-1551.971130
  0
POINT
  8
3
 10
135.775785
 20
-1551.987610
  0
POINT
  8
3
 10
130.129251
 20
-1551.984253
  0
POINT
  8
3
 10
121.863499
 20
-1551.958160
  0
POINT
  8
3
 10
110.718708
 20
-1551.987762
  0
POINT
  8
3
 10
100.841179
 20
-1552.072144
  0
POINT
  8
3
 10
91.035166
 20
-1552.205658
  0
POINT
  8
3
 10
80.141373
 20
-1552.408142
  0
POINT
  8
3
 10
69.451113
 20
-1552.658386
  0
POINT
  8
3
 10
59.023747
 20
-1552.949066
  0
POINT
  8
3
 10
48.918352
 20
-1553.272247
  0
POINT
  8
3
 10
38.139350
 20
-1553.660126
  0
POINT
  8
3
 10
27.911034
 20
-1554.068146
  0
POINT
  8
3
 10
17.391716
 20
-1554.527588
  0
POINT
  8
3
 10
6.912047
 20
-1555.025024
  0
POINT
  8
3
 10
-3.112327
 20
-1555.538788
  0
POINT
  8
3
 10
-13.300329
 20
-1556.101532
  0
POINT
  8
3
 10
-22.869954
 20
-1556.673584
  0
POINT
  8
4
 10
-39.010086
 20
-1520.635986
 30
0.400000
 50
  3.68
  0
TEXT
  8
4
 10
-39.010086
 20
-1520.635986
 40
0.000000
 50
0.000000
  1
# 74
  0
POINT
  8
4
 10
71.579990
 20
-980.725479
 30
0.400000
 50
267.75
  0
TEXT
  8
4
 10
71.579990
 20
-980.725479
 40
0.000000
 50
0.000000
  1
# 75
  0
POINT
  8
4
 10
114.517069
 20
-982.415314
 30
0.400000
 50
267.75
  0
TEXT
  8
4
 10
114.517069
 20
-982.415314
 40
0.000000
 50
0.000000
  1
# 76
  0
POINT
  8
4
 10
268.397903
 20
-988.471451
 30
0.400000
 50
267.75
  0
TEXT
  8
4
 10
268.397903
 20
-988.471451
 40
0.000000
 50
0.000000
  1
# 77
  0
POINT
  8
4
 10
312.531528
 20
-990.208435
 30
0.400000
 50
267.75
  0
TEXT
  8
4
 10
312.531528
 20
-990.208435
 40
0.000000
 50
0.000000
  1
# 78
  0
POINT
  8
4
 10
304.964523
 20
-1518.379669
 30
0.400000
 50
177.78
  0
TEXT
  8
4
 10
304.964523
 20
-1518.379669
 40
0.000000
 50
0.000000
  1
# 79
  0
POLYLINE
  8
14
  66
1
  70
1
  0
VERTEX
  8
14
  10
-29.030621
  20
-1519.993134
  0
VERTEX
  8
14
  10
-29.030621
  20
-1519.993134
  0
VERTEX
  8
14
  10
-29.259269
  20
-1514.311658
  0
VERTEX
  8
14
  10
-29.632157
  20
-1506.594496
  0
VERTEX
  8
14
  10
-30.102565
  20
-1498.832908
  0
VERTEX
  8
14
  10
-30.668270
  20
-1491.078757
  0
VERTEX
  8
14
  10
-31.326866
  20
-1483.332208
  0
VERTEX
  8
14
  10
-32.075951
  20
-1475.593430
  0
VERTEX
  8
14
  10
-32.913121
  20
-1467.862589
  0
VERTEX
  8
14
  10
-33.835969
  20
-1460.139872
  0
VERTEX
  8
14
  10
-34.842096
  20
-1452.425407
  0
VERTEX
  8
14
  10
-36.090844
  20
-1443.619219
  0
VERTEX
  8
14
  10
-37.441634
  20
-1434.824302
  0
VERTEX
  8
14
  10
-38.890877
  20
-1426.040906
  0
VERTEX
  8
14
  10
-40.434986
  20
-1417.269281
  0
VERTEX
  8
14
  10
-42.070373
  20
-1408.509675
  0
VERTEX
  8
14
  10
-43.793449
  20
-1399.762339
  0
VERTEX
  8
14
  10
-45.600626
  20
-1391.027521
  0
VERTEX
  8
14
  10
-47.729760
  20
-1381.216126
  0
VERTEX
  8
14
  10
-49.955683
  20
-1371.421245
  0
VERTEX
  8
14
  10
-52.273286
  20
-1361.643244
  0
VERTEX
  8
14
  10
-54.677462
  20
-1351.882459
  0
VERTEX
  8
14
  10
-57.163102
  20
-1342.139254
  0
VERTEX
  8
14
  10
-59.725096
  20
-1332.413985
  0
VERTEX
  8
14
  10
-62.358335
  20
-1322.707007
  0
VERTEX
  8
14
  10
-65.057711
  20
-1313.018675
  0
VERTEX
  8
14
  10
-67.818114
  20
-1303.349344
  0
VERTEX
  8
14
  10
-70.634432
  20
-1293.699378
  0
VERTEX
  8
14
  10
-73.501564
  20
-1284.069110
  0
VERTEX
  8
14
  10
-76.414393
  20
-1274.458918
  0
VERTEX
  8
14
  10
-79.367815
  20
-1264.869144
  0
VERTEX
  8
14
  10
-82.356719
  20
-1255.300146
  0
VERTEX
  8
14
  10
-85.513164
  20
-1245.320384
  0
VERTEX
  8
14
  10
-88.632494
  20
-1235.552467
  0
VERTEX
  8
14
  10
-92.030649
  20
-1224.993210
  0
VERTEX
  8
14
  10
-82.024980
  20
-1224.148888
  0
VERTEX
  8
14
  10
-71.914746
  20
-1223.300172
  0
VERTEX
  8
14
  10
-65.024257
  20
-1222.656065
  0
VERTEX
  8
14
  10
-59.071157
  20
-1222.019063
  0
VERTEX
  8
14
  10
-54.103457
  20
-1221.409422
  0
VERTEX
  8
14
  10
-49.150884
  20
-1220.712840
  0
VERTEX
  8
14
  10
-44.722972
  20
-1219.999725
  0
VERTEX
  8
14
  10
-40.822652
  20
-1219.288517
  0
VERTEX
  8
14
  10
-36.966493
  20
-1218.496882
  0
VERTEX
  8
14
  10
-33.164688
  20
-1217.617473
  0
VERTEX
  8
14
  10
-29.890743
  20
-1216.770218
  0
VERTEX
  8
14
  10
-26.673075
  20
-1215.845217
  0
VERTEX
  8
14
  10
-23.518547
  20
-1214.837555
  0
VERTEX
  8
14
  10
-20.870090
  20
-1213.904319
  0
VERTEX
  8
14
  10
-18.277361
  20
-1212.903642
  0
VERTEX
  8
14
  10
-15.744650
  20
-1211.832418
  0
VERTEX
  8
14
  10
-13.276285
  20
-1210.687556
  0
VERTEX
  8
14
  10
-10.876558
  20
-1209.465950
  0
VERTEX
  8
14
  10
-8.549795
  20
-1208.164510
  0
VERTEX
  8
14
  10
-6.300297
  20
-1206.780135
  0
VERTEX
  8
14
  10
-4.487839
  20
-1205.560894
  0
VERTEX
  8
14
  10
-2.734532
  20
-1204.280120
  0
VERTEX
  8
14
  10
-1.042854
  20
-1202.936008
  0
VERTEX
  8
14
  10
0.584687
  20
-1201.526777
  0
VERTEX
  8
14
  10
2.145606
  20
-1200.050625
  0
VERTEX
  8
14
  10
3.637404
  20
-1198.505765
  0
VERTEX
  8
14
  10
5.057592
  20
-1196.890398
  0
VERTEX
  8
14
  10
6.308713
  20
-1195.328273
  0
VERTEX
  8
14
  10
7.588240
  20
-1193.576432
  0
VERTEX
  8
14
  10
8.798399
  20
-1191.758545
  0
VERTEX
  8
14
  10
9.942220
  20
-1189.878440
  0
VERTEX
  8
14
  10
11.231511
  20
-1187.545566
  0
VERTEX
  8
14
  10
12.434883
  20
-1185.135214
  0
VERTEX
  8
14
  10
13.557575
  20
-1182.653996
  0
VERTEX
  8
14
  10
14.604825
  20
-1180.108522
  0
VERTEX
  8
14
  10
15.581872
  20
-1177.505405
  0
VERTEX
  8
14
  10
16.640021
  20
-1174.404400
  0
VERTEX
  8
14
  10
17.618067
  20
-1171.244432
  0
VERTEX
  8
14
  10
18.648419
  20
-1167.574308
  0
VERTEX
  8
14
  10
19.597431
  20
-1163.856553
  0
VERTEX
  8
14
  10
20.688227
  20
-1159.166259
  0
VERTEX
  8
14
  10
21.889182
  20
-1153.515083
  0
VERTEX
  8
14
  10
23.917968
  20
-1143.257834
  0
VERTEX
  8
14
  10
25.969293
  20
-1132.993088
  0
VERTEX
  8
14
  10
50.808945
  20
-999.923477
  0
VERTEX
  8
14
  10
70.793471
  20
-1000.709991
  0
VERTEX
  8
14
  10
113.730545
  20
-1002.399826
  0
VERTEX
  8
14
  10
119.725885
  20
-1002.635803
  0
VERTEX
  8
14
  10
119.254007
  20
-1014.625931
  0
VERTEX
  8
14
  10
261.144142
  20
-1020.210190
  0
VERTEX
  8
14
  10
261.217869
  20
-1018.336853
  0
VERTEX
  8
14
  10
261.616039
  20
-1008.220062
  0
VERTEX
  8
14
  10
267.611389
  20
-1008.456039
  0
VERTEX
  8
14
  10
311.745014
  20
-1010.192947
  0
VERTEX
  8
14
  10
331.733475
  20
-1010.979309
  0
VERTEX
  8
14
  10
331.815253
  20
-1021.278981
  0
VERTEX
  8
14
  10
331.855617
  20
-1031.655249
  0
VERTEX
  8
14
  10
331.849687
  20
-1041.795989
  0
VERTEX
  8
14
  10
331.785822
  20
-1051.865802
  0
VERTEX
  8
14
  10
331.660346
  20
-1061.909243
  0
VERTEX
  8
14
  10
331.475076
  20
-1071.951858
  0
VERTEX
  8
14
  10
331.228375
  20
-1082.107637
  0
VERTEX
  8
14
  10
330.922877
  20
-1092.147263
  0
VERTEX
  8
14
  10
330.550770
  20
-1102.184598
  0
VERTEX
  8
14
  10
330.105920
  20
-1112.235663
  0
VERTEX
  8
14
  10
329.585530
  20
-1122.266597
  0
VERTEX
  8
14
  10
328.985702
  20
-1132.293051
  0
VERTEX
  8
14
  10
328.302572
  20
-1142.323927
  0
VERTEX
  8
14
  10
327.538307
  20
-1152.339043
  0
VERTEX
  8
14
  10
326.701037
  20
-1162.348406
  0
VERTEX
  8
14
  10
325.800456
  20
-1172.352308
  0
VERTEX
  8
14
  10
324.843290
  20
-1182.379276
  0
VERTEX
  8
14
  10
323.843403
  20
-1192.373537
  0
VERTEX
  8
14
  10
322.806316
  20
-1202.363999
  0
VERTEX
  8
14
  10
321.734698
  20
-1212.402176
  0
VERTEX
  8
14
  10
320.647775
  20
-1222.387288
  0
VERTEX
  8
14
  10
319.548671
  20
-1232.371074
  0
VERTEX
  8
14
  10
318.433064
  20
-1242.469565
  0
VERTEX
  8
14
  10
317.331850
  20
-1252.453127
  0
VERTEX
  8
14
  10
316.234266
  20
-1262.437107
  0
VERTEX
  8
14
  10
315.142078
  20
-1272.421660
  0
VERTEX
  8
14
  10
314.049565
  20
-1282.476170
  0
VERTEX
  8
14
  10
312.973554
  20
-1292.462479
  0
VERTEX
  8
14
  10
311.908293
  20
-1302.449961
  0
VERTEX
  8
14
  10
310.849010
  20
-1312.501476
  0
VERTEX
  8
14
  10
309.810724
  20
-1322.491768
  0
VERTEX
  8
14
  10
308.788571
  20
-1332.483773
  0
VERTEX
  8
14
  10
307.778695
  20
-1342.534413
  0
VERTEX
  8
14
  10
306.794316
  20
-1352.530156
  0
VERTEX
  8
14
  10
305.831456
  20
-1362.527988
  0
VERTEX
  8
14
  10
304.887292
  20
-1372.577765
  0
VERTEX
  8
14
  10
303.972972
  20
-1382.580179
  0
VERTEX
  8
14
  10
303.085601
  20
-1392.585066
  0
VERTEX
  8
14
  10
302.227029
  20
-1402.592429
  0
VERTEX
  8
14
  10
301.395642
  20
-1412.644853
  0
VERTEX
  8
14
  10
300.600180
  20
-1422.657445
  0
VERTEX
  8
14
  10
299.838717
  20
-1432.672683
  0
VERTEX
  8
14
  10
299.110320
  20
-1442.727343
  0
VERTEX
  8
14
  10
298.422310
  20
-1452.747923
  0
VERTEX
  8
14
  10
297.774331
  20
-1462.771169
  0
VERTEX
  8
14
  10
297.166760
  20
-1472.831653
  0
VERTEX
  8
14
  10
296.605416
  20
-1482.860155
  0
VERTEX
  8
14
  10
296.087759
  20
-1492.891006
  0
VERTEX
  8
14
  10
295.613084
  20
-1502.923937
  0
VERTEX
  8
14
  10
295.179895
  20
-1512.898163
  0
VERTEX
  8
14
  10
294.969368
  20
-1517.993011
  0
VERTEX
  8
14
  10
294.969368
  20
-1517.993011
  0
VERTEX
  8
14
  10
291.724218
  20
-1517.867123
  0
VERTEX
  8
14
  10
281.918202
  20
-1517.512829
  0
VERTEX
  8
14
  10
271.731575
  20
-1517.173032
  0
VERTEX
  8
14
  10
261.680253
  20
-1516.861637
  0
VERTEX
  8
14
  10
251.151983
  20
-1516.559321
  0
VERTEX
  8
14
  10
240.566827
  20
-1516.279447
  0
VERTEX
  8
14
  10
230.259829
  20
-1516.030183
  0
VERTEX
  8
14
  10
219.382987
  20
-1515.792507
  0
VERTEX
  8
14
  10
209.171965
  20
-1515.593838
  0
VERTEX
  8
14
  10
198.621062
  20
-1515.414483
  0
VERTEX
  8
14
  10
187.787922
  20
-1515.259145
  0
VERTEX
  8
14
  10
176.730192
  20
-1515.132526
  0
VERTEX
  8
14
  10
165.505509
  20
-1515.039330
  0
VERTEX
  8
14
  10
155.434459
  20
-1514.988349
  0
VERTEX
  8
14
  10
144.051702
  20
-1514.971116
  0
VERTEX
  8
14
  10
132.969370
  20
-1514.993134
  0
VERTEX
  8
14
  10
121.887720
  20
-1514.958230
  0
VERTEX
  8
14
  10
110.501859
  20
-1514.988457
  0
VERTEX
  8
14
  10
100.428633
  20
-1515.074478
  0
VERTEX
  8
14
  10
90.442277
  20
-1515.210456
  0
VERTEX
  8
14
  10
79.361815
  20
-1515.416320
  0
VERTEX
  8
14
  10
68.500064
  20
-1515.670661
  0
VERTEX
  8
14
  10
57.914609
  20
-1515.965671
  0
VERTEX
  8
14
  10
47.663023
  20
-1516.293540
  0
VERTEX
  8
14
  10
36.733981
  20
-1516.686879
  0
VERTEX
  8
14
  10
26.367215
  20
-1517.100431
  0
VERTEX
  8
14
  10
15.707463
  20
-1517.565900
  0
VERTEX
  8
14
  10
5.087105
  20
-1518.070041
  0
VERTEX
  8
14
  10
-5.076742
  20
-1518.591015
  0
VERTEX
  8
14
  10
-15.420361
  20
-1519.162301
  0
VERTEX
  8
14
  10
-25.179477
  20
-1519.745732
  0
SEQEND
  8
14
  0
POINT
  8
2
 10
-29.030621
 20
-1519.993134
  0
TEXT
  8
2
 10
-29.030621
 20
-1519.993134
 40
0.000000
 50
0.000000
  1
# 80
  0
POINT
  8
2
 10
-92.030649
 20
-1224.993210
  0
TEXT
  8
2
 10
-92.030649
 20
-1224.993210
 40
0.000000
 50
0.000000
  1
# 81
  0
POINT
  8
2
 10
25.969293
 20
-1132.993088
  0
TEXT
  8
2
 10
25.969293
 20
-1132.993088
 40
0.000000
 50
0.000000
  1
# 82
  0
POINT
  8
2
 10
50.808945
 20
-999.923477
  0
TEXT
  8
2
 10
50.808945
 20
-999.923477
 40
0.000000
 50
0.000000
  1
# 83
  0
POINT
  8
2
 10
119.725885
 20
-1002.635803
  0
TEXT
  8
2
 10
119.725885
 20
-1002.635803
 40
0.000000
 50
0.000000
  1
# 84
  0
POINT
  8
2
 10
119.254007
 20
-1014.625931
  0
TEXT
  8
2
 10
119.254007
 20
-1014.625931
 40
0.000000
 50
0.000000
  1
# 85
  0
POINT
  8
2
 10
261.144142
 20
-1020.210190
  0
TEXT
  8
2
 10
261.144142
 20
-1020.210190
 40
0.000000
 50
0.000000
  1
# 86
  0
POINT
  8
2
 10
261.616039
 20
-1008.220062
  0
TEXT
  8
2
 10
261.616039
 20
-1008.220062
 40
0.000000
 50
0.000000
  1
# 87
  0
POINT
  8
2
 10
331.733475
 20
-1010.979309
  0
TEXT
  8
2
 10
331.733475
 20
-1010.979309
 40
0.000000
 50
0.000000
  1
# 88
  0
POINT
  8
2
 10
294.969368
 20
-1517.993011
  0
TEXT
  8
2
 10
294.969368
 20
-1517.993011
 40
0.000000
 50
0.000000
  1
# 89
  0
POINT
  8
2
 10
132.969370
 20
-1514.993134
  0
TEXT
  8
2
 10
132.969370
 20
-1514.993134
 40
0.000000
 50
0.000000
  1
# 90
  0
POINT
  8
3
 10
-29.030621
 20
-1519.993134
  0
POINT
  8
3
 10
-29.259269
 20
-1514.311658
  0
POINT
  8
3
 10
-29.632157
 20
-1506.594496
  0
POINT
  8
3
 10
-30.102565
 20
-1498.832908
  0
POINT
  8
3
 10
-30.668270
 20
-1491.078757
  0
POINT
  8
3
 10
-31.326866
 20
-1483.332208
  0
POINT
  8
3
 10
-32.075951
 20
-1475.593430
  0
POINT
  8
3
 10
-32.913121
 20
-1467.862589
  0
POINT
  8
3
 10
-33.835969
 20
-1460.139872
  0
POINT
  8
3
 10
-34.842096
 20
-1452.425407
  0
POINT
  8
3
 10
-36.090844
 20
-1443.619219
  0
POINT
  8
3
 10
-37.441634
 20
-1434.824302
  0
POINT
  8
3
 10
-38.890877
 20
-1426.040906
  0
POINT
  8
3
 10
-40.434986
 20
-1417.269281
  0
POINT
  8
3
 10
-42.070373
 20
-1408.509675
  0
POINT
  8
3
 10
-43.793449
 20
-1399.762339
  0
POINT
  8
3
 10
-45.600626
 20
-1391.027521
  0
POINT
  8
3
 10
-47.729760
 20
-1381.216126
  0
POINT
  8
3
 10
-49.955683
 20
-1371.421245
  0
POINT
  8
3
 10
-52.273286
 20
-1361.643244
  0
POINT
  8
3
 10
-54.677462
 20
-1351.882459
  0
POINT
  8
3
 10
-57.163102
 20
-1342.139254
  0
POINT
  8
3
 10
-59.725096
 20
-1332.413985
  0
POINT
  8
3
 10
-62.358335
 20
-1322.707007
  0
POINT
  8
3
 10
-65.057711
 20
-1313.018675
  0
POINT
  8
3
 10
-67.818114
 20
-1303.349344
  0
POINT
  8
3
 10
-70.634432
 20
-1293.699378
  0
POINT
  8
3
 10
-73.501564
 20
-1284.069110
  0
POINT
  8
3
 10
-76.414393
 20
-1274.458918
  0
POINT
  8
3
 10
-79.367815
 20
-1264.869144
  0
POINT
  8
3
 10
-82.356719
 20
-1255.300146
  0
POINT
  8
3
 10
-85.513164
 20
-1245.320384
  0
POINT
  8
3
 10
-88.632494
 20
-1235.552467
  0
POINT
  8
3
 10
-82.024980
 20
-1224.148888
  0
POINT
  8
3
 10
-71.914746
 20
-1223.300172
  0
POINT
  8
3
 10
-65.024257
 20
-1222.656065
  0
POINT
  8
3
 10
-59.071157
 20
-1222.019063
  0
POINT
  8
3
 10
-54.103457
 20
-1221.409422
  0
POINT
  8
3
 10
-49.150884
 20
-1220.712840
  0
POINT
  8
3
 10
-44.722972
 20
-1219.999725
  0
POINT
  8
3
 10
-40.822652
 20
-1219.288517
  0
POINT
  8
3
 10
-36.966493
 20
-1218.496882
  0
POINT
  8
3
 10
-33.164688
 20
-1217.617473
  0
POINT
  8
3
 10
-29.890743
 20
-1216.770218
  0
POINT
  8
3
 10
-26.673075
 20
-1215.845217
  0
POINT
  8
3
 10
-23.518547
 20
-1214.837555
  0
POINT
  8
3
 10
-20.870090
 20
-1213.904319
  0
POINT
  8
3
 10
-18.277361
 20
-1212.903642
  0
POINT
  8
3
 10
-15.744650
 20
-1211.832418
  0
POINT
  8
3
 10
-13.276285
 20
-1210.687556
  0
POINT
  8
3
 10
-10.876558
 20
-1209.465950
  0
POINT
  8
3
 10
-8.549795
 20
-1208.164510
  0
POINT
  8
3
 10
-6.300297
 20
-1206.780135
  0
POINT
  8
3
 10
-4.487839
 20
-1205.560894
  0
POINT
  8
3
 10
-2.734532
 20
-1204.280120
  0
POINT
  8
3
 10
-1.042854
 20
-1202.936008
  0
POINT
  8
3
 10
0.584687
 20
-1201.526777
  0
POINT
  8
3
 10
2.145606
 20
-1200.050625
  0
POINT
  8
3
 10
3.637404
 20
-1198.505765
  0
POINT
  8
3
 10
5.057592
 20
-1196.890398
  0
POINT
  8
3
 10
6.308713
 20
-1195.328273
  0
POINT
  8
3
 10
7.588240
 20
-1193.576432
  0
POINT
  8
3
 10
8.798399
 20
-1191.758545
  0
POINT
  8
3
 10
9.942220
 20
-1189.878440
  0
POINT
  8
3
 10
11.231511
 20
-1187.545566
  0
POINT
  8
3
 10
12.434883
 20
-1185.135214
  0
POINT
  8
3
 10
13.557575
 20
-1182.653996
  0
POINT
  8
3
 10
14.604825
 20
-1180.108522
  0
POINT
  8
3
 10
15.581872
 20
-1177.505405
  0
POINT
  8
3
 10
16.640021
 20
-1174.404400
  0
POINT
  8
3
 10
17.618067
 20
-1171.244432
  0
POINT
  8
3
 10
18.648419
 20
-1167.574308
  0
POINT
  8
3
 10
19.597431
 20
-1163.856553
  0
POINT
  8
3
 10
20.688227
 20
-1159.166259
  0
POINT
  8
3
 10
21.889182
 20
-1153.515083
  0
POINT
  8
3
 10
23.917968
 20
-1143.257834
  0
POINT
  8
3
 10
70.793471
 20
-1000.709991
  0
POINT
  8
3
 10
113.730545
 20
-1002.399826
  0
POINT
  8
3
 10
261.217869
 20
-1018.336853
  0
POINT
  8
3
 10
267.611389
 20
-1008.456039
  0
POINT
  8
3
 10
311.745014
 20
-1010.192947
  0
POINT
  8
3
 10
331.815253
 20
-1021.278981
  0
POINT
  8
3
 10
331.855617
 20
-1031.655249
  0
POINT
  8
3
 10
331.849687
 20
-1041.795989
  0
POINT
  8
3
 10
331.785822
 20
-1051.865802
  0
POINT
  8
3
 10
331.660346
 20
-1061.909243
  0
POINT
  8
3
 10
331.475076
 20
-1071.951858
  0
POINT
  8
3
 10
331.228375
 20
-1082.107637
  0
POINT
  8
3
 10
330.922877
 20
-1092.147263
  0
POINT
  8
3
 10
330.550770
 20
-1102.184598
  0
POINT
  8
3
 10
330.105920
 20
-1112.235663
  0
POINT
  8
3
 10
329.585530
 20
-1122.266597
  0
POINT
  8
3
 10
328.985702
 20
-1132.293051
  0
POINT
  8
3
 10
328.302572
 20
-1142.323927
  0
POINT
  8
3
 10
327.538307
 20
-1152.339043
  0
POINT
  8
3
 10
326.701037
 20
-1162.348406
  0
POINT
  8
3
 10
325.800456
 20
-1172.352308
  0
POINT
  8
3
 10
324.843290
 20
-1182.379276
  0
POINT
  8
3
 10
323.843403
 20
-1192.373537
  0
POINT
  8
3
 10
322.806316
 20
-1202.363999
  0
POINT
  8
3
 10
321.734698
 20
-1212.402176
  0
POINT
  8
3
 10
320.647775
 20
-1222.387288
  0
POINT
  8
3
 10
319.548671
 20
-1232.371074
  0
POINT
  8
3
 10
318.433064
 20
-1242.469565
  0
POINT
  8
3
 10
317.331850
 20
-1252.453127
  0
POINT
  8
3
 10
316.234266
 20
-1262.437107
  0
POINT
  8
3
 10
315.142078
 20
-1272.421660
  0
POINT
  8
3
 10
314.049565
 20
-1282.476170
  0
POINT
  8
3
 10
312.973554
 20
-1292.462479
  0
POINT
  8
3
 10
311.908293
 20
-1302.449961
  0
POINT
  8
3
 10
310.849010
 20
-1312.501476
  0
POINT
  8
3
 10
309.810724
 20
-1322.491768
  0
POINT
  8
3
 10
308.788571
 20
-1332.483773
  0
POINT
  8
3
 10
307.778695
 20
-1342.534413
  0
POINT
  8
3
 10
306.794316
 20
-1352.530156
  0
POINT
  8
3
 10
305.831456
 20
-1362.527988
  0
POINT
  8
3
 10
304.887292
 20
-1372.577765
  0
POINT
  8
3
 10
303.972972
 20
-1382.580179
  0
POINT
  8
3
 10
303.085601
 20
-1392.585066
  0
POINT
  8
3
 10
302.227029
 20
-1402.592429
  0
POINT
  8
3
 10
301.395642
 20
-1412.644853
  0
POINT
  8
3
 10
300.600180
 20
-1422.657445
  0
POINT
  8
3
 10
299.838717
 20
-1432.672683
  0
POINT
  8
3
 10
299.110320
 20
-1442.727343
  0
POINT
  8
3
 10
298.422310
 20
-1452.747923
  0
POINT
  8
3
 10
297.774331
 20
-1462.771169
  0
POINT
  8
3
 10
297.166760
 20
-1472.831653
  0
POINT
  8
3
 10
296.605416
 20
-1482.860155
  0
POINT
  8
3
 10
296.087759
 20
-1492.891006
  0
POINT
  8
3
 10
295.613084
 20
-1502.923937
  0
POINT
  8
3
 10
295.179895
 20
-1512.898163
  0
POINT
  8
3
 10
294.969368
 20
-1517.993011
  0
POINT
  8
3
 10
291.724218
 20
-1517.867123
  0
POINT
  8
3
 10
281.918202
 20
-1517.512829
  0
POINT
  8
3
 10
271.731575
 20
-1517.173032
  0
POINT
  8
3
 10
261.680253
 20
-1516.861637
  0
POINT
  8
3
 10
251.151983
 20
-1516.559321
  0
POINT
  8
3
 10
240.566827
 20
-1516.279447
  0
POINT
  8
3
 10
230.259829
 20
-1516.030183
  0
POINT
  8
3
 10
219.382987
 20
-1515.792507
  0
POINT
  8
3
 10
209.171965
 20
-1515.593838
  0
POINT
  8
3
 10
198.621062
 20
-1515.414483
  0
POINT
  8
3
 10
187.787922
 20
-1515.259145
  0
POINT
  8
3
 10
176.730192
 20
-1515.132526
  0
POINT
  8
3
 10
165.505509
 20
-1515.039330
  0
POINT
  8
3
 10
155.434459
 20
-1514.988349
  0
POINT
  8
3
 10
144.051702
 20
-1514.971116
  0
POINT
  8
3
 10
121.887720
 20
-1514.958230
  0
POINT
  8
3
 10
110.501859
 20
-1514.988457
  0
POINT
  8
3
 10
100.428633
 20
-1515.074478
  0
POINT
  8
3
 10
90.442277
 20
-1515.210456
  0
POINT
  8
3
 10
79.361815
 20
-1515.416320
  0
POINT
  8
3
 10
68.500064
 20
-1515.670661
  0
POINT
  8
3
 10
57.914609
 20
-1515.965671
  0
POINT
  8
3
 10
47.663023
 20
-1516.293540
  0
POINT
  8
3
 10
36.733981
 20
-1516.686879
  0
POINT
  8
3
 10
26.367215
 20
-1517.100431
  0
POINT
  8
3
 10
15.707463
 20
-1517.565900
  0
POINT
  8
3
 10
5.087105
 20
-1518.070041
  0
POINT
  8
3
 10
-5.076742
 20
-1518.591015
  0
POINT
  8
3
 10
-15.420361
 20
-1519.162301
  0
POINT
  8
3
 10
-25.179477
 20
-1519.745732
  0
POINT
  8
4
 10
-29.030621
 20
-1519.993134
 30
0.400000
 50
  3.68
  0
TEXT
  8
4
 10
-29.030621
 20
-1519.993134
 40
0.000000
 50
0.000000
  1
# 91
  0
POINT
  8
4
 10
70.793471
 20
-1000.709991
 30
0.400000
 50
267.75
  0
TEXT
  8
4
 10
70.793471
 20
-1000.709991
 40
0.000000
 50
0.000000
  1
# 92
  0
POINT
  8
4
 10
113.730545
 20
-1002.399826
 30
0.400000
 50
267.75
  0
TEXT
  8
4
 10
113.730545
 20
-1002.399826
 40
0.000000
 50
0.000000
  1
# 93
  0
POINT
  8
4
 10
267.611389
 20
-1008.456039
 30
0.400000
 50
267.75
  0
TEXT
  8
4
 10
267.611389
 20
-1008.456039
 40
0.000000
 50
0.000000
  1
# 94
  0
POINT
  8
4
 10
311.745014
 20
-1010.192947
 30
0.400000
 50
267.75
  0
TEXT
  8
4
 10
311.745014
 20
-1010.192947
 40
0.000000
 50
0.000000
  1
# 95
  0
POINT
  8
4
 10
294.969368
 20
-1517.993011
 30
0.400000
 50
177.78
  0
TEXT
  8
4
 10
294.969368
 20
-1517.993011
 40
0.000000
 50
0.000000
  1
# 96
  0
POLYLINE
  8
8
  66
1
  70
0
  0
VERTEX
  8
8
  10
132.969370
  20
-1237.993164
  0
VERTEX
  8
8
  10
132.969370
  20
-1514.993134
  0
SEQEND
  8
8
  0
POINT
  8
2
 10
132.969370
 20
-1237.993164
  0
TEXT
  8
2
 10
132.969370
 20
-1237.993164
 40
0.000000
 50
0.000000
  1
# 97
  0
POINT
  8
2
 10
132.969370
 20
-1514.993134
  0
TEXT
  8
2
 10
132.969370
 20
-1514.993134
 40
0.000000
 50
0.000000
  1
# 98
  0
POLYLINE
  8
8
  66
1
  70
0
  0
VERTEX
  8
8
  10
-84.030676
  20
-1249.993210
  0
VERTEX
  8
8
  10
318.927422
  20
-1237.994308
  0
SEQEND
  8
8
  0
POINT
  8
2
 10
-84.030676
 20
-1249.993210
  0
TEXT
  8
2
 10
-84.030676
 20
-1249.993210
 40
0.000000
 50
0.000000
  1
# 99
  0
POINT
  8
2
 10
318.927422
 20
-1237.994308
  0
TEXT
  8
2
 10
318.927422
 20
-1237.994308
 40
0.000000
 50
0.000000
  1
# 100
  0
POLYLINE
  8
8
  66
1
  70
0
  0
VERTEX
  8
8
  10
25.969293
  20
-1132.993088
  0
VERTEX
  8
8
  10
328.969269
  20
-1132.993011
  0
SEQEND
  8
8
  0
POINT
  8
2
 10
25.969293
 20
-1132.993088
  0
TEXT
  8
2
 10
25.969293
 20
-1132.993088
 40
0.000000
 50
0.000000
  1
# 101
  0
POINT
  8
2
 10
328.969269
 20
-1132.993011
  0
TEXT
  8
2
 10
328.969269
 20
-1132.993011
 40
0.000000
 50
0.000000
  1
# 102
  0
POLYLINE
  8
8
  66
1
  70
0
  0
VERTEX
  8
8
  10
248.264999
  20
-1067.741089
  0
VERTEX
  8
8
  10
128.357849
  20
-1063.022003
  0
SEQEND
  8
8
  0
POINT
  8
2
 10
248.264999
 20
-1067.741089
  0
TEXT
  8
2
 10
248.264999
 20
-1067.741089
 40
0.000000
 50
0.000000
  1
# 103
  0
POINT
  8
2
 10
128.357849
 20
-1063.022003
  0
TEXT
  8
2
 10
128.357849
 20
-1063.022003
 40
0.000000
 50
0.000000
  1
# 104
  0
POLYLINE
  8
8
  66
1
  70
0
  0
VERTEX
  8
8
  10
263.843288
  20
-1053.342590
  0
VERTEX
  8
8
  10
248.264999
  20
-1067.741089
  0
SEQEND
  8
8
  0
POINT
  8
2
 10
263.843288
 20
-1053.342590
  0
TEXT
  8
2
 10
263.843288
 20
-1053.342590
 40
0.000000
 50
0.000000
  1
# 105
  0
POINT
  8
2
 10
248.264999
 20
-1067.741089
  0
TEXT
  8
2
 10
248.264999
 20
-1067.741089
 40
0.000000
 50
0.000000
  1
# 106
  0
POLYLINE
  8
8
  66
1
  70
0
  0
VERTEX
  8
8
  10
267.611389
  20
-1008.456039
  0
VERTEX
  8
8
  10
263.843288
  20
-1053.342590
  0
SEQEND
  8
8
  0
POINT
  8
2
 10
267.611389
 20
-1008.456039
  0
TEXT
  8
2
 10
267.611389
 20
-1008.456039
 40
0.000000
 50
0.000000
  1
# 107
  0
POINT
  8
2
 10
263.843288
 20
-1053.342590
  0
TEXT
  8
2
 10
263.843288
 20
-1053.342590
 40
0.000000
 50
0.000000
  1
# 108
  0
POLYLINE
  8
8
  66
1
  70
0
  0
VERTEX
  8
8
  10
113.959341
  20
-1047.443695
  0
VERTEX
  8
8
  10
113.730545
  20
-1002.399902
  0
SEQEND
  8
8
  0
POINT
  8
2
 10
113.959341
 20
-1047.443695
  0
TEXT
  8
2
 10
113.959341
 20
-1047.443695
 40
0.000000
 50
0.000000
  1
# 109
  0
POINT
  8
2
 10
113.730545
 20
-1002.399902
  0
TEXT
  8
2
 10
113.730545
 20
-1002.399902
 40
0.000000
 50
0.000000
  1
# 110
  0
POLYLINE
  8
8
  66
1
  70
0
  0
VERTEX
  8
8
  10
113.959341
  20
-1047.443695
  0
VERTEX
  8
8
  10
128.357849
  20
-1063.022003
  0
SEQEND
  8
8
  0
POINT
  8
2
 10
113.959341
 20
-1047.443695
  0
TEXT
  8
2
 10
113.959341
 20
-1047.443695
 40
0.000000
 50
0.000000
  1
# 111
  0
POINT
  8
2
 10
128.357849
 20
-1063.022003
  0
TEXT
  8
2
 10
128.357849
 20
-1063.022003
 40
0.000000
 50
0.000000
  1
# 112
  0
POLYLINE
  8
8
  66
1
  70
0
  0
VERTEX
  8
8
  10
190.670967
  20
-1005.427933
  0
VERTEX
  8
8
  10
188.311424
  20
-1065.381546
  0
SEQEND
  8
8
  0
POINT
  8
2
 10
190.670967
 20
-1005.427933
  0
TEXT
  8
2
 10
190.670967
 20
-1005.427933
 40
0.000000
 50
0.000000
  1
# 113
  0
POINT
  8
2
 10
188.311424
 20
-1065.381546
  0
TEXT
  8
2
 10
188.311424
 20
-1065.381546
 40
0.000000
 50
0.000000
  1
# 114
  0
POLYLINE
  8
8
  66
1
  70
0
  0
VERTEX
  8
8
  10
249.266624
  20
-1053.198166
  0
VERTEX
  8
8
  10
239.085331
  20
-1042.182617
  0
SEQEND
  8
8
  0
POINT
  8
2
 10
249.266624
 20
-1053.198166
  0
TEXT
  8
2
 10
249.266624
 20
-1053.198166
 40
0.000000
 50
0.000000
  1
# 115
  0
POINT
  8
2
 10
239.085331
 20
-1042.182617
  0
TEXT
  8
2
 10
239.085331
 20
-1042.182617
 40
0.000000
 50
0.000000
  1
# 116
  0
POLYLINE
  8
8
  66
1
  70
0
  0
VERTEX
  8
8
  10
128.502264
  20
-1048.445282
  0
VERTEX
  8
8
  10
139.517775
  20
-1038.264008
  0
SEQEND
  8
8
  0
POINT
  8
2
 10
128.502264
 20
-1048.445282
  0
TEXT
  8
2
 10
128.502264
 20
-1048.445282
 40
0.000000
 50
0.000000
  1
# 117
  0
POINT
  8
2
 10
139.517775
 20
-1038.264008
  0
TEXT
  8
2
 10
139.517775
 20
-1038.264008
 40
0.000000
 50
0.000000
  1
# 118
 0
LINE
 8
7
 10
201.165924
 20
-1340.860901
 11
201.165924
 21
-1231.302109
  0
TEXT
  8
1
 10
116.666865
 20
-1268.429604
 40
10.000000
 50
0.000000
  1
Piece Name: 26SMC-WP313M 展_右后_175/92
  0
TEXT
  8
1
 10
116.666865
 20
-1253.429604
 40
10.000000
 50
0.000000
  1
Size: 175/92
  0
TEXT
  8
1
 10
116.666865
 20
-1238.429604
 40
10.000000
 50
0.000000
  1
Annotation: 
  0
TEXT
  8
1
 10
116.666865
 20
-1223.429604
 40
10.000000
 50
0.000000
  1
Quantity: 1
  0
TEXT
  8
1
 10
116.666865
 20
-1208.429604
 40
10.000000
 50
0.000000
  1
Material: 面
  0
TEXT
  8
1
 10
116.666865
 20
-1208.429604
 40
10.000000
 50
0.000000
  1
Category: 2
0
ENDBLK
0
BLOCK
  8
1
  2
26SMC-WP313M 展_左后_175/92
 70
0
 10
0.0
 20
0.0
  0
POLYLINE
  8
1
  66
1
  70
1
  0
VERTEX
  8
1
  10
-393.466873
  20
-1536.687775
  0
VERTEX
  8
1
  10
-396.294785
  20
-1536.682434
  0
VERTEX
  8
1
  10
-404.588509
  20
-1536.665955
  0
VERTEX
  8
1
  10
-415.825920
  20
-1536.682892
  0
VERTEX
  8
1
  10
-425.778961
  20
-1536.733398
  0
VERTEX
  8
1
  10
-436.881905
  20
-1536.825562
  0
VERTEX
  8
1
  10
-447.828178
  20
-1536.950836
  0
VERTEX
  8
1
  10
-458.558846
  20
-1537.104797
  0
VERTEX
  8
1
  10
-469.015236
  20
-1537.282562
  0
VERTEX
  8
1
  10
-479.138832
  20
-1537.479401
  0
VERTEX
  8
1
  10
-489.925880
  20
-1537.715149
  0
VERTEX
  8
1
  10
-500.149994
  20
-1537.962494
  0
VERTEX
  8
1
  10
-510.651016
  20
-1538.240051
  0
VERTEX
  8
1
  10
-521.094933
  20
-1538.540039
  0
VERTEX
  8
1
  10
-531.062622
  20
-1538.848724
  0
VERTEX
  8
1
  10
-541.155853
  20
-1539.185486
  0
VERTEX
  8
1
  10
-550.843239
  20
-1539.535522
  0
VERTEX
  8
1
  10
-565.117989
  20
-1540.067139
  0
VERTEX
  8
1
  10
-565.120354
  20
-1537.889404
  0
VERTEX
  8
1
  10
-565.174713
  20
-1527.888489
  0
VERTEX
  8
1
  10
-565.271950
  20
-1517.887268
  0
VERTEX
  8
1
  10
-565.407219
  20
-1507.936707
  0
VERTEX
  8
1
  10
-565.483551
  20
-1503.074493
  0
VERTEX
  8
1
  10
-565.485153
  20
-1502.972870
  0
VERTEX
  8
1
  10
-565.690117
  20
-1498.012543
  0
VERTEX
  8
1
  10
-566.121902
  20
-1488.070374
  0
VERTEX
  8
1
  10
-566.594543
  20
-1478.079834
  0
VERTEX
  8
1
  10
-567.109985
  20
-1468.092041
  0
VERTEX
  8
1
  10
-567.668877
  20
-1458.107452
  0
VERTEX
  8
1
  10
-568.273811
  20
-1448.090515
  0
VERTEX
  8
1
  10
-568.919144
  20
-1438.108215
  0
VERTEX
  8
1
  10
-569.604492
  20
-1428.126373
  0
VERTEX
  8
1
  10
-570.330276
  20
-1418.108215
  0
VERTEX
  8
1
  10
-571.089096
  20
-1408.127594
  0
VERTEX
  8
1
  10
-571.881943
  20
-1398.148041
  0
VERTEX
  8
1
  10
-572.710724
  20
-1388.127136
  0
VERTEX
  8
1
  10
-573.566742
  20
-1378.149261
  0
VERTEX
  8
1
  10
-574.451675
  20
-1368.172302
  0
VERTEX
  8
1
  10
-575.363617
  20
-1358.195801
  0
VERTEX
  8
1
  10
-576.305504
  20
-1348.170166
  0
VERTEX
  8
1
  10
-577.266235
  20
-1338.194580
  0
VERTEX
  8
1
  10
-578.248596
  20
-1328.219452
  0
VERTEX
  8
1
  10
-579.256554
  20
-1318.187561
  0
VERTEX
  8
1
  10
-580.276985
  20
-1308.212585
  0
VERTEX
  8
1
  10
-581.313705
  20
-1298.237457
  0
VERTEX
  8
1
  10
-582.371559
  20
-1288.199463
  0
VERTEX
  8
1
  10
-583.435555
  20
-1278.223572
  0
VERTEX
  8
1
  10
-584.510536
  20
-1268.247070
  0
VERTEX
  8
1
  10
-585.602150
  20
-1258.200684
  0
VERTEX
  8
1
  10
-586.693649
  20
-1248.222351
  0
VERTEX
  8
1
  10
-587.790756
  20
-1238.242874
  0
VERTEX
  8
1
  10
-588.891640
  20
-1228.262024
  0
VERTEX
  8
1
  10
-590.007286
  20
-1218.163528
  0
VERTEX
  8
1
  10
-591.107254
  20
-1208.171844
  0
VERTEX
  8
1
  10
-592.195969
  20
-1198.170395
  0
VERTEX
  8
1
  10
-593.270226
  20
-1188.107224
  0
VERTEX
  8
1
  10
-594.310760
  20
-1178.083725
  0
VERTEX
  8
1
  10
-595.314751
  20
-1168.048401
  0
VERTEX
  8
1
  10
-596.276627
  20
-1157.972107
  0
VERTEX
  8
1
  10
-597.182426
  20
-1147.910004
  0
VERTEX
  8
1
  10
-598.025360
  20
-1137.832794
  0
VERTEX
  8
1
  10
-598.795547
  20
-1127.740173
  0
VERTEX
  8
1
  10
-599.484367
  20
-1117.625732
  0
VERTEX
  8
1
  10
-600.089035
  20
-1107.518616
  0
VERTEX
  8
1
  10
-600.613441
  20
-1097.410202
  0
VERTEX
  8
1
  10
-601.061592
  20
-1087.284927
  0
VERTEX
  8
1
  10
-601.436234
  20
-1077.178574
  0
VERTEX
  8
1
  10
-601.743698
  20
-1067.075348
  0
VERTEX
  8
1
  10
-601.991806
  20
-1056.860352
  0
VERTEX
  8
1
  10
-602.178154
  20
-1046.759186
  0
VERTEX
  8
1
  10
-602.304420
  20
-1036.655273
  0
VERTEX
  8
1
  10
-602.368660
  20
-1026.523285
  0
VERTEX
  8
1
  10
-602.374611
  20
-1016.332092
  0
VERTEX
  8
1
  10
-602.334099
  20
-1005.915146
  0
VERTEX
  8
1
  10
-602.243805
  20
-993.288193
  0
VERTEX
  8
1
  10
-602.136765
  20
-976.048050
  0
VERTEX
  8
1
  10
-573.050575
  20
-974.903336
  0
VERTEX
  8
1
  10
-528.916931
  20
-973.166351
  0
VERTEX
  8
1
  10
-512.929306
  20
-972.537155
  0
VERTEX
  8
1
  10
-512.064171
  20
-994.519501
  0
VERTEX
  8
1
  10
-390.158539
  20
-989.721756
  0
VERTEX
  8
1
  10
-391.023636
  20
-967.739410
  0
VERTEX
  8
1
  10
-375.036087
  20
-967.110214
  0
VERTEX
  8
1
  10
-332.098999
  20
-965.420380
  0
VERTEX
  8
1
  10
-304.938412
  20
-964.351425
  0
VERTEX
  8
1
  10
-276.669769
  20
-1115.790634
  0
VERTEX
  8
1
  10
-274.624176
  20
-1126.026993
  0
VERTEX
  8
1
  10
-272.610950
  20
-1136.206589
  0
VERTEX
  8
1
  10
-271.445141
  20
-1141.692963
  0
VERTEX
  8
1
  10
-270.401955
  20
-1146.179047
  0
VERTEX
  8
1
  10
-269.506302
  20
-1149.688034
  0
VERTEX
  8
1
  10
-268.546467
  20
-1153.107376
  0
VERTEX
  8
1
  10
-267.647572
  20
-1156.011963
  0
VERTEX
  8
1
  10
-266.688576
  20
-1158.822708
  0
VERTEX
  8
1
  10
-265.815716
  20
-1161.148453
  0
VERTEX
  8
1
  10
-264.893723
  20
-1163.389740
  0
VERTEX
  8
1
  10
-263.920956
  20
-1165.539932
  0
VERTEX
  8
1
  10
-262.896214
  20
-1167.592773
  0
VERTEX
  8
1
  10
-261.818581
  20
-1169.542999
  0
VERTEX
  8
1
  10
-260.879650
  20
-1171.086502
  0
VERTEX
  8
1
  10
-259.903049
  20
-1172.553711
  0
VERTEX
  8
1
  10
-258.888168
  20
-1173.943405
  0
VERTEX
  8
1
  10
-257.911644
  20
-1175.162811
  0
VERTEX
  8
1
  10
-256.804028
  20
-1176.422577
  0
VERTEX
  8
1
  10
-255.632248
  20
-1177.635956
  0
VERTEX
  8
1
  10
-254.395561
  20
-1178.805466
  0
VERTEX
  8
1
  10
-253.093452
  20
-1179.932785
  0
VERTEX
  8
1
  10
-251.725674
  20
-1181.019440
  0
VERTEX
  8
1
  10
-250.292244
  20
-1182.066498
  0
VERTEX
  8
1
  10
-248.793602
  20
-1183.074570
  0
VERTEX
  8
1
  10
-246.910210
  20
-1184.233475
  0
VERTEX
  8
1
  10
-244.935932
  20
-1185.337677
  0
VERTEX
  8
1
  10
-242.873344
  20
-1186.387558
  0
VERTEX
  8
1
  10
-240.725632
  20
-1187.383575
  0
VERTEX
  8
1
  10
-238.496418
  20
-1188.326340
  0
VERTEX
  8
1
  10
-236.189709
  20
-1189.216614
  0
VERTEX
  8
1
  10
-233.809776
  20
-1190.055161
  0
VERTEX
  8
1
  10
-230.946751
  20
-1190.969620
  0
VERTEX
  8
1
  10
-227.997723
  20
-1191.817322
  0
VERTEX
  8
1
  10
-224.970360
  20
-1192.600708
  0
VERTEX
  8
1
  10
-221.424484
  20
-1193.420868
  0
VERTEX
  8
1
  10
-217.798004
  20
-1194.165268
  0
VERTEX
  8
1
  10
-214.102478
  20
-1194.839096
  0
VERTEX
  8
1
  10
-209.876766
  20
-1195.519562
  0
VERTEX
  8
1
  10
-205.115662
  20
-1196.189194
  0
VERTEX
  8
1
  10
-200.306263
  20
-1196.779327
  0
VERTEX
  8
1
  10
-194.501095
  20
-1197.400436
  0
VERTEX
  8
1
  10
-187.726707
  20
-1198.033676
  0
VERTEX
  8
1
  10
-177.675400
  20
-1198.877335
  0
VERTEX
  8
1
  10
-167.025146
  20
-1199.775314
  0
VERTEX
  8
1
  10
-155.130157
  20
-1200.776978
  0
VERTEX
  8
1
  10
-158.858156
  20
-1212.394867
  0
VERTEX
  8
1
  10
-162.363815
  20
-1223.299866
  0
VERTEX
  8
1
  10
-165.476151
  20
-1233.045883
  0
VERTEX
  8
1
  10
-168.622627
  20
-1242.994156
  0
VERTEX
  8
1
  10
-171.600323
  20
-1252.527237
  0
VERTEX
  8
1
  10
-174.541302
  20
-1262.076645
  0
VERTEX
  8
1
  10
-177.440510
  20
-1271.641846
  0
VERTEX
  8
1
  10
-180.292912
  20
-1281.222534
  0
VERTEX
  8
1
  10
-183.093433
  20
-1290.818481
  0
VERTEX
  8
1
  10
-185.837040
  20
-1300.428925
  0
VERTEX
  8
1
  10
-188.518734
  20
-1310.053711
  0
VERTEX
  8
1
  10
-191.133461
  20
-1319.692535
  0
VERTEX
  8
1
  10
-193.676205
  20
-1329.344635
  0
VERTEX
  8
1
  10
-196.141968
  20
-1339.010010
  0
VERTEX
  8
1
  10
-198.525753
  20
-1348.687897
  0
VERTEX
  8
1
  10
-200.822563
  20
-1358.378143
  0
VERTEX
  8
1
  10
-203.027401
  20
-1368.080292
  0
VERTEX
  8
1
  10
-205.135288
  20
-1377.793732
  0
VERTEX
  8
1
  10
-206.923580
  20
-1386.437378
  0
VERTEX
  8
1
  10
-208.627872
  20
-1395.089264
  0
VERTEX
  8
1
  10
-210.244675
  20
-1403.749390
  0
VERTEX
  8
1
  10
-211.770554
  20
-1412.417297
  0
VERTEX
  8
1
  10
-213.202019
  20
-1421.092987
  0
VERTEX
  8
1
  10
-214.535599
  20
-1429.775848
  0
VERTEX
  8
1
  10
-215.767879
  20
-1438.465881
  0
VERTEX
  8
1
  10
-216.760292
  20
-1446.075287
  0
VERTEX
  8
1
  10
-217.670212
  20
-1453.689728
  0
VERTEX
  8
1
  10
-218.495293
  20
-1461.308899
  0
VERTEX
  8
1
  10
-219.233284
  20
-1468.932953
  0
VERTEX
  8
1
  10
-219.881859
  20
-1476.561584
  0
VERTEX
  8
1
  10
-220.438728
  20
-1484.194641
  0
VERTEX
  8
1
  10
-220.901604
  20
-1491.832123
  0
VERTEX
  8
1
  10
-221.269054
  20
-1499.437561
  0
VERTEX
  8
1
  10
-221.499710
  20
-1505.161896
  0
VERTEX
  8
1
  10
-221.508942
  20
-1505.330811
  0
VERTEX
  8
1
  10
-221.812019
  20
-1510.882263
  0
VERTEX
  8
1
  10
-222.166252
  20
-1518.488312
  0
VERTEX
  8
1
  10
-222.428513
  20
-1526.135254
  0
VERTEX
  8
1
  10
-222.596779
  20
-1533.786774
  0
VERTEX
  8
1
  10
-222.673340
  20
-1541.442566
  0
VERTEX
  8
1
  10
-222.671909
  20
-1542.294922
  0
VERTEX
  8
1
  10
-237.649059
  20
-1541.368408
  0
VERTEX
  8
1
  10
-247.218685
  20
-1540.796356
  0
VERTEX
  8
1
  10
-257.406673
  20
-1540.233612
  0
VERTEX
  8
1
  10
-267.431068
  20
-1539.719849
  0
VERTEX
  8
1
  10
-277.910728
  20
-1539.222412
  0
VERTEX
  8
1
  10
-288.430042
  20
-1538.762970
  0
VERTEX
  8
1
  10
-298.658371
  20
-1538.354950
  0
VERTEX
  8
1
  10
-309.437351
  20
-1537.967072
  0
VERTEX
  8
1
  10
-319.542751
  20
-1537.643890
  0
VERTEX
  8
1
  10
-329.970131
  20
-1537.353210
  0
VERTEX
  8
1
  10
-340.660400
  20
-1537.102966
  0
VERTEX
  8
1
  10
-351.554184
  20
-1536.900482
  0
VERTEX
  8
1
  10
-361.360207
  20
-1536.766968
  0
VERTEX
  8
1
  10
-371.237717
  20
-1536.682587
  0
VERTEX
  8
1
  10
-382.382507
  20
-1536.652985
  0
VERTEX
  8
1
  10
-390.648270
  20
-1536.679077
  0
SEQEND
  8
1
  0
POINT
  8
2
 10
-393.466873
 20
-1536.687775
  0
TEXT
  8
2
 10
-393.466873
 20
-1536.687775
 40
0.000000
 50
0.000000
  1
# 119
  0
POINT
  8
2
 10
-565.117989
 20
-1540.067139
  0
TEXT
  8
2
 10
-565.117989
 20
-1540.067139
 40
0.000000
 50
0.000000
  1
# 120
  0
POINT
  8
2
 10
-565.485153
 20
-1502.972870
  0
TEXT
  8
2
 10
-565.485153
 20
-1502.972870
 40
0.000000
 50
0.000000
  1
# 121
  0
POINT
  8
2
 10
-602.136765
 20
-976.048050
  0
TEXT
  8
2
 10
-602.136765
 20
-976.048050
 40
0.000000
 50
0.000000
  1
# 122
  0
POINT
  8
2
 10
-512.929306
 20
-972.537155
  0
TEXT
  8
2
 10
-512.929306
 20
-972.537155
 40
0.000000
 50
0.000000
  1
# 123
  0
POINT
  8
2
 10
-512.064171
 20
-994.519501
  0
TEXT
  8
2
 10
-512.064171
 20
-994.519501
 40
0.000000
 50
0.000000
  1
# 124
  0
POINT
  8
2
 10
-390.158539
 20
-989.721756
  0
TEXT
  8
2
 10
-390.158539
 20
-989.721756
 40
0.000000
 50
0.000000
  1
# 125
  0
POINT
  8
2
 10
-391.023636
 20
-967.739410
  0
TEXT
  8
2
 10
-391.023636
 20
-967.739410
 40
0.000000
 50
0.000000
  1
# 126
  0
POINT
  8
2
 10
-304.938412
 20
-964.351425
  0
TEXT
  8
2
 10
-304.938412
 20
-964.351425
 40
0.000000
 50
0.000000
  1
# 127
  0
POINT
  8
2
 10
-276.669769
 20
-1115.790634
  0
TEXT
  8
2
 10
-276.669769
 20
-1115.790634
 40
0.000000
 50
0.000000
  1
# 128
  0
POINT
  8
2
 10
-155.130157
 20
-1200.776978
  0
TEXT
  8
2
 10
-155.130157
 20
-1200.776978
 40
0.000000
 50
0.000000
  1
# 129
  0
POINT
  8
2
 10
-221.499710
 20
-1505.161896
  0
TEXT
  8
2
 10
-221.499710
 20
-1505.161896
 40
0.000000
 50
0.000000
  1
# 130
  0
POINT
  8
2
 10
-222.671909
 20
-1542.294922
  0
TEXT
  8
2
 10
-222.671909
 20
-1542.294922
 40
0.000000
 50
0.000000
  1
# 131
  0
POINT
  8
3
 10
-396.294785
 20
-1536.682434
  0
POINT
  8
3
 10
-404.588509
 20
-1536.665955
  0
POINT
  8
3
 10
-415.825920
 20
-1536.682892
  0
POINT
  8
3
 10
-425.778961
 20
-1536.733398
  0
POINT
  8
3
 10
-436.881905
 20
-1536.825562
  0
POINT
  8
3
 10
-447.828178
 20
-1536.950836
  0
POINT
  8
3
 10
-458.558846
 20
-1537.104797
  0
POINT
  8
3
 10
-469.015236
 20
-1537.282562
  0
POINT
  8
3
 10
-479.138832
 20
-1537.479401
  0
POINT
  8
3
 10
-489.925880
 20
-1537.715149
  0
POINT
  8
3
 10
-500.149994
 20
-1537.962494
  0
POINT
  8
3
 10
-510.651016
 20
-1538.240051
  0
POINT
  8
3
 10
-521.094933
 20
-1538.540039
  0
POINT
  8
3
 10
-531.062622
 20
-1538.848724
  0
POINT
  8
3
 10
-541.155853
 20
-1539.185486
  0
POINT
  8
3
 10
-550.843239
 20
-1539.535522
  0
POINT
  8
3
 10
-565.120354
 20
-1537.889404
  0
POINT
  8
3
 10
-565.174713
 20
-1527.888489
  0
POINT
  8
3
 10
-565.271950
 20
-1517.887268
  0
POINT
  8
3
 10
-565.407219
 20
-1507.936707
  0
POINT
  8
3
 10
-565.483551
 20
-1503.074493
  0
POINT
  8
3
 10
-565.690117
 20
-1498.012543
  0
POINT
  8
3
 10
-566.121902
 20
-1488.070374
  0
POINT
  8
3
 10
-566.594543
 20
-1478.079834
  0
POINT
  8
3
 10
-567.109985
 20
-1468.092041
  0
POINT
  8
3
 10
-567.668877
 20
-1458.107452
  0
POINT
  8
3
 10
-568.273811
 20
-1448.090515
  0
POINT
  8
3
 10
-568.919144
 20
-1438.108215
  0
POINT
  8
3
 10
-569.604492
 20
-1428.126373
  0
POINT
  8
3
 10
-570.330276
 20
-1418.108215
  0
POINT
  8
3
 10
-571.089096
 20
-1408.127594
  0
POINT
  8
3
 10
-571.881943
 20
-1398.148041
  0
POINT
  8
3
 10
-572.710724
 20
-1388.127136
  0
POINT
  8
3
 10
-573.566742
 20
-1378.149261
  0
POINT
  8
3
 10
-574.451675
 20
-1368.172302
  0
POINT
  8
3
 10
-575.363617
 20
-1358.195801
  0
POINT
  8
3
 10
-576.305504
 20
-1348.170166
  0
POINT
  8
3
 10
-577.266235
 20
-1338.194580
  0
POINT
  8
3
 10
-578.248596
 20
-1328.219452
  0
POINT
  8
3
 10
-579.256554
 20
-1318.187561
  0
POINT
  8
3
 10
-580.276985
 20
-1308.212585
  0
POINT
  8
3
 10
-581.313705
 20
-1298.237457
  0
POINT
  8
3
 10
-582.371559
 20
-1288.199463
  0
POINT
  8
3
 10
-583.435555
 20
-1278.223572
  0
POINT
  8
3
 10
-584.510536
 20
-1268.247070
  0
POINT
  8
3
 10
-585.602150
 20
-1258.200684
  0
POINT
  8
3
 10
-586.693649
 20
-1248.222351
  0
POINT
  8
3
 10
-587.790756
 20
-1238.242874
  0
POINT
  8
3
 10
-588.891640
 20
-1228.262024
  0
POINT
  8
3
 10
-590.007286
 20
-1218.163528
  0
POINT
  8
3
 10
-591.107254
 20
-1208.171844
  0
POINT
  8
3
 10
-592.195969
 20
-1198.170395
  0
POINT
  8
3
 10
-593.270226
 20
-1188.107224
  0
POINT
  8
3
 10
-594.310760
 20
-1178.083725
  0
POINT
  8
3
 10
-595.314751
 20
-1168.048401
  0
POINT
  8
3
 10
-596.276627
 20
-1157.972107
  0
POINT
  8
3
 10
-597.182426
 20
-1147.910004
  0
POINT
  8
3
 10
-598.025360
 20
-1137.832794
  0
POINT
  8
3
 10
-598.795547
 20
-1127.740173
  0
POINT
  8
3
 10
-599.484367
 20
-1117.625732
  0
POINT
  8
3
 10
-600.089035
 20
-1107.518616
  0
POINT
  8
3
 10
-600.613441
 20
-1097.410202
  0
POINT
  8
3
 10
-601.061592
 20
-1087.284927
  0
POINT
  8
3
 10
-601.436234
 20
-1077.178574
  0
POINT
  8
3
 10
-601.743698
 20
-1067.075348
  0
POINT
  8
3
 10
-601.991806
 20
-1056.860352
  0
POINT
  8
3
 10
-602.178154
 20
-1046.759186
  0
POINT
  8
3
 10
-602.304420
 20
-1036.655273
  0
POINT
  8
3
 10
-602.368660
 20
-1026.523285
  0
POINT
  8
3
 10
-602.374611
 20
-1016.332092
  0
POINT
  8
3
 10
-602.334099
 20
-1005.915146
  0
POINT
  8
3
 10
-602.243805
 20
-993.288193
  0
POINT
  8
3
 10
-573.050575
 20
-974.903336
  0
POINT
  8
3
 10
-528.916931
 20
-973.166351
  0
POINT
  8
3
 10
-375.036087
 20
-967.110214
  0
POINT
  8
3
 10
-332.098999
 20
-965.420380
  0
POINT
  8
3
 10
-274.624176
 20
-1126.026993
  0
POINT
  8
3
 10
-272.610950
 20
-1136.206589
  0
POINT
  8
3
 10
-271.445141
 20
-1141.692963
  0
POINT
  8
3
 10
-270.401955
 20
-1146.179047
  0
POINT
  8
3
 10
-269.506302
 20
-1149.688034
  0
POINT
  8
3
 10
-268.546467
 20
-1153.107376
  0
POINT
  8
3
 10
-267.647572
 20
-1156.011963
  0
POINT
  8
3
 10
-266.688576
 20
-1158.822708
  0
POINT
  8
3
 10
-265.815716
 20
-1161.148453
  0
POINT
  8
3
 10
-264.893723
 20
-1163.389740
  0
POINT
  8
3
 10
-263.920956
 20
-1165.539932
  0
POINT
  8
3
 10
-262.896214
 20
-1167.592773
  0
POINT
  8
3
 10
-261.818581
 20
-1169.542999
  0
POINT
  8
3
 10
-260.879650
 20
-1171.086502
  0
POINT
  8
3
 10
-259.903049
 20
-1172.553711
  0
POINT
  8
3
 10
-258.888168
 20
-1173.943405
  0
POINT
  8
3
 10
-257.911644
 20
-1175.162811
  0
POINT
  8
3
 10
-256.804028
 20
-1176.422577
  0
POINT
  8
3
 10
-255.632248
 20
-1177.635956
  0
POINT
  8
3
 10
-254.395561
 20
-1178.805466
  0
POINT
  8
3
 10
-253.093452
 20
-1179.932785
  0
POINT
  8
3
 10
-251.725674
 20
-1181.019440
  0
POINT
  8
3
 10
-250.292244
 20
-1182.066498
  0
POINT
  8
3
 10
-248.793602
 20
-1183.074570
  0
POINT
  8
3
 10
-246.910210
 20
-1184.233475
  0
POINT
  8
3
 10
-244.935932
 20
-1185.337677
  0
POINT
  8
3
 10
-242.873344
 20
-1186.387558
  0
POINT
  8
3
 10
-240.725632
 20
-1187.383575
  0
POINT
  8
3
 10
-238.496418
 20
-1188.326340
  0
POINT
  8
3
 10
-236.189709
 20
-1189.216614
  0
POINT
  8
3
 10
-233.809776
 20
-1190.055161
  0
POINT
  8
3
 10
-230.946751
 20
-1190.969620
  0
POINT
  8
3
 10
-227.997723
 20
-1191.817322
  0
POINT
  8
3
 10
-224.970360
 20
-1192.600708
  0
POINT
  8
3
 10
-221.424484
 20
-1193.420868
  0
POINT
  8
3
 10
-217.798004
 20
-1194.165268
  0
POINT
  8
3
 10
-214.102478
 20
-1194.839096
  0
POINT
  8
3
 10
-209.876766
 20
-1195.519562
  0
POINT
  8
3
 10
-205.115662
 20
-1196.189194
  0
POINT
  8
3
 10
-200.306263
 20
-1196.779327
  0
POINT
  8
3
 10
-194.501095
 20
-1197.400436
  0
POINT
  8
3
 10
-187.726707
 20
-1198.033676
  0
POINT
  8
3
 10
-177.675400
 20
-1198.877335
  0
POINT
  8
3
 10
-167.025146
 20
-1199.775314
  0
POINT
  8
3
 10
-158.858156
 20
-1212.394867
  0
POINT
  8
3
 10
-162.363815
 20
-1223.299866
  0
POINT
  8
3
 10
-165.476151
 20
-1233.045883
  0
POINT
  8
3
 10
-168.622627
 20
-1242.994156
  0
POINT
  8
3
 10
-171.600323
 20
-1252.527237
  0
POINT
  8
3
 10
-174.541302
 20
-1262.076645
  0
POINT
  8
3
 10
-177.440510
 20
-1271.641846
  0
POINT
  8
3
 10
-180.292912
 20
-1281.222534
  0
POINT
  8
3
 10
-183.093433
 20
-1290.818481
  0
POINT
  8
3
 10
-185.837040
 20
-1300.428925
  0
POINT
  8
3
 10
-188.518734
 20
-1310.053711
  0
POINT
  8
3
 10
-191.133461
 20
-1319.692535
  0
POINT
  8
3
 10
-193.676205
 20
-1329.344635
  0
POINT
  8
3
 10
-196.141968
 20
-1339.010010
  0
POINT
  8
3
 10
-198.525753
 20
-1348.687897
  0
POINT
  8
3
 10
-200.822563
 20
-1358.378143
  0
POINT
  8
3
 10
-203.027401
 20
-1368.080292
  0
POINT
  8
3
 10
-205.135288
 20
-1377.793732
  0
POINT
  8
3
 10
-206.923580
 20
-1386.437378
  0
POINT
  8
3
 10
-208.627872
 20
-1395.089264
  0
POINT
  8
3
 10
-210.244675
 20
-1403.749390
  0
POINT
  8
3
 10
-211.770554
 20
-1412.417297
  0
POINT
  8
3
 10
-213.202019
 20
-1421.092987
  0
POINT
  8
3
 10
-214.535599
 20
-1429.775848
  0
POINT
  8
3
 10
-215.767879
 20
-1438.465881
  0
POINT
  8
3
 10
-216.760292
 20
-1446.075287
  0
POINT
  8
3
 10
-217.670212
 20
-1453.689728
  0
POINT
  8
3
 10
-218.495293
 20
-1461.308899
  0
POINT
  8
3
 10
-219.233284
 20
-1468.932953
  0
POINT
  8
3
 10
-219.881859
 20
-1476.561584
  0
POINT
  8
3
 10
-220.438728
 20
-1484.194641
  0
POINT
  8
3
 10
-220.901604
 20
-1491.832123
  0
POINT
  8
3
 10
-221.269054
 20
-1499.437561
  0
POINT
  8
3
 10
-221.508942
 20
-1505.330811
  0
POINT
  8
3
 10
-221.812019
 20
-1510.882263
  0
POINT
  8
3
 10
-222.166252
 20
-1518.488312
  0
POINT
  8
3
 10
-222.428513
 20
-1526.135254
  0
POINT
  8
3
 10
-222.596779
 20
-1533.786774
  0
POINT
  8
3
 10
-222.673340
 20
-1541.442566
  0
POINT
  8
3
 10
-237.649059
 20
-1541.368408
  0
POINT
  8
3
 10
-247.218685
 20
-1540.796356
  0
POINT
  8
3
 10
-257.406673
 20
-1540.233612
  0
POINT
  8
3
 10
-267.431068
 20
-1539.719849
  0
POINT
  8
3
 10
-277.910728
 20
-1539.222412
  0
POINT
  8
3
 10
-288.430042
 20
-1538.762970
  0
POINT
  8
3
 10
-298.658371
 20
-1538.354950
  0
POINT
  8
3
 10
-309.437351
 20
-1537.967072
  0
POINT
  8
3
 10
-319.542751
 20
-1537.643890
  0
POINT
  8
3
 10
-329.970131
 20
-1537.353210
  0
POINT
  8
3
 10
-340.660400
 20
-1537.102966
  0
POINT
  8
3
 10
-351.554184
 20
-1536.900482
  0
POINT
  8
3
 10
-361.360207
 20
-1536.766968
  0
POINT
  8
3
 10
-371.237717
 20
-1536.682587
  0
POINT
  8
3
 10
-382.382507
 20
-1536.652985
  0
POINT
  8
3
 10
-390.648270
 20
-1536.679077
  0
POINT
  8
4
 10
-565.483551
 20
-1503.074493
 30
0.400000
 50
  2.22
  0
TEXT
  8
4
 10
-565.483551
 20
-1503.074493
 40
0.000000
 50
0.000000
  1
# 132
  0
POINT
  8
4
 10
-573.050575
 20
-974.903336
 30
0.400000
 50
272.25
  0
TEXT
  8
4
 10
-573.050575
 20
-974.903336
 40
0.000000
 50
0.000000
  1
# 133
  0
POINT
  8
4
 10
-528.916931
 20
-973.166351
 30
0.400000
 50
272.25
  0
TEXT
  8
4
 10
-528.916931
 20
-973.166351
 40
0.000000
 50
0.000000
  1
# 134
  0
POINT
  8
4
 10
-375.036087
 20
-967.110214
 30
0.400000
 50
272.25
  0
TEXT
  8
4
 10
-375.036087
 20
-967.110214
 40
0.000000
 50
0.000000
  1
# 135
  0
POINT
  8
4
 10
-332.098999
 20
-965.420380
 30
0.400000
 50
272.25
  0
TEXT
  8
4
 10
-332.098999
 20
-965.420380
 40
0.000000
 50
0.000000
  1
# 136
  0
POINT
  8
4
 10
-221.508942
 20
-1505.330811
 30
0.400000
 50
176.32
  0
TEXT
  8
4
 10
-221.508942
 20
-1505.330811
 40
0.000000
 50
0.000000
  1
# 137
  0
POLYLINE
  8
14
  66
1
  70
1
  0
VERTEX
  8
14
  10
-393.488388
  20
-1499.687958
  0
VERTEX
  8
14
  10
-404.570703
  20
-1499.665940
  0
VERTEX
  8
14
  10
-415.953462
  20
-1499.683173
  0
VERTEX
  8
14
  10
-426.024512
  20
-1499.734154
  0
VERTEX
  8
14
  10
-437.249194
  20
-1499.827350
  0
VERTEX
  8
14
  10
-448.306929
  20
-1499.953969
  0
VERTEX
  8
14
  10
-459.140065
  20
-1500.109307
  0
VERTEX
  8
14
  10
-469.690969
  20
-1500.288662
  0
VERTEX
  8
14
  10
-479.901992
  20
-1500.487331
  0
VERTEX
  8
14
  10
-490.778835
  20
-1500.725007
  0
VERTEX
  8
14
  10
-501.085835
  20
-1500.974270
  0
VERTEX
  8
14
  10
-511.670993
  20
-1501.254145
  0
VERTEX
  8
14
  10
-522.199264
  20
-1501.556461
  0
VERTEX
  8
14
  10
-532.250595
  20
-1501.867856
  0
VERTEX
  8
14
  10
-542.437215
  20
-1502.207653
  0
VERTEX
  8
14
  10
-552.243238
  20
-1502.561946
  0
VERTEX
  8
14
  10
-555.488396
  20
-1502.687836
  0
VERTEX
  8
14
  10
-555.488396
  20
-1502.687836
  0
VERTEX
  8
14
  10
-555.698916
  20
-1497.593017
  0
VERTEX
  8
14
  10
-556.132092
  20
-1487.618912
  0
VERTEX
  8
14
  10
-556.606762
  20
-1477.585981
  0
VERTEX
  8
14
  10
-557.124418
  20
-1467.555093
  0
VERTEX
  8
14
  10
-557.685762
  20
-1457.526590
  0
VERTEX
  8
14
  10
-558.293335
  20
-1447.466068
  0
VERTEX
  8
14
  10
-558.941314
  20
-1437.442822
  0
VERTEX
  8
14
  10
-559.629325
  20
-1427.422241
  0
VERTEX
  8
14
  10
-560.357728
  20
-1417.367543
  0
VERTEX
  8
14
  10
-561.119195
  20
-1407.352305
  0
VERTEX
  8
14
  10
-561.914661
  20
-1397.339713
  0
VERTEX
  8
14
  10
-562.746055
  20
-1387.287251
  0
VERTEX
  8
14
  10
-563.604628
  20
-1377.279888
  0
VERTEX
  8
14
  10
-564.491997
  20
-1367.275040
  0
VERTEX
  8
14
  10
-565.406317
  20
-1357.272625
  0
VERTEX
  8
14
  10
-566.350480
  20
-1347.222848
  0
VERTEX
  8
14
  10
-567.313344
  20
-1337.224977
  0
VERTEX
  8
14
  10
-568.297723
  20
-1327.229233
  0
VERTEX
  8
14
  10
-569.307600
  20
-1317.178589
  0
VERTEX
  8
14
  10
-570.329753
  20
-1307.186579
  0
VERTEX
  8
14
  10
-571.368038
  20
-1297.196285
  0
VERTEX
  8
14
  10
-572.427315
  20
-1287.144811
  0
VERTEX
  8
14
  10
-573.492572
  20
-1277.157356
  0
VERTEX
  8
14
  10
-574.568579
  20
-1267.171056
  0
VERTEX
  8
14
  10
-575.661092
  20
-1257.116534
  0
VERTEX
  8
14
  10
-576.753278
  20
-1247.131983
  0
VERTEX
  8
14
  10
-577.850860
  20
-1237.148019
  0
VERTEX
  8
14
  10
-578.952077
  20
-1227.164452
  0
VERTEX
  8
14
  10
-580.067683
  20
-1217.065996
  0
VERTEX
  8
14
  10
-581.166791
  20
-1207.082208
  0
VERTEX
  8
14
  10
-582.253718
  20
-1197.097096
  0
VERTEX
  8
14
  10
-583.325343
  20
-1187.058881
  0
VERTEX
  8
14
  10
-584.362434
  20
-1177.068400
  0
VERTEX
  8
14
  10
-585.362322
  20
-1167.074139
  0
VERTEX
  8
14
  10
-586.319482
  20
-1157.047227
  0
VERTEX
  8
14
  10
-587.220063
  20
-1147.043325
  0
VERTEX
  8
14
  10
-588.057334
  20
-1137.033953
  0
VERTEX
  8
14
  10
-588.821599
  20
-1127.018846
  0
VERTEX
  8
14
  10
-589.504731
  20
-1116.987942
  0
VERTEX
  8
14
  10
-590.104558
  20
-1106.961498
  0
VERTEX
  8
14
  10
-590.624948
  20
-1096.930564
  0
VERTEX
  8
14
  10
-591.069797
  20
-1086.879517
  0
VERTEX
  8
14
  10
-591.441904
  20
-1076.842183
  0
VERTEX
  8
14
  10
-591.747403
  20
-1066.802556
  0
VERTEX
  8
14
  10
-591.994103
  20
-1056.646788
  0
VERTEX
  8
14
  10
-592.179373
  20
-1046.604172
  0
VERTEX
  8
14
  10
-592.304849
  20
-1036.560731
  0
VERTEX
  8
14
  10
-592.368715
  20
-1026.490890
  0
VERTEX
  8
14
  10
-592.374645
  20
-1016.350150
  0
VERTEX
  8
14
  10
-592.334281
  20
-1005.973881
  0
VERTEX
  8
14
  10
-592.248573
  20
-995.674362
  0
VERTEX
  8
14
  10
-572.264061
  20
-994.887848
  0
VERTEX
  8
14
  10
-528.130417
  20
-993.150940
  0
VERTEX
  8
14
  10
-522.135048
  20
-992.914963
  0
VERTEX
  8
14
  10
-521.736894
  20
-1003.031754
  0
VERTEX
  8
14
  10
-521.663170
  20
-1004.905014
  0
VERTEX
  8
14
  10
-379.773026
  20
-999.321442
  0
VERTEX
  8
14
  10
-380.244904
  20
-987.330704
  0
VERTEX
  8
14
  10
-374.249573
  20
-987.094803
  0
VERTEX
  8
14
  10
-331.312485
  20
-985.404892
  0
VERTEX
  8
14
  10
-311.327972
  20
-984.618378
  0
VERTEX
  8
14
  10
-286.488323
  20
-1117.687988
  0
VERTEX
  8
14
  10
-284.436989
  20
-1127.952761
  0
VERTEX
  8
14
  10
-282.408200
  20
-1138.210011
  0
VERTEX
  8
14
  10
-281.207245
  20
-1143.861184
  0
VERTEX
  8
14
  10
-280.116446
  20
-1148.551481
  0
VERTEX
  8
14
  10
-279.167433
  20
-1152.269236
  0
VERTEX
  8
14
  10
-278.137080
  20
-1155.939358
  0
VERTEX
  8
14
  10
-277.159034
  20
-1159.099326
  0
VERTEX
  8
14
  10
-276.100884
  20
-1162.200330
  0
VERTEX
  8
14
  10
-275.123836
  20
-1164.803447
  0
VERTEX
  8
14
  10
-274.076586
  20
-1167.348920
  0
VERTEX
  8
14
  10
-272.953893
  20
-1169.830138
  0
VERTEX
  8
14
  10
-271.750520
  20
-1172.240489
  0
VERTEX
  8
14
  10
-270.461228
  20
-1174.573362
  0
VERTEX
  8
14
  10
-269.317406
  20
-1176.453466
  0
VERTEX
  8
14
  10
-268.107247
  20
-1178.271353
  0
VERTEX
  8
14
  10
-266.827718
  20
-1180.023193
  0
VERTEX
  8
14
  10
-265.576620
  20
-1181.585289
  0
VERTEX
  8
14
  10
-264.156432
  20
-1183.200657
  0
VERTEX
  8
14
  10
-262.664631
  20
-1184.745520
  0
VERTEX
  8
14
  10
-261.103716
  20
-1186.221669
  0
VERTEX
  8
14
  10
-259.476169
  20
-1187.630907
  0
VERTEX
  8
14
  10
-257.784498
  20
-1188.975013
  0
VERTEX
  8
14
  10
-256.031191
  20
-1190.255788
  0
VERTEX
  8
14
  10
-254.218733
  20
-1191.475029
  0
VERTEX
  8
14
  10
-251.969235
  20
-1192.859405
  0
VERTEX
  8
14
  10
-249.642465
  20
-1194.160849
  0
VERTEX
  8
14
  10
-247.242746
  20
-1195.382451
  0
VERTEX
  8
14
  10
-244.774373
  20
-1196.527317
  0
VERTEX
  8
14
  10
-242.241671
  20
-1197.598538
  0
VERTEX
  8
14
  10
-239.648942
  20
-1198.599215
  0
VERTEX
  8
14
  10
-237.000485
  20
-1199.532451
  0
VERTEX
  8
14
  10
-233.845957
  20
-1200.540113
  0
VERTEX
  8
14
  10
-230.628290
  20
-1201.465115
  0
VERTEX
  8
14
  10
-227.354345
  20
-1202.312370
  0
VERTEX
  8
14
  10
-223.552540
  20
-1203.191780
  0
VERTEX
  8
14
  10
-219.696371
  20
-1203.983417
  0
VERTEX
  8
14
  10
-215.796062
  20
-1204.694623
  0
VERTEX
  8
14
  10
-211.368150
  20
-1205.407738
  0
VERTEX
  8
14
  10
-206.415566
  20
-1206.104322
  0
VERTEX
  8
14
  10
-201.447877
  20
-1206.713962
  0
VERTEX
  8
14
  10
-195.494776
  20
-1207.350964
  0
VERTEX
  8
14
  10
-188.604287
  20
-1207.995072
  0
VERTEX
  8
14
  10
-178.494063
  20
-1208.843787
  0
VERTEX
  8
14
  10
-168.488598
  20
-1209.688034
  0
VERTEX
  8
14
  10
-171.886526
  20
-1220.247364
  0
VERTEX
  8
14
  10
-175.005857
  20
-1230.015279
  0
VERTEX
  8
14
  10
-178.162319
  20
-1239.995087
  0
VERTEX
  8
14
  10
-181.151224
  20
-1249.564081
  0
VERTEX
  8
14
  10
-184.104646
  20
-1259.153852
  0
VERTEX
  8
14
  10
-187.017477
  20
-1268.764046
  0
VERTEX
  8
14
  10
-189.884608
  20
-1278.394307
  0
VERTEX
  8
14
  10
-192.700929
  20
-1288.044280
  0
VERTEX
  8
14
  10
-195.461332
  20
-1297.713610
  0
VERTEX
  8
14
  10
-198.160708
  20
-1307.401941
  0
VERTEX
  8
14
  10
-200.793947
  20
-1317.108918
  0
VERTEX
  8
14
  10
-203.355941
  20
-1326.834187
  0
VERTEX
  8
14
  10
-205.841581
  20
-1336.577392
  0
VERTEX
  8
14
  10
-208.245758
  20
-1346.338177
  0
VERTEX
  8
14
  10
-210.563362
  20
-1356.116188
  0
VERTEX
  8
14
  10
-212.789285
  20
-1365.911069
  0
VERTEX
  8
14
  10
-214.918418
  20
-1375.722466
  0
VERTEX
  8
14
  10
-216.725595
  20
-1384.457285
  0
VERTEX
  8
14
  10
-218.448670
  20
-1393.204623
  0
VERTEX
  8
14
  10
-220.084056
  20
-1401.964230
  0
VERTEX
  8
14
  10
-221.628164
  20
-1410.735857
  0
VERTEX
  8
14
  10
-223.077407
  20
-1419.519255
  0
VERTEX
  8
14
  10
-224.428196
  20
-1428.314173
  0
VERTEX
  8
14
  10
-225.676942
  20
-1437.120364
  0
VERTEX
  8
14
  10
-226.683068
  20
-1444.834830
  0
VERTEX
  8
14
  10
-227.605917
  20
-1452.557569
  0
VERTEX
  8
14
  10
-228.443085
  20
-1460.288411
  0
VERTEX
  8
14
  10
-229.192169
  20
-1468.027192
  0
VERTEX
  8
14
  10
-229.850764
  20
-1475.773742
  0
VERTEX
  8
14
  10
-230.416466
  20
-1483.527896
  0
VERTEX
  8
14
  10
-230.886873
  20
-1491.289486
  0
VERTEX
  8
14
  10
-231.259754
  20
-1499.006531
  0
VERTEX
  8
14
  10
-231.488400
  20
-1504.687958
  0
VERTEX
  8
14
  10
-231.488400
  20
-1504.687958
  0
VERTEX
  8
14
  10
-235.339538
  20
-1504.440557
  0
VERTEX
  8
14
  10
-245.098650
  20
-1503.857126
  0
VERTEX
  8
14
  10
-255.442265
  20
-1503.285840
  0
VERTEX
  8
14
  10
-265.606117
  20
-1502.764866
  0
VERTEX
  8
14
  10
-276.226474
  20
-1502.260725
  0
VERTEX
  8
14
  10
-286.886226
  20
-1501.795256
  0
VERTEX
  8
14
  10
-297.252999
  20
-1501.381703
  0
VERTEX
  8
14
  10
-308.182032
  20
-1500.988364
  0
VERTEX
  8
14
  10
-318.433618
  20
-1500.660495
  0
VERTEX
  8
14
  10
-329.019077
  20
-1500.365485
  0
VERTEX
  8
14
  10
-339.880828
  20
-1500.111144
  0
VERTEX
  8
14
  10
-350.961290
  20
-1499.905281
  0
VERTEX
  8
14
  10
-360.947644
  20
-1499.769302
  0
VERTEX
  8
14
  10
-371.020870
  20
-1499.683281
  0
VERTEX
  8
14
  10
-382.406731
  20
-1499.653054
  0
SEQEND
  8
14
  0
POINT
  8
2
 10
-393.488388
 20
-1499.687958
  0
TEXT
  8
2
 10
-393.488388
 20
-1499.687958
 40
0.000000
 50
0.000000
  1
# 138
  0
POINT
  8
2
 10
-555.488396
 20
-1502.687836
  0
TEXT
  8
2
 10
-555.488396
 20
-1502.687836
 40
0.000000
 50
0.000000
  1
# 139
  0
POINT
  8
2
 10
-592.248573
 20
-995.674362
  0
TEXT
  8
2
 10
-592.248573
 20
-995.674362
 40
0.000000
 50
0.000000
  1
# 140
  0
POINT
  8
2
 10
-522.135048
 20
-992.914963
  0
TEXT
  8
2
 10
-522.135048
 20
-992.914963
 40
0.000000
 50
0.000000
  1
# 141
  0
POINT
  8
2
 10
-521.663170
 20
-1004.905014
  0
TEXT
  8
2
 10
-521.663170
 20
-1004.905014
 40
0.000000
 50
0.000000
  1
# 142
  0
POINT
  8
2
 10
-379.773026
 20
-999.321442
  0
TEXT
  8
2
 10
-379.773026
 20
-999.321442
 40
0.000000
 50
0.000000
  1
# 143
  0
POINT
  8
2
 10
-380.244904
 20
-987.330704
  0
TEXT
  8
2
 10
-380.244904
 20
-987.330704
 40
0.000000
 50
0.000000
  1
# 144
  0
POINT
  8
2
 10
-311.327972
 20
-984.618378
  0
TEXT
  8
2
 10
-311.327972
 20
-984.618378
 40
0.000000
 50
0.000000
  1
# 145
  0
POINT
  8
2
 10
-286.488323
 20
-1117.687988
  0
TEXT
  8
2
 10
-286.488323
 20
-1117.687988
 40
0.000000
 50
0.000000
  1
# 146
  0
POINT
  8
2
 10
-168.488598
 20
-1209.688034
  0
TEXT
  8
2
 10
-168.488598
 20
-1209.688034
 40
0.000000
 50
0.000000
  1
# 147
  0
POINT
  8
2
 10
-231.488400
 20
-1504.687958
  0
TEXT
  8
2
 10
-231.488400
 20
-1504.687958
 40
0.000000
 50
0.000000
  1
# 148
  0
POINT
  8
3
 10
-404.570703
 20
-1499.665940
  0
POINT
  8
3
 10
-415.953462
 20
-1499.683173
  0
POINT
  8
3
 10
-426.024512
 20
-1499.734154
  0
POINT
  8
3
 10
-437.249194
 20
-1499.827350
  0
POINT
  8
3
 10
-448.306929
 20
-1499.953969
  0
POINT
  8
3
 10
-459.140065
 20
-1500.109307
  0
POINT
  8
3
 10
-469.690969
 20
-1500.288662
  0
POINT
  8
3
 10
-479.901992
 20
-1500.487331
  0
POINT
  8
3
 10
-490.778835
 20
-1500.725007
  0
POINT
  8
3
 10
-501.085835
 20
-1500.974270
  0
POINT
  8
3
 10
-511.670993
 20
-1501.254145
  0
POINT
  8
3
 10
-522.199264
 20
-1501.556461
  0
POINT
  8
3
 10
-532.250595
 20
-1501.867856
  0
POINT
  8
3
 10
-542.437215
 20
-1502.207653
  0
POINT
  8
3
 10
-552.243238
 20
-1502.561946
  0
POINT
  8
3
 10
-555.488396
 20
-1502.687836
  0
POINT
  8
3
 10
-555.698916
 20
-1497.593017
  0
POINT
  8
3
 10
-556.132092
 20
-1487.618912
  0
POINT
  8
3
 10
-556.606762
 20
-1477.585981
  0
POINT
  8
3
 10
-557.124418
 20
-1467.555093
  0
POINT
  8
3
 10
-557.685762
 20
-1457.526590
  0
POINT
  8
3
 10
-558.293335
 20
-1447.466068
  0
POINT
  8
3
 10
-558.941314
 20
-1437.442822
  0
POINT
  8
3
 10
-559.629325
 20
-1427.422241
  0
POINT
  8
3
 10
-560.357728
 20
-1417.367543
  0
POINT
  8
3
 10
-561.119195
 20
-1407.352305
  0
POINT
  8
3
 10
-561.914661
 20
-1397.339713
  0
POINT
  8
3
 10
-562.746055
 20
-1387.287251
  0
POINT
  8
3
 10
-563.604628
 20
-1377.279888
  0
POINT
  8
3
 10
-564.491997
 20
-1367.275040
  0
POINT
  8
3
 10
-565.406317
 20
-1357.272625
  0
POINT
  8
3
 10
-566.350480
 20
-1347.222848
  0
POINT
  8
3
 10
-567.313344
 20
-1337.224977
  0
POINT
  8
3
 10
-568.297723
 20
-1327.229233
  0
POINT
  8
3
 10
-569.307600
 20
-1317.178589
  0
POINT
  8
3
 10
-570.329753
 20
-1307.186579
  0
POINT
  8
3
 10
-571.368038
 20
-1297.196285
  0
POINT
  8
3
 10
-572.427315
 20
-1287.144811
  0
POINT
  8
3
 10
-573.492572
 20
-1277.157356
  0
POINT
  8
3
 10
-574.568579
 20
-1267.171056
  0
POINT
  8
3
 10
-575.661092
 20
-1257.116534
  0
POINT
  8
3
 10
-576.753278
 20
-1247.131983
  0
POINT
  8
3
 10
-577.850860
 20
-1237.148019
  0
POINT
  8
3
 10
-578.952077
 20
-1227.164452
  0
POINT
  8
3
 10
-580.067683
 20
-1217.065996
  0
POINT
  8
3
 10
-581.166791
 20
-1207.082208
  0
POINT
  8
3
 10
-582.253718
 20
-1197.097096
  0
POINT
  8
3
 10
-583.325343
 20
-1187.058881
  0
POINT
  8
3
 10
-584.362434
 20
-1177.068400
  0
POINT
  8
3
 10
-585.362322
 20
-1167.074139
  0
POINT
  8
3
 10
-586.319482
 20
-1157.047227
  0
POINT
  8
3
 10
-587.220063
 20
-1147.043325
  0
POINT
  8
3
 10
-588.057334
 20
-1137.033953
  0
POINT
  8
3
 10
-588.821599
 20
-1127.018846
  0
POINT
  8
3
 10
-589.504731
 20
-1116.987942
  0
POINT
  8
3
 10
-590.104558
 20
-1106.961498
  0
POINT
  8
3
 10
-590.624948
 20
-1096.930564
  0
POINT
  8
3
 10
-591.069797
 20
-1086.879517
  0
POINT
  8
3
 10
-591.441904
 20
-1076.842183
  0
POINT
  8
3
 10
-591.747403
 20
-1066.802556
  0
POINT
  8
3
 10
-591.994103
 20
-1056.646788
  0
POINT
  8
3
 10
-592.179373
 20
-1046.604172
  0
POINT
  8
3
 10
-592.304849
 20
-1036.560731
  0
POINT
  8
3
 10
-592.368715
 20
-1026.490890
  0
POINT
  8
3
 10
-592.374645
 20
-1016.350150
  0
POINT
  8
3
 10
-592.334281
 20
-1005.973881
  0
POINT
  8
3
 10
-572.264061
 20
-994.887848
  0
POINT
  8
3
 10
-528.130417
 20
-993.150940
  0
POINT
  8
3
 10
-521.736894
 20
-1003.031754
  0
POINT
  8
3
 10
-374.249573
 20
-987.094803
  0
POINT
  8
3
 10
-331.312485
 20
-985.404892
  0
POINT
  8
3
 10
-284.436989
 20
-1127.952761
  0
POINT
  8
3
 10
-282.408200
 20
-1138.210011
  0
POINT
  8
3
 10
-281.207245
 20
-1143.861184
  0
POINT
  8
3
 10
-280.116446
 20
-1148.551481
  0
POINT
  8
3
 10
-279.167433
 20
-1152.269236
  0
POINT
  8
3
 10
-278.137080
 20
-1155.939358
  0
POINT
  8
3
 10
-277.159034
 20
-1159.099326
  0
POINT
  8
3
 10
-276.100884
 20
-1162.200330
  0
POINT
  8
3
 10
-275.123836
 20
-1164.803447
  0
POINT
  8
3
 10
-274.076586
 20
-1167.348920
  0
POINT
  8
3
 10
-272.953893
 20
-1169.830138
  0
POINT
  8
3
 10
-271.750520
 20
-1172.240489
  0
POINT
  8
3
 10
-270.461228
 20
-1174.573362
  0
POINT
  8
3
 10
-269.317406
 20
-1176.453466
  0
POINT
  8
3
 10
-268.107247
 20
-1178.271353
  0
POINT
  8
3
 10
-266.827718
 20
-1180.023193
  0
POINT
  8
3
 10
-265.576620
 20
-1181.585289
  0
POINT
  8
3
 10
-264.156432
 20
-1183.200657
  0
POINT
  8
3
 10
-262.664631
 20
-1184.745520
  0
POINT
  8
3
 10
-261.103716
 20
-1186.221669
  0
POINT
  8
3
 10
-259.476169
 20
-1187.630907
  0
POINT
  8
3
 10
-257.784498
 20
-1188.975013
  0
POINT
  8
3
 10
-256.031191
 20
-1190.255788
  0
POINT
  8
3
 10
-254.218733
 20
-1191.475029
  0
POINT
  8
3
 10
-251.969235
 20
-1192.859405
  0
POINT
  8
3
 10
-249.642465
 20
-1194.160849
  0
POINT
  8
3
 10
-247.242746
 20
-1195.382451
  0
POINT
  8
3
 10
-244.774373
 20
-1196.527317
  0
POINT
  8
3
 10
-242.241671
 20
-1197.598538
  0
POINT
  8
3
 10
-239.648942
 20
-1198.599215
  0
POINT
  8
3
 10
-237.000485
 20
-1199.532451
  0
POINT
  8
3
 10
-233.845957
 20
-1200.540113
  0
POINT
  8
3
 10
-230.628290
 20
-1201.465115
  0
POINT
  8
3
 10
-227.354345
 20
-1202.312370
  0
POINT
  8
3
 10
-223.552540
 20
-1203.191780
  0
POINT
  8
3
 10
-219.696371
 20
-1203.983417
  0
POINT
  8
3
 10
-215.796062
 20
-1204.694623
  0
POINT
  8
3
 10
-211.368150
 20
-1205.407738
  0
POINT
  8
3
 10
-206.415566
 20
-1206.104322
  0
POINT
  8
3
 10
-201.447877
 20
-1206.713962
  0
POINT
  8
3
 10
-195.494776
 20
-1207.350964
  0
POINT
  8
3
 10
-188.604287
 20
-1207.995072
  0
POINT
  8
3
 10
-178.494063
 20
-1208.843787
  0
POINT
  8
3
 10
-171.886526
 20
-1220.247364
  0
POINT
  8
3
 10
-175.005857
 20
-1230.015279
  0
POINT
  8
3
 10
-178.162319
 20
-1239.995087
  0
POINT
  8
3
 10
-181.151224
 20
-1249.564081
  0
POINT
  8
3
 10
-184.104646
 20
-1259.153852
  0
POINT
  8
3
 10
-187.017477
 20
-1268.764046
  0
POINT
  8
3
 10
-189.884608
 20
-1278.394307
  0
POINT
  8
3
 10
-192.700929
 20
-1288.044280
  0
POINT
  8
3
 10
-195.461332
 20
-1297.713610
  0
POINT
  8
3
 10
-198.160708
 20
-1307.401941
  0
POINT
  8
3
 10
-200.793947
 20
-1317.108918
  0
POINT
  8
3
 10
-203.355941
 20
-1326.834187
  0
POINT
  8
3
 10
-205.841581
 20
-1336.577392
  0
POINT
  8
3
 10
-208.245758
 20
-1346.338177
  0
POINT
  8
3
 10
-210.563362
 20
-1356.116188
  0
POINT
  8
3
 10
-212.789285
 20
-1365.911069
  0
POINT
  8
3
 10
-214.918418
 20
-1375.722466
  0
POINT
  8
3
 10
-216.725595
 20
-1384.457285
  0
POINT
  8
3
 10
-218.448670
 20
-1393.204623
  0
POINT
  8
3
 10
-220.084056
 20
-1401.964230
  0
POINT
  8
3
 10
-221.628164
 20
-1410.735857
  0
POINT
  8
3
 10
-223.077407
 20
-1419.519255
  0
POINT
  8
3
 10
-224.428196
 20
-1428.314173
  0
POINT
  8
3
 10
-225.676942
 20
-1437.120364
  0
POINT
  8
3
 10
-226.683068
 20
-1444.834830
  0
POINT
  8
3
 10
-227.605917
 20
-1452.557569
  0
POINT
  8
3
 10
-228.443085
 20
-1460.288411
  0
POINT
  8
3
 10
-229.192169
 20
-1468.027192
  0
POINT
  8
3
 10
-229.850764
 20
-1475.773742
  0
POINT
  8
3
 10
-230.416466
 20
-1483.527896
  0
POINT
  8
3
 10
-230.886873
 20
-1491.289486
  0
POINT
  8
3
 10
-231.259754
 20
-1499.006531
  0
POINT
  8
3
 10
-231.488400
 20
-1504.687958
  0
POINT
  8
3
 10
-235.339538
 20
-1504.440557
  0
POINT
  8
3
 10
-245.098650
 20
-1503.857126
  0
POINT
  8
3
 10
-255.442265
 20
-1503.285840
  0
POINT
  8
3
 10
-265.606117
 20
-1502.764866
  0
POINT
  8
3
 10
-276.226474
 20
-1502.260725
  0
POINT
  8
3
 10
-286.886226
 20
-1501.795256
  0
POINT
  8
3
 10
-297.252999
 20
-1501.381703
  0
POINT
  8
3
 10
-308.182032
 20
-1500.988364
  0
POINT
  8
3
 10
-318.433618
 20
-1500.660495
  0
POINT
  8
3
 10
-329.019077
 20
-1500.365485
  0
POINT
  8
3
 10
-339.880828
 20
-1500.111144
  0
POINT
  8
3
 10
-350.961290
 20
-1499.905281
  0
POINT
  8
3
 10
-360.947644
 20
-1499.769302
  0
POINT
  8
3
 10
-371.020870
 20
-1499.683281
  0
POINT
  8
3
 10
-382.406731
 20
-1499.653054
  0
POINT
  8
4
 10
-555.488396
 20
-1502.687836
 30
0.400000
 50
  2.22
  0
TEXT
  8
4
 10
-555.488396
 20
-1502.687836
 40
0.000000
 50
0.000000
  1
# 149
  0
POINT
  8
4
 10
-572.264061
 20
-994.887848
 30
0.400000
 50
272.25
  0
TEXT
  8
4
 10
-572.264061
 20
-994.887848
 40
0.000000
 50
0.000000
  1
# 150
  0
POINT
  8
4
 10
-528.130417
 20
-993.150940
 30
0.400000
 50
272.25
  0
TEXT
  8
4
 10
-528.130417
 20
-993.150940
 40
0.000000
 50
0.000000
  1
# 151
  0
POINT
  8
4
 10
-374.249573
 20
-987.094803
 30
0.400000
 50
272.25
  0
TEXT
  8
4
 10
-374.249573
 20
-987.094803
 40
0.000000
 50
0.000000
  1
# 152
  0
POINT
  8
4
 10
-331.312485
 20
-985.404892
 30
0.400000
 50
272.25
  0
TEXT
  8
4
 10
-331.312485
 20
-985.404892
 40
0.000000
 50
0.000000
  1
# 153
  0
POINT
  8
4
 10
-231.488400
 20
-1504.687958
 30
0.400000
 50
176.32
  0
TEXT
  8
4
 10
-231.488400
 20
-1504.687958
 40
0.000000
 50
0.000000
  1
# 154
  0
POLYLINE
  8
8
  66
1
  70
0
  0
VERTEX
  8
8
  10
-393.488388
  20
-1222.688065
  0
VERTEX
  8
8
  10
-393.488388
  20
-1499.687958
  0
SEQEND
  8
8
  0
POINT
  8
2
 10
-393.488388
 20
-1222.688065
  0
TEXT
  8
2
 10
-393.488388
 20
-1222.688065
 40
0.000000
 50
0.000000
  1
# 155
  0
POINT
  8
2
 10
-393.488388
 20
-1499.687958
  0
TEXT
  8
2
 10
-393.488388
 20
-1499.687958
 40
0.000000
 50
0.000000
  1
# 156
  0
POLYLINE
  8
8
  66
1
  70
0
  0
VERTEX
  8
8
  10
-176.488342
  20
-1234.688110
  0
VERTEX
  8
8
  10
-579.446449
  20
-1222.689209
  0
SEQEND
  8
8
  0
POINT
  8
2
 10
-176.488342
 20
-1234.688110
  0
TEXT
  8
2
 10
-176.488342
 20
-1234.688110
 40
0.000000
 50
0.000000
  1
# 157
  0
POINT
  8
2
 10
-579.446449
 20
-1222.689209
  0
TEXT
  8
2
 10
-579.446449
 20
-1222.689209
 40
0.000000
 50
0.000000
  1
# 158
  0
POLYLINE
  8
8
  66
1
  70
0
  0
VERTEX
  8
8
  10
-286.488323
  20
-1117.687988
  0
VERTEX
  8
8
  10
-589.488297
  20
-1117.687912
  0
SEQEND
  8
8
  0
POINT
  8
2
 10
-286.488323
 20
-1117.687988
  0
TEXT
  8
2
 10
-286.488323
 20
-1117.687988
 40
0.000000
 50
0.000000
  1
# 159
  0
POINT
  8
2
 10
-589.488297
 20
-1117.687912
  0
TEXT
  8
2
 10
-589.488297
 20
-1117.687912
 40
0.000000
 50
0.000000
  1
# 160
  0
POLYLINE
  8
8
  66
1
  70
0
  0
VERTEX
  8
8
  10
-508.784027
  20
-1052.435989
  0
VERTEX
  8
8
  10
-388.876877
  20
-1047.716904
  0
SEQEND
  8
8
  0
POINT
  8
2
 10
-508.784027
 20
-1052.435989
  0
TEXT
  8
2
 10
-508.784027
 20
-1052.435989
 40
0.000000
 50
0.000000
  1
# 161
  0
POINT
  8
2
 10
-388.876877
 20
-1047.716904
  0
TEXT
  8
2
 10
-388.876877
 20
-1047.716904
 40
0.000000
 50
0.000000
  1
# 162
  0
POLYLINE
  8
8
  66
1
  70
0
  0
VERTEX
  8
8
  10
-524.362297
  20
-1038.037491
  0
VERTEX
  8
8
  10
-508.784027
  20
-1052.435989
  0
SEQEND
  8
8
  0
POINT
  8
2
 10
-524.362297
 20
-1038.037491
  0
TEXT
  8
2
 10
-524.362297
 20
-1038.037491
 40
0.000000
 50
0.000000
  1
# 163
  0
POINT
  8
2
 10
-508.784027
 20
-1052.435989
  0
TEXT
  8
2
 10
-508.784027
 20
-1052.435989
 40
0.000000
 50
0.000000
  1
# 164
  0
POLYLINE
  8
8
  66
1
  70
0
  0
VERTEX
  8
8
  10
-528.130417
  20
-993.150940
  0
VERTEX
  8
8
  10
-524.362297
  20
-1038.037491
  0
SEQEND
  8
8
  0
POINT
  8
2
 10
-528.130417
 20
-993.150940
  0
TEXT
  8
2
 10
-528.130417
 20
-993.150940
 40
0.000000
 50
0.000000
  1
# 165
  0
POINT
  8
2
 10
-524.362297
 20
-1038.037491
  0
TEXT
  8
2
 10
-524.362297
 20
-1038.037491
 40
0.000000
 50
0.000000
  1
# 166
  0
POLYLINE
  8
8
  66
1
  70
0
  0
VERTEX
  8
8
  10
-374.478378
  20
-1032.138596
  0
VERTEX
  8
8
  10
-374.249573
  20
-987.094803
  0
SEQEND
  8
8
  0
POINT
  8
2
 10
-374.478378
 20
-1032.138596
  0
TEXT
  8
2
 10
-374.478378
 20
-1032.138596
 40
0.000000
 50
0.000000
  1
# 167
  0
POINT
  8
2
 10
-374.249573
 20
-987.094803
  0
TEXT
  8
2
 10
-374.249573
 20
-987.094803
 40
0.000000
 50
0.000000
  1
# 168
  0
POLYLINE
  8
8
  66
1
  70
0
  0
VERTEX
  8
8
  10
-374.478378
  20
-1032.138596
  0
VERTEX
  8
8
  10
-388.876877
  20
-1047.716904
  0
SEQEND
  8
8
  0
POINT
  8
2
 10
-374.478378
 20
-1032.138596
  0
TEXT
  8
2
 10
-374.478378
 20
-1032.138596
 40
0.000000
 50
0.000000
  1
# 169
  0
POINT
  8
2
 10
-388.876877
 20
-1047.716904
  0
TEXT
  8
2
 10
-388.876877
 20
-1047.716904
 40
0.000000
 50
0.000000
  1
# 170
  0
POLYLINE
  8
8
  66
1
  70
0
  0
VERTEX
  8
8
  10
-451.189995
  20
-990.122833
  0
VERTEX
  8
8
  10
-448.830452
  20
-1050.076447
  0
SEQEND
  8
8
  0
POINT
  8
2
 10
-451.189995
 20
-990.122833
  0
TEXT
  8
2
 10
-451.189995
 20
-990.122833
 40
0.000000
 50
0.000000
  1
# 171
  0
POINT
  8
2
 10
-448.830452
 20
-1050.076447
  0
TEXT
  8
2
 10
-448.830452
 20
-1050.076447
 40
0.000000
 50
0.000000
  1
# 172
  0
POLYLINE
  8
8
  66
1
  70
0
  0
VERTEX
  8
8
  10
-509.785652
  20
-1037.893066
  0
VERTEX
  8
8
  10
-499.604340
  20
-1026.877518
  0
SEQEND
  8
8
  0
POINT
  8
2
 10
-509.785652
 20
-1037.893066
  0
TEXT
  8
2
 10
-509.785652
 20
-1037.893066
 40
0.000000
 50
0.000000
  1
# 173
  0
POINT
  8
2
 10
-499.604340
 20
-1026.877518
  0
TEXT
  8
2
 10
-499.604340
 20
-1026.877518
 40
0.000000
 50
0.000000
  1
# 174
  0
POLYLINE
  8
8
  66
1
  70
0
  0
VERTEX
  8
8
  10
-389.021301
  20
-1033.140182
  0
VERTEX
  8
8
  10
-400.036812
  20
-1022.958908
  0
SEQEND
  8
8
  0
POINT
  8
2
 10
-389.021301
 20
-1033.140182
  0
TEXT
  8
2
 10
-389.021301
 20
-1033.140182
 40
0.000000
 50
0.000000
  1
# 175
  0
POINT
  8
2
 10
-400.036812
 20
-1022.958908
  0
TEXT
  8
2
 10
-400.036812
 20
-1022.958908
 40
0.000000
 50
0.000000
  1
# 176
 0
LINE
 8
7
 10
-461.684952
 20
-1325.555878
 11
-461.684952
 21
-1215.997009
  0
TEXT
  8
1
 10
-378.752384
 20
-1253.323174
 40
10.000000
 50
0.000000
  1
Piece Name: 26SMC-WP313M 展_左后_175/92
  0
TEXT
  8
1
 10
-378.752384
 20
-1238.323174
 40
10.000000
 50
0.000000
  1
Size: 175/92
  0
TEXT
  8
1
 10
-378.752384
 20
-1223.323174
 40
10.000000
 50
0.000000
  1
Annotation: 
  0
TEXT
  8
1
 10
-378.752384
 20
-1208.323174
 40
10.000000
 50
0.000000
  1
Quantity: 1
  0
TEXT
  8
1
 10
-378.752384
 20
-1193.323174
 40
10.000000
 50
0.000000
  1
Material: 面
  0
TEXT
  8
1
 10
-378.752384
 20
-1193.323174
 40
10.000000
 50
0.000000
  1
Category: 3
0
ENDBLK
0
BLOCK
  8
1
  2
26SMC-WP313M 展_左前_175/92
 70
0
 10
0.0
 20
0.0
  0
POLYLINE
  8
1
  66
1
  70
1
  0
VERTEX
  8
1
  10
-769.420395
  20
-1534.712677
  0
VERTEX
  8
1
  10
-781.026306
  20
-1534.722443
  0
VERTEX
  8
1
  10
-791.110382
  20
-1534.788971
  0
VERTEX
  8
1
  10
-801.121674
  20
-1534.908295
  0
VERTEX
  8
1
  10
-810.976486
  20
-1535.072632
  0
VERTEX
  8
1
  10
-821.450958
  20
-1535.294037
  0
VERTEX
  8
1
  10
-831.533051
  20
-1535.549164
  0
VERTEX
  8
1
  10
-841.888885
  20
-1535.851746
  0
VERTEX
  8
1
  10
-852.231674
  20
-1536.193085
  0
VERTEX
  8
1
  10
-862.195206
  20
-1536.558228
  0
VERTEX
  8
1
  10
-872.340775
  20
-1536.967316
  0
VERTEX
  8
1
  10
-882.212982
  20
-1537.405090
  0
VERTEX
  8
1
  10
-898.451614
  20
-1538.163910
  0
VERTEX
  8
1
  10
-898.596497
  20
-1531.143188
  0
VERTEX
  8
1
  10
-898.844299
  20
-1521.049042
  0
VERTEX
  8
1
  10
-899.129639
  20
-1511.011200
  0
VERTEX
  8
1
  10
-899.441757
  20
-1501.195679
  0
VERTEX
  8
1
  10
-899.445267
  20
-1501.084595
  0
VERTEX
  8
1
  10
-899.868164
  20
-1491.161957
  0
VERTEX
  8
1
  10
-900.329590
  20
-1481.130676
  0
VERTEX
  8
1
  10
-900.832596
  20
-1471.045990
  0
VERTEX
  8
1
  10
-901.375046
  20
-1460.962677
  0
VERTEX
  8
1
  10
-901.957169
  20
-1450.880890
  0
VERTEX
  8
1
  10
-902.579117
  20
-1440.800781
  0
VERTEX
  8
1
  10
-903.240967
  20
-1430.722809
  0
VERTEX
  8
1
  10
-903.943024
  20
-1420.647125
  0
VERTEX
  8
1
  10
-904.685364
  20
-1410.574188
  0
VERTEX
  8
1
  10
-905.468216
  20
-1400.503998
  0
VERTEX
  8
1
  10
-906.291733
  20
-1390.436859
  0
VERTEX
  8
1
  10
-907.156067
  20
-1380.373230
  0
VERTEX
  8
1
  10
-908.061447
  20
-1370.313263
  0
VERTEX
  8
1
  10
-909.007950
  20
-1360.257111
  0
VERTEX
  8
1
  10
-909.995804
  20
-1350.205383
  0
VERTEX
  8
1
  10
-911.025162
  20
-1340.157928
  0
VERTEX
  8
1
  10
-912.096252
  20
-1330.115356
  0
VERTEX
  8
1
  10
-913.209229
  20
-1320.077820
  0
VERTEX
  8
1
  10
-914.364243
  20
-1310.045471
  0
VERTEX
  8
1
  10
-915.561371
  20
-1300.018616
  0
VERTEX
  8
1
  10
-916.800995
  20
-1289.997711
  0
VERTEX
  8
1
  10
-918.083115
  20
-1279.982834
  0
VERTEX
  8
1
  10
-919.407959
  20
-1269.974365
  0
VERTEX
  8
1
  10
-920.775681
  20
-1259.972458
  0
VERTEX
  8
1
  10
-922.186508
  20
-1249.977417
  0
VERTEX
  8
1
  10
-923.640594
  20
-1239.989624
  0
VERTEX
  8
1
  10
-925.138016
  20
-1230.009155
  0
VERTEX
  8
1
  10
-926.804504
  20
-1219.236755
  0
VERTEX
  8
1
  10
-928.459854
  20
-1208.813477
  0
VERTEX
  8
1
  10
-930.221252
  20
-1197.920609
  0
VERTEX
  8
1
  10
-931.778564
  20
-1188.244781
  0
VERTEX
  8
1
  10
-924.670792
  20
-1186.468964
  0
VERTEX
  8
1
  10
-921.508484
  20
-1185.694733
  0
VERTEX
  8
1
  10
-920.048599
  20
-1185.304031
  0
VERTEX
  8
1
  10
-918.608246
  20
-1184.842148
  0
VERTEX
  8
1
  10
-917.346420
  20
-1184.370193
  0
VERTEX
  8
1
  10
-916.131592
  20
-1183.849640
  0
VERTEX
  8
1
  10
-914.976730
  20
-1183.286285
  0
VERTEX
  8
1
  10
-913.779297
  20
-1182.618332
  0
VERTEX
  8
1
  10
-912.867584
  20
-1182.041168
  0
VERTEX
  8
1
  10
-911.897583
  20
-1181.353149
  0
VERTEX
  8
1
  10
-910.966263
  20
-1180.613327
  0
VERTEX
  8
1
  10
-910.069656
  20
-1179.819870
  0
VERTEX
  8
1
  10
-909.204712
  20
-1178.971024
  0
VERTEX
  8
1
  10
-908.369217
  20
-1178.065109
  0
VERTEX
  8
1
  10
-907.473602
  20
-1176.989975
  0
VERTEX
  8
1
  10
-906.611633
  20
-1175.841522
  0
VERTEX
  8
1
  10
-905.782776
  20
-1174.619446
  0
VERTEX
  8
1
  10
-904.987183
  20
-1173.324127
  0
VERTEX
  8
1
  10
-904.225464
  20
-1171.956787
  0
VERTEX
  8
1
  10
-903.427124
  20
-1170.371628
  0
VERTEX
  8
1
  10
-902.670898
  20
-1168.704910
  0
VERTEX
  8
1
  10
-901.957397
  20
-1166.960602
  0
VERTEX
  8
1
  10
-901.227875
  20
-1164.974594
  0
VERTEX
  8
1
  10
-900.549164
  20
-1162.908096
  0
VERTEX
  8
1
  10
-899.870682
  20
-1160.586548
  0
VERTEX
  8
1
  10
-899.249725
  20
-1158.187561
  0
VERTEX
  8
1
  10
-898.643265
  20
-1155.528030
  0
VERTEX
  8
1
  10
-898.061676
  20
-1152.603683
  0
VERTEX
  8
1
  10
-897.514038
  20
-1149.414673
  0
VERTEX
  8
1
  10
-897.007523
  20
-1145.965805
  0
VERTEX
  8
1
  10
-896.546783
  20
-1142.267761
  0
VERTEX
  8
1
  10
-896.093369
  20
-1137.922821
  0
VERTEX
  8
1
  10
-895.647430
  20
-1132.753448
  0
VERTEX
  8
1
  10
-895.108185
  20
-1125.221252
  0
VERTEX
  8
1
  10
-894.429855
  20
-1115.047531
  0
VERTEX
  8
1
  10
-884.111786
  20
-960.276794
  0
VERTEX
  8
1
  10
-874.247665
  20
-960.738068
  0
VERTEX
  8
1
  10
-864.308167
  20
-961.224899
  0
VERTEX
  8
1
  10
-854.779282
  20
-961.615677
  0
VERTEX
  8
1
  10
-846.204453
  20
-961.887817
  0
VERTEX
  8
1
  10
-838.730011
  20
-962.046432
  0
VERTEX
  8
1
  10
-831.230240
  20
-962.124329
  0
VERTEX
  8
1
  10
-823.397446
  20
-962.123260
  0
VERTEX
  8
1
  10
-815.232010
  20
-962.037506
  0
VERTEX
  8
1
  10
-806.864319
  20
-961.865616
  0
VERTEX
  8
1
  10
-798.698196
  20
-961.618423
  0
VERTEX
  8
1
  10
-790.541992
  20
-961.288681
  0
VERTEX
  8
1
  10
-782.722092
  20
-960.889587
  0
VERTEX
  8
1
  10
-777.452011
  20
-960.564423
  0
VERTEX
  8
1
  10
-775.440445
  20
-960.440369
  0
VERTEX
  8
1
  10
-767.968216
  20
-959.896774
  0
VERTEX
  8
1
  10
-760.835800
  20
-959.293671
  0
VERTEX
  8
1
  10
-754.043121
  20
-958.636856
  0
VERTEX
  8
1
  10
-747.589645
  20
-957.933044
  0
VERTEX
  8
1
  10
-741.153030
  20
-957.148666
  0
VERTEX
  8
1
  10
-735.077209
  20
-956.347656
  0
VERTEX
  8
1
  10
-728.225632
  20
-955.465698
  0
VERTEX
  8
1
  10
-670.379333
  20
-1076.267166
  0
VERTEX
  8
1
  10
-625.341530
  20
-1091.940460
  0
VERTEX
  8
1
  10
-625.074234
  20
-1099.371109
  0
VERTEX
  8
1
  10
-624.740372
  20
-1108.068390
  0
VERTEX
  8
1
  10
-624.466019
  20
-1117.371368
  0
VERTEX
  8
1
  10
-624.298210
  20
-1125.877228
  0
VERTEX
  8
1
  10
-624.230766
  20
-1133.278351
  0
VERTEX
  8
1
  10
-624.248619
  20
-1140.546570
  0
VERTEX
  8
1
  10
-624.355545
  20
-1148.489914
  0
VERTEX
  8
1
  10
-624.558830
  20
-1157.103195
  0
VERTEX
  8
1
  10
-624.635201
  20
-1159.441299
  0
VERTEX
  8
1
  10
-624.884262
  20
-1167.066116
  0
VERTEX
  8
1
  10
-625.291252
  20
-1177.275085
  0
VERTEX
  8
1
  10
-625.754967
  20
-1187.533417
  0
VERTEX
  8
1
  10
-626.257515
  20
-1197.774658
  0
VERTEX
  8
1
  10
-626.773872
  20
-1207.810516
  0
VERTEX
  8
1
  10
-627.310562
  20
-1218.024292
  0
VERTEX
  8
1
  10
-627.846069
  20
-1228.226700
  0
VERTEX
  8
1
  10
-628.365822
  20
-1238.361359
  0
VERTEX
  8
1
  10
-628.871269
  20
-1248.555679
  0
VERTEX
  8
1
  10
-629.362221
  20
-1258.753738
  0
VERTEX
  8
1
  10
-629.832306
  20
-1268.752823
  0
VERTEX
  8
1
  10
-630.302467
  20
-1278.955612
  0
VERTEX
  8
1
  10
-630.763397
  20
-1289.159088
  0
VERTEX
  8
1
  10
-631.205559
  20
-1299.141083
  0
VERTEX
  8
1
  10
-631.649055
  20
-1309.346161
  0
VERTEX
  8
1
  10
-632.084770
  20
-1319.552460
  0
VERTEX
  8
1
  10
-632.518044
  20
-1329.863434
  0
VERTEX
  8
1
  10
-632.941132
  20
-1340.072021
  0
VERTEX
  8
1
  10
-633.359146
  20
-1350.281677
  0
VERTEX
  8
1
  10
-633.772888
  20
-1360.492096
  0
VERTEX
  8
1
  10
-634.186821
  20
-1370.796814
  0
VERTEX
  8
1
  10
-634.594345
  20
-1381.009216
  0
VERTEX
  8
1
  10
-634.999924
  20
-1391.222382
  0
VERTEX
  8
1
  10
-635.407944
  20
-1401.523895
  0
VERTEX
  8
1
  10
-635.516510
  20
-1404.267120
  0
VERTEX
  8
1
  10
-635.812225
  20
-1411.738739
  0
VERTEX
  8
1
  10
-636.217079
  20
-1421.954498
  0
VERTEX
  8
1
  10
-636.626740
  20
-1432.256927
  0
VERTEX
  8
1
  10
-637.035141
  20
-1442.473907
  0
VERTEX
  8
1
  10
-637.446480
  20
-1452.691650
  0
VERTEX
  8
1
  10
-637.865181
  20
-1462.998810
  0
VERTEX
  8
1
  10
-638.284874
  20
-1473.217926
  0
VERTEX
  8
1
  10
-638.710175
  20
-1483.437805
  0
VERTEX
  8
1
  10
-639.138832
  20
-1493.587799
  0
VERTEX
  8
1
  10
-639.458656
  20
-1501.084595
  0
VERTEX
  8
1
  10
-639.461670
  20
-1501.179352
  0
VERTEX
  8
1
  10
-639.696808
  20
-1508.584442
  0
VERTEX
  8
1
  10
-640.023651
  20
-1518.738251
  0
VERTEX
  8
1
  10
-640.358963
  20
-1528.961334
  0
VERTEX
  8
1
  10
-640.665131
  20
-1538.142090
  0
VERTEX
  8
1
  10
-661.788101
  20
-1537.173615
  0
VERTEX
  8
1
  10
-671.784592
  20
-1536.751862
  0
VERTEX
  8
1
  10
-682.357254
  20
-1536.346893
  0
VERTEX
  8
1
  10
-693.016510
  20
-1535.979156
  0
VERTEX
  8
1
  10
-703.096619
  20
-1535.669250
  0
VERTEX
  8
1
  10
-713.817139
  20
-1535.381317
  0
VERTEX
  8
1
  10
-724.164276
  20
-1535.146790
  0
VERTEX
  8
1
  10
-734.834824
  20
-1534.952698
  0
VERTEX
  8
1
  10
-744.808350
  20
-1534.819183
  0
VERTEX
  8
1
  10
-754.879608
  20
-1534.736176
  0
VERTEX
  8
1
  10
-764.976654
  20
-1534.709778
  0
SEQEND
  8
1
  0
POINT
  8
2
 10
-769.420395
 20
-1534.712677
  0
TEXT
  8
2
 10
-769.420395
 20
-1534.712677
 40
0.000000
 50
0.000000
  1
# 177
  0
POINT
  8
2
 10
-898.451614
 20
-1538.163910
  0
TEXT
  8
2
 10
-898.451614
 20
-1538.163910
 40
0.000000
 50
0.000000
  1
# 178
  0
POINT
  8
2
 10
-899.445267
 20
-1501.084595
  0
TEXT
  8
2
 10
-899.445267
 20
-1501.084595
 40
0.000000
 50
0.000000
  1
# 179
  0
POINT
  8
2
 10
-931.778564
 20
-1188.244781
  0
TEXT
  8
2
 10
-931.778564
 20
-1188.244781
 40
0.000000
 50
0.000000
  1
# 180
  0
POINT
  8
2
 10
-894.429855
 20
-1115.047531
  0
TEXT
  8
2
 10
-894.429855
 20
-1115.047531
 40
0.000000
 50
0.000000
  1
# 181
  0
POINT
  8
2
 10
-884.111786
 20
-960.276794
  0
TEXT
  8
2
 10
-884.111786
 20
-960.276794
 40
0.000000
 50
0.000000
  1
# 182
  0
POINT
  8
2
 10
-728.225632
 20
-955.465698
  0
TEXT
  8
2
 10
-728.225632
 20
-955.465698
 40
0.000000
 50
0.000000
  1
# 183
  0
POINT
  8
2
 10
-670.379333
 20
-1076.267166
  0
TEXT
  8
2
 10
-670.379333
 20
-1076.267166
 40
0.000000
 50
0.000000
  1
# 184
  0
POINT
  8
2
 10
-625.341530
 20
-1091.940460
  0
TEXT
  8
2
 10
-625.341530
 20
-1091.940460
 40
0.000000
 50
0.000000
  1
# 185
  0
POINT
  8
2
 10
-639.458656
 20
-1501.084595
  0
TEXT
  8
2
 10
-639.458656
 20
-1501.084595
 40
0.000000
 50
0.000000
  1
# 186
  0
POINT
  8
2
 10
-640.665131
 20
-1538.142090
  0
TEXT
  8
2
 10
-640.665131
 20
-1538.142090
 40
0.000000
 50
0.000000
  1
# 187
  0
POINT
  8
3
 10
-781.026306
 20
-1534.722443
  0
POINT
  8
3
 10
-791.110382
 20
-1534.788971
  0
POINT
  8
3
 10
-801.121674
 20
-1534.908295
  0
POINT
  8
3
 10
-810.976486
 20
-1535.072632
  0
POINT
  8
3
 10
-821.450958
 20
-1535.294037
  0
POINT
  8
3
 10
-831.533051
 20
-1535.549164
  0
POINT
  8
3
 10
-841.888885
 20
-1535.851746
  0
POINT
  8
3
 10
-852.231674
 20
-1536.193085
  0
POINT
  8
3
 10
-862.195206
 20
-1536.558228
  0
POINT
  8
3
 10
-872.340775
 20
-1536.967316
  0
POINT
  8
3
 10
-882.212982
 20
-1537.405090
  0
POINT
  8
3
 10
-898.596497
 20
-1531.143188
  0
POINT
  8
3
 10
-898.844299
 20
-1521.049042
  0
POINT
  8
3
 10
-899.129639
 20
-1511.011200
  0
POINT
  8
3
 10
-899.441757
 20
-1501.195679
  0
POINT
  8
3
 10
-899.868164
 20
-1491.161957
  0
POINT
  8
3
 10
-900.329590
 20
-1481.130676
  0
POINT
  8
3
 10
-900.832596
 20
-1471.045990
  0
POINT
  8
3
 10
-901.375046
 20
-1460.962677
  0
POINT
  8
3
 10
-901.957169
 20
-1450.880890
  0
POINT
  8
3
 10
-902.579117
 20
-1440.800781
  0
POINT
  8
3
 10
-903.240967
 20
-1430.722809
  0
POINT
  8
3
 10
-903.943024
 20
-1420.647125
  0
POINT
  8
3
 10
-904.685364
 20
-1410.574188
  0
POINT
  8
3
 10
-905.468216
 20
-1400.503998
  0
POINT
  8
3
 10
-906.291733
 20
-1390.436859
  0
POINT
  8
3
 10
-907.156067
 20
-1380.373230
  0
POINT
  8
3
 10
-908.061447
 20
-1370.313263
  0
POINT
  8
3
 10
-909.007950
 20
-1360.257111
  0
POINT
  8
3
 10
-909.995804
 20
-1350.205383
  0
POINT
  8
3
 10
-911.025162
 20
-1340.157928
  0
POINT
  8
3
 10
-912.096252
 20
-1330.115356
  0
POINT
  8
3
 10
-913.209229
 20
-1320.077820
  0
POINT
  8
3
 10
-914.364243
 20
-1310.045471
  0
POINT
  8
3
 10
-915.561371
 20
-1300.018616
  0
POINT
  8
3
 10
-916.800995
 20
-1289.997711
  0
POINT
  8
3
 10
-918.083115
 20
-1279.982834
  0
POINT
  8
3
 10
-919.407959
 20
-1269.974365
  0
POINT
  8
3
 10
-920.775681
 20
-1259.972458
  0
POINT
  8
3
 10
-922.186508
 20
-1249.977417
  0
POINT
  8
3
 10
-923.640594
 20
-1239.989624
  0
POINT
  8
3
 10
-925.138016
 20
-1230.009155
  0
POINT
  8
3
 10
-926.804504
 20
-1219.236755
  0
POINT
  8
3
 10
-928.459854
 20
-1208.813477
  0
POINT
  8
3
 10
-930.221252
 20
-1197.920609
  0
POINT
  8
3
 10
-924.670792
 20
-1186.468964
  0
POINT
  8
3
 10
-921.508484
 20
-1185.694733
  0
POINT
  8
3
 10
-920.048599
 20
-1185.304031
  0
POINT
  8
3
 10
-918.608246
 20
-1184.842148
  0
POINT
  8
3
 10
-917.346420
 20
-1184.370193
  0
POINT
  8
3
 10
-916.131592
 20
-1183.849640
  0
POINT
  8
3
 10
-914.976730
 20
-1183.286285
  0
POINT
  8
3
 10
-913.779297
 20
-1182.618332
  0
POINT
  8
3
 10
-912.867584
 20
-1182.041168
  0
POINT
  8
3
 10
-911.897583
 20
-1181.353149
  0
POINT
  8
3
 10
-910.966263
 20
-1180.613327
  0
POINT
  8
3
 10
-910.069656
 20
-1179.819870
  0
POINT
  8
3
 10
-909.204712
 20
-1178.971024
  0
POINT
  8
3
 10
-908.369217
 20
-1178.065109
  0
POINT
  8
3
 10
-907.473602
 20
-1176.989975
  0
POINT
  8
3
 10
-906.611633
 20
-1175.841522
  0
POINT
  8
3
 10
-905.782776
 20
-1174.619446
  0
POINT
  8
3
 10
-904.987183
 20
-1173.324127
  0
POINT
  8
3
 10
-904.225464
 20
-1171.956787
  0
POINT
  8
3
 10
-903.427124
 20
-1170.371628
  0
POINT
  8
3
 10
-902.670898
 20
-1168.704910
  0
POINT
  8
3
 10
-901.957397
 20
-1166.960602
  0
POINT
  8
3
 10
-901.227875
 20
-1164.974594
  0
POINT
  8
3
 10
-900.549164
 20
-1162.908096
  0
POINT
  8
3
 10
-899.870682
 20
-1160.586548
  0
POINT
  8
3
 10
-899.249725
 20
-1158.187561
  0
POINT
  8
3
 10
-898.643265
 20
-1155.528030
  0
POINT
  8
3
 10
-898.061676
 20
-1152.603683
  0
POINT
  8
3
 10
-897.514038
 20
-1149.414673
  0
POINT
  8
3
 10
-897.007523
 20
-1145.965805
  0
POINT
  8
3
 10
-896.546783
 20
-1142.267761
  0
POINT
  8
3
 10
-896.093369
 20
-1137.922821
  0
POINT
  8
3
 10
-895.647430
 20
-1132.753448
  0
POINT
  8
3
 10
-895.108185
 20
-1125.221252
  0
POINT
  8
3
 10
-874.247665
 20
-960.738068
  0
POINT
  8
3
 10
-864.308167
 20
-961.224899
  0
POINT
  8
3
 10
-854.779282
 20
-961.615677
  0
POINT
  8
3
 10
-846.204453
 20
-961.887817
  0
POINT
  8
3
 10
-838.730011
 20
-962.046432
  0
POINT
  8
3
 10
-831.230240
 20
-962.124329
  0
POINT
  8
3
 10
-823.397446
 20
-962.123260
  0
POINT
  8
3
 10
-815.232010
 20
-962.037506
  0
POINT
  8
3
 10
-806.864319
 20
-961.865616
  0
POINT
  8
3
 10
-798.698196
 20
-961.618423
  0
POINT
  8
3
 10
-790.541992
 20
-961.288681
  0
POINT
  8
3
 10
-782.722092
 20
-960.889587
  0
POINT
  8
3
 10
-777.452011
 20
-960.564423
  0
POINT
  8
3
 10
-775.440445
 20
-960.440369
  0
POINT
  8
3
 10
-767.968216
 20
-959.896774
  0
POINT
  8
3
 10
-760.835800
 20
-959.293671
  0
POINT
  8
3
 10
-754.043121
 20
-958.636856
  0
POINT
  8
3
 10
-747.589645
 20
-957.933044
  0
POINT
  8
3
 10
-741.153030
 20
-957.148666
  0
POINT
  8
3
 10
-735.077209
 20
-956.347656
  0
POINT
  8
3
 10
-625.074234
 20
-1099.371109
  0
POINT
  8
3
 10
-624.740372
 20
-1108.068390
  0
POINT
  8
3
 10
-624.466019
 20
-1117.371368
  0
POINT
  8
3
 10
-624.298210
 20
-1125.877228
  0
POINT
  8
3
 10
-624.230766
 20
-1133.278351
  0
POINT
  8
3
 10
-624.248619
 20
-1140.546570
  0
POINT
  8
3
 10
-624.355545
 20
-1148.489914
  0
POINT
  8
3
 10
-624.558830
 20
-1157.103195
  0
POINT
  8
3
 10
-624.635201
 20
-1159.441299
  0
POINT
  8
3
 10
-624.884262
 20
-1167.066116
  0
POINT
  8
3
 10
-625.291252
 20
-1177.275085
  0
POINT
  8
3
 10
-625.754967
 20
-1187.533417
  0
POINT
  8
3
 10
-626.257515
 20
-1197.774658
  0
POINT
  8
3
 10
-626.773872
 20
-1207.810516
  0
POINT
  8
3
 10
-627.310562
 20
-1218.024292
  0
POINT
  8
3
 10
-627.846069
 20
-1228.226700
  0
POINT
  8
3
 10
-628.365822
 20
-1238.361359
  0
POINT
  8
3
 10
-628.871269
 20
-1248.555679
  0
POINT
  8
3
 10
-629.362221
 20
-1258.753738
  0
POINT
  8
3
 10
-629.832306
 20
-1268.752823
  0
POINT
  8
3
 10
-630.302467
 20
-1278.955612
  0
POINT
  8
3
 10
-630.763397
 20
-1289.159088
  0
POINT
  8
3
 10
-631.205559
 20
-1299.141083
  0
POINT
  8
3
 10
-631.649055
 20
-1309.346161
  0
POINT
  8
3
 10
-632.084770
 20
-1319.552460
  0
POINT
  8
3
 10
-632.518044
 20
-1329.863434
  0
POINT
  8
3
 10
-632.941132
 20
-1340.072021
  0
POINT
  8
3
 10
-633.359146
 20
-1350.281677
  0
POINT
  8
3
 10
-633.772888
 20
-1360.492096
  0
POINT
  8
3
 10
-634.186821
 20
-1370.796814
  0
POINT
  8
3
 10
-634.594345
 20
-1381.009216
  0
POINT
  8
3
 10
-634.999924
 20
-1391.222382
  0
POINT
  8
3
 10
-635.407944
 20
-1401.523895
  0
POINT
  8
3
 10
-635.516510
 20
-1404.267120
  0
POINT
  8
3
 10
-635.812225
 20
-1411.738739
  0
POINT
  8
3
 10
-636.217079
 20
-1421.954498
  0
POINT
  8
3
 10
-636.626740
 20
-1432.256927
  0
POINT
  8
3
 10
-637.035141
 20
-1442.473907
  0
POINT
  8
3
 10
-637.446480
 20
-1452.691650
  0
POINT
  8
3
 10
-637.865181
 20
-1462.998810
  0
POINT
  8
3
 10
-638.284874
 20
-1473.217926
  0
POINT
  8
3
 10
-638.710175
 20
-1483.437805
  0
POINT
  8
3
 10
-639.138832
 20
-1493.587799
  0
POINT
  8
3
 10
-639.461670
 20
-1501.179352
  0
POINT
  8
3
 10
-639.696808
 20
-1508.584442
  0
POINT
  8
3
 10
-640.023651
 20
-1518.738251
  0
POINT
  8
3
 10
-640.358963
 20
-1528.961334
  0
POINT
  8
3
 10
-661.788101
 20
-1537.173615
  0
POINT
  8
3
 10
-671.784592
 20
-1536.751862
  0
POINT
  8
3
 10
-682.357254
 20
-1536.346893
  0
POINT
  8
3
 10
-693.016510
 20
-1535.979156
  0
POINT
  8
3
 10
-703.096619
 20
-1535.669250
  0
POINT
  8
3
 10
-713.817139
 20
-1535.381317
  0
POINT
  8
3
 10
-724.164276
 20
-1535.146790
  0
POINT
  8
3
 10
-734.834824
 20
-1534.952698
  0
POINT
  8
3
 10
-744.808350
 20
-1534.819183
  0
POINT
  8
3
 10
-754.879608
 20
-1534.736176
  0
POINT
  8
3
 10
-764.976654
 20
-1534.709778
  0
POINT
  8
4
 10
-899.441757
 20
-1501.195679
 30
0.400000
 50
  2.78
  0
TEXT
  8
4
 10
-899.441757
 20
-1501.195679
 40
0.000000
 50
0.000000
  1
# 188
  0
POINT
  8
4
 10
-777.452011
 20
-960.564423
 30
0.400000
 50
270.00
  0
TEXT
  8
4
 10
-777.452011
 20
-960.564423
 40
0.000000
 50
0.000000
  1
# 189
  0
POINT
  8
4
 10
-624.635201
 20
-1159.441299
 30
0.400000
 50
178.13
  0
TEXT
  8
4
 10
-624.635201
 20
-1159.441299
 40
0.000000
 50
0.000000
  1
# 190
  0
POINT
  8
4
 10
-635.516510
 20
-1404.267120
 30
0.400000
 50
177.73
  0
TEXT
  8
4
 10
-635.516510
 20
-1404.267120
 40
0.000000
 50
0.000000
  1
# 191
  0
POINT
  8
4
 10
-639.461670
 20
-1501.179352
 30
0.400000
 50
177.31
  0
TEXT
  8
4
 10
-639.461670
 20
-1501.179352
 40
0.000000
 50
0.000000
  1
# 192
  0
POLYLINE
  8
14
  66
1
  70
1
  0
VERTEX
  8
14
  10
-769.451981
  20
-1497.712708
  0
VERTEX
  8
14
  10
-781.163642
  20
-1497.722709
  0
VERTEX
  8
14
  10
-791.456749
  20
-1497.790540
  0
VERTEX
  8
14
  10
-801.654155
  20
-1497.912078
  0
VERTEX
  8
14
  10
-811.675624
  20
-1498.079213
  0
VERTEX
  8
14
  10
-822.313193
  20
-1498.304019
  0
VERTEX
  8
14
  10
-832.541720
  20
-1498.562912
  0
VERTEX
  8
14
  10
-843.040210
  20
-1498.869637
  0
VERTEX
  8
14
  10
-853.520778
  20
-1499.215527
  0
VERTEX
  8
14
  10
-863.616401
  20
-1499.585492
  0
VERTEX
  8
14
  10
-873.902760
  20
-1500.000239
  0
VERTEX
  8
14
  10
-883.937910
  20
-1500.445328
  0
VERTEX
  8
14
  10
-889.452057
  20
-1500.712738
  0
VERTEX
  8
14
  10
-889.452057
  20
-1500.712738
  0
VERTEX
  8
14
  10
-889.877892
  20
-1490.721808
  0
VERTEX
  8
14
  10
-890.341021
  20
-1480.651929
  0
VERTEX
  8
14
  10
-890.845995
  20
-1470.528365
  0
VERTEX
  8
14
  10
-891.390587
  20
-1460.405885
  0
VERTEX
  8
14
  10
-891.974971
  20
-1450.284775
  0
VERTEX
  8
14
  10
-892.599323
  20
-1440.165264
  0
VERTEX
  8
14
  10
-893.263817
  20
-1430.047640
  0
VERTEX
  8
14
  10
-893.968626
  20
-1419.932189
  0
VERTEX
  8
14
  10
-894.713926
  20
-1409.819142
  0
VERTEX
  8
14
  10
-895.499892
  20
-1399.708784
  0
VERTEX
  8
14
  10
-896.326696
  20
-1389.601383
  0
VERTEX
  8
14
  10
-897.194512
  20
-1379.497226
  0
VERTEX
  8
14
  10
-898.103518
  20
-1369.396544
  0
VERTEX
  8
14
  10
-899.053886
  20
-1359.299622
  0
VERTEX
  8
14
  10
-900.045789
  20
-1349.206747
  0
VERTEX
  8
14
  10
-901.079405
  20
-1339.118149
  0
VERTEX
  8
14
  10
-902.154907
  20
-1329.034116
  0
VERTEX
  8
14
  10
-903.272467
  20
-1318.954923
  0
VERTEX
  8
14
  10
-904.432263
  20
-1308.880820
  0
VERTEX
  8
14
  10
-905.634466
  20
-1298.812094
  0
VERTEX
  8
14
  10
-906.879252
  20
-1288.749002
  0
VERTEX
  8
14
  10
-908.166797
  20
-1278.691803
  0
VERTEX
  8
14
  10
-909.497273
  20
-1268.640784
  0
VERTEX
  8
14
  10
-910.870855
  20
-1258.596198
  0
VERTEX
  8
14
  10
-912.287718
  20
-1248.558318
  0
VERTEX
  8
14
  10
-913.748036
  20
-1238.527412
  0
VERTEX
  8
14
  10
-915.251983
  20
-1228.503746
  0
VERTEX
  8
14
  10
-916.925545
  20
-1217.685374
  0
VERTEX
  8
14
  10
-918.586111
  20
-1207.229657
  0
VERTEX
  8
14
  10
-920.452042
  20
-1195.712738
  0
VERTEX
  8
14
  10
-919.152723
  20
-1195.413259
  0
VERTEX
  8
14
  10
-917.230231
  20
-1194.898608
  0
VERTEX
  8
14
  10
-915.319110
  20
-1194.285731
  0
VERTEX
  8
14
  10
-913.626939
  20
-1193.652682
  0
VERTEX
  8
14
  10
-911.971657
  20
-1192.943328
  0
VERTEX
  8
14
  10
-910.363377
  20
-1192.158494
  0
VERTEX
  8
14
  10
-908.643861
  20
-1191.198947
  0
VERTEX
  8
14
  10
-907.308688
  20
-1190.353700
  0
VERTEX
  8
14
  10
-905.891175
  20
-1189.348318
  0
VERTEX
  8
14
  10
-904.538861
  20
-1188.274149
  0
VERTEX
  8
14
  10
-903.250075
  20
-1187.133793
  0
VERTEX
  8
14
  10
-902.023135
  20
-1185.929844
  0
VERTEX
  8
14
  10
-900.856357
  20
-1184.664893
  0
VERTEX
  8
14
  10
-899.628463
  20
-1183.191011
  0
VERTEX
  8
14
  10
-898.470473
  20
-1181.648588
  0
VERTEX
  8
14
  10
-897.380083
  20
-1180.041185
  0
VERTEX
  8
14
  10
-896.354990
  20
-1178.372363
  0
VERTEX
  8
14
  10
-895.392891
  20
-1176.645681
  0
VERTEX
  8
14
  10
-894.404592
  20
-1174.683753
  0
VERTEX
  8
14
  10
-893.486663
  20
-1172.660863
  0
VERTEX
  8
14
  10
-892.636039
  20
-1170.581750
  0
VERTEX
  8
14
  10
-891.781244
  20
-1168.255073
  0
VERTEX
  8
14
  10
-890.998921
  20
-1165.873280
  0
VERTEX
  8
14
  10
-890.228569
  20
-1163.237941
  0
VERTEX
  8
14
  10
-889.533540
  20
-1160.552965
  0
VERTEX
  8
14
  10
-888.863478
  20
-1157.614903
  0
VERTEX
  8
14
  10
-888.228802
  20
-1154.424265
  0
VERTEX
  8
14
  10
-887.638164
  20
-1150.985447
  0
VERTEX
  8
14
  10
-887.097945
  20
-1147.307574
  0
VERTEX
  8
14
  10
-886.611687
  20
-1143.405318
  0
VERTEX
  8
14
  10
-886.138244
  20
-1138.869463
  0
VERTEX
  8
14
  10
-885.678158
  20
-1133.536865
  0
VERTEX
  8
14
  10
-885.130681
  20
-1125.891719
  0
VERTEX
  8
14
  10
-884.451981
  20
-1115.712738
  0
VERTEX
  8
14
  10
-874.785309
  20
-970.712814
  0
VERTEX
  8
14
  10
-864.761114
  20
-971.214666
  0
VERTEX
  8
14
  10
-855.143678
  20
-971.609025
  0
VERTEX
  8
14
  10
-846.470089
  20
-971.884295
  0
VERTEX
  8
14
  10
-838.887378
  20
-972.045173
  0
VERTEX
  8
14
  10
-831.281641
  20
-972.124228
  0
VERTEX
  8
14
  10
-823.344271
  20
-972.123130
  0
VERTEX
  8
14
  10
-815.076284
  20
-972.036312
  0
VERTEX
  8
14
  10
-806.610209
  20
-971.862371
  0
VERTEX
  8
14
  10
-798.346049
  20
-971.612209
  0
VERTEX
  8
14
  10
-790.085144
  20
-971.278248
  0
VERTEX
  8
14
  10
-782.158459
  20
-970.873672
  0
VERTEX
  8
14
  10
-777.452011
  20
-970.568542
  0
VERTEX
  8
14
  10
-774.771773
  20
-970.417983
  0
VERTEX
  8
14
  10
-767.184290
  20
-969.865998
  0
VERTEX
  8
14
  10
-759.933181
  20
-969.252846
  0
VERTEX
  8
14
  10
-753.019510
  20
-968.584316
  0
VERTEX
  8
14
  10
-746.443816
  20
-967.867195
  0
VERTEX
  8
14
  10
-739.878249
  20
-967.067052
  0
VERTEX
  8
14
  10
-734.145966
  20
-966.256104
  0
VERTEX
  8
14
  10
-677.599716
  20
-1084.342651
  0
VERTEX
  8
14
  10
-635.099792
  20
-1099.131088
  0
VERTEX
  8
14
  10
-634.734542
  20
-1108.410233
  0
VERTEX
  8
14
  10
-634.462984
  20
-1117.617766
  0
VERTEX
  8
14
  10
-634.297160
  20
-1126.021829
  0
VERTEX
  8
14
  10
-634.230701
  20
-1133.311494
  0
VERTEX
  8
14
  10
-634.248306
  20
-1140.466704
  0
VERTEX
  8
14
  10
-634.353813
  20
-1148.303535
  0
VERTEX
  8
14
  10
-634.554841
  20
-1156.821234
  0
VERTEX
  8
14
  10
-634.622116
  20
-1159.115067
  0
VERTEX
  8
14
  10
-634.877567
  20
-1166.699803
  0
VERTEX
  8
14
  10
-635.282114
  20
-1176.847712
  0
VERTEX
  8
14
  10
-635.743741
  20
-1187.060072
  0
VERTEX
  8
14
  10
-636.244773
  20
-1197.270187
  0
VERTEX
  8
14
  10
-636.760290
  20
-1207.289319
  0
VERTEX
  8
14
  10
-637.296716
  20
-1217.497953
  0
VERTEX
  8
14
  10
-637.832531
  20
-1227.706724
  0
VERTEX
  8
14
  10
-638.353126
  20
-1237.857950
  0
VERTEX
  8
14
  10
-638.859387
  20
-1248.068174
  0
VERTEX
  8
14
  10
-639.350946
  20
-1258.279069
  0
VERTEX
  8
14
  10
-639.821478
  20
-1268.287929
  0
VERTEX
  8
14
  10
-640.292062
  20
-1278.499845
  0
VERTEX
  8
14
  10
-640.753414
  20
-1288.712187
  0
VERTEX
  8
14
  10
-641.195967
  20
-1298.702789
  0
VERTEX
  8
14
  10
-641.639786
  20
-1308.915903
  0
VERTEX
  8
14
  10
-642.075823
  20
-1319.129350
  0
VERTEX
  8
14
  10
-642.509369
  20
-1329.446636
  0
VERTEX
  8
14
  10
-642.932658
  20
-1339.660610
  0
VERTEX
  8
14
  10
-643.350865
  20
-1349.874785
  0
VERTEX
  8
14
  10
-643.764755
  20
-1360.089106
  0
VERTEX
  8
14
  10
-644.178837
  20
-1370.396926
  0
VERTEX
  8
14
  10
-644.586422
  20
-1380.611507
  0
VERTEX
  8
14
  10
-644.992087
  20
-1390.826175
  0
VERTEX
  8
14
  10
-645.400114
  20
-1401.128440
  0
VERTEX
  8
14
  10
-645.508652
  20
-1403.871613
  0
VERTEX
  8
14
  10
-645.804388
  20
-1411.343174
  0
VERTEX
  8
14
  10
-646.209201
  20
-1421.557908
  0
VERTEX
  8
14
  10
-646.618794
  20
-1431.858649
  0
VERTEX
  8
14
  10
-647.027109
  20
-1442.073229
  0
VERTEX
  8
14
  10
-647.438328
  20
-1452.287692
  0
VERTEX
  8
14
  10
-647.856854
  20
-1462.590896
  0
VERTEX
  8
14
  10
-648.276361
  20
-1472.805030
  0
VERTEX
  8
14
  10
-648.701405
  20
-1483.018935
  0
VERTEX
  8
14
  10
-649.129808
  20
-1493.163070
  0
VERTEX
  8
14
  10
-649.451904
  20
-1500.712738
  0
VERTEX
  8
14
  10
-649.451904
  20
-1500.712738
  0
VERTEX
  8
14
  10
-660.153258
  20
-1500.209794
  0
VERTEX
  8
14
  10
-670.296518
  20
-1499.781845
  0
VERTEX
  8
14
  10
-681.011155
  20
-1499.371316
  0
VERTEX
  8
14
  10
-691.811558
  20
-1498.998736
  0
VERTEX
  8
14
  10
-702.028299
  20
-1498.684617
  0
VERTEX
  8
14
  10
-712.901008
  20
-1498.392726
  0
VERTEX
  8
14
  10
-723.405045
  20
-1498.154592
  0
VERTEX
  8
14
  10
-734.250988
  20
-1497.957330
  0
VERTEX
  8
14
  10
-744.404510
  20
-1497.821401
  0
VERTEX
  8
14
  10
-754.677566
  20
-1497.736770
  0
VERTEX
  8
14
  10
-764.969821
  20
-1497.709840
  0
SEQEND
  8
14
  0
POINT
  8
2
 10
-769.451981
 20
-1497.712708
  0
TEXT
  8
2
 10
-769.451981
 20
-1497.712708
 40
0.000000
 50
0.000000
  1
# 193
  0
POINT
  8
2
 10
-889.452057
 20
-1500.712738
  0
TEXT
  8
2
 10
-889.452057
 20
-1500.712738
 40
0.000000
 50
0.000000
  1
# 194
  0
POINT
  8
2
 10
-920.452042
 20
-1195.712738
  0
TEXT
  8
2
 10
-920.452042
 20
-1195.712738
 40
0.000000
 50
0.000000
  1
# 195
  0
POINT
  8
2
 10
-884.451981
 20
-1115.712738
  0
TEXT
  8
2
 10
-884.451981
 20
-1115.712738
 40
0.000000
 50
0.000000
  1
# 196
  0
POINT
  8
2
 10
-874.785309
 20
-970.712814
  0
TEXT
  8
2
 10
-874.785309
 20
-970.712814
 40
0.000000
 50
0.000000
  1
# 197
  0
POINT
  8
2
 10
-734.145966
 20
-966.256104
  0
TEXT
  8
2
 10
-734.145966
 20
-966.256104
 40
0.000000
 50
0.000000
  1
# 198
  0
POINT
  8
2
 10
-677.599716
 20
-1084.342651
  0
TEXT
  8
2
 10
-677.599716
 20
-1084.342651
 40
0.000000
 50
0.000000
  1
# 199
  0
POINT
  8
2
 10
-635.099792
 20
-1099.131088
  0
TEXT
  8
2
 10
-635.099792
 20
-1099.131088
 40
0.000000
 50
0.000000
  1
# 200
  0
POINT
  8
2
 10
-649.451904
 20
-1500.712738
  0
TEXT
  8
2
 10
-649.451904
 20
-1500.712738
 40
0.000000
 50
0.000000
  1
# 201
  0
POINT
  8
3
 10
-781.163642
 20
-1497.722709
  0
POINT
  8
3
 10
-791.456749
 20
-1497.790540
  0
POINT
  8
3
 10
-801.654155
 20
-1497.912078
  0
POINT
  8
3
 10
-811.675624
 20
-1498.079213
  0
POINT
  8
3
 10
-822.313193
 20
-1498.304019
  0
POINT
  8
3
 10
-832.541720
 20
-1498.562912
  0
POINT
  8
3
 10
-843.040210
 20
-1498.869637
  0
POINT
  8
3
 10
-853.520778
 20
-1499.215527
  0
POINT
  8
3
 10
-863.616401
 20
-1499.585492
  0
POINT
  8
3
 10
-873.902760
 20
-1500.000239
  0
POINT
  8
3
 10
-883.937910
 20
-1500.445328
  0
POINT
  8
3
 10
-889.452057
 20
-1500.712738
  0
POINT
  8
3
 10
-889.877892
 20
-1490.721808
  0
POINT
  8
3
 10
-890.341021
 20
-1480.651929
  0
POINT
  8
3
 10
-890.845995
 20
-1470.528365
  0
POINT
  8
3
 10
-891.390587
 20
-1460.405885
  0
POINT
  8
3
 10
-891.974971
 20
-1450.284775
  0
POINT
  8
3
 10
-892.599323
 20
-1440.165264
  0
POINT
  8
3
 10
-893.263817
 20
-1430.047640
  0
POINT
  8
3
 10
-893.968626
 20
-1419.932189
  0
POINT
  8
3
 10
-894.713926
 20
-1409.819142
  0
POINT
  8
3
 10
-895.499892
 20
-1399.708784
  0
POINT
  8
3
 10
-896.326696
 20
-1389.601383
  0
POINT
  8
3
 10
-897.194512
 20
-1379.497226
  0
POINT
  8
3
 10
-898.103518
 20
-1369.396544
  0
POINT
  8
3
 10
-899.053886
 20
-1359.299622
  0
POINT
  8
3
 10
-900.045789
 20
-1349.206747
  0
POINT
  8
3
 10
-901.079405
 20
-1339.118149
  0
POINT
  8
3
 10
-902.154907
 20
-1329.034116
  0
POINT
  8
3
 10
-903.272467
 20
-1318.954923
  0
POINT
  8
3
 10
-904.432263
 20
-1308.880820
  0
POINT
  8
3
 10
-905.634466
 20
-1298.812094
  0
POINT
  8
3
 10
-906.879252
 20
-1288.749002
  0
POINT
  8
3
 10
-908.166797
 20
-1278.691803
  0
POINT
  8
3
 10
-909.497273
 20
-1268.640784
  0
POINT
  8
3
 10
-910.870855
 20
-1258.596198
  0
POINT
  8
3
 10
-912.287718
 20
-1248.558318
  0
POINT
  8
3
 10
-913.748036
 20
-1238.527412
  0
POINT
  8
3
 10
-915.251983
 20
-1228.503746
  0
POINT
  8
3
 10
-916.925545
 20
-1217.685374
  0
POINT
  8
3
 10
-918.586111
 20
-1207.229657
  0
POINT
  8
3
 10
-919.152723
 20
-1195.413259
  0
POINT
  8
3
 10
-917.230231
 20
-1194.898608
  0
POINT
  8
3
 10
-915.319110
 20
-1194.285731
  0
POINT
  8
3
 10
-913.626939
 20
-1193.652682
  0
POINT
  8
3
 10
-911.971657
 20
-1192.943328
  0
POINT
  8
3
 10
-910.363377
 20
-1192.158494
  0
POINT
  8
3
 10
-908.643861
 20
-1191.198947
  0
POINT
  8
3
 10
-907.308688
 20
-1190.353700
  0
POINT
  8
3
 10
-905.891175
 20
-1189.348318
  0
POINT
  8
3
 10
-904.538861
 20
-1188.274149
  0
POINT
  8
3
 10
-903.250075
 20
-1187.133793
  0
POINT
  8
3
 10
-902.023135
 20
-1185.929844
  0
POINT
  8
3
 10
-900.856357
 20
-1184.664893
  0
POINT
  8
3
 10
-899.628463
 20
-1183.191011
  0
POINT
  8
3
 10
-898.470473
 20
-1181.648588
  0
POINT
  8
3
 10
-897.380083
 20
-1180.041185
  0
POINT
  8
3
 10
-896.354990
 20
-1178.372363
  0
POINT
  8
3
 10
-895.392891
 20
-1176.645681
  0
POINT
  8
3
 10
-894.404592
 20
-1174.683753
  0
POINT
  8
3
 10
-893.486663
 20
-1172.660863
  0
POINT
  8
3
 10
-892.636039
 20
-1170.581750
  0
POINT
  8
3
 10
-891.781244
 20
-1168.255073
  0
POINT
  8
3
 10
-890.998921
 20
-1165.873280
  0
POINT
  8
3
 10
-890.228569
 20
-1163.237941
  0
POINT
  8
3
 10
-889.533540
 20
-1160.552965
  0
POINT
  8
3
 10
-888.863478
 20
-1157.614903
  0
POINT
  8
3
 10
-888.228802
 20
-1154.424265
  0
POINT
  8
3
 10
-887.638164
 20
-1150.985447
  0
POINT
  8
3
 10
-887.097945
 20
-1147.307574
  0
POINT
  8
3
 10
-886.611687
 20
-1143.405318
  0
POINT
  8
3
 10
-886.138244
 20
-1138.869463
  0
POINT
  8
3
 10
-885.678158
 20
-1133.536865
  0
POINT
  8
3
 10
-885.130681
 20
-1125.891719
  0
POINT
  8
3
 10
-864.761114
 20
-971.214666
  0
POINT
  8
3
 10
-855.143678
 20
-971.609025
  0
POINT
  8
3
 10
-846.470089
 20
-971.884295
  0
POINT
  8
3
 10
-838.887378
 20
-972.045173
  0
POINT
  8
3
 10
-831.281641
 20
-972.124228
  0
POINT
  8
3
 10
-823.344271
 20
-972.123130
  0
POINT
  8
3
 10
-815.076284
 20
-972.036312
  0
POINT
  8
3
 10
-806.610209
 20
-971.862371
  0
POINT
  8
3
 10
-798.346049
 20
-971.612209
  0
POINT
  8
3
 10
-790.085144
 20
-971.278248
  0
POINT
  8
3
 10
-782.158459
 20
-970.873672
  0
POINT
  8
3
 10
-777.452011
 20
-970.568542
  0
POINT
  8
3
 10
-774.771773
 20
-970.417983
  0
POINT
  8
3
 10
-767.184290
 20
-969.865998
  0
POINT
  8
3
 10
-759.933181
 20
-969.252846
  0
POINT
  8
3
 10
-753.019510
 20
-968.584316
  0
POINT
  8
3
 10
-746.443816
 20
-967.867195
  0
POINT
  8
3
 10
-739.878249
 20
-967.067052
  0
POINT
  8
3
 10
-634.734542
 20
-1108.410233
  0
POINT
  8
3
 10
-634.462984
 20
-1117.617766
  0
POINT
  8
3
 10
-634.297160
 20
-1126.021829
  0
POINT
  8
3
 10
-634.230701
 20
-1133.311494
  0
POINT
  8
3
 10
-634.248306
 20
-1140.466704
  0
POINT
  8
3
 10
-634.353813
 20
-1148.303535
  0
POINT
  8
3
 10
-634.554841
 20
-1156.821234
  0
POINT
  8
3
 10
-634.622116
 20
-1159.115067
  0
POINT
  8
3
 10
-634.877567
 20
-1166.699803
  0
POINT
  8
3
 10
-635.282114
 20
-1176.847712
  0
POINT
  8
3
 10
-635.743741
 20
-1187.060072
  0
POINT
  8
3
 10
-636.244773
 20
-1197.270187
  0
POINT
  8
3
 10
-636.760290
 20
-1207.289319
  0
POINT
  8
3
 10
-637.296716
 20
-1217.497953
  0
POINT
  8
3
 10
-637.832531
 20
-1227.706724
  0
POINT
  8
3
 10
-638.353126
 20
-1237.857950
  0
POINT
  8
3
 10
-638.859387
 20
-1248.068174
  0
POINT
  8
3
 10
-639.350946
 20
-1258.279069
  0
POINT
  8
3
 10
-639.821478
 20
-1268.287929
  0
POINT
  8
3
 10
-640.292062
 20
-1278.499845
  0
POINT
  8
3
 10
-640.753414
 20
-1288.712187
  0
POINT
  8
3
 10
-641.195967
 20
-1298.702789
  0
POINT
  8
3
 10
-641.639786
 20
-1308.915903
  0
POINT
  8
3
 10
-642.075823
 20
-1319.129350
  0
POINT
  8
3
 10
-642.509369
 20
-1329.446636
  0
POINT
  8
3
 10
-642.932658
 20
-1339.660610
  0
POINT
  8
3
 10
-643.350865
 20
-1349.874785
  0
POINT
  8
3
 10
-643.764755
 20
-1360.089106
  0
POINT
  8
3
 10
-644.178837
 20
-1370.396926
  0
POINT
  8
3
 10
-644.586422
 20
-1380.611507
  0
POINT
  8
3
 10
-644.992087
 20
-1390.826175
  0
POINT
  8
3
 10
-645.400114
 20
-1401.128440
  0
POINT
  8
3
 10
-645.508652
 20
-1403.871613
  0
POINT
  8
3
 10
-645.804388
 20
-1411.343174
  0
POINT
  8
3
 10
-646.209201
 20
-1421.557908
  0
POINT
  8
3
 10
-646.618794
 20
-1431.858649
  0
POINT
  8
3
 10
-647.027109
 20
-1442.073229
  0
POINT
  8
3
 10
-647.438328
 20
-1452.287692
  0
POINT
  8
3
 10
-647.856854
 20
-1462.590896
  0
POINT
  8
3
 10
-648.276361
 20
-1472.805030
  0
POINT
  8
3
 10
-648.701405
 20
-1483.018935
  0
POINT
  8
3
 10
-649.129808
 20
-1493.163070
  0
POINT
  8
3
 10
-649.451904
 20
-1500.712738
  0
POINT
  8
3
 10
-660.153258
 20
-1500.209794
  0
POINT
  8
3
 10
-670.296518
 20
-1499.781845
  0
POINT
  8
3
 10
-681.011155
 20
-1499.371316
  0
POINT
  8
3
 10
-691.811558
 20
-1498.998736
  0
POINT
  8
3
 10
-702.028299
 20
-1498.684617
  0
POINT
  8
3
 10
-712.901008
 20
-1498.392726
  0
POINT
  8
3
 10
-723.405045
 20
-1498.154592
  0
POINT
  8
3
 10
-734.250988
 20
-1497.957330
  0
POINT
  8
3
 10
-744.404510
 20
-1497.821401
  0
POINT
  8
3
 10
-754.677566
 20
-1497.736770
  0
POINT
  8
3
 10
-764.969821
 20
-1497.709840
  0
POINT
  8
4
 10
-889.452057
 20
-1500.712738
 30
0.400000
 50
  2.78
  0
TEXT
  8
4
 10
-889.452057
 20
-1500.712738
 40
0.000000
 50
0.000000
  1
# 202
  0
POINT
  8
4
 10
-777.452011
 20
-970.568542
 30
0.400000
 50
270.00
  0
TEXT
  8
4
 10
-777.452011
 20
-970.568542
 40
0.000000
 50
0.000000
  1
# 203
  0
POINT
  8
4
 10
-634.622116
 20
-1159.115067
 30
0.400000
 50
178.26
  0
TEXT
  8
4
 10
-634.622116
 20
-1159.115067
 40
0.000000
 50
0.000000
  1
# 204
  0
POINT
  8
4
 10
-645.508652
 20
-1403.871613
 30
0.400000
 50
177.73
  0
TEXT
  8
4
 10
-645.508652
 20
-1403.871613
 40
0.000000
 50
0.000000
  1
# 205
  0
POINT
  8
4
 10
-649.451904
 20
-1500.712738
 30
0.400000
 50
177.31
  0
TEXT
  8
4
 10
-649.451904
 20
-1500.712738
 40
0.000000
 50
0.000000
  1
# 206
  0
POLYLINE
  8
8
  66
1
  70
0
  0
VERTEX
  8
8
  10
-637.451859
  20
-1220.712738
  0
VERTEX
  8
8
  10
-916.452026
  20
-1220.712738
  0
SEQEND
  8
8
  0
POINT
  8
2
 10
-637.451859
 20
-1220.712738
  0
TEXT
  8
2
 10
-637.451859
 20
-1220.712738
 40
0.000000
 50
0.000000
  1
# 207
  0
POINT
  8
2
 10
-916.452026
 20
-1220.712738
  0
TEXT
  8
2
 10
-916.452026
 20
-1220.712738
 40
0.000000
 50
0.000000
  1
# 208
  0
POLYLINE
  8
8
  66
1
  70
0
  0
VERTEX
  8
8
  10
-777.452011
  20
-1195.712738
  0
VERTEX
  8
8
  10
-777.452011
  20
-1220.712738
  0
SEQEND
  8
8
  0
POINT
  8
2
 10
-777.452011
 20
-1195.712738
  0
TEXT
  8
2
 10
-777.452011
 20
-1195.712738
 40
0.000000
 50
0.000000
  1
# 209
  0
POINT
  8
2
 10
-777.452011
 20
-1220.712738
  0
TEXT
  8
2
 10
-777.452011
 20
-1220.712738
 40
0.000000
 50
0.000000
  1
# 210
  0
POLYLINE
  8
8
  66
1
  70
0
  0
VERTEX
  8
8
  10
-769.451981
  20
-1220.712738
  0
VERTEX
  8
8
  10
-769.451981
  20
-1497.712708
  0
SEQEND
  8
8
  0
POINT
  8
2
 10
-769.451981
 20
-1220.712738
  0
TEXT
  8
2
 10
-769.451981
 20
-1220.712738
 40
0.000000
 50
0.000000
  1
# 211
  0
POINT
  8
2
 10
-769.451981
 20
-1497.712708
  0
TEXT
  8
2
 10
-769.451981
 20
-1497.712708
 40
0.000000
 50
0.000000
  1
# 212
  0
POLYLINE
  8
8
  66
1
  70
0
  0
VERTEX
  8
8
  10
-726.374664
  20
-1365.245209
  0
VERTEX
  8
8
  10
-645.509338
  20
-1403.872223
  0
SEQEND
  8
8
  0
POINT
  8
2
 10
-726.374664
 20
-1365.245209
  0
TEXT
  8
2
 10
-726.374664
 20
-1365.245209
 40
0.000000
 50
0.000000
  1
# 213
  0
POINT
  8
2
 10
-645.509338
 20
-1403.872223
  0
TEXT
  8
2
 10
-645.509338
 20
-1403.872223
 40
0.000000
 50
0.000000
  1
# 214
  0
POLYLINE
  8
8
  66
1
  70
0
  0
VERTEX
  8
8
  10
-726.374664
  20
-1365.245209
  0
VERTEX
  8
8
  10
-722.380371
  20
-1275.333939
  0
SEQEND
  8
8
  0
POINT
  8
2
 10
-726.374664
 20
-1365.245209
  0
TEXT
  8
2
 10
-726.374664
 20
-1365.245209
 40
0.000000
 50
0.000000
  1
# 215
  0
POINT
  8
2
 10
-722.380371
 20
-1275.333939
  0
TEXT
  8
2
 10
-722.380371
 20
-1275.333939
 40
0.000000
 50
0.000000
  1
# 216
  0
POLYLINE
  8
8
  66
1
  70
0
  0
VERTEX
  8
8
  10
-737.365570
  20
-1274.668198
  0
VERTEX
  8
8
  10
-732.705536
  20
-1169.771729
  0
SEQEND
  8
8
  0
POINT
  8
2
 10
-737.365570
 20
-1274.668198
  0
TEXT
  8
2
 10
-737.365570
 20
-1274.668198
 40
0.000000
 50
0.000000
  1
# 217
  0
POINT
  8
2
 10
-732.705536
 20
-1169.771729
  0
TEXT
  8
2
 10
-732.705536
 20
-1169.771729
 40
0.000000
 50
0.000000
  1
# 218
  0
POLYLINE
  8
8
  66
1
  70
0
  0
VERTEX
  8
8
  10
-722.380371
  20
-1275.333939
  0
VERTEX
  8
8
  10
-737.365570
  20
-1274.668198
  0
SEQEND
  8
8
  0
POINT
  8
2
 10
-722.380371
 20
-1275.333939
  0
TEXT
  8
2
 10
-722.380371
 20
-1275.333939
 40
0.000000
 50
0.000000
  1
# 219
  0
POINT
  8
2
 10
-737.365570
 20
-1274.668198
  0
TEXT
  8
2
 10
-737.365570
 20
-1274.668198
 40
0.000000
 50
0.000000
  1
# 220
  0
POLYLINE
  8
8
  66
1
  70
0
  0
VERTEX
  8
8
  10
-722.380371
  20
-1275.333939
  0
VERTEX
  8
8
  10
-719.495544
  20
-1210.398026
  0
SEQEND
  8
8
  0
POINT
  8
2
 10
-722.380371
 20
-1275.333939
  0
TEXT
  8
2
 10
-722.380371
 20
-1275.333939
 40
0.000000
 50
0.000000
  1
# 221
  0
POINT
  8
2
 10
-719.495544
 20
-1210.398026
  0
TEXT
  8
2
 10
-719.495544
 20
-1210.398026
 40
0.000000
 50
0.000000
  1
# 222
  0
POLYLINE
  8
8
  66
1
  70
0
  0
VERTEX
  8
8
  10
-640.310135
  20
-1278.979950
  0
VERTEX
  8
8
  10
-722.380371
  20
-1275.333939
  0
SEQEND
  8
8
  0
POINT
  8
2
 10
-640.310135
 20
-1278.979950
  0
TEXT
  8
2
 10
-640.310135
 20
-1278.979950
 40
0.000000
 50
0.000000
  1
# 223
  0
POINT
  8
2
 10
-722.380371
 20
-1275.333939
  0
TEXT
  8
2
 10
-722.380371
 20
-1275.333939
 40
0.000000
 50
0.000000
  1
# 224
  0
POLYLINE
  8
8
  66
1
  70
0
  0
VERTEX
  8
8
  10
-724.045944
  20
-1245.230408
  0
VERTEX
  8
8
  10
-709.726410
  20
-1260.881348
  0
SEQEND
  8
8
  0
POINT
  8
2
 10
-724.045944
 20
-1245.230408
  0
TEXT
  8
2
 10
-724.045944
 20
-1245.230408
 40
0.000000
 50
0.000000
  1
# 225
  0
POINT
  8
2
 10
-709.726410
 20
-1260.881348
  0
TEXT
  8
2
 10
-709.726410
 20
-1260.881348
 40
0.000000
 50
0.000000
  1
# 226
  0
POLYLINE
  8
8
  66
1
  70
0
  0
VERTEX
  8
8
  10
-721.604919
  20
-1190.284576
  0
VERTEX
  8
8
  10
-724.045944
  20
-1245.230408
  0
SEQEND
  8
8
  0
POINT
  8
2
 10
-721.604919
 20
-1190.284576
  0
TEXT
  8
2
 10
-721.604919
 20
-1190.284576
 40
0.000000
 50
0.000000
  1
# 227
  0
POINT
  8
2
 10
-724.045944
 20
-1245.230408
  0
TEXT
  8
2
 10
-724.045944
 20
-1245.230408
 40
0.000000
 50
0.000000
  1
# 228
  0
POLYLINE
  8
8
  66
1
  70
0
  0
VERTEX
  8
8
  10
-709.726410
  20
-1260.881348
  0
VERTEX
  8
8
  10
-639.615898
  20
-1263.995972
  0
SEQEND
  8
8
  0
POINT
  8
2
 10
-709.726410
 20
-1260.881348
  0
TEXT
  8
2
 10
-709.726410
 20
-1260.881348
 40
0.000000
 50
0.000000
  1
# 229
  0
POINT
  8
2
 10
-639.615898
 20
-1263.995972
  0
TEXT
  8
2
 10
-639.615898
 20
-1263.995972
 40
0.000000
 50
0.000000
  1
# 230
  0
POLYLINE
  8
8
  66
1
  70
0
  0
VERTEX
  8
8
  10
-717.054596
  20
-1155.452271
  0
VERTEX
  8
8
  10
-634.678764
  20
-1159.111786
  0
SEQEND
  8
8
  0
POINT
  8
2
 10
-717.054596
 20
-1155.452271
  0
TEXT
  8
2
 10
-717.054596
 20
-1155.452271
 40
0.000000
 50
0.000000
  1
# 231
  0
POINT
  8
2
 10
-634.678764
 20
-1159.111786
  0
TEXT
  8
2
 10
-634.678764
 20
-1159.111786
 40
0.000000
 50
0.000000
  1
# 232
  0
POLYLINE
  8
8
  66
1
  70
0
  0
VERTEX
  8
8
  10
-732.705536
  20
-1169.771729
  0
VERTEX
  8
8
  10
-717.054596
  20
-1155.452271
  0
SEQEND
  8
8
  0
POINT
  8
2
 10
-732.705536
 20
-1169.771729
  0
TEXT
  8
2
 10
-732.705536
 20
-1169.771729
 40
0.000000
 50
0.000000
  1
# 233
  0
POINT
  8
2
 10
-717.054596
 20
-1155.452271
  0
TEXT
  8
2
 10
-717.054596
 20
-1155.452271
 40
0.000000
 50
0.000000
  1
# 234
  0
POLYLINE
  8
8
  66
1
  70
0
  0
VERTEX
  8
8
  10
-719.495544
  20
-1210.398026
  0
VERTEX
  8
8
  10
-637.119484
  20
-1214.057617
  0
SEQEND
  8
8
  0
POINT
  8
2
 10
-719.495544
 20
-1210.398026
  0
TEXT
  8
2
 10
-719.495544
 20
-1210.398026
 40
0.000000
 50
0.000000
  1
# 235
  0
POINT
  8
2
 10
-637.119484
 20
-1214.057617
  0
TEXT
  8
2
 10
-637.119484
 20
-1214.057617
 40
0.000000
 50
0.000000
  1
# 236
  0
POLYLINE
  8
8
  66
1
  70
0
  0
VERTEX
  8
8
  10
-721.604919
  20
-1190.284576
  0
VERTEX
  8
8
  10
-636.087799
  20
-1194.083710
  0
SEQEND
  8
8
  0
POINT
  8
2
 10
-721.604919
 20
-1190.284576
  0
TEXT
  8
2
 10
-721.604919
 20
-1190.284576
 40
0.000000
 50
0.000000
  1
# 237
  0
POINT
  8
2
 10
-636.087799
 20
-1194.083710
  0
TEXT
  8
2
 10
-636.087799
 20
-1194.083710
 40
0.000000
 50
0.000000
  1
# 238
 0
LINE
 8
7
 10
-837.517624
 20
-1306.621704
 11
-837.517624
 21
-1151.549149
  0
TEXT
  8
1
 10
-692.672043
 20
-1342.911530
 40
10.000000
 50
0.000000
  1
腿袋
  0
TEXT
  8
1
 10
-778.004665
 20
-1246.814804
 40
10.000000
 50
0.000000
  1
Piece Name: 26SMC-WP313M 展_左前_175/92
  0
TEXT
  8
1
 10
-778.004665
 20
-1231.814804
 40
10.000000
 50
0.000000
  1
Size: 175/92
  0
TEXT
  8
1
 10
-778.004665
 20
-1216.814804
 40
10.000000
 50
0.000000
  1
Annotation: 
  0
TEXT
  8
1
 10
-778.004665
 20
-1201.814804
 40
10.000000
 50
0.000000
  1
Quantity: 1
  0
TEXT
  8
1
 10
-778.004665
 20
-1186.814804
 40
10.000000
 50
0.000000
  1
Material: 面
  0
TEXT
  8
1
 10
-778.004665
 20
-1186.814804
 40
10.000000
 50
0.000000
  1
Category: 4
0
ENDBLK
0
BLOCK
  8
1
  2
26SMC-WP313M 展_右后飞机_175/92
 70
0
 10
0.0
 20
0.0
  0
POLYLINE
  8
1
  66
1
  70
1
  0
VERTEX
  8
1
  10
7.642548
  20
-931.398315
  0
VERTEX
  8
1
  10
7.642548
  20
-845.891418
  0
VERTEX
  8
1
  10
24.291711
  20
-845.463486
  0
VERTEX
  8
1
  10
34.642510
  20
-845.224152
  0
VERTEX
  8
1
  10
42.208972
  20
-844.979553
  0
VERTEX
  8
1
  10
50.011992
  20
-844.640121
  0
VERTEX
  8
1
  10
57.447119
  20
-844.230423
  0
VERTEX
  8
1
  10
64.430285
  20
-843.760223
  0
VERTEX
  8
1
  10
70.690198
  20
-843.258133
  0
VERTEX
  8
1
  10
76.775661
  20
-842.684555
  0
VERTEX
  8
1
  10
83.064308
  20
-841.999283
  0
VERTEX
  8
1
  10
89.279966
  20
-841.236191
  0
VERTEX
  8
1
  10
95.972652
  20
-840.330353
  0
VERTEX
  8
1
  10
103.577709
  20
-839.216156
  0
VERTEX
  8
1
  10
111.828747
  20
-837.922134
  0
VERTEX
  8
1
  10
119.231138
  20
-836.685638
  0
VERTEX
  8
1
  10
125.627947
  20
-835.388184
  0
VERTEX
  8
1
  10
132.338381
  20
-833.929749
  0
VERTEX
  8
1
  10
138.651609
  20
-832.467880
  0
VERTEX
  8
1
  10
144.088116
  20
-831.127090
  0
VERTEX
  8
1
  10
149.149656
  20
-829.794235
  0
VERTEX
  8
1
  10
154.541464
  20
-828.283691
  0
VERTEX
  8
1
  10
160.387783
  20
-826.558075
  0
VERTEX
  8
1
  10
166.442490
  20
-824.687271
  0
VERTEX
  8
1
  10
172.290325
  20
-822.800827
  0
VERTEX
  8
1
  10
173.486214
  20
-822.402267
  0
VERTEX
  8
1
  10
181.480598
  20
-819.484482
  0
VERTEX
  8
1
  10
189.161987
  20
-816.590195
  0
VERTEX
  8
1
  10
196.396484
  20
-813.779678
  0
VERTEX
  8
1
  10
202.607727
  20
-811.285934
  0
VERTEX
  8
1
  10
208.458195
  20
-808.850479
  0
VERTEX
  8
1
  10
213.849983
  20
-806.521149
  0
VERTEX
  8
1
  10
219.419670
  20
-804.021149
  0
VERTEX
  8
1
  10
225.108032
  20
-801.373062
  0
VERTEX
  8
1
  10
231.400757
  20
-798.346024
  0
VERTEX
  8
1
  10
238.044491
  20
-795.051041
  0
VERTEX
  8
1
  10
244.650669
  20
-791.681747
  0
VERTEX
  8
1
  10
251.358070
  20
-788.168411
  0
VERTEX
  8
1
  10
258.129730
  20
-784.531784
  0
VERTEX
  8
1
  10
265.763016
  20
-780.462799
  0
VERTEX
  8
1
  10
276.475544
  20
-796.604309
  0
VERTEX
  8
1
  10
282.071743
  20
-805.129089
  0
VERTEX
  8
1
  10
287.656593
  20
-813.742371
  0
VERTEX
  8
1
  10
293.071709
  20
-822.216110
  0
VERTEX
  8
1
  10
299.989471
  20
-833.118973
  0
VERTEX
  8
1
  10
290.924625
  20
-838.229218
  0
VERTEX
  8
1
  10
282.105083
  20
-843.189468
  0
VERTEX
  8
1
  10
273.418312
  20
-848.114395
  0
VERTEX
  8
1
  10
273.116302
  20
-848.285599
  0
VERTEX
  8
1
  10
264.054050
  20
-853.469315
  0
VERTEX
  8
1
  10
254.902916
  20
-858.667450
  0
VERTEX
  8
1
  10
247.815704
  20
-862.605896
  0
VERTEX
  8
1
  10
241.595535
  20
-865.963440
  0
VERTEX
  8
1
  10
235.474644
  20
-869.165039
  0
VERTEX
  8
1
  10
229.308281
  20
-872.289658
  0
VERTEX
  8
1
  10
223.097935
  20
-875.336609
  0
VERTEX
  8
1
  10
216.844978
  20
-878.304977
  0
VERTEX
  8
1
  10
210.550880
  20
-881.194153
  0
VERTEX
  8
1
  10
204.217072
  20
-884.003143
  0
VERTEX
  8
1
  10
197.845001
  20
-886.731415
  0
VERTEX
  8
1
  10
191.436081
  20
-889.377975
  0
VERTEX
  8
1
  10
184.991760
  20
-891.942139
  0
VERTEX
  8
1
  10
178.513432
  20
-894.423141
  0
VERTEX
  8
1
  10
172.002583
  20
-896.820145
  0
VERTEX
  8
1
  10
165.460606
  20
-899.132385
  0
VERTEX
  8
1
  10
158.888950
  20
-901.359100
  0
VERTEX
  8
1
  10
152.289028
  20
-903.499374
  0
VERTEX
  8
1
  10
145.662298
  20
-905.552597
  0
VERTEX
  8
1
  10
139.010162
  20
-907.517776
  0
VERTEX
  8
1
  10
132.334070
  20
-909.394226
  0
VERTEX
  8
1
  10
125.635443
  20
-911.181107
  0
VERTEX
  8
1
  10
118.915710
  20
-912.877579
  0
VERTEX
  8
1
  10
112.176323
  20
-914.482956
  0
VERTEX
  8
1
  10
105.418692
  20
-915.996246
  0
VERTEX
  8
1
  10
98.644257
  20
-917.416763
  0
VERTEX
  8
1
  10
91.854448
  20
-918.743668
  0
VERTEX
  8
1
  10
85.050716
  20
-919.976044
  0
VERTEX
  8
1
  10
78.194914
  20
-921.119766
  0
VERTEX
  8
1
  10
70.786848
  20
-922.258148
  0
VERTEX
  8
1
  10
60.359678
  20
-923.753357
  0
VERTEX
  8
1
  10
50.021811
  20
-925.200729
  0
VERTEX
  8
1
  10
48.858061
  20
-925.368423
  0
VERTEX
  8
1
  10
39.709847
  20
-926.686783
  0
VERTEX
  8
1
  10
26.392906
  20
-928.650742
  0
SEQEND
  8
1
  0
POINT
  8
2
 10
7.642548
 20
-931.398315
  0
TEXT
  8
2
 10
7.642548
 20
-931.398315
 40
0.000000
 50
0.000000
  1
# 239
  0
POINT
  8
2
 10
7.642548
 20
-845.891418
  0
TEXT
  8
2
 10
7.642548
 20
-845.891418
 40
0.000000
 50
0.000000
  1
# 240
  0
POINT
  8
2
 10
119.231138
 20
-836.685638
  0
TEXT
  8
2
 10
119.231138
 20
-836.685638
 40
0.000000
 50
0.000000
  1
# 241
  0
POINT
  8
2
 10
173.486214
 20
-822.402267
  0
TEXT
  8
2
 10
173.486214
 20
-822.402267
 40
0.000000
 50
0.000000
  1
# 242
  0
POINT
  8
2
 10
265.763016
 20
-780.462799
  0
TEXT
  8
2
 10
265.763016
 20
-780.462799
 40
0.000000
 50
0.000000
  1
# 243
  0
POINT
  8
2
 10
299.989471
 20
-833.118973
  0
TEXT
  8
2
 10
299.989471
 20
-833.118973
 40
0.000000
 50
0.000000
  1
# 244
  0
POINT
  8
3
 10
24.291711
 20
-845.463486
  0
POINT
  8
3
 10
34.642510
 20
-845.224152
  0
POINT
  8
3
 10
42.208972
 20
-844.979553
  0
POINT
  8
3
 10
50.011992
 20
-844.640121
  0
POINT
  8
3
 10
57.447119
 20
-844.230423
  0
POINT
  8
3
 10
64.430285
 20
-843.760223
  0
POINT
  8
3
 10
70.690198
 20
-843.258133
  0
POINT
  8
3
 10
76.775661
 20
-842.684555
  0
POINT
  8
3
 10
83.064308
 20
-841.999283
  0
POINT
  8
3
 10
89.279966
 20
-841.236191
  0
POINT
  8
3
 10
95.972652
 20
-840.330353
  0
POINT
  8
3
 10
103.577709
 20
-839.216156
  0
POINT
  8
3
 10
111.828747
 20
-837.922134
  0
POINT
  8
3
 10
125.627947
 20
-835.388184
  0
POINT
  8
3
 10
132.338381
 20
-833.929749
  0
POINT
  8
3
 10
138.651609
 20
-832.467880
  0
POINT
  8
3
 10
144.088116
 20
-831.127090
  0
POINT
  8
3
 10
149.149656
 20
-829.794235
  0
POINT
  8
3
 10
154.541464
 20
-828.283691
  0
POINT
  8
3
 10
160.387783
 20
-826.558075
  0
POINT
  8
3
 10
166.442490
 20
-824.687271
  0
POINT
  8
3
 10
172.290325
 20
-822.800827
  0
POINT
  8
3
 10
181.480598
 20
-819.484482
  0
POINT
  8
3
 10
189.161987
 20
-816.590195
  0
POINT
  8
3
 10
196.396484
 20
-813.779678
  0
POINT
  8
3
 10
202.607727
 20
-811.285934
  0
POINT
  8
3
 10
208.458195
 20
-808.850479
  0
POINT
  8
3
 10
213.849983
 20
-806.521149
  0
POINT
  8
3
 10
219.419670
 20
-804.021149
  0
POINT
  8
3
 10
225.108032
 20
-801.373062
  0
POINT
  8
3
 10
231.400757
 20
-798.346024
  0
POINT
  8
3
 10
238.044491
 20
-795.051041
  0
POINT
  8
3
 10
244.650669
 20
-791.681747
  0
POINT
  8
3
 10
251.358070
 20
-788.168411
  0
POINT
  8
3
 10
258.129730
 20
-784.531784
  0
POINT
  8
3
 10
276.475544
 20
-796.604309
  0
POINT
  8
3
 10
282.071743
 20
-805.129089
  0
POINT
  8
3
 10
287.656593
 20
-813.742371
  0
POINT
  8
3
 10
293.071709
 20
-822.216110
  0
POINT
  8
3
 10
290.924625
 20
-838.229218
  0
POINT
  8
3
 10
282.105083
 20
-843.189468
  0
POINT
  8
3
 10
273.418312
 20
-848.114395
  0
POINT
  8
3
 10
273.116302
 20
-848.285599
  0
POINT
  8
3
 10
264.054050
 20
-853.469315
  0
POINT
  8
3
 10
254.902916
 20
-858.667450
  0
POINT
  8
3
 10
247.815704
 20
-862.605896
  0
POINT
  8
3
 10
241.595535
 20
-865.963440
  0
POINT
  8
3
 10
235.474644
 20
-869.165039
  0
POINT
  8
3
 10
229.308281
 20
-872.289658
  0
POINT
  8
3
 10
223.097935
 20
-875.336609
  0
POINT
  8
3
 10
216.844978
 20
-878.304977
  0
POINT
  8
3
 10
210.550880
 20
-881.194153
  0
POINT
  8
3
 10
204.217072
 20
-884.003143
  0
POINT
  8
3
 10
197.845001
 20
-886.731415
  0
POINT
  8
3
 10
191.436081
 20
-889.377975
  0
POINT
  8
3
 10
184.991760
 20
-891.942139
  0
POINT
  8
3
 10
178.513432
 20
-894.423141
  0
POINT
  8
3
 10
172.002583
 20
-896.820145
  0
POINT
  8
3
 10
165.460606
 20
-899.132385
  0
POINT
  8
3
 10
158.888950
 20
-901.359100
  0
POINT
  8
3
 10
152.289028
 20
-903.499374
  0
POINT
  8
3
 10
145.662298
 20
-905.552597
  0
POINT
  8
3
 10
139.010162
 20
-907.517776
  0
POINT
  8
3
 10
132.334070
 20
-909.394226
  0
POINT
  8
3
 10
125.635443
 20
-911.181107
  0
POINT
  8
3
 10
118.915710
 20
-912.877579
  0
POINT
  8
3
 10
112.176323
 20
-914.482956
  0
POINT
  8
3
 10
105.418692
 20
-915.996246
  0
POINT
  8
3
 10
98.644257
 20
-917.416763
  0
POINT
  8
3
 10
91.854448
 20
-918.743668
  0
POINT
  8
3
 10
85.050716
 20
-919.976044
  0
POINT
  8
3
 10
78.194914
 20
-921.119766
  0
POINT
  8
3
 10
70.786848
 20
-922.258148
  0
POINT
  8
3
 10
60.359678
 20
-923.753357
  0
POINT
  8
3
 10
50.021811
 20
-925.200729
  0
POINT
  8
3
 10
48.858061
 20
-925.368423
  0
POINT
  8
3
 10
39.709847
 20
-926.686783
  0
POINT
  8
3
 10
26.392906
 20
-928.650742
  0
POINT
  8
4
 10
273.418312
 20
-848.114395
 30
0.400000
 50
119.55
  0
TEXT
  8
4
 10
273.418312
 20
-848.114395
 40
0.000000
 50
0.000000
  1
# 245
  0
POINT
  8
4
 10
48.858061
 20
-925.368423
 30
0.400000
 50
 98.20
  0
TEXT
  8
4
 10
48.858061
 20
-925.368423
 40
0.000000
 50
0.000000
  1
# 246
  0
POLYLINE
  8
14
  66
1
  70
1
  0
VERTEX
  8
14
  10
27.642548
  20
-918.367157
  0
VERTEX
  8
14
  10
27.642548
  20
-855.367126
  0
VERTEX
  8
14
  10
34.909195
  20
-855.220560
  0
VERTEX
  8
14
  10
42.586921
  20
-854.972429
  0
VERTEX
  8
14
  10
50.504210
  20
-854.628014
  0
VERTEX
  8
14
  10
58.057482
  20
-854.211754
  0
VERTEX
  8
14
  10
65.166249
  20
-853.733142
  0
VERTEX
  8
14
  10
71.556666
  20
-853.220536
  0
VERTEX
  8
14
  10
77.786921
  20
-852.633295
  0
VERTEX
  8
14
  10
84.217570
  20
-851.932548
  0
VERTEX
  8
14
  10
90.561603
  20
-851.153748
  0
VERTEX
  8
14
  10
97.368705
  20
-850.232432
  0
VERTEX
  8
14
  10
105.077502
  20
-849.103033
  0
VERTEX
  8
14
  10
113.426654
  20
-847.793642
  0
VERTEX
  8
14
  10
121.049356
  20
-846.520462
  0
VERTEX
  8
14
  10
127.686998
  20
-845.173927
  0
VERTEX
  8
14
  10
134.527729
  20
-843.687126
  0
VERTEX
  8
14
  10
140.977551
  20
-842.193626
  0
VERTEX
  8
14
  10
146.556181
  20
-840.817712
  0
VERTEX
  8
14
  10
151.774305
  20
-839.443649
  0
VERTEX
  8
14
  10
157.307098
  20
-837.893648
  0
VERTEX
  8
14
  10
163.280468
  20
-836.130565
  0
VERTEX
  8
14
  10
169.453070
  20
-834.223294
  0
VERTEX
  8
14
  10
175.427465
  20
-832.295973
  0
VERTEX
  8
14
  10
176.781826
  20
-831.844711
  0
VERTEX
  8
14
  10
184.961187
  20
-828.859216
  0
VERTEX
  8
14
  10
192.734477
  20
-825.930284
  0
VERTEX
  8
14
  10
200.069784
  20
-823.080597
  0
VERTEX
  8
14
  10
206.390609
  20
-820.542837
  0
VERTEX
  8
14
  10
212.363406
  20
-818.056411
  0
VERTEX
  8
14
  10
217.878029
  20
-815.673989
  0
VERTEX
  8
14
  10
223.579773
  20
-813.114769
  0
VERTEX
  8
14
  10
229.385462
  20
-810.412102
  0
VERTEX
  8
14
  10
235.790436
  20
-807.331084
  0
VERTEX
  8
14
  10
242.539154
  20
-803.984006
  0
VERTEX
  8
14
  10
249.241938
  20
-800.565453
  0
VERTEX
  8
14
  10
256.047961
  20
-797.000424
  0
VERTEX
  8
14
  10
262.446194
  20
-793.549347
  0
VERTEX
  8
14
  10
268.129333
  20
-802.112551
  0
VERTEX
  8
14
  10
273.697943
  20
-810.595326
  0
VERTEX
  8
14
  10
279.247402
  20
-819.153979
  0
VERTEX
  8
14
  10
284.631416
  20
-827.579089
  0
VERTEX
  8
14
  10
285.904484
  20
-829.585571
  0
VERTEX
  8
14
  10
277.192078
  20
-834.479540
  0
VERTEX
  8
14
  10
268.485928
  20
-839.414444
  0
VERTEX
  8
14
  10
268.162123
  20
-839.599038
  0
VERTEX
  8
14
  10
259.089852
  20
-844.788455
  0
VERTEX
  8
14
  10
250.000790
  20
-849.951447
  0
VERTEX
  8
14
  10
243.010078
  20
-853.836259
  0
VERTEX
  8
14
  10
236.903470
  20
-857.132521
  0
VERTEX
  8
14
  10
230.897084
  20
-860.274249
  0
VERTEX
  8
14
  10
224.845852
  20
-863.340570
  0
VERTEX
  8
14
  10
218.751270
  20
-866.330679
  0
VERTEX
  8
14
  10
212.614767
  20
-869.243805
  0
VERTEX
  8
14
  10
206.437839
  20
-872.079142
  0
VERTEX
  8
14
  10
200.221913
  20
-874.835918
  0
VERTEX
  8
14
  10
193.968486
  20
-877.513331
  0
VERTEX
  8
14
  10
187.678985
  20
-880.110606
  0
VERTEX
  8
14
  10
181.354908
  20
-882.626941
  0
VERTEX
  8
14
  10
174.997681
  20
-885.061562
  0
VERTEX
  8
14
  10
168.608802
  20
-887.413667
  0
VERTEX
  8
14
  10
162.189706
  20
-889.682477
  0
VERTEX
  8
14
  10
155.741864
  20
-891.867202
  0
VERTEX
  8
14
  10
149.266739
  20
-893.967053
  0
VERTEX
  8
14
  10
142.765792
  20
-895.981242
  0
VERTEX
  8
14
  10
136.240485
  20
-897.908980
  0
VERTEX
  8
14
  10
129.692282
  20
-899.749480
  0
VERTEX
  8
14
  10
123.122642
  20
-901.501953
  0
VERTEX
  8
14
  10
116.533030
  20
-903.165611
  0
VERTEX
  8
14
  10
109.924906
  20
-904.739665
  0
VERTEX
  8
14
  10
103.299734
  20
-906.223329
  0
VERTEX
  8
14
  10
96.658974
  20
-907.615813
  0
VERTEX
  8
14
  10
90.004085
  20
-908.916329
  0
VERTEX
  8
14
  10
83.336542
  20
-910.124089
  0
VERTEX
  8
14
  10
76.616379
  20
-911.245147
  0
VERTEX
  8
14
  10
69.320087
  20
-912.366339
  0
VERTEX
  8
14
  10
58.972246
  20
-913.850091
  0
VERTEX
  8
14
  10
48.620648
  20
-915.299379
  0
VERTEX
  8
14
  10
47.431302
  20
-915.468063
  0
VERTEX
  8
14
  10
38.261926
  20
-916.792184
  0
SEQEND
  8
14
  0
POINT
  8
2
 10
27.642548
 20
-918.367157
  0
TEXT
  8
2
 10
27.642548
 20
-918.367157
 40
0.000000
 50
0.000000
  1
# 247
  0
POINT
  8
2
 10
27.642548
 20
-855.367126
  0
TEXT
  8
2
 10
27.642548
 20
-855.367126
 40
0.000000
 50
0.000000
  1
# 248
  0
POINT
  8
2
 10
121.049356
 20
-846.520462
  0
TEXT
  8
2
 10
121.049356
 20
-846.520462
 40
0.000000
 50
0.000000
  1
# 249
  0
POINT
  8
2
 10
176.781826
 20
-831.844711
  0
TEXT
  8
2
 10
176.781826
 20
-831.844711
 40
0.000000
 50
0.000000
  1
# 250
  0
POINT
  8
2
 10
262.446194
 20
-793.549347
  0
TEXT
  8
2
 10
262.446194
 20
-793.549347
 40
0.000000
 50
0.000000
  1
# 251
  0
POINT
  8
2
 10
285.904484
 20
-829.585571
  0
TEXT
  8
2
 10
285.904484
 20
-829.585571
 40
0.000000
 50
0.000000
  1
# 252
  0
POINT
  8
3
 10
34.909195
 20
-855.220560
  0
POINT
  8
3
 10
42.586921
 20
-854.972429
  0
POINT
  8
3
 10
50.504210
 20
-854.628014
  0
POINT
  8
3
 10
58.057482
 20
-854.211754
  0
POINT
  8
3
 10
65.166249
 20
-853.733142
  0
POINT
  8
3
 10
71.556666
 20
-853.220536
  0
POINT
  8
3
 10
77.786921
 20
-852.633295
  0
POINT
  8
3
 10
84.217570
 20
-851.932548
  0
POINT
  8
3
 10
90.561603
 20
-851.153748
  0
POINT
  8
3
 10
97.368705
 20
-850.232432
  0
POINT
  8
3
 10
105.077502
 20
-849.103033
  0
POINT
  8
3
 10
113.426654
 20
-847.793642
  0
POINT
  8
3
 10
127.686998
 20
-845.173927
  0
POINT
  8
3
 10
134.527729
 20
-843.687126
  0
POINT
  8
3
 10
140.977551
 20
-842.193626
  0
POINT
  8
3
 10
146.556181
 20
-840.817712
  0
POINT
  8
3
 10
151.774305
 20
-839.443649
  0
POINT
  8
3
 10
157.307098
 20
-837.893648
  0
POINT
  8
3
 10
163.280468
 20
-836.130565
  0
POINT
  8
3
 10
169.453070
 20
-834.223294
  0
POINT
  8
3
 10
175.427465
 20
-832.295973
  0
POINT
  8
3
 10
184.961187
 20
-828.859216
  0
POINT
  8
3
 10
192.734477
 20
-825.930284
  0
POINT
  8
3
 10
200.069784
 20
-823.080597
  0
POINT
  8
3
 10
206.390609
 20
-820.542837
  0
POINT
  8
3
 10
212.363406
 20
-818.056411
  0
POINT
  8
3
 10
217.878029
 20
-815.673989
  0
POINT
  8
3
 10
223.579773
 20
-813.114769
  0
POINT
  8
3
 10
229.385462
 20
-810.412102
  0
POINT
  8
3
 10
235.790436
 20
-807.331084
  0
POINT
  8
3
 10
242.539154
 20
-803.984006
  0
POINT
  8
3
 10
249.241938
 20
-800.565453
  0
POINT
  8
3
 10
256.047961
 20
-797.000424
  0
POINT
  8
3
 10
268.129333
 20
-802.112551
  0
POINT
  8
3
 10
273.697943
 20
-810.595326
  0
POINT
  8
3
 10
279.247402
 20
-819.153979
  0
POINT
  8
3
 10
284.631416
 20
-827.579089
  0
POINT
  8
3
 10
277.192078
 20
-834.479540
  0
POINT
  8
3
 10
268.485928
 20
-839.414444
  0
POINT
  8
3
 10
268.162123
 20
-839.599038
  0
POINT
  8
3
 10
259.089852
 20
-844.788455
  0
POINT
  8
3
 10
250.000790
 20
-849.951447
  0
POINT
  8
3
 10
243.010078
 20
-853.836259
  0
POINT
  8
3
 10
236.903470
 20
-857.132521
  0
POINT
  8
3
 10
230.897084
 20
-860.274249
  0
POINT
  8
3
 10
224.845852
 20
-863.340570
  0
POINT
  8
3
 10
218.751270
 20
-866.330679
  0
POINT
  8
3
 10
212.614767
 20
-869.243805
  0
POINT
  8
3
 10
206.437839
 20
-872.079142
  0
POINT
  8
3
 10
200.221913
 20
-874.835918
  0
POINT
  8
3
 10
193.968486
 20
-877.513331
  0
POINT
  8
3
 10
187.678985
 20
-880.110606
  0
POINT
  8
3
 10
181.354908
 20
-882.626941
  0
POINT
  8
3
 10
174.997681
 20
-885.061562
  0
POINT
  8
3
 10
168.608802
 20
-887.413667
  0
POINT
  8
3
 10
162.189706
 20
-889.682477
  0
POINT
  8
3
 10
155.741864
 20
-891.867202
  0
POINT
  8
3
 10
149.266739
 20
-893.967053
  0
POINT
  8
3
 10
142.765792
 20
-895.981242
  0
POINT
  8
3
 10
136.240485
 20
-897.908980
  0
POINT
  8
3
 10
129.692282
 20
-899.749480
  0
POINT
  8
3
 10
123.122642
 20
-901.501953
  0
POINT
  8
3
 10
116.533030
 20
-903.165611
  0
POINT
  8
3
 10
109.924906
 20
-904.739665
  0
POINT
  8
3
 10
103.299734
 20
-906.223329
  0
POINT
  8
3
 10
96.658974
 20
-907.615813
  0
POINT
  8
3
 10
90.004085
 20
-908.916329
  0
POINT
  8
3
 10
83.336542
 20
-910.124089
  0
POINT
  8
3
 10
76.616379
 20
-911.245147
  0
POINT
  8
3
 10
69.320087
 20
-912.366339
  0
POINT
  8
3
 10
58.972246
 20
-913.850091
  0
POINT
  8
3
 10
48.620648
 20
-915.299379
  0
POINT
  8
3
 10
47.431302
 20
-915.468063
  0
POINT
  8
3
 10
38.261926
 20
-916.792184
  0
POINT
  8
4
 10
268.485928
 20
-839.414444
 30
0.400000
 50
119.69
  0
TEXT
  8
4
 10
268.485928
 20
-839.414444
 40
0.000000
 50
0.000000
  1
# 253
  0
POINT
  8
4
 10
47.431302
 20
-915.468063
 30
0.400000
 50
 98.09
  0
TEXT
  8
4
 10
47.431302
 20
-915.468063
 40
0.000000
 50
0.000000
  1
# 254
  0
POLYLINE
  8
8
  66
1
  70
0
  0
VERTEX
  8
8
  10
149.168072
  20
-840.141373
  0
VERTEX
  8
8
  10
162.211418
  20
-889.674606
  0
SEQEND
  8
8
  0
POINT
  8
2
 10
149.168072
 20
-840.141373
  0
TEXT
  8
2
 10
149.168072
 20
-840.141373
 40
0.000000
 50
0.000000
  1
# 255
  0
POINT
  8
2
 10
162.211418
 20
-889.674606
  0
TEXT
  8
2
 10
162.211418
 20
-889.674606
 40
0.000000
 50
0.000000
  1
# 256
 0
LINE
 8
7
 10
58.700461
 20
-898.757629
 11
58.700461
 21
-859.564972
  0
TEXT
  8
1
 10
153.816010
 20
-855.930557
 40
10.000000
 50
0.000000
  1
Piece Name: 26SMC-WP313M 展_右后飞机_175/92
  0
TEXT
  8
1
 10
153.816010
 20
-840.930557
 40
10.000000
 50
0.000000
  1
Size: 175/92
  0
TEXT
  8
1
 10
153.816010
 20
-825.930557
 40
10.000000
 50
0.000000
  1
Annotation: 
  0
TEXT
  8
1
 10
153.816010
 20
-810.930557
 40
10.000000
 50
0.000000
  1
Quantity: 1
  0
TEXT
  8
1
 10
153.816010
 20
-795.930557
 40
10.000000
 50
0.000000
  1
Material: 面
  0
TEXT
  8
1
 10
153.816010
 20
-795.930557
 40
10.000000
 50
0.000000
  1
Category: 5
0
ENDBLK
0
BLOCK
  8
1
  2
26SMC-WP313M 展_后飞机_175/92
 70
0
 10
0.0
 20
0.0
  0
POLYLINE
  8
1
  66
1
  70
1
  0
VERTEX
  8
1
  10
-24.816098
  20
-788.113022
  0
VERTEX
  8
1
  10
-24.816098
  20
-703.804703
  0
VERTEX
  8
1
  10
-15.666920
  20
-703.574600
  0
VERTEX
  8
1
  10
-7.816116
  20
-703.401260
  0
VERTEX
  8
1
  10
-0.249658
  20
-703.156738
  0
VERTEX
  8
1
  10
7.553358
  20
-702.817307
  0
VERTEX
  8
1
  10
14.988476
  20
-702.407532
  0
VERTEX
  8
1
  10
21.971638
  20
-701.937408
  0
VERTEX
  8
1
  10
28.231544
  20
-701.435318
  0
VERTEX
  8
1
  10
34.317002
  20
-700.861740
  0
VERTEX
  8
1
  10
40.605650
  20
-700.176392
  0
VERTEX
  8
1
  10
46.821308
  20
-699.413376
  0
VERTEX
  8
1
  10
53.513999
  20
-698.507462
  0
VERTEX
  8
1
  10
61.119065
  20
-697.393265
  0
VERTEX
  8
1
  10
69.370103
  20
-696.099243
  0
VERTEX
  8
1
  10
76.772494
  20
-694.862747
  0
VERTEX
  8
1
  10
76.942921
  20
-694.828186
  0
VERTEX
  8
1
  10
83.169298
  20
-693.565292
  0
VERTEX
  8
1
  10
89.879742
  20
-692.106857
  0
VERTEX
  8
1
  10
96.192980
  20
-690.644989
  0
VERTEX
  8
1
  10
101.629477
  20
-689.304199
  0
VERTEX
  8
1
  10
106.691017
  20
-687.971344
  0
VERTEX
  8
1
  10
112.082825
  20
-686.460800
  0
VERTEX
  8
1
  10
117.929144
  20
-684.735184
  0
VERTEX
  8
1
  10
123.983850
  20
-682.864380
  0
VERTEX
  8
1
  10
129.831686
  20
-680.977936
  0
VERTEX
  8
1
  10
130.897312
  20
-680.622787
  0
VERTEX
  8
1
  10
131.027575
  20
-680.579376
  0
VERTEX
  8
1
  10
139.021959
  20
-677.661591
  0
VERTEX
  8
1
  10
146.703348
  20
-674.767303
  0
VERTEX
  8
1
  10
153.937836
  20
-671.956787
  0
VERTEX
  8
1
  10
160.149097
  20
-669.463043
  0
VERTEX
  8
1
  10
165.999546
  20
-667.027588
  0
VERTEX
  8
1
  10
171.391335
  20
-664.698257
  0
VERTEX
  8
1
  10
176.961021
  20
-662.198257
  0
VERTEX
  8
1
  10
182.649384
  20
-659.550247
  0
VERTEX
  8
1
  10
188.942108
  20
-656.523132
  0
VERTEX
  8
1
  10
195.585842
  20
-653.228149
  0
VERTEX
  8
1
  10
202.192020
  20
-649.858856
  0
VERTEX
  8
1
  10
208.899422
  20
-646.345520
  0
VERTEX
  8
1
  10
215.671082
  20
-642.708893
  0
VERTEX
  8
1
  10
223.304348
  20
-638.639946
  0
VERTEX
  8
1
  10
234.016914
  20
-654.781418
  0
VERTEX
  8
1
  10
239.613094
  20
-663.306198
  0
VERTEX
  8
1
  10
245.197964
  20
-671.919479
  0
VERTEX
  8
1
  10
250.613060
  20
-680.393219
  0
VERTEX
  8
1
  10
257.531929
  20
-691.297836
  0
VERTEX
  8
1
  10
192.467461
  20
-728.002090
  0
VERTEX
  8
1
  10
155.421782
  20
-748.900375
  0
VERTEX
  8
1
  10
89.737253
  20
-771.361084
  0
VERTEX
  8
1
  10
48.938484
  20
-777.327347
  0
SEQEND
  8
1
  0
POINT
  8
2
 10
-24.816098
 20
-788.113022
  0
TEXT
  8
2
 10
-24.816098
 20
-788.113022
 40
0.000000
 50
0.000000
  1
# 257
  0
POINT
  8
2
 10
-24.816098
 20
-703.804703
  0
TEXT
  8
2
 10
-24.816098
 20
-703.804703
 40
0.000000
 50
0.000000
  1
# 258
  0
POINT
  8
2
 10
76.772494
 20
-694.862747
  0
TEXT
  8
2
 10
76.772494
 20
-694.862747
 40
0.000000
 50
0.000000
  1
# 259
  0
POINT
  8
2
 10
131.027575
 20
-680.579376
  0
TEXT
  8
2
 10
131.027575
 20
-680.579376
 40
0.000000
 50
0.000000
  1
# 260
  0
POINT
  8
2
 10
223.304348
 20
-638.639946
  0
TEXT
  8
2
 10
223.304348
 20
-638.639946
 40
0.000000
 50
0.000000
  1
# 261
  0
POINT
  8
2
 10
257.531929
 20
-691.297836
  0
TEXT
  8
2
 10
257.531929
 20
-691.297836
 40
0.000000
 50
0.000000
  1
# 262
  0
POINT
  8
2
 10
155.421782
 20
-748.900375
  0
TEXT
  8
2
 10
155.421782
 20
-748.900375
 40
0.000000
 50
0.000000
  1
# 263
  0
POINT
  8
2
 10
89.737253
 20
-771.361084
  0
TEXT
  8
2
 10
89.737253
 20
-771.361084
 40
0.000000
 50
0.000000
  1
# 264
  0
POINT
  8
3
 10
-15.666920
 20
-703.574600
  0
POINT
  8
3
 10
-7.816116
 20
-703.401260
  0
POINT
  8
3
 10
-0.249658
 20
-703.156738
  0
POINT
  8
3
 10
7.553358
 20
-702.817307
  0
POINT
  8
3
 10
14.988476
 20
-702.407532
  0
POINT
  8
3
 10
21.971638
 20
-701.937408
  0
POINT
  8
3
 10
28.231544
 20
-701.435318
  0
POINT
  8
3
 10
34.317002
 20
-700.861740
  0
POINT
  8
3
 10
40.605650
 20
-700.176392
  0
POINT
  8
3
 10
46.821308
 20
-699.413376
  0
POINT
  8
3
 10
53.513999
 20
-698.507462
  0
POINT
  8
3
 10
61.119065
 20
-697.393265
  0
POINT
  8
3
 10
69.370103
 20
-696.099243
  0
POINT
  8
3
 10
76.942921
 20
-694.828186
  0
POINT
  8
3
 10
83.169298
 20
-693.565292
  0
POINT
  8
3
 10
89.879742
 20
-692.106857
  0
POINT
  8
3
 10
96.192980
 20
-690.644989
  0
POINT
  8
3
 10
101.629477
 20
-689.304199
  0
POINT
  8
3
 10
106.691017
 20
-687.971344
  0
POINT
  8
3
 10
112.082825
 20
-686.460800
  0
POINT
  8
3
 10
117.929144
 20
-684.735184
  0
POINT
  8
3
 10
123.983850
 20
-682.864380
  0
POINT
  8
3
 10
129.831686
 20
-680.977936
  0
POINT
  8
3
 10
130.897312
 20
-680.622787
  0
POINT
  8
3
 10
139.021959
 20
-677.661591
  0
POINT
  8
3
 10
146.703348
 20
-674.767303
  0
POINT
  8
3
 10
153.937836
 20
-671.956787
  0
POINT
  8
3
 10
160.149097
 20
-669.463043
  0
POINT
  8
3
 10
165.999546
 20
-667.027588
  0
POINT
  8
3
 10
171.391335
 20
-664.698257
  0
POINT
  8
3
 10
176.961021
 20
-662.198257
  0
POINT
  8
3
 10
182.649384
 20
-659.550247
  0
POINT
  8
3
 10
188.942108
 20
-656.523132
  0
POINT
  8
3
 10
195.585842
 20
-653.228149
  0
POINT
  8
3
 10
202.192020
 20
-649.858856
  0
POINT
  8
3
 10
208.899422
 20
-646.345520
  0
POINT
  8
3
 10
215.671082
 20
-642.708893
  0
POINT
  8
3
 10
234.016914
 20
-654.781418
  0
POINT
  8
3
 10
239.613094
 20
-663.306198
  0
POINT
  8
3
 10
245.197964
 20
-671.919479
  0
POINT
  8
3
 10
250.613060
 20
-680.393219
  0
POINT
  8
3
 10
192.467461
 20
-728.002090
  0
POINT
  8
3
 10
48.938484
 20
-777.327347
  0
POINT
  8
4
 10
76.942921
 20
-694.828186
 30
0.400000
 50
279.48
  0
TEXT
  8
4
 10
76.942921
 20
-694.828186
 40
0.000000
 50
0.000000
  1
# 265
  0
POINT
  8
4
 10
130.897312
 20
-680.622787
 30
0.400000
 50
290.03
  0
TEXT
  8
4
 10
130.897312
 20
-680.622787
 40
0.000000
 50
0.000000
  1
# 266
  0
POINT
  8
4
 10
192.467461
 20
-728.002090
 30
0.400000
 50
119.43
  0
TEXT
  8
4
 10
192.467461
 20
-728.002090
 40
0.000000
 50
0.000000
  1
# 267
  0
POINT
  8
4
 10
48.938484
 20
-777.327347
 30
0.400000
 50
 98.32
  0
TEXT
  8
4
 10
48.938484
 20
-777.327347
 40
0.000000
 50
0.000000
  1
# 268
  0
POLYLINE
  8
14
  66
1
  70
1
  0
VERTEX
  8
14
  10
-14.816097
  20
-776.544266
  0
VERTEX
  8
14
  10
-14.816097
  20
-713.544235
  0
VERTEX
  8
14
  10
-7.549451
  20
-713.397684
  0
VERTEX
  8
14
  10
0.128275
  20
-713.149567
  0
VERTEX
  8
14
  10
8.045564
  20
-712.805161
  0
VERTEX
  8
14
  10
15.598836
  20
-712.388907
  0
VERTEX
  8
14
  10
22.707603
  20
-711.910296
  0
VERTEX
  8
14
  10
29.098020
  20
-711.397688
  0
VERTEX
  8
14
  10
35.328276
  20
-710.810441
  0
VERTEX
  8
14
  10
41.758926
  20
-710.109686
  0
VERTEX
  8
14
  10
48.102959
  20
-709.330876
  0
VERTEX
  8
14
  10
54.910062
  20
-708.409554
  0
VERTEX
  8
14
  10
62.618859
  20
-707.280148
  0
VERTEX
  8
14
  10
70.968010
  20
-705.970752
  0
VERTEX
  8
14
  10
78.590713
  20
-704.697571
  0
VERTEX
  8
14
  10
78.590713
  20
-704.697571
  0
VERTEX
  8
14
  10
85.228357
  20
-703.351035
  0
VERTEX
  8
14
  10
92.069091
  20
-701.864233
  0
VERTEX
  8
14
  10
98.518914
  20
-700.370732
  0
VERTEX
  8
14
  10
104.097544
  20
-698.994818
  0
VERTEX
  8
14
  10
109.315667
  20
-697.620755
  0
VERTEX
  8
14
  10
114.848459
  20
-696.070754
  0
VERTEX
  8
14
  10
120.821827
  20
-694.307672
  0
VERTEX
  8
14
  10
126.994426
  20
-692.400401
  0
VERTEX
  8
14
  10
132.968818
  20
-690.473081
  0
VERTEX
  8
14
  10
134.323177
  20
-690.021820
  0
VERTEX
  8
14
  10
134.323177
  20
-690.021820
  0
VERTEX
  8
14
  10
142.502543
  20
-687.036325
  0
VERTEX
  8
14
  10
150.275833
  20
-684.107393
  0
VERTEX
  8
14
  10
157.611139
  20
-681.257707
  0
VERTEX
  8
14
  10
163.931964
  20
-678.719947
  0
VERTEX
  8
14
  10
169.904760
  20
-676.233522
  0
VERTEX
  8
14
  10
175.419382
  20
-673.851099
  0
VERTEX
  8
14
  10
181.121124
  20
-671.291879
  0
VERTEX
  8
14
  10
186.926812
  20
-668.589213
  0
VERTEX
  8
14
  10
193.331785
  20
-665.508194
  0
VERTEX
  8
14
  10
200.080504
  20
-662.161116
  0
VERTEX
  8
14
  10
206.783288
  20
-658.742563
  0
VERTEX
  8
14
  10
213.589311
  20
-655.177534
  0
VERTEX
  8
14
  10
219.987545
  20
-651.726456
  0
VERTEX
  8
14
  10
225.670691
  20
-660.289659
  0
VERTEX
  8
14
  10
231.239303
  20
-668.772434
  0
VERTEX
  8
14
  10
236.788761
  20
-677.331088
  0
VERTEX
  8
14
  10
242.172769
  20
-685.756198
  0
VERTEX
  8
14
  10
243.445854
  20
-687.762680
  0
VERTEX
  8
14
  10
187.554111
  20
-719.292374
  0
VERTEX
  8
14
  10
152.318602
  20
-739.393005
  0
VERTEX
  8
14
  10
88.074074
  20
-761.497955
  0
VERTEX
  8
14
  10
47.491512
  20
-767.432632
  0
SEQEND
  8
14
  0
POINT
  8
2
 10
-14.816097
 20
-776.544266
  0
TEXT
  8
2
 10
-14.816097
 20
-776.544266
 40
0.000000
 50
0.000000
  1
# 269
  0
POINT
  8
2
 10
-14.816097
 20
-713.544235
  0
TEXT
  8
2
 10
-14.816097
 20
-713.544235
 40
0.000000
 50
0.000000
  1
# 270
  0
POINT
  8
2
 10
78.590713
 20
-704.697571
  0
TEXT
  8
2
 10
78.590713
 20
-704.697571
 40
0.000000
 50
0.000000
  1
# 271
  0
POINT
  8
2
 10
134.323177
 20
-690.021820
  0
TEXT
  8
2
 10
134.323177
 20
-690.021820
 40
0.000000
 50
0.000000
  1
# 272
  0
POINT
  8
2
 10
219.987545
 20
-651.726456
  0
TEXT
  8
2
 10
219.987545
 20
-651.726456
 40
0.000000
 50
0.000000
  1
# 273
  0
POINT
  8
2
 10
243.445854
 20
-687.762680
  0
TEXT
  8
2
 10
243.445854
 20
-687.762680
 40
0.000000
 50
0.000000
  1
# 274
  0
POINT
  8
2
 10
152.318602
 20
-739.393005
  0
TEXT
  8
2
 10
152.318602
 20
-739.393005
 40
0.000000
 50
0.000000
  1
# 275
  0
POINT
  8
2
 10
88.074074
 20
-761.497955
  0
TEXT
  8
2
 10
88.074074
 20
-761.497955
 40
0.000000
 50
0.000000
  1
# 276
  0
POINT
  8
3
 10
-7.549451
 20
-713.397684
  0
POINT
  8
3
 10
0.128275
 20
-713.149567
  0
POINT
  8
3
 10
8.045564
 20
-712.805161
  0
POINT
  8
3
 10
15.598836
 20
-712.388907
  0
POINT
  8
3
 10
22.707603
 20
-711.910296
  0
POINT
  8
3
 10
29.098020
 20
-711.397688
  0
POINT
  8
3
 10
35.328276
 20
-710.810441
  0
POINT
  8
3
 10
41.758926
 20
-710.109686
  0
POINT
  8
3
 10
48.102959
 20
-709.330876
  0
POINT
  8
3
 10
54.910062
 20
-708.409554
  0
POINT
  8
3
 10
62.618859
 20
-707.280148
  0
POINT
  8
3
 10
70.968010
 20
-705.970752
  0
POINT
  8
3
 10
78.590713
 20
-704.697571
  0
POINT
  8
3
 10
85.228357
 20
-703.351035
  0
POINT
  8
3
 10
92.069091
 20
-701.864233
  0
POINT
  8
3
 10
98.518914
 20
-700.370732
  0
POINT
  8
3
 10
104.097544
 20
-698.994818
  0
POINT
  8
3
 10
109.315667
 20
-697.620755
  0
POINT
  8
3
 10
114.848459
 20
-696.070754
  0
POINT
  8
3
 10
120.821827
 20
-694.307672
  0
POINT
  8
3
 10
126.994426
 20
-692.400401
  0
POINT
  8
3
 10
132.968818
 20
-690.473081
  0
POINT
  8
3
 10
134.323177
 20
-690.021820
  0
POINT
  8
3
 10
142.502543
 20
-687.036325
  0
POINT
  8
3
 10
150.275833
 20
-684.107393
  0
POINT
  8
3
 10
157.611139
 20
-681.257707
  0
POINT
  8
3
 10
163.931964
 20
-678.719947
  0
POINT
  8
3
 10
169.904760
 20
-676.233522
  0
POINT
  8
3
 10
175.419382
 20
-673.851099
  0
POINT
  8
3
 10
181.121124
 20
-671.291879
  0
POINT
  8
3
 10
186.926812
 20
-668.589213
  0
POINT
  8
3
 10
193.331785
 20
-665.508194
  0
POINT
  8
3
 10
200.080504
 20
-662.161116
  0
POINT
  8
3
 10
206.783288
 20
-658.742563
  0
POINT
  8
3
 10
213.589311
 20
-655.177534
  0
POINT
  8
3
 10
225.670691
 20
-660.289659
  0
POINT
  8
3
 10
231.239303
 20
-668.772434
  0
POINT
  8
3
 10
236.788761
 20
-677.331088
  0
POINT
  8
3
 10
242.172769
 20
-685.756198
  0
POINT
  8
3
 10
187.554111
 20
-719.292374
  0
POINT
  8
3
 10
47.491512
 20
-767.432632
  0
POINT
  8
4
 10
78.590713
 20
-704.697571
 30
0.400000
 50
279.48
  0
TEXT
  8
4
 10
78.590713
 20
-704.697571
 40
0.000000
 50
0.000000
  1
# 277
  0
POINT
  8
4
 10
134.323177
 20
-690.021820
 30
0.400000
 50
290.03
  0
TEXT
  8
4
 10
134.323177
 20
-690.021820
 40
0.000000
 50
0.000000
  1
# 278
  0
POINT
  8
4
 10
187.554111
 20
-719.292374
 30
0.400000
 50
119.43
  0
TEXT
  8
4
 10
187.554111
 20
-719.292374
 40
0.000000
 50
0.000000
  1
# 279
  0
POINT
  8
4
 10
47.491512
 20
-767.432632
 30
0.400000
 50
 98.32
  0
TEXT
  8
4
 10
47.491512
 20
-767.432632
 40
0.000000
 50
0.000000
  1
# 280
  0
POLYLINE
  8
8
  66
1
  70
0
  0
VERTEX
  8
8
  10
88.074074
  20
-761.497955
  0
VERTEX
  8
8
  10
78.590713
  20
-704.697571
  0
SEQEND
  8
8
  0
POINT
  8
2
 10
88.074074
 20
-761.497955
  0
TEXT
  8
2
 10
88.074074
 20
-761.497955
 40
0.000000
 50
0.000000
  1
# 281
  0
POINT
  8
2
 10
78.590713
 20
-704.697571
  0
TEXT
  8
2
 10
78.590713
 20
-704.697571
 40
0.000000
 50
0.000000
  1
# 282
  0
POLYLINE
  8
8
  66
1
  70
0
  0
VERTEX
  8
8
  10
152.318602
  20
-739.393005
  0
VERTEX
  8
8
  10
134.323177
  20
-690.021820
  0
SEQEND
  8
8
  0
POINT
  8
2
 10
152.318602
 20
-739.393005
  0
TEXT
  8
2
 10
152.318602
 20
-739.393005
 40
0.000000
 50
0.000000
  1
# 283
  0
POINT
  8
2
 10
134.323177
 20
-690.021820
  0
TEXT
  8
2
 10
134.323177
 20
-690.021820
 40
0.000000
 50
0.000000
  1
# 284
  0
POLYLINE
  8
8
  66
1
  70
0
  0
VERTEX
  8
8
  10
106.709423
  20
-698.318558
  0
VERTEX
  8
8
  10
120.399485
  20
-750.307693
  0
SEQEND
  8
8
  0
POINT
  8
2
 10
106.709423
 20
-698.318558
  0
TEXT
  8
2
 10
106.709423
 20
-698.318558
 40
0.000000
 50
0.000000
  1
# 285
  0
POINT
  8
2
 10
120.399485
 20
-750.307693
  0
TEXT
  8
2
 10
120.399485
 20
-750.307693
 40
0.000000
 50
0.000000
  1
# 286
  0
POLYLINE
  8
8
  66
1
  70
0
  0
VERTEX
  8
8
  10
-14.816097
  20
-776.544266
  0
VERTEX
  8
8
  10
-4.196720
  20
-774.969293
  0
VERTEX
  8
8
  10
6.162001
  20
-773.476488
  0
VERTEX
  8
8
  10
16.513599
  20
-772.027200
  0
VERTEX
  8
8
  10
26.861438
  20
-770.543448
  0
VERTEX
  8
8
  10
34.157729
  20
-769.422256
  0
VERTEX
  8
8
  10
40.877892
  20
-768.301198
  0
VERTEX
  8
8
  10
47.545434
  20
-767.093439
  0
VERTEX
  8
8
  10
54.200322
  20
-765.792922
  0
VERTEX
  8
8
  10
60.841082
  20
-764.400439
  0
VERTEX
  8
8
  10
67.466254
  20
-762.916775
  0
VERTEX
  8
8
  10
74.074377
  20
-761.342721
  0
VERTEX
  8
8
  10
80.663989
  20
-759.679063
  0
VERTEX
  8
8
  10
87.233628
  20
-757.926590
  0
VERTEX
  8
8
  10
93.781832
  20
-756.086090
  0
VERTEX
  8
8
  10
100.307138
  20
-754.158352
  0
VERTEX
  8
8
  10
106.808085
  20
-752.144164
  0
VERTEX
  8
8
  10
113.283210
  20
-750.044313
  0
VERTEX
  8
8
  10
119.731052
  20
-747.859588
  0
VERTEX
  8
8
  10
126.150148
  20
-745.590778
  0
VERTEX
  8
8
  10
132.539027
  20
-743.238673
  0
VERTEX
  8
8
  10
138.896255
  20
-740.804053
  0
VERTEX
  8
8
  10
145.220332
  20
-738.287718
  0
VERTEX
  8
8
  10
151.509834
  20
-735.690443
  0
VERTEX
  8
8
  10
157.763261
  20
-733.013031
  0
VERTEX
  8
8
  10
163.979188
  20
-730.256254
  0
VERTEX
  8
8
  10
170.156117
  20
-727.420917
  0
VERTEX
  8
8
  10
176.292621
  20
-724.507792
  0
VERTEX
  8
8
  10
182.387203
  20
-721.517683
  0
VERTEX
  8
8
  10
188.438436
  20
-718.451362
  0
VERTEX
  8
8
  10
194.444823
  20
-715.309634
  0
VERTEX
  8
8
  10
200.551432
  20
-712.013373
  0
VERTEX
  8
8
  10
207.542146
  20
-708.128561
  0
VERTEX
  8
8
  10
216.631209
  20
-702.965569
  0
VERTEX
  8
8
  10
225.703481
  20
-697.776154
  0
VERTEX
  8
8
  10
234.733436
  20
-692.656656
  0
VERTEX
  8
8
  10
243.445854
  20
-687.762680
  0
SEQEND
  8
8
  0
POINT
  8
2
 10
-14.816097
 20
-776.544266
  0
TEXT
  8
2
 10
-14.816097
 20
-776.544266
 40
0.000000
 50
0.000000
  1
# 287
  0
POINT
  8
2
 10
243.445854
 20
-687.762680
  0
TEXT
  8
2
 10
243.445854
 20
-687.762680
 40
0.000000
 50
0.000000
  1
# 288
  0
POINT
  8
3
 10
-4.196720
 20
-774.969293
  0
POINT
  8
3
 10
6.162001
 20
-773.476488
  0
POINT
  8
3
 10
16.513599
 20
-772.027200
  0
POINT
  8
3
 10
26.861438
 20
-770.543448
  0
POINT
  8
3
 10
34.157729
 20
-769.422256
  0
POINT
  8
3
 10
40.877892
 20
-768.301198
  0
POINT
  8
3
 10
47.545434
 20
-767.093439
  0
POINT
  8
3
 10
54.200322
 20
-765.792922
  0
POINT
  8
3
 10
60.841082
 20
-764.400439
  0
POINT
  8
3
 10
67.466254
 20
-762.916775
  0
POINT
  8
3
 10
74.074377
 20
-761.342721
  0
POINT
  8
3
 10
80.663989
 20
-759.679063
  0
POINT
  8
3
 10
87.233628
 20
-757.926590
  0
POINT
  8
3
 10
93.781832
 20
-756.086090
  0
POINT
  8
3
 10
100.307138
 20
-754.158352
  0
POINT
  8
3
 10
106.808085
 20
-752.144164
  0
POINT
  8
3
 10
113.283210
 20
-750.044313
  0
POINT
  8
3
 10
119.731052
 20
-747.859588
  0
POINT
  8
3
 10
126.150148
 20
-745.590778
  0
POINT
  8
3
 10
132.539027
 20
-743.238673
  0
POINT
  8
3
 10
138.896255
 20
-740.804053
  0
POINT
  8
3
 10
145.220332
 20
-738.287718
  0
POINT
  8
3
 10
151.509834
 20
-735.690443
  0
POINT
  8
3
 10
157.763261
 20
-733.013031
  0
POINT
  8
3
 10
163.979188
 20
-730.256254
  0
POINT
  8
3
 10
170.156117
 20
-727.420917
  0
POINT
  8
3
 10
176.292621
 20
-724.507792
  0
POINT
  8
3
 10
182.387203
 20
-721.517683
  0
POINT
  8
3
 10
188.438436
 20
-718.451362
  0
POINT
  8
3
 10
194.444823
 20
-715.309634
  0
POINT
  8
3
 10
200.551432
 20
-712.013373
  0
POINT
  8
3
 10
207.542146
 20
-708.128561
  0
POINT
  8
3
 10
216.631209
 20
-702.965569
  0
POINT
  8
3
 10
225.703481
 20
-697.776154
  0
POINT
  8
3
 10
234.733436
 20
-692.656656
 0
LINE
 8
7
 10
25.595920
 20
-754.043427
 11
25.595920
 21
-733.823624
  0
TEXT
  8
1
 10
116.357915
 20
-713.376484
 40
10.000000
 50
0.000000
  1
Piece Name: 26SMC-WP313M 展_后飞机_175/92
  0
TEXT
  8
1
 10
116.357915
 20
-698.376484
 40
10.000000
 50
0.000000
  1
Size: 175/92
  0
TEXT
  8
1
 10
116.357915
 20
-683.376484
 40
10.000000
 50
0.000000
  1
Annotation: 
  0
TEXT
  8
1
 10
116.357915
 20
-668.376484
 40
10.000000
 50
0.000000
  1
Quantity: 1
  0
TEXT
  8
1
 10
116.357915
 20
-653.376484
 40
10.000000
 50
0.000000
  1
Material: 原
  0
TEXT
  8
1
 10
116.357915
 20
-653.376484
 40
10.000000
 50
0.000000
  1
Category: 6
0
ENDBLK
0
BLOCK
  8
1
  2
26SMC-WP313M 展_腿袋_175/92
 70
0
 10
0.0
 20
0.0
  0
POLYLINE
  8
1
  66
1
  70
1
  0
VERTEX
  8
1
  10
916.520233
  20
-533.245430
  0
VERTEX
  8
1
  10
916.520233
  20
-356.639137
  0
VERTEX
  8
1
  10
969.520264
  20
-356.639137
  0
VERTEX
  8
1
  10
969.520264
  20
-356.639137
  0
VERTEX
  8
1
  10
1012.020264
  20
-356.639137
  0
VERTEX
  8
1
  10
1012.020264
  20
-356.639137
  0
VERTEX
  8
1
  10
1054.520264
  20
-356.639137
  0
VERTEX
  8
1
  10
1054.520264
  20
-356.639137
  0
VERTEX
  8
1
  10
1097.020264
  20
-356.639137
  0
VERTEX
  8
1
  10
1097.020264
  20
-356.639137
  0
VERTEX
  8
1
  10
1139.520264
  20
-356.639137
  0
VERTEX
  8
1
  10
1139.520264
  20
-356.639137
  0
VERTEX
  8
1
  10
1182.020264
  20
-356.639137
  0
VERTEX
  8
1
  10
1182.020264
  20
-356.639137
  0
VERTEX
  8
1
  10
1224.520264
  20
-356.639137
  0
VERTEX
  8
1
  10
1224.520264
  20
-356.639137
  0
VERTEX
  8
1
  10
1277.520294
  20
-356.639137
  0
VERTEX
  8
1
  10
1277.520294
  20
-533.245430
  0
VERTEX
  8
1
  10
1227.058868
  20
-554.653358
  0
VERTEX
  8
1
  10
1224.520264
  20
-555.730324
  0
VERTEX
  8
1
  10
1182.020264
  20
-573.760605
  0
VERTEX
  8
1
  10
1182.020264
  20
-573.760605
  0
VERTEX
  8
1
  10
1139.520264
  20
-555.730324
  0
VERTEX
  8
1
  10
1139.520264
  20
-555.730324
  0
VERTEX
  8
1
  10
1097.020264
  20
-573.760605
  0
VERTEX
  8
1
  10
1097.020264
  20
-573.760605
  0
VERTEX
  8
1
  10
1054.520264
  20
-555.730324
  0
VERTEX
  8
1
  10
1054.520264
  20
-555.730324
  0
VERTEX
  8
1
  10
1012.020264
  20
-573.760605
  0
VERTEX
  8
1
  10
1012.020264
  20
-573.760605
  0
VERTEX
  8
1
  10
969.520264
  20
-555.730324
  0
VERTEX
  8
1
  10
966.981659
  20
-554.653358
  0
SEQEND
  8
1
  0
POINT
  8
2
 10
916.520233
 20
-533.245430
  0
TEXT
  8
2
 10
916.520233
 20
-533.245430
 40
0.000000
 50
0.000000
  1
# 289
  0
POINT
  8
2
 10
916.520233
 20
-356.639137
  0
TEXT
  8
2
 10
916.520233
 20
-356.639137
 40
0.000000
 50
0.000000
  1
# 290
  0
POINT
  8
2
 10
969.520264
 20
-356.639137
  0
TEXT
  8
2
 10
969.520264
 20
-356.639137
 40
0.000000
 50
0.000000
  1
# 291
  0
POINT
  8
2
 10
1054.520264
 20
-356.639137
  0
TEXT
  8
2
 10
1054.520264
 20
-356.639137
 40
0.000000
 50
0.000000
  1
# 292
  0
POINT
  8
2
 10
1097.020264
 20
-356.639137
  0
TEXT
  8
2
 10
1097.020264
 20
-356.639137
 40
0.000000
 50
0.000000
  1
# 293
  0
POINT
  8
2
 10
1139.520264
 20
-356.639137
  0
TEXT
  8
2
 10
1139.520264
 20
-356.639137
 40
0.000000
 50
0.000000
  1
# 294
  0
POINT
  8
2
 10
1224.520264
 20
-356.639137
  0
TEXT
  8
2
 10
1224.520264
 20
-356.639137
 40
0.000000
 50
0.000000
  1
# 295
  0
POINT
  8
2
 10
1277.520294
 20
-356.639137
  0
TEXT
  8
2
 10
1277.520294
 20
-356.639137
 40
0.000000
 50
0.000000
  1
# 296
  0
POINT
  8
2
 10
1277.520294
 20
-533.245430
  0
TEXT
  8
2
 10
1277.520294
 20
-533.245430
 40
0.000000
 50
0.000000
  1
# 297
  0
POINT
  8
2
 10
1227.058868
 20
-554.653358
  0
TEXT
  8
2
 10
1227.058868
 20
-554.653358
 40
0.000000
 50
0.000000
  1
# 298
  0
POINT
  8
2
 10
1139.520264
 20
-555.730324
  0
TEXT
  8
2
 10
1139.520264
 20
-555.730324
 40
0.000000
 50
0.000000
  1
# 299
  0
POINT
  8
2
 10
1097.020264
 20
-573.760605
  0
TEXT
  8
2
 10
1097.020264
 20
-573.760605
 40
0.000000
 50
0.000000
  1
# 300
  0
POINT
  8
2
 10
1054.520264
 20
-555.730324
  0
TEXT
  8
2
 10
1054.520264
 20
-555.730324
 40
0.000000
 50
0.000000
  1
# 301
  0
POINT
  8
2
 10
966.981659
 20
-554.653358
  0
TEXT
  8
2
 10
966.981659
 20
-554.653358
 40
0.000000
 50
0.000000
  1
# 302
  0
POINT
  8
3
 10
969.520264
 20
-356.639137
  0
POINT
  8
3
 10
1012.020264
 20
-356.639137
  0
POINT
  8
3
 10
1012.020264
 20
-356.639137
  0
POINT
  8
3
 10
1054.520264
 20
-356.639137
  0
POINT
  8
3
 10
1097.020264
 20
-356.639137
  0
POINT
  8
3
 10
1139.520264
 20
-356.639137
  0
POINT
  8
3
 10
1182.020264
 20
-356.639137
  0
POINT
  8
3
 10
1182.020264
 20
-356.639137
  0
POINT
  8
3
 10
1224.520264
 20
-356.639137
  0
POINT
  8
3
 10
1224.520264
 20
-555.730324
  0
POINT
  8
3
 10
1182.020264
 20
-573.760605
  0
POINT
  8
3
 10
1182.020264
 20
-573.760605
  0
POINT
  8
3
 10
1139.520264
 20
-555.730324
  0
POINT
  8
3
 10
1097.020264
 20
-573.760605
  0
POINT
  8
3
 10
1054.520264
 20
-555.730324
  0
POINT
  8
3
 10
1012.020264
 20
-573.760605
  0
POINT
  8
3
 10
1012.020264
 20
-573.760605
  0
POINT
  8
3
 10
969.520264
 20
-555.730324
  0
POINT
  8
4
 10
969.520264
 20
-356.639137
 30
0.400000
 50
270.00
  0
TEXT
  8
4
 10
969.520264
 20
-356.639137
 40
0.000000
 50
0.000000
  1
# 303
  0
POINT
  8
4
 10
1012.020264
 20
-356.639137
 30
0.400000
 50
270.00
  0
TEXT
  8
4
 10
1012.020264
 20
-356.639137
 40
0.000000
 50
0.000000
  1
# 304
  0
POINT
  8
4
 10
1054.520264
 20
-356.639137
 30
0.400000
 50
270.00
  0
TEXT
  8
4
 10
1054.520264
 20
-356.639137
 40
0.000000
 50
0.000000
  1
# 305
  0
POINT
  8
4
 10
1097.020264
 20
-356.639137
 30
0.400000
 50
270.00
  0
TEXT
  8
4
 10
1097.020264
 20
-356.639137
 40
0.000000
 50
0.000000
  1
# 306
  0
POINT
  8
4
 10
1139.520264
 20
-356.639137
 30
0.400000
 50
270.00
  0
TEXT
  8
4
 10
1139.520264
 20
-356.639137
 40
0.000000
 50
0.000000
  1
# 307
  0
POINT
  8
4
 10
1182.020264
 20
-356.639137
 30
0.400000
 50
270.00
  0
TEXT
  8
4
 10
1182.020264
 20
-356.639137
 40
0.000000
 50
0.000000
  1
# 308
  0
POINT
  8
4
 10
1224.520264
 20
-356.639137
 30
0.400000
 50
270.00
  0
TEXT
  8
4
 10
1224.520264
 20
-356.639137
 40
0.000000
 50
0.000000
  1
# 309
  0
POINT
  8
4
 10
1224.520264
 20
-555.730324
 30
0.400000
 50
 90.00
  0
TEXT
  8
4
 10
1224.520264
 20
-555.730324
 40
0.000000
 50
0.000000
  1
# 310
  0
POINT
  8
4
 10
1182.020264
 20
-573.760605
 30
0.400000
 50
 90.00
  0
TEXT
  8
4
 10
1182.020264
 20
-573.760605
 40
0.000000
 50
0.000000
  1
# 311
  0
POINT
  8
4
 10
1139.520264
 20
-555.730324
 30
0.400000
 50
 90.00
  0
TEXT
  8
4
 10
1139.520264
 20
-555.730324
 40
0.000000
 50
0.000000
  1
# 312
  0
POINT
  8
4
 10
1097.020264
 20
-573.760605
 30
0.400000
 50
 90.00
  0
TEXT
  8
4
 10
1097.020264
 20
-573.760605
 40
0.000000
 50
0.000000
  1
# 313
  0
POINT
  8
4
 10
1054.520264
 20
-555.730324
 30
0.400000
 50
 90.00
  0
TEXT
  8
4
 10
1054.520264
 20
-555.730324
 40
0.000000
 50
0.000000
  1
# 314
  0
POINT
  8
4
 10
1012.020264
 20
-573.760605
 30
0.400000
 50
 90.00
  0
TEXT
  8
4
 10
1012.020264
 20
-573.760605
 40
0.000000
 50
0.000000
  1
# 315
  0
POINT
  8
4
 10
969.520264
 20
-555.730324
 30
0.400000
 50
 90.00
  0
TEXT
  8
4
 10
969.520264
 20
-555.730324
 40
0.000000
 50
0.000000
  1
# 316
  0
POLYLINE
  8
14
  66
1
  70
1
  0
VERTEX
  8
14
  10
929.520264
  20
-524.639091
  0
VERTEX
  8
14
  10
929.520264
  20
-369.639130
  0
VERTEX
  8
14
  10
969.520264
  20
-369.639130
  0
VERTEX
  8
14
  10
969.520264
  20
-369.639130
  0
VERTEX
  8
14
  10
1012.020264
  20
-369.639130
  0
VERTEX
  8
14
  10
1012.020264
  20
-369.639130
  0
VERTEX
  8
14
  10
1054.520264
  20
-369.639130
  0
VERTEX
  8
14
  10
1054.520264
  20
-369.639130
  0
VERTEX
  8
14
  10
1097.020264
  20
-369.639130
  0
VERTEX
  8
14
  10
1097.020264
  20
-369.639130
  0
VERTEX
  8
14
  10
1139.520264
  20
-369.639130
  0
VERTEX
  8
14
  10
1139.520264
  20
-369.639130
  0
VERTEX
  8
14
  10
1182.020264
  20
-369.639130
  0
VERTEX
  8
14
  10
1182.020264
  20
-369.639130
  0
VERTEX
  8
14
  10
1224.520264
  20
-369.639130
  0
VERTEX
  8
14
  10
1224.520264
  20
-369.639130
  0
VERTEX
  8
14
  10
1264.520264
  20
-369.639130
  0
VERTEX
  8
14
  10
1264.520264
  20
-524.639091
  0
VERTEX
  8
14
  10
1224.520264
  20
-541.608810
  0
VERTEX
  8
14
  10
1224.520264
  20
-541.608810
  0
VERTEX
  8
14
  10
1182.020264
  20
-559.639091
  0
VERTEX
  8
14
  10
1182.020264
  20
-559.639091
  0
VERTEX
  8
14
  10
1139.520264
  20
-541.608810
  0
VERTEX
  8
14
  10
1139.520264
  20
-541.608810
  0
VERTEX
  8
14
  10
1097.020264
  20
-559.639091
  0
VERTEX
  8
14
  10
1097.020264
  20
-559.639091
  0
VERTEX
  8
14
  10
1054.520264
  20
-541.608810
  0
VERTEX
  8
14
  10
1054.520264
  20
-541.608810
  0
VERTEX
  8
14
  10
1012.020264
  20
-559.639091
  0
VERTEX
  8
14
  10
1012.020264
  20
-559.639091
  0
VERTEX
  8
14
  10
969.520264
  20
-541.608810
  0
VERTEX
  8
14
  10
969.520264
  20
-541.608810
  0
SEQEND
  8
14
  0
POINT
  8
2
 10
929.520264
 20
-524.639091
  0
TEXT
  8
2
 10
929.520264
 20
-524.639091
 40
0.000000
 50
0.000000
  1
# 317
  0
POINT
  8
2
 10
929.520264
 20
-369.639130
  0
TEXT
  8
2
 10
929.520264
 20
-369.639130
 40
0.000000
 50
0.000000
  1
# 318
  0
POINT
  8
2
 10
969.520264
 20
-369.639130
  0
TEXT
  8
2
 10
969.520264
 20
-369.639130
 40
0.000000
 50
0.000000
  1
# 319
  0
POINT
  8
2
 10
1054.520264
 20
-369.639130
  0
TEXT
  8
2
 10
1054.520264
 20
-369.639130
 40
0.000000
 50
0.000000
  1
# 320
  0
POINT
  8
2
 10
1097.020264
 20
-369.639130
  0
TEXT
  8
2
 10
1097.020264
 20
-369.639130
 40
0.000000
 50
0.000000
  1
# 321
  0
POINT
  8
2
 10
1139.520264
 20
-369.639130
  0
TEXT
  8
2
 10
1139.520264
 20
-369.639130
 40
0.000000
 50
0.000000
  1
# 322
  0
POINT
  8
2
 10
1224.520264
 20
-369.639130
  0
TEXT
  8
2
 10
1224.520264
 20
-369.639130
 40
0.000000
 50
0.000000
  1
# 323
  0
POINT
  8
2
 10
1264.520264
 20
-369.639130
  0
TEXT
  8
2
 10
1264.520264
 20
-369.639130
 40
0.000000
 50
0.000000
  1
# 324
  0
POINT
  8
2
 10
1264.520264
 20
-524.639091
  0
TEXT
  8
2
 10
1264.520264
 20
-524.639091
 40
0.000000
 50
0.000000
  1
# 325
  0
POINT
  8
2
 10
1224.520264
 20
-541.608810
  0
TEXT
  8
2
 10
1224.520264
 20
-541.608810
 40
0.000000
 50
0.000000
  1
# 326
  0
POINT
  8
2
 10
1139.520264
 20
-541.608810
  0
TEXT
  8
2
 10
1139.520264
 20
-541.608810
 40
0.000000
 50
0.000000
  1
# 327
  0
POINT
  8
2
 10
1097.020264
 20
-559.639091
  0
TEXT
  8
2
 10
1097.020264
 20
-559.639091
 40
0.000000
 50
0.000000
  1
# 328
  0
POINT
  8
2
 10
1054.520264
 20
-541.608810
  0
TEXT
  8
2
 10
1054.520264
 20
-541.608810
 40
0.000000
 50
0.000000
  1
# 329
  0
POINT
  8
2
 10
969.520264
 20
-541.608810
  0
TEXT
  8
2
 10
969.520264
 20
-541.608810
 40
0.000000
 50
0.000000
  1
# 330
  0
POINT
  8
3
 10
969.520264
 20
-369.639130
  0
POINT
  8
3
 10
1012.020264
 20
-369.639130
  0
POINT
  8
3
 10
1054.520264
 20
-369.639130
  0
POINT
  8
3
 10
1097.020264
 20
-369.639130
  0
POINT
  8
3
 10
1139.520264
 20
-369.639130
  0
POINT
  8
3
 10
1182.020264
 20
-369.639130
  0
POINT
  8
3
 10
1224.520264
 20
-369.639130
  0
POINT
  8
3
 10
1224.520264
 20
-541.608810
  0
POINT
  8
3
 10
1182.020264
 20
-559.639091
  0
POINT
  8
3
 10
1139.520264
 20
-541.608810
  0
POINT
  8
3
 10
1097.020264
 20
-559.639091
  0
POINT
  8
3
 10
1054.520264
 20
-541.608810
  0
POINT
  8
3
 10
1012.020264
 20
-559.639091
  0
POINT
  8
3
 10
969.520264
 20
-541.608810
  0
POINT
  8
4
 10
969.520264
 20
-369.639130
 30
0.400000
 50
270.00
  0
TEXT
  8
4
 10
969.520264
 20
-369.639130
 40
0.000000
 50
0.000000
  1
# 331
  0
POINT
  8
4
 10
1012.020264
 20
-369.639130
 30
0.400000
 50
270.00
  0
TEXT
  8
4
 10
1012.020264
 20
-369.639130
 40
0.000000
 50
0.000000
  1
# 332
  0
POINT
  8
4
 10
1054.520264
 20
-369.639130
 30
0.400000
 50
270.00
  0
TEXT
  8
4
 10
1054.520264
 20
-369.639130
 40
0.000000
 50
0.000000
  1
# 333
  0
POINT
  8
4
 10
1097.020264
 20
-369.639130
 30
0.400000
 50
270.00
  0
TEXT
  8
4
 10
1097.020264
 20
-369.639130
 40
0.000000
 50
0.000000
  1
# 334
  0
POINT
  8
4
 10
1139.520264
 20
-369.639130
 30
0.400000
 50
270.00
  0
TEXT
  8
4
 10
1139.520264
 20
-369.639130
 40
0.000000
 50
0.000000
  1
# 335
  0
POINT
  8
4
 10
1182.020264
 20
-369.639130
 30
0.400000
 50
270.00
  0
TEXT
  8
4
 10
1182.020264
 20
-369.639130
 40
0.000000
 50
0.000000
  1
# 336
  0
POINT
  8
4
 10
1224.520264
 20
-369.639130
 30
0.400000
 50
270.00
  0
TEXT
  8
4
 10
1224.520264
 20
-369.639130
 40
0.000000
 50
0.000000
  1
# 337
  0
POINT
  8
4
 10
1224.520264
 20
-541.608810
 30
0.400000
 50
 90.00
  0
TEXT
  8
4
 10
1224.520264
 20
-541.608810
 40
0.000000
 50
0.000000
  1
# 338
  0
POINT
  8
4
 10
1182.020264
 20
-559.639091
 30
0.400000
 50
 90.00
  0
TEXT
  8
4
 10
1182.020264
 20
-559.639091
 40
0.000000
 50
0.000000
  1
# 339
  0
POINT
  8
4
 10
1139.520264
 20
-541.608810
 30
0.400000
 50
 90.00
  0
TEXT
  8
4
 10
1139.520264
 20
-541.608810
 40
0.000000
 50
0.000000
  1
# 340
  0
POINT
  8
4
 10
1097.020264
 20
-559.639091
 30
0.400000
 50
 90.00
  0
TEXT
  8
4
 10
1097.020264
 20
-559.639091
 40
0.000000
 50
0.000000
  1
# 341
  0
POINT
  8
4
 10
1054.520264
 20
-541.608810
 30
0.400000
 50
 90.00
  0
TEXT
  8
4
 10
1054.520264
 20
-541.608810
 40
0.000000
 50
0.000000
  1
# 342
  0
POINT
  8
4
 10
1012.020264
 20
-559.639091
 30
0.400000
 50
 90.00
  0
TEXT
  8
4
 10
1012.020264
 20
-559.639091
 40
0.000000
 50
0.000000
  1
# 343
  0
POINT
  8
4
 10
969.520264
 20
-541.608810
 30
0.400000
 50
 90.00
  0
TEXT
  8
4
 10
969.520264
 20
-541.608810
 40
0.000000
 50
0.000000
  1
# 344
  0
POLYLINE
  8
8
  66
1
  70
0
  0
VERTEX
  8
8
  10
1097.020264
  20
-559.639091
  0
VERTEX
  8
8
  10
1097.020264
  20
-369.639130
  0
SEQEND
  8
8
  0
POINT
  8
2
 10
1097.020264
 20
-559.639091
  0
TEXT
  8
2
 10
1097.020264
 20
-559.639091
 40
0.000000
 50
0.000000
  1
# 345
  0
POINT
  8
2
 10
1097.020264
 20
-369.639130
  0
TEXT
  8
2
 10
1097.020264
 20
-369.639130
 40
0.000000
 50
0.000000
  1
# 346
  0
POLYLINE
  8
8
  66
1
  70
0
  0
VERTEX
  8
8
  10
929.520264
  20
-389.639130
  0
VERTEX
  8
8
  10
969.520264
  20
-389.639130
  0
SEQEND
  8
8
  0
POINT
  8
2
 10
929.520264
 20
-389.639130
  0
TEXT
  8
2
 10
929.520264
 20
-389.639130
 40
0.000000
 50
0.000000
  1
# 347
  0
POINT
  8
2
 10
969.520264
 20
-389.639130
  0
TEXT
  8
2
 10
969.520264
 20
-389.639130
 40
0.000000
 50
0.000000
  1
# 348
  0
POLYLINE
  8
8
  66
1
  70
0
  0
VERTEX
  8
8
  10
1054.520264
  20
-389.639130
  0
VERTEX
  8
8
  10
1097.020264
  20
-389.639130
  0
SEQEND
  8
8
  0
POINT
  8
2
 10
1054.520264
 20
-389.639130
  0
TEXT
  8
2
 10
1054.520264
 20
-389.639130
 40
0.000000
 50
0.000000
  1
# 349
  0
POINT
  8
2
 10
1097.020264
 20
-389.639130
  0
TEXT
  8
2
 10
1097.020264
 20
-389.639130
 40
0.000000
 50
0.000000
  1
# 350
  0
POLYLINE
  8
8
  66
1
  70
0
  0
VERTEX
  8
8
  10
929.520264
  20
-409.639130
  0
VERTEX
  8
8
  10
969.520264
  20
-409.639130
  0
SEQEND
  8
8
  0
POINT
  8
2
 10
929.520264
 20
-409.639130
  0
TEXT
  8
2
 10
929.520264
 20
-409.639130
 40
0.000000
 50
0.000000
  1
# 351
  0
POINT
  8
2
 10
969.520264
 20
-409.639130
  0
TEXT
  8
2
 10
969.520264
 20
-409.639130
 40
0.000000
 50
0.000000
  1
# 352
  0
POLYLINE
  8
8
  66
1
  70
0
  0
VERTEX
  8
8
  10
1054.520264
  20
-409.639130
  0
VERTEX
  8
8
  10
1097.020264
  20
-409.639130
  0
SEQEND
  8
8
  0
POINT
  8
2
 10
1054.520264
 20
-409.639130
  0
TEXT
  8
2
 10
1054.520264
 20
-409.639130
 40
0.000000
 50
0.000000
  1
# 353
  0
POINT
  8
2
 10
1097.020264
 20
-409.639130
  0
TEXT
  8
2
 10
1097.020264
 20
-409.639130
 40
0.000000
 50
0.000000
  1
# 354
  0
POLYLINE
  8
8
  66
1
  70
0
  0
VERTEX
  8
8
  10
1054.520264
  20
-369.639130
  0
VERTEX
  8
8
  10
1054.520264
  20
-541.608810
  0
SEQEND
  8
8
  0
POINT
  8
2
 10
1054.520264
 20
-369.639130
  0
TEXT
  8
2
 10
1054.520264
 20
-369.639130
 40
0.000000
 50
0.000000
  1
# 355
  0
POINT
  8
2
 10
1054.520264
 20
-541.608810
  0
TEXT
  8
2
 10
1054.520264
 20
-541.608810
 40
0.000000
 50
0.000000
  1
# 356
  0
POLYLINE
  8
8
  66
1
  70
0
  0
VERTEX
  8
8
  10
1012.020264
  20
-369.639130
  0
VERTEX
  8
8
  10
1012.020264
  20
-559.639091
  0
SEQEND
  8
8
  0
POINT
  8
2
 10
1012.020264
 20
-369.639130
  0
TEXT
  8
2
 10
1012.020264
 20
-369.639130
 40
0.000000
 50
0.000000
  1
# 357
  0
POINT
  8
2
 10
1012.020264
 20
-559.639091
  0
TEXT
  8
2
 10
1012.020264
 20
-559.639091
 40
0.000000
 50
0.000000
  1
# 358
  0
POLYLINE
  8
8
  66
1
  70
0
  0
VERTEX
  8
8
  10
969.520264
  20
-369.639130
  0
VERTEX
  8
8
  10
969.520264
  20
-541.608810
  0
SEQEND
  8
8
  0
POINT
  8
2
 10
969.520264
 20
-369.639130
  0
TEXT
  8
2
 10
969.520264
 20
-369.639130
 40
0.000000
 50
0.000000
  1
# 359
  0
POINT
  8
2
 10
969.520264
 20
-541.608810
  0
TEXT
  8
2
 10
969.520264
 20
-541.608810
 40
0.000000
 50
0.000000
  1
# 360
  0
POLYLINE
  8
8
  66
1
  70
0
  0
VERTEX
  8
8
  10
1054.520264
  20
-412.631531
  0
VERTEX
  8
8
  10
969.520264
  20
-429.828491
  0
VERTEX
  8
8
  10
1013.739929
  20
-429.730034
  0
SEQEND
  8
8
  0
POINT
  8
2
 10
1054.520264
 20
-412.631531
  0
TEXT
  8
2
 10
1054.520264
 20
-412.631531
 40
0.000000
 50
0.000000
  1
# 361
  0
POINT
  8
2
 10
1013.739929
 20
-429.730034
  0
TEXT
  8
2
 10
1013.739929
 20
-429.730034
 40
0.000000
 50
0.000000
  1
# 362
  0
POLYLINE
  8
8
  66
1
  70
0
  0
VERTEX
  8
8
  10
1264.520264
  20
-389.639130
  0
VERTEX
  8
8
  10
1224.520264
  20
-389.639130
  0
SEQEND
  8
8
  0
POINT
  8
2
 10
1264.520264
 20
-389.639130
  0
TEXT
  8
2
 10
1264.520264
 20
-389.639130
 40
0.000000
 50
0.000000
  1
# 363
  0
POINT
  8
2
 10
1224.520264
 20
-389.639130
  0
TEXT
  8
2
 10
1224.520264
 20
-389.639130
 40
0.000000
 50
0.000000
  1
# 364
  0
POLYLINE
  8
8
  66
1
  70
0
  0
VERTEX
  8
8
  10
1139.520264
  20
-389.639130
  0
VERTEX
  8
8
  10
1097.020264
  20
-389.639130
  0
SEQEND
  8
8
  0
POINT
  8
2
 10
1139.520264
 20
-389.639130
  0
TEXT
  8
2
 10
1139.520264
 20
-389.639130
 40
0.000000
 50
0.000000
  1
# 365
  0
POINT
  8
2
 10
1097.020264
 20
-389.639130
  0
TEXT
  8
2
 10
1097.020264
 20
-389.639130
 40
0.000000
 50
0.000000
  1
# 366
  0
POLYLINE
  8
8
  66
1
  70
0
  0
VERTEX
  8
8
  10
1264.520264
  20
-409.639130
  0
VERTEX
  8
8
  10
1224.520264
  20
-409.639130
  0
SEQEND
  8
8
  0
POINT
  8
2
 10
1264.520264
 20
-409.639130
  0
TEXT
  8
2
 10
1264.520264
 20
-409.639130
 40
0.000000
 50
0.000000
  1
# 367
  0
POINT
  8
2
 10
1224.520264
 20
-409.639130
  0
TEXT
  8
2
 10
1224.520264
 20
-409.639130
 40
0.000000
 50
0.000000
  1
# 368
  0
POLYLINE
  8
8
  66
1
  70
0
  0
VERTEX
  8
8
  10
1139.520264
  20
-409.639130
  0
VERTEX
  8
8
  10
1097.020264
  20
-409.639130
  0
SEQEND
  8
8
  0
POINT
  8
2
 10
1139.520264
 20
-409.639130
  0
TEXT
  8
2
 10
1139.520264
 20
-409.639130
 40
0.000000
 50
0.000000
  1
# 369
  0
POINT
  8
2
 10
1097.020264
 20
-409.639130
  0
TEXT
  8
2
 10
1097.020264
 20
-409.639130
 40
0.000000
 50
0.000000
  1
# 370
  0
POLYLINE
  8
8
  66
1
  70
0
  0
VERTEX
  8
8
  10
1139.520264
  20
-369.639130
  0
VERTEX
  8
8
  10
1139.520264
  20
-541.608810
  0
SEQEND
  8
8
  0
POINT
  8
2
 10
1139.520264
 20
-369.639130
  0
TEXT
  8
2
 10
1139.520264
 20
-369.639130
 40
0.000000
 50
0.000000
  1
# 371
  0
POINT
  8
2
 10
1139.520264
 20
-541.608810
  0
TEXT
  8
2
 10
1139.520264
 20
-541.608810
 40
0.000000
 50
0.000000
  1
# 372
  0
POLYLINE
  8
8
  66
1
  70
0
  0
VERTEX
  8
8
  10
1182.020264
  20
-369.639130
  0
VERTEX
  8
8
  10
1182.020264
  20
-559.639091
  0
SEQEND
  8
8
  0
POINT
  8
2
 10
1182.020264
 20
-369.639130
  0
TEXT
  8
2
 10
1182.020264
 20
-369.639130
 40
0.000000
 50
0.000000
  1
# 373
  0
POINT
  8
2
 10
1182.020264
 20
-559.639091
  0
TEXT
  8
2
 10
1182.020264
 20
-559.639091
 40
0.000000
 50
0.000000
  1
# 374
  0
POLYLINE
  8
8
  66
1
  70
0
  0
VERTEX
  8
8
  10
1224.520264
  20
-369.639130
  0
VERTEX
  8
8
  10
1224.520264
  20
-541.608810
  0
SEQEND
  8
8
  0
POINT
  8
2
 10
1224.520264
 20
-369.639130
  0
TEXT
  8
2
 10
1224.520264
 20
-369.639130
 40
0.000000
 50
0.000000
  1
# 375
  0
POINT
  8
2
 10
1224.520264
 20
-541.608810
  0
TEXT
  8
2
 10
1224.520264
 20
-541.608810
 40
0.000000
 50
0.000000
  1
# 376
  0
POLYLINE
  8
8
  66
1
  70
0
  0
VERTEX
  8
8
  10
1139.520264
  20
-412.631531
  0
VERTEX
  8
8
  10
1224.520264
  20
-429.828491
  0
VERTEX
  8
8
  10
1180.300598
  20
-429.730034
  0
SEQEND
  8
8
  0
POINT
  8
2
 10
1139.520264
 20
-412.631531
  0
TEXT
  8
2
 10
1139.520264
 20
-412.631531
 40
0.000000
 50
0.000000
  1
# 377
  0
POINT
  8
2
 10
1180.300598
 20
-429.730034
  0
TEXT
  8
2
 10
1180.300598
 20
-429.730034
 40
0.000000
 50
0.000000
  1
# 378
 0
LINE
 8
7
 10
1075.778351
 20
-493.155746
 11
1075.778351
 21
-432.742195
  0
TEXT
  8
1
 10
1097.020264
 20
-465.199871
 40
10.000000
 50
0.000000
  1
Piece Name: 26SMC-WP313M 展_腿袋_175/92
  0
TEXT
  8
1
 10
1097.020264
 20
-450.199871
 40
10.000000
 50
0.000000
  1
Size: 175/92
  0
TEXT
  8
1
 10
1097.020264
 20
-435.199871
 40
10.000000
 50
0.000000
  1
Annotation: 
  0
TEXT
  8
1
 10
1097.020264
 20
-420.199871
 40
10.000000
 50
0.000000
  1
Quantity: 1,1
  0
TEXT
  8
1
 10
1097.020264
 20
-405.199871
 40
10.000000
 50
0.000000
  1
Material: 面
  0
TEXT
  8
1
 10
1097.020264
 20
-405.199871
 40
10.000000
 50
0.000000
  1
Category: 7
0
ENDBLK
0
BLOCK
  8
1
  2
26SMC-WP313M 展_腿袋风琴_175/92
 70
0
 10
0.0
 20
0.0
  0
POLYLINE
  8
1
  66
1
  70
1
  0
VERTEX
  8
1
  10
462.521782
  20
-342.918625
  0
VERTEX
  8
1
  10
462.521782
  20
-432.518654
  0
VERTEX
  8
1
  10
462.521782
  20
-432.518654
  0
VERTEX
  8
1
  10
462.521782
  20
-585.918655
  0
VERTEX
  8
1
  10
432.521782
  20
-585.918655
  0
VERTEX
  8
1
  10
432.521782
  20
-432.518654
  0
VERTEX
  8
1
  10
432.521782
  20
-432.518654
  0
VERTEX
  8
1
  10
432.521782
  20
-342.918625
  0
VERTEX
  8
1
  10
432.521782
  20
-342.918625
  0
VERTEX
  8
1
  10
432.521782
  20
-253.318596
  0
VERTEX
  8
1
  10
432.521782
  20
-253.318596
  0
VERTEX
  8
1
  10
432.521782
  20
-99.918613
  0
VERTEX
  8
1
  10
462.521782
  20
-99.918613
  0
VERTEX
  8
1
  10
462.521782
  20
-253.318596
  0
VERTEX
  8
1
  10
462.521782
  20
-253.318596
  0
VERTEX
  8
1
  10
462.521782
  20
-342.918625
  0
SEQEND
  8
1
  0
POINT
  8
2
 10
462.521782
 20
-342.918625
  0
TEXT
  8
2
 10
462.521782
 20
-342.918625
 40
0.000000
 50
0.000000
  1
# 379
  0
POINT
  8
2
 10
462.521782
 20
-432.518654
  0
TEXT
  8
2
 10
462.521782
 20
-432.518654
 40
0.000000
 50
0.000000
  1
# 380
  0
POINT
  8
2
 10
462.521782
 20
-585.918655
  0
TEXT
  8
2
 10
462.521782
 20
-585.918655
 40
0.000000
 50
0.000000
  1
# 381
  0
POINT
  8
2
 10
432.521782
 20
-585.918655
  0
TEXT
  8
2
 10
432.521782
 20
-585.918655
 40
0.000000
 50
0.000000
  1
# 382
  0
POINT
  8
2
 10
432.521782
 20
-432.518654
  0
TEXT
  8
2
 10
432.521782
 20
-432.518654
 40
0.000000
 50
0.000000
  1
# 383
  0
POINT
  8
2
 10
432.521782
 20
-342.918625
  0
TEXT
  8
2
 10
432.521782
 20
-342.918625
 40
0.000000
 50
0.000000
  1
# 384
  0
POINT
  8
2
 10
432.521782
 20
-253.318596
  0
TEXT
  8
2
 10
432.521782
 20
-253.318596
 40
0.000000
 50
0.000000
  1
# 385
  0
POINT
  8
2
 10
432.521782
 20
-99.918613
  0
TEXT
  8
2
 10
432.521782
 20
-99.918613
 40
0.000000
 50
0.000000
  1
# 386
  0
POINT
  8
2
 10
462.521782
 20
-99.918613
  0
TEXT
  8
2
 10
462.521782
 20
-99.918613
 40
0.000000
 50
0.000000
  1
# 387
  0
POINT
  8
2
 10
462.521782
 20
-253.318596
  0
TEXT
  8
2
 10
462.521782
 20
-253.318596
 40
0.000000
 50
0.000000
  1
# 388
  0
POINT
  8
3
 10
462.521782
 20
-432.518654
  0
POINT
  8
3
 10
432.521782
 20
-432.518654
  0
POINT
  8
3
 10
432.521782
 20
-342.918625
  0
POINT
  8
3
 10
432.521782
 20
-253.318596
  0
POINT
  8
3
 10
462.521782
 20
-253.318596
  0
POINT
  8
3
 10
462.521782
 20
-342.918625
  0
POINT
  8
4
 10
462.521782
 20
-432.518654
 30
0.400000
 50
180.00
  0
TEXT
  8
4
 10
462.521782
 20
-432.518654
 40
0.000000
 50
0.000000
  1
# 389
  0
POINT
  8
4
 10
432.521782
 20
-432.518654
 30
0.400000
 50
  0.00
  0
TEXT
  8
4
 10
432.521782
 20
-432.518654
 40
0.000000
 50
0.000000
  1
# 390
  0
POINT
  8
4
 10
432.521782
 20
-342.918625
 30
0.400000
 50
  0.00
  0
TEXT
  8
4
 10
432.521782
 20
-342.918625
 40
0.000000
 50
0.000000
  1
# 391
  0
POINT
  8
4
 10
432.521782
 20
-253.318596
 30
0.400000
 50
  0.00
  0
TEXT
  8
4
 10
432.521782
 20
-253.318596
 40
0.000000
 50
0.000000
  1
# 392
  0
POINT
  8
4
 10
462.521782
 20
-253.318596
 30
0.400000
 50
180.00
  0
TEXT
  8
4
 10
462.521782
 20
-253.318596
 40
0.000000
 50
0.000000
  1
# 393
  0
POINT
  8
4
 10
462.521782
 20
-342.918625
 30
0.400000
 50
180.00
  0
TEXT
  8
4
 10
462.521782
 20
-342.918625
 40
0.000000
 50
0.000000
  1
# 394
  0
POLYLINE
  8
8
  66
1
  70
0
  0
VERTEX
  8
8
  10
432.521782
  20
-342.918625
  0
VERTEX
  8
8
  10
462.521782
  20
-342.918625
  0
SEQEND
  8
8
  0
POINT
  8
2
 10
432.521782
 20
-342.918625
  0
TEXT
  8
2
 10
432.521782
 20
-342.918625
 40
0.000000
 50
0.000000
  1
# 395
  0
POINT
  8
2
 10
462.521782
 20
-342.918625
  0
TEXT
  8
2
 10
462.521782
 20
-342.918625
 40
0.000000
 50
0.000000
  1
# 396
  0
POLYLINE
  8
8
  66
1
  70
0
  0
VERTEX
  8
8
  10
432.521782
  20
-253.318596
  0
VERTEX
  8
8
  10
442.937651
  20
-253.318596
  0
VERTEX
  8
8
  10
452.977222
  20
-253.318596
  0
VERTEX
  8
8
  10
462.521744
  20
-253.318596
  0
SEQEND
  8
8
  0
POINT
  8
2
 10
432.521782
 20
-253.318596
  0
TEXT
  8
2
 10
432.521782
 20
-253.318596
 40
0.000000
 50
0.000000
  1
# 397
  0
POINT
  8
2
 10
462.521744
 20
-253.318596
  0
TEXT
  8
2
 10
462.521744
 20
-253.318596
 40
0.000000
 50
0.000000
  1
# 398
  0
POINT
  8
3
 10
442.937651
 20
-253.318596
  0
POINT
  8
3
 10
452.977222
 20
-253.318596
  0
POLYLINE
  8
8
  66
1
  70
0
  0
VERTEX
  8
8
  10
432.521782
  20
-432.518654
  0
VERTEX
  8
8
  10
442.937662
  20
-432.518654
  0
VERTEX
  8
8
  10
452.977224
  20
-432.518654
  0
VERTEX
  8
8
  10
462.521744
  20
-432.518654
  0
SEQEND
  8
8
  0
POINT
  8
2
 10
432.521782
 20
-432.518654
  0
TEXT
  8
2
 10
432.521782
 20
-432.518654
 40
0.000000
 50
0.000000
  1
# 399
  0
POINT
  8
2
 10
462.521744
 20
-432.518654
  0
TEXT
  8
2
 10
462.521744
 20
-432.518654
 40
0.000000
 50
0.000000
  1
# 400
  0
POINT
  8
3
 10
442.937662
 20
-432.518654
  0
POINT
  8
3
 10
452.977224
 20
-432.518654
 0
LINE
 8
7
 10
450.366325
 20
-286.213608
 11
450.366325
 21
-237.479324
  0
TEXT
  8
1
 10
447.521782
 20
-342.918634
 40
10.000000
 50
0.000000
  1
Piece Name: 26SMC-WP313M 展_腿袋风琴_175/92
  0
TEXT
  8
1
 10
447.521782
 20
-327.918634
 40
10.000000
 50
0.000000
  1
Size: 175/92
  0
TEXT
  8
1
 10
447.521782
 20
-312.918634
 40
10.000000
 50
0.000000
  1
Annotation: 
  0
TEXT
  8
1
 10
447.521782
 20
-297.918634
 40
10.000000
 50
0.000000
  1
Quantity: 1
  0
TEXT
  8
1
 10
447.521782
 20
-282.918634
 40
10.000000
 50
0.000000
  1
Material: 净
  0
TEXT
  8
1
 10
447.521782
 20
-282.918634
 40
10.000000
 50
0.000000
  1
Category: 8
0
ENDBLK
0
BLOCK
  8
1
  2
26SMC-WP313M 展_后_175/92
 70
0
 10
0.0
 20
0.0
  0
POLYLINE
  8
1
  66
1
  70
1
  0
VERTEX
  8
1
  10
-234.732819
  20
-669.833832
  0
VERTEX
  8
1
  10
-234.731388
  20
-668.981628
  0
VERTEX
  8
1
  10
-234.807949
  20
-661.325912
  0
VERTEX
  8
1
  10
-234.976234
  20
-653.674393
  0
VERTEX
  8
1
  10
-235.238495
  20
-646.027527
  0
VERTEX
  8
1
  10
-235.592747
  20
-638.421211
  0
VERTEX
  8
1
  10
-235.895824
  20
-632.869797
  0
VERTEX
  8
1
  10
-235.905056
  20
-632.700806
  0
VERTEX
  8
1
  10
-236.135712
  20
-626.976509
  0
VERTEX
  8
1
  10
-236.503162
  20
-619.370880
  0
VERTEX
  8
1
  10
-236.966057
  20
-611.733475
  0
VERTEX
  8
1
  10
-237.522926
  20
-604.100418
  0
VERTEX
  8
1
  10
-238.171501
  20
-596.471786
  0
VERTEX
  8
1
  10
-238.909473
  20
-588.847771
  0
VERTEX
  8
1
  10
-239.734573
  20
-581.228447
  0
VERTEX
  8
1
  10
-240.644474
  20
-573.614044
  0
VERTEX
  8
1
  10
-241.636887
  20
-566.004715
  0
VERTEX
  8
1
  10
-242.869167
  20
-557.314682
  0
VERTEX
  8
1
  10
-244.202766
  20
-548.631783
  0
VERTEX
  8
1
  10
-245.634232
  20
-539.956169
  0
VERTEX
  8
1
  10
-247.160091
  20
-531.288185
  0
VERTEX
  8
1
  10
-248.776913
  20
-522.628098
  0
VERTEX
  8
1
  10
-250.481186
  20
-513.976135
  0
VERTEX
  8
1
  10
-252.269478
  20
-505.332603
  0
VERTEX
  8
1
  10
-254.377384
  20
-495.619087
  0
VERTEX
  8
1
  10
-256.582222
  20
-485.917015
  0
VERTEX
  8
1
  10
-258.879013
  20
-476.226807
  0
VERTEX
  8
1
  10
-261.262798
  20
-466.548843
  0
VERTEX
  8
1
  10
-263.728561
  20
-456.883545
  0
VERTEX
  8
1
  10
-266.271324
  20
-447.231331
  0
VERTEX
  8
1
  10
-268.886051
  20
-437.592621
  0
VERTEX
  8
1
  10
-271.567726
  20
-427.967796
  0
VERTEX
  8
1
  10
-274.311352
  20
-418.357277
  0
VERTEX
  8
1
  10
-277.111874
  20
-408.761444
  0
VERTEX
  8
1
  10
-279.964256
  20
-399.180679
  0
VERTEX
  8
1
  10
-282.863464
  20
-389.615440
  0
VERTEX
  8
1
  10
-285.804443
  20
-380.066071
  0
VERTEX
  8
1
  10
-288.782139
  20
-370.532951
  0
VERTEX
  8
1
  10
-291.928596
  20
-360.584793
  0
VERTEX
  8
1
  10
-295.040932
  20
-350.838737
  0
VERTEX
  8
1
  10
-298.546925
  20
-339.932632
  0
VERTEX
  8
1
  10
-302.275925
  20
-328.311615
  0
VERTEX
  8
1
  10
-290.972214
  20
-327.361984
  0
VERTEX
  8
1
  10
-282.086678
  20
-326.610527
  0
VERTEX
  8
1
  10
-272.088089
  20
-325.781403
  0
VERTEX
  8
1
  10
-264.841156
  20
-325.128860
  0
VERTEX
  8
1
  10
-259.030991
  20
-324.534836
  0
VERTEX
  8
1
  10
-253.727798
  20
-323.912849
  0
VERTEX
  8
1
  10
-248.949947
  20
-323.268356
  0
VERTEX
  8
1
  10
-244.703560
  20
-322.613525
  0
VERTEX
  8
1
  10
-240.985088
  20
-321.964798
  0
VERTEX
  8
1
  10
-237.331352
  20
-321.247444
  0
VERTEX
  8
1
  10
-233.753910
  20
-320.456276
  0
VERTEX
  8
1
  10
-230.695324
  20
-319.699612
  0
VERTEX
  8
1
  10
-227.711773
  20
-318.879795
  0
VERTEX
  8
1
  10
-224.810963
  20
-317.994232
  0
VERTEX
  8
1
  10
-222.000446
  20
-317.040653
  0
VERTEX
  8
1
  10
-219.668827
  20
-316.167755
  0
VERTEX
  8
1
  10
-217.413311
  20
-315.242596
  0
VERTEX
  8
1
  10
-215.238018
  20
-314.264355
  0
VERTEX
  8
1
  10
-213.146687
  20
-313.232479
  0
VERTEX
  8
1
  10
-211.142654
  20
-312.146473
  0
VERTEX
  8
1
  10
-209.228706
  20
-311.005840
  0
VERTEX
  8
1
  10
-207.407017
  20
-309.810047
  0
VERTEX
  8
1
  10
-205.960522
  20
-308.770866
  0
VERTEX
  8
1
  10
-204.579601
  20
-307.692204
  0
VERTEX
  8
1
  10
-203.264370
  20
-306.573067
  0
VERTEX
  8
1
  10
-202.014637
  20
-305.412178
  0
VERTEX
  8
1
  10
-200.829906
  20
-304.207745
  0
VERTEX
  8
1
  10
-199.709530
  20
-302.957458
  0
VERTEX
  8
1
  10
-198.724194
  20
-301.750813
  0
VERTEX
  8
1
  10
-197.701569
  20
-300.376740
  0
VERTEX
  8
1
  10
-196.717377
  20
-298.924942
  0
VERTEX
  8
1
  10
-195.770931
  20
-297.396526
  0
VERTEX
  8
1
  10
-194.684429
  20
-295.463886
  0
VERTEX
  8
1
  10
-193.650913
  20
-293.427773
  0
VERTEX
  8
1
  10
-192.669563
  20
-291.293430
  0
VERTEX
  8
1
  10
-191.739216
  20
-289.066868
  0
VERTEX
  8
1
  10
-190.858288
  20
-286.754704
  0
VERTEX
  8
1
  10
-189.890385
  20
-283.958302
  0
VERTEX
  8
1
  10
-188.983173
  20
-281.066437
  0
VERTEX
  8
1
  10
-188.014717
  20
-277.659550
  0
VERTEX
  8
1
  10
-187.111530
  20
-274.160786
  0
VERTEX
  8
1
  10
-186.060581
  20
-269.684505
  0
VERTEX
  8
1
  10
-184.888153
  20
-264.205647
  0
VERTEX
  8
1
  10
-182.871304
  20
-254.028530
  0
VERTEX
  8
1
  10
-180.735130
  20
-243.330212
  0
VERTEX
  8
1
  10
-142.559452
  20
-38.817892
  0
VERTEX
  8
1
  10
-133.523407
  20
-40.270538
  0
VERTEX
  8
1
  10
-125.774088
  20
-41.540694
  0
VERTEX
  8
1
  10
-118.291235
  20
-42.688737
  0
VERTEX
  8
1
  10
-110.950699
  20
-43.733382
  0
VERTEX
  8
1
  10
-103.598623
  20
-44.695649
  0
VERTEX
  8
1
  10
-96.665306
  20
-45.518312
  0
VERTEX
  8
1
  10
-90.426388
  20
-46.178536
  0
VERTEX
  8
1
  10
-84.340153
  20
-46.737819
  0
VERTEX
  8
1
  10
-78.485045
  20
-47.192669
  0
VERTEX
  8
1
  10
-72.161722
  20
-47.599154
  0
VERTEX
  8
1
  10
-65.476642
  20
-47.943749
  0
VERTEX
  8
1
  10
-57.722807
  20
-48.255973
  0
VERTEX
  8
1
  10
-49.519644
  20
-48.502464
  0
VERTEX
  8
1
  10
-41.048265
  20
-48.668962
  0
VERTEX
  8
1
  10
-40.881109
  20
-48.666482
  0
VERTEX
  8
1
  10
-33.713253
  20
-48.560066
  0
VERTEX
  8
1
  10
-26.750350
  20
-50.245781
  0
VERTEX
  8
1
  10
-26.747711
  20
-50.246229
  0
VERTEX
  8
1
  10
-20.484772
  20
-51.313004
  0
VERTEX
  8
1
  10
-13.699784
  20
-52.371821
  0
VERTEX
  8
1
  10
-7.284069
  20
-53.284297
  0
VERTEX
  8
1
  10
-1.729765
  20
-53.993587
  0
VERTEX
  8
1
  10
3.471901
  20
-54.575152
  0
VERTEX
  8
1
  10
9.045706
  20
-55.110025
  0
VERTEX
  8
1
  10
15.120994
  20
-55.608158
  0
VERTEX
  8
1
  10
21.443009
  20
-56.045938
  0
VERTEX
  8
1
  10
27.577691
  20
-56.394601
  0
VERTEX
  8
1
  10
28.668418
  20
-56.446099
  0
VERTEX
  8
1
  10
28.699706
  20
-56.445632
  0
VERTEX
  8
1
  10
35.860782
  20
-56.339355
  0
VERTEX
  8
1
  10
42.821975
  20
-58.024602
  0
VERTEX
  8
1
  10
42.985654
  20
-58.064227
  0
VERTEX
  8
1
  10
51.290712
  20
-59.773660
  0
VERTEX
  8
1
  10
59.347496
  20
-61.344986
  0
VERTEX
  8
1
  10
66.979966
  20
-62.752910
  0
VERTEX
  8
1
  10
73.575301
  20
-63.892980
  0
VERTEX
  8
1
  10
79.833035
  20
-64.893136
  0
VERTEX
  8
1
  10
85.644693
  20
-65.742717
  0
VERTEX
  8
1
  10
91.697369
  20
-66.540542
  0
VERTEX
  8
1
  10
97.928791
  20
-67.274656
  0
VERTEX
  8
1
  10
104.873571
  20
-68.003688
  0
VERTEX
  8
1
  10
112.257786
  20
-68.689027
  0
VERTEX
  8
1
  10
119.649048
  20
-69.291449
  0
VERTEX
  8
1
  10
127.202101
  20
-69.824424
  0
VERTEX
  8
1
  10
134.879112
  20
-70.286593
  0
VERTEX
  8
1
  10
143.525505
  20
-70.833907
  0
VERTEX
  8
1
  10
143.825264
  20
-80.176115
  0
VERTEX
  8
1
  10
144.164381
  20
-90.116997
  0
VERTEX
  8
1
  10
144.451666
  20
-100.736437
  0
VERTEX
  8
1
  10
144.671526
  20
-111.282701
  0
VERTEX
  8
1
  10
144.838276
  20
-122.362022
  0
VERTEX
  8
1
  10
144.941406
  20
-133.415623
  0
VERTEX
  8
1
  10
144.981394
  20
-144.006929
  0
VERTEX
  8
1
  10
144.960251
  20
-155.236540
  0
VERTEX
  8
1
  10
144.882164
  20
-165.523796
  0
VERTEX
  8
1
  10
144.740000
  20
-176.186142
  0
VERTEX
  8
1
  10
144.525690
  20
-187.170658
  0
VERTEX
  8
1
  10
144.231129
  20
-198.424473
  0
VERTEX
  8
1
  10
143.848190
  20
-209.894810
  0
VERTEX
  8
1
  10
143.368731
  20
-221.529045
  0
VERTEX
  8
1
  10
142.784529
  20
-233.274632
  0
VERTEX
  8
1
  10
142.194166
  20
-243.391171
  0
VERTEX
  8
1
  10
141.460390
  20
-254.306412
  0
VERTEX
  8
1
  10
140.695114
  20
-264.418049
  0
VERTEX
  8
1
  10
139.857321
  20
-274.517288
  0
VERTEX
  8
1
  10
138.955717
  20
-284.604626
  0
VERTEX
  8
1
  10
137.998981
  20
-294.680500
  0
VERTEX
  8
1
  10
136.995764
  20
-304.745426
  0
VERTEX
  8
1
  10
135.954704
  20
-314.799843
  0
VERTEX
  8
1
  10
134.884424
  20
-324.844208
  0
VERTEX
  8
1
  10
133.793516
  20
-334.878998
  0
VERTEX
  8
1
  10
132.690563
  20
-344.904671
  0
VERTEX
  8
1
  10
131.428089
  20
-356.333923
  0
VERTEX
  8
1
  10
130.323677
  20
-366.348038
  0
VERTEX
  8
1
  10
129.223213
  20
-376.360550
  0
VERTEX
  8
1
  10
128.128500
  20
-386.371613
  0
VERTEX
  8
1
  10
127.041359
  20
-396.381340
  0
VERTEX
  8
1
  10
125.963564
  20
-406.389885
  0
VERTEX
  8
1
  10
124.896946
  20
-416.397285
  0
VERTEX
  8
1
  10
123.843298
  20
-426.403770
  0
VERTEX
  8
1
  10
122.804422
  20
-436.409378
  0
VERTEX
  8
1
  10
121.782112
  20
-446.414299
  0
VERTEX
  8
1
  10
120.778170
  20
-456.418571
  0
VERTEX
  8
1
  10
119.794407
  20
-466.422348
  0
VERTEX
  8
1
  10
118.832607
  20
-476.425819
  0
VERTEX
  8
1
  10
117.894573
  20
-486.428986
  0
VERTEX
  8
1
  10
116.982088
  20
-496.432076
  0
VERTEX
  8
1
  10
116.096973
  20
-506.435127
  0
VERTEX
  8
1
  10
115.240993
  20
-516.438332
  0
VERTEX
  8
1
  10
114.415960
  20
-526.441727
  0
VERTEX
  8
1
  10
113.623657
  20
-536.445503
  0
VERTEX
  8
1
  10
112.865877
  20
-546.449776
  0
VERTEX
  8
1
  10
112.144413
  20
-556.454620
  0
VERTEX
  8
1
  10
111.461048
  20
-566.460228
  0
VERTEX
  8
1
  10
110.817566
  20
-576.466637
  0
VERTEX
  8
1
  10
110.215759
  20
-586.474075
  0
VERTEX
  8
1
  10
109.657421
  20
-596.482582
  0
VERTEX
  8
1
  10
109.144325
  20
-606.492271
  0
VERTEX
  8
1
  10
108.613424
  20
-617.930145
  0
VERTEX
  8
1
  10
108.182402
  20
-628.009567
  0
VERTEX
  8
1
  10
108.080311
  20
-630.511780
  0
VERTEX
  8
1
  10
108.078661
  20
-630.613518
  0
VERTEX
  8
1
  10
108.039694
  20
-633.015747
  0
VERTEX
  8
1
  10
107.895832
  20
-643.103333
  0
VERTEX
  8
1
  10
107.774296
  20
-654.552917
  0
VERTEX
  8
1
  10
107.716351
  20
-664.575577
  0
VERTEX
  8
1
  10
107.712507
  20
-667.606049
  0
VERTEX
  8
1
  10
93.438463
  20
-667.074432
  0
VERTEX
  8
1
  10
83.751087
  20
-666.724472
  0
VERTEX
  8
1
  10
73.657851
  20
-666.387787
  0
VERTEX
  8
1
  10
63.690176
  20
-666.078949
  0
VERTEX
  8
1
  10
53.246236
  20
-665.779037
  0
VERTEX
  8
1
  10
42.745199
  20
-665.501404
  0
VERTEX
  8
1
  10
32.521095
  20
-665.254135
  0
VERTEX
  8
1
  10
21.734042
  20
-665.018387
  0
VERTEX
  8
1
  10
11.610469
  20
-664.821472
  0
VERTEX
  8
1
  10
1.154073
  20
-664.643707
  0
VERTEX
  8
1
  10
-9.576589
  20
-664.489822
  0
VERTEX
  8
1
  10
-20.522840
  20
-664.364471
  0
VERTEX
  8
1
  10
-31.625788
  20
-664.272308
  0
VERTEX
  8
1
  10
-41.578841
  20
-664.221878
  0
VERTEX
  8
1
  10
-52.816238
  20
-664.204865
  0
VERTEX
  8
1
  10
-61.109977
  20
-664.221344
  0
VERTEX
  8
1
  10
-63.937917
  20
-664.226761
  0
VERTEX
  8
1
  10
-66.756530
  20
-664.218063
  0
VERTEX
  8
1
  10
-75.022287
  20
-664.191971
  0
VERTEX
  8
1
  10
-86.167068
  20
-664.221573
  0
VERTEX
  8
1
  10
-96.044588
  20
-664.305954
  0
VERTEX
  8
1
  10
-105.850601
  20
-664.439468
  0
VERTEX
  8
1
  10
-116.744385
  20
-664.641876
  0
VERTEX
  8
1
  10
-127.434645
  20
-664.892197
  0
VERTEX
  8
1
  10
-137.862005
  20
-665.182800
  0
VERTEX
  8
1
  10
-147.967396
  20
-665.505981
  0
VERTEX
  8
1
  10
-158.746386
  20
-665.893936
  0
VERTEX
  8
1
  10
-168.974705
  20
-666.301956
  0
VERTEX
  8
1
  10
-179.494019
  20
-666.761322
  0
VERTEX
  8
1
  10
-189.973679
  20
-667.258759
  0
VERTEX
  8
1
  10
-199.998055
  20
-667.772598
  0
VERTEX
  8
1
  10
-210.186043
  20
-668.335266
  0
VERTEX
  8
1
  10
-219.755669
  20
-668.907318
  0
SEQEND
  8
1
  0
POINT
  8
2
 10
-234.732819
 20
-669.833832
  0
TEXT
  8
2
 10
-234.732819
 20
-669.833832
 40
0.000000
 50
0.000000
  1
# 401
  0
POINT
  8
2
 10
-235.905056
 20
-632.700806
  0
TEXT
  8
2
 10
-235.905056
 20
-632.700806
 40
0.000000
 50
0.000000
  1
# 402
  0
POINT
  8
2
 10
-302.275925
 20
-328.311615
  0
TEXT
  8
2
 10
-302.275925
 20
-328.311615
 40
0.000000
 50
0.000000
  1
# 403
  0
POINT
  8
2
 10
-180.735130
 20
-243.330212
  0
TEXT
  8
2
 10
-180.735130
 20
-243.330212
 40
0.000000
 50
0.000000
  1
# 404
  0
POINT
  8
2
 10
-142.559452
 20
-38.817892
  0
TEXT
  8
2
 10
-142.559452
 20
-38.817892
 40
0.000000
 50
0.000000
  1
# 405
  0
POINT
  8
2
 10
-41.048265
 20
-48.668962
  0
TEXT
  8
2
 10
-41.048265
 20
-48.668962
 40
0.000000
 50
0.000000
  1
# 406
  0
POINT
  8
2
 10
-33.713253
 20
-48.560066
  0
TEXT
  8
2
 10
-33.713253
 20
-48.560066
 40
0.000000
 50
0.000000
  1
# 407
  0
POINT
  8
2
 10
-26.750350
 20
-50.245781
  0
TEXT
  8
2
 10
-26.750350
 20
-50.245781
 40
0.000000
 50
0.000000
  1
# 408
  0
POINT
  8
2
 10
28.668418
 20
-56.446099
  0
TEXT
  8
2
 10
28.668418
 20
-56.446099
 40
0.000000
 50
0.000000
  1
# 409
  0
POINT
  8
2
 10
35.860782
 20
-56.339355
  0
TEXT
  8
2
 10
35.860782
 20
-56.339355
 40
0.000000
 50
0.000000
  1
# 410
  0
POINT
  8
2
 10
42.985654
 20
-58.064227
  0
TEXT
  8
2
 10
42.985654
 20
-58.064227
 40
0.000000
 50
0.000000
  1
# 411
  0
POINT
  8
2
 10
143.525505
 20
-70.833907
  0
TEXT
  8
2
 10
143.525505
 20
-70.833907
 40
0.000000
 50
0.000000
  1
# 412
  0
POINT
  8
2
 10
108.080311
 20
-630.511780
  0
TEXT
  8
2
 10
108.080311
 20
-630.511780
 40
0.000000
 50
0.000000
  1
# 413
  0
POINT
  8
2
 10
107.712507
 20
-667.606049
  0
TEXT
  8
2
 10
107.712507
 20
-667.606049
 40
0.000000
 50
0.000000
  1
# 414
  0
POINT
  8
2
 10
-63.937917
 20
-664.226761
  0
TEXT
  8
2
 10
-63.937917
 20
-664.226761
 40
0.000000
 50
0.000000
  1
# 415
  0
POINT
  8
3
 10
-234.731388
 20
-668.981628
  0
POINT
  8
3
 10
-234.807949
 20
-661.325912
  0
POINT
  8
3
 10
-234.976234
 20
-653.674393
  0
POINT
  8
3
 10
-235.238495
 20
-646.027527
  0
POINT
  8
3
 10
-235.592747
 20
-638.421211
  0
POINT
  8
3
 10
-235.895824
 20
-632.869797
  0
POINT
  8
3
 10
-236.135712
 20
-626.976509
  0
POINT
  8
3
 10
-236.503162
 20
-619.370880
  0
POINT
  8
3
 10
-236.966057
 20
-611.733475
  0
POINT
  8
3
 10
-237.522926
 20
-604.100418
  0
POINT
  8
3
 10
-238.171501
 20
-596.471786
  0
POINT
  8
3
 10
-238.909473
 20
-588.847771
  0
POINT
  8
3
 10
-239.734573
 20
-581.228447
  0
POINT
  8
3
 10
-240.644474
 20
-573.614044
  0
POINT
  8
3
 10
-241.636887
 20
-566.004715
  0
POINT
  8
3
 10
-242.869167
 20
-557.314682
  0
POINT
  8
3
 10
-244.202766
 20
-548.631783
  0
POINT
  8
3
 10
-245.634232
 20
-539.956169
  0
POINT
  8
3
 10
-247.160091
 20
-531.288185
  0
POINT
  8
3
 10
-248.776913
 20
-522.628098
  0
POINT
  8
3
 10
-250.481186
 20
-513.976135
  0
POINT
  8
3
 10
-252.269478
 20
-505.332603
  0
POINT
  8
3
 10
-254.377384
 20
-495.619087
  0
POINT
  8
3
 10
-256.582222
 20
-485.917015
  0
POINT
  8
3
 10
-258.879013
 20
-476.226807
  0
POINT
  8
3
 10
-261.262798
 20
-466.548843
  0
POINT
  8
3
 10
-263.728561
 20
-456.883545
  0
POINT
  8
3
 10
-266.271324
 20
-447.231331
  0
POINT
  8
3
 10
-268.886051
 20
-437.592621
  0
POINT
  8
3
 10
-271.567726
 20
-427.967796
  0
POINT
  8
3
 10
-274.311352
 20
-418.357277
  0
POINT
  8
3
 10
-277.111874
 20
-408.761444
  0
POINT
  8
3
 10
-279.964256
 20
-399.180679
  0
POINT
  8
3
 10
-282.863464
 20
-389.615440
  0
POINT
  8
3
 10
-285.804443
 20
-380.066071
  0
POINT
  8
3
 10
-288.782139
 20
-370.532951
  0
POINT
  8
3
 10
-291.928596
 20
-360.584793
  0
POINT
  8
3
 10
-295.040932
 20
-350.838737
  0
POINT
  8
3
 10
-298.546925
 20
-339.932632
  0
POINT
  8
3
 10
-290.972214
 20
-327.361984
  0
POINT
  8
3
 10
-282.086678
 20
-326.610527
  0
POINT
  8
3
 10
-272.088089
 20
-325.781403
  0
POINT
  8
3
 10
-264.841156
 20
-325.128860
  0
POINT
  8
3
 10
-259.030991
 20
-324.534836
  0
POINT
  8
3
 10
-253.727798
 20
-323.912849
  0
POINT
  8
3
 10
-248.949947
 20
-323.268356
  0
POINT
  8
3
 10
-244.703560
 20
-322.613525
  0
POINT
  8
3
 10
-240.985088
 20
-321.964798
  0
POINT
  8
3
 10
-237.331352
 20
-321.247444
  0
POINT
  8
3
 10
-233.753910
 20
-320.456276
  0
POINT
  8
3
 10
-230.695324
 20
-319.699612
  0
POINT
  8
3
 10
-227.711773
 20
-318.879795
  0
POINT
  8
3
 10
-224.810963
 20
-317.994232
  0
POINT
  8
3
 10
-222.000446
 20
-317.040653
  0
POINT
  8
3
 10
-219.668827
 20
-316.167755
  0
POINT
  8
3
 10
-217.413311
 20
-315.242596
  0
POINT
  8
3
 10
-215.238018
 20
-314.264355
  0
POINT
  8
3
 10
-213.146687
 20
-313.232479
  0
POINT
  8
3
 10
-211.142654
 20
-312.146473
  0
POINT
  8
3
 10
-209.228706
 20
-311.005840
  0
POINT
  8
3
 10
-207.407017
 20
-309.810047
  0
POINT
  8
3
 10
-205.960522
 20
-308.770866
  0
POINT
  8
3
 10
-204.579601
 20
-307.692204
  0
POINT
  8
3
 10
-203.264370
 20
-306.573067
  0
POINT
  8
3
 10
-202.014637
 20
-305.412178
  0
POINT
  8
3
 10
-200.829906
 20
-304.207745
  0
POINT
  8
3
 10
-199.709530
 20
-302.957458
  0
POINT
  8
3
 10
-198.724194
 20
-301.750813
  0
POINT
  8
3
 10
-197.701569
 20
-300.376740
  0
POINT
  8
3
 10
-196.717377
 20
-298.924942
  0
POINT
  8
3
 10
-195.770931
 20
-297.396526
  0
POINT
  8
3
 10
-194.684429
 20
-295.463886
  0
POINT
  8
3
 10
-193.650913
 20
-293.427773
  0
POINT
  8
3
 10
-192.669563
 20
-291.293430
  0
POINT
  8
3
 10
-191.739216
 20
-289.066868
  0
POINT
  8
3
 10
-190.858288
 20
-286.754704
  0
POINT
  8
3
 10
-189.890385
 20
-283.958302
  0
POINT
  8
3
 10
-188.983173
 20
-281.066437
  0
POINT
  8
3
 10
-188.014717
 20
-277.659550
  0
POINT
  8
3
 10
-187.111530
 20
-274.160786
  0
POINT
  8
3
 10
-186.060581
 20
-269.684505
  0
POINT
  8
3
 10
-184.888153
 20
-264.205647
  0
POINT
  8
3
 10
-182.871304
 20
-254.028530
  0
POINT
  8
3
 10
-133.523407
 20
-40.270538
  0
POINT
  8
3
 10
-125.774088
 20
-41.540694
  0
POINT
  8
3
 10
-118.291235
 20
-42.688737
  0
POINT
  8
3
 10
-110.950699
 20
-43.733382
  0
POINT
  8
3
 10
-103.598623
 20
-44.695649
  0
POINT
  8
3
 10
-96.665306
 20
-45.518312
  0
POINT
  8
3
 10
-90.426388
 20
-46.178536
  0
POINT
  8
3
 10
-84.340153
 20
-46.737819
  0
POINT
  8
3
 10
-78.485045
 20
-47.192669
  0
POINT
  8
3
 10
-72.161722
 20
-47.599154
  0
POINT
  8
3
 10
-65.476642
 20
-47.943749
  0
POINT
  8
3
 10
-57.722807
 20
-48.255973
  0
POINT
  8
3
 10
-49.519644
 20
-48.502464
  0
POINT
  8
3
 10
-40.881109
 20
-48.666482
  0
POINT
  8
3
 10
-26.747711
 20
-50.246229
  0
POINT
  8
3
 10
-20.484772
 20
-51.313004
  0
POINT
  8
3
 10
-13.699784
 20
-52.371821
  0
POINT
  8
3
 10
-7.284069
 20
-53.284297
  0
POINT
  8
3
 10
-1.729765
 20
-53.993587
  0
POINT
  8
3
 10
3.471901
 20
-54.575152
  0
POINT
  8
3
 10
9.045706
 20
-55.110025
  0
POINT
  8
3
 10
15.120994
 20
-55.608158
  0
POINT
  8
3
 10
21.443009
 20
-56.045938
  0
POINT
  8
3
 10
27.577691
 20
-56.394601
  0
POINT
  8
3
 10
28.699706
 20
-56.445632
  0
POINT
  8
3
 10
42.821975
 20
-58.024602
  0
POINT
  8
3
 10
51.290712
 20
-59.773660
  0
POINT
  8
3
 10
59.347496
 20
-61.344986
  0
POINT
  8
3
 10
66.979966
 20
-62.752910
  0
POINT
  8
3
 10
73.575301
 20
-63.892980
  0
POINT
  8
3
 10
79.833035
 20
-64.893136
  0
POINT
  8
3
 10
85.644693
 20
-65.742717
  0
POINT
  8
3
 10
91.697369
 20
-66.540542
  0
POINT
  8
3
 10
97.928791
 20
-67.274656
  0
POINT
  8
3
 10
104.873571
 20
-68.003688
  0
POINT
  8
3
 10
112.257786
 20
-68.689027
  0
POINT
  8
3
 10
119.649048
 20
-69.291449
  0
POINT
  8
3
 10
127.202101
 20
-69.824424
  0
POINT
  8
3
 10
134.879112
 20
-70.286593
  0
POINT
  8
3
 10
143.825264
 20
-80.176115
  0
POINT
  8
3
 10
144.164381
 20
-90.116997
  0
POINT
  8
3
 10
144.451666
 20
-100.736437
  0
POINT
  8
3
 10
144.671526
 20
-111.282701
  0
POINT
  8
3
 10
144.838276
 20
-122.362022
  0
POINT
  8
3
 10
144.941406
 20
-133.415623
  0
POINT
  8
3
 10
144.981394
 20
-144.006929
  0
POINT
  8
3
 10
144.960251
 20
-155.236540
  0
POINT
  8
3
 10
144.882164
 20
-165.523796
  0
POINT
  8
3
 10
144.740000
 20
-176.186142
  0
POINT
  8
3
 10
144.525690
 20
-187.170658
  0
POINT
  8
3
 10
144.231129
 20
-198.424473
  0
POINT
  8
3
 10
143.848190
 20
-209.894810
  0
POINT
  8
3
 10
143.368731
 20
-221.529045
  0
POINT
  8
3
 10
142.784529
 20
-233.274632
  0
POINT
  8
3
 10
142.194166
 20
-243.391171
  0
POINT
  8
3
 10
141.460390
 20
-254.306412
  0
POINT
  8
3
 10
140.695114
 20
-264.418049
  0
POINT
  8
3
 10
139.857321
 20
-274.517288
  0
POINT
  8
3
 10
138.955717
 20
-284.604626
  0
POINT
  8
3
 10
137.998981
 20
-294.680500
  0
POINT
  8
3
 10
136.995764
 20
-304.745426
  0
POINT
  8
3
 10
135.954704
 20
-314.799843
  0
POINT
  8
3
 10
134.884424
 20
-324.844208
  0
POINT
  8
3
 10
133.793516
 20
-334.878998
  0
POINT
  8
3
 10
132.690563
 20
-344.904671
  0
POINT
  8
3
 10
131.428089
 20
-356.333923
  0
POINT
  8
3
 10
130.323677
 20
-366.348038
  0
POINT
  8
3
 10
129.223213
 20
-376.360550
  0
POINT
  8
3
 10
128.128500
 20
-386.371613
  0
POINT
  8
3
 10
127.041359
 20
-396.381340
  0
POINT
  8
3
 10
125.963564
 20
-406.389885
  0
POINT
  8
3
 10
124.896946
 20
-416.397285
  0
POINT
  8
3
 10
123.843298
 20
-426.403770
  0
POINT
  8
3
 10
122.804422
 20
-436.409378
  0
POINT
  8
3
 10
121.782112
 20
-446.414299
  0
POINT
  8
3
 10
120.778170
 20
-456.418571
  0
POINT
  8
3
 10
119.794407
 20
-466.422348
  0
POINT
  8
3
 10
118.832607
 20
-476.425819
  0
POINT
  8
3
 10
117.894573
 20
-486.428986
  0
POINT
  8
3
 10
116.982088
 20
-496.432076
  0
POINT
  8
3
 10
116.096973
 20
-506.435127
  0
POINT
  8
3
 10
115.240993
 20
-516.438332
  0
POINT
  8
3
 10
114.415960
 20
-526.441727
  0
POINT
  8
3
 10
113.623657
 20
-536.445503
  0
POINT
  8
3
 10
112.865877
 20
-546.449776
  0
POINT
  8
3
 10
112.144413
 20
-556.454620
  0
POINT
  8
3
 10
111.461048
 20
-566.460228
  0
POINT
  8
3
 10
110.817566
 20
-576.466637
  0
POINT
  8
3
 10
110.215759
 20
-586.474075
  0
POINT
  8
3
 10
109.657421
 20
-596.482582
  0
POINT
  8
3
 10
109.144325
 20
-606.492271
  0
POINT
  8
3
 10
108.613424
 20
-617.930145
  0
POINT
  8
3
 10
108.182402
 20
-628.009567
  0
POINT
  8
3
 10
108.078661
 20
-630.613518
  0
POINT
  8
3
 10
108.039694
 20
-633.015747
  0
POINT
  8
3
 10
107.895832
 20
-643.103333
  0
POINT
  8
3
 10
107.774296
 20
-654.552917
  0
POINT
  8
3
 10
107.716351
 20
-664.575577
  0
POINT
  8
3
 10
93.438463
 20
-667.074432
  0
POINT
  8
3
 10
83.751087
 20
-666.724472
  0
POINT
  8
3
 10
73.657851
 20
-666.387787
  0
POINT
  8
3
 10
63.690176
 20
-666.078949
  0
POINT
  8
3
 10
53.246236
 20
-665.779037
  0
POINT
  8
3
 10
42.745199
 20
-665.501404
  0
POINT
  8
3
 10
32.521095
 20
-665.254135
  0
POINT
  8
3
 10
21.734042
 20
-665.018387
  0
POINT
  8
3
 10
11.610469
 20
-664.821472
  0
POINT
  8
3
 10
1.154073
 20
-664.643707
  0
POINT
  8
3
 10
-9.576589
 20
-664.489822
  0
POINT
  8
3
 10
-20.522840
 20
-664.364471
  0
POINT
  8
3
 10
-31.625788
 20
-664.272308
  0
POINT
  8
3
 10
-41.578841
 20
-664.221878
  0
POINT
  8
3
 10
-52.816238
 20
-664.204865
  0
POINT
  8
3
 10
-61.109977
 20
-664.221344
  0
POINT
  8
3
 10
-66.756530
 20
-664.218063
  0
POINT
  8
3
 10
-75.022287
 20
-664.191971
  0
POINT
  8
3
 10
-86.167068
 20
-664.221573
  0
POINT
  8
3
 10
-96.044588
 20
-664.305954
  0
POINT
  8
3
 10
-105.850601
 20
-664.439468
  0
POINT
  8
3
 10
-116.744385
 20
-664.641876
  0
POINT
  8
3
 10
-127.434645
 20
-664.892197
  0
POINT
  8
3
 10
-137.862005
 20
-665.182800
  0
POINT
  8
3
 10
-147.967396
 20
-665.505981
  0
POINT
  8
3
 10
-158.746386
 20
-665.893936
  0
POINT
  8
3
 10
-168.974705
 20
-666.301956
  0
POINT
  8
3
 10
-179.494019
 20
-666.761322
  0
POINT
  8
3
 10
-189.973679
 20
-667.258759
  0
POINT
  8
3
 10
-199.998055
 20
-667.772598
  0
POINT
  8
3
 10
-210.186043
 20
-668.335266
  0
POINT
  8
3
 10
-219.755669
 20
-668.907318
  0
POINT
  8
4
 10
-235.895824
 20
-632.869797
 30
0.400000
 50
  3.68
  0
TEXT
  8
4
 10
-235.895824
 20
-632.869797
 40
0.000000
 50
0.000000
  1
# 416
  0
POINT
  8
4
 10
-40.881109
 20
-48.666482
 30
0.400000
 50
268.91
  0
TEXT
  8
4
 10
-40.881109
 20
-48.666482
 40
0.000000
 50
0.000000
  1
# 417
  0
POINT
  8
4
 10
-26.747711
 20
-50.246229
 30
0.400000
 50
258.35
  0
TEXT
  8
4
 10
-26.747711
 20
-50.246229
 40
0.000000
 50
0.000000
  1
# 418
  0
POINT
  8
4
 10
28.699706
 20
-56.445632
 30
0.400000
 50
268.89
  0
TEXT
  8
4
 10
28.699706
 20
-56.445632
 40
0.000000
 50
0.000000
  1
# 419
  0
POINT
  8
4
 10
42.821975
 20
-58.024602
 30
0.400000
 50
258.34
  0
TEXT
  8
4
 10
42.821975
 20
-58.024602
 40
0.000000
 50
0.000000
  1
# 420
  0
POINT
  8
4
 10
108.078661
 20
-630.613518
 30
0.400000
 50
177.78
  0
TEXT
  8
4
 10
108.078661
 20
-630.613518
 40
0.000000
 50
0.000000
  1
# 421
  0
POLYLINE
  8
14
  66
1
  70
1
  0
VERTEX
  8
14
  10
-225.916367
  20
-632.226906
  0
VERTEX
  8
14
  10
-225.916367
  20
-632.226906
  0
VERTEX
  8
14
  10
-226.145013
  20
-626.545439
  0
VERTEX
  8
14
  10
-226.517899
  20
-618.828274
  0
VERTEX
  8
14
  10
-226.988306
  20
-611.066685
  0
VERTEX
  8
14
  10
-227.554009
  20
-603.312533
  0
VERTEX
  8
14
  10
-228.212604
  20
-595.565984
  0
VERTEX
  8
14
  10
-228.961688
  20
-587.827206
  0
VERTEX
  8
14
  10
-229.798857
  20
-580.096366
  0
VERTEX
  8
14
  10
-230.721706
  20
-572.373630
  0
VERTEX
  8
14
  10
-231.727832
  20
-564.659166
  0
VERTEX
  8
14
  10
-232.976579
  20
-555.852979
  0
VERTEX
  8
14
  10
-234.327368
  20
-547.058063
  0
VERTEX
  8
14
  10
-235.776611
  20
-538.274669
  0
VERTEX
  8
14
  10
-237.320719
  20
-529.503045
  0
VERTEX
  8
14
  10
-238.956105
  20
-520.743441
  0
VERTEX
  8
14
  10
-240.679180
  20
-511.996107
  0
VERTEX
  8
14
  10
-242.486357
  20
-503.261291
  0
VERTEX
  8
14
  10
-244.615490
  20
-493.449898
  0
VERTEX
  8
14
  10
-246.841413
  20
-483.655019
  0
VERTEX
  8
14
  10
-249.159017
  20
-473.877011
  0
VERTEX
  8
14
  10
-251.563193
  20
-464.116227
  0
VERTEX
  8
14
  10
-254.048832
  20
-454.373024
  0
VERTEX
  8
14
  10
-256.610826
  20
-444.647756
  0
VERTEX
  8
14
  10
-259.244062
  20
-434.940787
  0
VERTEX
  8
14
  10
-261.943437
  20
-425.252455
  0
VERTEX
  8
14
  10
-264.703840
  20
-415.583124
  0
VERTEX
  8
14
  10
-267.520160
  20
-405.933149
  0
VERTEX
  8
14
  10
-270.387290
  20
-396.302884
  0
VERTEX
  8
14
  10
-273.300120
  20
-386.692686
  0
VERTEX
  8
14
  10
-276.253542
  20
-377.102908
  0
VERTEX
  8
14
  10
-279.242446
  20
-367.533907
  0
VERTEX
  8
14
  10
-282.398887
  20
-357.554151
  0
VERTEX
  8
14
  10
-285.518219
  20
-347.786220
  0
VERTEX
  8
14
  10
-288.916378
  20
-337.226944
  0
VERTEX
  8
14
  10
-281.260708
  20
-336.576362
  0
VERTEX
  8
14
  10
-271.237260
  20
-335.745145
  0
VERTEX
  8
14
  10
-263.886835
  20
-335.083203
  0
VERTEX
  8
14
  10
-257.943717
  20
-334.475542
  0
VERTEX
  8
14
  10
-252.478806
  20
-333.834544
  0
VERTEX
  8
14
  10
-247.519593
  20
-333.165550
  0
VERTEX
  8
14
  10
-243.080608
  20
-332.480945
  0
VERTEX
  8
14
  10
-239.166366
  20
-331.798005
  0
VERTEX
  8
14
  10
-235.292443
  20
-331.037389
  0
VERTEX
  8
14
  10
-231.469065
  20
-330.191757
  0
VERTEX
  8
14
  10
-228.173083
  20
-329.376311
  0
VERTEX
  8
14
  10
-224.930464
  20
-328.485233
  0
VERTEX
  8
14
  10
-221.748034
  20
-327.513597
  0
VERTEX
  8
14
  10
-218.632653
  20
-326.456489
  0
VERTEX
  8
14
  10
-216.020863
  20
-325.478634
  0
VERTEX
  8
14
  10
-213.467673
  20
-324.431271
  0
VERTEX
  8
14
  10
-210.977375
  20
-323.311296
  0
VERTEX
  8
14
  10
-208.554296
  20
-322.115617
  0
VERTEX
  8
14
  10
-206.202728
  20
-320.841130
  0
VERTEX
  8
14
  10
-203.926996
  20
-319.484743
  0
VERTEX
  8
14
  10
-201.731395
  20
-318.043350
  0
VERTEX
  8
14
  10
-199.966059
  20
-316.775026
  0
VERTEX
  8
14
  10
-198.261862
  20
-315.443729
  0
VERTEX
  8
14
  10
-196.621292
  20
-314.047663
  0
VERTEX
  8
14
  10
-195.046849
  20
-312.585037
  0
VERTEX
  8
14
  10
-193.541025
  20
-311.054060
  0
VERTEX
  8
14
  10
-192.106314
  20
-309.452936
  0
VERTEX
  8
14
  10
-190.841501
  20
-307.904118
  0
VERTEX
  8
14
  10
-189.547739
  20
-306.165949
  0
VERTEX
  8
14
  10
-188.323948
  20
-304.360965
  0
VERTEX
  8
14
  10
-187.167100
  20
-302.492994
  0
VERTEX
  8
14
  10
-185.862979
  20
-300.173676
  0
VERTEX
  8
14
  10
-184.645650
  20
-297.775778
  0
VERTEX
  8
14
  10
-183.509875
  20
-295.305912
  0
VERTEX
  8
14
  10
-182.450415
  20
-292.770689
  0
VERTEX
  8
14
  10
-181.462033
  20
-290.176725
  0
VERTEX
  8
14
  10
-180.391759
  20
-287.084996
  0
VERTEX
  8
14
  10
-179.402779
  20
-283.932809
  0
VERTEX
  8
14
  10
-178.361385
  20
-280.269742
  0
VERTEX
  8
14
  10
-177.402885
  20
-276.557087
  0
VERTEX
  8
14
  10
-176.302409
  20
-271.870406
  0
VERTEX
  8
14
  10
-175.093043
  20
-266.219529
  0
VERTEX
  8
14
  10
-173.057909
  20
-255.951380
  0
VERTEX
  8
14
  10
-170.916424
  20
-245.226822
  0
VERTEX
  8
14
  10
-134.516420
  20
-50.226989
  0
VERTEX
  8
14
  10
-127.346267
  20
-51.416333
  0
VERTEX
  8
14
  10
-119.753378
  20
-52.581268
  0
VERTEX
  8
14
  10
-112.305517
  20
-53.641181
  0
VERTEX
  8
14
  10
-104.837286
  20
-54.618638
  0
VERTEX
  8
14
  10
-97.780327
  20
-55.455953
  0
VERTEX
  8
14
  10
-91.412761
  20
-56.129770
  0
VERTEX
  8
14
  10
-85.182248
  20
-56.702301
  0
VERTEX
  8
14
  10
-79.193704
  20
-57.167530
  0
VERTEX
  8
14
  10
-72.738066
  20
-57.582530
  0
VERTEX
  8
14
  10
-65.934932
  20
-57.933244
  0
VERTEX
  8
14
  10
-58.072939
  20
-58.249844
  0
VERTEX
  8
14
  10
-49.771544
  20
-58.499289
  0
VERTEX
  8
14
  10
-41.072302
  20
-58.670421
  0
VERTEX
  8
14
  10
-41.072302
  20
-58.670421
  0
VERTEX
  8
14
  10
-34.833310
  20
-58.577790
  0
VERTEX
  8
14
  10
-28.768811
  20
-60.046000
  0
VERTEX
  8
14
  10
-28.768811
  20
-60.046000
  0
VERTEX
  8
14
  10
-22.092081
  20
-61.182986
  0
VERTEX
  8
14
  10
-15.175350
  20
-62.262356
  0
VERTEX
  8
14
  10
-8.620825
  20
-63.194551
  0
VERTEX
  8
14
  10
-2.921299
  20
-63.922347
  0
VERTEX
  8
14
  10
2.441283
  20
-64.521902
  0
VERTEX
  8
14
  10
8.160812
  20
-65.070796
  0
VERTEX
  8
14
  10
14.368109
  20
-65.579774
  0
VERTEX
  8
14
  10
20.813222
  20
-66.026088
  0
VERTEX
  8
14
  10
27.080689
  20
-66.382244
  0
VERTEX
  8
14
  10
28.506663
  20
-66.449599
  0
VERTEX
  8
14
  10
28.506663
  20
-66.449599
  0
VERTEX
  8
14
  10
34.739408
  20
-66.356750
  0
VERTEX
  8
14
  10
40.800509
  20
-67.824092
  0
VERTEX
  8
14
  10
40.800509
  20
-67.824092
  0
VERTEX
  8
14
  10
49.328959
  20
-69.579348
  0
VERTEX
  8
14
  10
57.482136
  20
-71.169466
  0
VERTEX
  8
14
  10
65.220977
  20
-72.596991
  0
VERTEX
  8
14
  10
71.932672
  20
-73.757144
  0
VERTEX
  8
14
  10
78.321259
  20
-74.778201
  0
VERTEX
  8
14
  10
84.265328
  20
-75.647126
  0
VERTEX
  8
14
  10
90.461504
  20
-76.463881
  0
VERTEX
  8
14
  10
96.821452
  20
-77.213156
  0
VERTEX
  8
14
  10
103.890092
  20
-77.955210
  0
VERTEX
  8
14
  10
111.390987
  20
-78.651391
  0
VERTEX
  8
14
  10
118.890333
  20
-79.262623
  0
VERTEX
  8
14
  10
126.554460
  20
-79.803429
  0
VERTEX
  8
14
  10
133.811722
  20
-80.227032
  0
VERTEX
  8
14
  10
134.169033
  20
-90.422137
  0
VERTEX
  8
14
  10
134.454500
  20
-100.974430
  0
VERTEX
  8
14
  10
134.673136
  20
-111.462345
  0
VERTEX
  8
14
  10
134.839020
  20
-122.483701
  0
VERTEX
  8
14
  10
134.941614
  20
-133.480579
  0
VERTEX
  8
14
  10
134.981401
  20
-144.017393
  0
VERTEX
  8
14
  10
134.960371
  20
-155.188186
  0
VERTEX
  8
14
  10
134.882698
  20
-165.420039
  0
VERTEX
  8
14
  10
134.741330
  20
-176.022867
  0
VERTEX
  8
14
  10
134.528271
  20
-186.943279
  0
VERTEX
  8
14
  10
134.235525
  20
-198.127880
  0
VERTEX
  8
14
  10
133.855097
  20
-209.523277
  0
VERTEX
  8
14
  10
133.378992
  20
-221.076075
  0
VERTEX
  8
14
  10
132.799213
  20
-232.732882
  0
VERTEX
  8
14
  10
132.213684
  20
-242.766743
  0
VERTEX
  8
14
  10
131.486038
  20
-253.590621
  0
VERTEX
  8
14
  10
130.726536
  20
-263.625925
  0
VERTEX
  8
14
  10
129.894364
  20
-273.657384
  0
VERTEX
  8
14
  10
128.998051
  20
-283.685445
  0
VERTEX
  8
14
  10
128.046130
  20
-293.710538
  0
VERTEX
  8
14
  10
127.047128
  20
-303.733149
  0
VERTEX
  8
14
  10
126.009576
  20
-313.753708
  0
VERTEX
  8
14
  10
124.942007
  20
-323.772643
  0
VERTEX
  8
14
  10
123.852944
  20
-333.790461
  0
VERTEX
  8
14
  10
122.750927
  20
-343.807533
  0
VERTEX
  8
14
  10
121.488493
  20
-355.236476
  0
VERTEX
  8
14
  10
120.383774
  20
-365.253365
  0
VERTEX
  8
14
  10
119.282802
  20
-375.270503
  0
VERTEX
  8
14
  10
118.187396
  20
-385.287936
  0
VERTEX
  8
14
  10
117.099360
  20
-395.305826
  0
VERTEX
  8
14
  10
116.020498
  20
-405.324331
  0
VERTEX
  8
14
  10
114.952628
  20
-415.343499
  0
VERTEX
  8
14
  10
113.897549
  20
-425.363527
  0
VERTEX
  8
14
  10
112.857080
  20
-435.384461
  0
VERTEX
  8
14
  10
111.833021
  20
-445.406500
  0
VERTEX
  8
14
  10
110.827187
  20
-455.429690
  0
VERTEX
  8
14
  10
109.841385
  20
-465.454191
  0
VERTEX
  8
14
  10
108.877418
  20
-475.480162
  0
VERTEX
  8
14
  10
107.937104
  20
-485.507651
  0
VERTEX
  8
14
  10
107.022244
  20
-495.536856
  0
VERTEX
  8
14
  10
106.134653
  20
-505.567822
  0
VERTEX
  8
14
  10
105.276133
  20
-515.600748
  0
VERTEX
  8
14
  10
104.448500
  20
-525.635679
  0
VERTEX
  8
14
  10
103.653560
  20
-535.672777
  0
VERTEX
  8
14
  10
102.893117
  20
-545.712201
  0
VERTEX
  8
14
  10
102.168987
  20
-555.753997
  0
VERTEX
  8
14
  10
101.482972
  20
-565.798364
  0
VERTEX
  8
14
  10
100.836887
  20
-575.845347
  0
VERTEX
  8
14
  10
100.232536
  20
-585.895146
  0
VERTEX
  8
14
  10
99.671732
  20
-595.947805
  0
VERTEX
  8
14
  10
99.156281
  20
-606.003486
  0
VERTEX
  8
14
  10
98.623204
  20
-617.488073
  0
VERTEX
  8
14
  10
98.190917
  20
-627.596975
  0
VERTEX
  8
14
  10
98.083620
  20
-630.226822
  0
VERTEX
  8
14
  10
98.083620
  20
-630.226822
  0
VERTEX
  8
14
  10
94.838466
  20
-630.100931
  0
VERTEX
  8
14
  10
85.032456
  20
-629.746634
  0
VERTEX
  8
14
  10
74.845830
  20
-629.406833
  0
VERTEX
  8
14
  10
64.794502
  20
-629.095434
  0
VERTEX
  8
14
  10
54.266232
  20
-628.793114
  0
VERTEX
  8
14
  10
43.681069
  20
-628.513237
  0
VERTEX
  8
14
  10
33.374069
  20
-628.263970
  0
VERTEX
  8
14
  10
22.497227
  20
-628.026291
  0
VERTEX
  8
14
  10
12.286214
  20
-627.827620
  0
VERTEX
  8
14
  10
1.735306
  20
-627.648262
  0
VERTEX
  8
14
  10
-9.097830
  20
-627.492922
  0
VERTEX
  8
14
  10
-20.155564
  20
-627.366301
  0
VERTEX
  8
14
  10
-31.380245
  20
-627.273104
  0
VERTEX
  8
14
  10
-41.451298
  20
-627.222122
  0
VERTEX
  8
14
  10
-52.834055
  20
-627.204888
  0
VERTEX
  8
14
  10
-63.916388
  20
-627.226906
  0
VERTEX
  8
14
  10
-74.998032
  20
-627.191992
  0
VERTEX
  8
14
  10
-86.383891
  20
-627.222211
  0
VERTEX
  8
14
  10
-96.457116
  20
-627.308226
  0
VERTEX
  8
14
  10
-106.443475
  20
-627.444200
  0
VERTEX
  8
14
  10
-117.523931
  20
-627.650060
  0
VERTEX
  8
14
  10
-128.385682
  20
-627.904399
  0
VERTEX
  8
14
  10
-138.971142
  20
-628.199408
  0
VERTEX
  8
14
  10
-149.222728
  20
-628.527278
  0
VERTEX
  8
14
  10
-160.151761
  20
-628.920618
  0
VERTEX
  8
14
  10
-170.518527
  20
-629.334173
  0
VERTEX
  8
14
  10
-181.178287
  20
-629.799645
  0
VERTEX
  8
14
  10
-191.798638
  20
-630.303791
  0
VERTEX
  8
14
  10
-201.962486
  20
-630.824770
  0
VERTEX
  8
14
  10
-212.306105
  20
-631.396063
  0
VERTEX
  8
14
  10
-222.065226
  20
-631.979502
  0
SEQEND
  8
14
  0
POINT
  8
2
 10
-225.916367
 20
-632.226906
  0
TEXT
  8
2
 10
-225.916367
 20
-632.226906
 40
0.000000
 50
0.000000
  1
# 422
  0
POINT
  8
2
 10
-288.916378
 20
-337.226944
  0
TEXT
  8
2
 10
-288.916378
 20
-337.226944
 40
0.000000
 50
0.000000
  1
# 423
  0
POINT
  8
2
 10
-170.916424
 20
-245.226822
  0
TEXT
  8
2
 10
-170.916424
 20
-245.226822
 40
0.000000
 50
0.000000
  1
# 424
  0
POINT
  8
2
 10
-134.516420
 20
-50.226989
  0
TEXT
  8
2
 10
-134.516420
 20
-50.226989
 40
0.000000
 50
0.000000
  1
# 425
  0
POINT
  8
2
 10
-41.072302
 20
-58.670421
  0
TEXT
  8
2
 10
-41.072302
 20
-58.670421
 40
0.000000
 50
0.000000
  1
# 426
  0
POINT
  8
2
 10
-34.833310
 20
-58.577790
  0
TEXT
  8
2
 10
-34.833310
 20
-58.577790
 40
0.000000
 50
0.000000
  1
# 427
  0
POINT
  8
2
 10
-28.768811
 20
-60.046000
  0
TEXT
  8
2
 10
-28.768811
 20
-60.046000
 40
0.000000
 50
0.000000
  1
# 428
  0
POINT
  8
2
 10
28.506663
 20
-66.449599
  0
TEXT
  8
2
 10
28.506663
 20
-66.449599
 40
0.000000
 50
0.000000
  1
# 429
  0
POINT
  8
2
 10
34.739408
 20
-66.356750
  0
TEXT
  8
2
 10
34.739408
 20
-66.356750
 40
0.000000
 50
0.000000
  1
# 430
  0
POINT
  8
2
 10
40.800509
 20
-67.824092
  0
TEXT
  8
2
 10
40.800509
 20
-67.824092
 40
0.000000
 50
0.000000
  1
# 431
  0
POINT
  8
2
 10
133.811722
 20
-80.227032
  0
TEXT
  8
2
 10
133.811722
 20
-80.227032
 40
0.000000
 50
0.000000
  1
# 432
  0
POINT
  8
2
 10
98.083620
 20
-630.226822
  0
TEXT
  8
2
 10
98.083620
 20
-630.226822
 40
0.000000
 50
0.000000
  1
# 433
  0
POINT
  8
2
 10
-63.916388
 20
-627.226906
  0
TEXT
  8
2
 10
-63.916388
 20
-627.226906
 40
0.000000
 50
0.000000
  1
# 434
  0
POINT
  8
3
 10
-225.916367
 20
-632.226906
  0
POINT
  8
3
 10
-226.145013
 20
-626.545439
  0
POINT
  8
3
 10
-226.517899
 20
-618.828274
  0
POINT
  8
3
 10
-226.988306
 20
-611.066685
  0
POINT
  8
3
 10
-227.554009
 20
-603.312533
  0
POINT
  8
3
 10
-228.212604
 20
-595.565984
  0
POINT
  8
3
 10
-228.961688
 20
-587.827206
  0
POINT
  8
3
 10
-229.798857
 20
-580.096366
  0
POINT
  8
3
 10
-230.721706
 20
-572.373630
  0
POINT
  8
3
 10
-231.727832
 20
-564.659166
  0
POINT
  8
3
 10
-232.976579
 20
-555.852979
  0
POINT
  8
3
 10
-234.327368
 20
-547.058063
  0
POINT
  8
3
 10
-235.776611
 20
-538.274669
  0
POINT
  8
3
 10
-237.320719
 20
-529.503045
  0
POINT
  8
3
 10
-238.956105
 20
-520.743441
  0
POINT
  8
3
 10
-240.679180
 20
-511.996107
  0
POINT
  8
3
 10
-242.486357
 20
-503.261291
  0
POINT
  8
3
 10
-244.615490
 20
-493.449898
  0
POINT
  8
3
 10
-246.841413
 20
-483.655019
  0
POINT
  8
3
 10
-249.159017
 20
-473.877011
  0
POINT
  8
3
 10
-251.563193
 20
-464.116227
  0
POINT
  8
3
 10
-254.048832
 20
-454.373024
  0
POINT
  8
3
 10
-256.610826
 20
-444.647756
  0
POINT
  8
3
 10
-259.244062
 20
-434.940787
  0
POINT
  8
3
 10
-261.943437
 20
-425.252455
  0
POINT
  8
3
 10
-264.703840
 20
-415.583124
  0
POINT
  8
3
 10
-267.520160
 20
-405.933149
  0
POINT
  8
3
 10
-270.387290
 20
-396.302884
  0
POINT
  8
3
 10
-273.300120
 20
-386.692686
  0
POINT
  8
3
 10
-276.253542
 20
-377.102908
  0
POINT
  8
3
 10
-279.242446
 20
-367.533907
  0
POINT
  8
3
 10
-282.398887
 20
-357.554151
  0
POINT
  8
3
 10
-285.518219
 20
-347.786220
  0
POINT
  8
3
 10
-281.260708
 20
-336.576362
  0
POINT
  8
3
 10
-271.237260
 20
-335.745145
  0
POINT
  8
3
 10
-263.886835
 20
-335.083203
  0
POINT
  8
3
 10
-257.943717
 20
-334.475542
  0
POINT
  8
3
 10
-252.478806
 20
-333.834544
  0
POINT
  8
3
 10
-247.519593
 20
-333.165550
  0
POINT
  8
3
 10
-243.080608
 20
-332.480945
  0
POINT
  8
3
 10
-239.166366
 20
-331.798005
  0
POINT
  8
3
 10
-235.292443
 20
-331.037389
  0
POINT
  8
3
 10
-231.469065
 20
-330.191757
  0
POINT
  8
3
 10
-228.173083
 20
-329.376311
  0
POINT
  8
3
 10
-224.930464
 20
-328.485233
  0
POINT
  8
3
 10
-221.748034
 20
-327.513597
  0
POINT
  8
3
 10
-218.632653
 20
-326.456489
  0
POINT
  8
3
 10
-216.020863
 20
-325.478634
  0
POINT
  8
3
 10
-213.467673
 20
-324.431271
  0
POINT
  8
3
 10
-210.977375
 20
-323.311296
  0
POINT
  8
3
 10
-208.554296
 20
-322.115617
  0
POINT
  8
3
 10
-206.202728
 20
-320.841130
  0
POINT
  8
3
 10
-203.926996
 20
-319.484743
  0
POINT
  8
3
 10
-201.731395
 20
-318.043350
  0
POINT
  8
3
 10
-199.966059
 20
-316.775026
  0
POINT
  8
3
 10
-198.261862
 20
-315.443729
  0
POINT
  8
3
 10
-196.621292
 20
-314.047663
  0
POINT
  8
3
 10
-195.046849
 20
-312.585037
  0
POINT
  8
3
 10
-193.541025
 20
-311.054060
  0
POINT
  8
3
 10
-192.106314
 20
-309.452936
  0
POINT
  8
3
 10
-190.841501
 20
-307.904118
  0
POINT
  8
3
 10
-189.547739
 20
-306.165949
  0
POINT
  8
3
 10
-188.323948
 20
-304.360965
  0
POINT
  8
3
 10
-187.167100
 20
-302.492994
  0
POINT
  8
3
 10
-185.862979
 20
-300.173676
  0
POINT
  8
3
 10
-184.645650
 20
-297.775778
  0
POINT
  8
3
 10
-183.509875
 20
-295.305912
  0
POINT
  8
3
 10
-182.450415
 20
-292.770689
  0
POINT
  8
3
 10
-181.462033
 20
-290.176725
  0
POINT
  8
3
 10
-180.391759
 20
-287.084996
  0
POINT
  8
3
 10
-179.402779
 20
-283.932809
  0
POINT
  8
3
 10
-178.361385
 20
-280.269742
  0
POINT
  8
3
 10
-177.402885
 20
-276.557087
  0
POINT
  8
3
 10
-176.302409
 20
-271.870406
  0
POINT
  8
3
 10
-175.093043
 20
-266.219529
  0
POINT
  8
3
 10
-173.057909
 20
-255.951380
  0
POINT
  8
3
 10
-127.346267
 20
-51.416333
  0
POINT
  8
3
 10
-119.753378
 20
-52.581268
  0
POINT
  8
3
 10
-112.305517
 20
-53.641181
  0
POINT
  8
3
 10
-104.837286
 20
-54.618638
  0
POINT
  8
3
 10
-97.780327
 20
-55.455953
  0
POINT
  8
3
 10
-91.412761
 20
-56.129770
  0
POINT
  8
3
 10
-85.182248
 20
-56.702301
  0
POINT
  8
3
 10
-79.193704
 20
-57.167530
  0
POINT
  8
3
 10
-72.738066
 20
-57.582530
  0
POINT
  8
3
 10
-65.934932
 20
-57.933244
  0
POINT
  8
3
 10
-58.072939
 20
-58.249844
  0
POINT
  8
3
 10
-49.771544
 20
-58.499289
  0
POINT
  8
3
 10
-41.072302
 20
-58.670421
  0
POINT
  8
3
 10
-28.768811
 20
-60.046000
  0
POINT
  8
3
 10
-22.092081
 20
-61.182986
  0
POINT
  8
3
 10
-15.175350
 20
-62.262356
  0
POINT
  8
3
 10
-8.620825
 20
-63.194551
  0
POINT
  8
3
 10
-2.921299
 20
-63.922347
  0
POINT
  8
3
 10
2.441283
 20
-64.521902
  0
POINT
  8
3
 10
8.160812
 20
-65.070796
  0
POINT
  8
3
 10
14.368109
 20
-65.579774
  0
POINT
  8
3
 10
20.813222
 20
-66.026088
  0
POINT
  8
3
 10
27.080689
 20
-66.382244
  0
POINT
  8
3
 10
28.506663
 20
-66.449599
  0
POINT
  8
3
 10
40.800509
 20
-67.824092
  0
POINT
  8
3
 10
49.328959
 20
-69.579348
  0
POINT
  8
3
 10
57.482136
 20
-71.169466
  0
POINT
  8
3
 10
65.220977
 20
-72.596991
  0
POINT
  8
3
 10
71.932672
 20
-73.757144
  0
POINT
  8
3
 10
78.321259
 20
-74.778201
  0
POINT
  8
3
 10
84.265328
 20
-75.647126
  0
POINT
  8
3
 10
90.461504
 20
-76.463881
  0
POINT
  8
3
 10
96.821452
 20
-77.213156
  0
POINT
  8
3
 10
103.890092
 20
-77.955210
  0
POINT
  8
3
 10
111.390987
 20
-78.651391
  0
POINT
  8
3
 10
118.890333
 20
-79.262623
  0
POINT
  8
3
 10
126.554460
 20
-79.803429
  0
POINT
  8
3
 10
134.169033
 20
-90.422137
  0
POINT
  8
3
 10
134.454500
 20
-100.974430
  0
POINT
  8
3
 10
134.673136
 20
-111.462345
  0
POINT
  8
3
 10
134.839020
 20
-122.483701
  0
POINT
  8
3
 10
134.941614
 20
-133.480579
  0
POINT
  8
3
 10
134.981401
 20
-144.017393
  0
POINT
  8
3
 10
134.960371
 20
-155.188186
  0
POINT
  8
3
 10
134.882698
 20
-165.420039
  0
POINT
  8
3
 10
134.741330
 20
-176.022867
  0
POINT
  8
3
 10
134.528271
 20
-186.943279
  0
POINT
  8
3
 10
134.235525
 20
-198.127880
  0
POINT
  8
3
 10
133.855097
 20
-209.523277
  0
POINT
  8
3
 10
133.378992
 20
-221.076075
  0
POINT
  8
3
 10
132.799213
 20
-232.732882
  0
POINT
  8
3
 10
132.213684
 20
-242.766743
  0
POINT
  8
3
 10
131.486038
 20
-253.590621
  0
POINT
  8
3
 10
130.726536
 20
-263.625925
  0
POINT
  8
3
 10
129.894364
 20
-273.657384
  0
POINT
  8
3
 10
128.998051
 20
-283.685445
  0
POINT
  8
3
 10
128.046130
 20
-293.710538
  0
POINT
  8
3
 10
127.047128
 20
-303.733149
  0
POINT
  8
3
 10
126.009576
 20
-313.753708
  0
POINT
  8
3
 10
124.942007
 20
-323.772643
  0
POINT
  8
3
 10
123.852944
 20
-333.790461
  0
POINT
  8
3
 10
122.750927
 20
-343.807533
  0
POINT
  8
3
 10
121.488493
 20
-355.236476
  0
POINT
  8
3
 10
120.383774
 20
-365.253365
  0
POINT
  8
3
 10
119.282802
 20
-375.270503
  0
POINT
  8
3
 10
118.187396
 20
-385.287936
  0
POINT
  8
3
 10
117.099360
 20
-395.305826
  0
POINT
  8
3
 10
116.020498
 20
-405.324331
  0
POINT
  8
3
 10
114.952628
 20
-415.343499
  0
POINT
  8
3
 10
113.897549
 20
-425.363527
  0
POINT
  8
3
 10
112.857080
 20
-435.384461
  0
POINT
  8
3
 10
111.833021
 20
-445.406500
  0
POINT
  8
3
 10
110.827187
 20
-455.429690
  0
POINT
  8
3
 10
109.841385
 20
-465.454191
  0
POINT
  8
3
 10
108.877418
 20
-475.480162
  0
POINT
  8
3
 10
107.937104
 20
-485.507651
  0
POINT
  8
3
 10
107.022244
 20
-495.536856
  0
POINT
  8
3
 10
106.134653
 20
-505.567822
  0
POINT
  8
3
 10
105.276133
 20
-515.600748
  0
POINT
  8
3
 10
104.448500
 20
-525.635679
  0
POINT
  8
3
 10
103.653560
 20
-535.672777
  0
POINT
  8
3
 10
102.893117
 20
-545.712201
  0
POINT
  8
3
 10
102.168987
 20
-555.753997
  0
POINT
  8
3
 10
101.482972
 20
-565.798364
  0
POINT
  8
3
 10
100.836887
 20
-575.845347
  0
POINT
  8
3
 10
100.232536
 20
-585.895146
  0
POINT
  8
3
 10
99.671732
 20
-595.947805
  0
POINT
  8
3
 10
99.156281
 20
-606.003486
  0
POINT
  8
3
 10
98.623204
 20
-617.488073
  0
POINT
  8
3
 10
98.190917
 20
-627.596975
  0
POINT
  8
3
 10
98.083620
 20
-630.226822
  0
POINT
  8
3
 10
94.838466
 20
-630.100931
  0
POINT
  8
3
 10
85.032456
 20
-629.746634
  0
POINT
  8
3
 10
74.845830
 20
-629.406833
  0
POINT
  8
3
 10
64.794502
 20
-629.095434
  0
POINT
  8
3
 10
54.266232
 20
-628.793114
  0
POINT
  8
3
 10
43.681069
 20
-628.513237
  0
POINT
  8
3
 10
33.374069
 20
-628.263970
  0
POINT
  8
3
 10
22.497227
 20
-628.026291
  0
POINT
  8
3
 10
12.286214
 20
-627.827620
  0
POINT
  8
3
 10
1.735306
 20
-627.648262
  0
POINT
  8
3
 10
-9.097830
 20
-627.492922
  0
POINT
  8
3
 10
-20.155564
 20
-627.366301
  0
POINT
  8
3
 10
-31.380245
 20
-627.273104
  0
POINT
  8
3
 10
-41.451298
 20
-627.222122
  0
POINT
  8
3
 10
-52.834055
 20
-627.204888
  0
POINT
  8
3
 10
-74.998032
 20
-627.191992
  0
POINT
  8
3
 10
-86.383891
 20
-627.222211
  0
POINT
  8
3
 10
-96.457116
 20
-627.308226
  0
POINT
  8
3
 10
-106.443475
 20
-627.444200
  0
POINT
  8
3
 10
-117.523931
 20
-627.650060
  0
POINT
  8
3
 10
-128.385682
 20
-627.904399
  0
POINT
  8
3
 10
-138.971142
 20
-628.199408
  0
POINT
  8
3
 10
-149.222728
 20
-628.527278
  0
POINT
  8
3
 10
-160.151761
 20
-628.920618
  0
POINT
  8
3
 10
-170.518527
 20
-629.334173
  0
POINT
  8
3
 10
-181.178287
 20
-629.799645
  0
POINT
  8
3
 10
-191.798638
 20
-630.303791
  0
POINT
  8
3
 10
-201.962486
 20
-630.824770
  0
POINT
  8
3
 10
-212.306105
 20
-631.396063
  0
POINT
  8
3
 10
-222.065226
 20
-631.979502
  0
POINT
  8
4
 10
-225.916367
 20
-632.226906
 30
0.400000
 50
  3.68
  0
TEXT
  8
4
 10
-225.916367
 20
-632.226906
 40
0.000000
 50
0.000000
  1
# 435
  0
POINT
  8
4
 10
-41.072302
 20
-58.670421
 30
0.400000
 50
268.91
  0
TEXT
  8
4
 10
-41.072302
 20
-58.670421
 40
0.000000
 50
0.000000
  1
# 436
  0
POINT
  8
4
 10
-28.768811
 20
-60.046000
 30
0.400000
 50
258.35
  0
TEXT
  8
4
 10
-28.768811
 20
-60.046000
 40
0.000000
 50
0.000000
  1
# 437
  0
POINT
  8
4
 10
28.506663
 20
-66.449599
 30
0.400000
 50
268.89
  0
TEXT
  8
4
 10
28.506663
 20
-66.449599
 40
0.000000
 50
0.000000
  1
# 438
  0
POINT
  8
4
 10
40.800509
 20
-67.824092
 30
0.400000
 50
258.34
  0
TEXT
  8
4
 10
40.800509
 20
-67.824092
 40
0.000000
 50
0.000000
  1
# 439
  0
POINT
  8
4
 10
98.083620
 20
-630.226822
 30
0.400000
 50
177.78
  0
TEXT
  8
4
 10
98.083620
 20
-630.226822
 40
0.000000
 50
0.000000
  1
# 440
  0
POLYLINE
  8
8
  66
1
  70
0
  0
VERTEX
  8
8
  10
-170.916443
  20
-325.226822
  0
VERTEX
  8
8
  10
-170.916405
  20
-337.226868
  0
SEQEND
  8
8
  0
POINT
  8
2
 10
-170.916443
 20
-325.226822
  0
TEXT
  8
2
 10
-170.916443
 20
-325.226822
 40
0.000000
 50
0.000000
  1
# 441
  0
POINT
  8
2
 10
-170.916405
 20
-337.226868
  0
TEXT
  8
2
 10
-170.916405
 20
-337.226868
 40
0.000000
 50
0.000000
  1
# 442
  0
POLYLINE
  8
8
  66
1
  70
0
  0
VERTEX
  8
8
  10
-170.916405
  20
-337.226868
  0
VERTEX
  8
8
  10
-288.916378
  20
-337.226906
  0
SEQEND
  8
8
  0
POINT
  8
2
 10
-170.916405
 20
-337.226868
  0
TEXT
  8
2
 10
-170.916405
 20
-337.226868
 40
0.000000
 50
0.000000
  1
# 443
  0
POINT
  8
2
 10
-288.916378
 20
-337.226906
  0
TEXT
  8
2
 10
-288.916378
 20
-337.226906
 40
0.000000
 50
0.000000
  1
# 444
  0
POLYLINE
  8
8
  66
1
  70
0
  0
VERTEX
  8
8
  10
-288.916378
  20
-337.226944
  0
VERTEX
  8
8
  10
-170.916405
  20
-327.226906
  0
SEQEND
  8
8
  0
POINT
  8
2
 10
-288.916378
 20
-337.226944
  0
TEXT
  8
2
 10
-288.916378
 20
-337.226944
 40
0.000000
 50
0.000000
  1
# 445
  0
POINT
  8
2
 10
-170.916405
 20
-327.226906
  0
TEXT
  8
2
 10
-170.916405
 20
-327.226906
 40
0.000000
 50
0.000000
  1
# 446
  0
POLYLINE
  8
8
  66
1
  70
0
  0
VERTEX
  8
8
  10
-170.916424
  20
-245.226822
  0
VERTEX
  8
8
  10
-170.916443
  20
-325.226822
  0
SEQEND
  8
8
  0
POINT
  8
2
 10
-170.916424
 20
-245.226822
  0
TEXT
  8
2
 10
-170.916424
 20
-245.226822
 40
0.000000
 50
0.000000
  1
# 447
  0
POINT
  8
2
 10
-170.916443
 20
-325.226822
  0
TEXT
  8
2
 10
-170.916443
 20
-325.226822
 40
0.000000
 50
0.000000
  1
# 448
  0
POLYLINE
  8
8
  66
1
  70
0
  0
VERTEX
  8
8
  10
-63.916364
  20
-350.226898
  0
VERTEX
  8
8
  10
-63.916388
  20
-627.226906
  0
SEQEND
  8
8
  0
POINT
  8
2
 10
-63.916364
 20
-350.226898
  0
TEXT
  8
2
 10
-63.916364
 20
-350.226898
 40
0.000000
 50
0.000000
  1
# 449
  0
POINT
  8
2
 10
-63.916388
 20
-627.226906
  0
TEXT
  8
2
 10
-63.916388
 20
-627.226906
 40
0.000000
 50
0.000000
  1
# 450
  0
POLYLINE
  8
8
  66
1
  70
0
  0
VERTEX
  8
8
  10
-166.808605
  20
-220.579796
  0
VERTEX
  8
8
  10
132.083559
  20
-245.226803
  0
SEQEND
  8
8
  0
POINT
  8
2
 10
-166.808605
 20
-220.579796
  0
TEXT
  8
2
 10
-166.808605
 20
-220.579796
 40
0.000000
 50
0.000000
  1
# 451
  0
POINT
  8
2
 10
132.083559
 20
-245.226803
  0
TEXT
  8
2
 10
132.083559
 20
-245.226803
 40
0.000000
 50
0.000000
  1
# 452
  0
POLYLINE
  8
8
  66
1
  70
0
  0
VERTEX
  8
8
  10
-170.916424
  20
-245.226822
  0
VERTEX
  8
8
  10
132.083559
  20
-245.226803
  0
SEQEND
  8
8
  0
POINT
  8
2
 10
-170.916424
 20
-245.226822
  0
TEXT
  8
2
 10
-170.916424
 20
-245.226822
 40
0.000000
 50
0.000000
  1
# 453
  0
POINT
  8
2
 10
132.083559
 20
-245.226803
  0
TEXT
  8
2
 10
132.083559
 20
-245.226803
 40
0.000000
 50
0.000000
  1
# 454
  0
POLYLINE
  8
8
  66
1
  70
0
  0
VERTEX
  8
8
  10
-280.916424
  20
-362.226906
  0
VERTEX
  8
8
  10
122.041693
  20
-350.228081
  0
SEQEND
  8
8
  0
POINT
  8
2
 10
-280.916424
 20
-362.226906
  0
TEXT
  8
2
 10
-280.916424
 20
-362.226906
 40
0.000000
 50
0.000000
  1
# 455
  0
POINT
  8
2
 10
122.041693
 20
-350.228081
  0
TEXT
  8
2
 10
122.041693
 20
-350.228081
 40
0.000000
 50
0.000000
  1
# 456
  0
POLYLINE
  8
8
  66
1
  70
0
  0
VERTEX
  8
8
  10
-170.916443
  20
-325.226822
  0
VERTEX
  8
8
  10
-197.045422
  20
-325.226936
  0
SEQEND
  8
8
  0
POINT
  8
2
 10
-170.916443
 20
-325.226822
  0
TEXT
  8
2
 10
-170.916443
 20
-325.226822
 40
0.000000
 50
0.000000
  1
# 457
  0
POINT
  8
2
 10
-197.045422
 20
-325.226936
  0
TEXT
  8
2
 10
-197.045422
 20
-325.226936
 40
0.000000
 50
0.000000
  1
# 458
  0
POLYLINE
  8
8
  66
1
  70
0
  0
VERTEX
  8
8
  10
-170.916424
  20
-245.226822
  0
VERTEX
  8
8
  10
-186.916428
  20
-325.226898
  0
SEQEND
  8
8
  0
POINT
  8
2
 10
-170.916424
 20
-245.226822
  0
TEXT
  8
2
 10
-170.916424
 20
-245.226822
 40
0.000000
 50
0.000000
  1
# 459
  0
POINT
  8
2
 10
-186.916428
 20
-325.226898
  0
TEXT
  8
2
 10
-186.916428
 20
-325.226898
 40
0.000000
 50
0.000000
  1
# 460
  0
POLYLINE
  8
8
  66
1
  70
0
  0
VERTEX
  8
8
  10
-146.076756
  20
-112.157259
  0
VERTEX
  8
8
  10
-83.155165
  20
-114.633617
  0
VERTEX
  8
8
  10
70.725694
  20
-120.689793
  0
VERTEX
  8
8
  10
134.847755
  20
-123.213406
  0
SEQEND
  8
8
  0
POINT
  8
2
 10
-146.076756
 20
-112.157259
  0
TEXT
  8
2
 10
-146.076756
 20
-112.157259
 40
0.000000
 50
0.000000
  1
# 461
  0
POINT
  8
2
 10
134.847755
 20
-123.213406
  0
TEXT
  8
2
 10
134.847755
 20
-123.213406
 40
0.000000
 50
0.000000
  1
# 462
  0
POINT
  8
3
 10
-83.155165
 20
-114.633617
  0
POINT
  8
3
 10
70.725694
 20
-120.689793
  0
POINT
  8
4
 10
-83.155165
 20
-114.633617
 30
0.400000
 50
 87.75
  0
TEXT
  8
4
 10
-83.155165
 20
-114.633617
 40
0.000000
 50
0.000000
  1
# 463
  0
POINT
  8
4
 10
70.725694
 20
-120.689793
 30
0.400000
 50
 87.75
  0
TEXT
  8
4
 10
70.725694
 20
-120.689793
 40
0.000000
 50
0.000000
  1
# 464
  0
POLYLINE
  8
8
  66
1
  70
0
  0
VERTEX
  8
8
  10
-0.241246
  20
-64.233193
  0
VERTEX
  8
8
  10
-6.214742
  20
-117.661705
  0
SEQEND
  8
8
  0
POINT
  8
2
 10
-0.241246
 20
-64.233193
  0
TEXT
  8
2
 10
-0.241246
 20
-64.233193
 40
0.000000
 50
0.000000
  1
# 465
  0
POINT
  8
2
 10
-6.214742
 20
-117.661705
  0
TEXT
  8
2
 10
-6.214742
 20
-117.661705
 40
0.000000
 50
0.000000
  1
# 466
  0
POLYLINE
  8
8
  66
1
  70
0
  0
VERTEX
  8
8
  10
-42.357869
  20
-125.935631
  0
VERTEX
  8
8
  10
-28.768811
  20
-60.046000
  0
SEQEND
  8
8
  0
POINT
  8
2
 10
-42.357869
 20
-125.935631
  0
TEXT
  8
2
 10
-42.357869
 20
-125.935631
 40
0.000000
 50
0.000000
  1
# 467
  0
POINT
  8
2
 10
-28.768811
 20
-60.046000
  0
TEXT
  8
2
 10
-28.768811
 20
-60.046000
 40
0.000000
 50
0.000000
  1
# 468
  0
POLYLINE
  8
8
  66
1
  70
0
  0
VERTEX
  8
8
  10
27.208695
  20
-133.713417
  0
VERTEX
  8
8
  10
28.506663
  20
-66.449599
  0
SEQEND
  8
8
  0
POINT
  8
2
 10
27.208695
 20
-133.713417
  0
TEXT
  8
2
 10
27.208695
 20
-133.713417
 40
0.000000
 50
0.000000
  1
# 469
  0
POINT
  8
2
 10
28.506663
 20
-66.449599
  0
TEXT
  8
2
 10
28.506663
 20
-66.449599
 40
0.000000
 50
0.000000
  1
# 470
  0
POLYLINE
  8
8
  66
1
  70
0
  0
VERTEX
  8
8
  10
27.208695
  20
-133.713417
  0
VERTEX
  8
8
  10
40.800509
  20
-67.824092
  0
SEQEND
  8
8
  0
POINT
  8
2
 10
27.208695
 20
-133.713417
  0
TEXT
  8
2
 10
27.208695
 20
-133.713417
 40
0.000000
 50
0.000000
  1
# 471
  0
POINT
  8
2
 10
40.800509
 20
-67.824092
  0
TEXT
  8
2
 10
40.800509
 20
-67.824092
 40
0.000000
 50
0.000000
  1
# 472
  0
POLYLINE
  8
8
  66
1
  70
0
  0
VERTEX
  8
8
  10
-42.357869
  20
-125.935631
  0
VERTEX
  8
8
  10
-41.072302
  20
-58.670421
  0
SEQEND
  8
8
  0
POINT
  8
2
 10
-42.357869
 20
-125.935631
  0
TEXT
  8
2
 10
-42.357869
 20
-125.935631
 40
0.000000
 50
0.000000
  1
# 473
  0
POINT
  8
2
 10
-41.072302
 20
-58.670421
  0
TEXT
  8
2
 10
-41.072302
 20
-58.670421
 40
0.000000
 50
0.000000
  1
# 474
  0
POLYLINE
  8
8
  66
1
  70
0
  0
VERTEX
  8
8
  10
-42.357869
  20
-125.935631
  0
VERTEX
  8
8
  10
-34.833310
  20
-58.577790
  0
SEQEND
  8
8
  0
POINT
  8
2
 10
-42.357869
 20
-125.935631
  0
TEXT
  8
2
 10
-42.357869
 20
-125.935631
 40
0.000000
 50
0.000000
  1
# 475
  0
POINT
  8
2
 10
-34.833310
 20
-58.577790
  0
TEXT
  8
2
 10
-34.833310
 20
-58.577790
 40
0.000000
 50
0.000000
  1
# 476
  0
POLYLINE
  8
8
  66
1
  70
0
  0
VERTEX
  8
8
  10
-32.845523
  20
-79.812889
  0
VERTEX
  8
8
  10
-41.972194
  20
-105.756063
  0
VERTEX
  8
8
  10
-34.814544
  20
-93.697147
  0
SEQEND
  8
8
  0
POINT
  8
2
 10
-32.845523
 20
-79.812889
  0
TEXT
  8
2
 10
-32.845523
 20
-79.812889
 40
0.000000
 50
0.000000
  1
# 477
  0
POINT
  8
2
 10
-34.814544
 20
-93.697147
  0
TEXT
  8
2
 10
-34.814544
 20
-93.697147
 40
0.000000
 50
0.000000
  1
# 478
  0
POLYLINE
  8
8
  66
1
  70
0
  0
VERTEX
  8
8
  10
27.208695
  20
-133.713417
  0
VERTEX
  8
8
  10
34.740765
  20
-66.357079
  0
SEQEND
  8
8
  0
POINT
  8
2
 10
27.208695
 20
-133.713417
  0
TEXT
  8
2
 10
27.208695
 20
-133.713417
 40
0.000000
 50
0.000000
  1
# 479
  0
POINT
  8
2
 10
34.740765
 20
-66.357079
  0
TEXT
  8
2
 10
34.740765
 20
-66.357079
 40
0.000000
 50
0.000000
  1
# 480
  0
POLYLINE
  8
8
  66
1
  70
0
  0
VERTEX
  8
8
  10
28.117273
  20
-86.628733
  0
VERTEX
  8
8
  10
31.286240
  20
-113.946619
  0
VERTEX
  8
8
  10
32.433543
  20
-99.970779
  0
SEQEND
  8
8
  0
POINT
  8
2
 10
28.117273
 20
-86.628733
  0
TEXT
  8
2
 10
28.117273
 20
-86.628733
 40
0.000000
 50
0.000000
  1
# 481
  0
POINT
  8
2
 10
32.433543
 20
-99.970779
  0
TEXT
  8
2
 10
32.433543
 20
-99.970779
 40
0.000000
 50
0.000000
  1
# 482
  0
POLYLINE
  8
8
  66
1
  70
0
  0
VERTEX
  8
8
  10
51.379290
  20
-179.974842
  0
VERTEX
  8
8
  10
-68.527865
  20
-175.255756
  0
SEQEND
  8
8
  0
POINT
  8
2
 10
51.379290
 20
-179.974842
  0
TEXT
  8
2
 10
51.379290
 20
-179.974842
 40
0.000000
 50
0.000000
  1
# 483
  0
POINT
  8
2
 10
-68.527865
 20
-175.255756
  0
TEXT
  8
2
 10
-68.527865
 20
-175.255756
 40
0.000000
 50
0.000000
  1
# 484
  0
POLYLINE
  8
8
  66
1
  70
0
  0
VERTEX
  8
8
  10
66.957579
  20
-165.576324
  0
VERTEX
  8
8
  10
51.379290
  20
-179.974842
  0
SEQEND
  8
8
  0
POINT
  8
2
 10
66.957579
 20
-165.576324
  0
TEXT
  8
2
 10
66.957579
 20
-165.576324
 40
0.000000
 50
0.000000
  1
# 485
  0
POINT
  8
2
 10
51.379290
 20
-179.974842
  0
TEXT
  8
2
 10
51.379290
 20
-179.974842
 40
0.000000
 50
0.000000
  1
# 486
  0
POLYLINE
  8
8
  66
1
  70
0
  0
VERTEX
  8
8
  10
70.725694
  20
-120.689793
  0
VERTEX
  8
8
  10
66.957579
  20
-165.576324
  0
SEQEND
  8
8
  0
POINT
  8
2
 10
70.725694
 20
-120.689793
  0
TEXT
  8
2
 10
70.725694
 20
-120.689793
 40
0.000000
 50
0.000000
  1
# 487
  0
POINT
  8
2
 10
66.957579
 20
-165.576324
  0
TEXT
  8
2
 10
66.957579
 20
-165.576324
 40
0.000000
 50
0.000000
  1
# 488
  0
POLYLINE
  8
8
  66
1
  70
0
  0
VERTEX
  8
8
  10
-82.926378
  20
-159.677448
  0
VERTEX
  8
8
  10
-83.155165
  20
-114.633617
  0
SEQEND
  8
8
  0
POINT
  8
2
 10
-82.926378
 20
-159.677448
  0
TEXT
  8
2
 10
-82.926378
 20
-159.677448
 40
0.000000
 50
0.000000
  1
# 489
  0
POINT
  8
2
 10
-83.155165
 20
-114.633617
  0
TEXT
  8
2
 10
-83.155165
 20
-114.633617
 40
0.000000
 50
0.000000
  1
# 490
  0
POLYLINE
  8
8
  66
1
  70
0
  0
VERTEX
  8
8
  10
-82.926378
  20
-159.677448
  0
VERTEX
  8
8
  10
-68.527865
  20
-175.255756
  0
SEQEND
  8
8
  0
POINT
  8
2
 10
-82.926378
 20
-159.677448
  0
TEXT
  8
2
 10
-82.926378
 20
-159.677448
 40
0.000000
 50
0.000000
  1
# 491
  0
POINT
  8
2
 10
-68.527865
 20
-175.255756
  0
TEXT
  8
2
 10
-68.527865
 20
-175.255756
 40
0.000000
 50
0.000000
  1
# 492
  0
POLYLINE
  8
8
  66
1
  70
0
  0
VERTEX
  8
8
  10
-6.214742
  20
-117.661705
  0
VERTEX
  8
8
  10
-8.574293
  20
-177.615299
  0
SEQEND
  8
8
  0
POINT
  8
2
 10
-6.214742
 20
-117.661705
  0
TEXT
  8
2
 10
-6.214742
 20
-117.661705
 40
0.000000
 50
0.000000
  1
# 493
  0
POINT
  8
2
 10
-8.574293
 20
-177.615299
  0
TEXT
  8
2
 10
-8.574293
 20
-177.615299
 40
0.000000
 50
0.000000
  1
# 494
  0
POLYLINE
  8
8
  66
1
  70
0
  0
VERTEX
  8
8
  10
52.380915
  20
-165.431900
  0
VERTEX
  8
8
  10
42.199631
  20
-154.416380
  0
SEQEND
  8
8
  0
POINT
  8
2
 10
52.380915
 20
-165.431900
  0
TEXT
  8
2
 10
52.380915
 20
-165.431900
 40
0.000000
 50
0.000000
  1
# 495
  0
POINT
  8
2
 10
42.199631
 20
-154.416380
  0
TEXT
  8
2
 10
42.199631
 20
-154.416380
 40
0.000000
 50
0.000000
  1
# 496
  0
POLYLINE
  8
8
  66
1
  70
0
  0
VERTEX
  8
8
  10
-68.383436
  20
-160.679054
  0
VERTEX
  8
8
  10
-57.367926
  20
-150.497780
  0
SEQEND
  8
8
  0
POINT
  8
2
 10
-68.383436
 20
-160.679054
  0
TEXT
  8
2
 10
-68.383436
 20
-160.679054
 40
0.000000
 50
0.000000
  1
# 497
  0
POINT
  8
2
 10
-57.367926
 20
-150.497780
  0
TEXT
  8
2
 10
-57.367926
 20
-150.497780
 40
0.000000
 50
0.000000
  1
# 498
  0
POLYLINE
  8
8
  66
1
  70
0
  0
VERTEX
  8
8
  10
64.730334
  20
-120.453844
  0
VERTEX
  8
8
  10
64.332173
  20
-130.570625
  0
VERTEX
  8
8
  10
64.258447
  20
-132.443924
  0
SEQEND
  8
8
  0
POINT
  8
2
 10
64.730334
 20
-120.453844
  0
TEXT
  8
2
 10
64.730334
 20
-120.453844
 40
0.000000
 50
0.000000
  1
# 499
  0
POINT
  8
2
 10
64.258447
 20
-132.443924
  0
TEXT
  8
2
 10
64.258447
 20
-132.443924
 40
0.000000
 50
0.000000
  1
# 500
  0
POINT
  8
3
 10
64.332173
 20
-130.570625
  0
POLYLINE
  8
8
  66
1
  70
0
  0
VERTEX
  8
8
  10
-77.159810
  20
-114.869566
  0
VERTEX
  8
8
  10
-77.631712
  20
-126.860294
  0
SEQEND
  8
8
  0
POINT
  8
2
 10
-77.159810
 20
-114.869566
  0
TEXT
  8
2
 10
-77.159810
 20
-114.869566
 40
0.000000
 50
0.000000
  1
# 501
  0
POINT
  8
2
 10
-77.631712
 20
-126.860294
  0
TEXT
  8
2
 10
-77.631712
 20
-126.860294
 40
0.000000
 50
0.000000
  1
# 502
  0
POLYLINE
  8
8
  66
1
  70
0
  0
VERTEX
  8
8
  10
-77.631688
  20
-126.859655
  0
VERTEX
  8
8
  10
64.258447
  20
-132.443924
  0
SEQEND
  8
8
  0
POINT
  8
2
 10
-77.631688
 20
-126.859655
  0
TEXT
  8
2
 10
-77.631688
 20
-126.859655
 40
0.000000
 50
0.000000
  1
# 503
  0
POINT
  8
2
 10
64.258447
 20
-132.443924
  0
TEXT
  8
2
 10
64.258447
 20
-132.443924
 40
0.000000
 50
0.000000
  1
# 504
 0
LINE
 8
7
 10
-91.396627
 20
-600.115547
 11
-91.396646
 21
-413.022346
  0
TEXT
  8
1
 10
-78.647265
 20
-354.325862
 40
10.000000
 50
0.000000
  1
Piece Name: 26SMC-WP313M 展_后_175/92
  0
TEXT
  8
1
 10
-78.647265
 20
-339.325862
 40
10.000000
 50
0.000000
  1
Size: 175/92
  0
TEXT
  8
1
 10
-78.647265
 20
-324.325862
 40
10.000000
 50
0.000000
  1
Annotation: 
  0
TEXT
  8
1
 10
-78.647265
 20
-309.325862
 40
10.000000
 50
0.000000
  1
Quantity: 1
  0
TEXT
  8
1
 10
-78.647265
 20
-294.325862
 40
10.000000
 50
0.000000
  1
Material: 原
  0
TEXT
  8
1
 10
-78.647265
 20
-294.325862
 40
10.000000
 50
0.000000
  1
Category: 9
0
ENDBLK
0
BLOCK
  8
1
  2
26SMC-WP313M 展_前_175/92
 70
0
 10
0.0
 20
0.0
  0
POLYLINE
  8
1
  66
1
  70
1
  0
VERTEX
  8
1
  10
-719.992371
  20
-676.682434
  0
VERTEX
  8
1
  10
-720.137329
  20
-669.661636
  0
VERTEX
  8
1
  10
-720.385056
  20
-659.567490
  0
VERTEX
  8
1
  10
-720.670471
  20
-649.529648
  0
VERTEX
  8
1
  10
-720.982590
  20
-639.714165
  0
VERTEX
  8
1
  10
-720.986099
  20
-639.603081
  0
VERTEX
  8
1
  10
-721.408997
  20
-629.680519
  0
VERTEX
  8
1
  10
-721.870422
  20
-619.649200
  0
VERTEX
  8
1
  10
-722.373428
  20
-609.564590
  0
VERTEX
  8
1
  10
-722.915878
  20
-599.481239
  0
VERTEX
  8
1
  10
-723.498001
  20
-589.399414
  0
VERTEX
  8
1
  10
-724.119949
  20
-579.319382
  0
VERTEX
  8
1
  10
-724.781799
  20
-569.241371
  0
VERTEX
  8
1
  10
-725.483856
  20
-559.165726
  0
VERTEX
  8
1
  10
-726.226196
  20
-549.092674
  0
VERTEX
  8
1
  10
-727.009048
  20
-539.022484
  0
VERTEX
  8
1
  10
-727.832565
  20
-528.955421
  0
VERTEX
  8
1
  10
-728.696899
  20
-518.891754
  0
VERTEX
  8
1
  10
-729.602280
  20
-508.831787
  0
VERTEX
  8
1
  10
-730.548782
  20
-498.775711
  0
VERTEX
  8
1
  10
-731.536636
  20
-488.723869
  0
VERTEX
  8
1
  10
-732.565994
  20
-478.676529
  0
VERTEX
  8
1
  10
-733.637085
  20
-468.633881
  0
VERTEX
  8
1
  10
-734.750061
  20
-458.596268
  0
VERTEX
  8
1
  10
-735.905075
  20
-448.563957
  0
VERTEX
  8
1
  10
-737.102203
  20
-438.537178
  0
VERTEX
  8
1
  10
-738.341827
  20
-428.516235
  0
VERTEX
  8
1
  10
-739.623947
  20
-418.501358
  0
VERTEX
  8
1
  10
-740.948792
  20
-408.492851
  0
VERTEX
  8
1
  10
-742.316513
  20
-398.490944
  0
VERTEX
  8
1
  10
-743.727341
  20
-388.495941
  0
VERTEX
  8
1
  10
-745.181427
  20
-378.508110
  0
VERTEX
  8
1
  10
-746.678848
  20
-368.527679
  0
VERTEX
  8
1
  10
-748.345337
  20
-357.755280
  0
VERTEX
  8
1
  10
-750.000687
  20
-347.332001
  0
VERTEX
  8
1
  10
-751.762085
  20
-336.439133
  0
VERTEX
  8
1
  10
-753.319397
  20
-326.763344
  0
VERTEX
  8
1
  10
-746.211624
  20
-324.987526
  0
VERTEX
  8
1
  10
-743.049316
  20
-324.213219
  0
VERTEX
  8
1
  10
-741.589508
  20
-323.822517
  0
VERTEX
  8
1
  10
-740.149078
  20
-323.360672
  0
VERTEX
  8
1
  10
-738.887329
  20
-322.888680
  0
VERTEX
  8
1
  10
-737.672424
  20
-322.368164
  0
VERTEX
  8
1
  10
-736.517639
  20
-321.804771
  0
VERTEX
  8
1
  10
-735.320206
  20
-321.136856
  0
VERTEX
  8
1
  10
-734.408493
  20
-320.559692
  0
VERTEX
  8
1
  10
-733.438416
  20
-319.871635
  0
VERTEX
  8
1
  10
-732.507095
  20
-319.131813
  0
VERTEX
  8
1
  10
-731.610489
  20
-318.338394
  0
VERTEX
  8
1
  10
-730.745544
  20
-317.489548
  0
VERTEX
  8
1
  10
-729.910049
  20
-316.583595
  0
VERTEX
  8
1
  10
-729.014511
  20
-315.508461
  0
VERTEX
  8
1
  10
-728.152466
  20
-314.360027
  0
VERTEX
  8
1
  10
-727.323608
  20
-313.137951
  0
VERTEX
  8
1
  10
-726.528091
  20
-311.842632
  0
VERTEX
  8
1
  10
-725.766296
  20
-310.475254
  0
VERTEX
  8
1
  10
-724.967957
  20
-308.890152
  0
VERTEX
  8
1
  10
-724.211731
  20
-307.223434
  0
VERTEX
  8
1
  10
-723.498230
  20
-305.479126
  0
VERTEX
  8
1
  10
-722.768707
  20
-303.493099
  0
VERTEX
  8
1
  10
-722.090073
  20
-301.426620
  0
VERTEX
  8
1
  10
-721.411514
  20
-299.105053
  0
VERTEX
  8
1
  10
-720.790634
  20
-296.706085
  0
VERTEX
  8
1
  10
-720.184097
  20
-294.046497
  0
VERTEX
  8
1
  10
-719.602509
  20
-291.122189
  0
VERTEX
  8
1
  10
-719.054871
  20
-287.933159
  0
VERTEX
  8
1
  10
-718.548355
  20
-284.484329
  0
VERTEX
  8
1
  10
-718.087616
  20
-280.786228
  0
VERTEX
  8
1
  10
-717.634201
  20
-276.441288
  0
VERTEX
  8
1
  10
-717.188263
  20
-271.271935
  0
VERTEX
  8
1
  10
-716.649017
  20
-263.739796
  0
VERTEX
  8
1
  10
-716.161499
  20
-256.427631
  0
VERTEX
  8
1
  10
-720.618210
  20
-248.112793
  0
VERTEX
  8
1
  10
-710.627747
  20
-98.255806
  0
VERTEX
  8
1
  10
-695.701218
  20
-99.250813
  0
VERTEX
  8
1
  10
-688.579865
  20
-99.667873
  0
VERTEX
  8
1
  10
-680.653687
  20
-100.022182
  0
VERTEX
  8
1
  10
-672.297592
  20
-100.301771
  0
VERTEX
  8
1
  10
-663.617172
  20
-100.500107
  0
VERTEX
  8
1
  10
-655.161209
  20
-100.606890
  0
VERTEX
  8
1
  10
-645.993423
  20
-100.627460
  0
VERTEX
  8
1
  10
-637.634964
  20
-100.559216
  0
VERTEX
  8
1
  10
-628.872833
  20
-100.396624
  0
VERTEX
  8
1
  10
-619.762268
  20
-100.125456
  0
VERTEX
  8
1
  10
-610.358620
  20
-99.731541
  0
VERTEX
  8
1
  10
-602.338409
  20
-99.299355
  0
VERTEX
  8
1
  10
-598.992805
  20
-99.079695
  0
VERTEX
  8
1
  10
-594.185448
  20
-98.764057
  0
VERTEX
  8
1
  10
-585.932045
  20
-98.117647
  0
VERTEX
  8
1
  10
-577.610626
  20
-97.352161
  0
VERTEX
  8
1
  10
-570.926399
  20
-96.648779
  0
VERTEX
  8
1
  10
-564.236259
  20
-95.860224
  0
VERTEX
  8
1
  10
-557.547302
  20
-94.981613
  0
VERTEX
  8
1
  10
-550.885353
  20
-94.018259
  0
VERTEX
  8
1
  10
-542.644386
  20
-92.716103
  0
VERTEX
  8
1
  10
-534.575005
  20
-91.333504
  0
VERTEX
  8
1
  10
-526.757469
  20
-89.900999
  0
VERTEX
  8
1
  10
-517.821121
  20
-88.159199
  0
VERTEX
  8
1
  10
-509.499283
  20
-86.442547
  0
VERTEX
  8
1
  10
-500.749168
  20
-84.542284
  0
VERTEX
  8
1
  10
-492.277679
  20
-82.608833
  0
VERTEX
  8
1
  10
-485.080376
  20
-80.887775
  0
VERTEX
  8
1
  10
-478.502731
  20
-79.255781
  0
VERTEX
  8
1
  10
-469.594650
  20
-77.072773
  0
VERTEX
  8
1
  10
-467.584305
  20
-86.484165
  0
VERTEX
  8
1
  10
-465.804214
  20
-94.684572
  0
VERTEX
  8
1
  10
-464.033394
  20
-103.281975
  0
VERTEX
  8
1
  10
-462.194214
  20
-112.710905
  0
VERTEX
  8
1
  10
-460.327759
  20
-122.824688
  0
VERTEX
  8
1
  10
-458.974724
  20
-130.591183
  0
VERTEX
  8
1
  10
-458.544655
  20
-133.059664
  0
VERTEX
  8
1
  10
-456.916962
  20
-142.970190
  0
VERTEX
  8
1
  10
-455.283470
  20
-153.569107
  0
VERTEX
  8
1
  10
-453.875389
  20
-163.350163
  0
VERTEX
  8
1
  10
-452.510338
  20
-173.552971
  0
VERTEX
  8
1
  10
-451.391373
  20
-182.596817
  0
VERTEX
  8
1
  10
-450.334320
  20
-191.883736
  0
VERTEX
  8
1
  10
-449.353180
  20
-201.383057
  0
VERTEX
  8
1
  10
-448.462105
  20
-211.064129
  0
VERTEX
  8
1
  10
-447.675095
  20
-220.896358
  0
VERTEX
  8
1
  10
-447.108994
  20
-229.183407
  0
VERTEX
  8
1
  10
-446.633263
  20
-237.536755
  0
VERTEX
  8
1
  10
-446.256104
  20
-245.938892
  0
VERTEX
  8
1
  10
-445.996170
  20
-253.971386
  0
VERTEX
  8
1
  10
-445.832710
  20
-262.410984
  0
VERTEX
  8
1
  10
-445.774460
  20
-270.843945
  0
VERTEX
  8
1
  10
-445.811195
  20
-279.269733
  0
VERTEX
  8
1
  10
-445.966492
  20
-289.370403
  0
VERTEX
  8
1
  10
-446.186142
  20
-297.889805
  0
VERTEX
  8
1
  10
-446.226616
  20
-299.458961
  0
VERTEX
  8
1
  10
-446.574211
  20
-309.534531
  0
VERTEX
  8
1
  10
-446.992035
  20
-319.596176
  0
VERTEX
  8
1
  10
-447.462959
  20
-329.643021
  0
VERTEX
  8
1
  10
-447.969856
  20
-339.674110
  0
VERTEX
  8
1
  10
-448.495750
  20
-349.688530
  0
VERTEX
  8
1
  10
-449.023743
  20
-359.685287
  0
VERTEX
  8
1
  10
-449.543839
  20
-369.741440
  0
VERTEX
  8
1
  10
-450.047112
  20
-379.727287
  0
VERTEX
  8
1
  10
-450.537987
  20
-389.712257
  0
VERTEX
  8
1
  10
-451.017189
  20
-399.696388
  0
VERTEX
  8
1
  10
-451.485481
  20
-409.679756
  0
VERTEX
  8
1
  10
-451.943588
  20
-419.662552
  0
VERTEX
  8
1
  10
-452.392349
  20
-429.644775
  0
VERTEX
  8
1
  10
-452.832413
  20
-439.626617
  0
VERTEX
  8
1
  10
-453.335953
  20
-451.271667
  0
VERTEX
  8
1
  10
-453.829994
  20
-462.916527
  0
VERTEX
  8
1
  10
-454.315681
  20
-474.561234
  0
VERTEX
  8
1
  10
-454.794273
  20
-486.206055
  0
VERTEX
  8
1
  10
-455.266953
  20
-497.851105
  0
VERTEX
  8
1
  10
-455.734901
  20
-509.496574
  0
VERTEX
  8
1
  10
-456.199379
  20
-521.142578
  0
VERTEX
  8
1
  10
-456.661568
  20
-532.789383
  0
VERTEX
  8
1
  10
-457.057343
  20
-542.786369
  0
VERTEX
  8
1
  10
-457.122688
  20
-544.437027
  0
VERTEX
  8
1
  10
-457.583923
  20
-556.085777
  0
VERTEX
  8
1
  10
-458.046455
  20
-567.735748
  0
VERTEX
  8
1
  10
-458.511543
  20
-579.387131
  0
VERTEX
  8
1
  10
-458.980408
  20
-591.040039
  0
VERTEX
  8
1
  10
-459.454193
  20
-602.694740
  0
VERTEX
  8
1
  10
-459.934120
  20
-614.351273
  0
VERTEX
  8
1
  10
-460.421448
  20
-626.009903
  0
VERTEX
  8
1
  10
-460.840607
  20
-635.886841
  0
VERTEX
  8
1
  10
-460.999489
  20
-639.603043
  0
VERTEX
  8
1
  10
-461.002502
  20
-639.697876
  0
VERTEX
  8
1
  10
-461.117210
  20
-643.320770
  0
VERTEX
  8
1
  10
-461.433182
  20
-653.201599
  0
VERTEX
  8
1
  10
-461.813622
  20
-664.864197
  0
VERTEX
  8
1
  10
-462.201233
  20
-676.524200
  0
VERTEX
  8
1
  10
-462.205849
  20
-676.660538
  0
VERTEX
  8
1
  10
-483.328972
  20
-675.692139
  0
VERTEX
  8
1
  10
-493.325462
  20
-675.270386
  0
VERTEX
  8
1
  10
-503.898087
  20
-674.865265
  0
VERTEX
  8
1
  10
-514.557343
  20
-674.497604
  0
VERTEX
  8
1
  10
-524.637489
  20
-674.187698
  0
VERTEX
  8
1
  10
-535.357933
  20
-673.899841
  0
VERTEX
  8
1
  10
-545.705109
  20
-673.665314
  0
VERTEX
  8
1
  10
-556.375656
  20
-673.471222
  0
VERTEX
  8
1
  10
-566.349182
  20
-673.337708
  0
VERTEX
  8
1
  10
-576.420403
  20
-673.254700
  0
VERTEX
  8
1
  10
-586.517448
  20
-673.228378
  0
VERTEX
  8
1
  10
-590.965347
  20
-673.231201
  0
VERTEX
  8
1
  10
-602.567177
  20
-673.240967
  0
VERTEX
  8
1
  10
-612.651215
  20
-673.307419
  0
VERTEX
  8
1
  10
-622.662506
  20
-673.426743
  0
VERTEX
  8
1
  10
-632.517242
  20
-673.591080
  0
VERTEX
  8
1
  10
-642.991714
  20
-673.812485
  0
VERTEX
  8
1
  10
-653.073807
  20
-674.067612
  0
VERTEX
  8
1
  10
-663.429642
  20
-674.370193
  0
VERTEX
  8
1
  10
-673.772430
  20
-674.711533
  0
VERTEX
  8
1
  10
-683.735962
  20
-675.076675
  0
VERTEX
  8
1
  10
-693.881531
  20
-675.485764
  0
VERTEX
  8
1
  10
-703.753738
  20
-675.923615
  0
SEQEND
  8
1
  0
POINT
  8
2
 10
-719.992371
 20
-676.682434
  0
TEXT
  8
2
 10
-719.992371
 20
-676.682434
 40
0.000000
 50
0.000000
  1
# 505
  0
POINT
  8
2
 10
-720.986099
 20
-639.603081
  0
TEXT
  8
2
 10
-720.986099
 20
-639.603081
 40
0.000000
 50
0.000000
  1
# 506
  0
POINT
  8
2
 10
-753.319397
 20
-326.763344
  0
TEXT
  8
2
 10
-753.319397
 20
-326.763344
 40
0.000000
 50
0.000000
  1
# 507
  0
POINT
  8
2
 10
-716.161499
 20
-256.427631
  0
TEXT
  8
2
 10
-716.161499
 20
-256.427631
 40
0.000000
 50
0.000000
  1
# 508
  0
POINT
  8
2
 10
-720.618210
 20
-248.112793
  0
TEXT
  8
2
 10
-720.618210
 20
-248.112793
 40
0.000000
 50
0.000000
  1
# 509
  0
POINT
  8
2
 10
-710.627747
 20
-98.255806
  0
TEXT
  8
2
 10
-710.627747
 20
-98.255806
 40
0.000000
 50
0.000000
  1
# 510
  0
POINT
  8
2
 10
-695.701218
 20
-99.250813
  0
TEXT
  8
2
 10
-695.701218
 20
-99.250813
 40
0.000000
 50
0.000000
  1
# 511
  0
POINT
  8
2
 10
-469.594650
 20
-77.072773
  0
TEXT
  8
2
 10
-469.594650
 20
-77.072773
 40
0.000000
 50
0.000000
  1
# 512
  0
POINT
  8
2
 10
-460.999489
 20
-639.603043
  0
TEXT
  8
2
 10
-460.999489
 20
-639.603043
 40
0.000000
 50
0.000000
  1
# 513
  0
POINT
  8
2
 10
-462.205849
 20
-676.660538
  0
TEXT
  8
2
 10
-462.205849
 20
-676.660538
 40
0.000000
 50
0.000000
  1
# 514
  0
POINT
  8
2
 10
-590.965347
 20
-673.231201
  0
TEXT
  8
2
 10
-590.965347
 20
-673.231201
 40
0.000000
 50
0.000000
  1
# 515
  0
POINT
  8
3
 10
-720.137329
 20
-669.661636
  0
POINT
  8
3
 10
-720.385056
 20
-659.567490
  0
POINT
  8
3
 10
-720.670471
 20
-649.529648
  0
POINT
  8
3
 10
-720.982590
 20
-639.714165
  0
POINT
  8
3
 10
-721.408997
 20
-629.680519
  0
POINT
  8
3
 10
-721.870422
 20
-619.649200
  0
POINT
  8
3
 10
-722.373428
 20
-609.564590
  0
POINT
  8
3
 10
-722.915878
 20
-599.481239
  0
POINT
  8
3
 10
-723.498001
 20
-589.399414
  0
POINT
  8
3
 10
-724.119949
 20
-579.319382
  0
POINT
  8
3
 10
-724.781799
 20
-569.241371
  0
POINT
  8
3
 10
-725.483856
 20
-559.165726
  0
POINT
  8
3
 10
-726.226196
 20
-549.092674
  0
POINT
  8
3
 10
-727.009048
 20
-539.022484
  0
POINT
  8
3
 10
-727.832565
 20
-528.955421
  0
POINT
  8
3
 10
-728.696899
 20
-518.891754
  0
POINT
  8
3
 10
-729.602280
 20
-508.831787
  0
POINT
  8
3
 10
-730.548782
 20
-498.775711
  0
POINT
  8
3
 10
-731.536636
 20
-488.723869
  0
POINT
  8
3
 10
-732.565994
 20
-478.676529
  0
POINT
  8
3
 10
-733.637085
 20
-468.633881
  0
POINT
  8
3
 10
-734.750061
 20
-458.596268
  0
POINT
  8
3
 10
-735.905075
 20
-448.563957
  0
POINT
  8
3
 10
-737.102203
 20
-438.537178
  0
POINT
  8
3
 10
-738.341827
 20
-428.516235
  0
POINT
  8
3
 10
-739.623947
 20
-418.501358
  0
POINT
  8
3
 10
-740.948792
 20
-408.492851
  0
POINT
  8
3
 10
-742.316513
 20
-398.490944
  0
POINT
  8
3
 10
-743.727341
 20
-388.495941
  0
POINT
  8
3
 10
-745.181427
 20
-378.508110
  0
POINT
  8
3
 10
-746.678848
 20
-368.527679
  0
POINT
  8
3
 10
-748.345337
 20
-357.755280
  0
POINT
  8
3
 10
-750.000687
 20
-347.332001
  0
POINT
  8
3
 10
-751.762085
 20
-336.439133
  0
POINT
  8
3
 10
-746.211624
 20
-324.987526
  0
POINT
  8
3
 10
-743.049316
 20
-324.213219
  0
POINT
  8
3
 10
-741.589508
 20
-323.822517
  0
POINT
  8
3
 10
-740.149078
 20
-323.360672
  0
POINT
  8
3
 10
-738.887329
 20
-322.888680
  0
POINT
  8
3
 10
-737.672424
 20
-322.368164
  0
POINT
  8
3
 10
-736.517639
 20
-321.804771
  0
POINT
  8
3
 10
-735.320206
 20
-321.136856
  0
POINT
  8
3
 10
-734.408493
 20
-320.559692
  0
POINT
  8
3
 10
-733.438416
 20
-319.871635
  0
POINT
  8
3
 10
-732.507095
 20
-319.131813
  0
POINT
  8
3
 10
-731.610489
 20
-318.338394
  0
POINT
  8
3
 10
-730.745544
 20
-317.489548
  0
POINT
  8
3
 10
-729.910049
 20
-316.583595
  0
POINT
  8
3
 10
-729.014511
 20
-315.508461
  0
POINT
  8
3
 10
-728.152466
 20
-314.360027
  0
POINT
  8
3
 10
-727.323608
 20
-313.137951
  0
POINT
  8
3
 10
-726.528091
 20
-311.842632
  0
POINT
  8
3
 10
-725.766296
 20
-310.475254
  0
POINT
  8
3
 10
-724.967957
 20
-308.890152
  0
POINT
  8
3
 10
-724.211731
 20
-307.223434
  0
POINT
  8
3
 10
-723.498230
 20
-305.479126
  0
POINT
  8
3
 10
-722.768707
 20
-303.493099
  0
POINT
  8
3
 10
-722.090073
 20
-301.426620
  0
POINT
  8
3
 10
-721.411514
 20
-299.105053
  0
POINT
  8
3
 10
-720.790634
 20
-296.706085
  0
POINT
  8
3
 10
-720.184097
 20
-294.046497
  0
POINT
  8
3
 10
-719.602509
 20
-291.122189
  0
POINT
  8
3
 10
-719.054871
 20
-287.933159
  0
POINT
  8
3
 10
-718.548355
 20
-284.484329
  0
POINT
  8
3
 10
-718.087616
 20
-280.786228
  0
POINT
  8
3
 10
-717.634201
 20
-276.441288
  0
POINT
  8
3
 10
-717.188263
 20
-271.271935
  0
POINT
  8
3
 10
-716.649017
 20
-263.739796
  0
POINT
  8
3
 10
-688.579865
 20
-99.667873
  0
POINT
  8
3
 10
-680.653687
 20
-100.022182
  0
POINT
  8
3
 10
-672.297592
 20
-100.301771
  0
POINT
  8
3
 10
-663.617172
 20
-100.500107
  0
POINT
  8
3
 10
-655.161209
 20
-100.606890
  0
POINT
  8
3
 10
-645.993423
 20
-100.627460
  0
POINT
  8
3
 10
-637.634964
 20
-100.559216
  0
POINT
  8
3
 10
-628.872833
 20
-100.396624
  0
POINT
  8
3
 10
-619.762268
 20
-100.125456
  0
POINT
  8
3
 10
-610.358620
 20
-99.731541
  0
POINT
  8
3
 10
-602.338409
 20
-99.299355
  0
POINT
  8
3
 10
-598.992805
 20
-99.079695
  0
POINT
  8
3
 10
-594.185448
 20
-98.764057
  0
POINT
  8
3
 10
-585.932045
 20
-98.117647
  0
POINT
  8
3
 10
-577.610626
 20
-97.352161
  0
POINT
  8
3
 10
-570.926399
 20
-96.648779
  0
POINT
  8
3
 10
-564.236259
 20
-95.860224
  0
POINT
  8
3
 10
-557.547302
 20
-94.981613
  0
POINT
  8
3
 10
-550.885353
 20
-94.018259
  0
POINT
  8
3
 10
-542.644386
 20
-92.716103
  0
POINT
  8
3
 10
-534.575005
 20
-91.333504
  0
POINT
  8
3
 10
-526.757469
 20
-89.900999
  0
POINT
  8
3
 10
-517.821121
 20
-88.159199
  0
POINT
  8
3
 10
-509.499283
 20
-86.442547
  0
POINT
  8
3
 10
-500.749168
 20
-84.542284
  0
POINT
  8
3
 10
-492.277679
 20
-82.608833
  0
POINT
  8
3
 10
-485.080376
 20
-80.887775
  0
POINT
  8
3
 10
-478.502731
 20
-79.255781
  0
POINT
  8
3
 10
-467.584305
 20
-86.484165
  0
POINT
  8
3
 10
-465.804214
 20
-94.684572
  0
POINT
  8
3
 10
-464.033394
 20
-103.281975
  0
POINT
  8
3
 10
-462.194214
 20
-112.710905
  0
POINT
  8
3
 10
-460.327759
 20
-122.824688
  0
POINT
  8
3
 10
-458.974724
 20
-130.591183
  0
POINT
  8
3
 10
-458.544655
 20
-133.059664
  0
POINT
  8
3
 10
-456.916962
 20
-142.970190
  0
POINT
  8
3
 10
-455.283470
 20
-153.569107
  0
POINT
  8
3
 10
-453.875389
 20
-163.350163
  0
POINT
  8
3
 10
-452.510338
 20
-173.552971
  0
POINT
  8
3
 10
-451.391373
 20
-182.596817
  0
POINT
  8
3
 10
-450.334320
 20
-191.883736
  0
POINT
  8
3
 10
-449.353180
 20
-201.383057
  0
POINT
  8
3
 10
-448.462105
 20
-211.064129
  0
POINT
  8
3
 10
-447.675095
 20
-220.896358
  0
POINT
  8
3
 10
-447.108994
 20
-229.183407
  0
POINT
  8
3
 10
-446.633263
 20
-237.536755
  0
POINT
  8
3
 10
-446.256104
 20
-245.938892
  0
POINT
  8
3
 10
-445.996170
 20
-253.971386
  0
POINT
  8
3
 10
-445.832710
 20
-262.410984
  0
POINT
  8
3
 10
-445.774460
 20
-270.843945
  0
POINT
  8
3
 10
-445.811195
 20
-279.269733
  0
POINT
  8
3
 10
-445.966492
 20
-289.370403
  0
POINT
  8
3
 10
-446.186142
 20
-297.889805
  0
POINT
  8
3
 10
-446.226616
 20
-299.458961
  0
POINT
  8
3
 10
-446.574211
 20
-309.534531
  0
POINT
  8
3
 10
-446.992035
 20
-319.596176
  0
POINT
  8
3
 10
-447.462959
 20
-329.643021
  0
POINT
  8
3
 10
-447.969856
 20
-339.674110
  0
POINT
  8
3
 10
-448.495750
 20
-349.688530
  0
POINT
  8
3
 10
-449.023743
 20
-359.685287
  0
POINT
  8
3
 10
-449.543839
 20
-369.741440
  0
POINT
  8
3
 10
-450.047112
 20
-379.727287
  0
POINT
  8
3
 10
-450.537987
 20
-389.712257
  0
POINT
  8
3
 10
-451.017189
 20
-399.696388
  0
POINT
  8
3
 10
-451.485481
 20
-409.679756
  0
POINT
  8
3
 10
-451.943588
 20
-419.662552
  0
POINT
  8
3
 10
-452.392349
 20
-429.644775
  0
POINT
  8
3
 10
-452.832413
 20
-439.626617
  0
POINT
  8
3
 10
-453.335953
 20
-451.271667
  0
POINT
  8
3
 10
-453.829994
 20
-462.916527
  0
POINT
  8
3
 10
-454.315681
 20
-474.561234
  0
POINT
  8
3
 10
-454.794273
 20
-486.206055
  0
POINT
  8
3
 10
-455.266953
 20
-497.851105
  0
POINT
  8
3
 10
-455.734901
 20
-509.496574
  0
POINT
  8
3
 10
-456.199379
 20
-521.142578
  0
POINT
  8
3
 10
-456.661568
 20
-532.789383
  0
POINT
  8
3
 10
-457.057343
 20
-542.786369
  0
POINT
  8
3
 10
-457.122688
 20
-544.437027
  0
POINT
  8
3
 10
-457.583923
 20
-556.085777
  0
POINT
  8
3
 10
-458.046455
 20
-567.735748
  0
POINT
  8
3
 10
-458.511543
 20
-579.387131
  0
POINT
  8
3
 10
-458.980408
 20
-591.040039
  0
POINT
  8
3
 10
-459.454193
 20
-602.694740
  0
POINT
  8
3
 10
-459.934120
 20
-614.351273
  0
POINT
  8
3
 10
-460.421448
 20
-626.009903
  0
POINT
  8
3
 10
-460.840607
 20
-635.886841
  0
POINT
  8
3
 10
-461.002502
 20
-639.697876
  0
POINT
  8
3
 10
-461.117210
 20
-643.320770
  0
POINT
  8
3
 10
-461.433182
 20
-653.201599
  0
POINT
  8
3
 10
-461.813622
 20
-664.864197
  0
POINT
  8
3
 10
-462.201233
 20
-676.524200
  0
POINT
  8
3
 10
-483.328972
 20
-675.692139
  0
POINT
  8
3
 10
-493.325462
 20
-675.270386
  0
POINT
  8
3
 10
-503.898087
 20
-674.865265
  0
POINT
  8
3
 10
-514.557343
 20
-674.497604
  0
POINT
  8
3
 10
-524.637489
 20
-674.187698
  0
POINT
  8
3
 10
-535.357933
 20
-673.899841
  0
POINT
  8
3
 10
-545.705109
 20
-673.665314
  0
POINT
  8
3
 10
-556.375656
 20
-673.471222
  0
POINT
  8
3
 10
-566.349182
 20
-673.337708
  0
POINT
  8
3
 10
-576.420403
 20
-673.254700
  0
POINT
  8
3
 10
-586.517448
 20
-673.228378
  0
POINT
  8
3
 10
-602.567177
 20
-673.240967
  0
POINT
  8
3
 10
-612.651215
 20
-673.307419
  0
POINT
  8
3
 10
-622.662506
 20
-673.426743
  0
POINT
  8
3
 10
-632.517242
 20
-673.591080
  0
POINT
  8
3
 10
-642.991714
 20
-673.812485
  0
POINT
  8
3
 10
-653.073807
 20
-674.067612
  0
POINT
  8
3
 10
-663.429642
 20
-674.370193
  0
POINT
  8
3
 10
-673.772430
 20
-674.711533
  0
POINT
  8
3
 10
-683.735962
 20
-675.076675
  0
POINT
  8
3
 10
-693.881531
 20
-675.485764
  0
POINT
  8
3
 10
-703.753738
 20
-675.923615
  0
POINT
  8
4
 10
-720.982590
 20
-639.714165
 30
0.400000
 50
  2.78
  0
TEXT
  8
4
 10
-720.982590
 20
-639.714165
 40
0.000000
 50
0.000000
  1
# 516
  0
POINT
  8
4
 10
-598.992805
 20
-99.079695
 30
0.400000
 50
270.00
  0
TEXT
  8
4
 10
-598.992805
 20
-99.079695
 40
0.000000
 50
0.000000
  1
# 517
  0
POINT
  8
4
 10
-458.974724
 20
-130.591183
 30
0.400000
 50
184.79
  0
TEXT
  8
4
 10
-458.974724
 20
-130.591183
 40
0.000000
 50
0.000000
  1
# 518
  0
POINT
  8
4
 10
-446.186142
 20
-297.889805
 30
0.400000
 50
178.52
  0
TEXT
  8
4
 10
-446.186142
 20
-297.889805
 40
0.000000
 50
0.000000
  1
# 519
  0
POINT
  8
4
 10
-457.057343
 20
-542.786369
 30
0.400000
 50
177.73
  0
TEXT
  8
4
 10
-457.057343
 20
-542.786369
 40
0.000000
 50
0.000000
  1
# 520
  0
POINT
  8
4
 10
-461.002502
 20
-639.697876
 30
0.400000
 50
177.31
  0
TEXT
  8
4
 10
-461.002502
 20
-639.697876
 40
0.000000
 50
0.000000
  1
# 521
  0
POLYLINE
  8
14
  66
1
  70
1
  0
VERTEX
  8
14
  10
-710.992889
  20
-639.231262
  0
VERTEX
  8
14
  10
-710.992889
  20
-639.231262
  0
VERTEX
  8
14
  10
-711.418724
  20
-629.240356
  0
VERTEX
  8
14
  10
-711.881853
  20
-619.170481
  0
VERTEX
  8
14
  10
-712.386826
  20
-609.046920
  0
VERTEX
  8
14
  10
-712.931418
  20
-598.924442
  0
VERTEX
  8
14
  10
-713.515803
  20
-588.803314
  0
VERTEX
  8
14
  10
-714.140154
  20
-578.683823
  0
VERTEX
  8
14
  10
-714.804648
  20
-568.566199
  0
VERTEX
  8
14
  10
-715.509457
  20
-558.450729
  0
VERTEX
  8
14
  10
-716.254756
  20
-548.337699
  0
VERTEX
  8
14
  10
-717.040721
  20
-538.227339
  0
VERTEX
  8
14
  10
-717.867525
  20
-528.119936
  0
VERTEX
  8
14
  10
-718.735343
  20
-518.015759
  0
VERTEX
  8
14
  10
-719.644347
  20
-507.915092
  0
VERTEX
  8
14
  10
-720.594715
  20
-497.818168
  0
VERTEX
  8
14
  10
-721.586620
  20
-487.725271
  0
VERTEX
  8
14
  10
-722.620235
  20
-477.636680
  0
VERTEX
  8
14
  10
-723.695735
  20
-467.552653
  0
VERTEX
  8
14
  10
-724.813296
  20
-457.473448
  0
VERTEX
  8
14
  10
-725.973091
  20
-447.399353
  0
VERTEX
  8
14
  10
-727.175295
  20
-437.330615
  0
VERTEX
  8
14
  10
-728.420082
  20
-427.267521
  0
VERTEX
  8
14
  10
-729.707627
  20
-417.210321
  0
VERTEX
  8
14
  10
-731.038102
  20
-407.159301
  0
VERTEX
  8
14
  10
-732.411684
  20
-397.114716
  0
VERTEX
  8
14
  10
-733.828547
  20
-387.076836
  0
VERTEX
  8
14
  10
-735.288865
  20
-377.045930
  0
VERTEX
  8
14
  10
-736.792813
  20
-367.022267
  0
VERTEX
  8
14
  10
-738.466377
  20
-356.203889
  0
VERTEX
  8
14
  10
-740.126943
  20
-345.748176
  0
VERTEX
  8
14
  10
-741.992874
  20
-334.231262
  0
VERTEX
  8
14
  10
-740.693562
  20
-333.931784
  0
VERTEX
  8
14
  10
-738.771070
  20
-333.417134
  0
VERTEX
  8
14
  10
-736.859949
  20
-332.804255
  0
VERTEX
  8
14
  10
-735.167777
  20
-332.171205
  0
VERTEX
  8
14
  10
-733.512496
  20
-331.461850
  0
VERTEX
  8
14
  10
-731.904216
  20
-330.677014
  0
VERTEX
  8
14
  10
-730.184699
  20
-329.717465
  0
VERTEX
  8
14
  10
-728.849527
  20
-328.872215
  0
VERTEX
  8
14
  10
-727.432014
  20
-327.866832
  0
VERTEX
  8
14
  10
-726.079700
  20
-326.792661
  0
VERTEX
  8
14
  10
-724.790914
  20
-325.652304
  0
VERTEX
  8
14
  10
-723.563973
  20
-324.448352
  0
VERTEX
  8
14
  10
-722.397195
  20
-323.183400
  0
VERTEX
  8
14
  10
-721.169301
  20
-321.709517
  0
VERTEX
  8
14
  10
-720.011311
  20
-320.167092
  0
VERTEX
  8
14
  10
-718.920921
  20
-318.559688
  0
VERTEX
  8
14
  10
-717.895828
  20
-316.890864
  0
VERTEX
  8
14
  10
-716.933729
  20
-315.164181
  0
VERTEX
  8
14
  10
-715.945429
  20
-313.202251
  0
VERTEX
  8
14
  10
-715.027500
  20
-311.179360
  0
VERTEX
  8
14
  10
-714.176875
  20
-309.100246
  0
VERTEX
  8
14
  10
-713.322081
  20
-306.773568
  0
VERTEX
  8
14
  10
-712.539757
  20
-304.391774
  0
VERTEX
  8
14
  10
-711.769405
  20
-301.756434
  0
VERTEX
  8
14
  10
-711.074376
  20
-299.071458
  0
VERTEX
  8
14
  10
-710.404313
  20
-296.133396
  0
VERTEX
  8
14
  10
-709.769637
  20
-292.942759
  0
VERTEX
  8
14
  10
-709.178999
  20
-289.503941
  0
VERTEX
  8
14
  10
-708.638779
  20
-285.826070
  0
VERTEX
  8
14
  10
-708.152521
  20
-281.923816
  0
VERTEX
  8
14
  10
-707.679077
  20
-277.387964
  0
VERTEX
  8
14
  10
-707.218991
  20
-272.055372
  0
VERTEX
  8
14
  10
-706.671514
  20
-264.410237
  0
VERTEX
  8
14
  10
-705.992813
  20
-254.231262
  0
VERTEX
  8
14
  10
-710.449600
  20
-245.916367
  0
VERTEX
  8
14
  10
-701.315079
  20
-108.898783
  0
VERTEX
  8
14
  10
-696.326141
  20
-109.231348
  0
VERTEX
  8
14
  10
-689.088277
  20
-109.654938
  0
VERTEX
  8
14
  10
-681.042899
  20
-110.014609
  0
VERTEX
  8
14
  10
-672.578851
  20
-110.297816
  0
VERTEX
  8
14
  10
-663.793412
  20
-110.498551
  0
VERTEX
  8
14
  10
-655.237642
  20
-110.606596
  0
VERTEX
  8
14
  10
-645.961675
  20
-110.627408
  0
VERTEX
  8
14
  10
-637.503068
  20
-110.558347
  0
VERTEX
  8
14
  10
-628.633117
  20
-110.393753
  0
VERTEX
  8
14
  10
-619.406179
  20
-110.119113
  0
VERTEX
  8
14
  10
-609.876603
  20
-109.719914
  0
VERTEX
  8
14
  10
-601.743332
  20
-109.281630
  0
VERTEX
  8
14
  10
-598.992805
  20
-109.068813
  0
VERTEX
  8
14
  10
-593.469116
  20
-108.738371
  0
VERTEX
  8
14
  10
-585.085402
  20
-108.081739
  0
VERTEX
  8
14
  10
-576.623647
  20
-107.303334
  0
VERTEX
  8
14
  10
-569.819170
  20
-106.587289
  0
VERTEX
  8
14
  10
-563.001004
  20
-105.783636
  0
VERTEX
  8
14
  10
-556.178422
  20
-104.887479
  0
VERTEX
  8
14
  10
-549.394014
  20
-103.906430
  0
VERTEX
  8
14
  10
-541.016805
  20
-102.582766
  0
VERTEX
  8
14
  10
-532.826940
  20
-101.179535
  0
VERTEX
  8
14
  10
-524.902115
  20
-99.727373
  0
VERTEX
  8
14
  10
-515.851585
  20
-97.963324
  0
VERTEX
  8
14
  10
-507.428925
  20
-96.225880
  0
VERTEX
  8
14
  10
-498.575171
  20
-94.303112
  0
VERTEX
  8
14
  10
-490.000390
  20
-92.346083
  0
VERTEX
  8
14
  10
-482.702576
  20
-90.600966
  0
VERTEX
  8
14
  10
-477.237167
  20
-89.231348
  0
VERTEX
  8
14
  10
-475.586942
  20
-96.757845
  0
VERTEX
  8
14
  10
-473.838330
  20
-105.247563
  0
VERTEX
  8
14
  10
-472.018753
  20
-114.576035
  0
VERTEX
  8
14
  10
-470.170722
  20
-124.589987
  0
VERTEX
  8
14
  10
-469.012413
  20
-131.431494
  0
VERTEX
  8
14
  10
-468.404641
  20
-134.727253
  0
VERTEX
  8
14
  10
-466.792367
  20
-144.543895
  0
VERTEX
  8
14
  10
-465.174482
  20
-155.041516
  0
VERTEX
  8
14
  10
-463.780128
  20
-164.727165
  0
VERTEX
  8
14
  10
-462.428771
  20
-174.827575
  0
VERTEX
  8
14
  10
-461.321416
  20
-183.777470
  0
VERTEX
  8
14
  10
-460.275762
  20
-192.964203
  0
VERTEX
  8
14
  10
-459.305708
  20
-202.356444
  0
VERTEX
  8
14
  10
-458.425151
  20
-211.922880
  0
VERTEX
  8
14
  10
-457.647992
  20
-221.632143
  0
VERTEX
  8
14
  10
-457.089370
  20
-229.809707
  0
VERTEX
  8
14
  10
-456.620245
  20
-238.046579
  0
VERTEX
  8
14
  10
-456.248660
  20
-246.324649
  0
VERTEX
  8
14
  10
-455.992785
  20
-254.231245
  0
VERTEX
  8
14
  10
-455.831865
  20
-262.540361
  0
VERTEX
  8
14
  10
-455.774437
  20
-270.854691
  0
VERTEX
  8
14
  10
-455.810747
  20
-279.173692
  0
VERTEX
  8
14
  10
-455.964323
  20
-289.161821
  0
VERTEX
  8
14
  10
-456.176682
  20
-297.632217
  0
VERTEX
  8
14
  10
-456.221985
  20
-299.154866
  0
VERTEX
  8
14
  10
-456.566881
  20
-309.151855
  0
VERTEX
  8
14
  10
-456.982159
  20
-319.151816
  0
VERTEX
  8
14
  10
-457.450966
  20
-329.153797
  0
VERTEX
  8
14
  10
-457.956448
  20
-339.156768
  0
VERTEX
  8
14
  10
-458.481754
  20
-349.159833
  0
VERTEX
  8
14
  10
-459.010028
  20
-359.161946
  0
VERTEX
  8
14
  10
-459.530832
  20
-369.231635
  0
VERTEX
  8
14
  10
-460.034765
  20
-379.230233
  0
VERTEX
  8
14
  10
-460.526221
  20
-389.227183
  0
VERTEX
  8
14
  10
-461.005957
  20
-399.222551
  0
VERTEX
  8
14
  10
-461.474732
  20
-409.216403
  0
VERTEX
  8
14
  10
-461.933310
  20
-419.208919
  0
VERTEX
  8
14
  10
-462.382446
  20
-429.200127
  0
VERTEX
  8
14
  10
-462.822904
  20
-439.190207
  0
VERTEX
  8
14
  10
-463.326815
  20
-450.843927
  0
VERTEX
  8
14
  10
-463.821154
  20
-462.496404
  0
VERTEX
  8
14
  10
-464.307126
  20
-474.147728
  0
VERTEX
  8
14
  10
-464.785941
  20
-485.798139
  0
VERTEX
  8
14
  10
-465.258802
  20
-497.447727
  0
VERTEX
  8
14
  10
-465.726919
  20
-509.096732
  0
VERTEX
  8
14
  10
-466.191496
  20
-520.745244
  0
VERTEX
  8
14
  10
-466.653742
  20
-532.393505
  0
VERTEX
  8
14
  10
-467.049522
  20
-542.390785
  0
VERTEX
  8
14
  10
-467.114862
  20
-544.041602
  0
VERTEX
  8
14
  10
-467.576065
  20
-555.689777
  0
VERTEX
  8
14
  10
-468.038556
  20
-567.338120
  0
VERTEX
  8
14
  10
-468.503543
  20
-578.986871
  0
VERTEX
  8
14
  10
-468.972230
  20
-590.636119
  0
VERTEX
  8
14
  10
-469.445828
  20
-602.286105
  0
VERTEX
  8
14
  10
-469.925541
  20
-613.936919
  0
VERTEX
  8
14
  10
-470.412577
  20
-625.588802
  0
VERTEX
  8
14
  10
-470.831513
  20
-635.460443
  0
VERTEX
  8
14
  10
-470.992737
  20
-639.231224
  0
VERTEX
  8
14
  10
-470.992737
  20
-639.231224
  0
VERTEX
  8
14
  10
-481.694093
  20
-638.728275
  0
VERTEX
  8
14
  10
-491.837355
  20
-638.300322
  0
VERTEX
  8
14
  10
-502.551994
  20
-637.889792
  0
VERTEX
  8
14
  10
-513.352398
  20
-637.517212
  0
VERTEX
  8
14
  10
-523.569139
  20
-637.203094
  0
VERTEX
  8
14
  10
-534.441848
  20
-636.911206
  0
VERTEX
  8
14
  10
-544.945885
  20
-636.673076
  0
VERTEX
  8
14
  10
-555.791827
  20
-636.475820
  0
VERTEX
  8
14
  10
-565.945348
  20
-636.339899
  0
VERTEX
  8
14
  10
-576.218401
  20
-636.255277
  0
VERTEX
  8
14
  10
-586.510651
  20
-636.228358
  0
VERTEX
  8
14
  10
-590.992775
  20
-636.231232
  0
VERTEX
  8
14
  10
-602.704420
  20
-636.241220
  0
VERTEX
  8
14
  10
-612.997526
  20
-636.309042
  0
VERTEX
  8
14
  10
-623.194931
  20
-636.430572
  0
VERTEX
  8
14
  10
-633.216395
  20
-636.597704
  0
VERTEX
  8
14
  10
-643.853967
  20
-636.822507
  0
VERTEX
  8
14
  10
-654.082493
  20
-637.081400
  0
VERTEX
  8
14
  10
-664.580986
  20
-637.388127
  0
VERTEX
  8
14
  10
-675.061551
  20
-637.734021
  0
VERTEX
  8
14
  10
-685.157181
  20
-638.103991
  0
VERTEX
  8
14
  10
-695.443543
  20
-638.518746
  0
VERTEX
  8
14
  10
-705.478710
  20
-638.963845
  0
SEQEND
  8
14
  0
POINT
  8
2
 10
-710.992889
 20
-639.231262
  0
TEXT
  8
2
 10
-710.992889
 20
-639.231262
 40
0.000000
 50
0.000000
  1
# 522
  0
POINT
  8
2
 10
-741.992874
 20
-334.231262
  0
TEXT
  8
2
 10
-741.992874
 20
-334.231262
 40
0.000000
 50
0.000000
  1
# 523
  0
POINT
  8
2
 10
-705.992813
 20
-254.231262
  0
TEXT
  8
2
 10
-705.992813
 20
-254.231262
 40
0.000000
 50
0.000000
  1
# 524
  0
POINT
  8
2
 10
-710.449600
 20
-245.916367
  0
TEXT
  8
2
 10
-710.449600
 20
-245.916367
 40
0.000000
 50
0.000000
  1
# 525
  0
POINT
  8
2
 10
-701.315079
 20
-108.898783
  0
TEXT
  8
2
 10
-701.315079
 20
-108.898783
 40
0.000000
 50
0.000000
  1
# 526
  0
POINT
  8
2
 10
-696.326141
 20
-109.231348
  0
TEXT
  8
2
 10
-696.326141
 20
-109.231348
 40
0.000000
 50
0.000000
  1
# 527
  0
POINT
  8
2
 10
-477.237167
 20
-89.231348
  0
TEXT
  8
2
 10
-477.237167
 20
-89.231348
 40
0.000000
 50
0.000000
  1
# 528
  0
POINT
  8
2
 10
-470.992737
 20
-639.231224
  0
TEXT
  8
2
 10
-470.992737
 20
-639.231224
 40
0.000000
 50
0.000000
  1
# 529
  0
POINT
  8
2
 10
-590.992775
 20
-636.231232
  0
TEXT
  8
2
 10
-590.992775
 20
-636.231232
 40
0.000000
 50
0.000000
  1
# 530
  0
POINT
  8
3
 10
-710.992889
 20
-639.231262
  0
POINT
  8
3
 10
-711.418724
 20
-629.240356
  0
POINT
  8
3
 10
-711.881853
 20
-619.170481
  0
POINT
  8
3
 10
-712.386826
 20
-609.046920
  0
POINT
  8
3
 10
-712.931418
 20
-598.924442
  0
POINT
  8
3
 10
-713.515803
 20
-588.803314
  0
POINT
  8
3
 10
-714.140154
 20
-578.683823
  0
POINT
  8
3
 10
-714.804648
 20
-568.566199
  0
POINT
  8
3
 10
-715.509457
 20
-558.450729
  0
POINT
  8
3
 10
-716.254756
 20
-548.337699
  0
POINT
  8
3
 10
-717.040721
 20
-538.227339
  0
POINT
  8
3
 10
-717.867525
 20
-528.119936
  0
POINT
  8
3
 10
-718.735343
 20
-518.015759
  0
POINT
  8
3
 10
-719.644347
 20
-507.915092
  0
POINT
  8
3
 10
-720.594715
 20
-497.818168
  0
POINT
  8
3
 10
-721.586620
 20
-487.725271
  0
POINT
  8
3
 10
-722.620235
 20
-477.636680
  0
POINT
  8
3
 10
-723.695735
 20
-467.552653
  0
POINT
  8
3
 10
-724.813296
 20
-457.473448
  0
POINT
  8
3
 10
-725.973091
 20
-447.399353
  0
POINT
  8
3
 10
-727.175295
 20
-437.330615
  0
POINT
  8
3
 10
-728.420082
 20
-427.267521
  0
POINT
  8
3
 10
-729.707627
 20
-417.210321
  0
POINT
  8
3
 10
-731.038102
 20
-407.159301
  0
POINT
  8
3
 10
-732.411684
 20
-397.114716
  0
POINT
  8
3
 10
-733.828547
 20
-387.076836
  0
POINT
  8
3
 10
-735.288865
 20
-377.045930
  0
POINT
  8
3
 10
-736.792813
 20
-367.022267
  0
POINT
  8
3
 10
-738.466377
 20
-356.203889
  0
POINT
  8
3
 10
-740.126943
 20
-345.748176
  0
POINT
  8
3
 10
-740.693562
 20
-333.931784
  0
POINT
  8
3
 10
-738.771070
 20
-333.417134
  0
POINT
  8
3
 10
-736.859949
 20
-332.804255
  0
POINT
  8
3
 10
-735.167777
 20
-332.171205
  0
POINT
  8
3
 10
-733.512496
 20
-331.461850
  0
POINT
  8
3
 10
-731.904216
 20
-330.677014
  0
POINT
  8
3
 10
-730.184699
 20
-329.717465
  0
POINT
  8
3
 10
-728.849527
 20
-328.872215
  0
POINT
  8
3
 10
-727.432014
 20
-327.866832
  0
POINT
  8
3
 10
-726.079700
 20
-326.792661
  0
POINT
  8
3
 10
-724.790914
 20
-325.652304
  0
POINT
  8
3
 10
-723.563973
 20
-324.448352
  0
POINT
  8
3
 10
-722.397195
 20
-323.183400
  0
POINT
  8
3
 10
-721.169301
 20
-321.709517
  0
POINT
  8
3
 10
-720.011311
 20
-320.167092
  0
POINT
  8
3
 10
-718.920921
 20
-318.559688
  0
POINT
  8
3
 10
-717.895828
 20
-316.890864
  0
POINT
  8
3
 10
-716.933729
 20
-315.164181
  0
POINT
  8
3
 10
-715.945429
 20
-313.202251
  0
POINT
  8
3
 10
-715.027500
 20
-311.179360
  0
POINT
  8
3
 10
-714.176875
 20
-309.100246
  0
POINT
  8
3
 10
-713.322081
 20
-306.773568
  0
POINT
  8
3
 10
-712.539757
 20
-304.391774
  0
POINT
  8
3
 10
-711.769405
 20
-301.756434
  0
POINT
  8
3
 10
-711.074376
 20
-299.071458
  0
POINT
  8
3
 10
-710.404313
 20
-296.133396
  0
POINT
  8
3
 10
-709.769637
 20
-292.942759
  0
POINT
  8
3
 10
-709.178999
 20
-289.503941
  0
POINT
  8
3
 10
-708.638779
 20
-285.826070
  0
POINT
  8
3
 10
-708.152521
 20
-281.923816
  0
POINT
  8
3
 10
-707.679077
 20
-277.387964
  0
POINT
  8
3
 10
-707.218991
 20
-272.055372
  0
POINT
  8
3
 10
-706.671514
 20
-264.410237
  0
POINT
  8
3
 10
-689.088277
 20
-109.654938
  0
POINT
  8
3
 10
-681.042899
 20
-110.014609
  0
POINT
  8
3
 10
-672.578851
 20
-110.297816
  0
POINT
  8
3
 10
-663.793412
 20
-110.498551
  0
POINT
  8
3
 10
-655.237642
 20
-110.606596
  0
POINT
  8
3
 10
-645.961675
 20
-110.627408
  0
POINT
  8
3
 10
-637.503068
 20
-110.558347
  0
POINT
  8
3
 10
-628.633117
 20
-110.393753
  0
POINT
  8
3
 10
-619.406179
 20
-110.119113
  0
POINT
  8
3
 10
-609.876603
 20
-109.719914
  0
POINT
  8
3
 10
-601.743332
 20
-109.281630
  0
POINT
  8
3
 10
-598.992805
 20
-109.068813
  0
POINT
  8
3
 10
-593.469116
 20
-108.738371
  0
POINT
  8
3
 10
-585.085402
 20
-108.081739
  0
POINT
  8
3
 10
-576.623647
 20
-107.303334
  0
POINT
  8
3
 10
-569.819170
 20
-106.587289
  0
POINT
  8
3
 10
-563.001004
 20
-105.783636
  0
POINT
  8
3
 10
-556.178422
 20
-104.887479
  0
POINT
  8
3
 10
-549.394014
 20
-103.906430
  0
POINT
  8
3
 10
-541.016805
 20
-102.582766
  0
POINT
  8
3
 10
-532.826940
 20
-101.179535
  0
POINT
  8
3
 10
-524.902115
 20
-99.727373
  0
POINT
  8
3
 10
-515.851585
 20
-97.963324
  0
POINT
  8
3
 10
-507.428925
 20
-96.225880
  0
POINT
  8
3
 10
-498.575171
 20
-94.303112
  0
POINT
  8
3
 10
-490.000390
 20
-92.346083
  0
POINT
  8
3
 10
-482.702576
 20
-90.600966
  0
POINT
  8
3
 10
-475.586942
 20
-96.757845
  0
POINT
  8
3
 10
-473.838330
 20
-105.247563
  0
POINT
  8
3
 10
-472.018753
 20
-114.576035
  0
POINT
  8
3
 10
-470.170722
 20
-124.589987
  0
POINT
  8
3
 10
-469.012413
 20
-131.431494
  0
POINT
  8
3
 10
-468.404641
 20
-134.727253
  0
POINT
  8
3
 10
-466.792367
 20
-144.543895
  0
POINT
  8
3
 10
-465.174482
 20
-155.041516
  0
POINT
  8
3
 10
-463.780128
 20
-164.727165
  0
POINT
  8
3
 10
-462.428771
 20
-174.827575
  0
POINT
  8
3
 10
-461.321416
 20
-183.777470
  0
POINT
  8
3
 10
-460.275762
 20
-192.964203
  0
POINT
  8
3
 10
-459.305708
 20
-202.356444
  0
POINT
  8
3
 10
-458.425151
 20
-211.922880
  0
POINT
  8
3
 10
-457.647992
 20
-221.632143
  0
POINT
  8
3
 10
-457.089370
 20
-229.809707
  0
POINT
  8
3
 10
-456.620245
 20
-238.046579
  0
POINT
  8
3
 10
-456.248660
 20
-246.324649
  0
POINT
  8
3
 10
-455.992785
 20
-254.231245
  0
POINT
  8
3
 10
-455.831865
 20
-262.540361
  0
POINT
  8
3
 10
-455.774437
 20
-270.854691
  0
POINT
  8
3
 10
-455.810747
 20
-279.173692
  0
POINT
  8
3
 10
-455.964323
 20
-289.161821
  0
POINT
  8
3
 10
-456.176682
 20
-297.632217
  0
POINT
  8
3
 10
-456.221985
 20
-299.154866
  0
POINT
  8
3
 10
-456.566881
 20
-309.151855
  0
POINT
  8
3
 10
-456.982159
 20
-319.151816
  0
POINT
  8
3
 10
-457.450966
 20
-329.153797
  0
POINT
  8
3
 10
-457.956448
 20
-339.156768
  0
POINT
  8
3
 10
-458.481754
 20
-349.159833
  0
POINT
  8
3
 10
-459.010028
 20
-359.161946
  0
POINT
  8
3
 10
-459.530832
 20
-369.231635
  0
POINT
  8
3
 10
-460.034765
 20
-379.230233
  0
POINT
  8
3
 10
-460.526221
 20
-389.227183
  0
POINT
  8
3
 10
-461.005957
 20
-399.222551
  0
POINT
  8
3
 10
-461.474732
 20
-409.216403
  0
POINT
  8
3
 10
-461.933310
 20
-419.208919
  0
POINT
  8
3
 10
-462.382446
 20
-429.200127
  0
POINT
  8
3
 10
-462.822904
 20
-439.190207
  0
POINT
  8
3
 10
-463.326815
 20
-450.843927
  0
POINT
  8
3
 10
-463.821154
 20
-462.496404
  0
POINT
  8
3
 10
-464.307126
 20
-474.147728
  0
POINT
  8
3
 10
-464.785941
 20
-485.798139
  0
POINT
  8
3
 10
-465.258802
 20
-497.447727
  0
POINT
  8
3
 10
-465.726919
 20
-509.096732
  0
POINT
  8
3
 10
-466.191496
 20
-520.745244
  0
POINT
  8
3
 10
-466.653742
 20
-532.393505
  0
POINT
  8
3
 10
-467.049522
 20
-542.390785
  0
POINT
  8
3
 10
-467.114862
 20
-544.041602
  0
POINT
  8
3
 10
-467.576065
 20
-555.689777
  0
POINT
  8
3
 10
-468.038556
 20
-567.338120
  0
POINT
  8
3
 10
-468.503543
 20
-578.986871
  0
POINT
  8
3
 10
-468.972230
 20
-590.636119
  0
POINT
  8
3
 10
-469.445828
 20
-602.286105
  0
POINT
  8
3
 10
-469.925541
 20
-613.936919
  0
POINT
  8
3
 10
-470.412577
 20
-625.588802
  0
POINT
  8
3
 10
-470.831513
 20
-635.460443
  0
POINT
  8
3
 10
-470.992737
 20
-639.231224
  0
POINT
  8
3
 10
-481.694093
 20
-638.728275
  0
POINT
  8
3
 10
-491.837355
 20
-638.300322
  0
POINT
  8
3
 10
-502.551994
 20
-637.889792
  0
POINT
  8
3
 10
-513.352398
 20
-637.517212
  0
POINT
  8
3
 10
-523.569139
 20
-637.203094
  0
POINT
  8
3
 10
-534.441848
 20
-636.911206
  0
POINT
  8
3
 10
-544.945885
 20
-636.673076
  0
POINT
  8
3
 10
-555.791827
 20
-636.475820
  0
POINT
  8
3
 10
-565.945348
 20
-636.339899
  0
POINT
  8
3
 10
-576.218401
 20
-636.255277
  0
POINT
  8
3
 10
-586.510651
 20
-636.228358
  0
POINT
  8
3
 10
-602.704420
 20
-636.241220
  0
POINT
  8
3
 10
-612.997526
 20
-636.309042
  0
POINT
  8
3
 10
-623.194931
 20
-636.430572
  0
POINT
  8
3
 10
-633.216395
 20
-636.597704
  0
POINT
  8
3
 10
-643.853967
 20
-636.822507
  0
POINT
  8
3
 10
-654.082493
 20
-637.081400
  0
POINT
  8
3
 10
-664.580986
 20
-637.388127
  0
POINT
  8
3
 10
-675.061551
 20
-637.734021
  0
POINT
  8
3
 10
-685.157181
 20
-638.103991
  0
POINT
  8
3
 10
-695.443543
 20
-638.518746
  0
POINT
  8
3
 10
-705.478710
 20
-638.963845
  0
POINT
  8
4
 10
-710.992889
 20
-639.231262
 30
0.400000
 50
  2.78
  0
TEXT
  8
4
 10
-710.992889
 20
-639.231262
 40
0.000000
 50
0.000000
  1
# 531
  0
POINT
  8
4
 10
-598.992805
 20
-109.068813
 30
0.400000
 50
270.00
  0
TEXT
  8
4
 10
-598.992805
 20
-109.068813
 40
0.000000
 50
0.000000
  1
# 532
  0
POINT
  8
4
 10
-469.012413
 20
-131.431494
 30
0.400000
 50
184.79
  0
TEXT
  8
4
 10
-469.012413
 20
-131.431494
 40
0.000000
 50
0.000000
  1
# 533
  0
POINT
  8
4
 10
-456.176682
 20
-297.632217
 30
0.400000
 50
178.33
  0
TEXT
  8
4
 10
-456.176682
 20
-297.632217
 40
0.000000
 50
0.000000
  1
# 534
  0
POINT
  8
4
 10
-467.049522
 20
-542.390785
 30
0.400000
 50
177.73
  0
TEXT
  8
4
 10
-467.049522
 20
-542.390785
 40
0.000000
 50
0.000000
  1
# 535
  0
POINT
  8
4
 10
-470.992737
 20
-639.231224
 30
0.400000
 50
177.31
  0
TEXT
  8
4
 10
-470.992737
 20
-639.231224
 40
0.000000
 50
0.000000
  1
# 536
  0
POLYLINE
  8
8
  66
1
  70
0
  0
VERTEX
  8
8
  10
-705.992813
  20
-254.231262
  0
VERTEX
  8
8
  10
-696.326141
  20
-109.231348
  0
SEQEND
  8
8
  0
POINT
  8
2
 10
-705.992813
 20
-254.231262
  0
TEXT
  8
2
 10
-705.992813
 20
-254.231262
 40
0.000000
 50
0.000000
  1
# 537
  0
POINT
  8
2
 10
-696.326141
 20
-109.231348
  0
TEXT
  8
2
 10
-696.326141
 20
-109.231348
 40
0.000000
 50
0.000000
  1
# 538
  0
POLYLINE
  8
8
  66
1
  70
0
  0
VERTEX
  8
8
  10
-455.992813
  20
-334.231224
  0
VERTEX
  8
8
  10
-741.992874
  20
-334.231262
  0
SEQEND
  8
8
  0
POINT
  8
2
 10
-455.992813
 20
-334.231224
  0
TEXT
  8
2
 10
-455.992813
 20
-334.231224
 40
0.000000
 50
0.000000
  1
# 539
  0
POINT
  8
2
 10
-741.992874
 20
-334.231262
  0
TEXT
  8
2
 10
-741.992874
 20
-334.231262
 40
0.000000
 50
0.000000
  1
# 540
  0
POLYLINE
  8
8
  66
1
  70
0
  0
VERTEX
  8
8
  10
-455.992813
  20
-254.231243
  0
VERTEX
  8
8
  10
-705.992813
  20
-254.231262
  0
SEQEND
  8
8
  0
POINT
  8
2
 10
-455.992813
 20
-254.231243
  0
TEXT
  8
2
 10
-455.992813
 20
-254.231243
 40
0.000000
 50
0.000000
  1
# 541
  0
POINT
  8
2
 10
-705.992813
 20
-254.231262
  0
TEXT
  8
2
 10
-705.992813
 20
-254.231262
 40
0.000000
 50
0.000000
  1
# 542
  0
POLYLINE
  8
8
  66
1
  70
0
  0
VERTEX
  8
8
  10
-711.326141
  20
-334.231262
  0
VERTEX
  8
8
  10
-705.992813
  20
-254.231262
  0
SEQEND
  8
8
  0
POINT
  8
2
 10
-711.326141
 20
-334.231262
  0
TEXT
  8
2
 10
-711.326141
 20
-334.231262
 40
0.000000
 50
0.000000
  1
# 543
  0
POINT
  8
2
 10
-705.992813
 20
-254.231262
  0
TEXT
  8
2
 10
-705.992813
 20
-254.231262
 40
0.000000
 50
0.000000
  1
# 544
  0
POLYLINE
  8
8
  66
1
  70
0
  0
VERTEX
  8
8
  10
-705.992813
  20
-254.231262
  0
VERTEX
  8
8
  10
-705.992813
  20
-334.231262
  0
SEQEND
  8
8
  0
POINT
  8
2
 10
-705.992813
 20
-254.231262
  0
TEXT
  8
2
 10
-705.992813
 20
-254.231262
 40
0.000000
 50
0.000000
  1
# 545
  0
POINT
  8
2
 10
-705.992813
 20
-334.231262
  0
TEXT
  8
2
 10
-705.992813
 20
-334.231262
 40
0.000000
 50
0.000000
  1
# 546
  0
POLYLINE
  8
8
  66
1
  70
0
  0
VERTEX
  8
8
  10
-458.992691
  20
-359.231224
  0
VERTEX
  8
8
  10
-737.992859
  20
-359.231262
  0
SEQEND
  8
8
  0
POINT
  8
2
 10
-458.992691
 20
-359.231224
  0
TEXT
  8
2
 10
-458.992691
 20
-359.231224
 40
0.000000
 50
0.000000
  1
# 547
  0
POINT
  8
2
 10
-737.992859
 20
-359.231262
  0
TEXT
  8
2
 10
-737.992859
 20
-359.231262
 40
0.000000
 50
0.000000
  1
# 548
  0
POLYLINE
  8
8
  66
1
  70
0
  0
VERTEX
  8
8
  10
-598.992805
  20
-334.231262
  0
VERTEX
  8
8
  10
-598.992805
  20
-359.231262
  0
SEQEND
  8
8
  0
POINT
  8
2
 10
-598.992805
 20
-334.231262
  0
TEXT
  8
2
 10
-598.992805
 20
-334.231262
 40
0.000000
 50
0.000000
  1
# 549
  0
POINT
  8
2
 10
-598.992805
 20
-359.231262
  0
TEXT
  8
2
 10
-598.992805
 20
-359.231262
 40
0.000000
 50
0.000000
  1
# 550
  0
POLYLINE
  8
8
  66
1
  70
0
  0
VERTEX
  8
8
  10
-590.992775
  20
-359.231262
  0
VERTEX
  8
8
  10
-590.992775
  20
-636.231232
  0
SEQEND
  8
8
  0
POINT
  8
2
 10
-590.992775
 20
-359.231262
  0
TEXT
  8
2
 10
-590.992775
 20
-359.231262
 40
0.000000
 50
0.000000
  1
# 551
  0
POINT
  8
2
 10
-590.992775
 20
-636.231232
  0
TEXT
  8
2
 10
-590.992775
 20
-636.231232
 40
0.000000
 50
0.000000
  1
# 552
  0
POLYLINE
  8
8
  66
1
  70
0
  0
VERTEX
  8
8
  10
-630.815506
  20
-399.940529
  0
VERTEX
  8
8
  10
-620.816956
  20
-110.112953
  0
SEQEND
  8
8
  0
POINT
  8
2
 10
-630.815506
 20
-399.940529
  0
TEXT
  8
2
 10
-630.815506
 20
-399.940529
 40
0.000000
 50
0.000000
  1
# 553
  0
POINT
  8
2
 10
-620.816956
 20
-110.112953
  0
TEXT
  8
2
 10
-620.816956
 20
-110.112953
 40
0.000000
 50
0.000000
  1
# 554
  0
POLYLINE
  8
8
  66
1
  70
0
  0
VERTEX
  8
8
  10
-630.815506
  20
-399.940529
  0
VERTEX
  8
8
  10
-522.842484
  20
-403.665428
  0
SEQEND
  8
8
  0
POINT
  8
2
 10
-630.815506
 20
-399.940529
  0
TEXT
  8
2
 10
-630.815506
 20
-399.940529
 40
0.000000
 50
0.000000
  1
# 555
  0
POINT
  8
2
 10
-522.842484
 20
-403.665428
  0
TEXT
  8
2
 10
-522.842484
 20
-403.665428
 40
0.000000
 50
0.000000
  1
# 556
  0
POLYLINE
  8
8
  66
1
  70
0
  0
VERTEX
  8
8
  10
-455.851135
  20
-282.635765
  0
VERTEX
  8
8
  10
-458.276658
  20
-284.452254
  0
VERTEX
  8
8
  10
-460.473300
  20
-286.271665
  0
VERTEX
  8
8
  10
-462.078256
  20
-287.725064
  0
VERTEX
  8
8
  10
-463.680020
  20
-289.320303
  0
VERTEX
  8
8
  10
-464.905756
  20
-290.679266
  0
VERTEX
  8
8
  10
-466.336283
  20
-292.452833
  0
VERTEX
  8
8
  10
-467.666895
  20
-294.314813
  0
VERTEX
  8
8
  10
-468.902013
  20
-296.260765
  0
VERTEX
  8
8
  10
-470.046057
  20
-298.286246
  0
VERTEX
  8
8
  10
-471.103449
  20
-300.386815
  0
VERTEX
  8
8
  10
-472.078610
  20
-302.558027
  0
VERTEX
  8
8
  10
-472.975964
  20
-304.795445
  0
VERTEX
  8
8
  10
-473.799930
  20
-307.094625
  0
VERTEX
  8
8
  10
-474.554929
  20
-309.451123
  0
VERTEX
  8
8
  10
-475.408431
  20
-312.470586
  0
VERTEX
  8
8
  10
-476.169718
  20
-315.563993
  0
VERTEX
  8
8
  10
-476.847424
  20
-318.722670
  0
VERTEX
  8
8
  10
-477.562505
  20
-322.587020
  0
VERTEX
  8
8
  10
-478.184587
  20
-326.517873
  0
VERTEX
  8
8
  10
-478.812720
  20
-331.167924
  0
VERTEX
  8
8
  10
-479.430857
  20
-336.537577
  0
VERTEX
  8
8
  10
-480.105748
  20
-343.280555
  0
VERTEX
  8
8
  10
-481.056863
  20
-353.316283
  0
VERTEX
  8
8
  10
-481.750874
  20
-359.853054
  0
VERTEX
  8
8
  10
-482.309055
  20
-364.311571
  0
VERTEX
  8
8
  10
-482.855591
  20
-368.035573
  0
VERTEX
  8
8
  10
-483.480734
  20
-371.653673
  0
VERTEX
  8
8
  10
-484.199408
  20
-375.150878
  0
VERTEX
  8
8
  10
-484.880515
  20
-377.962051
  0
VERTEX
  8
8
  10
-485.645571
  20
-380.670182
  0
VERTEX
  8
8
  10
-486.503213
  20
-383.266596
  0
VERTEX
  8
8
  10
-487.261792
  20
-385.257462
  0
VERTEX
  8
8
  10
-488.089570
  20
-387.166827
  0
VERTEX
  8
8
  10
-488.990975
  20
-388.990264
  0
VERTEX
  8
8
  10
-489.970426
  20
-390.723323
  0
VERTEX
  8
8
  10
-491.032344
  20
-392.361562
  0
VERTEX
  8
8
  10
-492.181146
  20
-393.900534
  0
VERTEX
  8
8
  10
-493.421262
  20
-395.335807
  0
VERTEX
  8
8
  10
-494.757109
  20
-396.662935
  0
VERTEX
  8
8
  10
-496.193109
  20
-397.877475
  0
VERTEX
  8
8
  10
-497.733676
  20
-398.974981
  0
VERTEX
  8
8
  10
-498.960395
  20
-399.718641
  0
VERTEX
  8
8
  10
-500.250281
  20
-400.392096
  0
VERTEX
  8
8
  10
-501.605216
  20
-400.993479
  0
VERTEX
  8
8
  10
-503.283421
  20
-401.607697
  0
VERTEX
  8
8
  10
-505.269117
  20
-402.187450
  0
VERTEX
  8
8
  10
-507.309816
  20
-402.655116
  0
VERTEX
  8
8
  10
-509.368644
  20
-403.022107
  0
VERTEX
  8
8
  10
-511.408718
  20
-403.299833
  0
VERTEX
  8
8
  10
-513.876283
  20
-403.538851
  0
VERTEX
  8
8
  10
-516.621243
  20
-403.696486
  0
VERTEX
  8
8
  10
-519.012902
  20
-403.749567
  0
VERTEX
  8
8
  10
-521.437109
  20
-403.724267
  0
VERTEX
  8
8
  10
-522.842484
  20
-403.665428
  0
SEQEND
  8
8
  0
POINT
  8
2
 10
-455.851135
 20
-282.635765
  0
TEXT
  8
2
 10
-455.851135
 20
-282.635765
 40
0.000000
 50
0.000000
  1
# 557
  0
POINT
  8
2
 10
-522.842484
 20
-403.665428
  0
TEXT
  8
2
 10
-522.842484
 20
-403.665428
 40
0.000000
 50
0.000000
  1
# 558
  0
POINT
  8
3
 10
-458.276658
 20
-284.452254
  0
POINT
  8
3
 10
-460.473300
 20
-286.271665
  0
POINT
  8
3
 10
-462.078256
 20
-287.725064
  0
POINT
  8
3
 10
-463.680020
 20
-289.320303
  0
POINT
  8
3
 10
-464.905756
 20
-290.679266
  0
POINT
  8
3
 10
-466.336283
 20
-292.452833
  0
POINT
  8
3
 10
-467.666895
 20
-294.314813
  0
POINT
  8
3
 10
-468.902013
 20
-296.260765
  0
POINT
  8
3
 10
-470.046057
 20
-298.286246
  0
POINT
  8
3
 10
-471.103449
 20
-300.386815
  0
POINT
  8
3
 10
-472.078610
 20
-302.558027
  0
POINT
  8
3
 10
-472.975964
 20
-304.795445
  0
POINT
  8
3
 10
-473.799930
 20
-307.094625
  0
POINT
  8
3
 10
-474.554929
 20
-309.451123
  0
POINT
  8
3
 10
-475.408431
 20
-312.470586
  0
POINT
  8
3
 10
-476.169718
 20
-315.563993
  0
POINT
  8
3
 10
-476.847424
 20
-318.722670
  0
POINT
  8
3
 10
-477.562505
 20
-322.587020
  0
POINT
  8
3
 10
-478.184587
 20
-326.517873
  0
POINT
  8
3
 10
-478.812720
 20
-331.167924
  0
POINT
  8
3
 10
-479.430857
 20
-336.537577
  0
POINT
  8
3
 10
-480.105748
 20
-343.280555
  0
POINT
  8
3
 10
-481.056863
 20
-353.316283
  0
POINT
  8
3
 10
-481.750874
 20
-359.853054
  0
POINT
  8
3
 10
-482.309055
 20
-364.311571
  0
POINT
  8
3
 10
-482.855591
 20
-368.035573
  0
POINT
  8
3
 10
-483.480734
 20
-371.653673
  0
POINT
  8
3
 10
-484.199408
 20
-375.150878
  0
POINT
  8
3
 10
-484.880515
 20
-377.962051
  0
POINT
  8
3
 10
-485.645571
 20
-380.670182
  0
POINT
  8
3
 10
-486.503213
 20
-383.266596
  0
POINT
  8
3
 10
-487.261792
 20
-385.257462
  0
POINT
  8
3
 10
-488.089570
 20
-387.166827
  0
POINT
  8
3
 10
-488.990975
 20
-388.990264
  0
POINT
  8
3
 10
-489.970426
 20
-390.723323
  0
POINT
  8
3
 10
-491.032344
 20
-392.361562
  0
POINT
  8
3
 10
-492.181146
 20
-393.900534
  0
POINT
  8
3
 10
-493.421262
 20
-395.335807
  0
POINT
  8
3
 10
-494.757109
 20
-396.662935
  0
POINT
  8
3
 10
-496.193109
 20
-397.877475
  0
POINT
  8
3
 10
-497.733676
 20
-398.974981
  0
POINT
  8
3
 10
-498.960395
 20
-399.718641
  0
POINT
  8
3
 10
-500.250281
 20
-400.392096
  0
POINT
  8
3
 10
-501.605216
 20
-400.993479
  0
POINT
  8
3
 10
-503.283421
 20
-401.607697
  0
POINT
  8
3
 10
-505.269117
 20
-402.187450
  0
POINT
  8
3
 10
-507.309816
 20
-402.655116
  0
POINT
  8
3
 10
-509.368644
 20
-403.022107
  0
POINT
  8
3
 10
-511.408718
 20
-403.299833
  0
POINT
  8
3
 10
-513.876283
 20
-403.538851
  0
POINT
  8
3
 10
-516.621243
 20
-403.696486
  0
POINT
  8
3
 10
-519.012902
 20
-403.749567
  0
POINT
  8
3
 10
-521.437109
 20
-403.724267
  0
POLYLINE
  8
8
  66
1
  70
0
  0
VERTEX
  8
8
  10
-555.666695
  20
-104.816513
  0
VERTEX
  8
8
  10
-499.140549
  20
-222.861156
  0
SEQEND
  8
8
  0
POINT
  8
2
 10
-555.666695
 20
-104.816513
  0
TEXT
  8
2
 10
-555.666695
 20
-104.816513
 40
0.000000
 50
0.000000
  1
# 559
  0
POINT
  8
2
 10
-499.140549
 20
-222.861156
  0
TEXT
  8
2
 10
-499.140549
 20
-222.861156
 40
0.000000
 50
0.000000
  1
# 560
  0
POLYLINE
  8
8
  66
1
  70
0
  0
VERTEX
  8
8
  10
-499.140549
  20
-222.861156
  0
VERTEX
  8
8
  10
-456.640549
  20
-237.651348
  0
SEQEND
  8
8
  0
POINT
  8
2
 10
-499.140549
 20
-222.861156
  0
TEXT
  8
2
 10
-499.140549
 20
-222.861156
 40
0.000000
 50
0.000000
  1
# 561
  0
POINT
  8
2
 10
-456.640549
 20
-237.651348
  0
TEXT
  8
2
 10
-456.640549
 20
-237.651348
 40
0.000000
 50
0.000000
  1
# 562
  0
POLYLINE
  8
8
  66
1
  70
0
  0
VERTEX
  8
8
  10
-547.915497
  20
-503.763771
  0
VERTEX
  8
8
  10
-543.921165
  20
-413.852463
  0
SEQEND
  8
8
  0
POINT
  8
2
 10
-547.915497
 20
-503.763771
  0
TEXT
  8
2
 10
-547.915497
 20
-503.763771
 40
0.000000
 50
0.000000
  1
# 563
  0
POINT
  8
2
 10
-543.921165
 20
-413.852463
  0
TEXT
  8
2
 10
-543.921165
 20
-413.852463
 40
0.000000
 50
0.000000
  1
# 564
  0
POLYLINE
  8
8
  66
1
  70
0
  0
VERTEX
  8
8
  10
-543.921165
  20
-413.852463
  0
VERTEX
  8
8
  10
-558.906364
  20
-413.186722
  0
SEQEND
  8
8
  0
POINT
  8
2
 10
-543.921165
 20
-413.852463
  0
TEXT
  8
2
 10
-543.921165
 20
-413.852463
 40
0.000000
 50
0.000000
  1
# 565
  0
POINT
  8
2
 10
-558.906364
 20
-413.186722
  0
TEXT
  8
2
 10
-558.906364
 20
-413.186722
 40
0.000000
 50
0.000000
  1
# 566
  0
POLYLINE
  8
8
  66
1
  70
0
  0
VERTEX
  8
8
  10
-558.906364
  20
-413.186722
  0
VERTEX
  8
8
  10
-554.246330
  20
-308.290234
  0
SEQEND
  8
8
  0
POINT
  8
2
 10
-558.906364
 20
-413.186722
  0
TEXT
  8
2
 10
-558.906364
 20
-413.186722
 40
0.000000
 50
0.000000
  1
# 567
  0
POINT
  8
2
 10
-554.246330
 20
-308.290234
  0
TEXT
  8
2
 10
-554.246330
 20
-308.290234
 40
0.000000
 50
0.000000
  1
# 568
  0
POLYLINE
  8
8
  66
1
  70
0
  0
VERTEX
  8
8
  10
-554.246330
  20
-308.290234
  0
VERTEX
  8
8
  10
-538.595390
  20
-293.970737
  0
SEQEND
  8
8
  0
POINT
  8
2
 10
-554.246330
 20
-308.290234
  0
TEXT
  8
2
 10
-554.246330
 20
-308.290234
 40
0.000000
 50
0.000000
  1
# 569
  0
POINT
  8
2
 10
-538.595390
 20
-293.970737
  0
TEXT
  8
2
 10
-538.595390
 20
-293.970737
 40
0.000000
 50
0.000000
  1
# 570
  0
POLYLINE
  8
8
  66
1
  70
0
  0
VERTEX
  8
8
  10
-538.595390
  20
-293.970737
  0
VERTEX
  8
8
  10
-456.219597
  20
-297.630291
  0
SEQEND
  8
8
  0
POINT
  8
2
 10
-538.595390
 20
-293.970737
  0
TEXT
  8
2
 10
-538.595390
 20
-293.970737
 40
0.000000
 50
0.000000
  1
# 571
  0
POINT
  8
2
 10
-456.219597
 20
-297.630291
  0
TEXT
  8
2
 10
-456.219597
 20
-297.630291
 40
0.000000
 50
0.000000
  1
# 572
  0
POLYLINE
  8
8
  66
1
  70
0
  0
VERTEX
  8
8
  10
-547.915497
  20
-503.763771
  0
VERTEX
  8
8
  10
-467.050133
  20
-542.390747
  0
SEQEND
  8
8
  0
POINT
  8
2
 10
-547.915497
 20
-503.763771
  0
TEXT
  8
2
 10
-547.915497
 20
-503.763771
 40
0.000000
 50
0.000000
  1
# 573
  0
POINT
  8
2
 10
-467.050133
 20
-542.390747
  0
TEXT
  8
2
 10
-467.050133
 20
-542.390747
 40
0.000000
 50
0.000000
  1
# 574
  0
POLYLINE
  8
8
  66
1
  70
0
  0
VERTEX
  8
8
  10
-543.921165
  20
-413.852463
  0
VERTEX
  8
8
  10
-541.036377
  20
-348.916550
  0
SEQEND
  8
8
  0
POINT
  8
2
 10
-543.921165
 20
-413.852463
  0
TEXT
  8
2
 10
-543.921165
 20
-413.852463
 40
0.000000
 50
0.000000
  1
# 575
  0
POINT
  8
2
 10
-541.036377
 20
-348.916550
  0
TEXT
  8
2
 10
-541.036377
 20
-348.916550
 40
0.000000
 50
0.000000
  1
# 576
  0
POLYLINE
  8
8
  66
1
  70
0
  0
VERTEX
  8
8
  10
-541.036377
  20
-348.916550
  0
VERTEX
  8
8
  10
-458.660316
  20
-352.576103
  0
SEQEND
  8
8
  0
POINT
  8
2
 10
-541.036377
 20
-348.916550
  0
TEXT
  8
2
 10
-541.036377
 20
-348.916550
 40
0.000000
 50
0.000000
  1
# 577
  0
POINT
  8
2
 10
-458.660316
 20
-352.576103
  0
TEXT
  8
2
 10
-458.660316
 20
-352.576103
 40
0.000000
 50
0.000000
  1
# 578
  0
POLYLINE
  8
8
  66
1
  70
0
  0
VERTEX
  8
8
  10
-545.586739
  20
-383.748894
  0
VERTEX
  8
8
  10
-531.267204
  20
-399.399834
  0
SEQEND
  8
8
  0
POINT
  8
2
 10
-545.586739
 20
-383.748894
  0
TEXT
  8
2
 10
-545.586739
 20
-383.748894
 40
0.000000
 50
0.000000
  1
# 579
  0
POINT
  8
2
 10
-531.267204
 20
-399.399834
  0
TEXT
  8
2
 10
-531.267204
 20
-399.399834
 40
0.000000
 50
0.000000
  1
# 580
  0
POLYLINE
  8
8
  66
1
  70
0
  0
VERTEX
  8
8
  10
-543.145752
  20
-328.803101
  0
VERTEX
  8
8
  10
-545.586739
  20
-383.748894
  0
SEQEND
  8
8
  0
POINT
  8
2
 10
-543.145752
 20
-328.803101
  0
TEXT
  8
2
 10
-543.145752
 20
-328.803101
 40
0.000000
 50
0.000000
  1
# 581
  0
POINT
  8
2
 10
-545.586739
 20
-383.748894
  0
TEXT
  8
2
 10
-545.586739
 20
-383.748894
 40
0.000000
 50
0.000000
  1
# 582
  0
POLYLINE
  8
8
  66
1
  70
0
  0
VERTEX
  8
8
  10
-543.145752
  20
-328.803101
  0
VERTEX
  8
8
  10
-457.628632
  20
-332.602234
  0
SEQEND
  8
8
  0
POINT
  8
2
 10
-543.145752
 20
-328.803101
  0
TEXT
  8
2
 10
-543.145752
 20
-328.803101
 40
0.000000
 50
0.000000
  1
# 583
  0
POINT
  8
2
 10
-457.628632
 20
-332.602234
  0
TEXT
  8
2
 10
-457.628632
 20
-332.602234
 40
0.000000
 50
0.000000
  1
# 584
  0
POLYLINE
  8
8
  66
1
  70
0
  0
VERTEX
  8
8
  10
-531.267204
  20
-399.399834
  0
VERTEX
  8
8
  10
-461.156731
  20
-402.514496
  0
SEQEND
  8
8
  0
POINT
  8
2
 10
-531.267204
 20
-399.399834
  0
TEXT
  8
2
 10
-531.267204
 20
-399.399834
 40
0.000000
 50
0.000000
  1
# 585
  0
POINT
  8
2
 10
-461.156731
 20
-402.514496
  0
TEXT
  8
2
 10
-461.156731
 20
-402.514496
 40
0.000000
 50
0.000000
  1
# 586
  0
POLYLINE
  8
8
  66
1
  70
0
  0
VERTEX
  8
8
  10
-461.850929
  20
-417.498436
  0
VERTEX
  8
8
  10
-543.921165
  20
-413.852463
  0
SEQEND
  8
8
  0
POINT
  8
2
 10
-461.850929
 20
-417.498436
  0
TEXT
  8
2
 10
-461.850929
 20
-417.498436
 40
0.000000
 50
0.000000
  1
# 587
  0
POINT
  8
2
 10
-543.921165
 20
-413.852463
  0
TEXT
  8
2
 10
-543.921165
 20
-413.852463
 40
0.000000
 50
0.000000
  1
# 588
  0
POLYLINE
  8
8
  66
1
  70
0
  0
VERTEX
  8
8
  10
-588.594093
  20
-141.442318
  0
VERTEX
  8
8
  10
-588.594093
  20
-326.442337
  0
SEQEND
  8
8
  0
POINT
  8
2
 10
-588.594093
 20
-141.442318
  0
TEXT
  8
2
 10
-588.594093
 20
-141.442318
 40
0.000000
 50
0.000000
  1
# 589
  0
POINT
  8
2
 10
-588.594093
 20
-326.442337
  0
TEXT
  8
2
 10
-588.594093
 20
-326.442337
 40
0.000000
 50
0.000000
  1
# 590
  0
POLYLINE
  8
8
  66
1
  70
0
  0
VERTEX
  8
8
  10
-588.594093
  20
-326.442337
  0
VERTEX
  8
8
  10
-478.124199
  20
-326.442337
  0
SEQEND
  8
8
  0
POINT
  8
2
 10
-588.594093
 20
-326.442337
  0
TEXT
  8
2
 10
-588.594093
 20
-326.442337
 40
0.000000
 50
0.000000
  1
# 591
  0
POINT
  8
2
 10
-478.124199
 20
-326.442337
  0
TEXT
  8
2
 10
-478.124199
 20
-326.442337
 40
0.000000
 50
0.000000
  1
# 592
  0
POLYLINE
  8
8
  66
1
  70
0
  0
VERTEX
  8
8
  10
-588.594093
  20
-141.442318
  0
VERTEX
  8
8
  10
-469.012413
  20
-131.431494
  0
SEQEND
  8
8
  0
POINT
  8
2
 10
-588.594093
 20
-141.442318
  0
TEXT
  8
2
 10
-588.594093
 20
-141.442318
 40
0.000000
 50
0.000000
  1
# 593
  0
POINT
  8
2
 10
-469.012413
 20
-131.431494
  0
TEXT
  8
2
 10
-469.012413
 20
-131.431494
 40
0.000000
 50
0.000000
  1
# 594
  0
POLYLINE
  8
8
  66
1
  70
0
  0
VERTEX
  8
8
  10
-581.976013
  20
-107.759295
  0
VERTEX
  8
8
  10
-517.191544
  20
-243.049908
  0
SEQEND
  8
8
  0
POINT
  8
2
 10
-581.976013
 20
-107.759295
  0
TEXT
  8
2
 10
-581.976013
 20
-107.759295
 40
0.000000
 50
0.000000
  1
# 595
  0
POINT
  8
2
 10
-517.191544
 20
-243.049908
  0
TEXT
  8
2
 10
-517.191544
 20
-243.049908
 40
0.000000
 50
0.000000
  1
# 596
  0
POLYLINE
  8
8
  66
1
  70
0
  0
VERTEX
  8
8
  10
-517.191544
  20
-243.049908
  0
VERTEX
  8
8
  10
-455.859299
  20
-264.393806
  0
SEQEND
  8
8
  0
POINT
  8
2
 10
-517.191544
 20
-243.049908
  0
TEXT
  8
2
 10
-517.191544
 20
-243.049908
 40
0.000000
 50
0.000000
  1
# 597
  0
POINT
  8
2
 10
-455.859299
 20
-264.393806
  0
TEXT
  8
2
 10
-455.859299
 20
-264.393806
 40
0.000000
 50
0.000000
  1
# 598
  0
POLYLINE
  8
8
  66
1
  70
0
  0
VERTEX
  8
8
  10
-595.451813
  20
-108.877792
  0
VERTEX
  8
8
  10
-595.025328
  20
-112.918348
  0
VERTEX
  8
8
  10
-594.451890
  20
-117.368215
  0
VERTEX
  8
8
  10
-593.702301
  20
-122.433249
  0
VERTEX
  8
8
  10
-592.850272
  20
-127.563710
  0
VERTEX
  8
8
  10
-591.783607
  20
-133.354685
  0
VERTEX
  8
8
  10
-590.716252
  20
-138.638714
  0
VERTEX
  8
8
  10
-589.474238
  20
-144.299656
  0
VERTEX
  8
8
  10
-588.045926
  20
-150.300340
  0
VERTEX
  8
8
  10
-586.419677
  20
-156.603597
  0
VERTEX
  8
8
  10
-584.968341
  20
-161.839077
  0
VERTEX
  8
8
  10
-583.376918
  20
-167.225382
  0
VERTEX
  8
8
  10
-581.639447
  20
-172.743481
  0
VERTEX
  8
8
  10
-579.749970
  20
-178.374344
  0
VERTEX
  8
8
  10
-577.702526
  20
-184.098938
  0
VERTEX
  8
8
  10
-575.491155
  20
-189.898241
  0
VERTEX
  8
8
  10
-573.109903
  20
-195.753205
  0
VERTEX
  8
8
  10
-570.552807
  20
-201.644808
  0
VERTEX
  8
8
  10
-567.813908
  20
-207.554017
  0
VERTEX
  8
8
  10
-565.636841
  20
-211.986029
  0
VERTEX
  8
8
  10
-563.351644
  20
-216.409211
  0
VERTEX
  8
8
  10
-560.955802
  20
-220.815535
  0
VERTEX
  8
8
  10
-558.446802
  20
-225.196970
  0
VERTEX
  8
8
  10
-555.822130
  20
-229.545489
  0
VERTEX
  8
8
  10
-553.079272
  20
-233.853062
  0
VERTEX
  8
8
  10
-550.215713
  20
-238.111661
  0
VERTEX
  8
8
  10
-547.228940
  20
-242.313256
  0
VERTEX
  8
8
  10
-544.116438
  20
-246.449819
  0
VERTEX
  8
8
  10
-540.875693
  20
-250.513322
  0
VERTEX
  8
8
  10
-537.504192
  20
-254.495735
  0
VERTEX
  8
8
  10
-533.999420
  20
-258.389029
  0
VERTEX
  8
8
  10
-530.358863
  20
-262.185176
  0
VERTEX
  8
8
  10
-526.580008
  20
-265.876146
  0
VERTEX
  8
8
  10
-522.660339
  20
-269.453912
  0
VERTEX
  8
8
  10
-519.967756
  20
-271.772232
  0
VERTEX
  8
8
  10
-517.210727
  20
-274.034292
  0
VERTEX
  8
8
  10
-513.301136
  20
-277.059529
  0
VERTEX
  8
8
  10
-508.953617
  20
-280.208802
  0
VERTEX
  8
8
  10
-504.564643
  20
-283.200060
  0
VERTEX
  8
8
  10
-500.197727
  20
-286.018882
  0
VERTEX
  8
8
  10
-495.916387
  20
-288.650842
  0
VERTEX
  8
8
  10
-491.784138
  20
-291.081518
  0
VERTEX
  8
8
  10
-486.616172
  20
-293.984381
  0
VERTEX
  8
8
  10
-481.976742
  20
-296.469569
  0
VERTEX
  8
8
  10
-477.150029
  20
-298.936634
  0
VERTEX
  8
8
  10
-473.172620
  20
-300.871127
  0
VERTEX
  8
8
  10
-471.652336
  20
-301.578465
  0
SEQEND
  8
8
  0
POINT
  8
2
 10
-595.451813
 20
-108.877792
  0
TEXT
  8
2
 10
-595.451813
 20
-108.877792
 40
0.000000
 50
0.000000
  1
# 599
  0
POINT
  8
2
 10
-471.652336
 20
-301.578465
  0
TEXT
  8
2
 10
-471.652336
 20
-301.578465
 40
0.000000
 50
0.000000
  1
# 600
  0
POINT
  8
3
 10
-595.025328
 20
-112.918348
  0
POINT
  8
3
 10
-594.451890
 20
-117.368215
  0
POINT
  8
3
 10
-593.702301
 20
-122.433249
  0
POINT
  8
3
 10
-592.850272
 20
-127.563710
  0
POINT
  8
3
 10
-591.783607
 20
-133.354685
  0
POINT
  8
3
 10
-590.716252
 20
-138.638714
  0
POINT
  8
3
 10
-589.474238
 20
-144.299656
  0
POINT
  8
3
 10
-588.045926
 20
-150.300340
  0
POINT
  8
3
 10
-586.419677
 20
-156.603597
  0
POINT
  8
3
 10
-584.968341
 20
-161.839077
  0
POINT
  8
3
 10
-583.376918
 20
-167.225382
  0
POINT
  8
3
 10
-581.639447
 20
-172.743481
  0
POINT
  8
3
 10
-579.749970
 20
-178.374344
  0
POINT
  8
3
 10
-577.702526
 20
-184.098938
  0
POINT
  8
3
 10
-575.491155
 20
-189.898241
  0
POINT
  8
3
 10
-573.109903
 20
-195.753205
  0
POINT
  8
3
 10
-570.552807
 20
-201.644808
  0
POINT
  8
3
 10
-567.813908
 20
-207.554017
  0
POINT
  8
3
 10
-565.636841
 20
-211.986029
  0
POINT
  8
3
 10
-563.351644
 20
-216.409211
  0
POINT
  8
3
 10
-560.955802
 20
-220.815535
  0
POINT
  8
3
 10
-558.446802
 20
-225.196970
  0
POINT
  8
3
 10
-555.822130
 20
-229.545489
  0
POINT
  8
3
 10
-553.079272
 20
-233.853062
  0
POINT
  8
3
 10
-550.215713
 20
-238.111661
  0
POINT
  8
3
 10
-547.228940
 20
-242.313256
  0
POINT
  8
3
 10
-544.116438
 20
-246.449819
  0
POINT
  8
3
 10
-540.875693
 20
-250.513322
  0
POINT
  8
3
 10
-537.504192
 20
-254.495735
  0
POINT
  8
3
 10
-533.999420
 20
-258.389029
  0
POINT
  8
3
 10
-530.358863
 20
-262.185176
  0
POINT
  8
3
 10
-526.580008
 20
-265.876146
  0
POINT
  8
3
 10
-522.660339
 20
-269.453912
  0
POINT
  8
3
 10
-519.967756
 20
-271.772232
  0
POINT
  8
3
 10
-517.210727
 20
-274.034292
  0
POINT
  8
3
 10
-513.301136
 20
-277.059529
  0
POINT
  8
3
 10
-508.953617
 20
-280.208802
  0
POINT
  8
3
 10
-504.564643
 20
-283.200060
  0
POINT
  8
3
 10
-500.197727
 20
-286.018882
  0
POINT
  8
3
 10
-495.916387
 20
-288.650842
  0
POINT
  8
3
 10
-491.784138
 20
-291.081518
  0
POINT
  8
3
 10
-486.616172
 20
-293.984381
  0
POINT
  8
3
 10
-481.976742
 20
-296.469569
  0
POINT
  8
3
 10
-477.150029
 20
-298.936634
  0
POINT
  8
3
 10
-473.172620
 20
-300.871127
 0
LINE
 8
7
 10
-559.459572
 20
-655.546722
 11
-559.459572
 21
-480.481529
  0
TEXT
  8
1
 10
-511.627617
 20
-465.542221
 40
10.000000
 50
0.000000
  1
腿袋
  0
TEXT
  8
1
 10
-599.546928
 20
-376.877604
 40
10.000000
 50
0.000000
  1
Piece Name: 26SMC-WP313M 展_前_175/92
  0
TEXT
  8
1
 10
-599.546928
 20
-361.877604
 40
10.000000
 50
0.000000
  1
Size: 175/92
  0
TEXT
  8
1
 10
-599.546928
 20
-346.877604
 40
10.000000
 50
0.000000
  1
Annotation: 
  0
TEXT
  8
1
 10
-599.546928
 20
-331.877604
 40
10.000000
 50
0.000000
  1
Quantity: 1
  0
TEXT
  8
1
 10
-599.546928
 20
-316.877604
 40
10.000000
 50
0.000000
  1
Material: 原
  0
TEXT
  8
1
 10
-599.546928
 20
-316.877604
 40
10.000000
 50
0.000000
  1
Category: 10
0
ENDBLK
0
BLOCK
  8
1
  2
26SMC-WP313M 展_腰面_175/92
 70
0
 10
0.0
 20
0.0
  0
POLYLINE
  8
1
  66
1
  70
1
  0
VERTEX
  8
1
  10
47.765732
  20
205.695686
  0
VERTEX
  8
1
  10
44.924946
  20
205.695686
  0
VERTEX
  8
1
  10
34.915147
  20
205.695686
  0
VERTEX
  8
1
  10
24.669371
  20
205.695686
  0
VERTEX
  8
1
  10
14.401388
  20
205.695686
  0
VERTEX
  8
1
  10
4.337816
  20
205.695686
  0
VERTEX
  8
1
  10
-5.930167
  20
205.695686
  0
VERTEX
  8
1
  10
-16.198149
  20
205.695686
  0
VERTEX
  8
1
  10
-26.347923
  20
205.695686
  0
VERTEX
  8
1
  10
-36.615896
  20
205.695686
  0
VERTEX
  8
1
  10
-46.883879
  20
205.695686
  0
VERTEX
  8
1
  10
-56.885319
  20
205.695686
  0
VERTEX
  8
1
  10
-67.153292
  20
205.695686
  0
VERTEX
  8
1
  10
-77.421269
  20
205.695686
  0
VERTEX
  8
1
  10
-87.542772
  20
205.695686
  0
VERTEX
  8
1
  10
-97.810755
  20
205.695686
  0
VERTEX
  8
1
  10
-108.078728
  20
205.695686
  0
VERTEX
  8
1
  10
-118.186674
  20
205.695686
  0
VERTEX
  8
1
  10
-128.454657
  20
205.695686
  0
VERTEX
  8
1
  10
-138.722630
  20
205.695686
  0
VERTEX
  8
1
  10
-149.037085
  20
205.695686
  0
VERTEX
  8
1
  10
-159.249058
  20
205.695686
  0
VERTEX
  8
1
  10
-169.734116
  20
205.695686
  0
VERTEX
  8
1
  10
-177.991600
  20
205.695686
  0
VERTEX
  8
1
  10
-188.043041
  20
205.695686
  0
VERTEX
  8
1
  10
-198.303509
  20
205.695686
  0
VERTEX
  8
1
  10
-208.550415
  20
205.695686
  0
VERTEX
  8
1
  10
-218.797321
  20
205.695686
  0
VERTEX
  8
1
  10
-229.062138
  20
205.695686
  0
VERTEX
  8
1
  10
-239.309025
  20
205.695686
  0
VERTEX
  8
1
  10
-249.555931
  20
205.695686
  0
VERTEX
  8
1
  10
-259.573498
  20
205.695686
  0
VERTEX
  8
1
  10
-269.820404
  20
205.695686
  0
VERTEX
  8
1
  10
-280.067310
  20
205.695686
  0
VERTEX
  8
1
  10
-290.072517
  20
205.695686
  0
VERTEX
  8
1
  10
-300.319405
  20
205.695686
  0
VERTEX
  8
1
  10
-310.566311
  20
205.695686
  0
VERTEX
  8
1
  10
-320.606461
  20
205.695686
  0
VERTEX
  8
1
  10
-330.853386
  20
205.695686
  0
VERTEX
  8
1
  10
-341.100273
  20
205.695686
  0
VERTEX
  8
1
  10
-351.116524
  20
205.695686
  0
VERTEX
  8
1
  10
-361.363449
  20
205.695686
  0
VERTEX
  8
1
  10
-371.610336
  20
205.695686
  0
VERTEX
  8
1
  10
-381.664810
  20
205.695686
  0
VERTEX
  8
1
  10
-391.734848
  20
205.695686
  0
VERTEX
  8
1
  10
-401.885986
  20
205.695686
  0
VERTEX
  8
1
  10
-412.234116
  20
205.695686
  0
VERTEX
  8
1
  10
-419.666977
  20
205.695686
  0
VERTEX
  8
1
  10
-429.685516
  20
205.695686
  0
VERTEX
  8
1
  10
-439.716682
  20
205.695686
  0
VERTEX
  8
1
  10
-450.026588
  20
205.695686
  0
VERTEX
  8
1
  10
-460.304947
  20
205.695686
  0
VERTEX
  8
1
  10
-470.583344
  20
205.695686
  0
VERTEX
  8
1
  10
-480.677757
  20
205.695686
  0
VERTEX
  8
1
  10
-490.956154
  20
205.695686
  0
VERTEX
  8
1
  10
-501.234512
  20
205.695686
  0
VERTEX
  8
1
  10
-511.308403
  20
205.695686
  0
VERTEX
  8
1
  10
-521.586800
  20
205.695686
  0
VERTEX
  8
1
  10
-531.865158
  20
205.695686
  0
VERTEX
  8
1
  10
-542.106590
  20
205.695686
  0
VERTEX
  8
1
  10
-552.384949
  20
205.695686
  0
VERTEX
  8
1
  10
-562.703056
  20
205.695686
  0
VERTEX
  8
1
  10
-572.981453
  20
205.695686
  0
VERTEX
  8
1
  10
-583.259811
  20
205.695686
  0
VERTEX
  8
1
  10
-593.538170
  20
205.695686
  0
VERTEX
  8
1
  10
-603.679619
  20
205.695686
  0
VERTEX
  8
1
  10
-613.957977
  20
205.695686
  0
VERTEX
  8
1
  10
-624.262466
  20
205.695686
  0
VERTEX
  8
1
  10
-634.337692
  20
205.695686
  0
VERTEX
  8
1
  10
-644.455338
  20
205.695686
  0
VERTEX
  8
1
  10
-654.734497
  20
205.695686
  0
VERTEX
  8
1
  10
-658.804779
  20
205.695686
  0
VERTEX
  8
1
  10
-668.810196
  20
205.695686
  0
VERTEX
  8
1
  10
-678.797684
  20
205.695686
  0
VERTEX
  8
1
  10
-689.064636
  20
205.695686
  0
VERTEX
  8
1
  10
-699.357986
  20
205.695686
  0
VERTEX
  8
1
  10
-709.434128
  20
205.695686
  0
VERTEX
  8
1
  10
-719.510269
  20
205.695686
  0
VERTEX
  8
1
  10
-729.712982
  20
205.695686
  0
VERTEX
  8
1
  10
-739.789047
  20
205.695686
  0
VERTEX
  8
1
  10
-750.238419
  20
205.695686
  0
VERTEX
  8
1
  10
-760.136337
  20
205.695686
  0
VERTEX
  8
1
  10
-770.212402
  20
205.695686
  0
VERTEX
  8
1
  10
-780.391388
  20
205.695686
  0
VERTEX
  8
1
  10
-790.467453
  20
205.695686
  0
VERTEX
  8
1
  10
-800.543594
  20
205.695686
  0
VERTEX
  8
1
  10
-810.888062
  20
205.695686
  0
VERTEX
  8
1
  10
-820.964203
  20
205.695686
  0
VERTEX
  8
1
  10
-831.040268
  20
205.695686
  0
VERTEX
  8
1
  10
-841.144562
  20
205.695686
  0
VERTEX
  8
1
  10
-851.417847
  20
205.695686
  0
VERTEX
  8
1
  10
-861.811829
  20
205.695686
  0
VERTEX
  8
1
  10
-875.878677
  20
205.695686
  0
VERTEX
  8
1
  10
-897.234268
  20
205.695686
  0
VERTEX
  8
1
  10
-897.234268
  20
277.695618
  0
VERTEX
  8
1
  10
-877.706985
  20
277.695618
  0
VERTEX
  8
1
  10
-869.125137
  20
277.695618
  0
VERTEX
  8
1
  10
-859.135208
  20
277.695618
  0
VERTEX
  8
1
  10
-848.866119
  20
277.695618
  0
VERTEX
  8
1
  10
-838.548965
  20
277.695618
  0
VERTEX
  8
1
  10
-828.231735
  20
277.695618
  0
VERTEX
  8
1
  10
-818.106537
  20
277.695618
  0
VERTEX
  8
1
  10
-807.789307
  20
277.695618
  0
VERTEX
  8
1
  10
-797.472076
  20
277.695618
  0
VERTEX
  8
1
  10
-787.325287
  20
277.695618
  0
VERTEX
  8
1
  10
-777.008057
  20
277.695618
  0
VERTEX
  8
1
  10
-766.703033
  20
277.695618
  0
VERTEX
  8
1
  10
-756.385803
  20
277.695618
  0
VERTEX
  8
1
  10
-746.068573
  20
277.695618
  0
VERTEX
  8
1
  10
-735.751266
  20
277.695618
  0
VERTEX
  8
1
  10
-725.743713
  20
277.695618
  0
VERTEX
  8
1
  10
-715.426407
  20
277.695618
  0
VERTEX
  8
1
  10
-705.109177
  20
277.695618
  0
VERTEX
  8
1
  10
-694.817123
  20
277.695618
  0
VERTEX
  8
1
  10
-684.499893
  20
277.695618
  0
VERTEX
  8
1
  10
-674.182587
  20
277.695618
  0
VERTEX
  8
1
  10
-664.067307
  20
277.695618
  0
VERTEX
  8
1
  10
-653.750076
  20
277.695618
  0
VERTEX
  8
1
  10
-643.432846
  20
277.695618
  0
VERTEX
  8
1
  10
-633.115578
  20
277.695618
  0
VERTEX
  8
1
  10
-622.944908
  20
277.695618
  0
VERTEX
  8
1
  10
-612.627678
  20
277.695618
  0
VERTEX
  8
1
  10
-602.310448
  20
277.695618
  0
VERTEX
  8
1
  10
-592.196312
  20
277.695618
  0
VERTEX
  8
1
  10
-581.879082
  20
277.695618
  0
VERTEX
  8
1
  10
-571.561775
  20
277.695618
  0
VERTEX
  8
1
  10
-561.244545
  20
277.695618
  0
VERTEX
  8
1
  10
-550.954781
  20
277.695618
  0
VERTEX
  8
1
  10
-540.637550
  20
277.695618
  0
VERTEX
  8
1
  10
-530.320320
  20
277.695618
  0
VERTEX
  8
1
  10
-520.310745
  20
277.695618
  0
VERTEX
  8
1
  10
-509.993477
  20
277.695618
  0
VERTEX
  8
1
  10
-499.676247
  20
277.695618
  0
VERTEX
  8
1
  10
-489.496422
  20
277.695618
  0
VERTEX
  8
1
  10
-479.179192
  20
277.695618
  0
VERTEX
  8
1
  10
-468.861961
  20
277.695618
  0
VERTEX
  8
1
  10
-458.554192
  20
277.695618
  0
VERTEX
  8
1
  10
-448.236961
  20
277.695618
  0
VERTEX
  8
1
  10
-437.919693
  20
277.695618
  0
VERTEX
  8
1
  10
-427.802429
  20
277.695618
  0
VERTEX
  8
1
  10
-417.485161
  20
277.695618
  0
VERTEX
  8
1
  10
-407.167931
  20
277.695618
  0
VERTEX
  8
1
  10
-396.975517
  20
277.695618
  0
VERTEX
  8
1
  10
-386.658249
  20
277.695618
  0
VERTEX
  8
1
  10
-376.341019
  20
277.695618
  0
VERTEX
  8
1
  10
-366.158485
  20
277.695618
  0
VERTEX
  8
1
  10
-355.841217
  20
277.695618
  0
VERTEX
  8
1
  10
-345.523987
  20
277.695618
  0
VERTEX
  8
1
  10
-335.492401
  20
277.695618
  0
VERTEX
  8
1
  10
-325.175133
  20
277.695618
  0
VERTEX
  8
1
  10
-314.857903
  20
277.695618
  0
VERTEX
  8
1
  10
-304.847298
  20
277.695618
  0
VERTEX
  8
1
  10
-294.530029
  20
277.695618
  0
VERTEX
  8
1
  10
-284.212799
  20
277.695618
  0
VERTEX
  8
1
  10
-274.041290
  20
277.695618
  0
VERTEX
  8
1
  10
-263.724060
  20
277.695618
  0
VERTEX
  8
1
  10
-253.406792
  20
277.695618
  0
VERTEX
  8
1
  10
-243.089561
  20
277.695618
  0
VERTEX
  8
1
  10
-233.074989
  20
277.695618
  0
VERTEX
  8
1
  10
-222.757721
  20
277.695618
  0
VERTEX
  8
1
  10
-212.440491
  20
277.695618
  0
VERTEX
  8
1
  10
-202.213039
  20
277.695618
  0
VERTEX
  8
1
  10
-191.895790
  20
277.695618
  0
VERTEX
  8
1
  10
-181.578541
  20
277.695618
  0
VERTEX
  8
1
  10
-171.261292
  20
277.695618
  0
VERTEX
  8
1
  10
-161.138935
  20
277.695618
  0
VERTEX
  8
1
  10
-150.821686
  20
277.695618
  0
VERTEX
  8
1
  10
-140.504436
  20
277.695618
  0
VERTEX
  8
1
  10
-130.170021
  20
277.695618
  0
VERTEX
  8
1
  10
-119.852791
  20
277.695618
  0
VERTEX
  8
1
  10
-109.535542
  20
277.695618
  0
VERTEX
  8
1
  10
-99.218292
  20
277.695618
  0
VERTEX
  8
1
  10
-89.022827
  20
277.695618
  0
VERTEX
  8
1
  10
-78.705578
  20
277.695618
  0
VERTEX
  8
1
  10
-68.388329
  20
277.695618
  0
VERTEX
  8
1
  10
-58.213086
  20
277.695618
  0
VERTEX
  8
1
  10
-47.895837
  20
277.695618
  0
VERTEX
  8
1
  10
-37.578585
  20
277.695618
  0
VERTEX
  8
1
  10
-27.394946
  20
277.695618
  0
VERTEX
  8
1
  10
-17.077706
  20
277.695618
  0
VERTEX
  8
1
  10
-6.760457
  20
277.695618
  0
VERTEX
  8
1
  10
3.568809
  20
277.695618
  0
VERTEX
  8
1
  10
13.886058
  20
277.695618
  0
VERTEX
  8
1
  10
24.203298
  20
277.695618
  0
VERTEX
  8
1
  10
34.377007
  20
277.695618
  0
VERTEX
  8
1
  10
44.694257
  20
277.695618
  0
VERTEX
  8
1
  10
55.011501
  20
277.695618
  0
VERTEX
  8
1
  10
65.244427
  20
277.695618
  0
VERTEX
  8
1
  10
75.362530
  20
277.695618
  0
VERTEX
  8
1
  10
85.486126
  20
277.695618
  0
VERTEX
  8
1
  10
99.445848
  20
277.695618
  0
VERTEX
  8
1
  10
120.765753
  20
277.695618
  0
VERTEX
  8
1
  10
120.765753
  20
205.695686
  0
VERTEX
  8
1
  10
52.765732
  20
205.695686
  0
SEQEND
  8
1
  0
POINT
  8
2
 10
47.765732
 20
205.695686
  0
TEXT
  8
2
 10
47.765732
 20
205.695686
 40
0.000000
 50
0.000000
  1
# 601
  0
POINT
  8
2
 10
-169.734116
 20
205.695686
  0
TEXT
  8
2
 10
-169.734116
 20
205.695686
 40
0.000000
 50
0.000000
  1
# 602
  0
POINT
  8
2
 10
-412.234116
 20
205.695686
  0
TEXT
  8
2
 10
-412.234116
 20
205.695686
 40
0.000000
 50
0.000000
  1
# 603
  0
POINT
  8
2
 10
-654.734497
 20
205.695686
  0
TEXT
  8
2
 10
-654.734497
 20
205.695686
 40
0.000000
 50
0.000000
  1
# 604
  0
POINT
  8
2
 10
-897.234268
 20
205.695686
  0
TEXT
  8
2
 10
-897.234268
 20
205.695686
 40
0.000000
 50
0.000000
  1
# 605
  0
POINT
  8
2
 10
-897.234268
 20
277.695618
  0
TEXT
  8
2
 10
-897.234268
 20
277.695618
 40
0.000000
 50
0.000000
  1
# 606
  0
POINT
  8
2
 10
120.765753
 20
277.695618
  0
TEXT
  8
2
 10
120.765753
 20
277.695618
 40
0.000000
 50
0.000000
  1
# 607
  0
POINT
  8
2
 10
120.765753
 20
205.695686
  0
TEXT
  8
2
 10
120.765753
 20
205.695686
 40
0.000000
 50
0.000000
  1
# 608
  0
POINT
  8
2
 10
52.765732
 20
205.695686
  0
TEXT
  8
2
 10
52.765732
 20
205.695686
 40
0.000000
 50
0.000000
  1
# 609
  0
POINT
  8
3
 10
44.924946
 20
205.695686
  0
POINT
  8
3
 10
34.915147
 20
205.695686
  0
POINT
  8
3
 10
24.669371
 20
205.695686
  0
POINT
  8
3
 10
14.401388
 20
205.695686
  0
POINT
  8
3
 10
4.337816
 20
205.695686
  0
POINT
  8
3
 10
-5.930167
 20
205.695686
  0
POINT
  8
3
 10
-16.198149
 20
205.695686
  0
POINT
  8
3
 10
-26.347923
 20
205.695686
  0
POINT
  8
3
 10
-36.615896
 20
205.695686
  0
POINT
  8
3
 10
-46.883879
 20
205.695686
  0
POINT
  8
3
 10
-56.885319
 20
205.695686
  0
POINT
  8
3
 10
-67.153292
 20
205.695686
  0
POINT
  8
3
 10
-77.421269
 20
205.695686
  0
POINT
  8
3
 10
-87.542772
 20
205.695686
  0
POINT
  8
3
 10
-97.810755
 20
205.695686
  0
POINT
  8
3
 10
-108.078728
 20
205.695686
  0
POINT
  8
3
 10
-118.186674
 20
205.695686
  0
POINT
  8
3
 10
-128.454657
 20
205.695686
  0
POINT
  8
3
 10
-138.722630
 20
205.695686
  0
POINT
  8
3
 10
-149.037085
 20
205.695686
  0
POINT
  8
3
 10
-159.249058
 20
205.695686
  0
POINT
  8
3
 10
-177.991600
 20
205.695686
  0
POINT
  8
3
 10
-188.043041
 20
205.695686
  0
POINT
  8
3
 10
-198.303509
 20
205.695686
  0
POINT
  8
3
 10
-208.550415
 20
205.695686
  0
POINT
  8
3
 10
-218.797321
 20
205.695686
  0
POINT
  8
3
 10
-229.062138
 20
205.695686
  0
POINT
  8
3
 10
-239.309025
 20
205.695686
  0
POINT
  8
3
 10
-249.555931
 20
205.695686
  0
POINT
  8
3
 10
-259.573498
 20
205.695686
  0
POINT
  8
3
 10
-269.820404
 20
205.695686
  0
POINT
  8
3
 10
-280.067310
 20
205.695686
  0
POINT
  8
3
 10
-290.072517
 20
205.695686
  0
POINT
  8
3
 10
-300.319405
 20
205.695686
  0
POINT
  8
3
 10
-310.566311
 20
205.695686
  0
POINT
  8
3
 10
-320.606461
 20
205.695686
  0
POINT
  8
3
 10
-330.853386
 20
205.695686
  0
POINT
  8
3
 10
-341.100273
 20
205.695686
  0
POINT
  8
3
 10
-351.116524
 20
205.695686
  0
POINT
  8
3
 10
-361.363449
 20
205.695686
  0
POINT
  8
3
 10
-371.610336
 20
205.695686
  0
POINT
  8
3
 10
-381.664810
 20
205.695686
  0
POINT
  8
3
 10
-391.734848
 20
205.695686
  0
POINT
  8
3
 10
-401.885986
 20
205.695686
  0
POINT
  8
3
 10
-419.666977
 20
205.695686
  0
POINT
  8
3
 10
-429.685516
 20
205.695686
  0
POINT
  8
3
 10
-439.716682
 20
205.695686
  0
POINT
  8
3
 10
-450.026588
 20
205.695686
  0
POINT
  8
3
 10
-460.304947
 20
205.695686
  0
POINT
  8
3
 10
-470.583344
 20
205.695686
  0
POINT
  8
3
 10
-480.677757
 20
205.695686
  0
POINT
  8
3
 10
-490.956154
 20
205.695686
  0
POINT
  8
3
 10
-501.234512
 20
205.695686
  0
POINT
  8
3
 10
-511.308403
 20
205.695686
  0
POINT
  8
3
 10
-521.586800
 20
205.695686
  0
POINT
  8
3
 10
-531.865158
 20
205.695686
  0
POINT
  8
3
 10
-542.106590
 20
205.695686
  0
POINT
  8
3
 10
-552.384949
 20
205.695686
  0
POINT
  8
3
 10
-562.703056
 20
205.695686
  0
POINT
  8
3
 10
-572.981453
 20
205.695686
  0
POINT
  8
3
 10
-583.259811
 20
205.695686
  0
POINT
  8
3
 10
-593.538170
 20
205.695686
  0
POINT
  8
3
 10
-603.679619
 20
205.695686
  0
POINT
  8
3
 10
-613.957977
 20
205.695686
  0
POINT
  8
3
 10
-624.262466
 20
205.695686
  0
POINT
  8
3
 10
-634.337692
 20
205.695686
  0
POINT
  8
3
 10
-644.455338
 20
205.695686
  0
POINT
  8
3
 10
-658.804779
 20
205.695686
  0
POINT
  8
3
 10
-668.810196
 20
205.695686
  0
POINT
  8
3
 10
-678.797684
 20
205.695686
  0
POINT
  8
3
 10
-689.064636
 20
205.695686
  0
POINT
  8
3
 10
-699.357986
 20
205.695686
  0
POINT
  8
3
 10
-709.434128
 20
205.695686
  0
POINT
  8
3
 10
-719.510269
 20
205.695686
  0
POINT
  8
3
 10
-729.712982
 20
205.695686
  0
POINT
  8
3
 10
-739.789047
 20
205.695686
  0
POINT
  8
3
 10
-750.238419
 20
205.695686
  0
POINT
  8
3
 10
-760.136337
 20
205.695686
  0
POINT
  8
3
 10
-770.212402
 20
205.695686
  0
POINT
  8
3
 10
-780.391388
 20
205.695686
  0
POINT
  8
3
 10
-790.467453
 20
205.695686
  0
POINT
  8
3
 10
-800.543594
 20
205.695686
  0
POINT
  8
3
 10
-810.888062
 20
205.695686
  0
POINT
  8
3
 10
-820.964203
 20
205.695686
  0
POINT
  8
3
 10
-831.040268
 20
205.695686
  0
POINT
  8
3
 10
-841.144562
 20
205.695686
  0
POINT
  8
3
 10
-851.417847
 20
205.695686
  0
POINT
  8
3
 10
-861.811829
 20
205.695686
  0
POINT
  8
3
 10
-875.878677
 20
205.695686
  0
POINT
  8
3
 10
-877.706985
 20
277.695618
  0
POINT
  8
3
 10
-869.125137
 20
277.695618
  0
POINT
  8
3
 10
-859.135208
 20
277.695618
  0
POINT
  8
3
 10
-848.866119
 20
277.695618
  0
POINT
  8
3
 10
-838.548965
 20
277.695618
  0
POINT
  8
3
 10
-828.231735
 20
277.695618
  0
POINT
  8
3
 10
-818.106537
 20
277.695618
  0
POINT
  8
3
 10
-807.789307
 20
277.695618
  0
POINT
  8
3
 10
-797.472076
 20
277.695618
  0
POINT
  8
3
 10
-787.325287
 20
277.695618
  0
POINT
  8
3
 10
-777.008057
 20
277.695618
  0
POINT
  8
3
 10
-766.703033
 20
277.695618
  0
POINT
  8
3
 10
-756.385803
 20
277.695618
  0
POINT
  8
3
 10
-746.068573
 20
277.695618
  0
POINT
  8
3
 10
-735.751266
 20
277.695618
  0
POINT
  8
3
 10
-725.743713
 20
277.695618
  0
POINT
  8
3
 10
-715.426407
 20
277.695618
  0
POINT
  8
3
 10
-705.109177
 20
277.695618
  0
POINT
  8
3
 10
-694.817123
 20
277.695618
  0
POINT
  8
3
 10
-684.499893
 20
277.695618
  0
POINT
  8
3
 10
-674.182587
 20
277.695618
  0
POINT
  8
3
 10
-664.067307
 20
277.695618
  0
POINT
  8
3
 10
-653.750076
 20
277.695618
  0
POINT
  8
3
 10
-643.432846
 20
277.695618
  0
POINT
  8
3
 10
-633.115578
 20
277.695618
  0
POINT
  8
3
 10
-622.944908
 20
277.695618
  0
POINT
  8
3
 10
-612.627678
 20
277.695618
  0
POINT
  8
3
 10
-602.310448
 20
277.695618
  0
POINT
  8
3
 10
-592.196312
 20
277.695618
  0
POINT
  8
3
 10
-581.879082
 20
277.695618
  0
POINT
  8
3
 10
-571.561775
 20
277.695618
  0
POINT
  8
3
 10
-561.244545
 20
277.695618
  0
POINT
  8
3
 10
-550.954781
 20
277.695618
  0
POINT
  8
3
 10
-540.637550
 20
277.695618
  0
POINT
  8
3
 10
-530.320320
 20
277.695618
  0
POINT
  8
3
 10
-520.310745
 20
277.695618
  0
POINT
  8
3
 10
-509.993477
 20
277.695618
  0
POINT
  8
3
 10
-499.676247
 20
277.695618
  0
POINT
  8
3
 10
-489.496422
 20
277.695618
  0
POINT
  8
3
 10
-479.179192
 20
277.695618
  0
POINT
  8
3
 10
-468.861961
 20
277.695618
  0
POINT
  8
3
 10
-458.554192
 20
277.695618
  0
POINT
  8
3
 10
-448.236961
 20
277.695618
  0
POINT
  8
3
 10
-437.919693
 20
277.695618
  0
POINT
  8
3
 10
-427.802429
 20
277.695618
  0
POINT
  8
3
 10
-417.485161
 20
277.695618
  0
POINT
  8
3
 10
-407.167931
 20
277.695618
  0
POINT
  8
3
 10
-396.975517
 20
277.695618
  0
POINT
  8
3
 10
-386.658249
 20
277.695618
  0
POINT
  8
3
 10
-376.341019
 20
277.695618
  0
POINT
  8
3
 10
-366.158485
 20
277.695618
  0
POINT
  8
3
 10
-355.841217
 20
277.695618
  0
POINT
  8
3
 10
-345.523987
 20
277.695618
  0
POINT
  8
3
 10
-335.492401
 20
277.695618
  0
POINT
  8
3
 10
-325.175133
 20
277.695618
  0
POINT
  8
3
 10
-314.857903
 20
277.695618
  0
POINT
  8
3
 10
-304.847298
 20
277.695618
  0
POINT
  8
3
 10
-294.530029
 20
277.695618
  0
POINT
  8
3
 10
-284.212799
 20
277.695618
  0
POINT
  8
3
 10
-274.041290
 20
277.695618
  0
POINT
  8
3
 10
-263.724060
 20
277.695618
  0
POINT
  8
3
 10
-253.406792
 20
277.695618
  0
POINT
  8
3
 10
-243.089561
 20
277.695618
  0
POINT
  8
3
 10
-233.074989
 20
277.695618
  0
POINT
  8
3
 10
-222.757721
 20
277.695618
  0
POINT
  8
3
 10
-212.440491
 20
277.695618
  0
POINT
  8
3
 10
-202.213039
 20
277.695618
  0
POINT
  8
3
 10
-191.895790
 20
277.695618
  0
POINT
  8
3
 10
-181.578541
 20
277.695618
  0
POINT
  8
3
 10
-171.261292
 20
277.695618
  0
POINT
  8
3
 10
-161.138935
 20
277.695618
  0
POINT
  8
3
 10
-150.821686
 20
277.695618
  0
POINT
  8
3
 10
-140.504436
 20
277.695618
  0
POINT
  8
3
 10
-130.170021
 20
277.695618
  0
POINT
  8
3
 10
-119.852791
 20
277.695618
  0
POINT
  8
3
 10
-109.535542
 20
277.695618
  0
POINT
  8
3
 10
-99.218292
 20
277.695618
  0
POINT
  8
3
 10
-89.022827
 20
277.695618
  0
POINT
  8
3
 10
-78.705578
 20
277.695618
  0
POINT
  8
3
 10
-68.388329
 20
277.695618
  0
POINT
  8
3
 10
-58.213086
 20
277.695618
  0
POINT
  8
3
 10
-47.895837
 20
277.695618
  0
POINT
  8
3
 10
-37.578585
 20
277.695618
  0
POINT
  8
3
 10
-27.394946
 20
277.695618
  0
POINT
  8
3
 10
-17.077706
 20
277.695618
  0
POINT
  8
3
 10
-6.760457
 20
277.695618
  0
POINT
  8
3
 10
3.568809
 20
277.695618
  0
POINT
  8
3
 10
13.886058
 20
277.695618
  0
POINT
  8
3
 10
24.203298
 20
277.695618
  0
POINT
  8
3
 10
34.377007
 20
277.695618
  0
POINT
  8
3
 10
44.694257
 20
277.695618
  0
POINT
  8
3
 10
55.011501
 20
277.695618
  0
POINT
  8
3
 10
65.244427
 20
277.695618
  0
POINT
  8
3
 10
75.362530
 20
277.695618
  0
POINT
  8
3
 10
85.486126
 20
277.695618
  0
POINT
  8
3
 10
99.445848
 20
277.695618
  0
POLYLINE
  8
14
  66
1
  70
1
  0
VERTEX
  8
14
  10
47.765732
  20
217.695694
  0
VERTEX
  8
14
  10
44.924944
  20
217.695694
  0
VERTEX
  8
14
  10
34.915146
  20
217.695694
  0
VERTEX
  8
14
  10
24.669370
  20
217.695694
  0
VERTEX
  8
14
  10
14.401388
  20
217.695694
  0
VERTEX
  8
14
  10
4.337816
  20
217.695694
  0
VERTEX
  8
14
  10
-5.930167
  20
217.695694
  0
VERTEX
  8
14
  10
-16.198149
  20
217.695694
  0
VERTEX
  8
14
  10
-26.347924
  20
217.695694
  0
VERTEX
  8
14
  10
-36.615897
  20
217.695694
  0
VERTEX
  8
14
  10
-46.883879
  20
217.695694
  0
VERTEX
  8
14
  10
-56.885318
  20
217.695694
  0
VERTEX
  8
14
  10
-67.153289
  20
217.695694
  0
VERTEX
  8
14
  10
-77.421271
  20
217.695694
  0
VERTEX
  8
14
  10
-87.542768
  20
217.695694
  0
VERTEX
  8
14
  10
-97.810751
  20
217.695694
  0
VERTEX
  8
14
  10
-108.078730
  20
217.695694
  0
VERTEX
  8
14
  10
-118.186673
  20
217.695694
  0
VERTEX
  8
14
  10
-128.454653
  20
217.695694
  0
VERTEX
  8
14
  10
-138.722632
  20
217.695694
  0
VERTEX
  8
14
  10
-149.037085
  20
217.695694
  0
VERTEX
  8
14
  10
-159.249054
  20
217.695694
  0
VERTEX
  8
14
  10
-169.734116
  20
217.695694
  0
VERTEX
  8
14
  10
-177.991592
  20
217.695694
  0
VERTEX
  8
14
  10
-188.043044
  20
217.695694
  0
VERTEX
  8
14
  10
-198.303516
  20
217.695694
  0
VERTEX
  8
14
  10
-208.550423
  20
217.695694
  0
VERTEX
  8
14
  10
-218.797328
  20
217.695694
  0
VERTEX
  8
14
  10
-229.062143
  20
217.695694
  0
VERTEX
  8
14
  10
-239.309029
  20
217.695694
  0
VERTEX
  8
14
  10
-249.555934
  20
217.695694
  0
VERTEX
  8
14
  10
-259.573501
  20
217.695694
  0
VERTEX
  8
14
  10
-269.820400
  20
217.695694
  0
VERTEX
  8
14
  10
-280.067308
  20
217.695694
  0
VERTEX
  8
14
  10
-290.072516
  20
217.695694
  0
VERTEX
  8
14
  10
-300.319412
  20
217.695694
  0
VERTEX
  8
14
  10
-310.566315
  20
217.695694
  0
VERTEX
  8
14
  10
-320.606472
  20
217.695694
  0
VERTEX
  8
14
  10
-330.853377
  20
217.695694
  0
VERTEX
  8
14
  10
-341.100283
  20
217.695694
  0
VERTEX
  8
14
  10
-351.116533
  20
217.695694
  0
VERTEX
  8
14
  10
-361.363440
  20
217.695694
  0
VERTEX
  8
14
  10
-371.610341
  20
217.695694
  0
VERTEX
  8
14
  10
-381.664819
  20
217.695694
  0
VERTEX
  8
14
  10
-391.734860
  20
217.695694
  0
VERTEX
  8
14
  10
-401.885989
  20
217.695694
  0
VERTEX
  8
14
  10
-412.234116
  20
217.695694
  0
VERTEX
  8
14
  10
-419.666964
  20
217.695694
  0
VERTEX
  8
14
  10
-429.685518
  20
217.695694
  0
VERTEX
  8
14
  10
-439.716698
  20
217.695694
  0
VERTEX
  8
14
  10
-450.026597
  20
217.695694
  0
VERTEX
  8
14
  10
-460.304957
  20
217.695694
  0
VERTEX
  8
14
  10
-470.583334
  20
217.695694
  0
VERTEX
  8
14
  10
-480.677765
  20
217.695694
  0
VERTEX
  8
14
  10
-490.956139
  20
217.695694
  0
VERTEX
  8
14
  10
-501.234512
  20
217.695694
  0
VERTEX
  8
14
  10
-511.308418
  20
217.695694
  0
VERTEX
  8
14
  10
-521.586792
  20
217.695694
  0
VERTEX
  8
14
  10
-531.865159
  20
217.695694
  0
VERTEX
  8
14
  10
-542.106593
  20
217.695694
  0
VERTEX
  8
14
  10
-552.384964
  20
217.695694
  0
VERTEX
  8
14
  10
-562.703056
  20
217.695694
  0
VERTEX
  8
14
  10
-572.981438
  20
217.695694
  0
VERTEX
  8
14
  10
-583.259810
  20
217.695694
  0
VERTEX
  8
14
  10
-593.538181
  20
217.695694
  0
VERTEX
  8
14
  10
-603.679619
  20
217.695694
  0
VERTEX
  8
14
  10
-613.957993
  20
217.695694
  0
VERTEX
  8
14
  10
-624.262463
  20
217.695694
  0
VERTEX
  8
14
  10
-634.337677
  20
217.695694
  0
VERTEX
  8
14
  10
-644.455361
  20
217.695694
  0
VERTEX
  8
14
  10
-654.734497
  20
217.695694
  0
VERTEX
  8
14
  10
-658.804743
  20
217.695694
  0
VERTEX
  8
14
  10
-668.810199
  20
217.695694
  0
VERTEX
  8
14
  10
-678.797672
  20
217.695694
  0
VERTEX
  8
14
  10
-689.064599
  20
217.695694
  0
VERTEX
  8
14
  10
-699.358012
  20
217.695694
  0
VERTEX
  8
14
  10
-709.434133
  20
217.695694
  0
VERTEX
  8
14
  10
-719.510256
  20
217.695694
  0
VERTEX
  8
14
  10
-729.712944
  20
217.695694
  0
VERTEX
  8
14
  10
-739.789072
  20
217.695694
  0
VERTEX
  8
14
  10
-750.238383
  20
217.695694
  0
VERTEX
  8
14
  10
-760.136314
  20
217.695694
  0
VERTEX
  8
14
  10
-770.212437
  20
217.695694
  0
VERTEX
  8
14
  10
-780.391375
  20
217.695694
  0
VERTEX
  8
14
  10
-790.467488
  20
217.695694
  0
VERTEX
  8
14
  10
-800.543609
  20
217.695694
  0
VERTEX
  8
14
  10
-810.888072
  20
217.695694
  0
VERTEX
  8
14
  10
-820.964183
  20
217.695694
  0
VERTEX
  8
14
  10
-831.040292
  20
217.695694
  0
VERTEX
  8
14
  10
-841.144537
  20
217.695694
  0
VERTEX
  8
14
  10
-851.417869
  20
217.695694
  0
VERTEX
  8
14
  10
-861.811832
  20
217.695694
  0
VERTEX
  8
14
  10
-872.234268
  20
217.695694
  0
VERTEX
  8
14
  10
-872.234268
  20
267.695618
  0
VERTEX
  8
14
  10
-869.125137
  20
267.695618
  0
VERTEX
  8
14
  10
-859.135213
  20
267.695618
  0
VERTEX
  8
14
  10
-848.866152
  20
267.695618
  0
VERTEX
  8
14
  10
-838.548932
  20
267.695618
  0
VERTEX
  8
14
  10
-828.231711
  20
267.695618
  0
VERTEX
  8
14
  10
-818.106514
  20
267.695618
  0
VERTEX
  8
14
  10
-807.789279
  20
267.695618
  0
VERTEX
  8
14
  10
-797.472041
  20
267.695618
  0
VERTEX
  8
14
  10
-787.325319
  20
267.695618
  0
VERTEX
  8
14
  10
-777.008083
  20
267.695618
  0
VERTEX
  8
14
  10
-766.703057
  20
267.695618
  0
VERTEX
  8
14
  10
-756.385828
  20
267.695618
  0
VERTEX
  8
14
  10
-746.068601
  20
267.695618
  0
VERTEX
  8
14
  10
-735.751295
  20
267.695618
  0
VERTEX
  8
14
  10
-725.743736
  20
267.695618
  0
VERTEX
  8
14
  10
-715.426422
  20
267.695618
  0
VERTEX
  8
14
  10
-705.109186
  20
267.695618
  0
VERTEX
  8
14
  10
-694.817134
  20
267.695618
  0
VERTEX
  8
14
  10
-684.499913
  20
267.695618
  0
VERTEX
  8
14
  10
-674.182617
  20
267.695618
  0
VERTEX
  8
14
  10
-664.067269
  20
267.695618
  0
VERTEX
  8
14
  10
-653.750041
  20
267.695618
  0
VERTEX
  8
14
  10
-643.432808
  20
267.695618
  0
VERTEX
  8
14
  10
-633.115575
  20
267.695618
  0
VERTEX
  8
14
  10
-622.944904
  20
267.695618
  0
VERTEX
  8
14
  10
-612.627674
  20
267.695618
  0
VERTEX
  8
14
  10
-602.310447
  20
267.695618
  0
VERTEX
  8
14
  10
-592.196315
  20
267.695618
  0
VERTEX
  8
14
  10
-581.879088
  20
267.695618
  0
VERTEX
  8
14
  10
-571.561785
  20
267.695618
  0
VERTEX
  8
14
  10
-561.244557
  20
267.695618
  0
VERTEX
  8
14
  10
-550.954795
  20
267.695618
  0
VERTEX
  8
14
  10
-540.637565
  20
267.695618
  0
VERTEX
  8
14
  10
-530.320335
  20
267.695618
  0
VERTEX
  8
14
  10
-520.310760
  20
267.695618
  0
VERTEX
  8
14
  10
-509.993492
  20
267.695618
  0
VERTEX
  8
14
  10
-499.676261
  20
267.695618
  0
VERTEX
  8
14
  10
-489.496434
  20
267.695618
  0
VERTEX
  8
14
  10
-479.179201
  20
267.695618
  0
VERTEX
  8
14
  10
-468.861967
  20
267.695618
  0
VERTEX
  8
14
  10
-458.554193
  20
267.695618
  0
VERTEX
  8
14
  10
-448.236959
  20
267.695618
  0
VERTEX
  8
14
  10
-437.919687
  20
267.695618
  0
VERTEX
  8
14
  10
-427.802421
  20
267.695618
  0
VERTEX
  8
14
  10
-417.485151
  20
267.695618
  0
VERTEX
  8
14
  10
-407.167920
  20
267.695618
  0
VERTEX
  8
14
  10
-396.975504
  20
267.695618
  0
VERTEX
  8
14
  10
-386.658233
  20
267.695618
  0
VERTEX
  8
14
  10
-376.341001
  20
267.695618
  0
VERTEX
  8
14
  10
-366.158468
  20
267.695618
  0
VERTEX
  8
14
  10
-355.841203
  20
267.695618
  0
VERTEX
  8
14
  10
-345.523978
  20
267.695618
  0
VERTEX
  8
14
  10
-335.492397
  20
267.695618
  0
VERTEX
  8
14
  10
-325.175134
  20
267.695618
  0
VERTEX
  8
14
  10
-314.857907
  20
267.695618
  0
VERTEX
  8
14
  10
-304.847305
  20
267.695618
  0
VERTEX
  8
14
  10
-294.530038
  20
267.695618
  0
VERTEX
  8
14
  10
-284.212808
  20
267.695618
  0
VERTEX
  8
14
  10
-274.041299
  20
267.695618
  0
VERTEX
  8
14
  10
-263.724069
  20
267.695618
  0
VERTEX
  8
14
  10
-253.406800
  20
267.695618
  0
VERTEX
  8
14
  10
-243.089569
  20
267.695618
  0
VERTEX
  8
14
  10
-233.074996
  20
267.695618
  0
VERTEX
  8
14
  10
-222.757726
  20
267.695618
  0
VERTEX
  8
14
  10
-212.440495
  20
267.695618
  0
VERTEX
  8
14
  10
-202.213043
  20
267.695618
  0
VERTEX
  8
14
  10
-191.895793
  20
267.695618
  0
VERTEX
  8
14
  10
-181.578543
  20
267.695618
  0
VERTEX
  8
14
  10
-171.261293
  20
267.695618
  0
VERTEX
  8
14
  10
-161.138935
  20
267.695618
  0
VERTEX
  8
14
  10
-150.821685
  20
267.695618
  0
VERTEX
  8
14
  10
-140.504435
  20
267.695618
  0
VERTEX
  8
14
  10
-130.170019
  20
267.695618
  0
VERTEX
  8
14
  10
-119.852789
  20
267.695618
  0
VERTEX
  8
14
  10
-109.535541
  20
267.695618
  0
VERTEX
  8
14
  10
-99.218292
  20
267.695618
  0
VERTEX
  8
14
  10
-89.022828
  20
267.695618
  0
VERTEX
  8
14
  10
-78.705580
  20
267.695618
  0
VERTEX
  8
14
  10
-68.388331
  20
267.695618
  0
VERTEX
  8
14
  10
-58.213084
  20
267.695618
  0
VERTEX
  8
14
  10
-47.895835
  20
267.695618
  0
VERTEX
  8
14
  10
-37.578586
  20
267.695618
  0
VERTEX
  8
14
  10
-27.394946
  20
267.695618
  0
VERTEX
  8
14
  10
-17.077706
  20
267.695618
  0
VERTEX
  8
14
  10
-6.760457
  20
267.695618
  0
VERTEX
  8
14
  10
3.568809
  20
267.695618
  0
VERTEX
  8
14
  10
13.886059
  20
267.695618
  0
VERTEX
  8
14
  10
24.203299
  20
267.695618
  0
VERTEX
  8
14
  10
34.377006
  20
267.695618
  0
VERTEX
  8
14
  10
44.694256
  20
267.695618
  0
VERTEX
  8
14
  10
55.011501
  20
267.695618
  0
VERTEX
  8
14
  10
65.244426
  20
267.695618
  0
VERTEX
  8
14
  10
75.362528
  20
267.695618
  0
VERTEX
  8
14
  10
85.486128
  20
267.695618
  0
VERTEX
  8
14
  10
95.765753
  20
267.695618
  0
VERTEX
  8
14
  10
95.765753
  20
217.695694
  0
VERTEX
  8
14
  10
52.765732
  20
217.695694
  0
SEQEND
  8
14
  0
POINT
  8
2
 10
47.765732
 20
217.695694
  0
TEXT
  8
2
 10
47.765732
 20
217.695694
 40
0.000000
 50
0.000000
  1
# 610
  0
POINT
  8
2
 10
-169.734116
 20
217.695694
  0
TEXT
  8
2
 10
-169.734116
 20
217.695694
 40
0.000000
 50
0.000000
  1
# 611
  0
POINT
  8
2
 10
-412.234116
 20
217.695694
  0
TEXT
  8
2
 10
-412.234116
 20
217.695694
 40
0.000000
 50
0.000000
  1
# 612
  0
POINT
  8
2
 10
-654.734497
 20
217.695694
  0
TEXT
  8
2
 10
-654.734497
 20
217.695694
 40
0.000000
 50
0.000000
  1
# 613
  0
POINT
  8
2
 10
-872.234268
 20
217.695694
  0
TEXT
  8
2
 10
-872.234268
 20
217.695694
 40
0.000000
 50
0.000000
  1
# 614
  0
POINT
  8
2
 10
-872.234268
 20
267.695618
  0
TEXT
  8
2
 10
-872.234268
 20
267.695618
 40
0.000000
 50
0.000000
  1
# 615
  0
POINT
  8
2
 10
95.765753
 20
267.695618
  0
TEXT
  8
2
 10
95.765753
 20
267.695618
 40
0.000000
 50
0.000000
  1
# 616
  0
POINT
  8
2
 10
95.765753
 20
217.695694
  0
TEXT
  8
2
 10
95.765753
 20
217.695694
 40
0.000000
 50
0.000000
  1
# 617
  0
POINT
  8
2
 10
52.765732
 20
217.695694
  0
TEXT
  8
2
 10
52.765732
 20
217.695694
 40
0.000000
 50
0.000000
  1
# 618
  0
POINT
  8
3
 10
44.924944
 20
217.695694
  0
POINT
  8
3
 10
34.915146
 20
217.695694
  0
POINT
  8
3
 10
24.669370
 20
217.695694
  0
POINT
  8
3
 10
14.401388
 20
217.695694
  0
POINT
  8
3
 10
4.337816
 20
217.695694
  0
POINT
  8
3
 10
-5.930167
 20
217.695694
  0
POINT
  8
3
 10
-16.198149
 20
217.695694
  0
POINT
  8
3
 10
-26.347924
 20
217.695694
  0
POINT
  8
3
 10
-36.615897
 20
217.695694
  0
POINT
  8
3
 10
-46.883879
 20
217.695694
  0
POINT
  8
3
 10
-56.885318
 20
217.695694
  0
POINT
  8
3
 10
-67.153289
 20
217.695694
  0
POINT
  8
3
 10
-77.421271
 20
217.695694
  0
POINT
  8
3
 10
-87.542768
 20
217.695694
  0
POINT
  8
3
 10
-97.810751
 20
217.695694
  0
POINT
  8
3
 10
-108.078730
 20
217.695694
  0
POINT
  8
3
 10
-118.186673
 20
217.695694
  0
POINT
  8
3
 10
-128.454653
 20
217.695694
  0
POINT
  8
3
 10
-138.722632
 20
217.695694
  0
POINT
  8
3
 10
-149.037085
 20
217.695694
  0
POINT
  8
3
 10
-159.249054
 20
217.695694
  0
POINT
  8
3
 10
-177.991592
 20
217.695694
  0
POINT
  8
3
 10
-188.043044
 20
217.695694
  0
POINT
  8
3
 10
-198.303516
 20
217.695694
  0
POINT
  8
3
 10
-208.550423
 20
217.695694
  0
POINT
  8
3
 10
-218.797328
 20
217.695694
  0
POINT
  8
3
 10
-229.062143
 20
217.695694
  0
POINT
  8
3
 10
-239.309029
 20
217.695694
  0
POINT
  8
3
 10
-249.555934
 20
217.695694
  0
POINT
  8
3
 10
-259.573501
 20
217.695694
  0
POINT
  8
3
 10
-269.820400
 20
217.695694
  0
POINT
  8
3
 10
-280.067308
 20
217.695694
  0
POINT
  8
3
 10
-290.072516
 20
217.695694
  0
POINT
  8
3
 10
-300.319412
 20
217.695694
  0
POINT
  8
3
 10
-310.566315
 20
217.695694
  0
POINT
  8
3
 10
-320.606472
 20
217.695694
  0
POINT
  8
3
 10
-330.853377
 20
217.695694
  0
POINT
  8
3
 10
-341.100283
 20
217.695694
  0
POINT
  8
3
 10
-351.116533
 20
217.695694
  0
POINT
  8
3
 10
-361.363440
 20
217.695694
  0
POINT
  8
3
 10
-371.610341
 20
217.695694
  0
POINT
  8
3
 10
-381.664819
 20
217.695694
  0
POINT
  8
3
 10
-391.734860
 20
217.695694
  0
POINT
  8
3
 10
-401.885989
 20
217.695694
  0
POINT
  8
3
 10
-419.666964
 20
217.695694
  0
POINT
  8
3
 10
-429.685518
 20
217.695694
  0
POINT
  8
3
 10
-439.716698
 20
217.695694
  0
POINT
  8
3
 10
-450.026597
 20
217.695694
  0
POINT
  8
3
 10
-460.304957
 20
217.695694
  0
POINT
  8
3
 10
-470.583334
 20
217.695694
  0
POINT
  8
3
 10
-480.677765
 20
217.695694
  0
POINT
  8
3
 10
-490.956139
 20
217.695694
  0
POINT
  8
3
 10
-501.234512
 20
217.695694
  0
POINT
  8
3
 10
-511.308418
 20
217.695694
  0
POINT
  8
3
 10
-521.586792
 20
217.695694
  0
POINT
  8
3
 10
-531.865159
 20
217.695694
  0
POINT
  8
3
 10
-542.106593
 20
217.695694
  0
POINT
  8
3
 10
-552.384964
 20
217.695694
  0
POINT
  8
3
 10
-562.703056
 20
217.695694
  0
POINT
  8
3
 10
-572.981438
 20
217.695694
  0
POINT
  8
3
 10
-583.259810
 20
217.695694
  0
POINT
  8
3
 10
-593.538181
 20
217.695694
  0
POINT
  8
3
 10
-603.679619
 20
217.695694
  0
POINT
  8
3
 10
-613.957993
 20
217.695694
  0
POINT
  8
3
 10
-624.262463
 20
217.695694
  0
POINT
  8
3
 10
-634.337677
 20
217.695694
  0
POINT
  8
3
 10
-644.455361
 20
217.695694
  0
POINT
  8
3
 10
-658.804743
 20
217.695694
  0
POINT
  8
3
 10
-668.810199
 20
217.695694
  0
POINT
  8
3
 10
-678.797672
 20
217.695694
  0
POINT
  8
3
 10
-689.064599
 20
217.695694
  0
POINT
  8
3
 10
-699.358012
 20
217.695694
  0
POINT
  8
3
 10
-709.434133
 20
217.695694
  0
POINT
  8
3
 10
-719.510256
 20
217.695694
  0
POINT
  8
3
 10
-729.712944
 20
217.695694
  0
POINT
  8
3
 10
-739.789072
 20
217.695694
  0
POINT
  8
3
 10
-750.238383
 20
217.695694
  0
POINT
  8
3
 10
-760.136314
 20
217.695694
  0
POINT
  8
3
 10
-770.212437
 20
217.695694
  0
POINT
  8
3
 10
-780.391375
 20
217.695694
  0
POINT
  8
3
 10
-790.467488
 20
217.695694
  0
POINT
  8
3
 10
-800.543609
 20
217.695694
  0
POINT
  8
3
 10
-810.888072
 20
217.695694
  0
POINT
  8
3
 10
-820.964183
 20
217.695694
  0
POINT
  8
3
 10
-831.040292
 20
217.695694
  0
POINT
  8
3
 10
-841.144537
 20
217.695694
  0
POINT
  8
3
 10
-851.417869
 20
217.695694
  0
POINT
  8
3
 10
-861.811832
 20
217.695694
  0
POINT
  8
3
 10
-869.125137
 20
267.695618
  0
POINT
  8
3
 10
-859.135213
 20
267.695618
  0
POINT
  8
3
 10
-848.866152
 20
267.695618
  0
POINT
  8
3
 10
-838.548932
 20
267.695618
  0
POINT
  8
3
 10
-828.231711
 20
267.695618
  0
POINT
  8
3
 10
-818.106514
 20
267.695618
  0
POINT
  8
3
 10
-807.789279
 20
267.695618
  0
POINT
  8
3
 10
-797.472041
 20
267.695618
  0
POINT
  8
3
 10
-787.325319
 20
267.695618
  0
POINT
  8
3
 10
-777.008083
 20
267.695618
  0
POINT
  8
3
 10
-766.703057
 20
267.695618
  0
POINT
  8
3
 10
-756.385828
 20
267.695618
  0
POINT
  8
3
 10
-746.068601
 20
267.695618
  0
POINT
  8
3
 10
-735.751295
 20
267.695618
  0
POINT
  8
3
 10
-725.743736
 20
267.695618
  0
POINT
  8
3
 10
-715.426422
 20
267.695618
  0
POINT
  8
3
 10
-705.109186
 20
267.695618
  0
POINT
  8
3
 10
-694.817134
 20
267.695618
  0
POINT
  8
3
 10
-684.499913
 20
267.695618
  0
POINT
  8
3
 10
-674.182617
 20
267.695618
  0
POINT
  8
3
 10
-664.067269
 20
267.695618
  0
POINT
  8
3
 10
-653.750041
 20
267.695618
  0
POINT
  8
3
 10
-643.432808
 20
267.695618
  0
POINT
  8
3
 10
-633.115575
 20
267.695618
  0
POINT
  8
3
 10
-622.944904
 20
267.695618
  0
POINT
  8
3
 10
-612.627674
 20
267.695618
  0
POINT
  8
3
 10
-602.310447
 20
267.695618
  0
POINT
  8
3
 10
-592.196315
 20
267.695618
  0
POINT
  8
3
 10
-581.879088
 20
267.695618
  0
POINT
  8
3
 10
-571.561785
 20
267.695618
  0
POINT
  8
3
 10
-561.244557
 20
267.695618
  0
POINT
  8
3
 10
-550.954795
 20
267.695618
  0
POINT
  8
3
 10
-540.637565
 20
267.695618
  0
POINT
  8
3
 10
-530.320335
 20
267.695618
  0
POINT
  8
3
 10
-520.310760
 20
267.695618
  0
POINT
  8
3
 10
-509.993492
 20
267.695618
  0
POINT
  8
3
 10
-499.676261
 20
267.695618
  0
POINT
  8
3
 10
-489.496434
 20
267.695618
  0
POINT
  8
3
 10
-479.179201
 20
267.695618
  0
POINT
  8
3
 10
-468.861967
 20
267.695618
  0
POINT
  8
3
 10
-458.554193
 20
267.695618
  0
POINT
  8
3
 10
-448.236959
 20
267.695618
  0
POINT
  8
3
 10
-437.919687
 20
267.695618
  0
POINT
  8
3
 10
-427.802421
 20
267.695618
  0
POINT
  8
3
 10
-417.485151
 20
267.695618
  0
POINT
  8
3
 10
-407.167920
 20
267.695618
  0
POINT
  8
3
 10
-396.975504
 20
267.695618
  0
POINT
  8
3
 10
-386.658233
 20
267.695618
  0
POINT
  8
3
 10
-376.341001
 20
267.695618
  0
POINT
  8
3
 10
-366.158468
 20
267.695618
  0
POINT
  8
3
 10
-355.841203
 20
267.695618
  0
POINT
  8
3
 10
-345.523978
 20
267.695618
  0
POINT
  8
3
 10
-335.492397
 20
267.695618
  0
POINT
  8
3
 10
-325.175134
 20
267.695618
  0
POINT
  8
3
 10
-314.857907
 20
267.695618
  0
POINT
  8
3
 10
-304.847305
 20
267.695618
  0
POINT
  8
3
 10
-294.530038
 20
267.695618
  0
POINT
  8
3
 10
-284.212808
 20
267.695618
  0
POINT
  8
3
 10
-274.041299
 20
267.695618
  0
POINT
  8
3
 10
-263.724069
 20
267.695618
  0
POINT
  8
3
 10
-253.406800
 20
267.695618
  0
POINT
  8
3
 10
-243.089569
 20
267.695618
  0
POINT
  8
3
 10
-233.074996
 20
267.695618
  0
POINT
  8
3
 10
-222.757726
 20
267.695618
  0
POINT
  8
3
 10
-212.440495
 20
267.695618
  0
POINT
  8
3
 10
-202.213043
 20
267.695618
  0
POINT
  8
3
 10
-191.895793
 20
267.695618
  0
POINT
  8
3
 10
-181.578543
 20
267.695618
  0
POINT
  8
3
 10
-171.261293
 20
267.695618
  0
POINT
  8
3
 10
-161.138935
 20
267.695618
  0
POINT
  8
3
 10
-150.821685
 20
267.695618
  0
POINT
  8
3
 10
-140.504435
 20
267.695618
  0
POINT
  8
3
 10
-130.170019
 20
267.695618
  0
POINT
  8
3
 10
-119.852789
 20
267.695618
  0
POINT
  8
3
 10
-109.535541
 20
267.695618
  0
POINT
  8
3
 10
-99.218292
 20
267.695618
  0
POINT
  8
3
 10
-89.022828
 20
267.695618
  0
POINT
  8
3
 10
-78.705580
 20
267.695618
  0
POINT
  8
3
 10
-68.388331
 20
267.695618
  0
POINT
  8
3
 10
-58.213084
 20
267.695618
  0
POINT
  8
3
 10
-47.895835
 20
267.695618
  0
POINT
  8
3
 10
-37.578586
 20
267.695618
  0
POINT
  8
3
 10
-27.394946
 20
267.695618
  0
POINT
  8
3
 10
-17.077706
 20
267.695618
  0
POINT
  8
3
 10
-6.760457
 20
267.695618
  0
POINT
  8
3
 10
3.568809
 20
267.695618
  0
POINT
  8
3
 10
13.886059
 20
267.695618
  0
POINT
  8
3
 10
24.203299
 20
267.695618
  0
POINT
  8
3
 10
34.377006
 20
267.695618
  0
POINT
  8
3
 10
44.694256
 20
267.695618
  0
POINT
  8
3
 10
55.011501
 20
267.695618
  0
POINT
  8
3
 10
65.244426
 20
267.695618
  0
POINT
  8
3
 10
75.362528
 20
267.695618
  0
POINT
  8
3
 10
85.486128
 20
267.695618
  0
POLYLINE
  8
8
  66
1
  70
0
  0
VERTEX
  8
8
  10
52.765732
  20
267.695618
  0
VERTEX
  8
8
  10
52.765732
  20
217.695694
  0
SEQEND
  8
8
  0
POINT
  8
2
 10
52.765732
 20
267.695618
  0
TEXT
  8
2
 10
52.765732
 20
267.695618
 40
0.000000
 50
0.000000
  1
# 619
  0
POINT
  8
2
 10
52.765732
 20
217.695694
  0
TEXT
  8
2
 10
52.765732
 20
217.695694
 40
0.000000
 50
0.000000
  1
# 620
  0
POLYLINE
  8
8
  66
1
  70
0
  0
VERTEX
  8
8
  10
-412.234116
  20
267.695618
  0
VERTEX
  8
8
  10
-412.234116
  20
217.695694
  0
SEQEND
  8
8
  0
POINT
  8
2
 10
-412.234116
 20
267.695618
  0
TEXT
  8
2
 10
-412.234116
 20
267.695618
 40
0.000000
 50
0.000000
  1
# 621
  0
POINT
  8
2
 10
-412.234116
 20
217.695694
  0
TEXT
  8
2
 10
-412.234116
 20
217.695694
 40
0.000000
 50
0.000000
  1
# 622
  0
POLYLINE
  8
8
  66
1
  70
0
  0
VERTEX
  8
8
  10
47.765732
  20
217.695694
  0
VERTEX
  8
8
  10
47.765732
  20
267.695618
  0
SEQEND
  8
8
  0
POINT
  8
2
 10
47.765732
 20
217.695694
  0
TEXT
  8
2
 10
47.765732
 20
217.695694
 40
0.000000
 50
0.000000
  1
# 623
  0
POINT
  8
2
 10
47.765732
 20
267.695618
  0
TEXT
  8
2
 10
47.765732
 20
267.695618
 40
0.000000
 50
0.000000
  1
# 624
  0
POLYLINE
  8
8
  66
1
  70
0
  0
VERTEX
  8
8
  10
-654.734497
  20
267.695618
  0
VERTEX
  8
8
  10
-654.734497
  20
217.695694
  0
SEQEND
  8
8
  0
POINT
  8
2
 10
-654.734497
 20
267.695618
  0
TEXT
  8
2
 10
-654.734497
 20
267.695618
 40
0.000000
 50
0.000000
  1
# 625
  0
POINT
  8
2
 10
-654.734497
 20
217.695694
  0
TEXT
  8
2
 10
-654.734497
 20
217.695694
 40
0.000000
 50
0.000000
  1
# 626
  0
POLYLINE
  8
8
  66
1
  70
0
  0
VERTEX
  8
8
  10
-169.734116
  20
267.695618
  0
VERTEX
  8
8
  10
-169.734116
  20
217.695694
  0
SEQEND
  8
8
  0
POINT
  8
2
 10
-169.734116
 20
267.695618
  0
TEXT
  8
2
 10
-169.734116
 20
267.695618
 40
0.000000
 50
0.000000
  1
# 627
  0
POINT
  8
2
 10
-169.734116
 20
217.695694
  0
TEXT
  8
2
 10
-169.734116
 20
217.695694
 40
0.000000
 50
0.000000
  1
# 628
 0
LINE
 8
7
 10
-377.797585
 20
250.680637
 11
-300.180206
 21
250.680637
  0
TEXT
  8
1
 10
-388.234258
 20
241.695652
 40
10.000000
 50
0.000000
  1
Piece Name: 26SMC-WP313M 展_腰面_175/92
  0
TEXT
  8
1
 10
-388.234258
 20
256.695652
 40
10.000000
 50
0.000000
  1
Size: 175/92
  0
TEXT
  8
1
 10
-388.234258
 20
271.695652
 40
10.000000
 50
0.000000
  1
Annotation: 
  0
TEXT
  8
1
 10
-388.234258
 20
286.695652
 40
10.000000
 50
0.000000
  1
Quantity: 1,1
  0
TEXT
  8
1
 10
-388.234258
 20
301.695652
 40
10.000000
 50
0.000000
  1
Material: 面
  0
TEXT
  8
1
 10
-388.234258
 20
301.695652
 40
10.000000
 50
0.000000
  1
Category: 11
0
ENDBLK
0
BLOCK
  8
1
  2
26SMC-WP313M 展_腰_175/92
 70
0
 10
0.0
 20
0.0
  0
POLYLINE
  8
1
  66
1
  70
1
  0
VERTEX
  8
1
  10
67.342606
  20
115.428457
  0
VERTEX
  8
1
  10
62.691674
  20
115.428457
  0
VERTEX
  8
1
  10
52.750506
  20
115.428457
  0
VERTEX
  8
1
  10
42.746668
  20
115.428457
  0
VERTEX
  8
1
  10
32.480538
  20
115.428457
  0
VERTEX
  8
1
  10
22.127519
  20
115.428457
  0
VERTEX
  8
1
  10
12.043900
  20
115.428457
  0
VERTEX
  8
1
  10
1.960282
  20
115.428457
  0
VERTEX
  8
1
  10
-8.097987
  20
115.428457
  0
VERTEX
  8
1
  10
-18.181605
  20
115.428457
  0
VERTEX
  8
1
  10
-28.265233
  20
115.428457
  0
VERTEX
  8
1
  10
-38.582625
  20
115.428457
  0
VERTEX
  8
1
  10
-48.666253
  20
115.428457
  0
VERTEX
  8
1
  10
-58.749871
  20
115.428457
  0
VERTEX
  8
1
  10
-69.112234
  20
115.428457
  0
VERTEX
  8
1
  10
-79.195852
  20
115.428457
  0
VERTEX
  8
1
  10
-89.652948
  20
115.428457
  0
VERTEX
  8
1
  10
-99.405050
  20
115.428457
  0
VERTEX
  8
1
  10
-109.488678
  20
115.428457
  0
VERTEX
  8
1
  10
-119.572296
  20
115.428457
  0
VERTEX
  8
1
  10
-129.792290
  20
115.428457
  0
VERTEX
  8
1
  10
-139.867096
  20
115.428457
  0
VERTEX
  8
1
  10
-150.157261
  20
115.428457
  0
VERTEX
  8
1
  10
-150.157261
  20
115.428457
  0
VERTEX
  8
1
  10
-158.414745
  20
115.428457
  0
VERTEX
  8
1
  10
-168.466206
  20
115.428457
  0
VERTEX
  8
1
  10
-178.726635
  20
115.428457
  0
VERTEX
  8
1
  10
-188.973541
  20
115.428457
  0
VERTEX
  8
1
  10
-199.220448
  20
115.428457
  0
VERTEX
  8
1
  10
-209.485302
  20
115.428457
  0
VERTEX
  8
1
  10
-219.732189
  20
115.428457
  0
VERTEX
  8
1
  10
-229.979095
  20
115.428457
  0
VERTEX
  8
1
  10
-239.996662
  20
115.428457
  0
VERTEX
  8
1
  10
-250.243568
  20
115.428457
  0
VERTEX
  8
1
  10
-260.490475
  20
115.428457
  0
VERTEX
  8
1
  10
-270.495682
  20
115.428457
  0
VERTEX
  8
1
  10
-280.742588
  20
115.428457
  0
VERTEX
  8
1
  10
-290.989475
  20
115.428457
  0
VERTEX
  8
1
  10
-301.029644
  20
115.428457
  0
VERTEX
  8
1
  10
-311.276550
  20
115.428457
  0
VERTEX
  8
1
  10
-321.523438
  20
115.428457
  0
VERTEX
  8
1
  10
-331.539688
  20
115.428457
  0
VERTEX
  8
1
  10
-341.786613
  20
115.428457
  0
VERTEX
  8
1
  10
-352.033501
  20
115.428457
  0
VERTEX
  8
1
  10
-362.087936
  20
115.428457
  0
VERTEX
  8
1
  10
-372.157974
  20
115.428457
  0
VERTEX
  8
1
  10
-382.309113
  20
115.428457
  0
VERTEX
  8
1
  10
-392.657242
  20
115.428457
  0
VERTEX
  8
1
  10
-392.657242
  20
115.428457
  0
VERTEX
  8
1
  10
-400.090141
  20
115.428457
  0
VERTEX
  8
1
  10
-410.108681
  20
115.428457
  0
VERTEX
  8
1
  10
-420.139885
  20
115.428457
  0
VERTEX
  8
1
  10
-430.449791
  20
115.428457
  0
VERTEX
  8
1
  10
-440.728149
  20
115.428457
  0
VERTEX
  8
1
  10
-451.006508
  20
115.428457
  0
VERTEX
  8
1
  10
-461.100960
  20
115.428457
  0
VERTEX
  8
1
  10
-471.379318
  20
115.428457
  0
VERTEX
  8
1
  10
-481.657715
  20
115.428457
  0
VERTEX
  8
1
  10
-491.731606
  20
115.428457
  0
VERTEX
  8
1
  10
-502.009964
  20
115.428457
  0
VERTEX
  8
1
  10
-512.288361
  20
115.428457
  0
VERTEX
  8
1
  10
-522.529793
  20
115.428457
  0
VERTEX
  8
1
  10
-532.808151
  20
115.428457
  0
VERTEX
  8
1
  10
-543.126221
  20
115.428457
  0
VERTEX
  8
1
  10
-553.404617
  20
115.428457
  0
VERTEX
  8
1
  10
-563.682976
  20
115.428457
  0
VERTEX
  8
1
  10
-573.961372
  20
115.428457
  0
VERTEX
  8
1
  10
-584.102783
  20
115.428457
  0
VERTEX
  8
1
  10
-594.381180
  20
115.428457
  0
VERTEX
  8
1
  10
-604.685631
  20
115.428457
  0
VERTEX
  8
1
  10
-614.760857
  20
115.428457
  0
VERTEX
  8
1
  10
-624.878540
  20
115.428457
  0
VERTEX
  8
1
  10
-635.157661
  20
115.428457
  0
VERTEX
  8
1
  10
-635.157661
  20
115.428457
  0
VERTEX
  8
1
  10
-639.903374
  20
115.428457
  0
VERTEX
  8
1
  10
-649.946823
  20
115.428457
  0
VERTEX
  8
1
  10
-660.010071
  20
115.428457
  0
VERTEX
  8
1
  10
-670.295105
  20
115.428457
  0
VERTEX
  8
1
  10
-680.363312
  20
115.428457
  0
VERTEX
  8
1
  10
-690.436554
  20
115.428457
  0
VERTEX
  8
1
  10
-700.509796
  20
115.428457
  0
VERTEX
  8
1
  10
-710.837021
  20
115.428457
  0
VERTEX
  8
1
  10
-720.910263
  20
115.428457
  0
VERTEX
  8
1
  10
-731.356583
  20
115.428457
  0
VERTEX
  8
1
  10
-741.103134
  20
115.428457
  0
VERTEX
  8
1
  10
-751.176376
  20
115.428457
  0
VERTEX
  8
1
  10
-761.622696
  20
115.428457
  0
VERTEX
  8
1
  10
-771.358185
  20
115.428457
  0
VERTEX
  8
1
  10
-781.431427
  20
115.428457
  0
VERTEX
  8
1
  10
-791.877747
  20
115.428457
  0
VERTEX
  8
1
  10
-801.598434
  20
115.428457
  0
VERTEX
  8
1
  10
-811.671677
  20
115.428457
  0
VERTEX
  8
1
  10
-821.744843
  20
115.428457
  0
VERTEX
  8
1
  10
-831.952744
  20
115.428457
  0
VERTEX
  8
1
  10
-842.085114
  20
115.428457
  0
VERTEX
  8
1
  10
-852.657394
  20
115.428457
  0
VERTEX
  8
1
  10
-852.657394
  20
165.428314
  0
VERTEX
  8
1
  10
-392.657242
  20
165.428314
  0
VERTEX
  8
1
  10
115.342627
  20
165.428314
  0
VERTEX
  8
1
  10
115.342627
  20
115.428457
  0
VERTEX
  8
1
  10
72.342606
  20
115.428457
  0
VERTEX
  8
1
  10
72.342606
  20
115.428457
  0
VERTEX
  8
1
  10
67.342606
  20
115.428457
  0
SEQEND
  8
1
  0
POINT
  8
2
 10
67.342606
 20
115.428457
  0
TEXT
  8
2
 10
67.342606
 20
115.428457
 40
0.000000
 50
0.000000
  1
# 629
  0
POINT
  8
2
 10
-150.157261
 20
115.428457
  0
TEXT
  8
2
 10
-150.157261
 20
115.428457
 40
0.000000
 50
0.000000
  1
# 630
  0
POINT
  8
2
 10
-392.657242
 20
115.428457
  0
TEXT
  8
2
 10
-392.657242
 20
115.428457
 40
0.000000
 50
0.000000
  1
# 631
  0
POINT
  8
2
 10
-635.157661
 20
115.428457
  0
TEXT
  8
2
 10
-635.157661
 20
115.428457
 40
0.000000
 50
0.000000
  1
# 632
  0
POINT
  8
2
 10
-852.657394
 20
115.428457
  0
TEXT
  8
2
 10
-852.657394
 20
115.428457
 40
0.000000
 50
0.000000
  1
# 633
  0
POINT
  8
2
 10
-852.657394
 20
165.428314
  0
TEXT
  8
2
 10
-852.657394
 20
165.428314
 40
0.000000
 50
0.000000
  1
# 634
  0
POINT
  8
2
 10
-392.657242
 20
165.428314
  0
TEXT
  8
2
 10
-392.657242
 20
165.428314
 40
0.000000
 50
0.000000
  1
# 635
  0
POINT
  8
2
 10
115.342627
 20
165.428314
  0
TEXT
  8
2
 10
115.342627
 20
165.428314
 40
0.000000
 50
0.000000
  1
# 636
  0
POINT
  8
2
 10
115.342627
 20
115.428457
  0
TEXT
  8
2
 10
115.342627
 20
115.428457
 40
0.000000
 50
0.000000
  1
# 637
  0
POINT
  8
2
 10
72.342606
 20
115.428457
  0
TEXT
  8
2
 10
72.342606
 20
115.428457
 40
0.000000
 50
0.000000
  1
# 638
  0
POINT
  8
3
 10
62.691674
 20
115.428457
  0
POINT
  8
3
 10
52.750506
 20
115.428457
  0
POINT
  8
3
 10
42.746668
 20
115.428457
  0
POINT
  8
3
 10
32.480538
 20
115.428457
  0
POINT
  8
3
 10
22.127519
 20
115.428457
  0
POINT
  8
3
 10
12.043900
 20
115.428457
  0
POINT
  8
3
 10
1.960282
 20
115.428457
  0
POINT
  8
3
 10
-8.097987
 20
115.428457
  0
POINT
  8
3
 10
-18.181605
 20
115.428457
  0
POINT
  8
3
 10
-28.265233
 20
115.428457
  0
POINT
  8
3
 10
-38.582625
 20
115.428457
  0
POINT
  8
3
 10
-48.666253
 20
115.428457
  0
POINT
  8
3
 10
-58.749871
 20
115.428457
  0
POINT
  8
3
 10
-69.112234
 20
115.428457
  0
POINT
  8
3
 10
-79.195852
 20
115.428457
  0
POINT
  8
3
 10
-89.652948
 20
115.428457
  0
POINT
  8
3
 10
-99.405050
 20
115.428457
  0
POINT
  8
3
 10
-109.488678
 20
115.428457
  0
POINT
  8
3
 10
-119.572296
 20
115.428457
  0
POINT
  8
3
 10
-129.792290
 20
115.428457
  0
POINT
  8
3
 10
-139.867096
 20
115.428457
  0
POINT
  8
3
 10
-150.157261
 20
115.428457
  0
POINT
  8
3
 10
-158.414745
 20
115.428457
  0
POINT
  8
3
 10
-168.466206
 20
115.428457
  0
POINT
  8
3
 10
-178.726635
 20
115.428457
  0
POINT
  8
3
 10
-188.973541
 20
115.428457
  0
POINT
  8
3
 10
-199.220448
 20
115.428457
  0
POINT
  8
3
 10
-209.485302
 20
115.428457
  0
POINT
  8
3
 10
-219.732189
 20
115.428457
  0
POINT
  8
3
 10
-229.979095
 20
115.428457
  0
POINT
  8
3
 10
-239.996662
 20
115.428457
  0
POINT
  8
3
 10
-250.243568
 20
115.428457
  0
POINT
  8
3
 10
-260.490475
 20
115.428457
  0
POINT
  8
3
 10
-270.495682
 20
115.428457
  0
POINT
  8
3
 10
-280.742588
 20
115.428457
  0
POINT
  8
3
 10
-290.989475
 20
115.428457
  0
POINT
  8
3
 10
-301.029644
 20
115.428457
  0
POINT
  8
3
 10
-311.276550
 20
115.428457
  0
POINT
  8
3
 10
-321.523438
 20
115.428457
  0
POINT
  8
3
 10
-331.539688
 20
115.428457
  0
POINT
  8
3
 10
-341.786613
 20
115.428457
  0
POINT
  8
3
 10
-352.033501
 20
115.428457
  0
POINT
  8
3
 10
-362.087936
 20
115.428457
  0
POINT
  8
3
 10
-372.157974
 20
115.428457
  0
POINT
  8
3
 10
-382.309113
 20
115.428457
  0
POINT
  8
3
 10
-392.657242
 20
115.428457
  0
POINT
  8
3
 10
-400.090141
 20
115.428457
  0
POINT
  8
3
 10
-410.108681
 20
115.428457
  0
POINT
  8
3
 10
-420.139885
 20
115.428457
  0
POINT
  8
3
 10
-430.449791
 20
115.428457
  0
POINT
  8
3
 10
-440.728149
 20
115.428457
  0
POINT
  8
3
 10
-451.006508
 20
115.428457
  0
POINT
  8
3
 10
-461.100960
 20
115.428457
  0
POINT
  8
3
 10
-471.379318
 20
115.428457
  0
POINT
  8
3
 10
-481.657715
 20
115.428457
  0
POINT
  8
3
 10
-491.731606
 20
115.428457
  0
POINT
  8
3
 10
-502.009964
 20
115.428457
  0
POINT
  8
3
 10
-512.288361
 20
115.428457
  0
POINT
  8
3
 10
-522.529793
 20
115.428457
  0
POINT
  8
3
 10
-532.808151
 20
115.428457
  0
POINT
  8
3
 10
-543.126221
 20
115.428457
  0
POINT
  8
3
 10
-553.404617
 20
115.428457
  0
POINT
  8
3
 10
-563.682976
 20
115.428457
  0
POINT
  8
3
 10
-573.961372
 20
115.428457
  0
POINT
  8
3
 10
-584.102783
 20
115.428457
  0
POINT
  8
3
 10
-594.381180
 20
115.428457
  0
POINT
  8
3
 10
-604.685631
 20
115.428457
  0
POINT
  8
3
 10
-614.760857
 20
115.428457
  0
POINT
  8
3
 10
-624.878540
 20
115.428457
  0
POINT
  8
3
 10
-635.157661
 20
115.428457
  0
POINT
  8
3
 10
-639.903374
 20
115.428457
  0
POINT
  8
3
 10
-649.946823
 20
115.428457
  0
POINT
  8
3
 10
-660.010071
 20
115.428457
  0
POINT
  8
3
 10
-670.295105
 20
115.428457
  0
POINT
  8
3
 10
-680.363312
 20
115.428457
  0
POINT
  8
3
 10
-690.436554
 20
115.428457
  0
POINT
  8
3
 10
-700.509796
 20
115.428457
  0
POINT
  8
3
 10
-710.837021
 20
115.428457
  0
POINT
  8
3
 10
-720.910263
 20
115.428457
  0
POINT
  8
3
 10
-731.356583
 20
115.428457
  0
POINT
  8
3
 10
-741.103134
 20
115.428457
  0
POINT
  8
3
 10
-751.176376
 20
115.428457
  0
POINT
  8
3
 10
-761.622696
 20
115.428457
  0
POINT
  8
3
 10
-771.358185
 20
115.428457
  0
POINT
  8
3
 10
-781.431427
 20
115.428457
  0
POINT
  8
3
 10
-791.877747
 20
115.428457
  0
POINT
  8
3
 10
-801.598434
 20
115.428457
  0
POINT
  8
3
 10
-811.671677
 20
115.428457
  0
POINT
  8
3
 10
-821.744843
 20
115.428457
  0
POINT
  8
3
 10
-831.952744
 20
115.428457
  0
POINT
  8
3
 10
-842.085114
 20
115.428457
  0
POINT
  8
3
 10
72.342606
 20
115.428457
  0
POINT
  8
3
 10
67.342606
 20
115.428457
  0
POINT
  8
4
 10
-150.157261
 20
115.428457
 30
0.400000
 50
 90.00
  0
TEXT
  8
4
 10
-150.157261
 20
115.428457
 40
0.000000
 50
0.000000
  1
# 639
  0
POINT
  8
4
 10
-392.657242
 20
115.428457
 30
0.400000
 50
 90.00
  0
TEXT
  8
4
 10
-392.657242
 20
115.428457
 40
0.000000
 50
0.000000
  1
# 640
  0
POINT
  8
4
 10
-635.157661
 20
115.428457
 30
0.400000
 50
 90.00
  0
TEXT
  8
4
 10
-635.157661
 20
115.428457
 40
0.000000
 50
0.000000
  1
# 641
  0
POINT
  8
4
 10
72.342606
 20
115.428457
 30
0.400000
 50
 90.00
  0
TEXT
  8
4
 10
72.342606
 20
115.428457
 40
0.000000
 50
0.000000
  1
# 642
  0
POINT
  8
4
 10
67.342606
 20
115.428457
 30
0.400000
 50
 90.00
  0
TEXT
  8
4
 10
67.342606
 20
115.428457
 40
0.000000
 50
0.000000
  1
# 643
  0
POLYLINE
  8
8
  66
1
  70
0
  0
VERTEX
  8
8
  10
72.342606
  20
165.428314
  0
VERTEX
  8
8
  10
72.342606
  20
115.428457
  0
SEQEND
  8
8
  0
POINT
  8
2
 10
72.342606
 20
165.428314
  0
TEXT
  8
2
 10
72.342606
 20
165.428314
 40
0.000000
 50
0.000000
  1
# 644
  0
POINT
  8
2
 10
72.342606
 20
115.428457
  0
TEXT
  8
2
 10
72.342606
 20
115.428457
 40
0.000000
 50
0.000000
  1
# 645
  0
POLYLINE
  8
8
  66
1
  70
0
  0
VERTEX
  8
8
  10
-392.657242
  20
165.428314
  0
VERTEX
  8
8
  10
-392.657242
  20
115.428457
  0
SEQEND
  8
8
  0
POINT
  8
2
 10
-392.657242
 20
165.428314
  0
TEXT
  8
2
 10
-392.657242
 20
165.428314
 40
0.000000
 50
0.000000
  1
# 646
  0
POINT
  8
2
 10
-392.657242
 20
115.428457
  0
TEXT
  8
2
 10
-392.657242
 20
115.428457
 40
0.000000
 50
0.000000
  1
# 647
  0
POLYLINE
  8
8
  66
1
  70
0
  0
VERTEX
  8
8
  10
67.342606
  20
115.428457
  0
VERTEX
  8
8
  10
67.342606
  20
165.428314
  0
SEQEND
  8
8
  0
POINT
  8
2
 10
67.342606
 20
115.428457
  0
TEXT
  8
2
 10
67.342606
 20
115.428457
 40
0.000000
 50
0.000000
  1
# 648
  0
POINT
  8
2
 10
67.342606
 20
165.428314
  0
TEXT
  8
2
 10
67.342606
 20
165.428314
 40
0.000000
 50
0.000000
  1
# 649
  0
POLYLINE
  8
8
  66
1
  70
0
  0
VERTEX
  8
8
  10
-635.157661
  20
165.428314
  0
VERTEX
  8
8
  10
-635.157661
  20
115.428457
  0
SEQEND
  8
8
  0
POINT
  8
2
 10
-635.157661
 20
165.428314
  0
TEXT
  8
2
 10
-635.157661
 20
165.428314
 40
0.000000
 50
0.000000
  1
# 650
  0
POINT
  8
2
 10
-635.157661
 20
115.428457
  0
TEXT
  8
2
 10
-635.157661
 20
115.428457
 40
0.000000
 50
0.000000
  1
# 651
  0
POLYLINE
  8
8
  66
1
  70
0
  0
VERTEX
  8
8
  10
-150.157261
  20
165.428314
  0
VERTEX
  8
8
  10
-150.157261
  20
115.428457
  0
SEQEND
  8
8
  0
POINT
  8
2
 10
-150.157261
 20
165.428314
  0
TEXT
  8
2
 10
-150.157261
 20
165.428314
 40
0.000000
 50
0.000000
  1
# 652
  0
POINT
  8
2
 10
-150.157261
 20
115.428457
  0
TEXT
  8
2
 10
-150.157261
 20
115.428457
 40
0.000000
 50
0.000000
  1
# 653
 0
LINE
 8
7
 10
-347.563591
 20
141.638641
 11
-287.584038
 21
141.638641
  0
TEXT
  8
1
 10
-368.657384
 20
140.428386
 40
10.000000
 50
0.000000
  1
Piece Name: 26SMC-WP313M 展_腰_175/92
  0
TEXT
  8
1
 10
-368.657384
 20
155.428386
 40
10.000000
 50
0.000000
  1
Size: 175/92
  0
TEXT
  8
1
 10
-368.657384
 20
170.428386
 40
10.000000
 50
0.000000
  1
Annotation: 
  0
TEXT
  8
1
 10
-368.657384
 20
185.428386
 40
10.000000
 50
0.000000
  1
Quantity: 1
  0
TEXT
  8
1
 10
-368.657384
 20
200.428386
 40
10.000000
 50
0.000000
  1
Material: 净
  0
TEXT
  8
1
 10
-368.657384
 20
200.428386
 40
10.000000
 50
0.000000
  1
Category: 12
0
ENDBLK
0
BLOCK
  8
1
  2
26SMC-WP313M 展_裤袢_175/92
 70
0
 10
0.0
 20
0.0
  0
POLYLINE
  8
1
  66
1
  70
1
  0
VERTEX
  8
1
  10
-573.502922
  20
534.557266
  0
VERTEX
  8
1
  10
-573.502922
  20
560.557327
  0
VERTEX
  8
1
  10
-253.502960
  20
560.557327
  0
VERTEX
  8
1
  10
-253.502960
  20
534.557266
  0
SEQEND
  8
1
  0
POINT
  8
2
 10
-573.502922
 20
534.557266
  0
TEXT
  8
2
 10
-573.502922
 20
534.557266
 40
0.000000
 50
0.000000
  1
# 654
  0
POINT
  8
2
 10
-573.502922
 20
560.557327
  0
TEXT
  8
2
 10
-573.502922
 20
560.557327
 40
0.000000
 50
0.000000
  1
# 655
  0
POINT
  8
2
 10
-253.502960
 20
560.557327
  0
TEXT
  8
2
 10
-253.502960
 20
560.557327
 40
0.000000
 50
0.000000
  1
# 656
  0
POINT
  8
2
 10
-253.502960
 20
534.557266
  0
TEXT
  8
2
 10
-253.502960
 20
534.557266
 40
0.000000
 50
0.000000
  1
# 657
 0
LINE
 8
7
 10
-426.128922
 20
547.886581
 11
-403.268356
 21
547.886581
  0
TEXT
  8
1
 10
-413.502941
 20
547.557297
 40
10.000000
 50
0.000000
  1
Piece Name: 26SMC-WP313M 展_裤袢_175/92
  0
TEXT
  8
1
 10
-413.502941
 20
562.557297
 40
10.000000
 50
0.000000
  1
Size: 175/92
  0
TEXT
  8
1
 10
-413.502941
 20
577.557297
 40
10.000000
 50
0.000000
  1
Annotation: 
  0
TEXT
  8
1
 10
-413.502941
 20
592.557297
 40
10.000000
 50
0.000000
  1
Quantity: 1
  0
TEXT
  8
1
 10
-413.502941
 20
607.557297
 40
10.000000
 50
0.000000
  1
Material: 里布
  0
TEXT
  8
1
 10
-413.502941
 20
607.557297
 40
10.000000
 50
0.000000
  1
Category: 13
0
ENDBLK
0
BLOCK
  8
1
  2
26SMC-WP313M 展_裤袢_175/92
 70
0
 10
0.0
 20
0.0
  0
POLYLINE
  8
1
  66
1
  70
1
  0
VERTEX
  8
1
  10
-882.777100
  20
360.219765
  0
VERTEX
  8
1
  10
-882.777100
  20
412.219734
  0
VERTEX
  8
1
  10
-162.777138
  20
412.219734
  0
VERTEX
  8
1
  10
-162.777138
  20
360.219765
  0
SEQEND
  8
1
  0
POINT
  8
2
 10
-882.777100
 20
360.219765
  0
TEXT
  8
2
 10
-882.777100
 20
360.219765
 40
0.000000
 50
0.000000
  1
# 658
  0
POINT
  8
2
 10
-882.777100
 20
412.219734
  0
TEXT
  8
2
 10
-882.777100
 20
412.219734
 40
0.000000
 50
0.000000
  1
# 659
  0
POINT
  8
2
 10
-162.777138
 20
412.219734
  0
TEXT
  8
2
 10
-162.777138
 20
412.219734
 40
0.000000
 50
0.000000
  1
# 660
  0
POINT
  8
2
 10
-162.777138
 20
360.219765
  0
TEXT
  8
2
 10
-162.777138
 20
360.219765
 40
0.000000
 50
0.000000
  1
# 661
 0
LINE
 8
7
 10
-527.062225
 20
390.630074
 11
-477.703667
 21
390.630074
  0
TEXT
  8
1
 10
-522.777119
 20
386.219749
 40
10.000000
 50
0.000000
  1
Piece Name: 26SMC-WP313M 展_裤袢_175/92
  0
TEXT
  8
1
 10
-522.777119
 20
401.219749
 40
10.000000
 50
0.000000
  1
Size: 175/92
  0
TEXT
  8
1
 10
-522.777119
 20
416.219749
 40
10.000000
 50
0.000000
  1
Annotation: 
  0
TEXT
  8
1
 10
-522.777119
 20
431.219749
 40
10.000000
 50
0.000000
  1
Quantity: 1
  0
TEXT
  8
1
 10
-522.777119
 20
446.219749
 40
10.000000
 50
0.000000
  1
Material: 面
  0
TEXT
  8
1
 10
-522.777119
 20
446.219749
 40
10.000000
 50
0.000000
  1
Category: 14
0
ENDBLK
0
BLOCK
  8
1
  2
26SMC-WP313M 展_裤袢_175/92
 70
0
 10
0.0
 20
0.0
  0
POLYLINE
  8
1
  66
1
  70
1
  0
VERTEX
  8
1
  10
-879.707108
  20
431.605644
  0
VERTEX
  8
1
  10
-879.707108
  20
479.605637
  0
VERTEX
  8
1
  10
-179.707146
  20
479.605637
  0
VERTEX
  8
1
  10
-179.707146
  20
431.605644
  0
SEQEND
  8
1
  0
POINT
  8
2
 10
-879.707108
 20
431.605644
  0
TEXT
  8
2
 10
-879.707108
 20
431.605644
 40
0.000000
 50
0.000000
  1
# 662
  0
POINT
  8
2
 10
-879.707108
 20
479.605637
  0
TEXT
  8
2
 10
-879.707108
 20
479.605637
 40
0.000000
 50
0.000000
  1
# 663
  0
POINT
  8
2
 10
-179.707146
 20
479.605637
  0
TEXT
  8
2
 10
-179.707146
 20
479.605637
 40
0.000000
 50
0.000000
  1
# 664
  0
POINT
  8
2
 10
-179.707146
 20
431.605644
  0
TEXT
  8
2
 10
-179.707146
 20
431.605644
 40
0.000000
 50
0.000000
  1
# 665
 0
LINE
 8
7
 10
-523.992233
 20
462.015991
 11
-474.633675
 21
462.015991
  0
TEXT
  8
1
 10
-529.707127
 20
455.605640
 40
10.000000
 50
0.000000
  1
Piece Name: 26SMC-WP313M 展_裤袢_175/92
  0
TEXT
  8
1
 10
-529.707127
 20
470.605640
 40
10.000000
 50
0.000000
  1
Size: 175/92
  0
TEXT
  8
1
 10
-529.707127
 20
485.605640
 40
10.000000
 50
0.000000
  1
Annotation: 
  0
TEXT
  8
1
 10
-529.707127
 20
500.605640
 40
10.000000
 50
0.000000
  1
Quantity: 1
  0
TEXT
  8
1
 10
-529.707127
 20
515.605640
 40
10.000000
 50
0.000000
  1
Material: 衬
  0
TEXT
  8
1
 10
-529.707127
 20
515.605640
 40
10.000000
 50
0.000000
  1
Category: 15
0
ENDBLK
0
BLOCK
  8
1
  2
26SMC-WP313M 展_双刀_175/92
 70
0
 10
0.0
 20
0.0
  0
POLYLINE
  8
1
  66
1
  70
1
  0
VERTEX
  8
1
  10
-1189.628906
  20
173.772659
  0
VERTEX
  8
1
  10
-1199.628906
  20
170.418167
  0
VERTEX
  8
1
  10
-1209.628906
  20
173.772659
  0
VERTEX
  8
1
  10
-1219.628906
  20
170.418167
  0
VERTEX
  8
1
  10
-1230.230942
  20
172.931709
  0
VERTEX
  8
1
  10
-1240.548553
  20
175.377827
  0
VERTEX
  8
1
  10
-1250.402908
  20
177.714119
  0
VERTEX
  8
1
  10
-1259.983978
  20
179.985600
  0
VERTEX
  8
1
  10
-1262.817688
  20
180.657425
  0
VERTEX
  8
1
  10
-1273.419495
  20
178.143883
  0
VERTEX
  8
1
  10
-1283.736877
  20
175.697765
  0
VERTEX
  8
1
  10
-1293.591003
  20
173.361473
  0
VERTEX
  8
1
  10
-1303.171844
  20
171.089993
  0
VERTEX
  8
1
  10
-1306.005554
  20
170.418167
  0
VERTEX
  8
1
  10
-1316.005554
  20
173.772659
  0
VERTEX
  8
1
  10
-1316.005554
  20
366.810837
  0
VERTEX
  8
1
  10
-1305.154266
  20
366.839561
  0
VERTEX
  8
1
  10
-1294.819183
  20
366.861343
  0
VERTEX
  8
1
  10
-1284.664154
  20
366.877823
  0
VERTEX
  8
1
  10
-1274.369431
  20
366.889076
  0
VERTEX
  8
1
  10
-1263.647995
  20
366.893806
  0
VERTEX
  8
1
  10
-1252.896729
  20
366.890297
  0
VERTEX
  8
1
  10
-1242.510605
  20
366.879883
  0
VERTEX
  8
1
  10
-1232.189026
  20
366.863861
  0
VERTEX
  8
1
  10
-1222.109909
  20
366.843338
  0
VERTEX
  8
1
  10
-1212.258606
  20
366.818504
  0
VERTEX
  8
1
  10
-1209.628906
  20
366.810837
  0
VERTEX
  8
1
  10
-1189.628906
  20
366.810837
  0
VERTEX
  8
1
  10
-1189.628906
  20
354.145050
  0
VERTEX
  8
1
  10
-1189.628906
  20
343.140564
  0
VERTEX
  8
1
  10
-1189.628906
  20
332.002106
  0
VERTEX
  8
1
  10
-1189.628906
  20
319.423599
  0
VERTEX
  8
1
  10
-1189.628906
  20
308.543911
  0
VERTEX
  8
1
  10
-1189.628906
  20
297.119617
  0
VERTEX
  8
1
  10
-1189.628906
  20
285.318317
  0
VERTEX
  8
1
  10
-1189.628906
  20
273.307533
  0
VERTEX
  8
1
  10
-1189.628906
  20
261.254864
  0
VERTEX
  8
1
  10
-1189.628906
  20
249.327869
  0
VERTEX
  8
1
  10
-1189.628906
  20
237.694111
  0
VERTEX
  8
1
  10
-1189.628906
  20
226.521187
  0
VERTEX
  8
1
  10
-1189.628906
  20
215.976620
  0
VERTEX
  8
1
  10
-1189.628906
  20
203.934879
  0
VERTEX
  8
1
  10
-1189.628906
  20
193.464069
  0
VERTEX
  8
1
  10
-1189.628906
  20
183.433552
  0
SEQEND
  8
1
  0
POINT
  8
2
 10
-1189.628906
 20
173.772659
  0
TEXT
  8
2
 10
-1189.628906
 20
173.772659
 40
0.000000
 50
0.000000
  1
# 666
  0
POINT
  8
2
 10
-1199.628906
 20
170.418167
  0
TEXT
  8
2
 10
-1199.628906
 20
170.418167
 40
0.000000
 50
0.000000
  1
# 667
  0
POINT
  8
2
 10
-1209.628906
 20
173.772659
  0
TEXT
  8
2
 10
-1209.628906
 20
173.772659
 40
0.000000
 50
0.000000
  1
# 668
  0
POINT
  8
2
 10
-1219.628906
 20
170.418167
  0
TEXT
  8
2
 10
-1219.628906
 20
170.418167
 40
0.000000
 50
0.000000
  1
# 669
  0
POINT
  8
2
 10
-1262.817688
 20
180.657425
  0
TEXT
  8
2
 10
-1262.817688
 20
180.657425
 40
0.000000
 50
0.000000
  1
# 670
  0
POINT
  8
2
 10
-1306.005554
 20
170.418167
  0
TEXT
  8
2
 10
-1306.005554
 20
170.418167
 40
0.000000
 50
0.000000
  1
# 671
  0
POINT
  8
2
 10
-1316.005554
 20
173.772659
  0
TEXT
  8
2
 10
-1316.005554
 20
173.772659
 40
0.000000
 50
0.000000
  1
# 672
  0
POINT
  8
2
 10
-1316.005554
 20
366.810837
  0
TEXT
  8
2
 10
-1316.005554
 20
366.810837
 40
0.000000
 50
0.000000
  1
# 673
  0
POINT
  8
2
 10
-1209.628906
 20
366.810837
  0
TEXT
  8
2
 10
-1209.628906
 20
366.810837
 40
0.000000
 50
0.000000
  1
# 674
  0
POINT
  8
2
 10
-1189.628906
 20
366.810837
  0
TEXT
  8
2
 10
-1189.628906
 20
366.810837
 40
0.000000
 50
0.000000
  1
# 675
  0
POINT
  8
3
 10
-1230.230942
 20
172.931709
  0
POINT
  8
3
 10
-1240.548553
 20
175.377827
  0
POINT
  8
3
 10
-1250.402908
 20
177.714119
  0
POINT
  8
3
 10
-1259.983978
 20
179.985600
  0
POINT
  8
3
 10
-1273.419495
 20
178.143883
  0
POINT
  8
3
 10
-1283.736877
 20
175.697765
  0
POINT
  8
3
 10
-1293.591003
 20
173.361473
  0
POINT
  8
3
 10
-1303.171844
 20
171.089993
  0
POINT
  8
3
 10
-1305.154266
 20
366.839561
  0
POINT
  8
3
 10
-1294.819183
 20
366.861343
  0
POINT
  8
3
 10
-1284.664154
 20
366.877823
  0
POINT
  8
3
 10
-1274.369431
 20
366.889076
  0
POINT
  8
3
 10
-1263.647995
 20
366.893806
  0
POINT
  8
3
 10
-1252.896729
 20
366.890297
  0
POINT
  8
3
 10
-1242.510605
 20
366.879883
  0
POINT
  8
3
 10
-1232.189026
 20
366.863861
  0
POINT
  8
3
 10
-1222.109909
 20
366.843338
  0
POINT
  8
3
 10
-1212.258606
 20
366.818504
  0
POINT
  8
3
 10
-1189.628906
 20
354.145050
  0
POINT
  8
3
 10
-1189.628906
 20
343.140564
  0
POINT
  8
3
 10
-1189.628906
 20
332.002106
  0
POINT
  8
3
 10
-1189.628906
 20
319.423599
  0
POINT
  8
3
 10
-1189.628906
 20
308.543911
  0
POINT
  8
3
 10
-1189.628906
 20
297.119617
  0
POINT
  8
3
 10
-1189.628906
 20
285.318317
  0
POINT
  8
3
 10
-1189.628906
 20
273.307533
  0
POINT
  8
3
 10
-1189.628906
 20
261.254864
  0
POINT
  8
3
 10
-1189.628906
 20
249.327869
  0
POINT
  8
3
 10
-1189.628906
 20
237.694111
  0
POINT
  8
3
 10
-1189.628906
 20
226.521187
  0
POINT
  8
3
 10
-1189.628906
 20
215.976620
  0
POINT
  8
3
 10
-1189.628906
 20
203.934879
  0
POINT
  8
3
 10
-1189.628906
 20
193.464069
  0
POINT
  8
3
 10
-1189.628906
 20
183.433552
  0
POLYLINE
  8
8
  66
1
  70
0
  0
VERTEX
  8
8
  10
-1209.628906
  20
366.810837
  0
VERTEX
  8
8
  10
-1209.628906
  20
354.145064
  0
VERTEX
  8
8
  10
-1209.628906
  20
343.140569
  0
VERTEX
  8
8
  10
-1209.628906
  20
332.002104
  0
VERTEX
  8
8
  10
-1209.628906
  20
319.423607
  0
VERTEX
  8
8
  10
-1209.628906
  20
308.543915
  0
VERTEX
  8
8
  10
-1209.628906
  20
297.119627
  0
VERTEX
  8
8
  10
-1209.628906
  20
285.318311
  0
VERTEX
  8
8
  10
-1209.628906
  20
273.307536
  0
VERTEX
  8
8
  10
-1209.628906
  20
261.254868
  0
VERTEX
  8
8
  10
-1209.628906
  20
249.327876
  0
VERTEX
  8
8
  10
-1209.628906
  20
237.694119
  0
VERTEX
  8
8
  10
-1209.628906
  20
226.521192
  0
VERTEX
  8
8
  10
-1209.628906
  20
215.976627
  0
VERTEX
  8
8
  10
-1209.628906
  20
203.934875
  0
VERTEX
  8
8
  10
-1209.628906
  20
193.464070
  0
VERTEX
  8
8
  10
-1209.628906
  20
183.433554
  0
VERTEX
  8
8
  10
-1209.628906
  20
173.772659
  0
SEQEND
  8
8
  0
POINT
  8
2
 10
-1209.628906
 20
366.810837
  0
TEXT
  8
2
 10
-1209.628906
 20
366.810837
 40
0.000000
 50
0.000000
  1
# 676
  0
POINT
  8
2
 10
-1209.628906
 20
173.772659
  0
TEXT
  8
2
 10
-1209.628906
 20
173.772659
 40
0.000000
 50
0.000000
  1
# 677
  0
POINT
  8
3
 10
-1209.628906
 20
354.145064
  0
POINT
  8
3
 10
-1209.628906
 20
343.140569
  0
POINT
  8
3
 10
-1209.628906
 20
332.002104
  0
POINT
  8
3
 10
-1209.628906
 20
319.423607
  0
POINT
  8
3
 10
-1209.628906
 20
308.543915
  0
POINT
  8
3
 10
-1209.628906
 20
297.119627
  0
POINT
  8
3
 10
-1209.628906
 20
285.318311
  0
POINT
  8
3
 10
-1209.628906
 20
273.307536
  0
POINT
  8
3
 10
-1209.628906
 20
261.254868
  0
POINT
  8
3
 10
-1209.628906
 20
249.327876
  0
POINT
  8
3
 10
-1209.628906
 20
237.694119
  0
POINT
  8
3
 10
-1209.628906
 20
226.521192
  0
POINT
  8
3
 10
-1209.628906
 20
215.976627
  0
POINT
  8
3
 10
-1209.628906
 20
203.934875
  0
POINT
  8
3
 10
-1209.628906
 20
193.464070
  0
POINT
  8
3
 10
-1209.628906
 20
183.433554
  0
POLYLINE
  8
8
  66
1
  70
0
  0
VERTEX
  8
8
  10
-1199.628906
  20
170.418167
  0
VERTEX
  8
8
  10
-1199.628906
  20
366.833344
  0
SEQEND
  8
8
  0
POINT
  8
2
 10
-1199.628906
 20
170.418167
  0
TEXT
  8
2
 10
-1199.628906
 20
170.418167
 40
0.000000
 50
0.000000
  1
# 678
  0
POINT
  8
2
 10
-1199.628906
 20
366.833344
  0
TEXT
  8
2
 10
-1199.628906
 20
366.833344
 40
0.000000
 50
0.000000
  1
# 679
 0
LINE
 8
7
 10
-1264.189148
 20
245.020523
 11
-1264.189148
 21
314.428940
  0
TEXT
  8
1
 10
-1252.817230
 20
268.655992
 40
10.000000
 50
0.000000
  1
Piece Name: 26SMC-WP313M 展_双刀_175/92
  0
TEXT
  8
1
 10
-1252.817230
 20
283.655992
 40
10.000000
 50
0.000000
  1
Size: 175/92
  0
TEXT
  8
1
 10
-1252.817230
 20
298.655992
 40
10.000000
 50
0.000000
  1
Annotation: 
  0
TEXT
  8
1
 10
-1252.817230
 20
313.655992
 40
10.000000
 50
0.000000
  1
Quantity: 1
  0
TEXT
  8
1
 10
-1252.817230
 20
328.655992
 40
10.000000
 50
0.000000
  1
Material: 面
  0
TEXT
  8
1
 10
-1252.817230
 20
328.655992
 40
10.000000
 50
0.000000
  1
Category: 16
0
ENDBLK
0
BLOCK
  8
1
  2
26SMC-WP313M 展_单刀_175/92
 70
0
 10
0.0
 20
0.0
  0
POLYLINE
  8
1
  66
1
  70
1
  0
VERTEX
  8
1
  10
-1408.533173
  20
243.880157
  0
VERTEX
  8
1
  10
-1408.531494
  20
254.250984
  0
VERTEX
  8
1
  10
-1408.529968
  20
264.453735
  0
VERTEX
  8
1
  10
-1408.528595
  20
274.869385
  0
VERTEX
  8
1
  10
-1408.527374
  20
285.221405
  0
VERTEX
  8
1
  10
-1408.526001
  20
295.471287
  0
VERTEX
  8
1
  10
-1408.524170
  20
305.721169
  0
VERTEX
  8
1
  10
-1408.521423
  20
315.851727
  0
VERTEX
  8
1
  10
-1408.518066
  20
326.101646
  0
VERTEX
  8
1
  10
-1408.514709
  20
336.351547
  0
VERTEX
  8
1
  10
-1408.512115
  20
346.401100
  0
VERTEX
  8
1
  10
-1408.510284
  20
356.702042
  0
VERTEX
  8
1
  10
-1408.509064
  20
366.752129
  0
VERTEX
  8
1
  10
-1408.508759
  20
370.336304
  0
VERTEX
  8
1
  10
-1399.831696
  20
369.703217
  0
VERTEX
  8
1
  10
-1390.675812
  20
369.128494
  0
VERTEX
  8
1
  10
-1381.991425
  20
368.667755
  0
VERTEX
  8
1
  10
-1373.822021
  20
368.318825
  0
VERTEX
  8
1
  10
-1366.557007
  20
368.090820
  0
VERTEX
  8
1
  10
-1364.419888
  20
368.048189
  0
VERTEX
  8
1
  10
-1358.511810
  20
367.930336
  0
VERTEX
  8
1
  10
-1354.534149
  20
367.878265
  0
VERTEX
  8
1
  10
-1354.534149
  20
189.880219
  0
VERTEX
  8
1
  10
-1358.389740
  20
189.906158
  0
VERTEX
  8
1
  10
-1361.069336
  20
190.005322
  0
VERTEX
  8
1
  10
-1363.620758
  20
190.183887
  0
VERTEX
  8
1
  10
-1366.171875
  20
190.450897
  0
VERTEX
  8
1
  10
-1368.556824
  20
190.785828
  0
VERTEX
  8
1
  10
-1370.928345
  20
191.206665
  0
VERTEX
  8
1
  10
-1373.124390
  20
191.680431
  0
VERTEX
  8
1
  10
-1375.298309
  20
192.235680
  0
VERTEX
  8
1
  10
-1377.444763
  20
192.875614
  0
VERTEX
  8
1
  10
-1379.409027
  20
193.548470
  0
VERTEX
  8
1
  10
-1381.341095
  20
194.299698
  0
VERTEX
  8
1
  10
-1383.237000
  20
195.131836
  0
VERTEX
  8
1
  10
-1384.951477
  20
195.974045
  0
VERTEX
  8
1
  10
-1386.714478
  20
196.939182
  0
VERTEX
  8
1
  10
-1388.347015
  20
197.932186
  0
VERTEX
  8
1
  10
-1389.931946
  20
198.998566
  0
VERTEX
  8
1
  10
-1391.464233
  20
200.137787
  0
VERTEX
  8
1
  10
-1392.938385
  20
201.349297
  0
VERTEX
  8
1
  10
-1394.234314
  20
202.522926
  0
VERTEX
  8
1
  10
-1395.494537
  20
203.779030
  0
VERTEX
  8
1
  10
-1396.672363
  20
205.071487
  0
VERTEX
  8
1
  10
-1397.888794
  20
206.542816
  0
VERTEX
  8
1
  10
-1399.033966
  20
208.072929
  0
VERTEX
  8
1
  10
-1400.107574
  20
209.656448
  0
VERTEX
  8
1
  10
-1401.109924
  20
211.287994
  0
VERTEX
  8
1
  10
-1402.040558
  20
212.962189
  0
VERTEX
  8
1
  10
-1402.967987
  20
214.817772
  0
VERTEX
  8
1
  10
-1403.768158
  20
216.607075
  0
VERTEX
  8
1
  10
-1404.534302
  20
218.530636
  0
VERTEX
  8
1
  10
-1405.221710
  20
220.483627
  0
VERTEX
  8
1
  10
-1405.877838
  20
222.616005
  0
VERTEX
  8
1
  10
-1406.450348
  20
224.774647
  0
VERTEX
  8
1
  10
-1406.975861
  20
227.111988
  0
VERTEX
  8
1
  10
-1407.415314
  20
229.469757
  0
VERTEX
  8
1
  10
-1407.794800
  20
232.001591
  0
VERTEX
  8
1
  10
-1408.088074
  20
234.544849
  0
VERTEX
  8
1
  10
-1408.312225
  20
237.252769
  0
VERTEX
  8
1
  10
-1408.458862
  20
240.118446
  0
SEQEND
  8
1
  0
POINT
  8
2
 10
-1408.533173
 20
243.880157
  0
TEXT
  8
2
 10
-1408.533173
 20
243.880157
 40
0.000000
 50
0.000000
  1
# 680
  0
POINT
  8
2
 10
-1408.508759
 20
370.336304
  0
TEXT
  8
2
 10
-1408.508759
 20
370.336304
 40
0.000000
 50
0.000000
  1
# 681
  0
POINT
  8
2
 10
-1354.534149
 20
367.878265
  0
TEXT
  8
2
 10
-1354.534149
 20
367.878265
 40
0.000000
 50
0.000000
  1
# 682
  0
POINT
  8
2
 10
-1354.534149
 20
189.880219
  0
TEXT
  8
2
 10
-1354.534149
 20
189.880219
 40
0.000000
 50
0.000000
  1
# 683
  0
POINT
  8
3
 10
-1408.531494
 20
254.250984
  0
POINT
  8
3
 10
-1408.529968
 20
264.453735
  0
POINT
  8
3
 10
-1408.528595
 20
274.869385
  0
POINT
  8
3
 10
-1408.527374
 20
285.221405
  0
POINT
  8
3
 10
-1408.526001
 20
295.471287
  0
POINT
  8
3
 10
-1408.524170
 20
305.721169
  0
POINT
  8
3
 10
-1408.521423
 20
315.851727
  0
POINT
  8
3
 10
-1408.518066
 20
326.101646
  0
POINT
  8
3
 10
-1408.514709
 20
336.351547
  0
POINT
  8
3
 10
-1408.512115
 20
346.401100
  0
POINT
  8
3
 10
-1408.510284
 20
356.702042
  0
POINT
  8
3
 10
-1408.509064
 20
366.752129
  0
POINT
  8
3
 10
-1399.831696
 20
369.703217
  0
POINT
  8
3
 10
-1390.675812
 20
369.128494
  0
POINT
  8
3
 10
-1381.991425
 20
368.667755
  0
POINT
  8
3
 10
-1373.822021
 20
368.318825
  0
POINT
  8
3
 10
-1366.557007
 20
368.090820
  0
POINT
  8
3
 10
-1364.419888
 20
368.048189
  0
POINT
  8
3
 10
-1358.511810
 20
367.930336
  0
POINT
  8
3
 10
-1358.389740
 20
189.906158
  0
POINT
  8
3
 10
-1361.069336
 20
190.005322
  0
POINT
  8
3
 10
-1363.620758
 20
190.183887
  0
POINT
  8
3
 10
-1366.171875
 20
190.450897
  0
POINT
  8
3
 10
-1368.556824
 20
190.785828
  0
POINT
  8
3
 10
-1370.928345
 20
191.206665
  0
POINT
  8
3
 10
-1373.124390
 20
191.680431
  0
POINT
  8
3
 10
-1375.298309
 20
192.235680
  0
POINT
  8
3
 10
-1377.444763
 20
192.875614
  0
POINT
  8
3
 10
-1379.409027
 20
193.548470
  0
POINT
  8
3
 10
-1381.341095
 20
194.299698
  0
POINT
  8
3
 10
-1383.237000
 20
195.131836
  0
POINT
  8
3
 10
-1384.951477
 20
195.974045
  0
POINT
  8
3
 10
-1386.714478
 20
196.939182
  0
POINT
  8
3
 10
-1388.347015
 20
197.932186
  0
POINT
  8
3
 10
-1389.931946
 20
198.998566
  0
POINT
  8
3
 10
-1391.464233
 20
200.137787
  0
POINT
  8
3
 10
-1392.938385
 20
201.349297
  0
POINT
  8
3
 10
-1394.234314
 20
202.522926
  0
POINT
  8
3
 10
-1395.494537
 20
203.779030
  0
POINT
  8
3
 10
-1396.672363
 20
205.071487
  0
POINT
  8
3
 10
-1397.888794
 20
206.542816
  0
POINT
  8
3
 10
-1399.033966
 20
208.072929
  0
POINT
  8
3
 10
-1400.107574
 20
209.656448
  0
POINT
  8
3
 10
-1401.109924
 20
211.287994
  0
POINT
  8
3
 10
-1402.040558
 20
212.962189
  0
POINT
  8
3
 10
-1402.967987
 20
214.817772
  0
POINT
  8
3
 10
-1403.768158
 20
216.607075
  0
POINT
  8
3
 10
-1404.534302
 20
218.530636
  0
POINT
  8
3
 10
-1405.221710
 20
220.483627
  0
POINT
  8
3
 10
-1405.877838
 20
222.616005
  0
POINT
  8
3
 10
-1406.450348
 20
224.774647
  0
POINT
  8
3
 10
-1406.975861
 20
227.111988
  0
POINT
  8
3
 10
-1407.415314
 20
229.469757
  0
POINT
  8
3
 10
-1407.794800
 20
232.001591
  0
POINT
  8
3
 10
-1408.088074
 20
234.544849
  0
POINT
  8
3
 10
-1408.312225
 20
237.252769
  0
POINT
  8
3
 10
-1408.458862
 20
240.118446
  0
POINT
  8
3
 10
-1364.419888
 20
368.048189
  0
TEXT
  8
3
 10
-1364.419888
 20
368.048189
 40
0.000000
 50
0.000000
  1
# 684
  0
POLYLINE
  8
8
  66
1
  70
0
  0
VERTEX
  8
8
  10
-1364.534149
  20
367.878265
  0
VERTEX
  8
8
  10
-1364.534149
  20
189.880219
  0
SEQEND
  8
8
  0
POINT
  8
2
 10
-1364.534149
 20
367.878265
  0
TEXT
  8
2
 10
-1364.534149
 20
367.878265
 40
0.000000
 50
0.000000
  1
# 685
  0
POINT
  8
2
 10
-1364.534149
 20
189.880219
  0
TEXT
  8
2
 10
-1364.534149
 20
189.880219
 40
0.000000
 50
0.000000
  1
# 686
 0
LINE
 8
7
 10
-1375.564423
 20
245.734711
 11
-1375.564423
 21
305.973969
  0
TEXT
  8
1
 10
-1381.533661
 20
280.108261
 40
10.000000
 50
0.000000
  1
Piece Name: 26SMC-WP313M 展_单刀_175/92
  0
TEXT
  8
1
 10
-1381.533661
 20
295.108261
 40
10.000000
 50
0.000000
  1
Size: 175/92
  0
TEXT
  8
1
 10
-1381.533661
 20
310.108261
 40
10.000000
 50
0.000000
  1
Annotation: 
  0
TEXT
  8
1
 10
-1381.533661
 20
325.108261
 40
10.000000
 50
0.000000
  1
Quantity: 1
  0
TEXT
  8
1
 10
-1381.533661
 20
340.108261
 40
10.000000
 50
0.000000
  1
Material: 面
  0
TEXT
  8
1
 10
-1381.533661
 20
340.108261
 40
10.000000
 50
0.000000
  1
Category: 17
0
ENDBLK
0
BLOCK
  8
1
  2
26SMC-WP313M 展_双刀_175/92
 70
0
 10
0.0
 20
0.0
  0
POLYLINE
  8
1
  66
1
  70
1
  0
VERTEX
  8
1
  10
-1407.777405
  20
389.965057
  0
VERTEX
  8
1
  10
-1407.777405
  20
399.375725
  0
VERTEX
  8
1
  10
-1407.777405
  20
409.146423
  0
VERTEX
  8
1
  10
-1407.777405
  20
419.346008
  0
VERTEX
  8
1
  10
-1407.777405
  20
431.075859
  0
VERTEX
  8
1
  10
-1407.777405
  20
441.347313
  0
VERTEX
  8
1
  10
-1407.777405
  20
452.230835
  0
VERTEX
  8
1
  10
-1407.777405
  20
463.563271
  0
VERTEX
  8
1
  10
-1407.777405
  20
475.181351
  0
VERTEX
  8
1
  10
-1407.777405
  20
486.921806
  0
VERTEX
  8
1
  10
-1407.777405
  20
498.621483
  0
VERTEX
  8
1
  10
-1407.777405
  20
510.117149
  0
VERTEX
  8
1
  10
-1407.777405
  20
521.245537
  0
VERTEX
  8
1
  10
-1407.777405
  20
531.843414
  0
VERTEX
  8
1
  10
-1407.777405
  20
544.096107
  0
VERTEX
  8
1
  10
-1407.777405
  20
554.946060
  0
VERTEX
  8
1
  10
-1407.777405
  20
565.665512
  0
VERTEX
  8
1
  10
-1407.777405
  20
578.003235
  0
VERTEX
  8
1
  10
-1387.777405
  20
578.003235
  0
VERTEX
  8
1
  10
-1380.341949
  20
578.023529
  0
VERTEX
  8
1
  10
-1370.292969
  20
578.046074
  0
VERTEX
  8
1
  10
-1360.348816
  20
578.063393
  0
VERTEX
  8
1
  10
-1350.019684
  20
578.075752
  0
VERTEX
  8
1
  10
-1339.940643
  20
578.081322
  0
VERTEX
  8
1
  10
-1329.775848
  20
578.079185
  0
VERTEX
  8
1
  10
-1319.160919
  20
578.069305
  0
VERTEX
  8
1
  10
-1308.688354
  20
578.053284
  0
VERTEX
  8
1
  10
-1298.143005
  20
578.031502
  0
VERTEX
  8
1
  10
-1287.400818
  20
578.003235
  0
VERTEX
  8
1
  10
-1287.400818
  20
389.965057
  0
VERTEX
  8
1
  10
-1297.400818
  20
386.610565
  0
VERTEX
  8
1
  10
-1306.721649
  20
388.985367
  0
VERTEX
  8
1
  10
-1316.866913
  20
391.570206
  0
VERTEX
  8
1
  10
-1327.169495
  20
394.195213
  0
VERTEX
  8
1
  10
-1337.588654
  20
396.849823
  0
VERTEX
  8
1
  10
-1346.909637
  20
394.475021
  0
VERTEX
  8
1
  10
-1357.055054
  20
391.890182
  0
VERTEX
  8
1
  10
-1367.358093
  20
389.265213
  0
VERTEX
  8
1
  10
-1377.777405
  20
386.610565
  0
VERTEX
  8
1
  10
-1387.777405
  20
389.965057
  0
VERTEX
  8
1
  10
-1397.777405
  20
386.610565
  0
SEQEND
  8
1
  0
POINT
  8
2
 10
-1407.777405
 20
389.965057
  0
TEXT
  8
2
 10
-1407.777405
 20
389.965057
 40
0.000000
 50
0.000000
  1
# 687
  0
POINT
  8
2
 10
-1407.777405
 20
578.003235
  0
TEXT
  8
2
 10
-1407.777405
 20
578.003235
 40
0.000000
 50
0.000000
  1
# 688
  0
POINT
  8
2
 10
-1387.777405
 20
578.003235
  0
TEXT
  8
2
 10
-1387.777405
 20
578.003235
 40
0.000000
 50
0.000000
  1
# 689
  0
POINT
  8
2
 10
-1287.400818
 20
578.003235
  0
TEXT
  8
2
 10
-1287.400818
 20
578.003235
 40
0.000000
 50
0.000000
  1
# 690
  0
POINT
  8
2
 10
-1287.400818
 20
389.965057
  0
TEXT
  8
2
 10
-1287.400818
 20
389.965057
 40
0.000000
 50
0.000000
  1
# 691
  0
POINT
  8
2
 10
-1297.400818
 20
386.610565
  0
TEXT
  8
2
 10
-1297.400818
 20
386.610565
 40
0.000000
 50
0.000000
  1
# 692
  0
POINT
  8
2
 10
-1337.588654
 20
396.849823
  0
TEXT
  8
2
 10
-1337.588654
 20
396.849823
 40
0.000000
 50
0.000000
  1
# 693
  0
POINT
  8
2
 10
-1377.777405
 20
386.610565
  0
TEXT
  8
2
 10
-1377.777405
 20
386.610565
 40
0.000000
 50
0.000000
  1
# 694
  0
POINT
  8
2
 10
-1387.777405
 20
389.965057
  0
TEXT
  8
2
 10
-1387.777405
 20
389.965057
 40
0.000000
 50
0.000000
  1
# 695
  0
POINT
  8
2
 10
-1397.777405
 20
386.610565
  0
TEXT
  8
2
 10
-1397.777405
 20
386.610565
 40
0.000000
 50
0.000000
  1
# 696
  0
POINT
  8
3
 10
-1407.777405
 20
399.375725
  0
POINT
  8
3
 10
-1407.777405
 20
409.146423
  0
POINT
  8
3
 10
-1407.777405
 20
419.346008
  0
POINT
  8
3
 10
-1407.777405
 20
431.075859
  0
POINT
  8
3
 10
-1407.777405
 20
441.347313
  0
POINT
  8
3
 10
-1407.777405
 20
452.230835
  0
POINT
  8
3
 10
-1407.777405
 20
463.563271
  0
POINT
  8
3
 10
-1407.777405
 20
475.181351
  0
POINT
  8
3
 10
-1407.777405
 20
486.921806
  0
POINT
  8
3
 10
-1407.777405
 20
498.621483
  0
POINT
  8
3
 10
-1407.777405
 20
510.117149
  0
POINT
  8
3
 10
-1407.777405
 20
521.245537
  0
POINT
  8
3
 10
-1407.777405
 20
531.843414
  0
POINT
  8
3
 10
-1407.777405
 20
544.096107
  0
POINT
  8
3
 10
-1407.777405
 20
554.946060
  0
POINT
  8
3
 10
-1407.777405
 20
565.665512
  0
POINT
  8
3
 10
-1380.341949
 20
578.023529
  0
POINT
  8
3
 10
-1370.292969
 20
578.046074
  0
POINT
  8
3
 10
-1360.348816
 20
578.063393
  0
POINT
  8
3
 10
-1350.019684
 20
578.075752
  0
POINT
  8
3
 10
-1339.940643
 20
578.081322
  0
POINT
  8
3
 10
-1329.775848
 20
578.079185
  0
POINT
  8
3
 10
-1319.160919
 20
578.069305
  0
POINT
  8
3
 10
-1308.688354
 20
578.053284
  0
POINT
  8
3
 10
-1298.143005
 20
578.031502
  0
POINT
  8
3
 10
-1306.721649
 20
388.985367
  0
POINT
  8
3
 10
-1316.866913
 20
391.570206
  0
POINT
  8
3
 10
-1327.169495
 20
394.195213
  0
POINT
  8
3
 10
-1346.909637
 20
394.475021
  0
POINT
  8
3
 10
-1357.055054
 20
391.890182
  0
POINT
  8
3
 10
-1367.358093
 20
389.265213
  0
POLYLINE
  8
8
  66
1
  70
0
  0
VERTEX
  8
8
  10
-1387.777405
  20
578.003235
  0
VERTEX
  8
8
  10
-1387.777405
  20
565.665526
  0
VERTEX
  8
8
  10
-1387.777405
  20
554.946062
  0
VERTEX
  8
8
  10
-1387.777405
  20
544.096105
  0
VERTEX
  8
8
  10
-1387.777405
  20
531.843411
  0
VERTEX
  8
8
  10
-1387.777405
  20
521.245520
  0
VERTEX
  8
8
  10
-1387.777405
  20
510.117140
  0
VERTEX
  8
8
  10
-1387.777405
  20
498.621497
  0
VERTEX
  8
8
  10
-1387.777405
  20
486.921820
  0
VERTEX
  8
8
  10
-1387.777405
  20
475.181336
  0
VERTEX
  8
8
  10
-1387.777405
  20
463.563272
  0
VERTEX
  8
8
  10
-1387.777405
  20
452.230848
  0
VERTEX
  8
8
  10
-1387.777405
  20
441.347318
  0
VERTEX
  8
8
  10
-1387.777405
  20
431.075874
  0
VERTEX
  8
8
  10
-1387.777405
  20
419.346023
  0
VERTEX
  8
8
  10
-1387.777405
  20
409.146428
  0
VERTEX
  8
8
  10
-1387.777405
  20
399.375719
  0
VERTEX
  8
8
  10
-1387.777405
  20
389.965057
  0
SEQEND
  8
8
  0
POINT
  8
2
 10
-1387.777405
 20
578.003235
  0
TEXT
  8
2
 10
-1387.777405
 20
578.003235
 40
0.000000
 50
0.000000
  1
# 697
  0
POINT
  8
2
 10
-1387.777405
 20
389.965057
  0
TEXT
  8
2
 10
-1387.777405
 20
389.965057
 40
0.000000
 50
0.000000
  1
# 698
  0
POINT
  8
3
 10
-1387.777405
 20
565.665526
  0
POINT
  8
3
 10
-1387.777405
 20
554.946062
  0
POINT
  8
3
 10
-1387.777405
 20
544.096105
  0
POINT
  8
3
 10
-1387.777405
 20
531.843411
  0
POINT
  8
3
 10
-1387.777405
 20
521.245520
  0
POINT
  8
3
 10
-1387.777405
 20
510.117140
  0
POINT
  8
3
 10
-1387.777405
 20
498.621497
  0
POINT
  8
3
 10
-1387.777405
 20
486.921820
  0
POINT
  8
3
 10
-1387.777405
 20
475.181336
  0
POINT
  8
3
 10
-1387.777405
 20
463.563272
  0
POINT
  8
3
 10
-1387.777405
 20
452.230848
  0
POINT
  8
3
 10
-1387.777405
 20
441.347318
  0
POINT
  8
3
 10
-1387.777405
 20
431.075874
  0
POINT
  8
3
 10
-1387.777405
 20
419.346023
  0
POINT
  8
3
 10
-1387.777405
 20
409.146428
  0
POINT
  8
3
 10
-1387.777405
 20
399.375719
  0
POLYLINE
  8
8
  66
1
  70
0
  0
VERTEX
  8
8
  10
-1397.777405
  20
386.610565
  0
VERTEX
  8
8
  10
-1397.777405
  20
578.025742
  0
SEQEND
  8
8
  0
POINT
  8
2
 10
-1397.777405
 20
386.610565
  0
TEXT
  8
2
 10
-1397.777405
 20
386.610565
 40
0.000000
 50
0.000000
  1
# 699
  0
POINT
  8
2
 10
-1397.777405
 20
578.025742
  0
TEXT
  8
2
 10
-1397.777405
 20
578.025742
 40
0.000000
 50
0.000000
  1
# 700
 0
LINE
 8
7
 10
-1336.217194
 20
461.212921
 11
-1336.217194
 21
530.621338
  0
TEXT
  8
1
 10
-1347.589111
 20
482.345946
 40
10.000000
 50
0.000000
  1
Piece Name: 26SMC-WP313M 展_双刀_175/92
  0
TEXT
  8
1
 10
-1347.589111
 20
497.345946
 40
10.000000
 50
0.000000
  1
Size: 175/92
  0
TEXT
  8
1
 10
-1347.589111
 20
512.345946
 40
10.000000
 50
0.000000
  1
Annotation: 
  0
TEXT
  8
1
 10
-1347.589111
 20
527.345946
 40
10.000000
 50
0.000000
  1
Quantity: 1
  0
TEXT
  8
1
 10
-1347.589111
 20
542.345946
 40
10.000000
 50
0.000000
  1
Material: 衬
  0
TEXT
  8
1
 10
-1347.589111
 20
542.345946
 40
10.000000
 50
0.000000
  1
Category: 18
0
ENDBLK
0
BLOCK
  8
1
  2
26SMC-WP313M 展_单刀_175/92
 70
0
 10
0.0
 20
0.0
  0
POLYLINE
  8
1
  66
1
  70
1
  0
VERTEX
  8
1
  10
-1191.873169
  20
460.072556
  0
VERTEX
  8
1
  10
-1191.840134
  20
456.413193
  0
VERTEX
  8
1
  10
-1191.902924
  20
453.623009
  0
VERTEX
  8
1
  10
-1192.045441
  20
450.984077
  0
VERTEX
  8
1
  10
-1192.260056
  20
448.503342
  0
VERTEX
  8
1
  10
-1192.558823
  20
446.031342
  0
VERTEX
  8
1
  10
-1192.920761
  20
443.726921
  0
VERTEX
  8
1
  10
-1193.367081
  20
441.439934
  0
VERTEX
  8
1
  10
-1193.864136
  20
439.325409
  0
VERTEX
  8
1
  10
-1194.443054
  20
437.234116
  0
VERTEX
  8
1
  10
-1195.107956
  20
435.169868
  0
VERTEX
  8
1
  10
-1195.805817
  20
433.280716
  0
VERTEX
  8
1
  10
-1196.603165
  20
431.379433
  0
VERTEX
  8
1
  10
-1197.466354
  20
429.555435
  0
VERTEX
  8
1
  10
-1198.412399
  20
427.772675
  0
VERTEX
  8
1
  10
-1199.359283
  20
426.169319
  0
VERTEX
  8
1
  10
-1200.376968
  20
424.612007
  0
VERTEX
  8
1
  10
-1201.465607
  20
423.105850
  0
VERTEX
  8
1
  10
-1202.625198
  20
421.656189
  0
VERTEX
  8
1
  10
-1203.855972
  20
420.268173
  0
VERTEX
  8
1
  10
-1205.067825
  20
419.032707
  0
VERTEX
  8
1
  10
-1206.430740
  20
417.773933
  0
VERTEX
  8
1
  10
-1207.855148
  20
416.583443
  0
VERTEX
  8
1
  10
-1209.335785
  20
415.461922
  0
VERTEX
  8
1
  10
-1210.867538
  20
414.410019
  0
VERTEX
  8
1
  10
-1212.445374
  20
413.428421
  0
VERTEX
  8
1
  10
-1214.149857
  20
412.471924
  0
VERTEX
  8
1
  10
-1215.947876
  20
411.567345
  0
VERTEX
  8
1
  10
-1217.785568
  20
410.741768
  0
VERTEX
  8
1
  10
-1219.658890
  20
409.992828
  0
VERTEX
  8
1
  10
-1221.711426
  20
409.269180
  0
VERTEX
  8
1
  10
-1223.795471
  20
408.628654
  0
VERTEX
  8
1
  10
-1225.905914
  20
408.068237
  0
VERTEX
  8
1
  10
-1228.190613
  20
407.553291
  0
VERTEX
  8
1
  10
-1230.493546
  20
407.123222
  0
VERTEX
  8
1
  10
-1232.962952
  20
406.753845
  0
VERTEX
  8
1
  10
-1235.438461
  20
406.472397
  0
VERTEX
  8
1
  10
-1237.908936
  20
406.274605
  0
VERTEX
  8
1
  10
-1240.909424
  20
406.127586
  0
VERTEX
  8
1
  10
-1242.872238
  20
406.072617
  0
VERTEX
  8
1
  10
-1242.872238
  20
579.070663
  0
VERTEX
  8
1
  10
-1240.232391
  20
579.110451
  0
VERTEX
  8
1
  10
-1235.874149
  20
579.203777
  0
VERTEX
  8
1
  10
-1232.877301
  20
579.267951
  0
VERTEX
  8
1
  10
-1232.310410
  20
579.280090
  0
VERTEX
  8
1
  10
-1225.444412
  20
579.504623
  0
VERTEX
  8
1
  10
-1217.692566
  20
579.847946
  0
VERTEX
  8
1
  10
-1209.412308
  20
580.302277
  0
VERTEX
  8
1
  10
-1200.610657
  20
580.872498
  0
VERTEX
  8
1
  10
-1191.897583
  20
581.528702
  0
VERTEX
  8
1
  10
-1191.896667
  20
572.858925
  0
VERTEX
  8
1
  10
-1191.894989
  20
562.727737
  0
VERTEX
  8
1
  10
-1191.892624
  20
552.431755
  0
VERTEX
  8
1
  10
-1191.889343
  20
542.193336
  0
VERTEX
  8
1
  10
-1191.885834
  20
531.954956
  0
VERTEX
  8
1
  10
-1191.882858
  20
521.831131
  0
VERTEX
  8
1
  10
-1191.880722
  20
511.592712
  0
VERTEX
  8
1
  10
-1191.879349
  20
501.354294
  0
VERTEX
  8
1
  10
-1191.878052
  20
491.017532
  0
VERTEX
  8
1
  10
-1191.876678
  20
480.948906
  0
VERTEX
  8
1
  10
-1191.875000
  20
470.636253
  0
SEQEND
  8
1
  0
POINT
  8
2
 10
-1191.873169
 20
460.072556
  0
TEXT
  8
2
 10
-1191.873169
 20
460.072556
 40
0.000000
 50
0.000000
  1
# 701
  0
POINT
  8
2
 10
-1242.872238
 20
406.072617
  0
TEXT
  8
2
 10
-1242.872238
 20
406.072617
 40
0.000000
 50
0.000000
  1
# 702
  0
POINT
  8
2
 10
-1242.872238
 20
579.070663
  0
TEXT
  8
2
 10
-1242.872238
 20
579.070663
 40
0.000000
 50
0.000000
  1
# 703
  0
POINT
  8
2
 10
-1191.897583
 20
581.528702
  0
TEXT
  8
2
 10
-1191.897583
 20
581.528702
 40
0.000000
 50
0.000000
  1
# 704
  0
POINT
  8
3
 10
-1191.840134
 20
456.413193
  0
POINT
  8
3
 10
-1191.902924
 20
453.623009
  0
POINT
  8
3
 10
-1192.045441
 20
450.984077
  0
POINT
  8
3
 10
-1192.260056
 20
448.503342
  0
POINT
  8
3
 10
-1192.558823
 20
446.031342
  0
POINT
  8
3
 10
-1192.920761
 20
443.726921
  0
POINT
  8
3
 10
-1193.367081
 20
441.439934
  0
POINT
  8
3
 10
-1193.864136
 20
439.325409
  0
POINT
  8
3
 10
-1194.443054
 20
437.234116
  0
POINT
  8
3
 10
-1195.107956
 20
435.169868
  0
POINT
  8
3
 10
-1195.805817
 20
433.280716
  0
POINT
  8
3
 10
-1196.603165
 20
431.379433
  0
POINT
  8
3
 10
-1197.466354
 20
429.555435
  0
POINT
  8
3
 10
-1198.412399
 20
427.772675
  0
POINT
  8
3
 10
-1199.359283
 20
426.169319
  0
POINT
  8
3
 10
-1200.376968
 20
424.612007
  0
POINT
  8
3
 10
-1201.465607
 20
423.105850
  0
POINT
  8
3
 10
-1202.625198
 20
421.656189
  0
POINT
  8
3
 10
-1203.855972
 20
420.268173
  0
POINT
  8
3
 10
-1205.067825
 20
419.032707
  0
POINT
  8
3
 10
-1206.430740
 20
417.773933
  0
POINT
  8
3
 10
-1207.855148
 20
416.583443
  0
POINT
  8
3
 10
-1209.335785
 20
415.461922
  0
POINT
  8
3
 10
-1210.867538
 20
414.410019
  0
POINT
  8
3
 10
-1212.445374
 20
413.428421
  0
POINT
  8
3
 10
-1214.149857
 20
412.471924
  0
POINT
  8
3
 10
-1215.947876
 20
411.567345
  0
POINT
  8
3
 10
-1217.785568
 20
410.741768
  0
POINT
  8
3
 10
-1219.658890
 20
409.992828
  0
POINT
  8
3
 10
-1221.711426
 20
409.269180
  0
POINT
  8
3
 10
-1223.795471
 20
408.628654
  0
POINT
  8
3
 10
-1225.905914
 20
408.068237
  0
POINT
  8
3
 10
-1228.190613
 20
407.553291
  0
POINT
  8
3
 10
-1230.493546
 20
407.123222
  0
POINT
  8
3
 10
-1232.962952
 20
406.753845
  0
POINT
  8
3
 10
-1235.438461
 20
406.472397
  0
POINT
  8
3
 10
-1237.908936
 20
406.274605
  0
POINT
  8
3
 10
-1240.909424
 20
406.127586
  0
POINT
  8
3
 10
-1240.232391
 20
579.110451
  0
POINT
  8
3
 10
-1235.874149
 20
579.203777
  0
POINT
  8
3
 10
-1232.877301
 20
579.267951
  0
POINT
  8
3
 10
-1232.310410
 20
579.280090
  0
POINT
  8
3
 10
-1225.444412
 20
579.504623
  0
POINT
  8
3
 10
-1217.692566
 20
579.847946
  0
POINT
  8
3
 10
-1209.412308
 20
580.302277
  0
POINT
  8
3
 10
-1200.610657
 20
580.872498
  0
POINT
  8
3
 10
-1191.896667
 20
572.858925
  0
POINT
  8
3
 10
-1191.894989
 20
562.727737
  0
POINT
  8
3
 10
-1191.892624
 20
552.431755
  0
POINT
  8
3
 10
-1191.889343
 20
542.193336
  0
POINT
  8
3
 10
-1191.885834
 20
531.954956
  0
POINT
  8
3
 10
-1191.882858
 20
521.831131
  0
POINT
  8
3
 10
-1191.880722
 20
511.592712
  0
POINT
  8
3
 10
-1191.879349
 20
501.354294
  0
POINT
  8
3
 10
-1191.878052
 20
491.017532
  0
POINT
  8
3
 10
-1191.876678
 20
480.948906
  0
POINT
  8
3
 10
-1191.875000
 20
470.636253
  0
POINT
  8
3
 10
-1235.874149
 20
579.203777
  0
TEXT
  8
3
 10
-1235.874149
 20
579.203777
 40
0.000000
 50
0.000000
  1
# 705
  0
POINT
  8
3
 10
-1232.877301
 20
579.267951
  0
TEXT
  8
3
 10
-1232.877301
 20
579.267951
 40
0.000000
 50
0.000000
  1
# 706
  0
POLYLINE
  8
8
  66
1
  70
0
  0
VERTEX
  8
8
  10
-1232.872238
  20
579.070663
  0
VERTEX
  8
8
  10
-1232.872238
  20
406.072617
  0
SEQEND
  8
8
  0
POINT
  8
2
 10
-1232.872238
 20
579.070663
  0
TEXT
  8
2
 10
-1232.872238
 20
579.070663
 40
0.000000
 50
0.000000
  1
# 707
  0
POINT
  8
2
 10
-1232.872238
 20
406.072617
  0
TEXT
  8
2
 10
-1232.872238
 20
406.072617
 40
0.000000
 50
0.000000
  1
# 708
 0
LINE
 8
7
 10
-1224.841919
 20
461.927109
 11
-1224.841919
 21
522.166367
  0
TEXT
  8
1
 10
-1217.356186
 20
493.800659
 40
10.000000
 50
0.000000
  1
Piece Name: 26SMC-WP313M 展_单刀_175/92
  0
TEXT
  8
1
 10
-1217.356186
 20
508.800659
 40
10.000000
 50
0.000000
  1
Size: 175/92
  0
TEXT
  8
1
 10
-1217.356186
 20
523.800659
 40
10.000000
 50
0.000000
  1
Annotation: 
  0
TEXT
  8
1
 10
-1217.356186
 20
538.800659
 40
10.000000
 50
0.000000
  1
Quantity: 1
  0
TEXT
  8
1
 10
-1217.356186
 20
553.800659
 40
10.000000
 50
0.000000
  1
Material: 衬
  0
TEXT
  8
1
 10
-1217.356186
 20
553.800659
 40
10.000000
 50
0.000000
  1
Category: 19
0
ENDBLK
0
BLOCK
  8
1
  2
26SMC-WP313M 展_后袋开线_175/92
 70
0
 10
0.0
 20
0.0
  0
POLYLINE
  8
1
  66
1
  70
1
  0
VERTEX
  8
1
  10
795.133057
  20
122.331791
  0
VERTEX
  8
1
  10
795.133057
  20
320.332222
  0
VERTEX
  8
1
  10
805.784683
  20
320.332222
  0
VERTEX
  8
1
  10
816.531601
  20
320.332222
  0
VERTEX
  8
1
  10
827.295380
  20
320.332222
  0
VERTEX
  8
1
  10
837.446518
  20
320.332222
  0
VERTEX
  8
1
  10
847.819824
  20
320.332222
  0
VERTEX
  8
1
  10
857.971039
  20
320.332222
  0
VERTEX
  8
1
  10
868.099976
  20
320.332222
  0
VERTEX
  8
1
  10
878.484650
  20
320.332222
  0
VERTEX
  8
1
  10
888.264008
  20
320.332222
  0
VERTEX
  8
1
  10
890.132904
  20
320.332222
  0
VERTEX
  8
1
  10
890.132904
  20
122.331791
  0
SEQEND
  8
1
  0
POINT
  8
2
 10
795.133057
 20
122.331791
  0
TEXT
  8
2
 10
795.133057
 20
122.331791
 40
0.000000
 50
0.000000
  1
# 709
  0
POINT
  8
2
 10
795.133057
 20
320.332222
  0
TEXT
  8
2
 10
795.133057
 20
320.332222
 40
0.000000
 50
0.000000
  1
# 710
  0
POINT
  8
2
 10
890.132904
 20
320.332222
  0
TEXT
  8
2
 10
890.132904
 20
320.332222
 40
0.000000
 50
0.000000
  1
# 711
  0
POINT
  8
2
 10
890.132904
 20
122.331791
  0
TEXT
  8
2
 10
890.132904
 20
122.331791
 40
0.000000
 50
0.000000
  1
# 712
  0
POINT
  8
3
 10
805.784683
 20
320.332222
  0
POINT
  8
3
 10
816.531601
 20
320.332222
  0
POINT
  8
3
 10
827.295380
 20
320.332222
  0
POINT
  8
3
 10
837.446518
 20
320.332222
  0
POINT
  8
3
 10
847.819824
 20
320.332222
  0
POINT
  8
3
 10
857.971039
 20
320.332222
  0
POINT
  8
3
 10
868.099976
 20
320.332222
  0
POINT
  8
3
 10
878.484650
 20
320.332222
  0
POINT
  8
3
 10
888.264008
 20
320.332222
 0
LINE
 8
7
 10
865.987244
 20
201.773853
 11
865.987244
 21
268.864326
  0
TEXT
  8
1
 10
842.632980
 20
221.332006
 40
10.000000
 50
0.000000
  1
Piece Name: 26SMC-WP313M 展_后袋开线_175/92
  0
TEXT
  8
1
 10
842.632980
 20
236.332006
 40
10.000000
 50
0.000000
  1
Size: 175/92
  0
TEXT
  8
1
 10
842.632980
 20
251.332006
 40
10.000000
 50
0.000000
  1
Annotation: 
  0
TEXT
  8
1
 10
842.632980
 20
266.332006
 40
10.000000
 50
0.000000
  1
Quantity: 1,1
  0
TEXT
  8
1
 10
842.632980
 20
281.332006
 40
10.000000
 50
0.000000
  1
Material: 面
  0
TEXT
  8
1
 10
842.632980
 20
281.332006
 40
10.000000
 50
0.000000
  1
Category: 20
0
ENDBLK
0
BLOCK
  8
1
  2
26SMC-WP313M 展_后袋开线_175/92
 70
0
 10
0.0
 20
0.0
  0
POLYLINE
  8
1
  66
1
  70
1
  0
VERTEX
  8
1
  10
979.446716
  20
129.929447
  0
VERTEX
  8
1
  10
979.446716
  20
320.929756
  0
VERTEX
  8
1
  10
1044.446716
  20
320.929756
  0
VERTEX
  8
1
  10
1044.446716
  20
129.929447
  0
SEQEND
  8
1
  0
POINT
  8
2
 10
979.446716
 20
129.929447
  0
TEXT
  8
2
 10
979.446716
 20
129.929447
 40
0.000000
 50
0.000000
  1
# 713
  0
POINT
  8
2
 10
979.446716
 20
320.929756
  0
TEXT
  8
2
 10
979.446716
 20
320.929756
 40
0.000000
 50
0.000000
  1
# 714
  0
POINT
  8
2
 10
1044.446716
 20
320.929756
  0
TEXT
  8
2
 10
1044.446716
 20
320.929756
 40
0.000000
 50
0.000000
  1
# 715
  0
POINT
  8
2
 10
1044.446716
 20
129.929447
  0
TEXT
  8
2
 10
1044.446716
 20
129.929447
 40
0.000000
 50
0.000000
  1
# 716
 0
LINE
 8
7
 10
1008.709259
 20
212.676754
 11
1008.709259
 21
275.579643
  0
TEXT
  8
1
 10
1011.946716
 20
225.429602
 40
10.000000
 50
0.000000
  1
Piece Name: 26SMC-WP313M 展_后袋开线_175/92
  0
TEXT
  8
1
 10
1011.946716
 20
240.429602
 40
10.000000
 50
0.000000
  1
Size: 175/92
  0
TEXT
  8
1
 10
1011.946716
 20
255.429602
 40
10.000000
 50
0.000000
  1
Annotation: 
  0
TEXT
  8
1
 10
1011.946716
 20
270.429602
 40
10.000000
 50
0.000000
  1
Quantity: 1,1
  0
TEXT
  8
1
 10
1011.946716
 20
285.429602
 40
10.000000
 50
0.000000
  1
Material: 衬
  0
TEXT
  8
1
 10
1011.946716
 20
285.429602
 40
10.000000
 50
0.000000
  1
Category: 21
0
ENDBLK
0
BLOCK
  8
1
  2
26SMC-WP313M 展_腿袋画版_175/92
 70
0
 10
0.0
 20
0.0
  0
POLYLINE
  8
1
  66
1
  70
1
  0
VERTEX
  8
1
  10
210.856819
  20
-538.002129
  0
VERTEX
  8
1
  10
210.856819
  20
-448.002129
  0
VERTEX
  8
1
  10
195.856819
  20
-448.002129
  0
VERTEX
  8
1
  10
195.856819
  20
-343.002167
  0
VERTEX
  8
1
  10
210.856819
  20
-328.002167
  0
VERTEX
  8
1
  10
375.856857
  20
-328.002167
  0
VERTEX
  8
1
  10
390.856857
  20
-343.002167
  0
VERTEX
  8
1
  10
390.856857
  20
-448.002129
  0
VERTEX
  8
1
  10
375.856857
  20
-448.002129
  0
VERTEX
  8
1
  10
375.856857
  20
-538.002129
  0
VERTEX
  8
1
  10
293.356819
  20
-573.002129
  0
SEQEND
  8
1
  0
POINT
  8
2
 10
210.856819
 20
-538.002129
  0
TEXT
  8
2
 10
210.856819
 20
-538.002129
 40
0.000000
 50
0.000000
  1
# 717
  0
POINT
  8
2
 10
210.856819
 20
-448.002129
  0
TEXT
  8
2
 10
210.856819
 20
-448.002129
 40
0.000000
 50
0.000000
  1
# 718
  0
POINT
  8
2
 10
195.856819
 20
-448.002129
  0
TEXT
  8
2
 10
195.856819
 20
-448.002129
 40
0.000000
 50
0.000000
  1
# 719
  0
POINT
  8
2
 10
195.856819
 20
-343.002167
  0
TEXT
  8
2
 10
195.856819
 20
-343.002167
 40
0.000000
 50
0.000000
  1
# 720
  0
POINT
  8
2
 10
210.856819
 20
-328.002167
  0
TEXT
  8
2
 10
210.856819
 20
-328.002167
 40
0.000000
 50
0.000000
  1
# 721
  0
POINT
  8
2
 10
375.856857
 20
-328.002167
  0
TEXT
  8
2
 10
375.856857
 20
-328.002167
 40
0.000000
 50
0.000000
  1
# 722
  0
POINT
  8
2
 10
390.856857
 20
-343.002167
  0
TEXT
  8
2
 10
390.856857
 20
-343.002167
 40
0.000000
 50
0.000000
  1
# 723
  0
POINT
  8
2
 10
390.856857
 20
-448.002129
  0
TEXT
  8
2
 10
390.856857
 20
-448.002129
 40
0.000000
 50
0.000000
  1
# 724
  0
POINT
  8
2
 10
375.856857
 20
-448.002129
  0
TEXT
  8
2
 10
375.856857
 20
-448.002129
 40
0.000000
 50
0.000000
  1
# 725
  0
POINT
  8
2
 10
375.856857
 20
-538.002129
  0
TEXT
  8
2
 10
375.856857
 20
-538.002129
 40
0.000000
 50
0.000000
  1
# 726
  0
POINT
  8
2
 10
293.356819
 20
-573.002129
  0
TEXT
  8
2
 10
293.356819
 20
-573.002129
 40
0.000000
 50
0.000000
  1
# 727
  0
POLYLINE
  8
8
  66
1
  70
0
  0
VERTEX
  8
8
  10
375.856857
  20
-448.002129
  0
VERTEX
  8
8
  10
210.856819
  20
-448.002129
  0
SEQEND
  8
8
  0
POINT
  8
2
 10
375.856857
 20
-448.002129
  0
TEXT
  8
2
 10
375.856857
 20
-448.002129
 40
0.000000
 50
0.000000
  1
# 728
  0
POINT
  8
2
 10
210.856819
 20
-448.002129
  0
TEXT
  8
2
 10
210.856819
 20
-448.002129
 40
0.000000
 50
0.000000
  1
# 729
  0
POLYLINE
  8
8
  66
1
  70
0
  0
VERTEX
  8
8
  10
210.856819
  20
-448.002129
  0
VERTEX
  8
8
  10
210.856819
  20
-383.002167
  0
SEQEND
  8
8
  0
POINT
  8
2
 10
210.856819
 20
-448.002129
  0
TEXT
  8
2
 10
210.856819
 20
-448.002129
 40
0.000000
 50
0.000000
  1
# 730
  0
POINT
  8
2
 10
210.856819
 20
-383.002167
  0
TEXT
  8
2
 10
210.856819
 20
-383.002167
 40
0.000000
 50
0.000000
  1
# 731
  0
POLYLINE
  8
8
  66
1
  70
0
  0
VERTEX
  8
8
  10
210.856819
  20
-383.002167
  0
VERTEX
  8
8
  10
375.856857
  20
-383.002167
  0
SEQEND
  8
8
  0
POINT
  8
2
 10
210.856819
 20
-383.002167
  0
TEXT
  8
2
 10
210.856819
 20
-383.002167
 40
0.000000
 50
0.000000
  1
# 732
  0
POINT
  8
2
 10
375.856857
 20
-383.002167
  0
TEXT
  8
2
 10
375.856857
 20
-383.002167
 40
0.000000
 50
0.000000
  1
# 733
  0
POLYLINE
  8
8
  66
1
  70
0
  0
VERTEX
  8
8
  10
375.856857
  20
-383.002167
  0
VERTEX
  8
8
  10
375.856857
  20
-448.002129
  0
SEQEND
  8
8
  0
POINT
  8
2
 10
375.856857
 20
-383.002167
  0
TEXT
  8
2
 10
375.856857
 20
-383.002167
 40
0.000000
 50
0.000000
  1
# 734
  0
POINT
  8
2
 10
375.856857
 20
-448.002129
  0
TEXT
  8
2
 10
375.856857
 20
-448.002129
 40
0.000000
 50
0.000000
  1
# 735
  0
POLYLINE
  8
8
  66
1
  70
0
  0
VERTEX
  8
8
  10
207.856865
  20
-418.002167
  0
VERTEX
  8
8
  10
222.856865
  20
-433.002167
  0
SEQEND
  8
8
  0
POINT
  8
2
 10
207.856865
 20
-418.002167
  0
TEXT
  8
2
 10
207.856865
 20
-418.002167
 40
0.000000
 50
0.000000
  1
# 736
  0
POINT
  8
2
 10
222.856865
 20
-433.002167
  0
TEXT
  8
2
 10
222.856865
 20
-433.002167
 40
0.000000
 50
0.000000
  1
# 737
  0
POLYLINE
  8
8
  66
1
  70
0
  0
VERTEX
  8
8
  10
207.856865
  20
-363.002167
  0
VERTEX
  8
8
  10
207.856865
  20
-418.002167
  0
SEQEND
  8
8
  0
POINT
  8
2
 10
207.856865
 20
-363.002167
  0
TEXT
  8
2
 10
207.856865
 20
-363.002167
 40
0.000000
 50
0.000000
  1
# 738
  0
POINT
  8
2
 10
207.856865
 20
-418.002167
  0
TEXT
  8
2
 10
207.856865
 20
-418.002167
 40
0.000000
 50
0.000000
  1
# 739
  0
POLYLINE
  8
8
  66
1
  70
0
  0
VERTEX
  8
8
  10
207.856865
  20
-363.002167
  0
VERTEX
  8
8
  10
378.856812
  20
-363.002167
  0
SEQEND
  8
8
  0
POINT
  8
2
 10
207.856865
 20
-363.002167
  0
TEXT
  8
2
 10
207.856865
 20
-363.002167
 40
0.000000
 50
0.000000
  1
# 740
  0
POINT
  8
2
 10
378.856812
 20
-363.002167
  0
TEXT
  8
2
 10
378.856812
 20
-363.002167
 40
0.000000
 50
0.000000
  1
# 741
  0
POLYLINE
  8
8
  66
1
  70
0
  0
VERTEX
  8
8
  10
378.856812
  20
-363.002167
  0
VERTEX
  8
8
  10
378.856812
  20
-418.002167
  0
SEQEND
  8
8
  0
POINT
  8
2
 10
378.856812
 20
-363.002167
  0
TEXT
  8
2
 10
378.856812
 20
-363.002167
 40
0.000000
 50
0.000000
  1
# 742
  0
POINT
  8
2
 10
378.856812
 20
-418.002167
  0
TEXT
  8
2
 10
378.856812
 20
-418.002167
 40
0.000000
 50
0.000000
  1
# 743
  0
POLYLINE
  8
8
  66
1
  70
0
  0
VERTEX
  8
8
  10
378.856812
  20
-418.002167
  0
VERTEX
  8
8
  10
363.856812
  20
-433.002167
  0
SEQEND
  8
8
  0
POINT
  8
2
 10
378.856812
 20
-418.002167
  0
TEXT
  8
2
 10
378.856812
 20
-418.002167
 40
0.000000
 50
0.000000
  1
# 744
  0
POINT
  8
2
 10
363.856812
 20
-433.002167
  0
TEXT
  8
2
 10
363.856812
 20
-433.002167
 40
0.000000
 50
0.000000
  1
# 745
  0
POLYLINE
  8
8
  66
1
  70
0
  0
VERTEX
  8
8
  10
222.856865
  20
-433.002167
  0
VERTEX
  8
8
  10
363.856812
  20
-433.002167
  0
SEQEND
  8
8
  0
POINT
  8
2
 10
222.856865
 20
-433.002167
  0
TEXT
  8
2
 10
222.856865
 20
-433.002167
 40
0.000000
 50
0.000000
  1
# 746
  0
POINT
  8
2
 10
363.856812
 20
-433.002167
  0
TEXT
  8
2
 10
363.856812
 20
-433.002167
 40
0.000000
 50
0.000000
  1
# 747
  0
POLYLINE
  8
8
  66
1
  70
0
  0
VERTEX
  8
8
  10
210.856819
  20
-363.002167
  0
VERTEX
  8
8
  10
375.856857
  20
-363.002167
  0
SEQEND
  8
8
  0
POINT
  8
2
 10
210.856819
 20
-363.002167
  0
TEXT
  8
2
 10
210.856819
 20
-363.002167
 40
0.000000
 50
0.000000
  1
# 748
  0
POINT
  8
2
 10
375.856857
 20
-363.002167
  0
TEXT
  8
2
 10
375.856857
 20
-363.002167
 40
0.000000
 50
0.000000
  1
# 749
  0
POLYLINE
  8
8
  66
1
  70
0
  0
VERTEX
  8
8
  10
293.356819
  20
-363.002167
  0
VERTEX
  8
8
  10
293.356819
  20
-448.002129
  0
SEQEND
  8
8
  0
POINT
  8
2
 10
293.356819
 20
-363.002167
  0
TEXT
  8
2
 10
293.356819
 20
-363.002167
 40
0.000000
 50
0.000000
  1
# 750
  0
POINT
  8
2
 10
293.356819
 20
-448.002129
  0
TEXT
  8
2
 10
293.356819
 20
-448.002129
 40
0.000000
 50
0.000000
  1
# 751
  0
POLYLINE
  8
8
  66
1
  70
0
  0
VERTEX
  8
8
  10
293.356819
  20
-573.002129
  0
VERTEX
  8
8
  10
293.356819
  20
-363.002167
  0
SEQEND
  8
8
  0
POINT
  8
2
 10
293.356819
 20
-573.002129
  0
TEXT
  8
2
 10
293.356819
 20
-573.002129
 40
0.000000
 50
0.000000
  1
# 752
  0
POINT
  8
2
 10
293.356819
 20
-363.002167
  0
TEXT
  8
2
 10
293.356819
 20
-363.002167
 40
0.000000
 50
0.000000
  1
# 753
  0
POLYLINE
  8
8
  66
1
  70
0
  0
VERTEX
  8
8
  10
293.356819
  20
-363.002167
  0
VERTEX
  8
8
  10
293.356819
  20
-328.002167
  0
SEQEND
  8
8
  0
POINT
  8
2
 10
293.356819
 20
-363.002167
  0
TEXT
  8
2
 10
293.356819
 20
-363.002167
 40
0.000000
 50
0.000000
  1
# 754
  0
POINT
  8
2
 10
293.356819
 20
-328.002167
  0
TEXT
  8
2
 10
293.356819
 20
-328.002167
 40
0.000000
 50
0.000000
  1
# 755
 0
LINE
 8
7
 10
289.833488
 20
-464.964256
 11
289.833488
 21
-400.409012
  0
TEXT
  8
1
 10
293.356838
 20
-450.502148
 40
10.000000
 50
0.000000
  1
Piece Name: 26SMC-WP313M 展_腿袋画版_175/92
  0
TEXT
  8
1
 10
293.356838
 20
-435.502148
 40
10.000000
 50
0.000000
  1
Size: 175/92
  0
TEXT
  8
1
 10
293.356838
 20
-420.502148
 40
10.000000
 50
0.000000
  1
Annotation: 
  0
TEXT
  8
1
 10
293.356838
 20
-405.502148
 40
10.000000
 50
0.000000
  1
Quantity: 1
  0
TEXT
  8
1
 10
293.356838
 20
-390.502148
 40
10.000000
 50
0.000000
  1
Material: 净
  0
TEXT
  8
1
 10
293.356838
 20
-390.502148
 40
10.000000
 50
0.000000
  1
Category: 22
0
ENDBLK
0
BLOCK
  8
1
  2
26SMC-WP313M 展_腿袋_175/92
 70
0
 10
0.0
 20
0.0
  0
POLYLINE
  8
1
  66
1
  70
1
  0
VERTEX
  8
1
  10
542.665787
  20
-396.820145
  0
VERTEX
  8
1
  10
542.665787
  20
-241.820145
  0
VERTEX
  8
1
  10
707.665787
  20
-241.820145
  0
VERTEX
  8
1
  10
707.665787
  20
-396.820145
  0
VERTEX
  8
1
  10
625.165787
  20
-431.820145
  0
SEQEND
  8
1
  0
POINT
  8
2
 10
542.665787
 20
-396.820145
  0
TEXT
  8
2
 10
542.665787
 20
-396.820145
 40
0.000000
 50
0.000000
  1
# 756
  0
POINT
  8
2
 10
542.665787
 20
-241.820145
  0
TEXT
  8
2
 10
542.665787
 20
-241.820145
 40
0.000000
 50
0.000000
  1
# 757
  0
POINT
  8
2
 10
707.665787
 20
-241.820145
  0
TEXT
  8
2
 10
707.665787
 20
-241.820145
 40
0.000000
 50
0.000000
  1
# 758
  0
POINT
  8
2
 10
707.665787
 20
-396.820145
  0
TEXT
  8
2
 10
707.665787
 20
-396.820145
 40
0.000000
 50
0.000000
  1
# 759
  0
POINT
  8
2
 10
625.165787
 20
-431.820145
  0
TEXT
  8
2
 10
625.165787
 20
-431.820145
 40
0.000000
 50
0.000000
  1
# 760
  0
POLYLINE
  8
8
  66
1
  70
0
  0
VERTEX
  8
8
  10
625.165787
  20
-431.820145
  0
VERTEX
  8
8
  10
625.165787
  20
-241.820145
  0
SEQEND
  8
8
  0
POINT
  8
2
 10
625.165787
 20
-431.820145
  0
TEXT
  8
2
 10
625.165787
 20
-431.820145
 40
0.000000
 50
0.000000
  1
# 761
  0
POINT
  8
2
 10
625.165787
 20
-241.820145
  0
TEXT
  8
2
 10
625.165787
 20
-241.820145
 40
0.000000
 50
0.000000
  1
# 762
  0
POLYLINE
  8
8
  66
1
  70
0
  0
VERTEX
  8
8
  10
542.665787
  20
-261.820145
  0
VERTEX
  8
8
  10
707.665787
  20
-261.820145
  0
SEQEND
  8
8
  0
POINT
  8
2
 10
542.665787
 20
-261.820145
  0
TEXT
  8
2
 10
542.665787
 20
-261.820145
 40
0.000000
 50
0.000000
  1
# 763
  0
POINT
  8
2
 10
707.665787
 20
-261.820145
  0
TEXT
  8
2
 10
707.665787
 20
-261.820145
 40
0.000000
 50
0.000000
  1
# 764
  0
POLYLINE
  8
8
  66
1
  70
0
  0
VERTEX
  8
8
  10
542.665787
  20
-281.820145
  0
VERTEX
  8
8
  10
707.665787
  20
-281.820145
  0
SEQEND
  8
8
  0
POINT
  8
2
 10
542.665787
 20
-281.820145
  0
TEXT
  8
2
 10
542.665787
 20
-281.820145
 40
0.000000
 50
0.000000
  1
# 765
  0
POINT
  8
2
 10
707.665787
 20
-281.820145
  0
TEXT
  8
2
 10
707.665787
 20
-281.820145
 40
0.000000
 50
0.000000
  1
# 766
  0
POLYLINE
  8
8
  66
1
  70
0
  0
VERTEX
  8
8
  10
582.665787
  20
-413.789825
  0
VERTEX
  8
8
  10
582.665787
  20
-241.820145
  0
SEQEND
  8
8
  0
POINT
  8
2
 10
582.665787
 20
-413.789825
  0
TEXT
  8
2
 10
582.665787
 20
-413.789825
 40
0.000000
 50
0.000000
  1
# 767
  0
POINT
  8
2
 10
582.665787
 20
-241.820145
  0
TEXT
  8
2
 10
582.665787
 20
-241.820145
 40
0.000000
 50
0.000000
  1
# 768
  0
POLYLINE
  8
8
  66
1
  70
0
  0
VERTEX
  8
8
  10
667.665787
  20
-413.789825
  0
VERTEX
  8
8
  10
667.665787
  20
-241.820145
  0
SEQEND
  8
8
  0
POINT
  8
2
 10
667.665787
 20
-413.789825
  0
TEXT
  8
2
 10
667.665787
 20
-413.789825
 40
0.000000
 50
0.000000
  1
# 769
  0
POINT
  8
2
 10
667.665787
 20
-241.820145
  0
TEXT
  8
2
 10
667.665787
 20
-241.820145
 40
0.000000
 50
0.000000
  1
# 770
 0
LINE
 8
7
 10
603.923912
 20
-365.336800
 11
603.923912
 21
-304.923229
  0
TEXT
  8
1
 10
625.165787
 20
-336.820145
 40
10.000000
 50
0.000000
  1
Piece Name: 26SMC-WP313M 展_腿袋_175/92
  0
TEXT
  8
1
 10
625.165787
 20
-321.820145
 40
10.000000
 50
0.000000
  1
Size: 175/92
  0
TEXT
  8
1
 10
625.165787
 20
-306.820145
 40
10.000000
 50
0.000000
  1
Annotation: 
  0
TEXT
  8
1
 10
625.165787
 20
-291.820145
 40
10.000000
 50
0.000000
  1
Quantity: 1
  0
TEXT
  8
1
 10
625.165787
 20
-276.820145
 40
10.000000
 50
0.000000
  1
Material: 净
  0
TEXT
  8
1
 10
625.165787
 20
-276.820145
 40
10.000000
 50
0.000000
  1
Category: 23
0
ENDBLK
0
BLOCK
  8
1
  2
26SMC-WP313M 展_腿袋盖_175/92
 70
0
 10
0.0
 20
0.0
  0
POLYLINE
  8
1
  66
1
  70
1
  0
VERTEX
  8
1
  10
554.665794
  20
-191.820145
  0
VERTEX
  8
1
  10
539.665794
  20
-176.820145
  0
VERTEX
  8
1
  10
539.665794
  20
-121.820145
  0
VERTEX
  8
1
  10
710.665817
  20
-121.820145
  0
VERTEX
  8
1
  10
710.665817
  20
-176.820145
  0
VERTEX
  8
1
  10
695.665817
  20
-191.820145
  0
SEQEND
  8
1
  0
POINT
  8
2
 10
554.665794
 20
-191.820145
  0
TEXT
  8
2
 10
554.665794
 20
-191.820145
 40
0.000000
 50
0.000000
  1
# 771
  0
POINT
  8
2
 10
539.665794
 20
-176.820145
  0
TEXT
  8
2
 10
539.665794
 20
-176.820145
 40
0.000000
 50
0.000000
  1
# 772
  0
POINT
  8
2
 10
539.665794
 20
-121.820145
  0
TEXT
  8
2
 10
539.665794
 20
-121.820145
 40
0.000000
 50
0.000000
  1
# 773
  0
POINT
  8
2
 10
710.665817
 20
-121.820145
  0
TEXT
  8
2
 10
710.665817
 20
-121.820145
 40
0.000000
 50
0.000000
  1
# 774
  0
POINT
  8
2
 10
710.665817
 20
-176.820145
  0
TEXT
  8
2
 10
710.665817
 20
-176.820145
 40
0.000000
 50
0.000000
  1
# 775
  0
POINT
  8
2
 10
695.665817
 20
-191.820145
  0
TEXT
  8
2
 10
695.665817
 20
-191.820145
 40
0.000000
 50
0.000000
  1
# 776
  0
POLYLINE
  8
8
  66
1
  70
0
  0
VERTEX
  8
8
  10
542.665787
  20
-161.820145
  0
VERTEX
  8
8
  10
707.665787
  20
-161.820145
  0
SEQEND
  8
8
  0
POINT
  8
2
 10
542.665787
 20
-161.820145
  0
TEXT
  8
2
 10
542.665787
 20
-161.820145
 40
0.000000
 50
0.000000
  1
# 777
  0
POINT
  8
2
 10
707.665787
 20
-161.820145
  0
TEXT
  8
2
 10
707.665787
 20
-161.820145
 40
0.000000
 50
0.000000
  1
# 778
  0
POLYLINE
  8
8
  66
1
  70
0
  0
VERTEX
  8
8
  10
554.236870
  20
-177.249069
  0
VERTEX
  8
8
  10
564.843483
  20
-166.642475
  0
SEQEND
  8
8
  0
POINT
  8
2
 10
554.236870
 20
-177.249069
  0
TEXT
  8
2
 10
554.236870
 20
-177.249069
 40
0.000000
 50
0.000000
  1
# 779
  0
POINT
  8
2
 10
564.843483
 20
-166.642475
  0
TEXT
  8
2
 10
564.843483
 20
-166.642475
 40
0.000000
 50
0.000000
  1
# 780
  0
POLYLINE
  8
8
  66
1
  70
0
  0
VERTEX
  8
8
  10
696.094742
  20
-177.249069
  0
VERTEX
  8
8
  10
685.488129
  20
-166.642475
  0
SEQEND
  8
8
  0
POINT
  8
2
 10
696.094742
 20
-177.249069
  0
TEXT
  8
2
 10
696.094742
 20
-177.249069
 40
0.000000
 50
0.000000
  1
# 781
  0
POINT
  8
2
 10
685.488129
 20
-166.642475
  0
TEXT
  8
2
 10
685.488129
 20
-166.642475
 40
0.000000
 50
0.000000
  1
# 782
 0
LINE
 8
7
 10
623.265114
 20
-167.821903
 11
623.265114
 21
-136.758728
  0
TEXT
  8
1
 10
625.165806
 20
-156.820145
 40
10.000000
 50
0.000000
  1
Piece Name: 26SMC-WP313M 展_腿袋盖_175/92
  0
TEXT
  8
1
 10
625.165806
 20
-141.820145
 40
10.000000
 50
0.000000
  1
Size: 175/92
  0
TEXT
  8
1
 10
625.165806
 20
-126.820145
 40
10.000000
 50
0.000000
  1
Annotation: 
  0
TEXT
  8
1
 10
625.165806
 20
-111.820145
 40
10.000000
 50
0.000000
  1
Quantity: 1
  0
TEXT
  8
1
 10
625.165806
 20
-96.820145
 40
10.000000
 50
0.000000
  1
Material: 净
  0
TEXT
  8
1
 10
625.165806
 20
-96.820145
 40
10.000000
 50
0.000000
  1
Category: 24
0
ENDBLK
0
BLOCK
  8
1
  2
26SMC-WP313M 展_腿袋风琴_175/92
 70
0
 10
0.0
 20
0.0
  0
POLYLINE
  8
1
  66
1
  70
1
  0
VERTEX
  8
1
  10
859.376221
  20
-357.939072
  0
VERTEX
  8
1
  10
859.376221
  20
-447.539063
  0
VERTEX
  8
1
  10
859.376221
  20
-447.539063
  0
VERTEX
  8
1
  10
859.376221
  20
-600.939064
  0
VERTEX
  8
1
  10
809.376221
  20
-600.939064
  0
VERTEX
  8
1
  10
809.376221
  20
-447.539063
  0
VERTEX
  8
1
  10
809.376221
  20
-447.539063
  0
VERTEX
  8
1
  10
809.376221
  20
-357.939072
  0
VERTEX
  8
1
  10
809.376221
  20
-357.939072
  0
VERTEX
  8
1
  10
809.376221
  20
-268.339062
  0
VERTEX
  8
1
  10
809.376221
  20
-268.339062
  0
VERTEX
  8
1
  10
809.376221
  20
-114.939070
  0
VERTEX
  8
1
  10
859.376221
  20
-114.939070
  0
VERTEX
  8
1
  10
859.376221
  20
-268.339062
  0
VERTEX
  8
1
  10
859.376221
  20
-268.339062
  0
VERTEX
  8
1
  10
859.376221
  20
-357.939072
  0
SEQEND
  8
1
  0
POINT
  8
2
 10
859.376221
 20
-357.939072
  0
TEXT
  8
2
 10
859.376221
 20
-357.939072
 40
0.000000
 50
0.000000
  1
# 783
  0
POINT
  8
2
 10
859.376221
 20
-447.539063
  0
TEXT
  8
2
 10
859.376221
 20
-447.539063
 40
0.000000
 50
0.000000
  1
# 784
  0
POINT
  8
2
 10
859.376221
 20
-600.939064
  0
TEXT
  8
2
 10
859.376221
 20
-600.939064
 40
0.000000
 50
0.000000
  1
# 785
  0
POINT
  8
2
 10
809.376221
 20
-600.939064
  0
TEXT
  8
2
 10
809.376221
 20
-600.939064
 40
0.000000
 50
0.000000
  1
# 786
  0
POINT
  8
2
 10
809.376221
 20
-447.539063
  0
TEXT
  8
2
 10
809.376221
 20
-447.539063
 40
0.000000
 50
0.000000
  1
# 787
  0
POINT
  8
2
 10
809.376221
 20
-357.939072
  0
TEXT
  8
2
 10
809.376221
 20
-357.939072
 40
0.000000
 50
0.000000
  1
# 788
  0
POINT
  8
2
 10
809.376221
 20
-268.339062
  0
TEXT
  8
2
 10
809.376221
 20
-268.339062
 40
0.000000
 50
0.000000
  1
# 789
  0
POINT
  8
2
 10
809.376221
 20
-114.939070
  0
TEXT
  8
2
 10
809.376221
 20
-114.939070
 40
0.000000
 50
0.000000
  1
# 790
  0
POINT
  8
2
 10
859.376221
 20
-114.939070
  0
TEXT
  8
2
 10
859.376221
 20
-114.939070
 40
0.000000
 50
0.000000
  1
# 791
  0
POINT
  8
2
 10
859.376221
 20
-268.339062
  0
TEXT
  8
2
 10
859.376221
 20
-268.339062
 40
0.000000
 50
0.000000
  1
# 792
  0
POINT
  8
3
 10
859.376221
 20
-447.539063
  0
POINT
  8
3
 10
809.376221
 20
-447.539063
  0
POINT
  8
3
 10
809.376221
 20
-357.939072
  0
POINT
  8
3
 10
809.376221
 20
-268.339062
  0
POINT
  8
3
 10
859.376221
 20
-268.339062
  0
POINT
  8
3
 10
859.376221
 20
-357.939072
  0
POINT
  8
4
 10
859.376221
 20
-447.539063
 30
0.400000
 50
180.00
  0
TEXT
  8
4
 10
859.376221
 20
-447.539063
 40
0.000000
 50
0.000000
  1
# 793
  0
POINT
  8
4
 10
809.376221
 20
-447.539063
 30
0.400000
 50
  0.00
  0
TEXT
  8
4
 10
809.376221
 20
-447.539063
 40
0.000000
 50
0.000000
  1
# 794
  0
POINT
  8
4
 10
809.376221
 20
-357.939072
 30
0.400000
 50
  0.00
  0
TEXT
  8
4
 10
809.376221
 20
-357.939072
 40
0.000000
 50
0.000000
  1
# 795
  0
POINT
  8
4
 10
809.376221
 20
-268.339062
 30
0.400000
 50
  0.00
  0
TEXT
  8
4
 10
809.376221
 20
-268.339062
 40
0.000000
 50
0.000000
  1
# 796
  0
POINT
  8
4
 10
859.376221
 20
-268.339062
 30
0.400000
 50
180.00
  0
TEXT
  8
4
 10
859.376221
 20
-268.339062
 40
0.000000
 50
0.000000
  1
# 797
  0
POINT
  8
4
 10
859.376221
 20
-357.939072
 30
0.400000
 50
180.00
  0
TEXT
  8
4
 10
859.376221
 20
-357.939072
 40
0.000000
 50
0.000000
  1
# 798
  0
POLYLINE
  8
14
  66
1
  70
1
  0
VERTEX
  8
14
  10
849.376221
  20
-357.939072
  0
VERTEX
  8
14
  10
849.376221
  20
-447.539063
  0
VERTEX
  8
14
  10
849.376221
  20
-447.539063
  0
VERTEX
  8
14
  10
849.376221
  20
-600.939064
  0
VERTEX
  8
14
  10
819.376221
  20
-600.939064
  0
VERTEX
  8
14
  10
819.376221
  20
-447.539063
  0
VERTEX
  8
14
  10
819.376221
  20
-447.539063
  0
VERTEX
  8
14
  10
819.376221
  20
-357.939072
  0
VERTEX
  8
14
  10
819.376221
  20
-357.939072
  0
VERTEX
  8
14
  10
819.376221
  20
-268.339062
  0
VERTEX
  8
14
  10
819.376221
  20
-268.339062
  0
VERTEX
  8
14
  10
819.376221
  20
-114.939070
  0
VERTEX
  8
14
  10
849.376221
  20
-114.939070
  0
VERTEX
  8
14
  10
849.376221
  20
-268.339062
  0
VERTEX
  8
14
  10
849.376221
  20
-268.339062
  0
VERTEX
  8
14
  10
849.376221
  20
-357.939072
  0
SEQEND
  8
14
  0
POINT
  8
2
 10
849.376221
 20
-357.939072
  0
TEXT
  8
2
 10
849.376221
 20
-357.939072
 40
0.000000
 50
0.000000
  1
# 799
  0
POINT
  8
2
 10
849.376221
 20
-447.539063
  0
TEXT
  8
2
 10
849.376221
 20
-447.539063
 40
0.000000
 50
0.000000
  1
# 800
  0
POINT
  8
2
 10
849.376221
 20
-600.939064
  0
TEXT
  8
2
 10
849.376221
 20
-600.939064
 40
0.000000
 50
0.000000
  1
# 801
  0
POINT
  8
2
 10
819.376221
 20
-600.939064
  0
TEXT
  8
2
 10
819.376221
 20
-600.939064
 40
0.000000
 50
0.000000
  1
# 802
  0
POINT
  8
2
 10
819.376221
 20
-447.539063
  0
TEXT
  8
2
 10
819.376221
 20
-447.539063
 40
0.000000
 50
0.000000
  1
# 803
  0
POINT
  8
2
 10
819.376221
 20
-357.939072
  0
TEXT
  8
2
 10
819.376221
 20
-357.939072
 40
0.000000
 50
0.000000
  1
# 804
  0
POINT
  8
2
 10
819.376221
 20
-268.339062
  0
TEXT
  8
2
 10
819.376221
 20
-268.339062
 40
0.000000
 50
0.000000
  1
# 805
  0
POINT
  8
2
 10
819.376221
 20
-114.939070
  0
TEXT
  8
2
 10
819.376221
 20
-114.939070
 40
0.000000
 50
0.000000
  1
# 806
  0
POINT
  8
2
 10
849.376221
 20
-114.939070
  0
TEXT
  8
2
 10
849.376221
 20
-114.939070
 40
0.000000
 50
0.000000
  1
# 807
  0
POINT
  8
2
 10
849.376221
 20
-268.339062
  0
TEXT
  8
2
 10
849.376221
 20
-268.339062
 40
0.000000
 50
0.000000
  1
# 808
  0
POINT
  8
3
 10
849.376221
 20
-447.539063
  0
POINT
  8
3
 10
819.376221
 20
-447.539063
  0
POINT
  8
3
 10
819.376221
 20
-357.939072
  0
POINT
  8
3
 10
819.376221
 20
-268.339062
  0
POINT
  8
3
 10
849.376221
 20
-268.339062
  0
POINT
  8
3
 10
849.376221
 20
-357.939072
  0
POINT
  8
4
 10
849.376221
 20
-447.539063
 30
0.400000
 50
180.00
  0
TEXT
  8
4
 10
849.376221
 20
-447.539063
 40
0.000000
 50
0.000000
  1
# 809
  0
POINT
  8
4
 10
819.376221
 20
-447.539063
 30
0.400000
 50
  0.00
  0
TEXT
  8
4
 10
819.376221
 20
-447.539063
 40
0.000000
 50
0.000000
  1
# 810
  0
POINT
  8
4
 10
819.376221
 20
-357.939072
 30
0.400000
 50
  0.00
  0
TEXT
  8
4
 10
819.376221
 20
-357.939072
 40
0.000000
 50
0.000000
  1
# 811
  0
POINT
  8
4
 10
819.376221
 20
-268.339062
 30
0.400000
 50
  0.00
  0
TEXT
  8
4
 10
819.376221
 20
-268.339062
 40
0.000000
 50
0.000000
  1
# 812
  0
POINT
  8
4
 10
849.376221
 20
-268.339062
 30
0.400000
 50
180.00
  0
TEXT
  8
4
 10
849.376221
 20
-268.339062
 40
0.000000
 50
0.000000
  1
# 813
  0
POINT
  8
4
 10
849.376221
 20
-357.939072
 30
0.400000
 50
180.00
  0
TEXT
  8
4
 10
849.376221
 20
-357.939072
 40
0.000000
 50
0.000000
  1
# 814
  0
POLYLINE
  8
8
  66
1
  70
0
  0
VERTEX
  8
8
  10
819.376221
  20
-357.939072
  0
VERTEX
  8
8
  10
849.376221
  20
-357.939072
  0
SEQEND
  8
8
  0
POINT
  8
2
 10
819.376221
 20
-357.939072
  0
TEXT
  8
2
 10
819.376221
 20
-357.939072
 40
0.000000
 50
0.000000
  1
# 815
  0
POINT
  8
2
 10
849.376221
 20
-357.939072
  0
TEXT
  8
2
 10
849.376221
 20
-357.939072
 40
0.000000
 50
0.000000
  1
# 816
  0
POLYLINE
  8
8
  66
1
  70
0
  0
VERTEX
  8
8
  10
819.376221
  20
-268.339062
  0
VERTEX
  8
8
  10
829.792115
  20
-268.339062
  0
VERTEX
  8
8
  10
839.831686
  20
-268.339062
  0
VERTEX
  8
8
  10
849.376144
  20
-268.339062
  0
SEQEND
  8
8
  0
POINT
  8
2
 10
819.376221
 20
-268.339062
  0
TEXT
  8
2
 10
819.376221
 20
-268.339062
 40
0.000000
 50
0.000000
  1
# 817
  0
POINT
  8
2
 10
849.376144
 20
-268.339062
  0
TEXT
  8
2
 10
849.376144
 20
-268.339062
 40
0.000000
 50
0.000000
  1
# 818
  0
POINT
  8
3
 10
829.792115
 20
-268.339062
  0
POINT
  8
3
 10
839.831686
 20
-268.339062
  0
POLYLINE
  8
8
  66
1
  70
0
  0
VERTEX
  8
8
  10
819.376221
  20
-447.539063
  0
VERTEX
  8
8
  10
829.792103
  20
-447.539063
  0
VERTEX
  8
8
  10
839.831686
  20
-447.539063
  0
VERTEX
  8
8
  10
849.376144
  20
-447.539063
  0
SEQEND
  8
8
  0
POINT
  8
2
 10
819.376221
 20
-447.539063
  0
TEXT
  8
2
 10
819.376221
 20
-447.539063
 40
0.000000
 50
0.000000
  1
# 819
  0
POINT
  8
2
 10
849.376144
 20
-447.539063
  0
TEXT
  8
2
 10
849.376144
 20
-447.539063
 40
0.000000
 50
0.000000
  1
# 820
  0
POINT
  8
3
 10
829.792103
 20
-447.539063
  0
POINT
  8
3
 10
839.831686
 20
-447.539063
 0
LINE
 8
7
 10
837.220764
 20
-301.234074
 11
837.220764
 21
-252.499790
  0
TEXT
  8
1
 10
834.376221
 20
-357.939067
 40
10.000000
 50
0.000000
  1
Piece Name: 26SMC-WP313M 展_腿袋风琴_175/92
  0
TEXT
  8
1
 10
834.376221
 20
-342.939067
 40
10.000000
 50
0.000000
  1
Size: 175/92
  0
TEXT
  8
1
 10
834.376221
 20
-327.939067
 40
10.000000
 50
0.000000
  1
Annotation: 
  0
TEXT
  8
1
 10
834.376221
 20
-312.939067
 40
10.000000
 50
0.000000
  1
Quantity: 1,1
  0
TEXT
  8
1
 10
834.376221
 20
-297.939067
 40
10.000000
 50
0.000000
  1
Material: 面
  0
TEXT
  8
1
 10
834.376221
 20
-297.939067
 40
10.000000
 50
0.000000
  1
Category: 25
0
ENDBLK
0
BLOCK
  8
1
  2
26SMC-WP313M 展_腿袋盖_175/92
 70
0
 10
0.0
 20
0.0
  0
POLYLINE
  8
1
  66
1
  70
1
  0
VERTEX
  8
1
  10
1012.902985
  20
-224.993191
  0
VERTEX
  8
1
  10
992.045135
  20
-204.135323
  0
VERTEX
  8
1
  10
992.045135
  20
-134.993191
  0
VERTEX
  8
1
  10
1183.045120
  20
-134.993191
  0
VERTEX
  8
1
  10
1183.045120
  20
-204.135323
  0
VERTEX
  8
1
  10
1162.187271
  20
-224.993191
  0
SEQEND
  8
1
  0
POINT
  8
2
 10
1012.902985
 20
-224.993191
  0
TEXT
  8
2
 10
1012.902985
 20
-224.993191
 40
0.000000
 50
0.000000
  1
# 821
  0
POINT
  8
2
 10
992.045135
 20
-204.135323
  0
TEXT
  8
2
 10
992.045135
 20
-204.135323
 40
0.000000
 50
0.000000
  1
# 822
  0
POINT
  8
2
 10
992.045135
 20
-134.993191
  0
TEXT
  8
2
 10
992.045135
 20
-134.993191
 40
0.000000
 50
0.000000
  1
# 823
  0
POINT
  8
2
 10
1183.045120
 20
-134.993191
  0
TEXT
  8
2
 10
1183.045120
 20
-134.993191
 40
0.000000
 50
0.000000
  1
# 824
  0
POINT
  8
2
 10
1183.045120
 20
-204.135323
  0
TEXT
  8
2
 10
1183.045120
 20
-204.135323
 40
0.000000
 50
0.000000
  1
# 825
  0
POINT
  8
2
 10
1162.187271
 20
-224.993191
  0
TEXT
  8
2
 10
1162.187271
 20
-224.993191
 40
0.000000
 50
0.000000
  1
# 826
  0
POLYLINE
  8
14
  66
1
  70
1
  0
VERTEX
  8
14
  10
1017.045135
  20
-214.993191
  0
VERTEX
  8
14
  10
1002.045135
  20
-199.993191
  0
VERTEX
  8
14
  10
1002.045135
  20
-144.993191
  0
VERTEX
  8
14
  10
1173.045120
  20
-144.993191
  0
VERTEX
  8
14
  10
1173.045120
  20
-199.993191
  0
VERTEX
  8
14
  10
1158.045120
  20
-214.993191
  0
SEQEND
  8
14
  0
POINT
  8
2
 10
1017.045135
 20
-214.993191
  0
TEXT
  8
2
 10
1017.045135
 20
-214.993191
 40
0.000000
 50
0.000000
  1
# 827
  0
POINT
  8
2
 10
1002.045135
 20
-199.993191
  0
TEXT
  8
2
 10
1002.045135
 20
-199.993191
 40
0.000000
 50
0.000000
  1
# 828
  0
POINT
  8
2
 10
1002.045135
 20
-144.993191
  0
TEXT
  8
2
 10
1002.045135
 20
-144.993191
 40
0.000000
 50
0.000000
  1
# 829
  0
POINT
  8
2
 10
1173.045120
 20
-144.993191
  0
TEXT
  8
2
 10
1173.045120
 20
-144.993191
 40
0.000000
 50
0.000000
  1
# 830
  0
POINT
  8
2
 10
1173.045120
 20
-199.993191
  0
TEXT
  8
2
 10
1173.045120
 20
-199.993191
 40
0.000000
 50
0.000000
  1
# 831
  0
POINT
  8
2
 10
1158.045120
 20
-214.993191
  0
TEXT
  8
2
 10
1158.045120
 20
-214.993191
 40
0.000000
 50
0.000000
  1
# 832
  0
POLYLINE
  8
8
  66
1
  70
0
  0
VERTEX
  8
8
  10
1005.045166
  20
-184.993191
  0
VERTEX
  8
8
  10
1170.045166
  20
-184.993191
  0
SEQEND
  8
8
  0
POINT
  8
2
 10
1005.045166
 20
-184.993191
  0
TEXT
  8
2
 10
1005.045166
 20
-184.993191
 40
0.000000
 50
0.000000
  1
# 833
  0
POINT
  8
2
 10
1170.045166
 20
-184.993191
  0
TEXT
  8
2
 10
1170.045166
 20
-184.993191
 40
0.000000
 50
0.000000
  1
# 834
  0
POLYLINE
  8
8
  66
1
  70
0
  0
VERTEX
  8
8
  10
1016.616211
  20
-200.422115
  0
VERTEX
  8
8
  10
1027.222824
  20
-189.815521
  0
SEQEND
  8
8
  0
POINT
  8
2
 10
1016.616211
 20
-200.422115
  0
TEXT
  8
2
 10
1016.616211
 20
-200.422115
 40
0.000000
 50
0.000000
  1
# 835
  0
POINT
  8
2
 10
1027.222824
 20
-189.815521
  0
TEXT
  8
2
 10
1027.222824
 20
-189.815521
 40
0.000000
 50
0.000000
  1
# 836
  0
POLYLINE
  8
8
  66
1
  70
0
  0
VERTEX
  8
8
  10
1158.474045
  20
-200.422115
  0
VERTEX
  8
8
  10
1147.867508
  20
-189.815521
  0
SEQEND
  8
8
  0
POINT
  8
2
 10
1158.474045
 20
-200.422115
  0
TEXT
  8
2
 10
1158.474045
 20
-200.422115
 40
0.000000
 50
0.000000
  1
# 837
  0
POINT
  8
2
 10
1147.867508
 20
-189.815521
  0
TEXT
  8
2
 10
1147.867508
 20
-189.815521
 40
0.000000
 50
0.000000
  1
# 838
 0
LINE
 8
7
 10
1085.644455
 20
-190.994930
 11
1085.644455
 21
-159.931774
  0
TEXT
  8
1
 10
1087.545128
 20
-179.993191
 40
10.000000
 50
0.000000
  1
Piece Name: 26SMC-WP313M 展_腿袋盖_175/92
  0
TEXT
  8
1
 10
1087.545128
 20
-164.993191
 40
10.000000
 50
0.000000
  1
Size: 175/92
  0
TEXT
  8
1
 10
1087.545128
 20
-149.993191
 40
10.000000
 50
0.000000
  1
Annotation: 
  0
TEXT
  8
1
 10
1087.545128
 20
-134.993191
 40
10.000000
 50
0.000000
  1
Quantity: 2,2
  0
TEXT
  8
1
 10
1087.545128
 20
-119.993191
 40
10.000000
 50
0.000000
  1
Material: 面
  0
TEXT
  8
1
 10
1087.545128
 20
-119.993191
 40
10.000000
 50
0.000000
  1
Category: 26
0
ENDBLK
0
BLOCK
  8
1
  2
26SMC-WP313M 展_腿袋口贴_175/92
 70
0
 10
0.0
 20
0.0
  0
POLYLINE
  8
1
  66
1
  70
1
  0
VERTEX
  8
1
  10
1171.457443
  20
-260.003567
  0
VERTEX
  8
1
  10
1171.457443
  20
-320.003586
  0
VERTEX
  8
1
  10
986.457443
  20
-320.003586
  0
VERTEX
  8
1
  10
986.457443
  20
-260.003567
  0
SEQEND
  8
1
  0
POINT
  8
2
 10
1171.457443
 20
-260.003567
  0
TEXT
  8
2
 10
1171.457443
 20
-260.003567
 40
0.000000
 50
0.000000
  1
# 839
  0
POINT
  8
2
 10
1171.457443
 20
-320.003586
  0
TEXT
  8
2
 10
1171.457443
 20
-320.003586
 40
0.000000
 50
0.000000
  1
# 840
  0
POINT
  8
2
 10
986.457443
 20
-320.003586
  0
TEXT
  8
2
 10
986.457443
 20
-320.003586
 40
0.000000
 50
0.000000
  1
# 841
  0
POINT
  8
2
 10
986.457443
 20
-260.003567
  0
TEXT
  8
2
 10
986.457443
 20
-260.003567
 40
0.000000
 50
0.000000
  1
# 842
  0
POLYLINE
  8
14
  66
1
  70
1
  0
VERTEX
  8
14
  10
1161.457443
  20
-270.003567
  0
VERTEX
  8
14
  10
1161.457443
  20
-310.003567
  0
VERTEX
  8
14
  10
996.457443
  20
-310.003567
  0
VERTEX
  8
14
  10
996.457443
  20
-270.003567
  0
SEQEND
  8
14
  0
POINT
  8
2
 10
1161.457443
 20
-270.003567
  0
TEXT
  8
2
 10
1161.457443
 20
-270.003567
 40
0.000000
 50
0.000000
  1
# 843
  0
POINT
  8
2
 10
1161.457443
 20
-310.003567
  0
TEXT
  8
2
 10
1161.457443
 20
-310.003567
 40
0.000000
 50
0.000000
  1
# 844
  0
POINT
  8
2
 10
996.457443
 20
-310.003567
  0
TEXT
  8
2
 10
996.457443
 20
-310.003567
 40
0.000000
 50
0.000000
  1
# 845
  0
POINT
  8
2
 10
996.457443
 20
-270.003567
  0
TEXT
  8
2
 10
996.457443
 20
-270.003567
 40
0.000000
 50
0.000000
  1
# 846
  0
POLYLINE
  8
8
  66
1
  70
0
  0
VERTEX
  8
8
  10
1078.957443
  20
-310.003567
  0
VERTEX
  8
8
  10
1078.957443
  20
-270.003567
  0
SEQEND
  8
8
  0
POINT
  8
2
 10
1078.957443
 20
-310.003567
  0
TEXT
  8
2
 10
1078.957443
 20
-310.003567
 40
0.000000
 50
0.000000
  1
# 847
  0
POINT
  8
2
 10
1078.957443
 20
-270.003567
  0
TEXT
  8
2
 10
1078.957443
 20
-270.003567
 40
0.000000
 50
0.000000
  1
# 848
  0
POLYLINE
  8
8
  66
1
  70
0
  0
VERTEX
  8
8
  10
1036.457443
  20
-310.003567
  0
VERTEX
  8
8
  10
1036.457443
  20
-270.003567
  0
SEQEND
  8
8
  0
POINT
  8
2
 10
1036.457443
 20
-310.003567
  0
TEXT
  8
2
 10
1036.457443
 20
-310.003567
 40
0.000000
 50
0.000000
  1
# 849
  0
POINT
  8
2
 10
1036.457443
 20
-270.003567
  0
TEXT
  8
2
 10
1036.457443
 20
-270.003567
 40
0.000000
 50
0.000000
  1
# 850
  0
POLYLINE
  8
8
  66
1
  70
0
  0
VERTEX
  8
8
  10
1121.457443
  20
-310.003567
  0
VERTEX
  8
8
  10
1121.457443
  20
-270.003567
  0
SEQEND
  8
8
  0
POINT
  8
2
 10
1121.457443
 20
-310.003567
  0
TEXT
  8
2
 10
1121.457443
 20
-310.003567
 40
0.000000
 50
0.000000
  1
# 851
  0
POINT
  8
2
 10
1121.457443
 20
-270.003567
  0
TEXT
  8
2
 10
1121.457443
 20
-270.003567
 40
0.000000
 50
0.000000
  1
# 852
 0
LINE
 8
7
 10
1083.957443
 20
-302.003555
 11
1083.957443
 21
-278.003559
  0
TEXT
  8
1
 10
1078.957443
 20
-290.003576
 40
10.000000
 50
0.000000
  1
Piece Name: 26SMC-WP313M 展_腿袋口贴_175/92
  0
TEXT
  8
1
 10
1078.957443
 20
-275.003576
 40
10.000000
 50
0.000000
  1
Size: 175/92
  0
TEXT
  8
1
 10
1078.957443
 20
-260.003576
 40
10.000000
 50
0.000000
  1
Annotation: 
  0
TEXT
  8
1
 10
1078.957443
 20
-245.003576
 40
10.000000
 50
0.000000
  1
Quantity: 1,1
  0
TEXT
  8
1
 10
1078.957443
 20
-230.003576
 40
10.000000
 50
0.000000
  1
Material: 面
  0
TEXT
  8
1
 10
1078.957443
 20
-230.003576
 40
10.000000
 50
0.000000
  1
Category: 27
0
ENDBLK
0
BLOCK
  8
1
  2
26SMC-WP313M 展_腿袋盖_175/92
 70
0
 10
0.0
 20
0.0
  0
POLYLINE
  8
1
  66
1
  70
1
  0
VERTEX
  8
1
  10
1247.710571
  20
-223.866100
  0
VERTEX
  8
1
  10
1229.195862
  20
-205.351372
  0
VERTEX
  8
1
  10
1229.195862
  20
-141.866083
  0
VERTEX
  8
1
  10
1412.195892
  20
-141.866083
  0
VERTEX
  8
1
  10
1412.195892
  20
-205.351372
  0
VERTEX
  8
1
  10
1393.681183
  20
-223.866100
  0
SEQEND
  8
1
  0
POINT
  8
2
 10
1247.710571
 20
-223.866100
  0
TEXT
  8
2
 10
1247.710571
 20
-223.866100
 40
0.000000
 50
0.000000
  1
# 853
  0
POINT
  8
2
 10
1229.195862
 20
-205.351372
  0
TEXT
  8
2
 10
1229.195862
 20
-205.351372
 40
0.000000
 50
0.000000
  1
# 854
  0
POINT
  8
2
 10
1229.195862
 20
-141.866083
  0
TEXT
  8
2
 10
1229.195862
 20
-141.866083
 40
0.000000
 50
0.000000
  1
# 855
  0
POINT
  8
2
 10
1412.195892
 20
-141.866083
  0
TEXT
  8
2
 10
1412.195892
 20
-141.866083
 40
0.000000
 50
0.000000
  1
# 856
  0
POINT
  8
2
 10
1412.195892
 20
-205.351372
  0
TEXT
  8
2
 10
1412.195892
 20
-205.351372
 40
0.000000
 50
0.000000
  1
# 857
  0
POINT
  8
2
 10
1393.681183
 20
-223.866100
  0
TEXT
  8
2
 10
1393.681183
 20
-223.866100
 40
0.000000
 50
0.000000
  1
# 858
  0
POLYLINE
  8
14
  66
1
  70
1
  0
VERTEX
  8
14
  10
1250.195847
  20
-217.866096
  0
VERTEX
  8
14
  10
1235.195847
  20
-202.866096
  0
VERTEX
  8
14
  10
1235.195847
  20
-147.866087
  0
VERTEX
  8
14
  10
1406.195831
  20
-147.866087
  0
VERTEX
  8
14
  10
1406.195831
  20
-202.866096
  0
VERTEX
  8
14
  10
1391.195831
  20
-217.866096
  0
SEQEND
  8
14
  0
POINT
  8
2
 10
1250.195847
 20
-217.866096
  0
TEXT
  8
2
 10
1250.195847
 20
-217.866096
 40
0.000000
 50
0.000000
  1
# 859
  0
POINT
  8
2
 10
1235.195847
 20
-202.866096
  0
TEXT
  8
2
 10
1235.195847
 20
-202.866096
 40
0.000000
 50
0.000000
  1
# 860
  0
POINT
  8
2
 10
1235.195847
 20
-147.866087
  0
TEXT
  8
2
 10
1235.195847
 20
-147.866087
 40
0.000000
 50
0.000000
  1
# 861
  0
POINT
  8
2
 10
1406.195831
 20
-147.866087
  0
TEXT
  8
2
 10
1406.195831
 20
-147.866087
 40
0.000000
 50
0.000000
  1
# 862
  0
POINT
  8
2
 10
1406.195831
 20
-202.866096
  0
TEXT
  8
2
 10
1406.195831
 20
-202.866096
 40
0.000000
 50
0.000000
  1
# 863
  0
POINT
  8
2
 10
1391.195831
 20
-217.866096
  0
TEXT
  8
2
 10
1391.195831
 20
-217.866096
 40
0.000000
 50
0.000000
  1
# 864
  0
POLYLINE
  8
8
  66
1
  70
0
  0
VERTEX
  8
8
  10
1238.195877
  20
-187.866096
  0
VERTEX
  8
8
  10
1403.195953
  20
-187.866096
  0
SEQEND
  8
8
  0
POINT
  8
2
 10
1238.195877
 20
-187.866096
  0
TEXT
  8
2
 10
1238.195877
 20
-187.866096
 40
0.000000
 50
0.000000
  1
# 865
  0
POINT
  8
2
 10
1403.195953
 20
-187.866096
  0
TEXT
  8
2
 10
1403.195953
 20
-187.866096
 40
0.000000
 50
0.000000
  1
# 866
  0
POLYLINE
  8
8
  66
1
  70
0
  0
VERTEX
  8
8
  10
1249.766922
  20
-203.295021
  0
VERTEX
  8
8
  10
1260.373535
  20
-192.688427
  0
SEQEND
  8
8
  0
POINT
  8
2
 10
1249.766922
 20
-203.295021
  0
TEXT
  8
2
 10
1249.766922
 20
-203.295021
 40
0.000000
 50
0.000000
  1
# 867
  0
POINT
  8
2
 10
1260.373535
 20
-192.688427
  0
TEXT
  8
2
 10
1260.373535
 20
-192.688427
 40
0.000000
 50
0.000000
  1
# 868
  0
POLYLINE
  8
8
  66
1
  70
0
  0
VERTEX
  8
8
  10
1391.624756
  20
-203.295021
  0
VERTEX
  8
8
  10
1381.018219
  20
-192.688427
  0
SEQEND
  8
8
  0
POINT
  8
2
 10
1391.624756
 20
-203.295021
  0
TEXT
  8
2
 10
1391.624756
 20
-203.295021
 40
0.000000
 50
0.000000
  1
# 869
  0
POINT
  8
2
 10
1381.018219
 20
-192.688427
  0
TEXT
  8
2
 10
1381.018219
 20
-192.688427
 40
0.000000
 50
0.000000
  1
# 870
 0
LINE
 8
7
 10
1318.795166
 20
-193.867836
 11
1318.795166
 21
-162.804680
  0
TEXT
  8
1
 10
1320.695877
 20
-182.866092
 40
10.000000
 50
0.000000
  1
Piece Name: 26SMC-WP313M 展_腿袋盖_175/92
  0
TEXT
  8
1
 10
1320.695877
 20
-167.866092
 40
10.000000
 50
0.000000
  1
Size: 175/92
  0
TEXT
  8
1
 10
1320.695877
 20
-152.866092
 40
10.000000
 50
0.000000
  1
Annotation: 
  0
TEXT
  8
1
 10
1320.695877
 20
-137.866092
 40
10.000000
 50
0.000000
  1
Quantity: 1,1
  0
TEXT
  8
1
 10
1320.695877
 20
-122.866092
 40
10.000000
 50
0.000000
  1
Material: 衬
  0
TEXT
  8
1
 10
1320.695877
 20
-122.866092
 40
10.000000
 50
0.000000
  1
Category: 28
0
ENDBLK
0
BLOCK
  8
1
  2
26SMC-WP313M 展_腿袋口贴_175/92
 70
0
 10
0.0
 20
0.0
  0
POLYLINE
  8
1
  66
1
  70
1
  0
VERTEX
  8
1
  10
1400.608215
  20
-266.876469
  0
VERTEX
  8
1
  10
1400.608215
  20
-318.876476
  0
VERTEX
  8
1
  10
1223.608246
  20
-318.876476
  0
VERTEX
  8
1
  10
1223.608246
  20
-266.876469
  0
SEQEND
  8
1
  0
POINT
  8
2
 10
1400.608215
 20
-266.876469
  0
TEXT
  8
2
 10
1400.608215
 20
-266.876469
 40
0.000000
 50
0.000000
  1
# 871
  0
POINT
  8
2
 10
1400.608215
 20
-318.876476
  0
TEXT
  8
2
 10
1400.608215
 20
-318.876476
 40
0.000000
 50
0.000000
  1
# 872
  0
POINT
  8
2
 10
1223.608246
 20
-318.876476
  0
TEXT
  8
2
 10
1223.608246
 20
-318.876476
 40
0.000000
 50
0.000000
  1
# 873
  0
POINT
  8
2
 10
1223.608246
 20
-266.876469
  0
TEXT
  8
2
 10
1223.608246
 20
-266.876469
 40
0.000000
 50
0.000000
  1
# 874
  0
POLYLINE
  8
14
  66
1
  70
1
  0
VERTEX
  8
14
  10
1394.608154
  20
-272.876472
  0
VERTEX
  8
14
  10
1394.608154
  20
-312.876472
  0
VERTEX
  8
14
  10
1229.608231
  20
-312.876472
  0
VERTEX
  8
14
  10
1229.608231
  20
-272.876472
  0
SEQEND
  8
14
  0
POINT
  8
2
 10
1394.608154
 20
-272.876472
  0
TEXT
  8
2
 10
1394.608154
 20
-272.876472
 40
0.000000
 50
0.000000
  1
# 875
  0
POINT
  8
2
 10
1394.608154
 20
-312.876472
  0
TEXT
  8
2
 10
1394.608154
 20
-312.876472
 40
0.000000
 50
0.000000
  1
# 876
  0
POINT
  8
2
 10
1229.608231
 20
-312.876472
  0
TEXT
  8
2
 10
1229.608231
 20
-312.876472
 40
0.000000
 50
0.000000
  1
# 877
  0
POINT
  8
2
 10
1229.608231
 20
-272.876472
  0
TEXT
  8
2
 10
1229.608231
 20
-272.876472
 40
0.000000
 50
0.000000
  1
# 878
  0
POLYLINE
  8
8
  66
1
  70
0
  0
VERTEX
  8
8
  10
1312.108154
  20
-312.876472
  0
VERTEX
  8
8
  10
1312.108154
  20
-272.876472
  0
SEQEND
  8
8
  0
POINT
  8
2
 10
1312.108154
 20
-312.876472
  0
TEXT
  8
2
 10
1312.108154
 20
-312.876472
 40
0.000000
 50
0.000000
  1
# 879
  0
POINT
  8
2
 10
1312.108154
 20
-272.876472
  0
TEXT
  8
2
 10
1312.108154
 20
-272.876472
 40
0.000000
 50
0.000000
  1
# 880
  0
POLYLINE
  8
8
  66
1
  70
0
  0
VERTEX
  8
8
  10
1269.608231
  20
-312.876472
  0
VERTEX
  8
8
  10
1269.608231
  20
-272.876472
  0
SEQEND
  8
8
  0
POINT
  8
2
 10
1269.608231
 20
-312.876472
  0
TEXT
  8
2
 10
1269.608231
 20
-312.876472
 40
0.000000
 50
0.000000
  1
# 881
  0
POINT
  8
2
 10
1269.608231
 20
-272.876472
  0
TEXT
  8
2
 10
1269.608231
 20
-272.876472
 40
0.000000
 50
0.000000
  1
# 882
  0
POLYLINE
  8
8
  66
1
  70
0
  0
VERTEX
  8
8
  10
1354.608154
  20
-312.876472
  0
VERTEX
  8
8
  10
1354.608154
  20
-272.876472
  0
SEQEND
  8
8
  0
POINT
  8
2
 10
1354.608154
 20
-312.876472
  0
TEXT
  8
2
 10
1354.608154
 20
-312.876472
 40
0.000000
 50
0.000000
  1
# 883
  0
POINT
  8
2
 10
1354.608154
 20
-272.876472
  0
TEXT
  8
2
 10
1354.608154
 20
-272.876472
 40
0.000000
 50
0.000000
  1
# 884
 0
LINE
 8
7
 10
1317.108154
 20
-304.876461
 11
1317.108154
 21
-280.876465
  0
TEXT
  8
1
 10
1312.108231
 20
-292.876472
 40
10.000000
 50
0.000000
  1
Piece Name: 26SMC-WP313M 展_腿袋口贴_175/92
  0
TEXT
  8
1
 10
1312.108231
 20
-277.876472
 40
10.000000
 50
0.000000
  1
Size: 175/92
  0
TEXT
  8
1
 10
1312.108231
 20
-262.876472
 40
10.000000
 50
0.000000
  1
Annotation: 
  0
TEXT
  8
1
 10
1312.108231
 20
-247.876472
 40
10.000000
 50
0.000000
  1
Quantity: 1,1
  0
TEXT
  8
1
 10
1312.108231
 20
-232.876472
 40
10.000000
 50
0.000000
  1
Material: 衬
  0
TEXT
  8
1
 10
1312.108231
 20
-232.876472
 40
10.000000
 50
0.000000
  1
Category: 29
0
ENDBLK
0
BLOCK
  8
1
  2
26SMC-WP313M 展_后袋盖_175/92
 70
0
 10
0.0
 20
0.0
  0
POLYLINE
  8
1
  66
1
  70
1
  0
VERTEX
  8
1
  10
231.315765
  20
-262.387333
  0
VERTEX
  8
1
  10
216.315765
  20
-247.387333
  0
VERTEX
  8
1
  10
216.315765
  20
-202.387333
  0
VERTEX
  8
1
  10
366.315765
  20
-202.387333
  0
VERTEX
  8
1
  10
366.315765
  20
-247.387333
  0
VERTEX
  8
1
  10
351.315765
  20
-262.387333
  0
SEQEND
  8
1
  0
POINT
  8
2
 10
231.315765
 20
-262.387333
  0
TEXT
  8
2
 10
231.315765
 20
-262.387333
 40
0.000000
 50
0.000000
  1
# 885
  0
POINT
  8
2
 10
216.315765
 20
-247.387333
  0
TEXT
  8
2
 10
216.315765
 20
-247.387333
 40
0.000000
 50
0.000000
  1
# 886
  0
POINT
  8
2
 10
216.315765
 20
-202.387333
  0
TEXT
  8
2
 10
216.315765
 20
-202.387333
 40
0.000000
 50
0.000000
  1
# 887
  0
POINT
  8
2
 10
366.315765
 20
-202.387333
  0
TEXT
  8
2
 10
366.315765
 20
-202.387333
 40
0.000000
 50
0.000000
  1
# 888
  0
POINT
  8
2
 10
366.315765
 20
-247.387333
  0
TEXT
  8
2
 10
366.315765
 20
-247.387333
 40
0.000000
 50
0.000000
  1
# 889
  0
POINT
  8
2
 10
351.315765
 20
-262.387333
  0
TEXT
  8
2
 10
351.315765
 20
-262.387333
 40
0.000000
 50
0.000000
  1
# 890
  0
POLYLINE
  8
8
  66
1
  70
0
  0
VERTEX
  8
8
  10
291.315746
  20
-202.387333
  0
VERTEX
  8
8
  10
291.315746
  20
-262.387333
  0
SEQEND
  8
8
  0
POINT
  8
2
 10
291.315746
 20
-202.387333
  0
TEXT
  8
2
 10
291.315746
 20
-202.387333
 40
0.000000
 50
0.000000
  1
# 891
  0
POINT
  8
2
 10
291.315746
 20
-262.387333
  0
TEXT
  8
2
 10
291.315746
 20
-262.387333
 40
0.000000
 50
0.000000
  1
# 892
  0
POLYLINE
  8
8
  66
1
  70
0
  0
VERTEX
  8
8
  10
351.744690
  20
-247.816257
  0
VERTEX
  8
8
  10
341.138077
  20
-237.209663
  0
SEQEND
  8
8
  0
POINT
  8
2
 10
351.744690
 20
-247.816257
  0
TEXT
  8
2
 10
351.744690
 20
-247.816257
 40
0.000000
 50
0.000000
  1
# 893
  0
POINT
  8
2
 10
341.138077
 20
-237.209663
  0
TEXT
  8
2
 10
341.138077
 20
-237.209663
 40
0.000000
 50
0.000000
  1
# 894
  0
POLYLINE
  8
8
  66
1
  70
0
  0
VERTEX
  8
8
  10
230.886841
  20
-247.816257
  0
VERTEX
  8
8
  10
241.493435
  20
-237.209663
  0
SEQEND
  8
8
  0
POINT
  8
2
 10
230.886841
 20
-247.816257
  0
TEXT
  8
2
 10
230.886841
 20
-247.816257
 40
0.000000
 50
0.000000
  1
# 895
  0
POINT
  8
2
 10
241.493435
 20
-237.209663
  0
TEXT
  8
2
 10
241.493435
 20
-237.209663
 40
0.000000
 50
0.000000
  1
# 896
 0
LINE
 8
7
 10
296.315765
 20
-250.387325
 11
296.315765
 21
-214.387341
  0
TEXT
  8
1
 10
291.315765
 20
-232.387333
 40
10.000000
 50
0.000000
  1
Piece Name: 26SMC-WP313M 展_后袋盖_175/92
  0
TEXT
  8
1
 10
291.315765
 20
-217.387333
 40
10.000000
 50
0.000000
  1
Size: 175/92
  0
TEXT
  8
1
 10
291.315765
 20
-202.387333
 40
10.000000
 50
0.000000
  1
Annotation: 
  0
TEXT
  8
1
 10
291.315765
 20
-187.387333
 40
10.000000
 50
0.000000
  1
Quantity: 1
  0
TEXT
  8
1
 10
291.315765
 20
-172.387333
 40
10.000000
 50
0.000000
  1
Material: 净
  0
TEXT
  8
1
 10
291.315765
 20
-172.387333
 40
10.000000
 50
0.000000
  1
Category: 30
0
ENDBLK
0
BLOCK
  8
1
  2
26SMC-WP313M 展_后袋盖_175/92
 70
0
 10
0.0
 20
0.0
  0
POLYLINE
  8
1
  66
1
  70
1
  0
VERTEX
  8
1
  10
231.604404
  20
-170.479813
  0
VERTEX
  8
1
  10
210.746536
  20
-149.621944
  0
VERTEX
  8
1
  10
210.746536
  20
-90.479822
  0
VERTEX
  8
1
  10
380.746498
  20
-90.479822
  0
VERTEX
  8
1
  10
380.746498
  20
-149.621944
  0
VERTEX
  8
1
  10
359.888649
  20
-170.479813
  0
SEQEND
  8
1
  0
POINT
  8
2
 10
231.604404
 20
-170.479813
  0
TEXT
  8
2
 10
231.604404
 20
-170.479813
 40
0.000000
 50
0.000000
  1
# 897
  0
POINT
  8
2
 10
210.746536
 20
-149.621944
  0
TEXT
  8
2
 10
210.746536
 20
-149.621944
 40
0.000000
 50
0.000000
  1
# 898
  0
POINT
  8
2
 10
210.746536
 20
-90.479822
  0
TEXT
  8
2
 10
210.746536
 20
-90.479822
 40
0.000000
 50
0.000000
  1
# 899
  0
POINT
  8
2
 10
380.746498
 20
-90.479822
  0
TEXT
  8
2
 10
380.746498
 20
-90.479822
 40
0.000000
 50
0.000000
  1
# 900
  0
POINT
  8
2
 10
380.746498
 20
-149.621944
  0
TEXT
  8
2
 10
380.746498
 20
-149.621944
 40
0.000000
 50
0.000000
  1
# 901
  0
POINT
  8
2
 10
359.888649
 20
-170.479813
  0
TEXT
  8
2
 10
359.888649
 20
-170.479813
 40
0.000000
 50
0.000000
  1
# 902
  0
POLYLINE
  8
14
  66
1
  70
1
  0
VERTEX
  8
14
  10
235.746536
  20
-160.479813
  0
VERTEX
  8
14
  10
220.746536
  20
-145.479813
  0
VERTEX
  8
14
  10
220.746536
  20
-100.479822
  0
VERTEX
  8
14
  10
370.746498
  20
-100.479822
  0
VERTEX
  8
14
  10
370.746498
  20
-145.479813
  0
VERTEX
  8
14
  10
355.746498
  20
-160.479813
  0
SEQEND
  8
14
  0
POINT
  8
2
 10
235.746536
 20
-160.479813
  0
TEXT
  8
2
 10
235.746536
 20
-160.479813
 40
0.000000
 50
0.000000
  1
# 903
  0
POINT
  8
2
 10
220.746536
 20
-145.479813
  0
TEXT
  8
2
 10
220.746536
 20
-145.479813
 40
0.000000
 50
0.000000
  1
# 904
  0
POINT
  8
2
 10
220.746536
 20
-100.479822
  0
TEXT
  8
2
 10
220.746536
 20
-100.479822
 40
0.000000
 50
0.000000
  1
# 905
  0
POINT
  8
2
 10
370.746498
 20
-100.479822
  0
TEXT
  8
2
 10
370.746498
 20
-100.479822
 40
0.000000
 50
0.000000
  1
# 906
  0
POINT
  8
2
 10
370.746498
 20
-145.479813
  0
TEXT
  8
2
 10
370.746498
 20
-145.479813
 40
0.000000
 50
0.000000
  1
# 907
  0
POINT
  8
2
 10
355.746498
 20
-160.479813
  0
TEXT
  8
2
 10
355.746498
 20
-160.479813
 40
0.000000
 50
0.000000
  1
# 908
  0
POLYLINE
  8
8
  66
1
  70
0
  0
VERTEX
  8
8
  10
295.746517
  20
-100.479822
  0
VERTEX
  8
8
  10
295.746517
  20
-160.479813
  0
SEQEND
  8
8
  0
POINT
  8
2
 10
295.746517
 20
-100.479822
  0
TEXT
  8
2
 10
295.746517
 20
-100.479822
 40
0.000000
 50
0.000000
  1
# 909
  0
POINT
  8
2
 10
295.746517
 20
-160.479813
  0
TEXT
  8
2
 10
295.746517
 20
-160.479813
 40
0.000000
 50
0.000000
  1
# 910
  0
POLYLINE
  8
8
  66
1
  70
0
  0
VERTEX
  8
8
  10
356.175461
  20
-145.908747
  0
VERTEX
  8
8
  10
345.568848
  20
-135.302143
  0
SEQEND
  8
8
  0
POINT
  8
2
 10
356.175461
 20
-145.908747
  0
TEXT
  8
2
 10
356.175461
 20
-145.908747
 40
0.000000
 50
0.000000
  1
# 911
  0
POINT
  8
2
 10
345.568848
 20
-135.302143
  0
TEXT
  8
2
 10
345.568848
 20
-135.302143
 40
0.000000
 50
0.000000
  1
# 912
  0
POLYLINE
  8
8
  66
1
  70
0
  0
VERTEX
  8
8
  10
235.317593
  20
-145.908747
  0
VERTEX
  8
8
  10
245.924206
  20
-135.302143
  0
SEQEND
  8
8
  0
POINT
  8
2
 10
235.317593
 20
-145.908747
  0
TEXT
  8
2
 10
235.317593
 20
-145.908747
 40
0.000000
 50
0.000000
  1
# 913
  0
POINT
  8
2
 10
245.924206
 20
-135.302143
  0
TEXT
  8
2
 10
245.924206
 20
-135.302143
 40
0.000000
 50
0.000000
  1
# 914
 0
LINE
 8
7
 10
300.746517
 20
-148.479815
 11
300.746517
 21
-112.479820
  0
TEXT
  8
1
 10
295.746517
 20
-130.479817
 40
10.000000
 50
0.000000
  1
Piece Name: 26SMC-WP313M 展_后袋盖_175/92
  0
TEXT
  8
1
 10
295.746517
 20
-115.479817
 40
10.000000
 50
0.000000
  1
Size: 175/92
  0
TEXT
  8
1
 10
295.746517
 20
-100.479817
 40
10.000000
 50
0.000000
  1
Annotation: 
  0
TEXT
  8
1
 10
295.746517
 20
-85.479817
 40
10.000000
 50
0.000000
  1
Quantity: 2,2
  0
TEXT
  8
1
 10
295.746517
 20
-70.479817
 40
10.000000
 50
0.000000
  1
Material: 面
  0
TEXT
  8
1
 10
295.746517
 20
-70.479817
 40
10.000000
 50
0.000000
  1
Category: 31
0
ENDBLK
0
BLOCK
  8
1
  2
26SMC-WP313M 展_后袋盖_175/92
 70
0
 10
0.0
 20
0.0
  0
POLYLINE
  8
1
  66
1
  70
1
  0
VERTEX
  8
1
  10
229.678440
  20
-70.767279
  0
VERTEX
  8
1
  10
211.163712
  20
-52.252560
  0
VERTEX
  8
1
  10
211.163712
  20
1.232713
  0
VERTEX
  8
1
  10
373.163681
  20
1.232713
  0
VERTEX
  8
1
  10
373.163681
  20
-52.252560
  0
VERTEX
  8
1
  10
354.648972
  20
-70.767279
  0
SEQEND
  8
1
  0
POINT
  8
2
 10
229.678440
 20
-70.767279
  0
TEXT
  8
2
 10
229.678440
 20
-70.767279
 40
0.000000
 50
0.000000
  1
# 915
  0
POINT
  8
2
 10
211.163712
 20
-52.252560
  0
TEXT
  8
2
 10
211.163712
 20
-52.252560
 40
0.000000
 50
0.000000
  1
# 916
  0
POINT
  8
2
 10
211.163712
 20
1.232713
  0
TEXT
  8
2
 10
211.163712
 20
1.232713
 40
0.000000
 50
0.000000
  1
# 917
  0
POINT
  8
2
 10
373.163681
 20
1.232713
  0
TEXT
  8
2
 10
373.163681
 20
1.232713
 40
0.000000
 50
0.000000
  1
# 918
  0
POINT
  8
2
 10
373.163681
 20
-52.252560
  0
TEXT
  8
2
 10
373.163681
 20
-52.252560
 40
0.000000
 50
0.000000
  1
# 919
  0
POINT
  8
2
 10
354.648972
 20
-70.767279
  0
TEXT
  8
2
 10
354.648972
 20
-70.767279
 40
0.000000
 50
0.000000
  1
# 920
  0
POLYLINE
  8
14
  66
1
  70
1
  0
VERTEX
  8
14
  10
232.163715
  20
-64.767280
  0
VERTEX
  8
14
  10
217.163715
  20
-49.767280
  0
VERTEX
  8
14
  10
217.163715
  20
-4.767287
  0
VERTEX
  8
14
  10
367.163696
  20
-4.767287
  0
VERTEX
  8
14
  10
367.163696
  20
-49.767280
  0
VERTEX
  8
14
  10
352.163696
  20
-64.767280
  0
SEQEND
  8
14
  0
POINT
  8
2
 10
232.163715
 20
-64.767280
  0
TEXT
  8
2
 10
232.163715
 20
-64.767280
 40
0.000000
 50
0.000000
  1
# 921
  0
POINT
  8
2
 10
217.163715
 20
-49.767280
  0
TEXT
  8
2
 10
217.163715
 20
-49.767280
 40
0.000000
 50
0.000000
  1
# 922
  0
POINT
  8
2
 10
217.163715
 20
-4.767287
  0
TEXT
  8
2
 10
217.163715
 20
-4.767287
 40
0.000000
 50
0.000000
  1
# 923
  0
POINT
  8
2
 10
367.163696
 20
-4.767287
  0
TEXT
  8
2
 10
367.163696
 20
-4.767287
 40
0.000000
 50
0.000000
  1
# 924
  0
POINT
  8
2
 10
367.163696
 20
-49.767280
  0
TEXT
  8
2
 10
367.163696
 20
-49.767280
 40
0.000000
 50
0.000000
  1
# 925
  0
POINT
  8
2
 10
352.163696
 20
-64.767280
  0
TEXT
  8
2
 10
352.163696
 20
-64.767280
 40
0.000000
 50
0.000000
  1
# 926
  0
POLYLINE
  8
8
  66
1
  70
0
  0
VERTEX
  8
8
  10
292.163696
  20
-4.767287
  0
VERTEX
  8
8
  10
292.163696
  20
-64.767280
  0
SEQEND
  8
8
  0
POINT
  8
2
 10
292.163696
 20
-4.767287
  0
TEXT
  8
2
 10
292.163696
 20
-4.767287
 40
0.000000
 50
0.000000
  1
# 927
  0
POINT
  8
2
 10
292.163696
 20
-64.767280
  0
TEXT
  8
2
 10
292.163696
 20
-64.767280
 40
0.000000
 50
0.000000
  1
# 928
  0
POLYLINE
  8
8
  66
1
  70
0
  0
VERTEX
  8
8
  10
352.592621
  20
-50.196209
  0
VERTEX
  8
8
  10
341.986008
  20
-39.589608
  0
SEQEND
  8
8
  0
POINT
  8
2
 10
352.592621
 20
-50.196209
  0
TEXT
  8
2
 10
352.592621
 20
-50.196209
 40
0.000000
 50
0.000000
  1
# 929
  0
POINT
  8
2
 10
341.986008
 20
-39.589608
  0
TEXT
  8
2
 10
341.986008
 20
-39.589608
 40
0.000000
 50
0.000000
  1
# 930
  0
POLYLINE
  8
8
  66
1
  70
0
  0
VERTEX
  8
8
  10
231.734772
  20
-50.196209
  0
VERTEX
  8
8
  10
242.341385
  20
-39.589608
  0
SEQEND
  8
8
  0
POINT
  8
2
 10
231.734772
 20
-50.196209
  0
TEXT
  8
2
 10
231.734772
 20
-50.196209
 40
0.000000
 50
0.000000
  1
# 931
  0
POINT
  8
2
 10
242.341385
 20
-39.589608
  0
TEXT
  8
2
 10
242.341385
 20
-39.589608
 40
0.000000
 50
0.000000
  1
# 932
 0
LINE
 8
7
 10
297.163696
 20
-52.767282
 11
297.163696
 21
-16.767285
  0
TEXT
  8
1
 10
292.163696
 20
-34.767283
 40
10.000000
 50
0.000000
  1
Piece Name: 26SMC-WP313M 展_后袋盖_175/92
  0
TEXT
  8
1
 10
292.163696
 20
-19.767283
 40
10.000000
 50
0.000000
  1
Size: 175/92
  0
TEXT
  8
1
 10
292.163696
 20
-4.767283
 40
10.000000
 50
0.000000
  1
Annotation: 
  0
TEXT
  8
1
 10
292.163696
 20
10.232717
 40
10.000000
 50
0.000000
  1
Quantity: 1,1
  0
TEXT
  8
1
 10
292.163696
 20
25.232717
 40
10.000000
 50
0.000000
  1
Material: 衬
  0
TEXT
  8
1
 10
292.163696
 20
25.232717
 40
10.000000
 50
0.000000
  1
Category: 32
0
ENDBLK
0
BLOCK
  8
1
  2
26SMC-WP313M 展_侧袋布_175/92
 70
0
 10
0.0
 20
0.0
  0
POLYLINE
  8
1
  66
1
  70
1
  0
VERTEX
  8
1
  10
-1218.356934
  20
-464.433136
  0
VERTEX
  8
1
  10
-1326.360779
  20
-464.433136
  0
VERTEX
  8
1
  10
-1327.864075
  20
-464.443283
  0
VERTEX
  8
1
  10
-1330.632019
  20
-464.376869
  0
VERTEX
  8
1
  10
-1333.339081
  20
-464.223251
  0
VERTEX
  8
1
  10
-1336.465302
  20
-463.935204
  0
VERTEX
  8
1
  10
-1339.316101
  20
-463.559265
  0
VERTEX
  8
1
  10
-1341.718140
  20
-463.147278
  0
VERTEX
  8
1
  10
-1344.200287
  20
-462.615623
  0
VERTEX
  8
1
  10
-1346.740570
  20
-461.940041
  0
VERTEX
  8
1
  10
-1349.319153
  20
-461.088905
  0
VERTEX
  8
1
  10
-1351.612244
  20
-460.157890
  0
VERTEX
  8
1
  10
-1353.512726
  20
-459.234581
  0
VERTEX
  8
1
  10
-1355.332642
  20
-458.202934
  0
VERTEX
  8
1
  10
-1357.066498
  20
-457.068329
  0
VERTEX
  8
1
  10
-1359.235382
  20
-455.407562
  0
VERTEX
  8
1
  10
-1361.233978
  20
-453.595657
  0
VERTEX
  8
1
  10
-1363.058777
  20
-451.653671
  0
VERTEX
  8
1
  10
-1364.711761
  20
-449.602203
  0
VERTEX
  8
1
  10
-1366.199188
  20
-447.459869
  0
VERTEX
  8
1
  10
-1367.530670
  20
-445.242462
  0
VERTEX
  8
1
  10
-1368.717651
  20
-442.962570
  0
VERTEX
  8
1
  10
-1369.772797
  20
-440.629730
  0
VERTEX
  8
1
  10
-1370.708160
  20
-438.251076
  0
VERTEX
  8
1
  10
-1371.535797
  20
-435.831871
  0
VERTEX
  8
1
  10
-1372.435608
  20
-432.756653
  0
VERTEX
  8
1
  10
-1373.203888
  20
-429.629784
  0
VERTEX
  8
1
  10
-1373.858185
  20
-426.455917
  0
VERTEX
  8
1
  10
-1374.514618
  20
-422.591286
  0
VERTEX
  8
1
  10
-1375.053406
  20
-418.672676
  0
VERTEX
  8
1
  10
-1375.496368
  20
-414.708290
  0
VERTEX
  8
1
  10
-1375.918274
  20
-410.037613
  0
VERTEX
  8
1
  10
-1376.398773
  20
-403.311462
  0
VERTEX
  8
1
  10
-1377.005463
  20
-393.214188
  0
VERTEX
  8
1
  10
-1377.439728
  20
-386.567955
  0
VERTEX
  8
1
  10
-1377.858276
  20
-381.354485
  0
VERTEX
  8
1
  10
-1378.303986
  20
-376.900597
  0
VERTEX
  8
1
  10
-1378.761292
  20
-373.184395
  0
VERTEX
  8
1
  10
-1379.300385
  20
-369.580269
  0
VERTEX
  8
1
  10
-1379.819489
  20
-366.675262
  0
VERTEX
  8
1
  10
-1380.407715
  20
-363.870811
  0
VERTEX
  8
1
  10
-1381.069641
  20
-361.177101
  0
VERTEX
  8
1
  10
-1381.654510
  20
-359.108582
  0
VERTEX
  8
1
  10
-1382.289886
  20
-357.121964
  0
VERTEX
  8
1
  10
-1382.976837
  20
-355.221519
  0
VERTEX
  8
1
  10
-1383.716125
  20
-353.410873
  0
VERTEX
  8
1
  10
-1384.507751
  20
-351.692810
  0
VERTEX
  8
1
  10
-1385.352173
  20
-350.069008
  0
VERTEX
  8
1
  10
-1386.250153
  20
-348.539963
  0
VERTEX
  8
1
  10
-1387.202454
  20
-347.104797
  0
VERTEX
  8
1
  10
-1388.211517
  20
-345.761261
  0
VERTEX
  8
1
  10
-1389.066620
  20
-344.744835
  0
VERTEX
  8
1
  10
-1390.241547
  20
-343.491898
  0
VERTEX
  8
1
  10
-1391.496277
  20
-342.274704
  0
VERTEX
  8
1
  10
-1393.278198
  20
-340.692444
  0
VERTEX
  8
1
  10
-1395.867310
  20
-338.577995
  0
VERTEX
  8
1
  10
-1399.311523
  20
-335.702553
  0
VERTEX
  8
1
  10
-1399.166870
  20
-330.598602
  0
VERTEX
  8
1
  10
-1399.015045
  20
-324.792290
  0
VERTEX
  8
1
  10
-1398.742981
  20
-316.530628
  0
VERTEX
  8
1
  10
-1398.416138
  20
-309.113369
  0
VERTEX
  8
1
  10
-1398.005829
  20
-301.760540
  0
VERTEX
  8
1
  10
-1397.512512
  20
-294.416256
  0
VERTEX
  8
1
  10
-1396.907043
  20
-286.695557
  0
VERTEX
  8
1
  10
-1396.209106
  20
-278.911800
  0
VERTEX
  8
1
  10
-1395.395203
  20
-270.830536
  0
VERTEX
  8
1
  10
-1394.495087
  20
-262.763424
  0
VERTEX
  8
1
  10
-1393.464508
  20
-254.327717
  0
VERTEX
  8
1
  10
-1392.346802
  20
-245.894470
  0
VERTEX
  8
1
  10
-1391.093903
  20
-237.109871
  0
VERTEX
  8
1
  10
-1389.757690
  20
-228.342724
  0
VERTEX
  8
1
  10
-1388.279572
  20
-219.212837
  0
VERTEX
  8
1
  10
-1386.654358
  20
-209.722347
  0
VERTEX
  8
1
  10
-1384.933624
  20
-200.182323
  0
VERTEX
  8
1
  10
-1383.209076
  20
-191.094666
  0
VERTEX
  8
1
  10
-1381.473389
  20
-182.395325
  0
VERTEX
  8
1
  10
-1379.731750
  20
-174.085026
  0
VERTEX
  8
1
  10
-1377.930298
  20
-165.895176
  0
VERTEX
  8
1
  10
-1375.757904
  20
-156.450663
  0
VERTEX
  8
1
  10
-1373.341522
  20
-146.332922
  0
VERTEX
  8
1
  10
-1370.855713
  20
-136.238194
  0
VERTEX
  8
1
  10
-1368.403625
  20
-126.194105
  0
VERTEX
  8
1
  10
-1359.030609
  20
-128.825827
  0
VERTEX
  8
1
  10
-1350.927887
  20
-131.119089
  0
VERTEX
  8
1
  10
-1343.746033
  20
-133.095064
  0
VERTEX
  8
1
  10
-1336.440125
  20
-135.021496
  0
VERTEX
  8
1
  10
-1328.775177
  20
-136.956787
  0
VERTEX
  8
1
  10
-1320.749512
  20
-138.895206
  0
VERTEX
  8
1
  10
-1312.561951
  20
-140.786638
  0
VERTEX
  8
1
  10
-1304.840240
  20
-142.489929
  0
VERTEX
  8
1
  10
-1297.451019
  20
-144.036751
  0
VERTEX
  8
1
  10
-1290.393372
  20
-145.428991
  0
VERTEX
  8
1
  10
-1283.911591
  20
-146.626940
  0
VERTEX
  8
1
  10
-1277.172241
  20
-147.785797
  0
VERTEX
  8
1
  10
-1270.418015
  20
-148.858833
  0
VERTEX
  8
1
  10
-1263.650208
  20
-149.846096
  0
VERTEX
  8
1
  10
-1256.870422
  20
-150.747604
  0
VERTEX
  8
1
  10
-1250.080185
  20
-151.563396
  0
VERTEX
  8
1
  10
-1243.110886
  20
-152.314014
  0
VERTEX
  8
1
  10
-1235.024567
  20
-153.095789
  0
VERTEX
  8
1
  10
-1226.373520
  20
-153.845358
  0
VERTEX
  8
1
  10
-1218.343506
  20
-154.460154
  0
VERTEX
  8
1
  10
-1210.787125
  20
-153.902187
  0
VERTEX
  8
1
  10
-1202.781982
  20
-153.222351
  0
VERTEX
  8
1
  10
-1195.322571
  20
-152.509575
  0
VERTEX
  8
1
  10
-1188.426971
  20
-151.769629
  0
VERTEX
  8
1
  10
-1182.057953
  20
-151.001797
  0
VERTEX
  8
1
  10
-1174.847641
  20
-150.042982
  0
VERTEX
  8
1
  10
-1167.018051
  20
-148.913527
  0
VERTEX
  8
1
  10
-1159.292068
  20
-147.718287
  0
VERTEX
  8
1
  10
-1147.889557
  20
-145.893373
  0
VERTEX
  8
1
  10
-1085.927887
  20
-264.599514
  0
VERTEX
  8
1
  10
-1040.418243
  20
-278.697815
  0
VERTEX
  8
1
  10
-1039.236603
  20
-294.449902
  0
VERTEX
  8
1
  10
-1038.663712
  20
-303.277855
  0
VERTEX
  8
1
  10
-1038.205795
  20
-311.599789
  0
VERTEX
  8
1
  10
-1037.877502
  20
-319.019928
  0
VERTEX
  8
1
  10
-1037.629318
  20
-326.644325
  0
VERTEX
  8
1
  10
-1037.399216
  20
-335.720634
  0
VERTEX
  8
1
  10
-1040.831451
  20
-338.572922
  0
VERTEX
  8
1
  10
-1043.347092
  20
-340.634422
  0
VERTEX
  8
1
  10
-1044.876938
  20
-341.962776
  0
VERTEX
  8
1
  10
-1046.035004
  20
-343.049965
  0
VERTEX
  8
1
  10
-1047.048264
  20
-344.085350
  0
VERTEX
  8
1
  10
-1047.948380
  20
-345.091515
  0
VERTEX
  8
1
  10
-1048.754272
  20
-346.081085
  0
VERTEX
  8
1
  10
-1049.518585
  20
-347.114830
  0
VERTEX
  8
1
  10
-1050.271835
  20
-348.236160
  0
VERTEX
  8
1
  10
-1051.009369
  20
-349.446564
  0
VERTEX
  8
1
  10
-1051.734543
  20
-350.761719
  0
VERTEX
  8
1
  10
-1052.434387
  20
-352.166862
  0
VERTEX
  8
1
  10
-1053.119354
  20
-353.693504
  0
VERTEX
  8
1
  10
-1053.785095
  20
-355.347176
  0
VERTEX
  8
1
  10
-1054.429779
  20
-357.138863
  0
VERTEX
  8
1
  10
-1055.042419
  20
-359.052086
  0
VERTEX
  8
1
  10
-1055.631485
  20
-361.128540
  0
VERTEX
  8
1
  10
-1056.194153
  20
-363.383827
  0
VERTEX
  8
1
  10
-1056.726151
  20
-365.826225
  0
VERTEX
  8
1
  10
-1057.225571
  20
-368.473549
  0
VERTEX
  8
1
  10
-1057.698212
  20
-371.394653
  0
VERTEX
  8
1
  10
-1058.139801
  20
-374.614220
  0
VERTEX
  8
1
  10
-1058.549957
  20
-378.191986
  0
VERTEX
  8
1
  10
-1058.944244
  20
-382.364159
  0
VERTEX
  8
1
  10
-1059.335251
  20
-387.419052
  0
VERTEX
  8
1
  10
-1059.797440
  20
-394.682236
  0
VERTEX
  8
1
  10
-1060.407639
  20
-404.769402
  0
VERTEX
  8
1
  10
-1060.804901
  20
-410.179443
  0
VERTEX
  8
1
  10
-1061.209488
  20
-414.629784
  0
VERTEX
  8
1
  10
-1061.649551
  20
-418.582077
  0
VERTEX
  8
1
  10
-1062.124557
  20
-422.093887
  0
VERTEX
  8
1
  10
-1062.645950
  20
-425.307655
  0
VERTEX
  8
1
  10
-1063.208694
  20
-428.237152
  0
VERTEX
  8
1
  10
-1063.824081
  20
-430.974846
  0
VERTEX
  8
1
  10
-1064.495316
  20
-433.549271
  0
VERTEX
  8
1
  10
-1065.230484
  20
-435.995255
  0
VERTEX
  8
1
  10
-1066.021042
  20
-438.292770
  0
VERTEX
  8
1
  10
-1066.863327
  20
-440.443764
  0
VERTEX
  8
1
  10
-1067.771225
  20
-442.491646
  0
VERTEX
  8
1
  10
-1068.742142
  20
-444.432335
  0
VERTEX
  8
1
  10
-1069.803619
  20
-446.315079
  0
VERTEX
  8
1
  10
-1070.924911
  20
-448.082352
  0
VERTEX
  8
1
  10
-1072.100754
  20
-449.733353
  0
VERTEX
  8
1
  10
-1073.364105
  20
-451.314354
  0
VERTEX
  8
1
  10
-1074.695892
  20
-452.798271
  0
VERTEX
  8
1
  10
-1076.115417
  20
-454.204369
  0
VERTEX
  8
1
  10
-1077.627487
  20
-455.531082
  0
VERTEX
  8
1
  10
-1079.184723
  20
-456.737747
  0
VERTEX
  8
1
  10
-1080.811691
  20
-457.847443
  0
VERTEX
  8
1
  10
-1082.528687
  20
-458.871078
  0
VERTEX
  8
1
  10
-1084.316635
  20
-459.794312
  0
VERTEX
  8
1
  10
-1086.114273
  20
-460.591812
  0
VERTEX
  8
1
  10
-1088.027878
  20
-461.315308
  0
VERTEX
  8
1
  10
-1090.070877
  20
-461.968689
  0
VERTEX
  8
1
  10
-1092.233810
  20
-462.548561
  0
VERTEX
  8
1
  10
-1094.536133
  20
-463.057747
  0
VERTEX
  8
1
  10
-1096.978989
  20
-463.493614
  0
VERTEX
  8
1
  10
-1099.578705
  20
-463.856125
  0
VERTEX
  8
1
  10
-1102.354202
  20
-464.144363
  0
VERTEX
  8
1
  10
-1105.041809
  20
-464.332771
  0
VERTEX
  8
1
  10
-1107.642975
  20
-464.423904
  0
VERTEX
  8
1
  10
-1110.319748
  20
-464.433136
  0
SEQEND
  8
1
  0
POINT
  8
2
 10
-1218.356934
 20
-464.433136
  0
TEXT
  8
2
 10
-1218.356934
 20
-464.433136
 40
0.000000
 50
0.000000
  1
# 933
  0
POINT
  8
2
 10
-1326.360779
 20
-464.433136
  0
TEXT
  8
2
 10
-1326.360779
 20
-464.433136
 40
0.000000
 50
0.000000
  1
# 934
  0
POINT
  8
2
 10
-1399.311523
 20
-335.702553
  0
TEXT
  8
2
 10
-1399.311523
 20
-335.702553
 40
0.000000
 50
0.000000
  1
# 935
  0
POINT
  8
2
 10
-1368.403625
 20
-126.194105
  0
TEXT
  8
2
 10
-1368.403625
 20
-126.194105
 40
0.000000
 50
0.000000
  1
# 936
  0
POINT
  8
2
 10
-1218.343506
 20
-154.460154
  0
TEXT
  8
2
 10
-1218.343506
 20
-154.460154
 40
0.000000
 50
0.000000
  1
# 937
  0
POINT
  8
2
 10
-1147.889557
 20
-145.893373
  0
TEXT
  8
2
 10
-1147.889557
 20
-145.893373
 40
0.000000
 50
0.000000
  1
# 938
  0
POINT
  8
2
 10
-1085.927887
 20
-264.599514
  0
TEXT
  8
2
 10
-1085.927887
 20
-264.599514
 40
0.000000
 50
0.000000
  1
# 939
  0
POINT
  8
2
 10
-1040.418243
 20
-278.697815
  0
TEXT
  8
2
 10
-1040.418243
 20
-278.697815
 40
0.000000
 50
0.000000
  1
# 940
  0
POINT
  8
2
 10
-1037.399216
 20
-335.720634
  0
TEXT
  8
2
 10
-1037.399216
 20
-335.720634
 40
0.000000
 50
0.000000
  1
# 941
  0
POINT
  8
2
 10
-1110.319748
 20
-464.433136
  0
TEXT
  8
2
 10
-1110.319748
 20
-464.433136
 40
0.000000
 50
0.000000
  1
# 942
  0
POINT
  8
3
 10
-1327.864075
 20
-464.443283
  0
POINT
  8
3
 10
-1330.632019
 20
-464.376869
  0
POINT
  8
3
 10
-1333.339081
 20
-464.223251
  0
POINT
  8
3
 10
-1336.465302
 20
-463.935204
  0
POINT
  8
3
 10
-1339.316101
 20
-463.559265
  0
POINT
  8
3
 10
-1341.718140
 20
-463.147278
  0
POINT
  8
3
 10
-1344.200287
 20
-462.615623
  0
POINT
  8
3
 10
-1346.740570
 20
-461.940041
  0
POINT
  8
3
 10
-1349.319153
 20
-461.088905
  0
POINT
  8
3
 10
-1351.612244
 20
-460.157890
  0
POINT
  8
3
 10
-1353.512726
 20
-459.234581
  0
POINT
  8
3
 10
-1355.332642
 20
-458.202934
  0
POINT
  8
3
 10
-1357.066498
 20
-457.068329
  0
POINT
  8
3
 10
-1359.235382
 20
-455.407562
  0
POINT
  8
3
 10
-1361.233978
 20
-453.595657
  0
POINT
  8
3
 10
-1363.058777
 20
-451.653671
  0
POINT
  8
3
 10
-1364.711761
 20
-449.602203
  0
POINT
  8
3
 10
-1366.199188
 20
-447.459869
  0
POINT
  8
3
 10
-1367.530670
 20
-445.242462
  0
POINT
  8
3
 10
-1368.717651
 20
-442.962570
  0
POINT
  8
3
 10
-1369.772797
 20
-440.629730
  0
POINT
  8
3
 10
-1370.708160
 20
-438.251076
  0
POINT
  8
3
 10
-1371.535797
 20
-435.831871
  0
POINT
  8
3
 10
-1372.435608
 20
-432.756653
  0
POINT
  8
3
 10
-1373.203888
 20
-429.629784
  0
POINT
  8
3
 10
-1373.858185
 20
-426.455917
  0
POINT
  8
3
 10
-1374.514618
 20
-422.591286
  0
POINT
  8
3
 10
-1375.053406
 20
-418.672676
  0
POINT
  8
3
 10
-1375.496368
 20
-414.708290
  0
POINT
  8
3
 10
-1375.918274
 20
-410.037613
  0
POINT
  8
3
 10
-1376.398773
 20
-403.311462
  0
POINT
  8
3
 10
-1377.005463
 20
-393.214188
  0
POINT
  8
3
 10
-1377.439728
 20
-386.567955
  0
POINT
  8
3
 10
-1377.858276
 20
-381.354485
  0
POINT
  8
3
 10
-1378.303986
 20
-376.900597
  0
POINT
  8
3
 10
-1378.761292
 20
-373.184395
  0
POINT
  8
3
 10
-1379.300385
 20
-369.580269
  0
POINT
  8
3
 10
-1379.819489
 20
-366.675262
  0
POINT
  8
3
 10
-1380.407715
 20
-363.870811
  0
POINT
  8
3
 10
-1381.069641
 20
-361.177101
  0
POINT
  8
3
 10
-1381.654510
 20
-359.108582
  0
POINT
  8
3
 10
-1382.289886
 20
-357.121964
  0
POINT
  8
3
 10
-1382.976837
 20
-355.221519
  0
POINT
  8
3
 10
-1383.716125
 20
-353.410873
  0
POINT
  8
3
 10
-1384.507751
 20
-351.692810
  0
POINT
  8
3
 10
-1385.352173
 20
-350.069008
  0
POINT
  8
3
 10
-1386.250153
 20
-348.539963
  0
POINT
  8
3
 10
-1387.202454
 20
-347.104797
  0
POINT
  8
3
 10
-1388.211517
 20
-345.761261
  0
POINT
  8
3
 10
-1389.066620
 20
-344.744835
  0
POINT
  8
3
 10
-1390.241547
 20
-343.491898
  0
POINT
  8
3
 10
-1391.496277
 20
-342.274704
  0
POINT
  8
3
 10
-1393.278198
 20
-340.692444
  0
POINT
  8
3
 10
-1395.867310
 20
-338.577995
  0
POINT
  8
3
 10
-1399.166870
 20
-330.598602
  0
POINT
  8
3
 10
-1399.015045
 20
-324.792290
  0
POINT
  8
3
 10
-1398.742981
 20
-316.530628
  0
POINT
  8
3
 10
-1398.416138
 20
-309.113369
  0
POINT
  8
3
 10
-1398.005829
 20
-301.760540
  0
POINT
  8
3
 10
-1397.512512
 20
-294.416256
  0
POINT
  8
3
 10
-1396.907043
 20
-286.695557
  0
POINT
  8
3
 10
-1396.209106
 20
-278.911800
  0
POINT
  8
3
 10
-1395.395203
 20
-270.830536
  0
POINT
  8
3
 10
-1394.495087
 20
-262.763424
  0
POINT
  8
3
 10
-1393.464508
 20
-254.327717
  0
POINT
  8
3
 10
-1392.346802
 20
-245.894470
  0
POINT
  8
3
 10
-1391.093903
 20
-237.109871
  0
POINT
  8
3
 10
-1389.757690
 20
-228.342724
  0
POINT
  8
3
 10
-1388.279572
 20
-219.212837
  0
POINT
  8
3
 10
-1386.654358
 20
-209.722347
  0
POINT
  8
3
 10
-1384.933624
 20
-200.182323
  0
POINT
  8
3
 10
-1383.209076
 20
-191.094666
  0
POINT
  8
3
 10
-1381.473389
 20
-182.395325
  0
POINT
  8
3
 10
-1379.731750
 20
-174.085026
  0
POINT
  8
3
 10
-1377.930298
 20
-165.895176
  0
POINT
  8
3
 10
-1375.757904
 20
-156.450663
  0
POINT
  8
3
 10
-1373.341522
 20
-146.332922
  0
POINT
  8
3
 10
-1370.855713
 20
-136.238194
  0
POINT
  8
3
 10
-1359.030609
 20
-128.825827
  0
POINT
  8
3
 10
-1350.927887
 20
-131.119089
  0
POINT
  8
3
 10
-1343.746033
 20
-133.095064
  0
POINT
  8
3
 10
-1336.440125
 20
-135.021496
  0
POINT
  8
3
 10
-1328.775177
 20
-136.956787
  0
POINT
  8
3
 10
-1320.749512
 20
-138.895206
  0
POINT
  8
3
 10
-1312.561951
 20
-140.786638
  0
POINT
  8
3
 10
-1304.840240
 20
-142.489929
  0
POINT
  8
3
 10
-1297.451019
 20
-144.036751
  0
POINT
  8
3
 10
-1290.393372
 20
-145.428991
  0
POINT
  8
3
 10
-1283.911591
 20
-146.626940
  0
POINT
  8
3
 10
-1277.172241
 20
-147.785797
  0
POINT
  8
3
 10
-1270.418015
 20
-148.858833
  0
POINT
  8
3
 10
-1263.650208
 20
-149.846096
  0
POINT
  8
3
 10
-1256.870422
 20
-150.747604
  0
POINT
  8
3
 10
-1250.080185
 20
-151.563396
  0
POINT
  8
3
 10
-1243.110886
 20
-152.314014
  0
POINT
  8
3
 10
-1235.024567
 20
-153.095789
  0
POINT
  8
3
 10
-1226.373520
 20
-153.845358
  0
POINT
  8
3
 10
-1210.787125
 20
-153.902187
  0
POINT
  8
3
 10
-1202.781982
 20
-153.222351
  0
POINT
  8
3
 10
-1195.322571
 20
-152.509575
  0
POINT
  8
3
 10
-1188.426971
 20
-151.769629
  0
POINT
  8
3
 10
-1182.057953
 20
-151.001797
  0
POINT
  8
3
 10
-1174.847641
 20
-150.042982
  0
POINT
  8
3
 10
-1167.018051
 20
-148.913527
  0
POINT
  8
3
 10
-1159.292068
 20
-147.718287
  0
POINT
  8
3
 10
-1039.236603
 20
-294.449902
  0
POINT
  8
3
 10
-1038.663712
 20
-303.277855
  0
POINT
  8
3
 10
-1038.205795
 20
-311.599789
  0
POINT
  8
3
 10
-1037.877502
 20
-319.019928
  0
POINT
  8
3
 10
-1037.629318
 20
-326.644325
  0
POINT
  8
3
 10
-1040.831451
 20
-338.572922
  0
POINT
  8
3
 10
-1043.347092
 20
-340.634422
  0
POINT
  8
3
 10
-1044.876938
 20
-341.962776
  0
POINT
  8
3
 10
-1046.035004
 20
-343.049965
  0
POINT
  8
3
 10
-1047.048264
 20
-344.085350
  0
POINT
  8
3
 10
-1047.948380
 20
-345.091515
  0
POINT
  8
3
 10
-1048.754272
 20
-346.081085
  0
POINT
  8
3
 10
-1049.518585
 20
-347.114830
  0
POINT
  8
3
 10
-1050.271835
 20
-348.236160
  0
POINT
  8
3
 10
-1051.009369
 20
-349.446564
  0
POINT
  8
3
 10
-1051.734543
 20
-350.761719
  0
POINT
  8
3
 10
-1052.434387
 20
-352.166862
  0
POINT
  8
3
 10
-1053.119354
 20
-353.693504
  0
POINT
  8
3
 10
-1053.785095
 20
-355.347176
  0
POINT
  8
3
 10
-1054.429779
 20
-357.138863
  0
POINT
  8
3
 10
-1055.042419
 20
-359.052086
  0
POINT
  8
3
 10
-1055.631485
 20
-361.128540
  0
POINT
  8
3
 10
-1056.194153
 20
-363.383827
  0
POINT
  8
3
 10
-1056.726151
 20
-365.826225
  0
POINT
  8
3
 10
-1057.225571
 20
-368.473549
  0
POINT
  8
3
 10
-1057.698212
 20
-371.394653
  0
POINT
  8
3
 10
-1058.139801
 20
-374.614220
  0
POINT
  8
3
 10
-1058.549957
 20
-378.191986
  0
POINT
  8
3
 10
-1058.944244
 20
-382.364159
  0
POINT
  8
3
 10
-1059.335251
 20
-387.419052
  0
POINT
  8
3
 10
-1059.797440
 20
-394.682236
  0
POINT
  8
3
 10
-1060.407639
 20
-404.769402
  0
POINT
  8
3
 10
-1060.804901
 20
-410.179443
  0
POINT
  8
3
 10
-1061.209488
 20
-414.629784
  0
POINT
  8
3
 10
-1061.649551
 20
-418.582077
  0
POINT
  8
3
 10
-1062.124557
 20
-422.093887
  0
POINT
  8
3
 10
-1062.645950
 20
-425.307655
  0
POINT
  8
3
 10
-1063.208694
 20
-428.237152
  0
POINT
  8
3
 10
-1063.824081
 20
-430.974846
  0
POINT
  8
3
 10
-1064.495316
 20
-433.549271
  0
POINT
  8
3
 10
-1065.230484
 20
-435.995255
  0
POINT
  8
3
 10
-1066.021042
 20
-438.292770
  0
POINT
  8
3
 10
-1066.863327
 20
-440.443764
  0
POINT
  8
3
 10
-1067.771225
 20
-442.491646
  0
POINT
  8
3
 10
-1068.742142
 20
-444.432335
  0
POINT
  8
3
 10
-1069.803619
 20
-446.315079
  0
POINT
  8
3
 10
-1070.924911
 20
-448.082352
  0
POINT
  8
3
 10
-1072.100754
 20
-449.733353
  0
POINT
  8
3
 10
-1073.364105
 20
-451.314354
  0
POINT
  8
3
 10
-1074.695892
 20
-452.798271
  0
POINT
  8
3
 10
-1076.115417
 20
-454.204369
  0
POINT
  8
3
 10
-1077.627487
 20
-455.531082
  0
POINT
  8
3
 10
-1079.184723
 20
-456.737747
  0
POINT
  8
3
 10
-1080.811691
 20
-457.847443
  0
POINT
  8
3
 10
-1082.528687
 20
-458.871078
  0
POINT
  8
3
 10
-1084.316635
 20
-459.794312
  0
POINT
  8
3
 10
-1086.114273
 20
-460.591812
  0
POINT
  8
3
 10
-1088.027878
 20
-461.315308
  0
POINT
  8
3
 10
-1090.070877
 20
-461.968689
  0
POINT
  8
3
 10
-1092.233810
 20
-462.548561
  0
POINT
  8
3
 10
-1094.536133
 20
-463.057747
  0
POINT
  8
3
 10
-1096.978989
 20
-463.493614
  0
POINT
  8
3
 10
-1099.578705
 20
-463.856125
  0
POINT
  8
3
 10
-1102.354202
 20
-464.144363
  0
POINT
  8
3
 10
-1105.041809
 20
-464.332771
  0
POINT
  8
3
 10
-1107.642975
 20
-464.423904
  0
POLYLINE
  8
14
  66
1
  70
1
  0
VERTEX
  8
14
  10
-1218.356934
  20
-454.433136
  0
VERTEX
  8
14
  10
-1326.394196
  20
-454.433136
  0
VERTEX
  8
14
  10
-1327.800839
  20
-454.443484
  0
VERTEX
  8
14
  10
-1330.224502
  20
-454.385183
  0
VERTEX
  8
14
  10
-1332.612931
  20
-454.249670
  0
VERTEX
  8
14
  10
-1335.350831
  20
-453.997482
  0
VERTEX
  8
14
  10
-1337.808700
  20
-453.673523
  0
VERTEX
  8
14
  10
-1339.837994
  20
-453.325618
  0
VERTEX
  8
14
  10
-1341.882943
  20
-452.887856
  0
VERTEX
  8
14
  10
-1343.906302
  20
-452.350104
  0
VERTEX
  8
14
  10
-1345.870825
  20
-451.702228
  0
VERTEX
  8
14
  10
-1347.526754
  20
-451.030554
  0
VERTEX
  8
14
  10
-1348.860150
  20
-450.382815
  0
VERTEX
  8
14
  10
-1350.126052
  20
-449.665290
  0
VERTEX
  8
14
  10
-1351.326403
  20
-448.879778
  0
VERTEX
  8
14
  10
-1352.828223
  20
-447.729807
  0
VERTEX
  8
14
  10
-1354.221496
  20
-446.466481
  0
VERTEX
  8
14
  10
-1355.510794
  20
-445.094087
  0
VERTEX
  8
14
  10
-1356.700688
  20
-443.616913
  0
VERTEX
  8
14
  10
-1357.795751
  20
-442.039244
  0
VERTEX
  8
14
  10
-1358.800555
  20
-440.365368
  0
VERTEX
  8
14
  10
-1359.719672
  20
-438.599572
  0
VERTEX
  8
14
  10
-1360.557673
  20
-436.746143
  0
VERTEX
  8
14
  10
-1361.319131
  20
-434.809367
  0
VERTEX
  8
14
  10
-1362.008617
  20
-432.793533
  0
VERTEX
  8
14
  10
-1362.776229
  20
-430.169095
  0
VERTEX
  8
14
  10
-1363.447462
  20
-427.436190
  0
VERTEX
  8
14
  10
-1364.031239
  20
-424.603208
  0
VERTEX
  8
14
  10
-1364.628907
  20
-421.083307
  0
VERTEX
  8
14
  10
-1365.128934
  20
-417.445798
  0
VERTEX
  8
14
  10
-1365.546747
  20
-413.705169
  0
VERTEX
  8
14
  10
-1365.950874
  20
-409.230051
  0
VERTEX
  8
14
  10
-1366.419095
  20
-402.673238
  0
VERTEX
  8
14
  10
-1367.023629
  20
-392.610686
  0
VERTEX
  8
14
  10
-1367.465633
  20
-385.848442
  0
VERTEX
  8
14
  10
-1367.898267
  20
-380.460667
  0
VERTEX
  8
14
  10
-1368.365702
  20
-375.791722
  0
VERTEX
  8
14
  10
-1368.851888
  20
-371.841756
  0
VERTEX
  8
14
  10
-1369.433309
  20
-367.955052
  0
VERTEX
  8
14
  10
-1370.001709
  20
-364.774884
  0
VERTEX
  8
14
  10
-1370.655890
  20
-361.657070
  0
VERTEX
  8
14
  10
-1371.404782
  20
-358.609973
  0
VERTEX
  8
14
  10
-1372.078088
  20
-356.228844
  0
VERTEX
  8
14
  10
-1372.822296
  20
-353.902623
  0
VERTEX
  8
14
  10
-1373.641977
  20
-351.635596
  0
VERTEX
  8
14
  10
-1374.541704
  20
-349.432050
  0
VERTEX
  8
14
  10
-1375.526049
  20
-347.296273
  0
VERTEX
  8
14
  10
-1376.599583
  20
-345.232552
  0
VERTEX
  8
14
  10
-1377.766877
  20
-343.245174
  0
VERTEX
  8
14
  10
-1379.032507
  20
-341.338423
  0
VERTEX
  8
14
  10
-1380.401041
  20
-339.516589
  0
VERTEX
  8
14
  10
-1381.579202
  20
-338.116171
  0
VERTEX
  8
14
  10
-1383.125018
  20
-336.466656
  0
VERTEX
  8
14
  10
-1384.678912
  20
-334.958788
  0
VERTEX
  8
14
  10
-1386.811521
  20
-333.064726
  0
VERTEX
  8
14
  10
-1389.173737
  20
-331.202240
  0
VERTEX
  8
14
  10
-1389.019049
  20
-325.076315
  0
VERTEX
  8
14
  10
-1388.750239
  20
-316.911568
  0
VERTEX
  8
14
  10
-1388.428667
  20
-309.612933
  0
VERTEX
  8
14
  10
-1388.024689
  20
-302.374865
  0
VERTEX
  8
14
  10
-1387.538888
  20
-295.141489
  0
VERTEX
  8
14
  10
-1386.942178
  20
-287.533421
  0
VERTEX
  8
14
  10
-1386.254145
  20
-279.859112
  0
VERTEX
  8
14
  10
-1385.451088
  20
-271.886884
  0
VERTEX
  8
14
  10
-1384.562666
  20
-263.923855
  0
VERTEX
  8
14
  10
-1383.544685
  20
-255.591905
  0
VERTEX
  8
14
  10
-1382.440011
  20
-247.257176
  0
VERTEX
  8
14
  10
-1381.201103
  20
-238.569992
  0
VERTEX
  8
14
  10
-1379.878981
  20
-229.895076
  0
VERTEX
  8
14
  10
-1378.415532
  20
-220.855925
  0
VERTEX
  8
14
  10
-1376.805493
  20
-211.454005
  0
VERTEX
  8
14
  10
-1375.100607
  20
-202.001906
  0
VERTEX
  8
14
  10
-1373.393280
  20
-193.005070
  0
VERTEX
  8
14
  10
-1371.676237
  20
-184.399274
  0
VERTEX
  8
14
  10
-1369.954614
  20
-176.184383
  0
VERTEX
  8
14
  10
-1368.174324
  20
-168.090846
  0
VERTEX
  8
14
  10
-1366.022163
  20
-158.734334
  0
VERTEX
  8
14
  10
-1363.624094
  20
-148.693566
  0
VERTEX
  8
14
  10
-1361.131287
  20
-138.613586
  0
VERTEX
  8
14
  10
-1353.627924
  20
-140.747664
  0
VERTEX
  8
14
  10
-1346.347182
  20
-142.750825
  0
VERTEX
  8
14
  10
-1338.939175
  20
-144.704204
  0
VERTEX
  8
14
  10
-1331.173045
  20
-146.665022
  0
VERTEX
  8
14
  10
-1323.048197
  20
-148.627422
  0
VERTEX
  8
14
  10
-1314.765008
  20
-150.540949
  0
VERTEX
  8
14
  10
-1306.942903
  20
-152.266379
  0
VERTEX
  8
14
  10
-1299.443907
  20
-153.836155
  0
VERTEX
  8
14
  10
-1292.269032
  20
-155.251503
  0
VERTEX
  8
14
  10
-1285.669115
  20
-156.471279
  0
VERTEX
  8
14
  10
-1278.804080
  20
-157.651756
  0
VERTEX
  8
14
  10
-1271.924203
  20
-158.744751
  0
VERTEX
  8
14
  10
-1265.030969
  20
-159.750313
  0
VERTEX
  8
14
  10
-1258.125868
  20
-160.668487
  0
VERTEX
  8
14
  10
-1251.210400
  20
-161.499320
  0
VERTEX
  8
14
  10
-1244.127179
  20
-162.262235
  0
VERTEX
  8
14
  10
-1235.936411
  20
-163.054123
  0
VERTEX
  8
14
  10
-1227.189322
  20
-163.812020
  0
VERTEX
  8
14
  10
-1218.353271
  20
-164.488106
  0
VERTEX
  8
14
  10
-1209.992085
  20
-163.870533
  0
VERTEX
  8
14
  10
-1201.883634
  20
-163.181920
  0
VERTEX
  8
14
  10
-1194.315314
  20
-162.458710
  0
VERTEX
  8
14
  10
-1187.295454
  20
-161.705404
  0
VERTEX
  8
14
  10
-1180.799551
  20
-160.922304
  0
VERTEX
  8
14
  10
-1173.473726
  20
-159.948154
  0
VERTEX
  8
14
  10
-1165.538684
  20
-158.803491
  0
VERTEX
  8
14
  10
-1157.712199
  20
-157.592693
  0
VERTEX
  8
14
  10
-1153.449554
  20
-156.852379
  0
VERTEX
  8
14
  10
-1092.865601
  20
-272.919159
  0
VERTEX
  8
14
  10
-1049.881058
  20
-286.233501
  0
VERTEX
  8
14
  10
-1049.212397
  20
-295.144831
  0
VERTEX
  8
14
  10
-1048.645709
  20
-303.877086
  0
VERTEX
  8
14
  10
-1048.193453
  20
-312.096216
  0
VERTEX
  8
14
  10
-1047.870124
  20
-319.403120
  0
VERTEX
  8
14
  10
-1047.625461
  20
-326.921877
  0
VERTEX
  8
14
  10
-1047.587662
  20
-331.200676
  0
VERTEX
  8
14
  10
-1049.779129
  20
-332.977476
  0
VERTEX
  8
14
  10
-1051.575205
  20
-334.537611
  0
VERTEX
  8
14
  10
-1053.032124
  20
-335.905714
  0
VERTEX
  8
14
  10
-1054.348847
  20
-337.251537
  0
VERTEX
  8
14
  10
-1055.554971
  20
-338.599984
  0
VERTEX
  8
14
  10
-1056.654115
  20
-339.949844
  0
VERTEX
  8
14
  10
-1057.691944
  20
-341.353167
  0
VERTEX
  8
14
  10
-1058.693923
  20
-342.844673
  0
VERTEX
  8
14
  10
-1059.659476
  20
-344.429032
  0
VERTEX
  8
14
  10
-1060.591302
  20
-346.118635
  0
VERTEX
  8
14
  10
-1061.473675
  20
-347.890004
  0
VERTEX
  8
14
  10
-1062.321381
  20
-349.779108
  0
VERTEX
  8
14
  10
-1063.129933
  20
-351.787031
  0
VERTEX
  8
14
  10
-1063.898474
  20
-353.922643
  0
VERTEX
  8
14
  10
-1064.616091
  20
-356.163256
  0
VERTEX
  8
14
  10
-1065.294370
  20
-358.554003
  0
VERTEX
  8
14
  10
-1065.932379
  20
-361.110708
  0
VERTEX
  8
14
  10
-1066.526183
  20
-363.836377
  0
VERTEX
  8
14
  10
-1067.075805
  20
-366.749161
  0
VERTEX
  8
14
  10
-1067.588521
  20
-369.917548
  0
VERTEX
  8
14
  10
-1068.061739
  20
-373.366905
  0
VERTEX
  8
14
  10
-1068.495922
  20
-377.153640
  0
VERTEX
  8
14
  10
-1068.907752
  20
-381.510663
  0
VERTEX
  8
14
  10
-1069.310743
  20
-386.719143
  0
VERTEX
  8
14
  10
-1069.779942
  20
-394.090307
  0
VERTEX
  8
14
  10
-1070.385749
  20
-404.107748
  0
VERTEX
  8
14
  10
-1070.771496
  20
-409.363125
  0
VERTEX
  8
14
  10
-1071.159015
  20
-413.626602
  0
VERTEX
  8
14
  10
-1071.574768
  20
-417.361481
  0
VERTEX
  8
14
  10
-1072.016140
  20
-420.625270
  0
VERTEX
  8
14
  10
-1072.493008
  20
-423.565495
  0
VERTEX
  8
14
  10
-1072.998854
  20
-426.199287
  0
VERTEX
  8
14
  10
-1073.542833
  20
-428.619941
  0
VERTEX
  8
14
  10
-1074.124530
  20
-430.851437
  0
VERTEX
  8
14
  10
-1074.749381
  20
-432.930839
  0
VERTEX
  8
14
  10
-1075.407475
  20
-434.843787
  0
VERTEX
  8
14
  10
-1076.093508
  20
-436.596269
  0
VERTEX
  8
14
  10
-1076.817296
  20
-438.229212
  0
VERTEX
  8
14
  10
-1077.574519
  20
-439.743045
  0
VERTEX
  8
14
  10
-1078.384621
  20
-441.180249
  0
VERTEX
  8
14
  10
-1079.222862
  20
-442.501655
  0
VERTEX
  8
14
  10
-1080.084978
  20
-443.712397
  0
VERTEX
  8
14
  10
-1080.995411
  20
-444.851899
  0
VERTEX
  8
14
  10
-1081.941011
  20
-445.905664
  0
VERTEX
  8
14
  10
-1082.937011
  20
-446.892337
  0
VERTEX
  8
14
  10
-1083.988950
  20
-447.815398
  0
VERTEX
  8
14
  10
-1085.067533
  20
-448.651198
  0
VERTEX
  8
14
  10
-1086.193373
  20
-449.419057
  0
VERTEX
  8
14
  10
-1087.384759
  20
-450.129318
  0
VERTEX
  8
14
  10
-1088.634487
  20
-450.774571
  0
VERTEX
  8
14
  10
-1089.907739
  20
-451.339261
  0
VERTEX
  8
14
  10
-1091.315599
  20
-451.871212
  0
VERTEX
  8
14
  10
-1092.884101
  20
-452.372575
  0
VERTEX
  8
14
  10
-1094.606262
  20
-452.834074
  0
VERTEX
  8
14
  10
-1096.490360
  20
-453.250565
  0
VERTEX
  8
14
  10
-1098.545395
  20
-453.617061
  0
VERTEX
  8
14
  10
-1100.782328
  20
-453.928804
  0
VERTEX
  8
14
  10
-1103.221083
  20
-454.182012
  0
VERTEX
  8
14
  10
-1105.568261
  20
-454.346627
  0
VERTEX
  8
14
  10
-1107.816308
  20
-454.425423
  0
VERTEX
  8
14
  10
-1110.319748
  20
-454.433136
  0
SEQEND
  8
14
  0
POINT
  8
2
 10
-1218.356934
 20
-454.433136
  0
TEXT
  8
2
 10
-1218.356934
 20
-454.433136
 40
0.000000
 50
0.000000
  1
# 943
  0
POINT
  8
2
 10
-1326.394196
 20
-454.433136
  0
TEXT
  8
2
 10
-1326.394196
 20
-454.433136
 40
0.000000
 50
0.000000
  1
# 944
  0
POINT
  8
2
 10
-1389.173737
 20
-331.202240
  0
TEXT
  8
2
 10
-1389.173737
 20
-331.202240
 40
0.000000
 50
0.000000
  1
# 945
  0
POINT
  8
2
 10
-1361.131287
 20
-138.613586
  0
TEXT
  8
2
 10
-1361.131287
 20
-138.613586
 40
0.000000
 50
0.000000
  1
# 946
  0
POINT
  8
2
 10
-1218.353271
 20
-164.488106
  0
TEXT
  8
2
 10
-1218.353271
 20
-164.488106
 40
0.000000
 50
0.000000
  1
# 947
  0
POINT
  8
2
 10
-1153.449554
 20
-156.852379
  0
TEXT
  8
2
 10
-1153.449554
 20
-156.852379
 40
0.000000
 50
0.000000
  1
# 948
  0
POINT
  8
2
 10
-1092.865601
 20
-272.919159
  0
TEXT
  8
2
 10
-1092.865601
 20
-272.919159
 40
0.000000
 50
0.000000
  1
# 949
  0
POINT
  8
2
 10
-1049.881058
 20
-286.233501
  0
TEXT
  8
2
 10
-1049.881058
 20
-286.233501
 40
0.000000
 50
0.000000
  1
# 950
  0
POINT
  8
2
 10
-1047.587662
 20
-331.200676
  0
TEXT
  8
2
 10
-1047.587662
 20
-331.200676
 40
0.000000
 50
0.000000
  1
# 951
  0
POINT
  8
2
 10
-1110.319748
 20
-454.433136
  0
TEXT
  8
2
 10
-1110.319748
 20
-454.433136
 40
0.000000
 50
0.000000
  1
# 952
  0
POINT
  8
3
 10
-1327.800839
 20
-454.443484
  0
POINT
  8
3
 10
-1330.224502
 20
-454.385183
  0
POINT
  8
3
 10
-1332.612931
 20
-454.249670
  0
POINT
  8
3
 10
-1335.350831
 20
-453.997482
  0
POINT
  8
3
 10
-1337.808700
 20
-453.673523
  0
POINT
  8
3
 10
-1339.837994
 20
-453.325618
  0
POINT
  8
3
 10
-1341.882943
 20
-452.887856
  0
POINT
  8
3
 10
-1343.906302
 20
-452.350104
  0
POINT
  8
3
 10
-1345.870825
 20
-451.702228
  0
POINT
  8
3
 10
-1347.526754
 20
-451.030554
  0
POINT
  8
3
 10
-1348.860150
 20
-450.382815
  0
POINT
  8
3
 10
-1350.126052
 20
-449.665290
  0
POINT
  8
3
 10
-1351.326403
 20
-448.879778
  0
POINT
  8
3
 10
-1352.828223
 20
-447.729807
  0
POINT
  8
3
 10
-1354.221496
 20
-446.466481
  0
POINT
  8
3
 10
-1355.510794
 20
-445.094087
  0
POINT
  8
3
 10
-1356.700688
 20
-443.616913
  0
POINT
  8
3
 10
-1357.795751
 20
-442.039244
  0
POINT
  8
3
 10
-1358.800555
 20
-440.365368
  0
POINT
  8
3
 10
-1359.719672
 20
-438.599572
  0
POINT
  8
3
 10
-1360.557673
 20
-436.746143
  0
POINT
  8
3
 10
-1361.319131
 20
-434.809367
  0
POINT
  8
3
 10
-1362.008617
 20
-432.793533
  0
POINT
  8
3
 10
-1362.776229
 20
-430.169095
  0
POINT
  8
3
 10
-1363.447462
 20
-427.436190
  0
POINT
  8
3
 10
-1364.031239
 20
-424.603208
  0
POINT
  8
3
 10
-1364.628907
 20
-421.083307
  0
POINT
  8
3
 10
-1365.128934
 20
-417.445798
  0
POINT
  8
3
 10
-1365.546747
 20
-413.705169
  0
POINT
  8
3
 10
-1365.950874
 20
-409.230051
  0
POINT
  8
3
 10
-1366.419095
 20
-402.673238
  0
POINT
  8
3
 10
-1367.023629
 20
-392.610686
  0
POINT
  8
3
 10
-1367.465633
 20
-385.848442
  0
POINT
  8
3
 10
-1367.898267
 20
-380.460667
  0
POINT
  8
3
 10
-1368.365702
 20
-375.791722
  0
POINT
  8
3
 10
-1368.851888
 20
-371.841756
  0
POINT
  8
3
 10
-1369.433309
 20
-367.955052
  0
POINT
  8
3
 10
-1370.001709
 20
-364.774884
  0
POINT
  8
3
 10
-1370.655890
 20
-361.657070
  0
POINT
  8
3
 10
-1371.404782
 20
-358.609973
  0
POINT
  8
3
 10
-1372.078088
 20
-356.228844
  0
POINT
  8
3
 10
-1372.822296
 20
-353.902623
  0
POINT
  8
3
 10
-1373.641977
 20
-351.635596
  0
POINT
  8
3
 10
-1374.541704
 20
-349.432050
  0
POINT
  8
3
 10
-1375.526049
 20
-347.296273
  0
POINT
  8
3
 10
-1376.599583
 20
-345.232552
  0
POINT
  8
3
 10
-1377.766877
 20
-343.245174
  0
POINT
  8
3
 10
-1379.032507
 20
-341.338423
  0
POINT
  8
3
 10
-1380.401041
 20
-339.516589
  0
POINT
  8
3
 10
-1381.579202
 20
-338.116171
  0
POINT
  8
3
 10
-1383.125018
 20
-336.466656
  0
POINT
  8
3
 10
-1384.678912
 20
-334.958788
  0
POINT
  8
3
 10
-1386.811521
 20
-333.064726
  0
POINT
  8
3
 10
-1389.019049
 20
-325.076315
  0
POINT
  8
3
 10
-1388.750239
 20
-316.911568
  0
POINT
  8
3
 10
-1388.428667
 20
-309.612933
  0
POINT
  8
3
 10
-1388.024689
 20
-302.374865
  0
POINT
  8
3
 10
-1387.538888
 20
-295.141489
  0
POINT
  8
3
 10
-1386.942178
 20
-287.533421
  0
POINT
  8
3
 10
-1386.254145
 20
-279.859112
  0
POINT
  8
3
 10
-1385.451088
 20
-271.886884
  0
POINT
  8
3
 10
-1384.562666
 20
-263.923855
  0
POINT
  8
3
 10
-1383.544685
 20
-255.591905
  0
POINT
  8
3
 10
-1382.440011
 20
-247.257176
  0
POINT
  8
3
 10
-1381.201103
 20
-238.569992
  0
POINT
  8
3
 10
-1379.878981
 20
-229.895076
  0
POINT
  8
3
 10
-1378.415532
 20
-220.855925
  0
POINT
  8
3
 10
-1376.805493
 20
-211.454005
  0
POINT
  8
3
 10
-1375.100607
 20
-202.001906
  0
POINT
  8
3
 10
-1373.393280
 20
-193.005070
  0
POINT
  8
3
 10
-1371.676237
 20
-184.399274
  0
POINT
  8
3
 10
-1369.954614
 20
-176.184383
  0
POINT
  8
3
 10
-1368.174324
 20
-168.090846
  0
POINT
  8
3
 10
-1366.022163
 20
-158.734334
  0
POINT
  8
3
 10
-1363.624094
 20
-148.693566
  0
POINT
  8
3
 10
-1353.627924
 20
-140.747664
  0
POINT
  8
3
 10
-1346.347182
 20
-142.750825
  0
POINT
  8
3
 10
-1338.939175
 20
-144.704204
  0
POINT
  8
3
 10
-1331.173045
 20
-146.665022
  0
POINT
  8
3
 10
-1323.048197
 20
-148.627422
  0
POINT
  8
3
 10
-1314.765008
 20
-150.540949
  0
POINT
  8
3
 10
-1306.942903
 20
-152.266379
  0
POINT
  8
3
 10
-1299.443907
 20
-153.836155
  0
POINT
  8
3
 10
-1292.269032
 20
-155.251503
  0
POINT
  8
3
 10
-1285.669115
 20
-156.471279
  0
POINT
  8
3
 10
-1278.804080
 20
-157.651756
  0
POINT
  8
3
 10
-1271.924203
 20
-158.744751
  0
POINT
  8
3
 10
-1265.030969
 20
-159.750313
  0
POINT
  8
3
 10
-1258.125868
 20
-160.668487
  0
POINT
  8
3
 10
-1251.210400
 20
-161.499320
  0
POINT
  8
3
 10
-1244.127179
 20
-162.262235
  0
POINT
  8
3
 10
-1235.936411
 20
-163.054123
  0
POINT
  8
3
 10
-1227.189322
 20
-163.812020
  0
POINT
  8
3
 10
-1209.992085
 20
-163.870533
  0
POINT
  8
3
 10
-1201.883634
 20
-163.181920
  0
POINT
  8
3
 10
-1194.315314
 20
-162.458710
  0
POINT
  8
3
 10
-1187.295454
 20
-161.705404
  0
POINT
  8
3
 10
-1180.799551
 20
-160.922304
  0
POINT
  8
3
 10
-1173.473726
 20
-159.948154
  0
POINT
  8
3
 10
-1165.538684
 20
-158.803491
  0
POINT
  8
3
 10
-1157.712199
 20
-157.592693
  0
POINT
  8
3
 10
-1049.212397
 20
-295.144831
  0
POINT
  8
3
 10
-1048.645709
 20
-303.877086
  0
POINT
  8
3
 10
-1048.193453
 20
-312.096216
  0
POINT
  8
3
 10
-1047.870124
 20
-319.403120
  0
POINT
  8
3
 10
-1047.625461
 20
-326.921877
  0
POINT
  8
3
 10
-1049.779129
 20
-332.977476
  0
POINT
  8
3
 10
-1051.575205
 20
-334.537611
  0
POINT
  8
3
 10
-1053.032124
 20
-335.905714
  0
POINT
  8
3
 10
-1054.348847
 20
-337.251537
  0
POINT
  8
3
 10
-1055.554971
 20
-338.599984
  0
POINT
  8
3
 10
-1056.654115
 20
-339.949844
  0
POINT
  8
3
 10
-1057.691944
 20
-341.353167
  0
POINT
  8
3
 10
-1058.693923
 20
-342.844673
  0
POINT
  8
3
 10
-1059.659476
 20
-344.429032
  0
POINT
  8
3
 10
-1060.591302
 20
-346.118635
  0
POINT
  8
3
 10
-1061.473675
 20
-347.890004
  0
POINT
  8
3
 10
-1062.321381
 20
-349.779108
  0
POINT
  8
3
 10
-1063.129933
 20
-351.787031
  0
POINT
  8
3
 10
-1063.898474
 20
-353.922643
  0
POINT
  8
3
 10
-1064.616091
 20
-356.163256
  0
POINT
  8
3
 10
-1065.294370
 20
-358.554003
  0
POINT
  8
3
 10
-1065.932379
 20
-361.110708
  0
POINT
  8
3
 10
-1066.526183
 20
-363.836377
  0
POINT
  8
3
 10
-1067.075805
 20
-366.749161
  0
POINT
  8
3
 10
-1067.588521
 20
-369.917548
  0
POINT
  8
3
 10
-1068.061739
 20
-373.366905
  0
POINT
  8
3
 10
-1068.495922
 20
-377.153640
  0
POINT
  8
3
 10
-1068.907752
 20
-381.510663
  0
POINT
  8
3
 10
-1069.310743
 20
-386.719143
  0
POINT
  8
3
 10
-1069.779942
 20
-394.090307
  0
POINT
  8
3
 10
-1070.385749
 20
-404.107748
  0
POINT
  8
3
 10
-1070.771496
 20
-409.363125
  0
POINT
  8
3
 10
-1071.159015
 20
-413.626602
  0
POINT
  8
3
 10
-1071.574768
 20
-417.361481
  0
POINT
  8
3
 10
-1072.016140
 20
-420.625270
  0
POINT
  8
3
 10
-1072.493008
 20
-423.565495
  0
POINT
  8
3
 10
-1072.998854
 20
-426.199287
  0
POINT
  8
3
 10
-1073.542833
 20
-428.619941
  0
POINT
  8
3
 10
-1074.124530
 20
-430.851437
  0
POINT
  8
3
 10
-1074.749381
 20
-432.930839
  0
POINT
  8
3
 10
-1075.407475
 20
-434.843787
  0
POINT
  8
3
 10
-1076.093508
 20
-436.596269
  0
POINT
  8
3
 10
-1076.817296
 20
-438.229212
  0
POINT
  8
3
 10
-1077.574519
 20
-439.743045
  0
POINT
  8
3
 10
-1078.384621
 20
-441.180249
  0
POINT
  8
3
 10
-1079.222862
 20
-442.501655
  0
POINT
  8
3
 10
-1080.084978
 20
-443.712397
  0
POINT
  8
3
 10
-1080.995411
 20
-444.851899
  0
POINT
  8
3
 10
-1081.941011
 20
-445.905664
  0
POINT
  8
3
 10
-1082.937011
 20
-446.892337
  0
POINT
  8
3
 10
-1083.988950
 20
-447.815398
  0
POINT
  8
3
 10
-1085.067533
 20
-448.651198
  0
POINT
  8
3
 10
-1086.193373
 20
-449.419057
  0
POINT
  8
3
 10
-1087.384759
 20
-450.129318
  0
POINT
  8
3
 10
-1088.634487
 20
-450.774571
  0
POINT
  8
3
 10
-1089.907739
 20
-451.339261
  0
POINT
  8
3
 10
-1091.315599
 20
-451.871212
  0
POINT
  8
3
 10
-1092.884101
 20
-452.372575
  0
POINT
  8
3
 10
-1094.606262
 20
-452.834074
  0
POINT
  8
3
 10
-1096.490360
 20
-453.250565
  0
POINT
  8
3
 10
-1098.545395
 20
-453.617061
  0
POINT
  8
3
 10
-1100.782328
 20
-453.928804
  0
POINT
  8
3
 10
-1103.221083
 20
-454.182012
  0
POINT
  8
3
 10
-1105.568261
 20
-454.346627
  0
POINT
  8
3
 10
-1107.816308
 20
-454.425423
  0
POLYLINE
  8
8
  66
1
  70
0
  0
VERTEX
  8
8
  10
-1218.356934
  20
-454.433136
  0
VERTEX
  8
8
  10
-1218.356934
  20
-164.433117
  0
SEQEND
  8
8
  0
POINT
  8
2
 10
-1218.356934
 20
-454.433136
  0
TEXT
  8
2
 10
-1218.356934
 20
-454.433136
 40
0.000000
 50
0.000000
  1
# 953
  0
POINT
  8
2
 10
-1218.356934
 20
-164.433117
  0
TEXT
  8
2
 10
-1218.356934
 20
-164.433117
 40
0.000000
 50
0.000000
  1
# 954
 0
LINE
 8
7
 10
-1188.870392
 20
-323.937149
 11
-1188.870392
 21
-236.274986
  0
TEXT
  8
1
 10
-1218.355370
 20
-295.318694
 40
10.000000
 50
0.000000
  1
Piece Name: 26SMC-WP313M 展_侧袋布_175/92
  0
TEXT
  8
1
 10
-1218.355370
 20
-280.318694
 40
10.000000
 50
0.000000
  1
Size: 175/92
  0
TEXT
  8
1
 10
-1218.355370
 20
-265.318694
 40
10.000000
 50
0.000000
  1
Annotation: 
  0
TEXT
  8
1
 10
-1218.355370
 20
-250.318694
 40
10.000000
 50
0.000000
  1
Quantity: 1,1
  0
TEXT
  8
1
 10
-1218.355370
 20
-235.318694
 40
10.000000
 50
0.000000
  1
Material: 里布
  0
TEXT
  8
1
 10
-1218.355370
 20
-235.318694
 40
10.000000
 50
0.000000
  1
Category: 33
0
ENDBLK
0
BLOCK
  8
1
  2
26SMC-WP313M 展_侧袋垫_175/92
 70
0
 10
0.0
 20
0.0
  0
POLYLINE
  8
1
  66
1
  70
1
  0
VERTEX
  8
1
  10
-1543.372345
  20
-173.432732
  0
VERTEX
  8
1
  10
-1541.269684
  20
-183.547211
  0
VERTEX
  8
1
  10
-1539.134216
  20
-193.718910
  0
VERTEX
  8
1
  10
-1537.068024
  20
-203.913956
  0
VERTEX
  8
1
  10
-1535.222626
  20
-213.427734
  0
VERTEX
  8
1
  10
-1533.704681
  20
-221.674767
  0
VERTEX
  8
1
  10
-1532.789154
  20
-226.941319
  0
VERTEX
  8
1
  10
-1532.250519
  20
-230.040150
  0
VERTEX
  8
1
  10
-1530.815735
  20
-238.794155
  0
VERTEX
  8
1
  10
-1529.405518
  20
-247.935867
  0
VERTEX
  8
1
  10
-1528.014679
  20
-257.529621
  0
VERTEX
  8
1
  10
-1526.717682
  20
-267.070484
  0
VERTEX
  8
1
  10
-1525.555115
  20
-276.245918
  0
VERTEX
  8
1
  10
-1524.522095
  20
-285.053921
  0
VERTEX
  8
1
  10
-1523.572845
  20
-293.876495
  0
VERTEX
  8
1
  10
-1522.746582
  20
-302.343235
  0
VERTEX
  8
1
  10
-1522.007446
  20
-310.809460
  0
VERTEX
  8
1
  10
-1521.386108
  20
-318.902817
  0
VERTEX
  8
1
  10
-1520.851135
  20
-327.007370
  0
VERTEX
  8
1
  10
-1520.422058
  20
-334.810562
  0
VERTEX
  8
1
  10
-1520.302429
  20
-337.542953
  0
VERTEX
  8
1
  10
-1520.083160
  20
-342.547569
  0
VERTEX
  8
1
  10
-1519.843445
  20
-349.904480
  0
VERTEX
  8
1
  10
-1519.686890
  20
-357.267075
  0
VERTEX
  8
1
  10
-1519.615936
  20
-364.691162
  0
VERTEX
  8
1
  10
-1519.628906
  20
-372.957268
  0
VERTEX
  8
1
  10
-1519.677429
  20
-378.775139
  0
VERTEX
  8
1
  10
-1519.709015
  20
-383.910370
  0
VERTEX
  8
1
  10
-1523.224792
  20
-386.619415
  0
VERTEX
  8
1
  10
-1525.843353
  20
-388.609428
  0
VERTEX
  8
1
  10
-1527.322388
  20
-389.803467
  0
VERTEX
  8
1
  10
-1528.522034
  20
-390.854874
  0
VERTEX
  8
1
  10
-1529.593201
  20
-391.875763
  0
VERTEX
  8
1
  10
-1530.546722
  20
-392.866554
  0
VERTEX
  8
1
  10
-1531.392059
  20
-393.829002
  0
VERTEX
  8
1
  10
-1532.174377
  20
-394.810219
  0
VERTEX
  8
1
  10
-1532.971497
  20
-395.908890
  0
VERTEX
  8
1
  10
-1533.772736
  20
-397.120857
  0
VERTEX
  8
1
  10
-1534.497681
  20
-398.329773
  0
VERTEX
  8
1
  10
-1535.211029
  20
-399.649849
  0
VERTEX
  8
1
  10
-1537.286224
  20
-403.857460
  0
VERTEX
  8
1
  10
-1540.960541
  20
-411.199036
  0
VERTEX
  8
1
  10
-1547.912903
  20
-407.863884
  0
VERTEX
  8
1
  10
-1551.281891
  20
-406.262779
  0
VERTEX
  8
1
  10
-1555.443420
  20
-404.238853
  0
VERTEX
  8
1
  10
-1560.449677
  20
-401.680069
  0
VERTEX
  8
1
  10
-1565.253906
  20
-399.106636
  0
VERTEX
  8
1
  10
-1570.609283
  20
-396.098404
  0
VERTEX
  8
1
  10
-1574.899902
  20
-393.574562
  0
VERTEX
  8
1
  10
-1579.357452
  20
-390.834236
  0
VERTEX
  8
1
  10
-1583.921356
  20
-387.888260
  0
VERTEX
  8
1
  10
-1588.531342
  20
-384.746284
  0
VERTEX
  8
1
  10
-1593.128052
  20
-381.416397
  0
VERTEX
  8
1
  10
-1597.294006
  20
-378.192635
  0
VERTEX
  8
1
  10
-1600.236359
  20
-375.778465
  0
VERTEX
  8
1
  10
-1603.107147
  20
-373.306770
  0
VERTEX
  8
1
  10
-1607.280579
  20
-369.497375
  0
VERTEX
  8
1
  10
-1611.297302
  20
-365.574150
  0
VERTEX
  8
1
  10
-1615.160217
  20
-361.546211
  0
VERTEX
  8
1
  10
-1618.872223
  20
-357.422676
  0
VERTEX
  8
1
  10
-1622.436676
  20
-353.212509
  0
VERTEX
  8
1
  10
-1625.856476
  20
-348.924446
  0
VERTEX
  8
1
  10
-1629.135132
  20
-344.567184
  0
VERTEX
  8
1
  10
-1632.275696
  20
-340.149345
  0
VERTEX
  8
1
  10
-1635.281372
  20
-335.679283
  0
VERTEX
  8
1
  10
-1638.155670
  20
-331.165390
  0
VERTEX
  8
1
  10
-1640.901642
  20
-326.615982
  0
VERTEX
  8
1
  10
-1643.522491
  20
-322.039223
  0
VERTEX
  8
1
  10
-1646.021423
  20
-317.443237
  0
VERTEX
  8
1
  10
-1648.401642
  20
-312.836094
  0
VERTEX
  8
1
  10
-1650.666351
  20
-308.225861
  0
VERTEX
  8
1
  10
-1653.511353
  20
-302.087860
  0
VERTEX
  8
1
  10
-1656.163483
  20
-295.977383
  0
VERTEX
  8
1
  10
-1658.629761
  20
-289.913216
  0
VERTEX
  8
1
  10
-1660.917358
  20
-283.914089
  0
VERTEX
  8
1
  10
-1663.032990
  20
-277.998695
  0
VERTEX
  8
1
  10
-1664.983673
  20
-272.185707
  0
VERTEX
  8
1
  10
-1666.775818
  20
-266.493759
  0
VERTEX
  8
1
  10
-1668.416290
  20
-260.941525
  0
VERTEX
  8
1
  10
-1669.911652
  20
-255.547638
  0
VERTEX
  8
1
  10
-1671.586304
  20
-249.056377
  0
VERTEX
  8
1
  10
-1673.056946
  20
-242.878151
  0
VERTEX
  8
1
  10
-1674.335785
  20
-237.049446
  0
VERTEX
  8
1
  10
-1675.435181
  20
-231.606789
  0
VERTEX
  8
1
  10
-1676.534729
  20
-225.636654
  0
VERTEX
  8
1
  10
-1677.414703
  20
-220.338326
  0
VERTEX
  8
1
  10
-1678.191223
  20
-215.090523
  0
VERTEX
  8
1
  10
-1678.789520
  20
-210.447445
  0
VERTEX
  8
1
  10
-1679.419556
  20
-204.782524
  0
VERTEX
  8
1
  10
-1680.427856
  20
-196.124172
  0
VERTEX
  8
1
  10
-1670.735168
  20
-195.327129
  0
VERTEX
  8
1
  10
-1662.394257
  20
-194.665337
  0
VERTEX
  8
1
  10
-1654.385681
  20
-193.952427
  0
VERTEX
  8
1
  10
-1646.897278
  20
-193.203735
  0
VERTEX
  8
1
  10
-1639.945526
  20
-192.427883
  0
VERTEX
  8
1
  10
-1634.038239
  20
-191.691875
  0
VERTEX
  8
1
  10
-1633.575897
  20
-191.634274
  0
VERTEX
  8
1
  10
-1627.585754
  20
-190.805073
  0
VERTEX
  8
1
  10
-1621.217194
  20
-189.841557
  0
VERTEX
  8
1
  10
-1614.094238
  20
-188.675423
  0
VERTEX
  8
1
  10
-1606.589966
  20
-187.360134
  0
VERTEX
  8
1
  10
-1598.258209
  20
-185.812035
  0
VERTEX
  8
1
  10
-1590.401611
  20
-184.269009
  0
VERTEX
  8
1
  10
-1582.567444
  20
-182.645111
  0
VERTEX
  8
1
  10
-1575.128479
  20
-181.019897
  0
VERTEX
  8
1
  10
-1567.349548
  20
-179.232235
  0
VERTEX
  8
1
  10
-1558.262634
  20
-177.055969
  0
VERTEX
  8
1
  10
-1552.140198
  20
-175.558891
  0
SEQEND
  8
1
  0
POINT
  8
2
 10
-1543.372345
 20
-173.432732
  0
TEXT
  8
2
 10
-1543.372345
 20
-173.432732
 40
0.000000
 50
0.000000
  1
# 955
  0
POINT
  8
2
 10
-1519.709015
 20
-383.910370
  0
TEXT
  8
2
 10
-1519.709015
 20
-383.910370
 40
0.000000
 50
0.000000
  1
# 956
  0
POINT
  8
2
 10
-1540.960541
 20
-411.199036
  0
TEXT
  8
2
 10
-1540.960541
 20
-411.199036
 40
0.000000
 50
0.000000
  1
# 957
  0
POINT
  8
2
 10
-1680.427856
 20
-196.124172
  0
TEXT
  8
2
 10
-1680.427856
 20
-196.124172
 40
0.000000
 50
0.000000
  1
# 958
  0
POINT
  8
3
 10
-1541.269684
 20
-183.547211
  0
POINT
  8
3
 10
-1539.134216
 20
-193.718910
  0
POINT
  8
3
 10
-1537.068024
 20
-203.913956
  0
POINT
  8
3
 10
-1535.222626
 20
-213.427734
  0
POINT
  8
3
 10
-1533.704681
 20
-221.674767
  0
POINT
  8
3
 10
-1532.789154
 20
-226.941319
  0
POINT
  8
3
 10
-1532.250519
 20
-230.040150
  0
POINT
  8
3
 10
-1530.815735
 20
-238.794155
  0
POINT
  8
3
 10
-1529.405518
 20
-247.935867
  0
POINT
  8
3
 10
-1528.014679
 20
-257.529621
  0
POINT
  8
3
 10
-1526.717682
 20
-267.070484
  0
POINT
  8
3
 10
-1525.555115
 20
-276.245918
  0
POINT
  8
3
 10
-1524.522095
 20
-285.053921
  0
POINT
  8
3
 10
-1523.572845
 20
-293.876495
  0
POINT
  8
3
 10
-1522.746582
 20
-302.343235
  0
POINT
  8
3
 10
-1522.007446
 20
-310.809460
  0
POINT
  8
3
 10
-1521.386108
 20
-318.902817
  0
POINT
  8
3
 10
-1520.851135
 20
-327.007370
  0
POINT
  8
3
 10
-1520.422058
 20
-334.810562
  0
POINT
  8
3
 10
-1520.302429
 20
-337.542953
  0
POINT
  8
3
 10
-1520.083160
 20
-342.547569
  0
POINT
  8
3
 10
-1519.843445
 20
-349.904480
  0
POINT
  8
3
 10
-1519.686890
 20
-357.267075
  0
POINT
  8
3
 10
-1519.615936
 20
-364.691162
  0
POINT
  8
3
 10
-1519.628906
 20
-372.957268
  0
POINT
  8
3
 10
-1519.677429
 20
-378.775139
  0
POINT
  8
3
 10
-1523.224792
 20
-386.619415
  0
POINT
  8
3
 10
-1525.843353
 20
-388.609428
  0
POINT
  8
3
 10
-1527.322388
 20
-389.803467
  0
POINT
  8
3
 10
-1528.522034
 20
-390.854874
  0
POINT
  8
3
 10
-1529.593201
 20
-391.875763
  0
POINT
  8
3
 10
-1530.546722
 20
-392.866554
  0
POINT
  8
3
 10
-1531.392059
 20
-393.829002
  0
POINT
  8
3
 10
-1532.174377
 20
-394.810219
  0
POINT
  8
3
 10
-1532.971497
 20
-395.908890
  0
POINT
  8
3
 10
-1533.772736
 20
-397.120857
  0
POINT
  8
3
 10
-1534.497681
 20
-398.329773
  0
POINT
  8
3
 10
-1535.211029
 20
-399.649849
  0
POINT
  8
3
 10
-1537.286224
 20
-403.857460
  0
POINT
  8
3
 10
-1547.912903
 20
-407.863884
  0
POINT
  8
3
 10
-1551.281891
 20
-406.262779
  0
POINT
  8
3
 10
-1555.443420
 20
-404.238853
  0
POINT
  8
3
 10
-1560.449677
 20
-401.680069
  0
POINT
  8
3
 10
-1565.253906
 20
-399.106636
  0
POINT
  8
3
 10
-1570.609283
 20
-396.098404
  0
POINT
  8
3
 10
-1574.899902
 20
-393.574562
  0
POINT
  8
3
 10
-1579.357452
 20
-390.834236
  0
POINT
  8
3
 10
-1583.921356
 20
-387.888260
  0
POINT
  8
3
 10
-1588.531342
 20
-384.746284
  0
POINT
  8
3
 10
-1593.128052
 20
-381.416397
  0
POINT
  8
3
 10
-1597.294006
 20
-378.192635
  0
POINT
  8
3
 10
-1600.236359
 20
-375.778465
  0
POINT
  8
3
 10
-1603.107147
 20
-373.306770
  0
POINT
  8
3
 10
-1607.280579
 20
-369.497375
  0
POINT
  8
3
 10
-1611.297302
 20
-365.574150
  0
POINT
  8
3
 10
-1615.160217
 20
-361.546211
  0
POINT
  8
3
 10
-1618.872223
 20
-357.422676
  0
POINT
  8
3
 10
-1622.436676
 20
-353.212509
  0
POINT
  8
3
 10
-1625.856476
 20
-348.924446
  0
POINT
  8
3
 10
-1629.135132
 20
-344.567184
  0
POINT
  8
3
 10
-1632.275696
 20
-340.149345
  0
POINT
  8
3
 10
-1635.281372
 20
-335.679283
  0
POINT
  8
3
 10
-1638.155670
 20
-331.165390
  0
POINT
  8
3
 10
-1640.901642
 20
-326.615982
  0
POINT
  8
3
 10
-1643.522491
 20
-322.039223
  0
POINT
  8
3
 10
-1646.021423
 20
-317.443237
  0
POINT
  8
3
 10
-1648.401642
 20
-312.836094
  0
POINT
  8
3
 10
-1650.666351
 20
-308.225861
  0
POINT
  8
3
 10
-1653.511353
 20
-302.087860
  0
POINT
  8
3
 10
-1656.163483
 20
-295.977383
  0
POINT
  8
3
 10
-1658.629761
 20
-289.913216
  0
POINT
  8
3
 10
-1660.917358
 20
-283.914089
  0
POINT
  8
3
 10
-1663.032990
 20
-277.998695
  0
POINT
  8
3
 10
-1664.983673
 20
-272.185707
  0
POINT
  8
3
 10
-1666.775818
 20
-266.493759
  0
POINT
  8
3
 10
-1668.416290
 20
-260.941525
  0
POINT
  8
3
 10
-1669.911652
 20
-255.547638
  0
POINT
  8
3
 10
-1671.586304
 20
-249.056377
  0
POINT
  8
3
 10
-1673.056946
 20
-242.878151
  0
POINT
  8
3
 10
-1674.335785
 20
-237.049446
  0
POINT
  8
3
 10
-1675.435181
 20
-231.606789
  0
POINT
  8
3
 10
-1676.534729
 20
-225.636654
  0
POINT
  8
3
 10
-1677.414703
 20
-220.338326
  0
POINT
  8
3
 10
-1678.191223
 20
-215.090523
  0
POINT
  8
3
 10
-1678.789520
 20
-210.447445
  0
POINT
  8
3
 10
-1679.419556
 20
-204.782524
  0
POINT
  8
3
 10
-1670.735168
 20
-195.327129
  0
POINT
  8
3
 10
-1662.394257
 20
-194.665337
  0
POINT
  8
3
 10
-1654.385681
 20
-193.952427
  0
POINT
  8
3
 10
-1646.897278
 20
-193.203735
  0
POINT
  8
3
 10
-1639.945526
 20
-192.427883
  0
POINT
  8
3
 10
-1634.038239
 20
-191.691875
  0
POINT
  8
3
 10
-1633.575897
 20
-191.634274
  0
POINT
  8
3
 10
-1627.585754
 20
-190.805073
  0
POINT
  8
3
 10
-1621.217194
 20
-189.841557
  0
POINT
  8
3
 10
-1614.094238
 20
-188.675423
  0
POINT
  8
3
 10
-1606.589966
 20
-187.360134
  0
POINT
  8
3
 10
-1598.258209
 20
-185.812035
  0
POINT
  8
3
 10
-1590.401611
 20
-184.269009
  0
POINT
  8
3
 10
-1582.567444
 20
-182.645111
  0
POINT
  8
3
 10
-1575.128479
 20
-181.019897
  0
POINT
  8
3
 10
-1567.349548
 20
-179.232235
  0
POINT
  8
3
 10
-1558.262634
 20
-177.055969
  0
POINT
  8
3
 10
-1552.140198
 20
-175.558891
  0
POINT
  8
4
 10
-1532.789154
 20
-226.941319
 30
0.400000
 50
184.79
  0
TEXT
  8
4
 10
-1532.789154
 20
-226.941319
 40
0.000000
 50
0.000000
  1
# 959
  0
POINT
  8
4
 10
-1520.302429
 20
-337.542953
 30
0.400000
 50
160.81
  0
TEXT
  8
4
 10
-1520.302429
 20
-337.542953
 40
0.000000
 50
0.000000
  1
# 960
  0
POINT
  8
4
 10
-1634.038239
 20
-191.691875
 30
0.400000
 50
295.59
  0
TEXT
  8
4
 10
-1634.038239
 20
-191.691875
 40
0.000000
 50
0.000000
  1
# 961
  0
POLYLINE
  8
14
  66
1
  70
1
  0
VERTEX
  8
14
  10
-1551.070862
  20
-185.583096
  0
VERTEX
  8
14
  10
-1548.927150
  20
-195.743051
  0
VERTEX
  8
14
  10
-1546.876748
  20
-205.860546
  0
VERTEX
  8
14
  10
-1545.048495
  20
-215.285707
  0
VERTEX
  8
14
  10
-1543.548331
  20
-223.435767
  0
VERTEX
  8
14
  10
-1542.815094
  20
-227.780647
  0
VERTEX
  8
14
  10
-1542.110957
  20
-231.705137
  0
VERTEX
  8
14
  10
-1540.691627
  20
-240.365021
  0
VERTEX
  8
14
  10
-1539.295482
  20
-249.415378
  0
VERTEX
  8
14
  10
-1537.917469
  20
-258.920688
  0
VERTEX
  8
14
  10
-1536.632536
  20
-268.372520
  0
VERTEX
  8
14
  10
-1535.481603
  20
-277.456753
  0
VERTEX
  8
14
  10
-1534.459359
  20
-286.172094
  0
VERTEX
  8
14
  10
-1533.520701
  20
-294.896827
  0
VERTEX
  8
14
  10
-1532.704045
  20
-303.264667
  0
VERTEX
  8
14
  10
-1531.973935
  20
-311.626758
  0
VERTEX
  8
14
  10
-1531.360593
  20
-319.615681
  0
VERTEX
  8
14
  10
-1530.832894
  20
-327.610853
  0
VERTEX
  8
14
  10
-1530.517731
  20
-333.987961
  0
VERTEX
  8
14
  10
-1530.409890
  20
-335.304334
  0
VERTEX
  8
14
  10
-1530.075882
  20
-342.928446
  0
VERTEX
  8
14
  10
-1529.839797
  20
-350.174265
  0
VERTEX
  8
14
  10
-1529.685641
  20
-357.421957
  0
VERTEX
  8
14
  10
-1529.615917
  20
-364.727342
  0
VERTEX
  8
14
  10
-1529.628765
  20
-372.896506
  0
VERTEX
  8
14
  10
-1529.684753
  20
-378.987503
  0
VERTEX
  8
14
  10
-1531.993199
  20
-380.724002
  0
VERTEX
  8
14
  10
-1533.760601
  20
-382.151682
  0
VERTEX
  8
14
  10
-1535.269118
  20
-383.474006
  0
VERTEX
  8
14
  10
-1536.646842
  20
-384.787335
  0
VERTEX
  8
14
  10
-1537.906827
  20
-386.096882
  0
VERTEX
  8
14
  10
-1539.060682
  20
-387.410886
  0
VERTEX
  8
14
  10
-1540.133545
  20
-388.756120
  0
VERTEX
  8
14
  10
-1541.191041
  20
-390.213405
  0
VERTEX
  8
14
  10
-1542.233958
  20
-391.791081
  0
VERTEX
  8
14
  10
-1543.186168
  20
-393.379121
  0
VERTEX
  8
14
  10
-1544.098168
  20
-395.065309
  0
VERTEX
  8
14
  10
-1545.485992
  20
-397.930222
  0
VERTEX
  8
14
  10
-1547.006282
  20
-397.222881
  0
VERTEX
  8
14
  10
-1550.983695
  20
-395.288387
  0
VERTEX
  8
14
  10
-1555.810410
  20
-392.821322
  0
VERTEX
  8
14
  10
-1560.449855
  20
-390.336127
  0
VERTEX
  8
14
  10
-1565.617823
  20
-387.433263
  0
VERTEX
  8
14
  10
-1569.750074
  20
-385.002586
  0
VERTEX
  8
14
  10
-1574.031417
  20
-382.370626
  0
VERTEX
  8
14
  10
-1578.398334
  20
-379.551804
  0
VERTEX
  8
14
  10
-1582.787310
  20
-376.560546
  0
VERTEX
  8
14
  10
-1587.134845
  20
-373.411262
  0
VERTEX
  8
14
  10
-1591.044409
  20
-370.386048
  0
VERTEX
  8
14
  10
-1593.801440
  20
-368.123989
  0
VERTEX
  8
14
  10
-1596.494025
  20
-365.805669
  0
VERTEX
  8
14
  10
-1600.413695
  20
-362.227904
  0
VERTEX
  8
14
  10
-1604.192553
  20
-358.536935
  0
VERTEX
  8
14
  10
-1607.833112
  20
-354.740789
  0
VERTEX
  8
14
  10
-1611.337899
  20
-350.847482
  0
VERTEX
  8
14
  10
-1614.709402
  20
-346.865070
  0
VERTEX
  8
14
  10
-1617.950148
  20
-342.801569
  0
VERTEX
  8
14
  10
-1621.062652
  20
-338.665006
  0
VERTEX
  8
14
  10
-1624.049427
  20
-334.463412
  0
VERTEX
  8
14
  10
-1626.912988
  20
-330.204814
  0
VERTEX
  8
14
  10
-1629.655849
  20
-325.897242
  0
VERTEX
  8
14
  10
-1632.280523
  20
-321.548725
  0
VERTEX
  8
14
  10
-1634.789524
  20
-317.167291
  0
VERTEX
  8
14
  10
-1637.185368
  20
-312.760969
  0
VERTEX
  8
14
  10
-1639.470575
  20
-308.337772
  0
VERTEX
  8
14
  10
-1641.647643
  20
-303.905761
  0
VERTEX
  8
14
  10
-1644.386544
  20
-297.996554
  0
VERTEX
  8
14
  10
-1646.943642
  20
-292.104953
  0
VERTEX
  8
14
  10
-1649.324897
  20
-286.249990
  0
VERTEX
  8
14
  10
-1651.536267
  20
-280.450697
  0
VERTEX
  8
14
  10
-1653.583715
  20
-274.726097
  0
VERTEX
  8
14
  10
-1655.473195
  20
-269.095236
  0
VERTEX
  8
14
  10
-1657.210667
  20
-263.577138
  0
VERTEX
  8
14
  10
-1658.802093
  20
-258.190835
  0
VERTEX
  8
14
  10
-1660.253432
  20
-252.955350
  0
VERTEX
  8
14
  10
-1661.879683
  20
-246.652095
  0
VERTEX
  8
14
  10
-1663.307997
  20
-240.651412
  0
VERTEX
  8
14
  10
-1664.550014
  20
-234.990466
  0
VERTEX
  8
14
  10
-1665.617371
  20
-229.706439
  0
VERTEX
  8
14
  10
-1666.684037
  20
-223.915466
  0
VERTEX
  8
14
  10
-1667.536068
  20
-218.785005
  0
VERTEX
  8
14
  10
-1668.285659
  20
-213.719971
  0
VERTEX
  8
14
  10
-1668.859098
  20
-209.270105
  0
VERTEX
  8
14
  10
-1669.286346
  20
-205.229588
  0
VERTEX
  8
14
  10
-1661.561798
  20
-204.630636
  0
VERTEX
  8
14
  10
-1653.444644
  20
-203.908045
  0
VERTEX
  8
14
  10
-1645.846227
  20
-203.148349
  0
VERTEX
  8
14
  10
-1638.774445
  20
-202.359074
  0
VERTEX
  8
14
  10
-1632.269838
  20
-201.548617
  0
VERTEX
  8
14
  10
-1629.512482
  20
-201.142979
  0
VERTEX
  8
14
  10
-1626.151710
  20
-200.701722
  0
VERTEX
  8
14
  10
-1619.661986
  20
-199.719883
  0
VERTEX
  8
14
  10
-1612.421414
  20
-198.534512
  0
VERTEX
  8
14
  10
-1604.813555
  20
-197.201078
  0
VERTEX
  8
14
  10
-1596.380690
  20
-195.634201
  0
VERTEX
  8
14
  10
-1588.424019
  20
-194.071516
  0
VERTEX
  8
14
  10
-1580.484874
  20
-192.425867
  0
VERTEX
  8
14
  10
-1572.941487
  20
-190.777829
  0
VERTEX
  8
14
  10
-1565.063271
  20
-188.967378
  0
VERTEX
  8
14
  10
-1555.893584
  20
-186.771282
  0
SEQEND
  8
14
  0
POINT
  8
2
 10
-1551.070862
 20
-185.583096
  0
TEXT
  8
2
 10
-1551.070862
 20
-185.583096
 40
0.000000
 50
0.000000
  1
# 962
  0
POINT
  8
2
 10
-1529.684753
 20
-378.987503
  0
TEXT
  8
2
 10
-1529.684753
 20
-378.987503
 40
0.000000
 50
0.000000
  1
# 963
  0
POINT
  8
2
 10
-1545.485992
 20
-397.930222
  0
TEXT
  8
2
 10
-1545.485992
 20
-397.930222
 40
0.000000
 50
0.000000
  1
# 964
  0
POINT
  8
2
 10
-1669.286346
 20
-205.229588
  0
TEXT
  8
2
 10
-1669.286346
 20
-205.229588
 40
0.000000
 50
0.000000
  1
# 965
  0
POINT
  8
3
 10
-1548.927150
 20
-195.743051
  0
POINT
  8
3
 10
-1546.876748
 20
-205.860546
  0
POINT
  8
3
 10
-1545.048495
 20
-215.285707
  0
POINT
  8
3
 10
-1543.548331
 20
-223.435767
  0
POINT
  8
3
 10
-1542.815094
 20
-227.780647
  0
POINT
  8
3
 10
-1542.110957
 20
-231.705137
  0
POINT
  8
3
 10
-1540.691627
 20
-240.365021
  0
POINT
  8
3
 10
-1539.295482
 20
-249.415378
  0
POINT
  8
3
 10
-1537.917469
 20
-258.920688
  0
POINT
  8
3
 10
-1536.632536
 20
-268.372520
  0
POINT
  8
3
 10
-1535.481603
 20
-277.456753
  0
POINT
  8
3
 10
-1534.459359
 20
-286.172094
  0
POINT
  8
3
 10
-1533.520701
 20
-294.896827
  0
POINT
  8
3
 10
-1532.704045
 20
-303.264667
  0
POINT
  8
3
 10
-1531.973935
 20
-311.626758
  0
POINT
  8
3
 10
-1531.360593
 20
-319.615681
  0
POINT
  8
3
 10
-1530.832894
 20
-327.610853
  0
POINT
  8
3
 10
-1530.517731
 20
-333.987961
  0
POINT
  8
3
 10
-1530.409890
 20
-335.304334
  0
POINT
  8
3
 10
-1530.075882
 20
-342.928446
  0
POINT
  8
3
 10
-1529.839797
 20
-350.174265
  0
POINT
  8
3
 10
-1529.685641
 20
-357.421957
  0
POINT
  8
3
 10
-1529.615917
 20
-364.727342
  0
POINT
  8
3
 10
-1529.628765
 20
-372.896506
  0
POINT
  8
3
 10
-1531.993199
 20
-380.724002
  0
POINT
  8
3
 10
-1533.760601
 20
-382.151682
  0
POINT
  8
3
 10
-1535.269118
 20
-383.474006
  0
POINT
  8
3
 10
-1536.646842
 20
-384.787335
  0
POINT
  8
3
 10
-1537.906827
 20
-386.096882
  0
POINT
  8
3
 10
-1539.060682
 20
-387.410886
  0
POINT
  8
3
 10
-1540.133545
 20
-388.756120
  0
POINT
  8
3
 10
-1541.191041
 20
-390.213405
  0
POINT
  8
3
 10
-1542.233958
 20
-391.791081
  0
POINT
  8
3
 10
-1543.186168
 20
-393.379121
  0
POINT
  8
3
 10
-1544.098168
 20
-395.065309
  0
POINT
  8
3
 10
-1547.006282
 20
-397.222881
  0
POINT
  8
3
 10
-1550.983695
 20
-395.288387
  0
POINT
  8
3
 10
-1555.810410
 20
-392.821322
  0
POINT
  8
3
 10
-1560.449855
 20
-390.336127
  0
POINT
  8
3
 10
-1565.617823
 20
-387.433263
  0
POINT
  8
3
 10
-1569.750074
 20
-385.002586
  0
POINT
  8
3
 10
-1574.031417
 20
-382.370626
  0
POINT
  8
3
 10
-1578.398334
 20
-379.551804
  0
POINT
  8
3
 10
-1582.787310
 20
-376.560546
  0
POINT
  8
3
 10
-1587.134845
 20
-373.411262
  0
POINT
  8
3
 10
-1591.044409
 20
-370.386048
  0
POINT
  8
3
 10
-1593.801440
 20
-368.123989
  0
POINT
  8
3
 10
-1596.494025
 20
-365.805669
  0
POINT
  8
3
 10
-1600.413695
 20
-362.227904
  0
POINT
  8
3
 10
-1604.192553
 20
-358.536935
  0
POINT
  8
3
 10
-1607.833112
 20
-354.740789
  0
POINT
  8
3
 10
-1611.337899
 20
-350.847482
  0
POINT
  8
3
 10
-1614.709402
 20
-346.865070
  0
POINT
  8
3
 10
-1617.950148
 20
-342.801569
  0
POINT
  8
3
 10
-1621.062652
 20
-338.665006
  0
POINT
  8
3
 10
-1624.049427
 20
-334.463412
  0
POINT
  8
3
 10
-1626.912988
 20
-330.204814
  0
POINT
  8
3
 10
-1629.655849
 20
-325.897242
  0
POINT
  8
3
 10
-1632.280523
 20
-321.548725
  0
POINT
  8
3
 10
-1634.789524
 20
-317.167291
  0
POINT
  8
3
 10
-1637.185368
 20
-312.760969
  0
POINT
  8
3
 10
-1639.470575
 20
-308.337772
  0
POINT
  8
3
 10
-1641.647643
 20
-303.905761
  0
POINT
  8
3
 10
-1644.386544
 20
-297.996554
  0
POINT
  8
3
 10
-1646.943642
 20
-292.104953
  0
POINT
  8
3
 10
-1649.324897
 20
-286.249990
  0
POINT
  8
3
 10
-1651.536267
 20
-280.450697
  0
POINT
  8
3
 10
-1653.583715
 20
-274.726097
  0
POINT
  8
3
 10
-1655.473195
 20
-269.095236
  0
POINT
  8
3
 10
-1657.210667
 20
-263.577138
  0
POINT
  8
3
 10
-1658.802093
 20
-258.190835
  0
POINT
  8
3
 10
-1660.253432
 20
-252.955350
  0
POINT
  8
3
 10
-1661.879683
 20
-246.652095
  0
POINT
  8
3
 10
-1663.307997
 20
-240.651412
  0
POINT
  8
3
 10
-1664.550014
 20
-234.990466
  0
POINT
  8
3
 10
-1665.617371
 20
-229.706439
  0
POINT
  8
3
 10
-1666.684037
 20
-223.915466
  0
POINT
  8
3
 10
-1667.536068
 20
-218.785005
  0
POINT
  8
3
 10
-1668.285659
 20
-213.719971
  0
POINT
  8
3
 10
-1668.859098
 20
-209.270105
  0
POINT
  8
3
 10
-1661.561798
 20
-204.630636
  0
POINT
  8
3
 10
-1653.444644
 20
-203.908045
  0
POINT
  8
3
 10
-1645.846227
 20
-203.148349
  0
POINT
  8
3
 10
-1638.774445
 20
-202.359074
  0
POINT
  8
3
 10
-1632.269838
 20
-201.548617
  0
POINT
  8
3
 10
-1629.512482
 20
-201.142979
  0
POINT
  8
3
 10
-1626.151710
 20
-200.701722
  0
POINT
  8
3
 10
-1619.661986
 20
-199.719883
  0
POINT
  8
3
 10
-1612.421414
 20
-198.534512
  0
POINT
  8
3
 10
-1604.813555
 20
-197.201078
  0
POINT
  8
3
 10
-1596.380690
 20
-195.634201
  0
POINT
  8
3
 10
-1588.424019
 20
-194.071516
  0
POINT
  8
3
 10
-1580.484874
 20
-192.425867
  0
POINT
  8
3
 10
-1572.941487
 20
-190.777829
  0
POINT
  8
3
 10
-1565.063271
 20
-188.967378
  0
POINT
  8
3
 10
-1555.893584
 20
-186.771282
  0
POINT
  8
4
 10
-1542.815094
 20
-227.780647
 30
0.400000
 50
184.79
  0
TEXT
  8
4
 10
-1542.815094
 20
-227.780647
 40
0.000000
 50
0.000000
  1
# 966
  0
POINT
  8
4
 10
-1530.517731
 20
-333.987961
 30
0.400000
 50
160.81
  0
TEXT
  8
4
 10
-1530.517731
 20
-333.987961
 40
0.000000
 50
0.000000
  1
# 967
  0
POINT
  8
4
 10
-1629.512482
 20
-201.142979
 30
0.400000
 50
295.59
  0
TEXT
  8
4
 10
-1629.512482
 20
-201.142979
 40
0.000000
 50
0.000000
  1
# 968
  0
POLYLINE
  8
8
  66
1
  70
0
  0
VERTEX
  8
8
  10
-1629.500427
  20
-201.168270
  0
VERTEX
  8
8
  10
-1572.974243
  20
-319.212914
  0
SEQEND
  8
8
  0
POINT
  8
2
 10
-1629.500427
 20
-201.168270
  0
TEXT
  8
2
 10
-1629.500427
 20
-201.168270
 40
0.000000
 50
0.000000
  1
# 969
  0
POINT
  8
2
 10
-1572.974243
 20
-319.212914
  0
TEXT
  8
2
 10
-1572.974243
 20
-319.212914
 40
0.000000
 50
0.000000
  1
# 970
  0
POLYLINE
  8
8
  66
1
  70
0
  0
VERTEX
  8
8
  10
-1572.974243
  20
-319.212914
  0
VERTEX
  8
8
  10
-1530.474243
  20
-334.003105
  0
SEQEND
  8
8
  0
POINT
  8
2
 10
-1572.974243
 20
-319.212914
  0
TEXT
  8
2
 10
-1572.974243
 20
-319.212914
 40
0.000000
 50
0.000000
  1
# 971
  0
POINT
  8
2
 10
-1530.474243
 20
-334.003105
  0
TEXT
  8
2
 10
-1530.474243
 20
-334.003105
 40
0.000000
 50
0.000000
  1
# 972
  0
POLYLINE
  8
8
  66
1
  70
0
  0
VERTEX
  8
8
  10
-1662.427826
  20
-237.794075
  0
VERTEX
  8
8
  10
-1542.846069
  20
-227.783241
  0
SEQEND
  8
8
  0
POINT
  8
2
 10
-1662.427826
 20
-237.794075
  0
TEXT
  8
2
 10
-1662.427826
 20
-237.794075
 40
0.000000
 50
0.000000
  1
# 973
  0
POINT
  8
2
 10
-1542.846069
 20
-227.783241
  0
TEXT
  8
2
 10
-1542.846069
 20
-227.783241
 40
0.000000
 50
0.000000
  1
# 974
 0
LINE
 8
7
 10
-1578.043518
 20
-325.120049
 11
-1578.043518
 21
-235.149860
  0
TEXT
  8
1
 10
-1600.021896
 20
-292.315884
 40
10.000000
 50
0.000000
  1
Piece Name: 26SMC-WP313M 展_侧袋垫_175/92
  0
TEXT
  8
1
 10
-1600.021896
 20
-277.315884
 40
10.000000
 50
0.000000
  1
Size: 175/92
  0
TEXT
  8
1
 10
-1600.021896
 20
-262.315884
 40
10.000000
 50
0.000000
  1
Annotation: 
  0
TEXT
  8
1
 10
-1600.021896
 20
-247.315884
 40
10.000000
 50
0.000000
  1
Quantity: 1,1
  0
TEXT
  8
1
 10
-1600.021896
 20
-232.315884
 40
10.000000
 50
0.000000
  1
Material: 面
  0
TEXT
  8
1
 10
-1600.021896
 20
-232.315884
 40
10.000000
 50
0.000000
  1
Category: 34
0
ENDBLK
0
BLOCK
  8
1
  2
26SMC-WP313M 展_侧袋贴_175/92
 70
0
 10
0.0
 20
0.0
  0
POLYLINE
  8
1
  66
1
  70
1
  0
VERTEX
  8
1
  10
-1819.612732
  20
-140.277777
  0
VERTEX
  8
1
  10
-1761.749878
  20
-261.113796
  0
VERTEX
  8
1
  10
-1716.741638
  20
-276.776829
  0
VERTEX
  8
1
  10
-1716.078796
  20
-293.899994
  0
VERTEX
  8
1
  10
-1715.844727
  20
-302.016487
  0
VERTEX
  8
1
  10
-1715.379791
  20
-324.897881
  0
VERTEX
  8
1
  10
-1794.241791
  20
-297.453556
  0
VERTEX
  8
1
  10
-1866.942139
  20
-145.631628
  0
VERTEX
  8
1
  10
-1843.568573
  20
-143.244600
  0
VERTEX
  8
1
  10
-1836.772003
  20
-142.472906
  0
VERTEX
  8
1
  10
-1828.738861
  20
-141.472149
  0
SEQEND
  8
1
  0
POINT
  8
2
 10
-1819.612732
 20
-140.277777
  0
TEXT
  8
2
 10
-1819.612732
 20
-140.277777
 40
0.000000
 50
0.000000
  1
# 975
  0
POINT
  8
2
 10
-1761.749878
 20
-261.113796
  0
TEXT
  8
2
 10
-1761.749878
 20
-261.113796
 40
0.000000
 50
0.000000
  1
# 976
  0
POINT
  8
2
 10
-1716.741638
 20
-276.776829
  0
TEXT
  8
2
 10
-1716.741638
 20
-276.776829
 40
0.000000
 50
0.000000
  1
# 977
  0
POINT
  8
2
 10
-1715.379791
 20
-324.897881
  0
TEXT
  8
2
 10
-1715.379791
 20
-324.897881
 40
0.000000
 50
0.000000
  1
# 978
  0
POINT
  8
2
 10
-1794.241791
 20
-297.453556
  0
TEXT
  8
2
 10
-1794.241791
 20
-297.453556
 40
0.000000
 50
0.000000
  1
# 979
  0
POINT
  8
2
 10
-1866.942139
 20
-145.631628
  0
TEXT
  8
2
 10
-1866.942139
 20
-145.631628
 40
0.000000
 50
0.000000
  1
# 980
  0
POINT
  8
3
 10
-1716.078796
 20
-293.899994
  0
POINT
  8
3
 10
-1715.844727
 20
-302.016487
  0
POINT
  8
3
 10
-1843.568573
 20
-143.244600
  0
POINT
  8
3
 10
-1836.772003
 20
-142.472906
  0
POINT
  8
3
 10
-1828.738861
 20
-141.472149
  0
POLYLINE
  8
14
  66
1
  70
1
  0
VERTEX
  8
14
  10
-1825.516510
  20
-151.102705
  0
VERTEX
  8
14
  10
-1768.970337
  20
-269.189301
  0
VERTEX
  8
14
  10
-1726.470337
  20
-283.977737
  0
VERTEX
  8
14
  10
-1726.073045
  20
-294.238129
  0
VERTEX
  8
14
  10
-1725.841752
  20
-302.257990
  0
VERTEX
  8
14
  10
-1725.689087
  20
-310.721970
  0
VERTEX
  8
14
  10
-1787.021332
  20
-289.378052
  0
VERTEX
  8
14
  10
-1851.801300
  20
-154.137373
  0
VERTEX
  8
14
  10
-1842.495638
  20
-153.186867
  0
VERTEX
  8
14
  10
-1835.587002
  20
-152.402444
  0
VERTEX
  8
14
  10
-1827.455132
  20
-151.389414
  0
SEQEND
  8
14
  0
POINT
  8
2
 10
-1825.516510
 20
-151.102705
  0
TEXT
  8
2
 10
-1825.516510
 20
-151.102705
 40
0.000000
 50
0.000000
  1
# 981
  0
POINT
  8
2
 10
-1768.970337
 20
-269.189301
  0
TEXT
  8
2
 10
-1768.970337
 20
-269.189301
 40
0.000000
 50
0.000000
  1
# 982
  0
POINT
  8
2
 10
-1726.470337
 20
-283.977737
  0
TEXT
  8
2
 10
-1726.470337
 20
-283.977737
 40
0.000000
 50
0.000000
  1
# 983
  0
POINT
  8
2
 10
-1725.689087
 20
-310.721970
  0
TEXT
  8
2
 10
-1725.689087
 20
-310.721970
 40
0.000000
 50
0.000000
  1
# 984
  0
POINT
  8
2
 10
-1787.021332
 20
-289.378052
  0
TEXT
  8
2
 10
-1787.021332
 20
-289.378052
 40
0.000000
 50
0.000000
  1
# 985
  0
POINT
  8
2
 10
-1851.801300
 20
-154.137373
  0
TEXT
  8
2
 10
-1851.801300
 20
-154.137373
 40
0.000000
 50
0.000000
  1
# 986
  0
POINT
  8
3
 10
-1726.073045
 20
-294.238129
  0
POINT
  8
3
 10
-1725.841752
 20
-302.257990
  0
POINT
  8
3
 10
-1842.495638
 20
-153.186867
  0
POINT
  8
3
 10
-1835.587002
 20
-152.402444
  0
POINT
  8
3
 10
-1827.455132
 20
-151.389414
 0
LINE
 8
7
 10
-1798.420868
 20
-237.540150
 11
-1798.420868
 21
-207.305336
  0
TEXT
  8
1
 10
-1791.160965
 20
-232.587829
 40
10.000000
 50
0.000000
  1
Piece Name: 26SMC-WP313M 展_侧袋贴_175/92
  0
TEXT
  8
1
 10
-1791.160965
 20
-217.587829
 40
10.000000
 50
0.000000
  1
Size: 175/92
  0
TEXT
  8
1
 10
-1791.160965
 20
-202.587829
 40
10.000000
 50
0.000000
  1
Annotation: 
  0
TEXT
  8
1
 10
-1791.160965
 20
-187.587829
 40
10.000000
 50
0.000000
  1
Quantity: 1,1
  0
TEXT
  8
1
 10
-1791.160965
 20
-172.587829
 40
10.000000
 50
0.000000
  1
Material: 面
  0
TEXT
  8
1
 10
-1791.160965
 20
-172.587829
 40
10.000000
 50
0.000000
  1
Category: 35
0
ENDBLK
0
BLOCK
  8
1
  2
26SMC-WP313M 展_右手机袋_175/92
 70
0
 10
0.0
 20
0.0
  0
POLYLINE
  8
1
  66
1
  70
1
  0
VERTEX
  8
1
  10
-1933.576660
  20
-137.108316
  0
VERTEX
  8
1
  10
-1933.576660
  20
-351.341095
  0
VERTEX
  8
1
  10
-2062.489929
  20
-351.341095
  0
VERTEX
  8
1
  10
-2063.620453
  20
-344.410172
  0
VERTEX
  8
1
  10
-2064.228516
  20
-340.594101
  0
VERTEX
  8
1
  10
-2064.763336
  20
-337.474632
  0
VERTEX
  8
1
  10
-2065.331116
  20
-334.590302
  0
VERTEX
  8
1
  10
-2065.926971
  20
-331.933327
  0
VERTEX
  8
1
  10
-2066.552124
  20
-329.468040
  0
VERTEX
  8
1
  10
-2067.187805
  20
-327.243500
  0
VERTEX
  8
1
  10
-2067.843018
  20
-325.198669
  0
VERTEX
  8
1
  10
-2068.525085
  20
-323.292580
  0
VERTEX
  8
1
  10
-2069.223328
  20
-321.538849
  0
VERTEX
  8
1
  10
-2069.944000
  20
-319.907780
  0
VERTEX
  8
1
  10
-2070.671234
  20
-318.420200
  0
VERTEX
  8
1
  10
-2071.428528
  20
-317.017269
  0
VERTEX
  8
1
  10
-2072.182770
  20
-315.749702
  0
VERTEX
  8
1
  10
-2072.982635
  20
-314.528732
  0
VERTEX
  8
1
  10
-2073.764954
  20
-313.443127
  0
VERTEX
  8
1
  10
-2074.565125
  20
-312.432594
  0
VERTEX
  8
1
  10
-2075.401917
  20
-311.471977
  0
VERTEX
  8
1
  10
-2076.360168
  20
-310.470104
  0
VERTEX
  8
1
  10
-2077.403412
  20
-309.474411
  0
VERTEX
  8
1
  10
-2078.605042
  20
-308.421230
  0
VERTEX
  8
1
  10
-2080.140533
  20
-307.177963
  0
VERTEX
  8
1
  10
-2082.763367
  20
-305.174046
  0
VERTEX
  8
1
  10
-2086.305695
  20
-302.430573
  0
VERTEX
  8
1
  10
-2086.332550
  20
-296.861248
  0
VERTEX
  8
1
  10
-2086.381683
  20
-289.728050
  0
VERTEX
  8
1
  10
-2086.374512
  20
-281.543217
  0
VERTEX
  8
1
  10
-2086.281433
  20
-273.927364
  0
VERTEX
  8
1
  10
-2086.098785
  20
-266.314583
  0
VERTEX
  8
1
  10
-2085.828094
  20
-258.706017
  0
VERTEX
  8
1
  10
-2085.471954
  20
-251.124210
  0
VERTEX
  8
1
  10
-2085.030365
  20
-243.530254
  0
VERTEX
  8
1
  10
-2084.481354
  20
-235.569344
  0
VERTEX
  8
1
  10
-2083.818817
  20
-227.243633
  0
VERTEX
  8
1
  10
-2083.031769
  20
-218.488369
  0
VERTEX
  8
1
  10
-2082.165985
  20
-209.811306
  0
VERTEX
  8
1
  10
-2081.215057
  20
-201.141624
  0
VERTEX
  8
1
  10
-2080.177917
  20
-192.480469
  0
VERTEX
  8
1
  10
-2079.091492
  20
-184.114189
  0
VERTEX
  8
1
  10
-2077.844238
  20
-175.190601
  0
VERTEX
  8
1
  10
-2076.335907
  20
-165.045605
  0
VERTEX
  8
1
  10
-2074.749756
  20
-154.916534
  0
VERTEX
  8
1
  10
-2073.213196
  20
-145.488567
  0
VERTEX
  8
1
  10
-2072.726288
  20
-142.500544
  0
VERTEX
  8
1
  10
-2070.016632
  20
-125.686216
  0
SEQEND
  8
1
  0
POINT
  8
2
 10
-1933.576660
 20
-137.108316
  0
TEXT
  8
2
 10
-1933.576660
 20
-137.108316
 40
0.000000
 50
0.000000
  1
# 987
  0
POINT
  8
2
 10
-1933.576660
 20
-351.341095
  0
TEXT
  8
2
 10
-1933.576660
 20
-351.341095
 40
0.000000
 50
0.000000
  1
# 988
  0
POINT
  8
2
 10
-2062.489929
 20
-351.341095
  0
TEXT
  8
2
 10
-2062.489929
 20
-351.341095
 40
0.000000
 50
0.000000
  1
# 989
  0
POINT
  8
2
 10
-2086.305695
 20
-302.430573
  0
TEXT
  8
2
 10
-2086.305695
 20
-302.430573
 40
0.000000
 50
0.000000
  1
# 990
  0
POINT
  8
2
 10
-2070.016632
 20
-125.686216
  0
TEXT
  8
2
 10
-2070.016632
 20
-125.686216
 40
0.000000
 50
0.000000
  1
# 991
  0
POINT
  8
3
 10
-2063.620453
 20
-344.410172
  0
POINT
  8
3
 10
-2064.228516
 20
-340.594101
  0
POINT
  8
3
 10
-2064.763336
 20
-337.474632
  0
POINT
  8
3
 10
-2065.331116
 20
-334.590302
  0
POINT
  8
3
 10
-2065.926971
 20
-331.933327
  0
POINT
  8
3
 10
-2066.552124
 20
-329.468040
  0
POINT
  8
3
 10
-2067.187805
 20
-327.243500
  0
POINT
  8
3
 10
-2067.843018
 20
-325.198669
  0
POINT
  8
3
 10
-2068.525085
 20
-323.292580
  0
POINT
  8
3
 10
-2069.223328
 20
-321.538849
  0
POINT
  8
3
 10
-2069.944000
 20
-319.907780
  0
POINT
  8
3
 10
-2070.671234
 20
-318.420200
  0
POINT
  8
3
 10
-2071.428528
 20
-317.017269
  0
POINT
  8
3
 10
-2072.182770
 20
-315.749702
  0
POINT
  8
3
 10
-2072.982635
 20
-314.528732
  0
POINT
  8
3
 10
-2073.764954
 20
-313.443127
  0
POINT
  8
3
 10
-2074.565125
 20
-312.432594
  0
POINT
  8
3
 10
-2075.401917
 20
-311.471977
  0
POINT
  8
3
 10
-2076.360168
 20
-310.470104
  0
POINT
  8
3
 10
-2077.403412
 20
-309.474411
  0
POINT
  8
3
 10
-2078.605042
 20
-308.421230
  0
POINT
  8
3
 10
-2080.140533
 20
-307.177963
  0
POINT
  8
3
 10
-2082.763367
 20
-305.174046
  0
POINT
  8
3
 10
-2086.332550
 20
-296.861248
  0
POINT
  8
3
 10
-2086.381683
 20
-289.728050
  0
POINT
  8
3
 10
-2086.374512
 20
-281.543217
  0
POINT
  8
3
 10
-2086.281433
 20
-273.927364
  0
POINT
  8
3
 10
-2086.098785
 20
-266.314583
  0
POINT
  8
3
 10
-2085.828094
 20
-258.706017
  0
POINT
  8
3
 10
-2085.471954
 20
-251.124210
  0
POINT
  8
3
 10
-2085.030365
 20
-243.530254
  0
POINT
  8
3
 10
-2084.481354
 20
-235.569344
  0
POINT
  8
3
 10
-2083.818817
 20
-227.243633
  0
POINT
  8
3
 10
-2083.031769
 20
-218.488369
  0
POINT
  8
3
 10
-2082.165985
 20
-209.811306
  0
POINT
  8
3
 10
-2081.215057
 20
-201.141624
  0
POINT
  8
3
 10
-2080.177917
 20
-192.480469
  0
POINT
  8
3
 10
-2079.091492
 20
-184.114189
  0
POINT
  8
3
 10
-2077.844238
 20
-175.190601
  0
POINT
  8
3
 10
-2076.335907
 20
-165.045605
  0
POINT
  8
3
 10
-2074.749756
 20
-154.916534
  0
POINT
  8
3
 10
-2073.213196
 20
-145.488567
  0
POINT
  8
3
 10
-2072.726288
 20
-142.500544
  0
POINT
  8
4
 10
-2073.213196
 20
-145.488567
 30
0.400000
 50
355.21
  0
TEXT
  8
4
 10
-2073.213196
 20
-145.488567
 40
0.000000
 50
0.000000
  1
# 992
  0
POLYLINE
  8
14
  66
1
  70
1
  0
VERTEX
  8
14
  10
-1943.576660
  20
-156.341124
  0
VERTEX
  8
14
  10
-1943.576660
  20
-341.341095
  0
VERTEX
  8
14
  10
-2053.997650
  20
-341.333771
  0
VERTEX
  8
14
  10
-2054.353638
  20
-339.017402
  0
VERTEX
  8
14
  10
-2054.928350
  20
-335.665588
  0
VERTEX
  8
14
  10
-2055.545462
  20
-332.531013
  0
VERTEX
  8
14
  10
-2056.200076
  20
-329.611934
  0
VERTEX
  8
14
  10
-2056.896834
  20
-326.865227
  0
VERTEX
  8
14
  10
-2057.617232
  20
-324.344725
  0
VERTEX
  8
14
  10
-2058.371893
  20
-321.989618
  0
VERTEX
  8
14
  10
-2059.170498
  20
-319.758215
  0
VERTEX
  8
14
  10
-2060.002424
  20
-317.669246
  0
VERTEX
  8
14
  10
-2060.877090
  20
-315.689923
  0
VERTEX
  8
14
  10
-2061.776296
  20
-313.850679
  0
VERTEX
  8
14
  10
-2062.730976
  20
-312.082477
  0
VERTEX
  8
14
  10
-2063.699074
  20
-310.455611
  0
VERTEX
  8
14
  10
-2064.743934
  20
-308.860921
  0
VERTEX
  8
14
  10
-2065.785516
  20
-307.415825
  0
VERTEX
  8
14
  10
-2066.873212
  20
-306.042458
  0
VERTEX
  8
14
  10
-2068.013409
  20
-304.733279
  0
VERTEX
  8
14
  10
-2069.295564
  20
-303.392588
  0
VERTEX
  8
14
  10
-2070.654460
  20
-302.095245
  0
VERTEX
  8
14
  10
-2072.165456
  20
-300.770620
  0
VERTEX
  8
14
  10
-2073.973130
  20
-299.306301
  0
VERTEX
  8
14
  10
-2076.321716
  20
-297.567043
  0
VERTEX
  8
14
  10
-2076.381687
  20
-289.690737
  0
VERTEX
  8
14
  10
-2076.374647
  20
-281.606066
  0
VERTEX
  8
14
  10
-2076.283001
  20
-274.108676
  0
VERTEX
  8
14
  10
-2076.103207
  20
-266.612527
  0
VERTEX
  8
14
  10
-2075.836620
  20
-259.118807
  0
VERTEX
  8
14
  10
-2075.485703
  20
-251.649733
  0
VERTEX
  8
14
  10
-2075.050546
  20
-244.164320
  0
VERTEX
  8
14
  10
-2074.508881
  20
-236.310060
  0
VERTEX
  8
14
  10
-2073.854607
  20
-228.088056
  0
VERTEX
  8
14
  10
-2073.076546
  20
-219.433199
  0
VERTEX
  8
14
  10
-2072.220320
  20
-210.852601
  0
VERTEX
  8
14
  10
-2071.280250
  20
-202.280951
  0
VERTEX
  8
14
  10
-2070.254991
  20
-193.719435
  0
VERTEX
  8
14
  10
-2069.181254
  20
-185.450981
  0
VERTEX
  8
14
  10
-2067.946725
  20
-176.618458
  0
VERTEX
  8
14
  10
-2066.450714
  20
-166.556212
  0
VERTEX
  8
14
  10
-2064.875838
  20
-156.499456
  0
VERTEX
  8
14
  10
-2063.202515
  20
-146.326590
  0
VERTEX
  8
14
  10
-2063.158417
  20
-146.330309
  0
SEQEND
  8
14
  0
POINT
  8
2
 10
-1943.576660
 20
-156.341124
  0
TEXT
  8
2
 10
-1943.576660
 20
-156.341124
 40
0.000000
 50
0.000000
  1
# 993
  0
POINT
  8
2
 10
-1943.576660
 20
-341.341095
  0
TEXT
  8
2
 10
-1943.576660
 20
-341.341095
 40
0.000000
 50
0.000000
  1
# 994
  0
POINT
  8
2
 10
-2053.997650
 20
-341.333771
  0
TEXT
  8
2
 10
-2053.997650
 20
-341.333771
 40
0.000000
 50
0.000000
  1
# 995
  0
POINT
  8
2
 10
-2076.321716
 20
-297.567043
  0
TEXT
  8
2
 10
-2076.321716
 20
-297.567043
 40
0.000000
 50
0.000000
  1
# 996
  0
POINT
  8
2
 10
-2063.158417
 20
-146.330309
  0
TEXT
  8
2
 10
-2063.158417
 20
-146.330309
 40
0.000000
 50
0.000000
  1
# 997
  0
POINT
  8
3
 10
-2054.353638
 20
-339.017402
  0
POINT
  8
3
 10
-2054.928350
 20
-335.665588
  0
POINT
  8
3
 10
-2055.545462
 20
-332.531013
  0
POINT
  8
3
 10
-2056.200076
 20
-329.611934
  0
POINT
  8
3
 10
-2056.896834
 20
-326.865227
  0
POINT
  8
3
 10
-2057.617232
 20
-324.344725
  0
POINT
  8
3
 10
-2058.371893
 20
-321.989618
  0
POINT
  8
3
 10
-2059.170498
 20
-319.758215
  0
POINT
  8
3
 10
-2060.002424
 20
-317.669246
  0
POINT
  8
3
 10
-2060.877090
 20
-315.689923
  0
POINT
  8
3
 10
-2061.776296
 20
-313.850679
  0
POINT
  8
3
 10
-2062.730976
 20
-312.082477
  0
POINT
  8
3
 10
-2063.699074
 20
-310.455611
  0
POINT
  8
3
 10
-2064.743934
 20
-308.860921
  0
POINT
  8
3
 10
-2065.785516
 20
-307.415825
  0
POINT
  8
3
 10
-2066.873212
 20
-306.042458
  0
POINT
  8
3
 10
-2068.013409
 20
-304.733279
  0
POINT
  8
3
 10
-2069.295564
 20
-303.392588
  0
POINT
  8
3
 10
-2070.654460
 20
-302.095245
  0
POINT
  8
3
 10
-2072.165456
 20
-300.770620
  0
POINT
  8
3
 10
-2073.973130
 20
-299.306301
  0
POINT
  8
3
 10
-2076.381687
 20
-289.690737
  0
POINT
  8
3
 10
-2076.374647
 20
-281.606066
  0
POINT
  8
3
 10
-2076.283001
 20
-274.108676
  0
POINT
  8
3
 10
-2076.103207
 20
-266.612527
  0
POINT
  8
3
 10
-2075.836620
 20
-259.118807
  0
POINT
  8
3
 10
-2075.485703
 20
-251.649733
  0
POINT
  8
3
 10
-2075.050546
 20
-244.164320
  0
POINT
  8
3
 10
-2074.508881
 20
-236.310060
  0
POINT
  8
3
 10
-2073.854607
 20
-228.088056
  0
POINT
  8
3
 10
-2073.076546
 20
-219.433199
  0
POINT
  8
3
 10
-2072.220320
 20
-210.852601
  0
POINT
  8
3
 10
-2071.280250
 20
-202.280951
  0
POINT
  8
3
 10
-2070.254991
 20
-193.719435
  0
POINT
  8
3
 10
-2069.181254
 20
-185.450981
  0
POINT
  8
3
 10
-2067.946725
 20
-176.618458
  0
POINT
  8
3
 10
-2066.450714
 20
-166.556212
  0
POINT
  8
3
 10
-2064.875838
 20
-156.499456
  0
POINT
  8
3
 10
-2063.202515
 20
-146.326590
  0
POINT
  8
4
 10
-2063.202515
 20
-146.326590
 30
0.400000
 50
355.21
  0
TEXT
  8
4
 10
-2063.202515
 20
-146.326590
 40
0.000000
 50
0.000000
  1
# 998
 0
LINE
 8
7
 10
-2015.054932
 20
-252.659130
 11
-2015.054932
 21
-209.217930
  0
TEXT
  8
1
 10
-2009.979172
 20
-238.513656
 40
10.000000
 50
0.000000
  1
Piece Name: 26SMC-WP313M 展_右手机袋_175/92
  0
TEXT
  8
1
 10
-2009.979172
 20
-223.513656
 40
10.000000
 50
0.000000
  1
Size: 175/92
  0
TEXT
  8
1
 10
-2009.979172
 20
-208.513656
 40
10.000000
 50
0.000000
  1
Annotation: 
  0
TEXT
  8
1
 10
-2009.979172
 20
-193.513656
 40
10.000000
 50
0.000000
  1
Quantity: 1
  0
TEXT
  8
1
 10
-2009.979172
 20
-178.513656
 40
10.000000
 50
0.000000
  1
Material: 面
  0
TEXT
  8
1
 10
-2009.979172
 20
-178.513656
 40
10.000000
 50
0.000000
  1
Category: 36
0
ENDBLK
0
BLOCK
  8
1
  2
26SMC-WP313M 展_右前_175/92
 70
0
 10
0.0
 20
0.0
  0
POLYLINE
  8
1
  66
1
  70
1
  0
VERTEX
  8
1
  10
-1158.781357
  20
-955.465698
  0
VERTEX
  8
1
  10
-1151.929779
  20
-956.347656
  0
VERTEX
  8
1
  10
-1145.853882
  20
-957.148666
  0
VERTEX
  8
1
  10
-1139.417343
  20
-957.933044
  0
VERTEX
  8
1
  10
-1132.963867
  20
-958.636856
  0
VERTEX
  8
1
  10
-1126.171188
  20
-959.293671
  0
VERTEX
  8
1
  10
-1119.038773
  20
-959.896774
  0
VERTEX
  8
1
  10
-1111.566467
  20
-960.440369
  0
VERTEX
  8
1
  10
-1109.554977
  20
-960.564423
  0
VERTEX
  8
1
  10
-1104.284897
  20
-960.889587
  0
VERTEX
  8
1
  10
-1096.464996
  20
-961.288681
  0
VERTEX
  8
1
  10
-1088.308792
  20
-961.618423
  0
VERTEX
  8
1
  10
-1080.142670
  20
-961.865616
  0
VERTEX
  8
1
  10
-1071.774979
  20
-962.037506
  0
VERTEX
  8
1
  10
-1063.609543
  20
-962.123260
  0
VERTEX
  8
1
  10
-1055.776825
  20
-962.124329
  0
VERTEX
  8
1
  10
-1048.276978
  20
-962.046432
  0
VERTEX
  8
1
  10
-1040.802536
  20
-961.887817
  0
VERTEX
  8
1
  10
-1032.227707
  20
-961.615677
  0
VERTEX
  8
1
  10
-1022.698822
  20
-961.224899
  0
VERTEX
  8
1
  10
-1012.804337
  20
-960.729446
  0
VERTEX
  8
1
  10
-997.920074
  20
-959.737244
  0
VERTEX
  8
1
  10
-987.929611
  20
-1109.594269
  0
VERTEX
  8
1
  10
-992.386322
  20
-1117.909088
  0
VERTEX
  8
1
  10
-991.898804
  20
-1125.221329
  0
VERTEX
  8
1
  10
-991.359558
  20
-1132.753448
  0
VERTEX
  8
1
  10
-990.913620
  20
-1137.922821
  0
VERTEX
  8
1
  10
-990.460205
  20
-1142.267761
  0
VERTEX
  8
1
  10
-989.999466
  20
-1145.965881
  0
VERTEX
  8
1
  10
-989.492950
  20
-1149.414673
  0
VERTEX
  8
1
  10
-988.945313
  20
-1152.603683
  0
VERTEX
  8
1
  10
-988.363647
  20
-1155.528030
  0
VERTEX
  8
1
  10
-987.757187
  20
-1158.187637
  0
VERTEX
  8
1
  10
-987.136307
  20
-1160.586548
  0
VERTEX
  8
1
  10
-986.457748
  20
-1162.908173
  0
VERTEX
  8
1
  10
-985.779114
  20
-1164.974594
  0
VERTEX
  8
1
  10
-985.049591
  20
-1166.960678
  0
VERTEX
  8
1
  10
-984.336090
  20
-1168.704987
  0
VERTEX
  8
1
  10
-983.579865
  20
-1170.371628
  0
VERTEX
  8
1
  10
-982.781525
  20
-1171.956787
  0
VERTEX
  8
1
  10
-982.019730
  20
-1173.324127
  0
VERTEX
  8
1
  10
-981.224213
  20
-1174.619446
  0
VERTEX
  8
1
  10
-980.395355
  20
-1175.841522
  0
VERTEX
  8
1
  10
-979.533310
  20
-1176.989975
  0
VERTEX
  8
1
  10
-978.637772
  20
-1178.065109
  0
VERTEX
  8
1
  10
-977.802277
  20
-1178.971024
  0
VERTEX
  8
1
  10
-976.937332
  20
-1179.819870
  0
VERTEX
  8
1
  10
-976.040726
  20
-1180.613327
  0
VERTEX
  8
1
  10
-975.109406
  20
-1181.353149
  0
VERTEX
  8
1
  10
-974.139328
  20
-1182.041168
  0
VERTEX
  8
1
  10
-973.227692
  20
-1182.618332
  0
VERTEX
  8
1
  10
-972.030258
  20
-1183.286285
  0
VERTEX
  8
1
  10
-970.875397
  20
-1183.849640
  0
VERTEX
  8
1
  10
-969.660492
  20
-1184.370193
  0
VERTEX
  8
1
  10
-968.398743
  20
-1184.842148
  0
VERTEX
  8
1
  10
-966.958389
  20
-1185.304031
  0
VERTEX
  8
1
  10
-965.498505
  20
-1185.694733
  0
VERTEX
  8
1
  10
-962.336197
  20
-1186.468964
  0
VERTEX
  8
1
  10
-955.228424
  20
-1188.244781
  0
VERTEX
  8
1
  10
-956.785736
  20
-1197.920609
  0
VERTEX
  8
1
  10
-958.547134
  20
-1208.813477
  0
VERTEX
  8
1
  10
-960.202484
  20
-1219.236755
  0
VERTEX
  8
1
  10
-961.868973
  20
-1230.009155
  0
VERTEX
  8
1
  10
-963.366394
  20
-1239.989624
  0
VERTEX
  8
1
  10
-964.820480
  20
-1249.977417
  0
VERTEX
  8
1
  10
-966.231308
  20
-1259.972458
  0
VERTEX
  8
1
  10
-967.599030
  20
-1269.974289
  0
VERTEX
  8
1
  10
-968.923874
  20
-1279.982834
  0
VERTEX
  8
1
  10
-970.205994
  20
-1289.997711
  0
VERTEX
  8
1
  10
-971.445541
  20
-1300.018616
  0
VERTEX
  8
1
  10
-972.642746
  20
-1310.045471
  0
VERTEX
  8
1
  10
-973.797760
  20
-1320.077820
  0
VERTEX
  8
1
  10
-974.910736
  20
-1330.115356
  0
VERTEX
  8
1
  10
-975.981827
  20
-1340.157928
  0
VERTEX
  8
1
  10
-977.011185
  20
-1350.205383
  0
VERTEX
  8
1
  10
-977.999039
  20
-1360.257111
  0
VERTEX
  8
1
  10
-978.945541
  20
-1370.313263
  0
VERTEX
  8
1
  10
-979.850922
  20
-1380.373230
  0
VERTEX
  8
1
  10
-980.715256
  20
-1390.436859
  0
VERTEX
  8
1
  10
-981.538773
  20
-1400.503845
  0
VERTEX
  8
1
  10
-982.321625
  20
-1410.574036
  0
VERTEX
  8
1
  10
-983.063965
  20
-1420.647125
  0
VERTEX
  8
1
  10
-983.766022
  20
-1430.722809
  0
VERTEX
  8
1
  10
-984.427872
  20
-1440.800781
  0
VERTEX
  8
1
  10
-985.049820
  20
-1450.880890
  0
VERTEX
  8
1
  10
-985.631943
  20
-1460.962677
  0
VERTEX
  8
1
  10
-986.174393
  20
-1471.045990
  0
VERTEX
  8
1
  10
-986.677399
  20
-1481.130676
  0
VERTEX
  8
1
  10
-987.138824
  20
-1491.162109
  0
VERTEX
  8
1
  10
-987.561722
  20
-1501.084595
  0
VERTEX
  8
1
  10
-987.565231
  20
-1501.195679
  0
VERTEX
  8
1
  10
-987.877350
  20
-1511.011047
  0
VERTEX
  8
1
  10
-988.162689
  20
-1521.049042
  0
VERTEX
  8
1
  10
-988.410492
  20
-1531.143188
  0
VERTEX
  8
1
  10
-988.555374
  20
-1538.163910
  0
VERTEX
  8
1
  10
-1004.794083
  20
-1537.405090
  0
VERTEX
  8
1
  10
-1014.666290
  20
-1536.967316
  0
VERTEX
  8
1
  10
-1024.811859
  20
-1536.558228
  0
VERTEX
  8
1
  10
-1034.775391
  20
-1536.193085
  0
VERTEX
  8
1
  10
-1045.118179
  20
-1535.851746
  0
VERTEX
  8
1
  10
-1055.474014
  20
-1535.549164
  0
VERTEX
  8
1
  10
-1065.556107
  20
-1535.294037
  0
VERTEX
  8
1
  10
-1076.030579
  20
-1535.072632
  0
VERTEX
  8
1
  10
-1085.885315
  20
-1534.908295
  0
VERTEX
  8
1
  10
-1095.896683
  20
-1534.788971
  0
VERTEX
  8
1
  10
-1105.980682
  20
-1534.722443
  0
VERTEX
  8
1
  10
-1117.582474
  20
-1534.712677
  0
VERTEX
  8
1
  10
-1122.030334
  20
-1534.709778
  0
VERTEX
  8
1
  10
-1132.127304
  20
-1534.736176
  0
VERTEX
  8
1
  10
-1142.198563
  20
-1534.819183
  0
VERTEX
  8
1
  10
-1152.172089
  20
-1534.952698
  0
VERTEX
  8
1
  10
-1162.842636
  20
-1535.146790
  0
VERTEX
  8
1
  10
-1173.189850
  20
-1535.381317
  0
VERTEX
  8
1
  10
-1183.910294
  20
-1535.669250
  0
VERTEX
  8
1
  10
-1193.990479
  20
-1535.979156
  0
VERTEX
  8
1
  10
-1204.649734
  20
-1536.346893
  0
VERTEX
  8
1
  10
-1215.222397
  20
-1536.751862
  0
VERTEX
  8
1
  10
-1225.218887
  20
-1537.173615
  0
VERTEX
  8
1
  10
-1246.341858
  20
-1538.142090
  0
VERTEX
  8
1
  10
-1246.648026
  20
-1528.961334
  0
VERTEX
  8
1
  10
-1246.983337
  20
-1518.738251
  0
VERTEX
  8
1
  10
-1247.310181
  20
-1508.584442
  0
VERTEX
  8
1
  10
-1247.545319
  20
-1501.179352
  0
VERTEX
  8
1
  10
-1247.548294
  20
-1501.084595
  0
VERTEX
  8
1
  10
-1247.868195
  20
-1493.587646
  0
VERTEX
  8
1
  10
-1248.296814
  20
-1483.437805
  0
VERTEX
  8
1
  10
-1248.722076
  20
-1473.217926
  0
VERTEX
  8
1
  10
-1249.141846
  20
-1462.998962
  0
VERTEX
  8
1
  10
-1249.560471
  20
-1452.691650
  0
VERTEX
  8
1
  10
-1249.971848
  20
-1442.473907
  0
VERTEX
  8
1
  10
-1250.380249
  20
-1432.256927
  0
VERTEX
  8
1
  10
-1250.789948
  20
-1421.954498
  0
VERTEX
  8
1
  10
-1251.194763
  20
-1411.738739
  0
VERTEX
  8
1
  10
-1251.490479
  20
-1404.267120
  0
VERTEX
  8
1
  10
-1251.599045
  20
-1401.523895
  0
VERTEX
  8
1
  10
-1252.007065
  20
-1391.222382
  0
VERTEX
  8
1
  10
-1252.412643
  20
-1381.009216
  0
VERTEX
  8
1
  10
-1252.820129
  20
-1370.796814
  0
VERTEX
  8
1
  10
-1253.234100
  20
-1360.492096
  0
VERTEX
  8
1
  10
-1253.647842
  20
-1350.281525
  0
VERTEX
  8
1
  10
-1254.065857
  20
-1340.072021
  0
VERTEX
  8
1
  10
-1254.488907
  20
-1329.863434
  0
VERTEX
  8
1
  10
-1254.922180
  20
-1319.552460
  0
VERTEX
  8
1
  10
-1255.357971
  20
-1309.346161
  0
VERTEX
  8
1
  10
-1255.801392
  20
-1299.141083
  0
VERTEX
  8
1
  10
-1256.243591
  20
-1289.159088
  0
VERTEX
  8
1
  10
-1256.704559
  20
-1278.955688
  0
VERTEX
  8
1
  10
-1257.174683
  20
-1268.752899
  0
VERTEX
  8
1
  10
-1257.644806
  20
-1258.753738
  0
VERTEX
  8
1
  10
-1258.135681
  20
-1248.555679
  0
VERTEX
  8
1
  10
-1258.641205
  20
-1238.361359
  0
VERTEX
  8
1
  10
-1259.160919
  20
-1228.226700
  0
VERTEX
  8
1
  10
-1259.696426
  20
-1218.024292
  0
VERTEX
  8
1
  10
-1260.233078
  20
-1207.810440
  0
VERTEX
  8
1
  10
-1260.749512
  20
-1197.774658
  0
VERTEX
  8
1
  10
-1261.252060
  20
-1187.533417
  0
VERTEX
  8
1
  10
-1261.715698
  20
-1177.275085
  0
VERTEX
  8
1
  10
-1262.122650
  20
-1167.066116
  0
VERTEX
  8
1
  10
-1262.371750
  20
-1159.441299
  0
VERTEX
  8
1
  10
-1262.448120
  20
-1157.103195
  0
VERTEX
  8
1
  10
-1262.651367
  20
-1148.489914
  0
VERTEX
  8
1
  10
-1262.758331
  20
-1140.546570
  0
VERTEX
  8
1
  10
-1262.776184
  20
-1133.278351
  0
VERTEX
  8
1
  10
-1262.708740
  20
-1125.877228
  0
VERTEX
  8
1
  10
-1262.540970
  20
-1117.371368
  0
VERTEX
  8
1
  10
-1262.266617
  20
-1108.068466
  0
VERTEX
  8
1
  10
-1261.932755
  20
-1099.371109
  0
VERTEX
  8
1
  10
-1261.665421
  20
-1091.940460
  0
VERTEX
  8
1
  10
-1216.627655
  20
-1076.267166
  0
SEQEND
  8
1
  0
POINT
  8
2
 10
-1158.781357
 20
-955.465698
  0
TEXT
  8
2
 10
-1158.781357
 20
-955.465698
 40
0.000000
 50
0.000000
  1
# 999
  0
POINT
  8
2
 10
-1012.804337
 20
-960.729446
  0
TEXT
  8
2
 10
-1012.804337
 20
-960.729446
 40
0.000000
 50
0.000000
  1
# 1000
  0
POINT
  8
2
 10
-997.920074
 20
-959.737244
  0
TEXT
  8
2
 10
-997.920074
 20
-959.737244
 40
0.000000
 50
0.000000
  1
# 1001
  0
POINT
  8
2
 10
-987.929611
 20
-1109.594269
  0
TEXT
  8
2
 10
-987.929611
 20
-1109.594269
 40
0.000000
 50
0.000000
  1
# 1002
  0
POINT
  8
2
 10
-992.386322
 20
-1117.909088
  0
TEXT
  8
2
 10
-992.386322
 20
-1117.909088
 40
0.000000
 50
0.000000
  1
# 1003
  0
POINT
  8
2
 10
-955.228424
 20
-1188.244781
  0
TEXT
  8
2
 10
-955.228424
 20
-1188.244781
 40
0.000000
 50
0.000000
  1
# 1004
  0
POINT
  8
2
 10
-987.561722
 20
-1501.084595
  0
TEXT
  8
2
 10
-987.561722
 20
-1501.084595
 40
0.000000
 50
0.000000
  1
# 1005
  0
POINT
  8
2
 10
-988.555374
 20
-1538.163910
  0
TEXT
  8
2
 10
-988.555374
 20
-1538.163910
 40
0.000000
 50
0.000000
  1
# 1006
  0
POINT
  8
2
 10
-1117.582474
 20
-1534.712677
  0
TEXT
  8
2
 10
-1117.582474
 20
-1534.712677
 40
0.000000
 50
0.000000
  1
# 1007
  0
POINT
  8
2
 10
-1246.341858
 20
-1538.142090
  0
TEXT
  8
2
 10
-1246.341858
 20
-1538.142090
 40
0.000000
 50
0.000000
  1
# 1008
  0
POINT
  8
2
 10
-1247.548294
 20
-1501.084595
  0
TEXT
  8
2
 10
-1247.548294
 20
-1501.084595
 40
0.000000
 50
0.000000
  1
# 1009
  0
POINT
  8
2
 10
-1261.665421
 20
-1091.940460
  0
TEXT
  8
2
 10
-1261.665421
 20
-1091.940460
 40
0.000000
 50
0.000000
  1
# 1010
  0
POINT
  8
2
 10
-1216.627655
 20
-1076.267166
  0
TEXT
  8
2
 10
-1216.627655
 20
-1076.267166
 40
0.000000
 50
0.000000
  1
# 1011
  0
POINT
  8
3
 10
-1151.929779
 20
-956.347656
  0
POINT
  8
3
 10
-1145.853882
 20
-957.148666
  0
POINT
  8
3
 10
-1139.417343
 20
-957.933044
  0
POINT
  8
3
 10
-1132.963867
 20
-958.636856
  0
POINT
  8
3
 10
-1126.171188
 20
-959.293671
  0
POINT
  8
3
 10
-1119.038773
 20
-959.896774
  0
POINT
  8
3
 10
-1111.566467
 20
-960.440369
  0
POINT
  8
3
 10
-1109.554977
 20
-960.564423
  0
POINT
  8
3
 10
-1104.284897
 20
-960.889587
  0
POINT
  8
3
 10
-1096.464996
 20
-961.288681
  0
POINT
  8
3
 10
-1088.308792
 20
-961.618423
  0
POINT
  8
3
 10
-1080.142670
 20
-961.865616
  0
POINT
  8
3
 10
-1071.774979
 20
-962.037506
  0
POINT
  8
3
 10
-1063.609543
 20
-962.123260
  0
POINT
  8
3
 10
-1055.776825
 20
-962.124329
  0
POINT
  8
3
 10
-1048.276978
 20
-962.046432
  0
POINT
  8
3
 10
-1040.802536
 20
-961.887817
  0
POINT
  8
3
 10
-1032.227707
 20
-961.615677
  0
POINT
  8
3
 10
-1022.698822
 20
-961.224899
  0
POINT
  8
3
 10
-991.898804
 20
-1125.221329
  0
POINT
  8
3
 10
-991.359558
 20
-1132.753448
  0
POINT
  8
3
 10
-990.913620
 20
-1137.922821
  0
POINT
  8
3
 10
-990.460205
 20
-1142.267761
  0
POINT
  8
3
 10
-989.999466
 20
-1145.965881
  0
POINT
  8
3
 10
-989.492950
 20
-1149.414673
  0
POINT
  8
3
 10
-988.945313
 20
-1152.603683
  0
POINT
  8
3
 10
-988.363647
 20
-1155.528030
  0
POINT
  8
3
 10
-987.757187
 20
-1158.187637
  0
POINT
  8
3
 10
-987.136307
 20
-1160.586548
  0
POINT
  8
3
 10
-986.457748
 20
-1162.908173
  0
POINT
  8
3
 10
-985.779114
 20
-1164.974594
  0
POINT
  8
3
 10
-985.049591
 20
-1166.960678
  0
POINT
  8
3
 10
-984.336090
 20
-1168.704987
  0
POINT
  8
3
 10
-983.579865
 20
-1170.371628
  0
POINT
  8
3
 10
-982.781525
 20
-1171.956787
  0
POINT
  8
3
 10
-982.019730
 20
-1173.324127
  0
POINT
  8
3
 10
-981.224213
 20
-1174.619446
  0
POINT
  8
3
 10
-980.395355
 20
-1175.841522
  0
POINT
  8
3
 10
-979.533310
 20
-1176.989975
  0
POINT
  8
3
 10
-978.637772
 20
-1178.065109
  0
POINT
  8
3
 10
-977.802277
 20
-1178.971024
  0
POINT
  8
3
 10
-976.937332
 20
-1179.819870
  0
POINT
  8
3
 10
-976.040726
 20
-1180.613327
  0
POINT
  8
3
 10
-975.109406
 20
-1181.353149
  0
POINT
  8
3
 10
-974.139328
 20
-1182.041168
  0
POINT
  8
3
 10
-973.227692
 20
-1182.618332
  0
POINT
  8
3
 10
-972.030258
 20
-1183.286285
  0
POINT
  8
3
 10
-970.875397
 20
-1183.849640
  0
POINT
  8
3
 10
-969.660492
 20
-1184.370193
  0
POINT
  8
3
 10
-968.398743
 20
-1184.842148
  0
POINT
  8
3
 10
-966.958389
 20
-1185.304031
  0
POINT
  8
3
 10
-965.498505
 20
-1185.694733
  0
POINT
  8
3
 10
-962.336197
 20
-1186.468964
  0
POINT
  8
3
 10
-956.785736
 20
-1197.920609
  0
POINT
  8
3
 10
-958.547134
 20
-1208.813477
  0
POINT
  8
3
 10
-960.202484
 20
-1219.236755
  0
POINT
  8
3
 10
-961.868973
 20
-1230.009155
  0
POINT
  8
3
 10
-963.366394
 20
-1239.989624
  0
POINT
  8
3
 10
-964.820480
 20
-1249.977417
  0
POINT
  8
3
 10
-966.231308
 20
-1259.972458
  0
POINT
  8
3
 10
-967.599030
 20
-1269.974289
  0
POINT
  8
3
 10
-968.923874
 20
-1279.982834
  0
POINT
  8
3
 10
-970.205994
 20
-1289.997711
  0
POINT
  8
3
 10
-971.445541
 20
-1300.018616
  0
POINT
  8
3
 10
-972.642746
 20
-1310.045471
  0
POINT
  8
3
 10
-973.797760
 20
-1320.077820
  0
POINT
  8
3
 10
-974.910736
 20
-1330.115356
  0
POINT
  8
3
 10
-975.981827
 20
-1340.157928
  0
POINT
  8
3
 10
-977.011185
 20
-1350.205383
  0
POINT
  8
3
 10
-977.999039
 20
-1360.257111
  0
POINT
  8
3
 10
-978.945541
 20
-1370.313263
  0
POINT
  8
3
 10
-979.850922
 20
-1380.373230
  0
POINT
  8
3
 10
-980.715256
 20
-1390.436859
  0
POINT
  8
3
 10
-981.538773
 20
-1400.503845
  0
POINT
  8
3
 10
-982.321625
 20
-1410.574036
  0
POINT
  8
3
 10
-983.063965
 20
-1420.647125
  0
POINT
  8
3
 10
-983.766022
 20
-1430.722809
  0
POINT
  8
3
 10
-984.427872
 20
-1440.800781
  0
POINT
  8
3
 10
-985.049820
 20
-1450.880890
  0
POINT
  8
3
 10
-985.631943
 20
-1460.962677
  0
POINT
  8
3
 10
-986.174393
 20
-1471.045990
  0
POINT
  8
3
 10
-986.677399
 20
-1481.130676
  0
POINT
  8
3
 10
-987.138824
 20
-1491.162109
  0
POINT
  8
3
 10
-987.565231
 20
-1501.195679
  0
POINT
  8
3
 10
-987.877350
 20
-1511.011047
  0
POINT
  8
3
 10
-988.162689
 20
-1521.049042
  0
POINT
  8
3
 10
-988.410492
 20
-1531.143188
  0
POINT
  8
3
 10
-1004.794083
 20
-1537.405090
  0
POINT
  8
3
 10
-1014.666290
 20
-1536.967316
  0
POINT
  8
3
 10
-1024.811859
 20
-1536.558228
  0
POINT
  8
3
 10
-1034.775391
 20
-1536.193085
  0
POINT
  8
3
 10
-1045.118179
 20
-1535.851746
  0
POINT
  8
3
 10
-1055.474014
 20
-1535.549164
  0
POINT
  8
3
 10
-1065.556107
 20
-1535.294037
  0
POINT
  8
3
 10
-1076.030579
 20
-1535.072632
  0
POINT
  8
3
 10
-1085.885315
 20
-1534.908295
  0
POINT
  8
3
 10
-1095.896683
 20
-1534.788971
  0
POINT
  8
3
 10
-1105.980682
 20
-1534.722443
  0
POINT
  8
3
 10
-1122.030334
 20
-1534.709778
  0
POINT
  8
3
 10
-1132.127304
 20
-1534.736176
  0
POINT
  8
3
 10
-1142.198563
 20
-1534.819183
  0
POINT
  8
3
 10
-1152.172089
 20
-1534.952698
  0
POINT
  8
3
 10
-1162.842636
 20
-1535.146790
  0
POINT
  8
3
 10
-1173.189850
 20
-1535.381317
  0
POINT
  8
3
 10
-1183.910294
 20
-1535.669250
  0
POINT
  8
3
 10
-1193.990479
 20
-1535.979156
  0
POINT
  8
3
 10
-1204.649734
 20
-1536.346893
  0
POINT
  8
3
 10
-1215.222397
 20
-1536.751862
  0
POINT
  8
3
 10
-1225.218887
 20
-1537.173615
  0
POINT
  8
3
 10
-1246.648026
 20
-1528.961334
  0
POINT
  8
3
 10
-1246.983337
 20
-1518.738251
  0
POINT
  8
3
 10
-1247.310181
 20
-1508.584442
  0
POINT
  8
3
 10
-1247.545319
 20
-1501.179352
  0
POINT
  8
3
 10
-1247.868195
 20
-1493.587646
  0
POINT
  8
3
 10
-1248.296814
 20
-1483.437805
  0
POINT
  8
3
 10
-1248.722076
 20
-1473.217926
  0
POINT
  8
3
 10
-1249.141846
 20
-1462.998962
  0
POINT
  8
3
 10
-1249.560471
 20
-1452.691650
  0
POINT
  8
3
 10
-1249.971848
 20
-1442.473907
  0
POINT
  8
3
 10
-1250.380249
 20
-1432.256927
  0
POINT
  8
3
 10
-1250.789948
 20
-1421.954498
  0
POINT
  8
3
 10
-1251.194763
 20
-1411.738739
  0
POINT
  8
3
 10
-1251.490479
 20
-1404.267120
  0
POINT
  8
3
 10
-1251.599045
 20
-1401.523895
  0
POINT
  8
3
 10
-1252.007065
 20
-1391.222382
  0
POINT
  8
3
 10
-1252.412643
 20
-1381.009216
  0
POINT
  8
3
 10
-1252.820129
 20
-1370.796814
  0
POINT
  8
3
 10
-1253.234100
 20
-1360.492096
  0
POINT
  8
3
 10
-1253.647842
 20
-1350.281525
  0
POINT
  8
3
 10
-1254.065857
 20
-1340.072021
  0
POINT
  8
3
 10
-1254.488907
 20
-1329.863434
  0
POINT
  8
3
 10
-1254.922180
 20
-1319.552460
  0
POINT
  8
3
 10
-1255.357971
 20
-1309.346161
  0
POINT
  8
3
 10
-1255.801392
 20
-1299.141083
  0
POINT
  8
3
 10
-1256.243591
 20
-1289.159088
  0
POINT
  8
3
 10
-1256.704559
 20
-1278.955688
  0
POINT
  8
3
 10
-1257.174683
 20
-1268.752899
  0
POINT
  8
3
 10
-1257.644806
 20
-1258.753738
  0
POINT
  8
3
 10
-1258.135681
 20
-1248.555679
  0
POINT
  8
3
 10
-1258.641205
 20
-1238.361359
  0
POINT
  8
3
 10
-1259.160919
 20
-1228.226700
  0
POINT
  8
3
 10
-1259.696426
 20
-1218.024292
  0
POINT
  8
3
 10
-1260.233078
 20
-1207.810440
  0
POINT
  8
3
 10
-1260.749512
 20
-1197.774658
  0
POINT
  8
3
 10
-1261.252060
 20
-1187.533417
  0
POINT
  8
3
 10
-1261.715698
 20
-1177.275085
  0
POINT
  8
3
 10
-1262.122650
 20
-1167.066116
  0
POINT
  8
3
 10
-1262.371750
 20
-1159.441299
  0
POINT
  8
3
 10
-1262.448120
 20
-1157.103195
  0
POINT
  8
3
 10
-1262.651367
 20
-1148.489914
  0
POINT
  8
3
 10
-1262.758331
 20
-1140.546570
  0
POINT
  8
3
 10
-1262.776184
 20
-1133.278351
  0
POINT
  8
3
 10
-1262.708740
 20
-1125.877228
  0
POINT
  8
3
 10
-1262.540970
 20
-1117.371368
  0
POINT
  8
3
 10
-1262.266617
 20
-1108.068466
  0
POINT
  8
3
 10
-1261.932755
 20
-1099.371109
  0
POINT
  8
4
 10
-1109.554977
 20
-960.564423
 30
0.400000
 50
270.00
  0
TEXT
  8
4
 10
-1109.554977
 20
-960.564423
 40
0.000000
 50
0.000000
  1
# 1012
  0
POINT
  8
4
 10
-987.565231
 20
-1501.195679
 30
0.400000
 50
177.22
  0
TEXT
  8
4
 10
-987.565231
 20
-1501.195679
 40
0.000000
 50
0.000000
  1
# 1013
  0
POINT
  8
4
 10
-1247.545319
 20
-1501.179352
 30
0.400000
 50
  2.69
  0
TEXT
  8
4
 10
-1247.545319
 20
-1501.179352
 40
0.000000
 50
0.000000
  1
# 1014
  0
POINT
  8
4
 10
-1251.490479
 20
-1404.267120
 30
0.400000
 50
  2.27
  0
TEXT
  8
4
 10
-1251.490479
 20
-1404.267120
 40
0.000000
 50
0.000000
  1
# 1015
  0
POINT
  8
4
 10
-1262.371750
 20
-1159.441299
 30
0.400000
 50
  1.87
  0
TEXT
  8
4
 10
-1262.371750
 20
-1159.441299
 40
0.000000
 50
0.000000
  1
# 1016
  0
POLYLINE
  8
14
  66
1
  70
1
  0
VERTEX
  8
14
  10
-1152.866974
  20
-966.299973
  0
VERTEX
  8
14
  10
-1147.128720
  20
-967.067054
  0
VERTEX
  8
14
  10
-1140.563144
  20
-967.867198
  0
VERTEX
  8
14
  10
-1133.987459
  20
-968.584318
  0
VERTEX
  8
14
  10
-1127.073780
  20
-969.252848
  0
VERTEX
  8
14
  10
-1119.822680
  20
-969.865999
  0
VERTEX
  8
14
  10
-1112.235197
  20
-970.417984
  0
VERTEX
  8
14
  10
-1109.554977
  20
-970.568542
  0
VERTEX
  8
14
  10
-1104.848520
  20
-970.873672
  0
VERTEX
  8
14
  10
-1096.921835
  20
-971.278248
  0
VERTEX
  8
14
  10
-1088.660940
  20
-971.612209
  0
VERTEX
  8
14
  10
-1080.396770
  20
-971.862371
  0
VERTEX
  8
14
  10
-1071.930733
  20
-972.036311
  0
VERTEX
  8
14
  10
-1063.662746
  20
-972.123130
  0
VERTEX
  8
14
  10
-1055.725371
  20
-972.124228
  0
VERTEX
  8
14
  10
-1048.119635
  20
-972.045174
  0
VERTEX
  8
14
  10
-1040.536904
  20
-971.884295
  0
VERTEX
  8
14
  10
-1031.863311
  20
-971.609025
  0
VERTEX
  8
14
  10
-1022.245874
  20
-971.214666
  0
VERTEX
  8
14
  10
-1012.221680
  20
-970.712814
  0
VERTEX
  8
14
  10
-1007.232742
  20
-970.380249
  0
VERTEX
  8
14
  10
-998.098221
  20
-1107.397842
  0
VERTEX
  8
14
  10
-1002.555008
  20
-1115.712738
  0
VERTEX
  8
14
  10
-1001.876306
  20
-1125.891738
  0
VERTEX
  8
14
  10
-1001.328829
  20
-1133.536885
  0
VERTEX
  8
14
  10
-1000.868743
  20
-1138.869483
  0
VERTEX
  8
14
  10
-1000.395299
  20
-1143.405342
  0
VERTEX
  8
14
  10
-999.909041
  20
-1147.307595
  0
VERTEX
  8
14
  10
-999.368820
  20
-1150.985470
  0
VERTEX
  8
14
  10
-998.778183
  20
-1154.424286
  0
VERTEX
  8
14
  10
-998.143505
  20
-1157.614928
  0
VERTEX
  8
14
  10
-997.473444
  20
-1160.552985
  0
VERTEX
  8
14
  10
-996.778413
  20
-1163.237966
  0
VERTEX
  8
14
  10
-996.008062
  20
-1165.873299
  0
VERTEX
  8
14
  10
-995.225738
  20
-1168.255092
  0
VERTEX
  8
14
  10
-994.370943
  20
-1170.581769
  0
VERTEX
  8
14
  10
-993.520318
  20
-1172.660881
  0
VERTEX
  8
14
  10
-992.602389
  20
-1174.683770
  0
VERTEX
  8
14
  10
-991.614088
  20
-1176.645698
  0
VERTEX
  8
14
  10
-990.651989
  20
-1178.372379
  0
VERTEX
  8
14
  10
-989.626895
  20
-1180.041201
  0
VERTEX
  8
14
  10
-988.536505
  20
-1181.648604
  0
VERTEX
  8
14
  10
-987.378514
  20
-1183.191026
  0
VERTEX
  8
14
  10
-986.150616
  20
-1184.664910
  0
VERTEX
  8
14
  10
-984.983841
  20
-1185.929857
  0
VERTEX
  8
14
  10
-983.756900
  20
-1187.133806
  0
VERTEX
  8
14
  10
-982.468110
  20
-1188.274164
  0
VERTEX
  8
14
  10
-981.115799
  20
-1189.348329
  0
VERTEX
  8
14
  10
-979.698285
  20
-1190.353710
  0
VERTEX
  8
14
  10
-978.363128
  20
-1191.198947
  0
VERTEX
  8
14
  10
-976.643611
  20
-1192.158494
  0
VERTEX
  8
14
  10
-975.035331
  20
-1192.943328
  0
VERTEX
  8
14
  10
-973.380041
  20
-1193.652686
  0
VERTEX
  8
14
  10
-971.687879
  20
-1194.285731
  0
VERTEX
  8
14
  10
-969.776757
  20
-1194.898608
  0
VERTEX
  8
14
  10
-967.854247
  20
-1195.413263
  0
VERTEX
  8
14
  10
-966.554947
  20
-1195.712738
  0
VERTEX
  8
14
  10
-968.420877
  20
-1207.229653
  0
VERTEX
  8
14
  10
-970.081443
  20
-1217.685369
  0
VERTEX
  8
14
  10
-971.755006
  20
-1228.503746
  0
VERTEX
  8
14
  10
-973.258953
  20
-1238.527412
  0
VERTEX
  8
14
  10
-974.719270
  20
-1248.558314
  0
VERTEX
  8
14
  10
-976.136133
  20
-1258.596194
  0
VERTEX
  8
14
  10
-977.509714
  20
-1268.640775
  0
VERTEX
  8
14
  10
-978.840191
  20
-1278.691803
  0
VERTEX
  8
14
  10
-980.127735
  20
-1288.748992
  0
VERTEX
  8
14
  10
-981.372521
  20
-1298.812084
  0
VERTEX
  8
14
  10
-982.574724
  20
-1308.880810
  0
VERTEX
  8
14
  10
-983.734520
  20
-1318.954913
  0
VERTEX
  8
14
  10
-984.852081
  20
-1329.034106
  0
VERTEX
  8
14
  10
-985.927581
  20
-1339.118130
  0
VERTEX
  8
14
  10
-986.961197
  20
-1349.206728
  0
VERTEX
  8
14
  10
-987.953100
  20
-1359.299603
  0
VERTEX
  8
14
  10
-988.903469
  20
-1369.396525
  0
VERTEX
  8
14
  10
-989.812475
  20
-1379.497207
  0
VERTEX
  8
14
  10
-990.680291
  20
-1389.601364
  0
VERTEX
  8
14
  10
-991.507095
  20
-1399.708764
  0
VERTEX
  8
14
  10
-992.293061
  20
-1409.819123
  0
VERTEX
  8
14
  10
-993.038360
  20
-1419.932151
  0
VERTEX
  8
14
  10
-993.743170
  20
-1430.047621
  0
VERTEX
  8
14
  10
-994.407664
  20
-1440.165245
  0
VERTEX
  8
14
  10
-995.032015
  20
-1450.284736
  0
VERTEX
  8
14
  10
-995.616400
  20
-1460.405866
  0
VERTEX
  8
14
  10
-996.160992
  20
-1470.528327
  0
VERTEX
  8
14
  10
-996.665965
  20
-1480.651890
  0
VERTEX
  8
14
  10
-997.129100
  20
-1490.721884
  0
VERTEX
  8
14
  10
-997.554932
  20
-1500.712738
  0
VERTEX
  8
14
  10
-997.554932
  20
-1500.712738
  0
VERTEX
  8
14
  10
-1003.069115
  20
-1500.445326
  0
VERTEX
  8
14
  10
-1013.104281
  20
-1500.000237
  0
VERTEX
  8
14
  10
-1023.390651
  20
-1499.585490
  0
VERTEX
  8
14
  10
-1033.486276
  20
-1499.215525
  0
VERTEX
  8
14
  10
-1043.966842
  20
-1498.869635
  0
VERTEX
  8
14
  10
-1054.465336
  20
-1498.562910
  0
VERTEX
  8
14
  10
-1064.693862
  20
-1498.304017
  0
VERTEX
  8
14
  10
-1075.331433
  20
-1498.079212
  0
VERTEX
  8
14
  10
-1085.352897
  20
-1497.912077
  0
VERTEX
  8
14
  10
-1095.550301
  20
-1497.790540
  0
VERTEX
  8
14
  10
-1105.843404
  20
-1497.722709
  0
VERTEX
  8
14
  10
-1117.555008
  20
-1497.712708
  0
VERTEX
  8
14
  10
-1122.037168
  20
-1497.709840
  0
VERTEX
  8
14
  10
-1132.329385
  20
-1497.736770
  0
VERTEX
  8
14
  10
-1142.602431
  20
-1497.821400
  0
VERTEX
  8
14
  10
-1152.755954
  20
-1497.957329
  0
VERTEX
  8
14
  10
-1163.601907
  20
-1498.154591
  0
VERTEX
  8
14
  10
-1174.105946
  20
-1498.392725
  0
VERTEX
  8
14
  10
-1184.978665
  20
-1498.684616
  0
VERTEX
  8
14
  10
-1195.195407
  20
-1498.998735
  0
VERTEX
  8
14
  10
-1205.995816
  20
-1499.371315
  0
VERTEX
  8
14
  10
-1216.710459
  20
-1499.781844
  0
VERTEX
  8
14
  10
-1226.853724
  20
-1500.209794
  0
VERTEX
  8
14
  10
-1237.555084
  20
-1500.712738
  0
VERTEX
  8
14
  10
-1237.555084
  20
-1500.712738
  0
VERTEX
  8
14
  10
-1237.877181
  20
-1493.163038
  0
VERTEX
  8
14
  10
-1238.305582
  20
-1483.018977
  0
VERTEX
  8
14
  10
-1238.730626
  20
-1472.805072
  0
VERTEX
  8
14
  10
-1239.150133
  20
-1462.590937
  0
VERTEX
  8
14
  10
-1239.568661
  20
-1452.287695
  0
VERTEX
  8
14
  10
-1239.979879
  20
-1442.073232
  0
VERTEX
  8
14
  10
-1240.388195
  20
-1431.858652
  0
VERTEX
  8
14
  10
-1240.797788
  20
-1421.557911
  0
VERTEX
  8
14
  10
-1241.202600
  20
-1411.343177
  0
VERTEX
  8
14
  10
-1241.498337
  20
-1403.871613
  0
VERTEX
  8
14
  10
-1241.606875
  20
-1401.128443
  0
VERTEX
  8
14
  10
-1242.014900
  20
-1390.826216
  0
VERTEX
  8
14
  10
-1242.420565
  20
-1380.611549
  0
VERTEX
  8
14
  10
-1242.828150
  20
-1370.396967
  0
VERTEX
  8
14
  10
-1243.242235
  20
-1360.089052
  0
VERTEX
  8
14
  10
-1243.656126
  20
-1349.874712
  0
VERTEX
  8
14
  10
-1244.074334
  20
-1339.660537
  0
VERTEX
  8
14
  10
-1244.497622
  20
-1329.446563
  0
VERTEX
  8
14
  10
-1244.931166
  20
-1319.129353
  0
VERTEX
  8
14
  10
-1245.367203
  20
-1308.915906
  0
VERTEX
  8
14
  10
-1245.811021
  20
-1298.702791
  0
VERTEX
  8
14
  10
-1246.253573
  20
-1288.712228
  0
VERTEX
  8
14
  10
-1246.714925
  20
-1278.499885
  0
VERTEX
  8
14
  10
-1247.185509
  20
-1268.287970
  0
VERTEX
  8
14
  10
-1247.656043
  20
-1258.279070
  0
VERTEX
  8
14
  10
-1248.147602
  20
-1248.068156
  0
VERTEX
  8
14
  10
-1248.653863
  20
-1237.857932
  0
VERTEX
  8
14
  10
-1249.174458
  20
-1227.706716
  0
VERTEX
  8
14
  10
-1249.710272
  20
-1217.497945
  0
VERTEX
  8
14
  10
-1250.246695
  20
-1207.289311
  0
VERTEX
  8
14
  10
-1250.762206
  20
-1197.270189
  0
VERTEX
  8
14
  10
-1251.263231
  20
-1187.060074
  0
VERTEX
  8
14
  10
-1251.724849
  20
-1176.847714
  0
VERTEX
  8
14
  10
-1252.129389
  20
-1166.699804
  0
VERTEX
  8
14
  10
-1252.384872
  20
-1159.115067
  0
VERTEX
  8
14
  10
-1252.452112
  20
-1156.821235
  0
VERTEX
  8
14
  10
-1252.653139
  20
-1148.303536
  0
VERTEX
  8
14
  10
-1252.758647
  20
-1140.466701
  0
VERTEX
  8
14
  10
-1252.776256
  20
-1133.311490
  0
VERTEX
  8
14
  10
-1252.709801
  20
-1126.021835
  0
VERTEX
  8
14
  10
-1252.543985
  20
-1117.617769
  0
VERTEX
  8
14
  10
-1252.272436
  20
-1108.410233
  0
VERTEX
  8
14
  10
-1251.902695
  20
-1099.131241
  0
VERTEX
  8
14
  10
-1209.407272
  20
-1084.342651
  0
SEQEND
  8
14
  0
POINT
  8
2
 10
-1152.866974
 20
-966.299973
  0
TEXT
  8
2
 10
-1152.866974
 20
-966.299973
 40
0.000000
 50
0.000000
  1
# 1017
  0
POINT
  8
2
 10
-1012.221680
 20
-970.712814
  0
TEXT
  8
2
 10
-1012.221680
 20
-970.712814
 40
0.000000
 50
0.000000
  1
# 1018
  0
POINT
  8
2
 10
-1007.232742
 20
-970.380249
  0
TEXT
  8
2
 10
-1007.232742
 20
-970.380249
 40
0.000000
 50
0.000000
  1
# 1019
  0
POINT
  8
2
 10
-998.098221
 20
-1107.397842
  0
TEXT
  8
2
 10
-998.098221
 20
-1107.397842
 40
0.000000
 50
0.000000
  1
# 1020
  0
POINT
  8
2
 10
-1002.555008
 20
-1115.712738
  0
TEXT
  8
2
 10
-1002.555008
 20
-1115.712738
 40
0.000000
 50
0.000000
  1
# 1021
  0
POINT
  8
2
 10
-966.554947
 20
-1195.712738
  0
TEXT
  8
2
 10
-966.554947
 20
-1195.712738
 40
0.000000
 50
0.000000
  1
# 1022
  0
POINT
  8
2
 10
-997.554932
 20
-1500.712738
  0
TEXT
  8
2
 10
-997.554932
 20
-1500.712738
 40
0.000000
 50
0.000000
  1
# 1023
  0
POINT
  8
2
 10
-1117.555008
 20
-1497.712708
  0
TEXT
  8
2
 10
-1117.555008
 20
-1497.712708
 40
0.000000
 50
0.000000
  1
# 1024
  0
POINT
  8
2
 10
-1237.555084
 20
-1500.712738
  0
TEXT
  8
2
 10
-1237.555084
 20
-1500.712738
 40
0.000000
 50
0.000000
  1
# 1025
  0
POINT
  8
2
 10
-1251.902695
 20
-1099.131241
  0
TEXT
  8
2
 10
-1251.902695
 20
-1099.131241
 40
0.000000
 50
0.000000
  1
# 1026
  0
POINT
  8
2
 10
-1209.407272
 20
-1084.342651
  0
TEXT
  8
2
 10
-1209.407272
 20
-1084.342651
 40
0.000000
 50
0.000000
  1
# 1027
  0
POINT
  8
3
 10
-1147.128720
 20
-967.067054
  0
POINT
  8
3
 10
-1140.563144
 20
-967.867198
  0
POINT
  8
3
 10
-1133.987459
 20
-968.584318
  0
POINT
  8
3
 10
-1127.073780
 20
-969.252848
  0
POINT
  8
3
 10
-1119.822680
 20
-969.865999
  0
POINT
  8
3
 10
-1112.235197
 20
-970.417984
  0
POINT
  8
3
 10
-1109.554977
 20
-970.568542
  0
POINT
  8
3
 10
-1104.848520
 20
-970.873672
  0
POINT
  8
3
 10
-1096.921835
 20
-971.278248
  0
POINT
  8
3
 10
-1088.660940
 20
-971.612209
  0
POINT
  8
3
 10
-1080.396770
 20
-971.862371
  0
POINT
  8
3
 10
-1071.930733
 20
-972.036311
  0
POINT
  8
3
 10
-1063.662746
 20
-972.123130
  0
POINT
  8
3
 10
-1055.725371
 20
-972.124228
  0
POINT
  8
3
 10
-1048.119635
 20
-972.045174
  0
POINT
  8
3
 10
-1040.536904
 20
-971.884295
  0
POINT
  8
3
 10
-1031.863311
 20
-971.609025
  0
POINT
  8
3
 10
-1022.245874
 20
-971.214666
  0
POINT
  8
3
 10
-1001.876306
 20
-1125.891738
  0
POINT
  8
3
 10
-1001.328829
 20
-1133.536885
  0
POINT
  8
3
 10
-1000.868743
 20
-1138.869483
  0
POINT
  8
3
 10
-1000.395299
 20
-1143.405342
  0
POINT
  8
3
 10
-999.909041
 20
-1147.307595
  0
POINT
  8
3
 10
-999.368820
 20
-1150.985470
  0
POINT
  8
3
 10
-998.778183
 20
-1154.424286
  0
POINT
  8
3
 10
-998.143505
 20
-1157.614928
  0
POINT
  8
3
 10
-997.473444
 20
-1160.552985
  0
POINT
  8
3
 10
-996.778413
 20
-1163.237966
  0
POINT
  8
3
 10
-996.008062
 20
-1165.873299
  0
POINT
  8
3
 10
-995.225738
 20
-1168.255092
  0
POINT
  8
3
 10
-994.370943
 20
-1170.581769
  0
POINT
  8
3
 10
-993.520318
 20
-1172.660881
  0
POINT
  8
3
 10
-992.602389
 20
-1174.683770
  0
POINT
  8
3
 10
-991.614088
 20
-1176.645698
  0
POINT
  8
3
 10
-990.651989
 20
-1178.372379
  0
POINT
  8
3
 10
-989.626895
 20
-1180.041201
  0
POINT
  8
3
 10
-988.536505
 20
-1181.648604
  0
POINT
  8
3
 10
-987.378514
 20
-1183.191026
  0
POINT
  8
3
 10
-986.150616
 20
-1184.664910
  0
POINT
  8
3
 10
-984.983841
 20
-1185.929857
  0
POINT
  8
3
 10
-983.756900
 20
-1187.133806
  0
POINT
  8
3
 10
-982.468110
 20
-1188.274164
  0
POINT
  8
3
 10
-981.115799
 20
-1189.348329
  0
POINT
  8
3
 10
-979.698285
 20
-1190.353710
  0
POINT
  8
3
 10
-978.363128
 20
-1191.198947
  0
POINT
  8
3
 10
-976.643611
 20
-1192.158494
  0
POINT
  8
3
 10
-975.035331
 20
-1192.943328
  0
POINT
  8
3
 10
-973.380041
 20
-1193.652686
  0
POINT
  8
3
 10
-971.687879
 20
-1194.285731
  0
POINT
  8
3
 10
-969.776757
 20
-1194.898608
  0
POINT
  8
3
 10
-967.854247
 20
-1195.413263
  0
POINT
  8
3
 10
-968.420877
 20
-1207.229653
  0
POINT
  8
3
 10
-970.081443
 20
-1217.685369
  0
POINT
  8
3
 10
-971.755006
 20
-1228.503746
  0
POINT
  8
3
 10
-973.258953
 20
-1238.527412
  0
POINT
  8
3
 10
-974.719270
 20
-1248.558314
  0
POINT
  8
3
 10
-976.136133
 20
-1258.596194
  0
POINT
  8
3
 10
-977.509714
 20
-1268.640775
  0
POINT
  8
3
 10
-978.840191
 20
-1278.691803
  0
POINT
  8
3
 10
-980.127735
 20
-1288.748992
  0
POINT
  8
3
 10
-981.372521
 20
-1298.812084
  0
POINT
  8
3
 10
-982.574724
 20
-1308.880810
  0
POINT
  8
3
 10
-983.734520
 20
-1318.954913
  0
POINT
  8
3
 10
-984.852081
 20
-1329.034106
  0
POINT
  8
3
 10
-985.927581
 20
-1339.118130
  0
POINT
  8
3
 10
-986.961197
 20
-1349.206728
  0
POINT
  8
3
 10
-987.953100
 20
-1359.299603
  0
POINT
  8
3
 10
-988.903469
 20
-1369.396525
  0
POINT
  8
3
 10
-989.812475
 20
-1379.497207
  0
POINT
  8
3
 10
-990.680291
 20
-1389.601364
  0
POINT
  8
3
 10
-991.507095
 20
-1399.708764
  0
POINT
  8
3
 10
-992.293061
 20
-1409.819123
  0
POINT
  8
3
 10
-993.038360
 20
-1419.932151
  0
POINT
  8
3
 10
-993.743170
 20
-1430.047621
  0
POINT
  8
3
 10
-994.407664
 20
-1440.165245
  0
POINT
  8
3
 10
-995.032015
 20
-1450.284736
  0
POINT
  8
3
 10
-995.616400
 20
-1460.405866
  0
POINT
  8
3
 10
-996.160992
 20
-1470.528327
  0
POINT
  8
3
 10
-996.665965
 20
-1480.651890
  0
POINT
  8
3
 10
-997.129100
 20
-1490.721884
  0
POINT
  8
3
 10
-997.554932
 20
-1500.712738
  0
POINT
  8
3
 10
-1003.069115
 20
-1500.445326
  0
POINT
  8
3
 10
-1013.104281
 20
-1500.000237
  0
POINT
  8
3
 10
-1023.390651
 20
-1499.585490
  0
POINT
  8
3
 10
-1033.486276
 20
-1499.215525
  0
POINT
  8
3
 10
-1043.966842
 20
-1498.869635
  0
POINT
  8
3
 10
-1054.465336
 20
-1498.562910
  0
POINT
  8
3
 10
-1064.693862
 20
-1498.304017
  0
POINT
  8
3
 10
-1075.331433
 20
-1498.079212
  0
POINT
  8
3
 10
-1085.352897
 20
-1497.912077
  0
POINT
  8
3
 10
-1095.550301
 20
-1497.790540
  0
POINT
  8
3
 10
-1105.843404
 20
-1497.722709
  0
POINT
  8
3
 10
-1122.037168
 20
-1497.709840
  0
POINT
  8
3
 10
-1132.329385
 20
-1497.736770
  0
POINT
  8
3
 10
-1142.602431
 20
-1497.821400
  0
POINT
  8
3
 10
-1152.755954
 20
-1497.957329
  0
POINT
  8
3
 10
-1163.601907
 20
-1498.154591
  0
POINT
  8
3
 10
-1174.105946
 20
-1498.392725
  0
POINT
  8
3
 10
-1184.978665
 20
-1498.684616
  0
POINT
  8
3
 10
-1195.195407
 20
-1498.998735
  0
POINT
  8
3
 10
-1205.995816
 20
-1499.371315
  0
POINT
  8
3
 10
-1216.710459
 20
-1499.781844
  0
POINT
  8
3
 10
-1226.853724
 20
-1500.209794
  0
POINT
  8
3
 10
-1237.555084
 20
-1500.712738
  0
POINT
  8
3
 10
-1237.877181
 20
-1493.163038
  0
POINT
  8
3
 10
-1238.305582
 20
-1483.018977
  0
POINT
  8
3
 10
-1238.730626
 20
-1472.805072
  0
POINT
  8
3
 10
-1239.150133
 20
-1462.590937
  0
POINT
  8
3
 10
-1239.568661
 20
-1452.287695
  0
POINT
  8
3
 10
-1239.979879
 20
-1442.073232
  0
POINT
  8
3
 10
-1240.388195
 20
-1431.858652
  0
POINT
  8
3
 10
-1240.797788
 20
-1421.557911
  0
POINT
  8
3
 10
-1241.202600
 20
-1411.343177
  0
POINT
  8
3
 10
-1241.498337
 20
-1403.871613
  0
POINT
  8
3
 10
-1241.606875
 20
-1401.128443
  0
POINT
  8
3
 10
-1242.014900
 20
-1390.826216
  0
POINT
  8
3
 10
-1242.420565
 20
-1380.611549
  0
POINT
  8
3
 10
-1242.828150
 20
-1370.396967
  0
POINT
  8
3
 10
-1243.242235
 20
-1360.089052
  0
POINT
  8
3
 10
-1243.656126
 20
-1349.874712
  0
POINT
  8
3
 10
-1244.074334
 20
-1339.660537
  0
POINT
  8
3
 10
-1244.497622
 20
-1329.446563
  0
POINT
  8
3
 10
-1244.931166
 20
-1319.129353
  0
POINT
  8
3
 10
-1245.367203
 20
-1308.915906
  0
POINT
  8
3
 10
-1245.811021
 20
-1298.702791
  0
POINT
  8
3
 10
-1246.253573
 20
-1288.712228
  0
POINT
  8
3
 10
-1246.714925
 20
-1278.499885
  0
POINT
  8
3
 10
-1247.185509
 20
-1268.287970
  0
POINT
  8
3
 10
-1247.656043
 20
-1258.279070
  0
POINT
  8
3
 10
-1248.147602
 20
-1248.068156
  0
POINT
  8
3
 10
-1248.653863
 20
-1237.857932
  0
POINT
  8
3
 10
-1249.174458
 20
-1227.706716
  0
POINT
  8
3
 10
-1249.710272
 20
-1217.497945
  0
POINT
  8
3
 10
-1250.246695
 20
-1207.289311
  0
POINT
  8
3
 10
-1250.762206
 20
-1197.270189
  0
POINT
  8
3
 10
-1251.263231
 20
-1187.060074
  0
POINT
  8
3
 10
-1251.724849
 20
-1176.847714
  0
POINT
  8
3
 10
-1252.129389
 20
-1166.699804
  0
POINT
  8
3
 10
-1252.384872
 20
-1159.115067
  0
POINT
  8
3
 10
-1252.452112
 20
-1156.821235
  0
POINT
  8
3
 10
-1252.653139
 20
-1148.303536
  0
POINT
  8
3
 10
-1252.758647
 20
-1140.466701
  0
POINT
  8
3
 10
-1252.776256
 20
-1133.311490
  0
POINT
  8
3
 10
-1252.709801
 20
-1126.021835
  0
POINT
  8
3
 10
-1252.543985
 20
-1117.617769
  0
POINT
  8
3
 10
-1252.272436
 20
-1108.410233
  0
POINT
  8
4
 10
-1109.554977
 20
-970.568542
 30
0.400000
 50
270.00
  0
TEXT
  8
4
 10
-1109.554977
 20
-970.568542
 40
0.000000
 50
0.000000
  1
# 1028
  0
POINT
  8
4
 10
-997.554932
 20
-1500.712738
 30
0.400000
 50
177.22
  0
TEXT
  8
4
 10
-997.554932
 20
-1500.712738
 40
0.000000
 50
0.000000
  1
# 1029
  0
POINT
  8
4
 10
-1237.555084
 20
-1500.712738
 30
0.400000
 50
  2.69
  0
TEXT
  8
4
 10
-1237.555084
 20
-1500.712738
 40
0.000000
 50
0.000000
  1
# 1030
  0
POINT
  8
4
 10
-1241.498337
 20
-1403.871613
 30
0.400000
 50
  2.27
  0
TEXT
  8
4
 10
-1241.498337
 20
-1403.871613
 40
0.000000
 50
0.000000
  1
# 1031
  0
POINT
  8
4
 10
-1252.384872
 20
-1159.115067
 30
0.400000
 50
  1.74
  0
TEXT
  8
4
 10
-1252.384872
 20
-1159.115067
 40
0.000000
 50
0.000000
  1
# 1032
  0
POLYLINE
  8
8
  66
1
  70
0
  0
VERTEX
  8
8
  10
-1249.555130
  20
-1220.712738
  0
VERTEX
  8
8
  10
-970.554962
  20
-1220.712738
  0
SEQEND
  8
8
  0
POINT
  8
2
 10
-1249.555130
 20
-1220.712738
  0
TEXT
  8
2
 10
-1249.555130
 20
-1220.712738
 40
0.000000
 50
0.000000
  1
# 1033
  0
POINT
  8
2
 10
-970.554962
 20
-1220.712738
  0
TEXT
  8
2
 10
-970.554962
 20
-1220.712738
 40
0.000000
 50
0.000000
  1
# 1034
  0
POLYLINE
  8
8
  66
1
  70
0
  0
VERTEX
  8
8
  10
-1109.554977
  20
-1195.712738
  0
VERTEX
  8
8
  10
-1109.554977
  20
-1220.712738
  0
SEQEND
  8
8
  0
POINT
  8
2
 10
-1109.554977
 20
-1195.712738
  0
TEXT
  8
2
 10
-1109.554977
 20
-1195.712738
 40
0.000000
 50
0.000000
  1
# 1035
  0
POINT
  8
2
 10
-1109.554977
 20
-1220.712738
  0
TEXT
  8
2
 10
-1109.554977
 20
-1220.712738
 40
0.000000
 50
0.000000
  1
# 1036
  0
POLYLINE
  8
8
  66
1
  70
0
  0
VERTEX
  8
8
  10
-1117.555008
  20
-1220.712738
  0
VERTEX
  8
8
  10
-1117.555008
  20
-1497.712708
  0
SEQEND
  8
8
  0
POINT
  8
2
 10
-1117.555008
 20
-1220.712738
  0
TEXT
  8
2
 10
-1117.555008
 20
-1220.712738
 40
0.000000
 50
0.000000
  1
# 1037
  0
POINT
  8
2
 10
-1117.555008
 20
-1497.712708
  0
TEXT
  8
2
 10
-1117.555008
 20
-1497.712708
 40
0.000000
 50
0.000000
  1
# 1038
  0
POLYLINE
  8
8
  66
1
  70
0
  0
VERTEX
  8
8
  10
-1002.555008
  20
-1115.712738
  0
VERTEX
  8
8
  10
-1012.221680
  20
-970.712814
  0
SEQEND
  8
8
  0
POINT
  8
2
 10
-1002.555008
 20
-1115.712738
  0
TEXT
  8
2
 10
-1002.555008
 20
-1115.712738
 40
0.000000
 50
0.000000
  1
# 1039
  0
POINT
  8
2
 10
-1012.221680
 20
-970.712814
  0
TEXT
  8
2
 10
-1012.221680
 20
-970.712814
 40
0.000000
 50
0.000000
  1
# 1040
  0
POLYLINE
  8
8
  66
1
  70
0
  0
VERTEX
  8
8
  10
-1160.632324
  20
-1365.245209
  0
VERTEX
  8
8
  10
-1241.497650
  20
-1403.872223
  0
SEQEND
  8
8
  0
POINT
  8
2
 10
-1160.632324
 20
-1365.245209
  0
TEXT
  8
2
 10
-1160.632324
 20
-1365.245209
 40
0.000000
 50
0.000000
  1
# 1041
  0
POINT
  8
2
 10
-1241.497650
 20
-1403.872223
  0
TEXT
  8
2
 10
-1241.497650
 20
-1403.872223
 40
0.000000
 50
0.000000
  1
# 1042
  0
POLYLINE
  8
8
  66
1
  70
0
  0
VERTEX
  8
8
  10
-1160.632324
  20
-1365.245209
  0
VERTEX
  8
8
  10
-1164.626617
  20
-1275.333939
  0
SEQEND
  8
8
  0
POINT
  8
2
 10
-1160.632324
 20
-1365.245209
  0
TEXT
  8
2
 10
-1160.632324
 20
-1365.245209
 40
0.000000
 50
0.000000
  1
# 1043
  0
POINT
  8
2
 10
-1164.626617
 20
-1275.333939
  0
TEXT
  8
2
 10
-1164.626617
 20
-1275.333939
 40
0.000000
 50
0.000000
  1
# 1044
  0
POLYLINE
  8
8
  66
1
  70
0
  0
VERTEX
  8
8
  10
-1149.641418
  20
-1274.668198
  0
VERTEX
  8
8
  10
-1154.301453
  20
-1169.771729
  0
SEQEND
  8
8
  0
POINT
  8
2
 10
-1149.641418
 20
-1274.668198
  0
TEXT
  8
2
 10
-1149.641418
 20
-1274.668198
 40
0.000000
 50
0.000000
  1
# 1045
  0
POINT
  8
2
 10
-1154.301453
 20
-1169.771729
  0
TEXT
  8
2
 10
-1154.301453
 20
-1169.771729
 40
0.000000
 50
0.000000
  1
# 1046
  0
POLYLINE
  8
8
  66
1
  70
0
  0
VERTEX
  8
8
  10
-1164.626617
  20
-1275.333939
  0
VERTEX
  8
8
  10
-1149.641418
  20
-1274.668198
  0
SEQEND
  8
8
  0
POINT
  8
2
 10
-1164.626617
 20
-1275.333939
  0
TEXT
  8
2
 10
-1164.626617
 20
-1275.333939
 40
0.000000
 50
0.000000
  1
# 1047
  0
POINT
  8
2
 10
-1149.641418
 20
-1274.668198
  0
TEXT
  8
2
 10
-1149.641418
 20
-1274.668198
 40
0.000000
 50
0.000000
  1
# 1048
  0
POLYLINE
  8
8
  66
1
  70
0
  0
VERTEX
  8
8
  10
-1164.626617
  20
-1275.333939
  0
VERTEX
  8
8
  10
-1167.511444
  20
-1210.398026
  0
SEQEND
  8
8
  0
POINT
  8
2
 10
-1164.626617
 20
-1275.333939
  0
TEXT
  8
2
 10
-1164.626617
 20
-1275.333939
 40
0.000000
 50
0.000000
  1
# 1049
  0
POINT
  8
2
 10
-1167.511444
 20
-1210.398026
  0
TEXT
  8
2
 10
-1167.511444
 20
-1210.398026
 40
0.000000
 50
0.000000
  1
# 1050
  0
POLYLINE
  8
8
  66
1
  70
0
  0
VERTEX
  8
8
  10
-1246.696854
  20
-1278.979950
  0
VERTEX
  8
8
  10
-1164.626617
  20
-1275.333939
  0
SEQEND
  8
8
  0
POINT
  8
2
 10
-1246.696854
 20
-1278.979950
  0
TEXT
  8
2
 10
-1246.696854
 20
-1278.979950
 40
0.000000
 50
0.000000
  1
# 1051
  0
POINT
  8
2
 10
-1164.626617
 20
-1275.333939
  0
TEXT
  8
2
 10
-1164.626617
 20
-1275.333939
 40
0.000000
 50
0.000000
  1
# 1052
  0
POLYLINE
  8
8
  66
1
  70
0
  0
VERTEX
  8
8
  10
-1162.961044
  20
-1245.230408
  0
VERTEX
  8
8
  10
-1177.280579
  20
-1260.881348
  0
SEQEND
  8
8
  0
POINT
  8
2
 10
-1162.961044
 20
-1245.230408
  0
TEXT
  8
2
 10
-1162.961044
 20
-1245.230408
 40
0.000000
 50
0.000000
  1
# 1053
  0
POINT
  8
2
 10
-1177.280579
 20
-1260.881348
  0
TEXT
  8
2
 10
-1177.280579
 20
-1260.881348
 40
0.000000
 50
0.000000
  1
# 1054
  0
POLYLINE
  8
8
  66
1
  70
0
  0
VERTEX
  8
8
  10
-1165.402069
  20
-1190.284576
  0
VERTEX
  8
8
  10
-1162.961044
  20
-1245.230408
  0
SEQEND
  8
8
  0
POINT
  8
2
 10
-1165.402069
 20
-1190.284576
  0
TEXT
  8
2
 10
-1165.402069
 20
-1190.284576
 40
0.000000
 50
0.000000
  1
# 1055
  0
POINT
  8
2
 10
-1162.961044
 20
-1245.230408
  0
TEXT
  8
2
 10
-1162.961044
 20
-1245.230408
 40
0.000000
 50
0.000000
  1
# 1056
  0
POLYLINE
  8
8
  66
1
  70
0
  0
VERTEX
  8
8
  10
-1177.280579
  20
-1260.881348
  0
VERTEX
  8
8
  10
-1247.391052
  20
-1263.995972
  0
SEQEND
  8
8
  0
POINT
  8
2
 10
-1177.280579
 20
-1260.881348
  0
TEXT
  8
2
 10
-1177.280579
 20
-1260.881348
 40
0.000000
 50
0.000000
  1
# 1057
  0
POINT
  8
2
 10
-1247.391052
 20
-1263.995972
  0
TEXT
  8
2
 10
-1247.391052
 20
-1263.995972
 40
0.000000
 50
0.000000
  1
# 1058
  0
POLYLINE
  8
8
  66
1
  70
0
  0
VERTEX
  8
8
  10
-1169.952393
  20
-1155.452271
  0
VERTEX
  8
8
  10
-1252.328186
  20
-1159.111786
  0
SEQEND
  8
8
  0
POINT
  8
2
 10
-1169.952393
 20
-1155.452271
  0
TEXT
  8
2
 10
-1169.952393
 20
-1155.452271
 40
0.000000
 50
0.000000
  1
# 1059
  0
POINT
  8
2
 10
-1252.328186
 20
-1159.111786
  0
TEXT
  8
2
 10
-1252.328186
 20
-1159.111786
 40
0.000000
 50
0.000000
  1
# 1060
  0
POLYLINE
  8
8
  66
1
  70
0
  0
VERTEX
  8
8
  10
-1154.301453
  20
-1169.771729
  0
VERTEX
  8
8
  10
-1169.952393
  20
-1155.452271
  0
SEQEND
  8
8
  0
POINT
  8
2
 10
-1154.301453
 20
-1169.771729
  0
TEXT
  8
2
 10
-1154.301453
 20
-1169.771729
 40
0.000000
 50
0.000000
  1
# 1061
  0
POINT
  8
2
 10
-1169.952393
 20
-1155.452271
  0
TEXT
  8
2
 10
-1169.952393
 20
-1155.452271
 40
0.000000
 50
0.000000
  1
# 1062
  0
POLYLINE
  8
8
  66
1
  70
0
  0
VERTEX
  8
8
  10
-1167.511444
  20
-1210.398026
  0
VERTEX
  8
8
  10
-1249.887466
  20
-1214.057617
  0
SEQEND
  8
8
  0
POINT
  8
2
 10
-1167.511444
 20
-1210.398026
  0
TEXT
  8
2
 10
-1167.511444
 20
-1210.398026
 40
0.000000
 50
0.000000
  1
# 1063
  0
POINT
  8
2
 10
-1249.887466
 20
-1214.057617
  0
TEXT
  8
2
 10
-1249.887466
 20
-1214.057617
 40
0.000000
 50
0.000000
  1
# 1064
  0
POLYLINE
  8
8
  66
1
  70
0
  0
VERTEX
  8
8
  10
-1165.402069
  20
-1190.284576
  0
VERTEX
  8
8
  10
-1250.919189
  20
-1194.083710
  0
SEQEND
  8
8
  0
POINT
  8
2
 10
-1165.402069
 20
-1190.284576
  0
TEXT
  8
2
 10
-1165.402069
 20
-1190.284576
 40
0.000000
 50
0.000000
  1
# 1065
  0
POINT
  8
2
 10
-1250.919189
 20
-1194.083710
  0
TEXT
  8
2
 10
-1250.919189
 20
-1194.083710
 40
0.000000
 50
0.000000
  1
# 1066
 0
LINE
 8
7
 10
-1049.489288
 20
-1306.621704
 11
-1049.489288
 21
-1151.549149
  0
TEXT
  8
1
 10
-1231.352158
 20
-1318.034668
 40
10.000000
 50
0.000000
  1
腿袋
  0
TEXT
  8
1
 10
-1109.002304
 20
-1246.814804
 40
10.000000
 50
0.000000
  1
Piece Name: 26SMC-WP313M 展_右前_175/92
  0
TEXT
  8
1
 10
-1109.002304
 20
-1231.814804
 40
10.000000
 50
0.000000
  1
Size: 175/92
  0
TEXT
  8
1
 10
-1109.002304
 20
-1216.814804
 40
10.000000
 50
0.000000
  1
Annotation: 
  0
TEXT
  8
1
 10
-1109.002304
 20
-1201.814804
 40
10.000000
 50
0.000000
  1
Quantity: 1
  0
TEXT
  8
1
 10
-1109.002304
 20
-1186.814804
 40
10.000000
 50
0.000000
  1
Material: 面
  0
TEXT
  8
1
 10
-1109.002304
 20
-1186.814804
 40
10.000000
 50
0.000000
  1
Category: 37
0
ENDBLK
0
BLOCK
  8
1
  2
26SMC-WP313M 展_左后飞机_175/92
 70
0
 10
0.0
 20
0.0
  0
POLYLINE
  8
1
  66
1
  70
1
  0
VERTEX
  8
1
  10
-282.362614
  20
-929.935913
  0
VERTEX
  8
1
  10
-293.612976
  20
-928.285141
  0
VERTEX
  8
1
  10
-304.429913
  20
-926.686783
  0
VERTEX
  8
1
  10
-313.578110
  20
-925.368423
  0
VERTEX
  8
1
  10
-314.741859
  20
-925.200729
  0
VERTEX
  8
1
  10
-325.079727
  20
-923.753357
  0
VERTEX
  8
1
  10
-335.506897
  20
-922.258148
  0
VERTEX
  8
1
  10
-342.914963
  20
-921.119766
  0
VERTEX
  8
1
  10
-349.770775
  20
-919.976044
  0
VERTEX
  8
1
  10
-356.574478
  20
-918.743668
  0
VERTEX
  8
1
  10
-363.364296
  20
-917.416763
  0
VERTEX
  8
1
  10
-370.138741
  20
-915.996246
  0
VERTEX
  8
1
  10
-376.896362
  20
-914.482956
  0
VERTEX
  8
1
  10
-383.635750
  20
-912.877579
  0
VERTEX
  8
1
  10
-390.355492
  20
-911.181107
  0
VERTEX
  8
1
  10
-397.054100
  20
-909.394226
  0
VERTEX
  8
1
  10
-403.730202
  20
-907.517776
  0
VERTEX
  8
1
  10
-410.382347
  20
-905.552597
  0
VERTEX
  8
1
  10
-417.009087
  20
-903.499374
  0
VERTEX
  8
1
  10
-423.609009
  20
-901.359100
  0
VERTEX
  8
1
  10
-430.180664
  20
-899.132385
  0
VERTEX
  8
1
  10
-436.722641
  20
-896.820145
  0
VERTEX
  8
1
  10
-443.233490
  20
-894.423141
  0
VERTEX
  8
1
  10
-449.711800
  20
-891.942139
  0
VERTEX
  8
1
  10
-456.156120
  20
-889.377975
  0
VERTEX
  8
1
  10
-462.565041
  20
-886.731415
  0
VERTEX
  8
1
  10
-468.937111
  20
-884.003220
  0
VERTEX
  8
1
  10
-475.270920
  20
-881.194153
  0
VERTEX
  8
1
  10
-481.565018
  20
-878.305054
  0
VERTEX
  8
1
  10
-487.817955
  20
-875.336609
  0
VERTEX
  8
1
  10
-494.028320
  20
-872.289734
  0
VERTEX
  8
1
  10
-500.194702
  20
-869.165039
  0
VERTEX
  8
1
  10
-506.315575
  20
-865.963440
  0
VERTEX
  8
1
  10
-512.535744
  20
-862.605896
  0
VERTEX
  8
1
  10
-519.622955
  20
-858.667450
  0
VERTEX
  8
1
  10
-528.774109
  20
-853.469315
  0
VERTEX
  8
1
  10
-537.836342
  20
-848.285599
  0
VERTEX
  8
1
  10
-538.138351
  20
-848.114395
  0
VERTEX
  8
1
  10
-546.825142
  20
-843.189468
  0
VERTEX
  8
1
  10
-555.644684
  20
-838.229218
  0
VERTEX
  8
1
  10
-564.709549
  20
-833.118973
  0
VERTEX
  8
1
  10
-557.791786
  20
-822.216110
  0
VERTEX
  8
1
  10
-552.376671
  20
-813.742371
  0
VERTEX
  8
1
  10
-546.791801
  20
-805.129089
  0
VERTEX
  8
1
  10
-541.195602
  20
-796.604309
  0
VERTEX
  8
1
  10
-530.483055
  20
-780.462799
  0
VERTEX
  8
1
  10
-522.849770
  20
-784.531784
  0
VERTEX
  8
1
  10
-516.078110
  20
-788.168411
  0
VERTEX
  8
1
  10
-509.370728
  20
-791.681747
  0
VERTEX
  8
1
  10
-502.764549
  20
-795.051041
  0
VERTEX
  8
1
  10
-496.120796
  20
-798.346100
  0
VERTEX
  8
1
  10
-489.828072
  20
-801.373138
  0
VERTEX
  8
1
  10
-484.139709
  20
-804.021149
  0
VERTEX
  8
1
  10
-478.570023
  20
-806.521149
  0
VERTEX
  8
1
  10
-473.178253
  20
-808.850479
  0
VERTEX
  8
1
  10
-467.327766
  20
-811.285934
  0
VERTEX
  8
1
  10
-461.116524
  20
-813.779678
  0
VERTEX
  8
1
  10
-453.882027
  20
-816.590195
  0
VERTEX
  8
1
  10
-446.200638
  20
-819.484482
  0
VERTEX
  8
1
  10
-438.206291
  20
-822.402267
  0
VERTEX
  8
1
  10
-437.010384
  20
-822.800827
  0
VERTEX
  8
1
  10
-431.162567
  20
-824.687195
  0
VERTEX
  8
1
  10
-425.107841
  20
-826.558075
  0
VERTEX
  8
1
  10
-419.261551
  20
-828.283691
  0
VERTEX
  8
1
  10
-413.869705
  20
-829.794235
  0
VERTEX
  8
1
  10
-408.808174
  20
-831.127090
  0
VERTEX
  8
1
  10
-403.371696
  20
-832.467880
  0
VERTEX
  8
1
  10
-397.058449
  20
-833.929749
  0
VERTEX
  8
1
  10
-390.348015
  20
-835.388184
  0
VERTEX
  8
1
  10
-383.951225
  20
-836.685638
  0
VERTEX
  8
1
  10
-376.548805
  20
-837.922134
  0
VERTEX
  8
1
  10
-368.297806
  20
-839.216156
  0
VERTEX
  8
1
  10
-360.692749
  20
-840.330353
  0
VERTEX
  8
1
  10
-354.000053
  20
-841.236191
  0
VERTEX
  8
1
  10
-347.784386
  20
-841.999283
  0
VERTEX
  8
1
  10
-341.495743
  20
-842.684555
  0
VERTEX
  8
1
  10
-335.410271
  20
-843.258133
  0
VERTEX
  8
1
  10
-329.150352
  20
-843.760223
  0
VERTEX
  8
1
  10
-322.167206
  20
-844.230423
  0
VERTEX
  8
1
  10
-314.732075
  20
-844.640121
  0
VERTEX
  8
1
  10
-306.929035
  20
-844.979553
  0
VERTEX
  8
1
  10
-299.362583
  20
-845.224152
  0
VERTEX
  8
1
  10
-291.511784
  20
-845.397491
  0
VERTEX
  8
1
  10
-282.362614
  20
-845.627670
  0
SEQEND
  8
1
  0
POINT
  8
2
 10
-282.362614
 20
-929.935913
  0
TEXT
  8
2
 10
-282.362614
 20
-929.935913
 40
0.000000
 50
0.000000
  1
# 1067
  0
POINT
  8
2
 10
-564.709549
 20
-833.118973
  0
TEXT
  8
2
 10
-564.709549
 20
-833.118973
 40
0.000000
 50
0.000000
  1
# 1068
  0
POINT
  8
2
 10
-530.483055
 20
-780.462799
  0
TEXT
  8
2
 10
-530.483055
 20
-780.462799
 40
0.000000
 50
0.000000
  1
# 1069
  0
POINT
  8
2
 10
-438.206291
 20
-822.402267
  0
TEXT
  8
2
 10
-438.206291
 20
-822.402267
 40
0.000000
 50
0.000000
  1
# 1070
  0
POINT
  8
2
 10
-383.951225
 20
-836.685638
  0
TEXT
  8
2
 10
-383.951225
 20
-836.685638
 40
0.000000
 50
0.000000
  1
# 1071
  0
POINT
  8
2
 10
-282.362614
 20
-845.627670
  0
TEXT
  8
2
 10
-282.362614
 20
-845.627670
 40
0.000000
 50
0.000000
  1
# 1072
  0
POINT
  8
3
 10
-293.612976
 20
-928.285141
  0
POINT
  8
3
 10
-304.429913
 20
-926.686783
  0
POINT
  8
3
 10
-313.578110
 20
-925.368423
  0
POINT
  8
3
 10
-314.741859
 20
-925.200729
  0
POINT
  8
3
 10
-325.079727
 20
-923.753357
  0
POINT
  8
3
 10
-335.506897
 20
-922.258148
  0
POINT
  8
3
 10
-342.914963
 20
-921.119766
  0
POINT
  8
3
 10
-349.770775
 20
-919.976044
  0
POINT
  8
3
 10
-356.574478
 20
-918.743668
  0
POINT
  8
3
 10
-363.364296
 20
-917.416763
  0
POINT
  8
3
 10
-370.138741
 20
-915.996246
  0
POINT
  8
3
 10
-376.896362
 20
-914.482956
  0
POINT
  8
3
 10
-383.635750
 20
-912.877579
  0
POINT
  8
3
 10
-390.355492
 20
-911.181107
  0
POINT
  8
3
 10
-397.054100
 20
-909.394226
  0
POINT
  8
3
 10
-403.730202
 20
-907.517776
  0
POINT
  8
3
 10
-410.382347
 20
-905.552597
  0
POINT
  8
3
 10
-417.009087
 20
-903.499374
  0
POINT
  8
3
 10
-423.609009
 20
-901.359100
  0
POINT
  8
3
 10
-430.180664
 20
-899.132385
  0
POINT
  8
3
 10
-436.722641
 20
-896.820145
  0
POINT
  8
3
 10
-443.233490
 20
-894.423141
  0
POINT
  8
3
 10
-449.711800
 20
-891.942139
  0
POINT
  8
3
 10
-456.156120
 20
-889.377975
  0
POINT
  8
3
 10
-462.565041
 20
-886.731415
  0
POINT
  8
3
 10
-468.937111
 20
-884.003220
  0
POINT
  8
3
 10
-475.270920
 20
-881.194153
  0
POINT
  8
3
 10
-481.565018
 20
-878.305054
  0
POINT
  8
3
 10
-487.817955
 20
-875.336609
  0
POINT
  8
3
 10
-494.028320
 20
-872.289734
  0
POINT
  8
3
 10
-500.194702
 20
-869.165039
  0
POINT
  8
3
 10
-506.315575
 20
-865.963440
  0
POINT
  8
3
 10
-512.535744
 20
-862.605896
  0
POINT
  8
3
 10
-519.622955
 20
-858.667450
  0
POINT
  8
3
 10
-528.774109
 20
-853.469315
  0
POINT
  8
3
 10
-537.836342
 20
-848.285599
  0
POINT
  8
3
 10
-538.138351
 20
-848.114395
  0
POINT
  8
3
 10
-546.825142
 20
-843.189468
  0
POINT
  8
3
 10
-555.644684
 20
-838.229218
  0
POINT
  8
3
 10
-557.791786
 20
-822.216110
  0
POINT
  8
3
 10
-552.376671
 20
-813.742371
  0
POINT
  8
3
 10
-546.791801
 20
-805.129089
  0
POINT
  8
3
 10
-541.195602
 20
-796.604309
  0
POINT
  8
3
 10
-522.849770
 20
-784.531784
  0
POINT
  8
3
 10
-516.078110
 20
-788.168411
  0
POINT
  8
3
 10
-509.370728
 20
-791.681747
  0
POINT
  8
3
 10
-502.764549
 20
-795.051041
  0
POINT
  8
3
 10
-496.120796
 20
-798.346100
  0
POINT
  8
3
 10
-489.828072
 20
-801.373138
  0
POINT
  8
3
 10
-484.139709
 20
-804.021149
  0
POINT
  8
3
 10
-478.570023
 20
-806.521149
  0
POINT
  8
3
 10
-473.178253
 20
-808.850479
  0
POINT
  8
3
 10
-467.327766
 20
-811.285934
  0
POINT
  8
3
 10
-461.116524
 20
-813.779678
  0
POINT
  8
3
 10
-453.882027
 20
-816.590195
  0
POINT
  8
3
 10
-446.200638
 20
-819.484482
  0
POINT
  8
3
 10
-437.010384
 20
-822.800827
  0
POINT
  8
3
 10
-431.162567
 20
-824.687195
  0
POINT
  8
3
 10
-425.107841
 20
-826.558075
  0
POINT
  8
3
 10
-419.261551
 20
-828.283691
  0
POINT
  8
3
 10
-413.869705
 20
-829.794235
  0
POINT
  8
3
 10
-408.808174
 20
-831.127090
  0
POINT
  8
3
 10
-403.371696
 20
-832.467880
  0
POINT
  8
3
 10
-397.058449
 20
-833.929749
  0
POINT
  8
3
 10
-390.348015
 20
-835.388184
  0
POINT
  8
3
 10
-376.548805
 20
-837.922134
  0
POINT
  8
3
 10
-368.297806
 20
-839.216156
  0
POINT
  8
3
 10
-360.692749
 20
-840.330353
  0
POINT
  8
3
 10
-354.000053
 20
-841.236191
  0
POINT
  8
3
 10
-347.784386
 20
-841.999283
  0
POINT
  8
3
 10
-341.495743
 20
-842.684555
  0
POINT
  8
3
 10
-335.410271
 20
-843.258133
  0
POINT
  8
3
 10
-329.150352
 20
-843.760223
  0
POINT
  8
3
 10
-322.167206
 20
-844.230423
  0
POINT
  8
3
 10
-314.732075
 20
-844.640121
  0
POINT
  8
3
 10
-306.929035
 20
-844.979553
  0
POINT
  8
3
 10
-299.362583
 20
-845.224152
  0
POINT
  8
3
 10
-291.511784
 20
-845.397491
  0
POINT
  8
4
 10
-313.578110
 20
-925.368423
 30
0.400000
 50
 81.80
  0
TEXT
  8
4
 10
-313.578110
 20
-925.368423
 40
0.000000
 50
0.000000
  1
# 1073
  0
POINT
  8
4
 10
-538.138351
 20
-848.114395
 30
0.400000
 50
 60.45
  0
TEXT
  8
4
 10
-538.138351
 20
-848.114395
 40
0.000000
 50
0.000000
  1
# 1074
  0
POLYLINE
  8
14
  66
1
  70
1
  0
VERTEX
  8
14
  10
-292.362614
  20
-918.367157
  0
VERTEX
  8
14
  10
-302.981984
  20
-916.792185
  0
VERTEX
  8
14
  10
-312.151356
  20
-915.468063
  0
VERTEX
  8
14
  10
-313.340701
  20
-915.299380
  0
VERTEX
  8
14
  10
-323.692297
  20
-913.850093
  0
VERTEX
  8
14
  10
-334.040136
  20
-912.366341
  0
VERTEX
  8
14
  10
-341.336427
  20
-911.245149
  0
VERTEX
  8
14
  10
-348.056589
  20
-910.124091
  0
VERTEX
  8
14
  10
-354.724131
  20
-908.916332
  0
VERTEX
  8
14
  10
-361.379020
  20
-907.615816
  0
VERTEX
  8
14
  10
-368.019779
  20
-906.223332
  0
VERTEX
  8
14
  10
-374.644951
  20
-904.739669
  0
VERTEX
  8
14
  10
-381.253075
  20
-903.165615
  0
VERTEX
  8
14
  10
-387.842687
  20
-901.501957
  0
VERTEX
  8
14
  10
-394.412326
  20
-899.749484
  0
VERTEX
  8
14
  10
-400.960529
  20
-897.908985
  0
VERTEX
  8
14
  10
-407.485835
  20
-895.981247
  0
VERTEX
  8
14
  10
-413.986782
  20
-893.967059
  0
VERTEX
  8
14
  10
-420.461907
  20
-891.867208
  0
VERTEX
  8
14
  10
-426.909749
  20
-889.682484
  0
VERTEX
  8
14
  10
-433.328845
  20
-887.413673
  0
VERTEX
  8
14
  10
-439.717724
  20
-885.061569
  0
VERTEX
  8
14
  10
-446.074952
  20
-882.626948
  0
VERTEX
  8
14
  10
-452.399029
  20
-880.110614
  0
VERTEX
  8
14
  10
-458.688530
  20
-877.513339
  0
VERTEX
  8
14
  10
-464.941958
  20
-874.835927
  0
VERTEX
  8
14
  10
-471.157885
  20
-872.079150
  0
VERTEX
  8
14
  10
-477.334814
  20
-869.243813
  0
VERTEX
  8
14
  10
-483.471318
  20
-866.330688
  0
VERTEX
  8
14
  10
-489.565900
  20
-863.340580
  0
VERTEX
  8
14
  10
-495.617133
  20
-860.274259
  0
VERTEX
  8
14
  10
-501.623520
  20
-857.132531
  0
VERTEX
  8
14
  10
-507.730129
  20
-853.836270
  0
VERTEX
  8
14
  10
-514.720843
  20
-849.951458
  0
VERTEX
  8
14
  10
-523.809907
  20
-844.788466
  0
VERTEX
  8
14
  10
-532.882182
  20
-839.599051
  0
VERTEX
  8
14
  10
-533.205986
  20
-839.414444
  0
VERTEX
  8
14
  10
-541.912143
  20
-834.479553
  0
VERTEX
  8
14
  10
-550.624390
  20
-829.585266
  0
VERTEX
  8
14
  10
-549.351490
  20
-827.579081
  0
VERTEX
  8
14
  10
-543.967479
  20
-819.153968
  0
VERTEX
  8
14
  10
-538.418019
  20
-810.595318
  0
VERTEX
  8
14
  10
-532.849403
  20
-802.112546
  0
VERTEX
  8
14
  10
-527.166252
  20
-793.549347
  0
VERTEX
  8
14
  10
-520.768014
  20
-797.000427
  0
VERTEX
  8
14
  10
-513.961988
  20
-800.565458
  0
VERTEX
  8
14
  10
-507.259200
  20
-803.984013
  0
VERTEX
  8
14
  10
-500.510478
  20
-807.331091
  0
VERTEX
  8
14
  10
-494.105503
  20
-810.412111
  0
VERTEX
  8
14
  10
-488.299812
  20
-813.114778
  0
VERTEX
  8
14
  10
-482.598069
  20
-815.673997
  0
VERTEX
  8
14
  10
-477.083446
  20
-818.056419
  0
VERTEX
  8
14
  10
-471.110649
  20
-820.542844
  0
VERTEX
  8
14
  10
-464.789826
  20
-823.080604
  0
VERTEX
  8
14
  10
-457.454524
  20
-825.930288
  0
VERTEX
  8
14
  10
-449.681241
  20
-828.859218
  0
VERTEX
  8
14
  10
-441.501884
  20
-831.844711
  0
VERTEX
  8
14
  10
-440.147528
  20
-832.295971
  0
VERTEX
  8
14
  10
-434.173137
  20
-834.223291
  0
VERTEX
  8
14
  10
-428.000537
  20
-836.130562
  0
VERTEX
  8
14
  10
-422.027167
  20
-837.893646
  0
VERTEX
  8
14
  10
-416.494375
  20
-839.443647
  0
VERTEX
  8
14
  10
-411.276251
  20
-840.817709
  0
VERTEX
  8
14
  10
-405.697621
  20
-842.193624
  0
VERTEX
  8
14
  10
-399.247799
  20
-843.687125
  0
VERTEX
  8
14
  10
-392.407066
  20
-845.173927
  0
VERTEX
  8
14
  10
-385.769424
  20
-846.520462
  0
VERTEX
  8
14
  10
-378.146729
  20
-847.793641
  0
VERTEX
  8
14
  10
-369.797583
  20
-849.103033
  0
VERTEX
  8
14
  10
-362.088789
  20
-850.232432
  0
VERTEX
  8
14
  10
-355.281687
  20
-851.153747
  0
VERTEX
  8
14
  10
-348.937654
  20
-851.932548
  0
VERTEX
  8
14
  10
-342.507002
  20
-852.633295
  0
VERTEX
  8
14
  10
-336.276745
  20
-853.220535
  0
VERTEX
  8
14
  10
-329.886326
  20
-853.733142
  0
VERTEX
  8
14
  10
-322.777556
  20
-854.211754
  0
VERTEX
  8
14
  10
-315.224283
  20
-854.628014
  0
VERTEX
  8
14
  10
-307.306990
  20
-854.972429
  0
VERTEX
  8
14
  10
-299.629263
  20
-855.220559
  0
VERTEX
  8
14
  10
-292.362614
  20
-855.367126
  0
SEQEND
  8
14
  0
POINT
  8
2
 10
-292.362614
 20
-918.367157
  0
TEXT
  8
2
 10
-292.362614
 20
-918.367157
 40
0.000000
 50
0.000000
  1
# 1075
  0
POINT
  8
2
 10
-550.624390
 20
-829.585266
  0
TEXT
  8
2
 10
-550.624390
 20
-829.585266
 40
0.000000
 50
0.000000
  1
# 1076
  0
POINT
  8
2
 10
-527.166252
 20
-793.549347
  0
TEXT
  8
2
 10
-527.166252
 20
-793.549347
 40
0.000000
 50
0.000000
  1
# 1077
  0
POINT
  8
2
 10
-441.501884
 20
-831.844711
  0
TEXT
  8
2
 10
-441.501884
 20
-831.844711
 40
0.000000
 50
0.000000
  1
# 1078
  0
POINT
  8
2
 10
-385.769424
 20
-846.520462
  0
TEXT
  8
2
 10
-385.769424
 20
-846.520462
 40
0.000000
 50
0.000000
  1
# 1079
  0
POINT
  8
2
 10
-292.362614
 20
-855.367126
  0
TEXT
  8
2
 10
-292.362614
 20
-855.367126
 40
0.000000
 50
0.000000
  1
# 1080
  0
POINT
  8
3
 10
-302.981984
 20
-916.792185
  0
POINT
  8
3
 10
-312.151356
 20
-915.468063
  0
POINT
  8
3
 10
-313.340701
 20
-915.299380
  0
POINT
  8
3
 10
-323.692297
 20
-913.850093
  0
POINT
  8
3
 10
-334.040136
 20
-912.366341
  0
POINT
  8
3
 10
-341.336427
 20
-911.245149
  0
POINT
  8
3
 10
-348.056589
 20
-910.124091
  0
POINT
  8
3
 10
-354.724131
 20
-908.916332
  0
POINT
  8
3
 10
-361.379020
 20
-907.615816
  0
POINT
  8
3
 10
-368.019779
 20
-906.223332
  0
POINT
  8
3
 10
-374.644951
 20
-904.739669
  0
POINT
  8
3
 10
-381.253075
 20
-903.165615
  0
POINT
  8
3
 10
-387.842687
 20
-901.501957
  0
POINT
  8
3
 10
-394.412326
 20
-899.749484
  0
POINT
  8
3
 10
-400.960529
 20
-897.908985
  0
POINT
  8
3
 10
-407.485835
 20
-895.981247
  0
POINT
  8
3
 10
-413.986782
 20
-893.967059
  0
POINT
  8
3
 10
-420.461907
 20
-891.867208
  0
POINT
  8
3
 10
-426.909749
 20
-889.682484
  0
POINT
  8
3
 10
-433.328845
 20
-887.413673
  0
POINT
  8
3
 10
-439.717724
 20
-885.061569
  0
POINT
  8
3
 10
-446.074952
 20
-882.626948
  0
POINT
  8
3
 10
-452.399029
 20
-880.110614
  0
POINT
  8
3
 10
-458.688530
 20
-877.513339
  0
POINT
  8
3
 10
-464.941958
 20
-874.835927
  0
POINT
  8
3
 10
-471.157885
 20
-872.079150
  0
POINT
  8
3
 10
-477.334814
 20
-869.243813
  0
POINT
  8
3
 10
-483.471318
 20
-866.330688
  0
POINT
  8
3
 10
-489.565900
 20
-863.340580
  0
POINT
  8
3
 10
-495.617133
 20
-860.274259
  0
POINT
  8
3
 10
-501.623520
 20
-857.132531
  0
POINT
  8
3
 10
-507.730129
 20
-853.836270
  0
POINT
  8
3
 10
-514.720843
 20
-849.951458
  0
POINT
  8
3
 10
-523.809907
 20
-844.788466
  0
POINT
  8
3
 10
-532.882182
 20
-839.599051
  0
POINT
  8
3
 10
-533.205986
 20
-839.414444
  0
POINT
  8
3
 10
-541.912143
 20
-834.479553
  0
POINT
  8
3
 10
-549.351490
 20
-827.579081
  0
POINT
  8
3
 10
-543.967479
 20
-819.153968
  0
POINT
  8
3
 10
-538.418019
 20
-810.595318
  0
POINT
  8
3
 10
-532.849403
 20
-802.112546
  0
POINT
  8
3
 10
-520.768014
 20
-797.000427
  0
POINT
  8
3
 10
-513.961988
 20
-800.565458
  0
POINT
  8
3
 10
-507.259200
 20
-803.984013
  0
POINT
  8
3
 10
-500.510478
 20
-807.331091
  0
POINT
  8
3
 10
-494.105503
 20
-810.412111
  0
POINT
  8
3
 10
-488.299812
 20
-813.114778
  0
POINT
  8
3
 10
-482.598069
 20
-815.673997
  0
POINT
  8
3
 10
-477.083446
 20
-818.056419
  0
POINT
  8
3
 10
-471.110649
 20
-820.542844
  0
POINT
  8
3
 10
-464.789826
 20
-823.080604
  0
POINT
  8
3
 10
-457.454524
 20
-825.930288
  0
POINT
  8
3
 10
-449.681241
 20
-828.859218
  0
POINT
  8
3
 10
-440.147528
 20
-832.295971
  0
POINT
  8
3
 10
-434.173137
 20
-834.223291
  0
POINT
  8
3
 10
-428.000537
 20
-836.130562
  0
POINT
  8
3
 10
-422.027167
 20
-837.893646
  0
POINT
  8
3
 10
-416.494375
 20
-839.443647
  0
POINT
  8
3
 10
-411.276251
 20
-840.817709
  0
POINT
  8
3
 10
-405.697621
 20
-842.193624
  0
POINT
  8
3
 10
-399.247799
 20
-843.687125
  0
POINT
  8
3
 10
-392.407066
 20
-845.173927
  0
POINT
  8
3
 10
-378.146729
 20
-847.793641
  0
POINT
  8
3
 10
-369.797583
 20
-849.103033
  0
POINT
  8
3
 10
-362.088789
 20
-850.232432
  0
POINT
  8
3
 10
-355.281687
 20
-851.153747
  0
POINT
  8
3
 10
-348.937654
 20
-851.932548
  0
POINT
  8
3
 10
-342.507002
 20
-852.633295
  0
POINT
  8
3
 10
-336.276745
 20
-853.220535
  0
POINT
  8
3
 10
-329.886326
 20
-853.733142
  0
POINT
  8
3
 10
-322.777556
 20
-854.211754
  0
POINT
  8
3
 10
-315.224283
 20
-854.628014
  0
POINT
  8
3
 10
-307.306990
 20
-854.972429
  0
POINT
  8
3
 10
-299.629263
 20
-855.220559
  0
POINT
  8
4
 10
-312.151356
 20
-915.468063
 30
0.400000
 50
 81.91
  0
TEXT
  8
4
 10
-312.151356
 20
-915.468063
 40
0.000000
 50
0.000000
  1
# 1081
  0
POINT
  8
4
 10
-533.205986
 20
-839.414444
 30
0.400000
 50
 60.31
  0
TEXT
  8
4
 10
-533.205986
 20
-839.414444
 40
0.000000
 50
0.000000
  1
# 1082
  0
POLYLINE
  8
8
  66
1
  70
0
  0
VERTEX
  8
8
  10
-413.888130
  20
-840.141373
  0
VERTEX
  8
8
  10
-426.931496
  20
-889.674606
  0
SEQEND
  8
8
  0
POINT
  8
2
 10
-413.888130
 20
-840.141373
  0
TEXT
  8
2
 10
-413.888130
 20
-840.141373
 40
0.000000
 50
0.000000
  1
# 1083
  0
POINT
  8
2
 10
-426.931496
 20
-889.674606
  0
TEXT
  8
2
 10
-426.931496
 20
-889.674606
 40
0.000000
 50
0.000000
  1
# 1084
 0
LINE
 8
7
 10
-323.420525
 20
-898.757629
 11
-323.420525
 21
-859.564972
  0
TEXT
  8
1
 10
-423.536081
 20
-855.199356
 40
10.000000
 50
0.000000
  1
Piece Name: 26SMC-WP313M 展_左后飞机_175/92
  0
TEXT
  8
1
 10
-423.536081
 20
-840.199356
 40
10.000000
 50
0.000000
  1
Size: 175/92
  0
TEXT
  8
1
 10
-423.536081
 20
-825.199356
 40
10.000000
 50
0.000000
  1
Annotation: 
  0
TEXT
  8
1
 10
-423.536081
 20
-810.199356
 40
10.000000
 50
0.000000
  1
Quantity: 1
  0
TEXT
  8
1
 10
-423.536081
 20
-795.199356
 40
10.000000
 50
0.000000
  1
Material: 面
  0
TEXT
  8
1
 10
-423.536081
 20
-795.199356
 40
10.000000
 50
0.000000
  1
Category: 38
0
ENDBLK
0
BLOCK
  8
1
  2
26SMC-WP313M 展_右手机袋_175/92
 70
0
 10
0.0
 20
0.0
  0
POLYLINE
  8
1
  66
1
  70
1
  0
VERTEX
  8
1
  10
-2117.035522
  20
-148.081179
  0
VERTEX
  8
1
  10
-2117.035522
  20
-333.081169
  0
VERTEX
  8
1
  10
-2237.572632
  20
-333.081169
  0
VERTEX
  8
1
  10
-2237.687378
  20
-332.334137
  0
VERTEX
  8
1
  10
-2238.222198
  20
-329.214668
  0
VERTEX
  8
1
  10
-2238.789978
  20
-326.330376
  0
VERTEX
  8
1
  10
-2239.385834
  20
-323.673401
  0
VERTEX
  8
1
  10
-2240.010986
  20
-321.208115
  0
VERTEX
  8
1
  10
-2240.646667
  20
-318.983574
  0
VERTEX
  8
1
  10
-2241.301880
  20
-316.938705
  0
VERTEX
  8
1
  10
-2241.983948
  20
-315.032616
  0
VERTEX
  8
1
  10
-2242.682190
  20
-313.278904
  0
VERTEX
  8
1
  10
-2243.402863
  20
-311.647835
  0
VERTEX
  8
1
  10
-2244.130096
  20
-310.160255
  0
VERTEX
  8
1
  10
-2244.887390
  20
-308.757324
  0
VERTEX
  8
1
  10
-2245.641632
  20
-307.489758
  0
VERTEX
  8
1
  10
-2246.441498
  20
-306.268787
  0
VERTEX
  8
1
  10
-2247.223816
  20
-305.183182
  0
VERTEX
  8
1
  10
-2248.023987
  20
-304.172649
  0
VERTEX
  8
1
  10
-2248.860779
  20
-303.212032
  0
VERTEX
  8
1
  10
-2249.819031
  20
-302.210159
  0
VERTEX
  8
1
  10
-2250.862274
  20
-301.214466
  0
VERTEX
  8
1
  10
-2252.063904
  20
-300.161285
  0
VERTEX
  8
1
  10
-2253.599396
  20
-298.918018
  0
VERTEX
  8
1
  10
-2256.222229
  20
-296.914101
  0
VERTEX
  8
1
  10
-2259.764557
  20
-294.170628
  0
VERTEX
  8
1
  10
-2259.791412
  20
-288.601303
  0
VERTEX
  8
1
  10
-2259.840546
  20
-281.468105
  0
VERTEX
  8
1
  10
-2259.833374
  20
-273.283272
  0
VERTEX
  8
1
  10
-2259.740295
  20
-265.667419
  0
VERTEX
  8
1
  10
-2259.557648
  20
-258.054638
  0
VERTEX
  8
1
  10
-2259.286957
  20
-250.446072
  0
VERTEX
  8
1
  10
-2258.930817
  20
-242.864265
  0
VERTEX
  8
1
  10
-2258.489227
  20
-235.270309
  0
VERTEX
  8
1
  10
-2257.940216
  20
-227.309399
  0
VERTEX
  8
1
  10
-2257.277679
  20
-218.983688
  0
VERTEX
  8
1
  10
-2256.490631
  20
-210.228424
  0
VERTEX
  8
1
  10
-2255.624847
  20
-201.551361
  0
VERTEX
  8
1
  10
-2254.673920
  20
-192.881680
  0
VERTEX
  8
1
  10
-2253.636780
  20
-184.220524
  0
VERTEX
  8
1
  10
-2252.550354
  20
-175.854244
  0
VERTEX
  8
1
  10
-2251.303101
  20
-166.930656
  0
VERTEX
  8
1
  10
-2249.794769
  20
-156.785660
  0
VERTEX
  8
1
  10
-2248.208618
  20
-146.656590
  0
VERTEX
  8
1
  10
-2246.658173
  20
-137.229795
  0
VERTEX
  8
1
  10
-2246.658173
  20
-137.229795
  0
SEQEND
  8
1
  0
POINT
  8
2
 10
-2117.035522
 20
-148.081179
  0
TEXT
  8
2
 10
-2117.035522
 20
-148.081179
 40
0.000000
 50
0.000000
  1
# 1085
  0
POINT
  8
2
 10
-2117.035522
 20
-333.081169
  0
TEXT
  8
2
 10
-2117.035522
 20
-333.081169
 40
0.000000
 50
0.000000
  1
# 1086
  0
POINT
  8
2
 10
-2237.572632
 20
-333.081169
  0
TEXT
  8
2
 10
-2237.572632
 20
-333.081169
 40
0.000000
 50
0.000000
  1
# 1087
  0
POINT
  8
2
 10
-2259.764557
 20
-294.170628
  0
TEXT
  8
2
 10
-2259.764557
 20
-294.170628
 40
0.000000
 50
0.000000
  1
# 1088
  0
POINT
  8
2
 10
-2246.658173
 20
-137.229795
  0
TEXT
  8
2
 10
-2246.658173
 20
-137.229795
 40
0.000000
 50
0.000000
  1
# 1089
  0
POINT
  8
3
 10
-2237.687378
 20
-332.334137
  0
POINT
  8
3
 10
-2238.222198
 20
-329.214668
  0
POINT
  8
3
 10
-2238.789978
 20
-326.330376
  0
POINT
  8
3
 10
-2239.385834
 20
-323.673401
  0
POINT
  8
3
 10
-2240.010986
 20
-321.208115
  0
POINT
  8
3
 10
-2240.646667
 20
-318.983574
  0
POINT
  8
3
 10
-2241.301880
 20
-316.938705
  0
POINT
  8
3
 10
-2241.983948
 20
-315.032616
  0
POINT
  8
3
 10
-2242.682190
 20
-313.278904
  0
POINT
  8
3
 10
-2243.402863
 20
-311.647835
  0
POINT
  8
3
 10
-2244.130096
 20
-310.160255
  0
POINT
  8
3
 10
-2244.887390
 20
-308.757324
  0
POINT
  8
3
 10
-2245.641632
 20
-307.489758
  0
POINT
  8
3
 10
-2246.441498
 20
-306.268787
  0
POINT
  8
3
 10
-2247.223816
 20
-305.183182
  0
POINT
  8
3
 10
-2248.023987
 20
-304.172649
  0
POINT
  8
3
 10
-2248.860779
 20
-303.212032
  0
POINT
  8
3
 10
-2249.819031
 20
-302.210159
  0
POINT
  8
3
 10
-2250.862274
 20
-301.214466
  0
POINT
  8
3
 10
-2252.063904
 20
-300.161285
  0
POINT
  8
3
 10
-2253.599396
 20
-298.918018
  0
POINT
  8
3
 10
-2256.222229
 20
-296.914101
  0
POINT
  8
3
 10
-2259.791412
 20
-288.601303
  0
POINT
  8
3
 10
-2259.840546
 20
-281.468105
  0
POINT
  8
3
 10
-2259.833374
 20
-273.283272
  0
POINT
  8
3
 10
-2259.740295
 20
-265.667419
  0
POINT
  8
3
 10
-2259.557648
 20
-258.054638
  0
POINT
  8
3
 10
-2259.286957
 20
-250.446072
  0
POINT
  8
3
 10
-2258.930817
 20
-242.864265
  0
POINT
  8
3
 10
-2258.489227
 20
-235.270309
  0
POINT
  8
3
 10
-2257.940216
 20
-227.309399
  0
POINT
  8
3
 10
-2257.277679
 20
-218.983688
  0
POINT
  8
3
 10
-2256.490631
 20
-210.228424
  0
POINT
  8
3
 10
-2255.624847
 20
-201.551361
  0
POINT
  8
3
 10
-2254.673920
 20
-192.881680
  0
POINT
  8
3
 10
-2253.636780
 20
-184.220524
  0
POINT
  8
3
 10
-2252.550354
 20
-175.854244
  0
POINT
  8
3
 10
-2251.303101
 20
-166.930656
  0
POINT
  8
3
 10
-2249.794769
 20
-156.785660
  0
POINT
  8
3
 10
-2248.208618
 20
-146.656590
  0
POINT
  8
3
 10
-2246.658173
 20
-137.229795
  0
POINT
  8
4
 10
-2246.658173
 20
-137.229795
 30
0.400000
 50
355.21
  0
TEXT
  8
4
 10
-2246.658173
 20
-137.229795
 40
0.000000
 50
0.000000
  1
# 1090
  0
POLYLINE
  8
14
  66
1
  70
1
  0
VERTEX
  8
14
  10
-2117.035522
  20
-148.081179
  0
VERTEX
  8
14
  10
-2117.035522
  20
-333.081169
  0
VERTEX
  8
14
  10
-2227.456512
  20
-333.073845
  0
VERTEX
  8
14
  10
-2227.812503
  20
-330.757458
  0
VERTEX
  8
14
  10
-2228.387216
  20
-327.405644
  0
VERTEX
  8
14
  10
-2229.004328
  20
-324.271070
  0
VERTEX
  8
14
  10
-2229.658942
  20
-321.351993
  0
VERTEX
  8
14
  10
-2230.355700
  20
-318.605287
  0
VERTEX
  8
14
  10
-2231.076098
  20
-316.084784
  0
VERTEX
  8
14
  10
-2231.830758
  20
-313.729674
  0
VERTEX
  8
14
  10
-2232.629362
  20
-311.498267
  0
VERTEX
  8
14
  10
-2233.461288
  20
-309.409299
  0
VERTEX
  8
14
  10
-2234.335952
  20
-307.429978
  0
VERTEX
  8
14
  10
-2235.235159
  20
-305.590734
  0
VERTEX
  8
14
  10
-2236.189838
  20
-303.822532
  0
VERTEX
  8
14
  10
-2237.157936
  20
-302.195666
  0
VERTEX
  8
14
  10
-2238.202796
  20
-300.600976
  0
VERTEX
  8
14
  10
-2239.244378
  20
-299.155880
  0
VERTEX
  8
14
  10
-2240.332075
  20
-297.782513
  0
VERTEX
  8
14
  10
-2241.472272
  20
-296.473334
  0
VERTEX
  8
14
  10
-2242.754426
  20
-295.132643
  0
VERTEX
  8
14
  10
-2244.113322
  20
-293.835300
  0
VERTEX
  8
14
  10
-2245.624318
  20
-292.510675
  0
VERTEX
  8
14
  10
-2247.431992
  20
-291.046356
  0
VERTEX
  8
14
  10
-2249.780579
  20
-289.307098
  0
VERTEX
  8
14
  10
-2249.840549
  20
-281.430792
  0
VERTEX
  8
14
  10
-2249.833509
  20
-273.346121
  0
VERTEX
  8
14
  10
-2249.741863
  20
-265.848731
  0
VERTEX
  8
14
  10
-2249.562069
  20
-258.352582
  0
VERTEX
  8
14
  10
-2249.295482
  20
-250.858862
  0
VERTEX
  8
14
  10
-2248.944565
  20
-243.389788
  0
VERTEX
  8
14
  10
-2248.509409
  20
-235.904375
  0
VERTEX
  8
14
  10
-2247.967743
  20
-228.050115
  0
VERTEX
  8
14
  10
-2247.313469
  20
-219.828111
  0
VERTEX
  8
14
  10
-2246.535408
  20
-211.173254
  0
VERTEX
  8
14
  10
-2245.679182
  20
-202.592656
  0
VERTEX
  8
14
  10
-2244.739112
  20
-194.021006
  0
VERTEX
  8
14
  10
-2243.713853
  20
-185.459490
  0
VERTEX
  8
14
  10
-2242.640117
  20
-177.191036
  0
VERTEX
  8
14
  10
-2241.405588
  20
-168.358513
  0
VERTEX
  8
14
  10
-2239.909577
  20
-158.296267
  0
VERTEX
  8
14
  10
-2238.334700
  20
-148.239511
  0
VERTEX
  8
14
  10
-2236.661377
  20
-138.066645
  0
VERTEX
  8
14
  10
-2236.617279
  20
-138.070364
  0
SEQEND
  8
14
  0
POINT
  8
2
 10
-2117.035522
 20
-148.081179
  0
TEXT
  8
2
 10
-2117.035522
 20
-148.081179
 40
0.000000
 50
0.000000
  1
# 1091
  0
POINT
  8
2
 10
-2117.035522
 20
-333.081169
  0
TEXT
  8
2
 10
-2117.035522
 20
-333.081169
 40
0.000000
 50
0.000000
  1
# 1092
  0
POINT
  8
2
 10
-2227.456512
 20
-333.073845
  0
TEXT
  8
2
 10
-2227.456512
 20
-333.073845
 40
0.000000
 50
0.000000
  1
# 1093
  0
POINT
  8
2
 10
-2249.780579
 20
-289.307098
  0
TEXT
  8
2
 10
-2249.780579
 20
-289.307098
 40
0.000000
 50
0.000000
  1
# 1094
  0
POINT
  8
2
 10
-2236.617279
 20
-138.070364
  0
TEXT
  8
2
 10
-2236.617279
 20
-138.070364
 40
0.000000
 50
0.000000
  1
# 1095
  0
POINT
  8
3
 10
-2227.812503
 20
-330.757458
  0
POINT
  8
3
 10
-2228.387216
 20
-327.405644
  0
POINT
  8
3
 10
-2229.004328
 20
-324.271070
  0
POINT
  8
3
 10
-2229.658942
 20
-321.351993
  0
POINT
  8
3
 10
-2230.355700
 20
-318.605287
  0
POINT
  8
3
 10
-2231.076098
 20
-316.084784
  0
POINT
  8
3
 10
-2231.830758
 20
-313.729674
  0
POINT
  8
3
 10
-2232.629362
 20
-311.498267
  0
POINT
  8
3
 10
-2233.461288
 20
-309.409299
  0
POINT
  8
3
 10
-2234.335952
 20
-307.429978
  0
POINT
  8
3
 10
-2235.235159
 20
-305.590734
  0
POINT
  8
3
 10
-2236.189838
 20
-303.822532
  0
POINT
  8
3
 10
-2237.157936
 20
-302.195666
  0
POINT
  8
3
 10
-2238.202796
 20
-300.600976
  0
POINT
  8
3
 10
-2239.244378
 20
-299.155880
  0
POINT
  8
3
 10
-2240.332075
 20
-297.782513
  0
POINT
  8
3
 10
-2241.472272
 20
-296.473334
  0
POINT
  8
3
 10
-2242.754426
 20
-295.132643
  0
POINT
  8
3
 10
-2244.113322
 20
-293.835300
  0
POINT
  8
3
 10
-2245.624318
 20
-292.510675
  0
POINT
  8
3
 10
-2247.431992
 20
-291.046356
  0
POINT
  8
3
 10
-2249.840549
 20
-281.430792
  0
POINT
  8
3
 10
-2249.833509
 20
-273.346121
  0
POINT
  8
3
 10
-2249.741863
 20
-265.848731
  0
POINT
  8
3
 10
-2249.562069
 20
-258.352582
  0
POINT
  8
3
 10
-2249.295482
 20
-250.858862
  0
POINT
  8
3
 10
-2248.944565
 20
-243.389788
  0
POINT
  8
3
 10
-2248.509409
 20
-235.904375
  0
POINT
  8
3
 10
-2247.967743
 20
-228.050115
  0
POINT
  8
3
 10
-2247.313469
 20
-219.828111
  0
POINT
  8
3
 10
-2246.535408
 20
-211.173254
  0
POINT
  8
3
 10
-2245.679182
 20
-202.592656
  0
POINT
  8
3
 10
-2244.739112
 20
-194.021006
  0
POINT
  8
3
 10
-2243.713853
 20
-185.459490
  0
POINT
  8
3
 10
-2242.640117
 20
-177.191036
  0
POINT
  8
3
 10
-2241.405588
 20
-168.358513
  0
POINT
  8
3
 10
-2239.909577
 20
-158.296267
  0
POINT
  8
3
 10
-2238.334700
 20
-148.239511
  0
POINT
  8
3
 10
-2236.661377
 20
-138.066645
  0
POINT
  8
4
 10
-2236.661377
 20
-138.066645
 30
0.400000
 50
355.21
  0
TEXT
  8
4
 10
-2236.661377
 20
-138.066645
 40
0.000000
 50
0.000000
  1
# 1096
 0
LINE
 8
7
 10
-2188.513794
 20
-244.399185
 11
-2188.513794
 21
-200.957985
  0
TEXT
  8
1
 10
-2188.438034
 20
-235.155482
 40
10.000000
 50
0.000000
  1
Piece Name: 26SMC-WP313M 展_右手机袋_175/92
  0
TEXT
  8
1
 10
-2188.438034
 20
-220.155482
 40
10.000000
 50
0.000000
  1
Size: 175/92
  0
TEXT
  8
1
 10
-2188.438034
 20
-205.155482
 40
10.000000
 50
0.000000
  1
Annotation: 
  0
TEXT
  8
1
 10
-2188.438034
 20
-190.155482
 40
10.000000
 50
0.000000
  1
Quantity: 1
  0
TEXT
  8
1
 10
-2188.438034
 20
-175.155482
 40
10.000000
 50
0.000000
  1
Material: 净
  0
TEXT
  8
1
 10
-2188.438034
 20
-175.155482
 40
10.000000
 50
0.000000
  1
Category: 39
0
ENDBLK
0
BLOCK
  8
1
  2
26SMC-WP313M 展_后袋垫_175/92
 70
0
 10
0.0
 20
0.0
  0
POLYLINE
  8
1
  66
1
  70
1
  0
VERTEX
  8
1
  10
675.563736
  20
559.261551
  0
VERTEX
  8
1
  10
676.107712
  20
579.898033
  0
VERTEX
  8
1
  10
676.427155
  20
590.174904
  0
VERTEX
  8
1
  10
676.779861
  20
599.895210
  0
VERTEX
  8
1
  10
677.230911
  20
610.451012
  0
VERTEX
  8
1
  10
677.708817
  20
620.415039
  0
VERTEX
  8
1
  10
679.219208
  20
649.340591
  0
VERTEX
  8
1
  10
713.334961
  20
651.801376
  0
VERTEX
  8
1
  10
714.917603
  20
629.858971
  0
VERTEX
  8
1
  10
836.601410
  20
638.636017
  0
VERTEX
  8
1
  10
835.018692
  20
660.578384
  0
VERTEX
  8
1
  10
868.411560
  20
662.987061
  0
VERTEX
  8
1
  10
872.164001
  20
640.430298
  0
VERTEX
  8
1
  10
872.636490
  20
637.003212
  0
VERTEX
  8
1
  10
872.989273
  20
630.707779
  0
VERTEX
  8
1
  10
873.515854
  20
620.639229
  0
VERTEX
  8
1
  10
874.002533
  20
610.470810
  0
VERTEX
  8
1
  10
874.438019
  20
600.218124
  0
VERTEX
  8
1
  10
874.812622
  20
589.827652
  0
VERTEX
  8
1
  10
875.125198
  20
579.720726
  0
VERTEX
  8
1
  10
875.665741
  20
559.261551
  0
SEQEND
  8
1
  0
POINT
  8
2
 10
675.563736
 20
559.261551
  0
TEXT
  8
2
 10
675.563736
 20
559.261551
 40
0.000000
 50
0.000000
  1
# 1097
  0
POINT
  8
2
 10
679.219208
 20
649.340591
  0
TEXT
  8
2
 10
679.219208
 20
649.340591
 40
0.000000
 50
0.000000
  1
# 1098
  0
POINT
  8
2
 10
713.334961
 20
651.801376
  0
TEXT
  8
2
 10
713.334961
 20
651.801376
 40
0.000000
 50
0.000000
  1
# 1099
  0
POINT
  8
2
 10
714.917603
 20
629.858971
  0
TEXT
  8
2
 10
714.917603
 20
629.858971
 40
0.000000
 50
0.000000
  1
# 1100
  0
POINT
  8
2
 10
836.601410
 20
638.636017
  0
TEXT
  8
2
 10
836.601410
 20
638.636017
 40
0.000000
 50
0.000000
  1
# 1101
  0
POINT
  8
2
 10
835.018692
 20
660.578384
  0
TEXT
  8
2
 10
835.018692
 20
660.578384
 40
0.000000
 50
0.000000
  1
# 1102
  0
POINT
  8
2
 10
868.411560
 20
662.987061
  0
TEXT
  8
2
 10
868.411560
 20
662.987061
 40
0.000000
 50
0.000000
  1
# 1103
  0
POINT
  8
2
 10
872.636490
 20
637.003212
  0
TEXT
  8
2
 10
872.636490
 20
637.003212
 40
0.000000
 50
0.000000
  1
# 1104
  0
POINT
  8
2
 10
875.665741
 20
559.261551
  0
TEXT
  8
2
 10
875.665741
 20
559.261551
 40
0.000000
 50
0.000000
  1
# 1105
  0
POINT
  8
3
 10
676.107712
 20
579.898033
  0
POINT
  8
3
 10
676.427155
 20
590.174904
  0
POINT
  8
3
 10
676.779861
 20
599.895210
  0
POINT
  8
3
 10
677.230911
 20
610.451012
  0
POINT
  8
3
 10
677.708817
 20
620.415039
  0
POINT
  8
3
 10
872.164001
 20
640.430298
  0
POINT
  8
3
 10
872.989273
 20
630.707779
  0
POINT
  8
3
 10
873.515854
 20
620.639229
  0
POINT
  8
3
 10
874.002533
 20
610.470810
  0
POINT
  8
3
 10
874.438019
 20
600.218124
  0
POINT
  8
3
 10
874.812622
 20
589.827652
  0
POINT
  8
3
 10
875.125198
 20
579.720726
  0
POLYLINE
  8
14
  66
1
  70
1
  0
VERTEX
  8
14
  10
675.827332
  20
569.261551
  0
VERTEX
  8
14
  10
676.107705
  20
579.898028
  0
VERTEX
  8
14
  10
676.427118
  20
590.174919
  0
VERTEX
  8
14
  10
676.779891
  20
599.895195
  0
VERTEX
  8
14
  10
677.230883
  20
610.450999
  0
VERTEX
  8
14
  10
677.708835
  20
620.415032
  0
VERTEX
  8
14
  10
678.168182
  20
629.212799
  0
VERTEX
  8
14
  10
704.799652
  20
631.133728
  0
VERTEX
  8
14
  10
705.662918
  20
619.165459
  0
VERTEX
  8
14
  10
847.294922
  20
629.381371
  0
VERTEX
  8
14
  10
847.160059
  20
631.251226
  0
VERTEX
  8
14
  10
846.431656
  20
641.349640
  0
VERTEX
  8
14
  10
871.707764
  20
643.172836
  0
VERTEX
  8
14
  10
872.164006
  20
640.430277
  0
VERTEX
  8
14
  10
872.636490
  20
637.003212
  0
VERTEX
  8
14
  10
872.989303
  20
630.707793
  0
VERTEX
  8
14
  10
873.515835
  20
620.639218
  0
VERTEX
  8
14
  10
874.002551
  20
610.470825
  0
VERTEX
  8
14
  10
874.438052
  20
600.218124
  0
VERTEX
  8
14
  10
874.812625
  20
589.827662
  0
VERTEX
  8
14
  10
875.125193
  20
579.720738
  0
VERTEX
  8
14
  10
875.401535
  20
569.261551
  0
SEQEND
  8
14
  0
POINT
  8
2
 10
675.827332
 20
569.261551
  0
TEXT
  8
2
 10
675.827332
 20
569.261551
 40
0.000000
 50
0.000000
  1
# 1106
  0
POINT
  8
2
 10
678.168182
 20
629.212799
  0
TEXT
  8
2
 10
678.168182
 20
629.212799
 40
0.000000
 50
0.000000
  1
# 1107
  0
POINT
  8
2
 10
704.799652
 20
631.133728
  0
TEXT
  8
2
 10
704.799652
 20
631.133728
 40
0.000000
 50
0.000000
  1
# 1108
  0
POINT
  8
2
 10
705.662918
 20
619.165459
  0
TEXT
  8
2
 10
705.662918
 20
619.165459
 40
0.000000
 50
0.000000
  1
# 1109
  0
POINT
  8
2
 10
847.294922
 20
629.381371
  0
TEXT
  8
2
 10
847.294922
 20
629.381371
 40
0.000000
 50
0.000000
  1
# 1110
  0
POINT
  8
2
 10
846.431656
 20
641.349640
  0
TEXT
  8
2
 10
846.431656
 20
641.349640
 40
0.000000
 50
0.000000
  1
# 1111
  0
POINT
  8
2
 10
871.707764
 20
643.172836
  0
TEXT
  8
2
 10
871.707764
 20
643.172836
 40
0.000000
 50
0.000000
  1
# 1112
  0
POINT
  8
2
 10
872.636490
 20
637.003212
  0
TEXT
  8
2
 10
872.636490
 20
637.003212
 40
0.000000
 50
0.000000
  1
# 1113
  0
POINT
  8
2
 10
875.401535
 20
569.261551
  0
TEXT
  8
2
 10
875.401535
 20
569.261551
 40
0.000000
 50
0.000000
  1
# 1114
  0
POINT
  8
3
 10
676.107705
 20
579.898028
  0
POINT
  8
3
 10
676.427118
 20
590.174919
  0
POINT
  8
3
 10
676.779891
 20
599.895195
  0
POINT
  8
3
 10
677.230883
 20
610.450999
  0
POINT
  8
3
 10
677.708835
 20
620.415032
  0
POINT
  8
3
 10
847.160059
 20
631.251226
  0
POINT
  8
3
 10
872.164006
 20
640.430277
  0
POINT
  8
3
 10
872.989303
 20
630.707793
  0
POINT
  8
3
 10
873.515835
 20
620.639218
  0
POINT
  8
3
 10
874.002551
 20
610.470825
  0
POINT
  8
3
 10
874.438052
 20
600.218124
  0
POINT
  8
3
 10
874.812625
 20
589.827662
  0
POINT
  8
3
 10
875.125193
 20
579.720738
 0
LINE
 8
7
 10
784.707184
 20
589.796867
 11
784.707184
 21
612.672234
  0
TEXT
  8
1
 10
775.614738
 20
611.124306
 40
10.000000
 50
0.000000
  1
Piece Name: 26SMC-WP313M 展_后袋垫_175/92
  0
TEXT
  8
1
 10
775.614738
 20
626.124306
 40
10.000000
 50
0.000000
  1
Size: 175/92
  0
TEXT
  8
1
 10
775.614738
 20
641.124306
 40
10.000000
 50
0.000000
  1
Annotation: 
  0
TEXT
  8
1
 10
775.614738
 20
656.124306
 40
10.000000
 50
0.000000
  1
Quantity: 1,1
  0
TEXT
  8
1
 10
775.614738
 20
671.124306
 40
10.000000
 50
0.000000
  1
Material: 面
  0
TEXT
  8
1
 10
775.614738
 20
671.124306
 40
10.000000
 50
0.000000
  1
Category: 40
0
ENDBLK
0
BLOCK
  8
1
  2
26SMC-WP313M 展_贴袋贴布_175/92
 70
0
 10
0.0
 20
0.0
  0
POLYLINE
  8
1
  66
1
  70
1
  0
VERTEX
  8
1
  10
720.002136
  20
-833.718567
  0
VERTEX
  8
1
  10
637.502098
  20
-833.718567
  0
VERTEX
  8
1
  10
555.002060
  20
-833.718567
  0
VERTEX
  8
1
  10
540.002060
  20
-833.718567
  0
VERTEX
  8
1
  10
540.002060
  20
-728.718643
  0
VERTEX
  8
1
  10
555.002060
  20
-713.718643
  0
VERTEX
  8
1
  10
637.502098
  20
-713.718643
  0
VERTEX
  8
1
  10
720.002136
  20
-713.718643
  0
VERTEX
  8
1
  10
735.002136
  20
-728.718643
  0
VERTEX
  8
1
  10
735.002136
  20
-833.718567
  0
SEQEND
  8
1
  0
POINT
  8
2
 10
720.002136
 20
-833.718567
  0
TEXT
  8
2
 10
720.002136
 20
-833.718567
 40
0.000000
 50
0.000000
  1
# 1115
  0
POINT
  8
2
 10
637.502098
 20
-833.718567
  0
TEXT
  8
2
 10
637.502098
 20
-833.718567
 40
0.000000
 50
0.000000
  1
# 1116
  0
POINT
  8
2
 10
555.002060
 20
-833.718567
  0
TEXT
  8
2
 10
555.002060
 20
-833.718567
 40
0.000000
 50
0.000000
  1
# 1117
  0
POINT
  8
2
 10
540.002060
 20
-833.718567
  0
TEXT
  8
2
 10
540.002060
 20
-833.718567
 40
0.000000
 50
0.000000
  1
# 1118
  0
POINT
  8
2
 10
540.002060
 20
-728.718643
  0
TEXT
  8
2
 10
540.002060
 20
-728.718643
 40
0.000000
 50
0.000000
  1
# 1119
  0
POINT
  8
2
 10
555.002060
 20
-713.718643
  0
TEXT
  8
2
 10
555.002060
 20
-713.718643
 40
0.000000
 50
0.000000
  1
# 1120
  0
POINT
  8
2
 10
637.502098
 20
-713.718643
  0
TEXT
  8
2
 10
637.502098
 20
-713.718643
 40
0.000000
 50
0.000000
  1
# 1121
  0
POINT
  8
2
 10
720.002136
 20
-713.718643
  0
TEXT
  8
2
 10
720.002136
 20
-713.718643
 40
0.000000
 50
0.000000
  1
# 1122
  0
POINT
  8
2
 10
735.002136
 20
-728.718643
  0
TEXT
  8
2
 10
735.002136
 20
-728.718643
 40
0.000000
 50
0.000000
  1
# 1123
  0
POINT
  8
2
 10
735.002136
 20
-833.718567
  0
TEXT
  8
2
 10
735.002136
 20
-833.718567
 40
0.000000
 50
0.000000
  1
# 1124
  0
POLYLINE
  8
8
  66
1
  70
0
  0
VERTEX
  8
8
  10
637.502098
  20
-833.718567
  0
VERTEX
  8
8
  10
637.502098
  20
-823.353671
  0
VERTEX
  8
8
  10
637.502098
  20
-813.207246
  0
VERTEX
  8
8
  10
637.502098
  20
-802.881013
  0
VERTEX
  8
8
  10
637.502098
  20
-792.590148
  0
VERTEX
  8
8
  10
637.502098
  20
-782.465559
  0
VERTEX
  8
8
  10
637.502098
  20
-772.340961
  0
VERTEX
  8
8
  10
637.502098
  20
-762.252348
  0
VERTEX
  8
8
  10
637.502098
  20
-752.127741
  0
VERTEX
  8
8
  10
637.502098
  20
-742.003136
  0
VERTEX
  8
8
  10
637.502098
  20
-731.850506
  0
VERTEX
  8
8
  10
637.502098
  20
-721.924033
  0
VERTEX
  8
8
  10
637.502098
  20
-713.718643
  0
SEQEND
  8
8
  0
POINT
  8
2
 10
637.502098
 20
-833.718567
  0
TEXT
  8
2
 10
637.502098
 20
-833.718567
 40
0.000000
 50
0.000000
  1
# 1125
  0
POINT
  8
2
 10
637.502098
 20
-713.718643
  0
TEXT
  8
2
 10
637.502098
 20
-713.718643
 40
0.000000
 50
0.000000
  1
# 1126
  0
POINT
  8
3
 10
637.502098
 20
-823.353671
  0
POINT
  8
3
 10
637.502098
 20
-813.207246
  0
POINT
  8
3
 10
637.502098
 20
-802.881013
  0
POINT
  8
3
 10
637.502098
 20
-792.590148
  0
POINT
  8
3
 10
637.502098
 20
-782.465559
  0
POINT
  8
3
 10
637.502098
 20
-772.340961
  0
POINT
  8
3
 10
637.502098
 20
-762.252348
  0
POINT
  8
3
 10
637.502098
 20
-752.127741
  0
POINT
  8
3
 10
637.502098
 20
-742.003136
  0
POINT
  8
3
 10
637.502098
 20
-731.850506
  0
POINT
  8
3
 10
637.502098
 20
-721.924033
 0
LINE
 8
7
 10
693.930664
 20
-809.718552
 11
693.930664
 21
-737.718582
  0
TEXT
  8
1
 10
637.502098
 20
-773.718605
 40
10.000000
 50
0.000000
  1
Piece Name: 26SMC-WP313M 展_贴袋贴布_175/92
  0
TEXT
  8
1
 10
637.502098
 20
-758.718605
 40
10.000000
 50
0.000000
  1
Size: 175/92
  0
TEXT
  8
1
 10
637.502098
 20
-743.718605
 40
10.000000
 50
0.000000
  1
Annotation: 
  0
TEXT
  8
1
 10
637.502098
 20
-728.718605
 40
10.000000
 50
0.000000
  1
Quantity: 1
  0
TEXT
  8
1
 10
637.502098
 20
-713.718605
 40
10.000000
 50
0.000000
  1
Material: 净
  0
TEXT
  8
1
 10
637.502098
 20
-713.718605
 40
10.000000
 50
0.000000
  1
Category: 41
0
ENDBLK
0
BLOCK
  8
1
  2
26SMC-WP313M 展_侧袋贴_175/92
 70
0
 10
0.0
 20
0.0
  0
POLYLINE
  8
1
  66
1
  70
1
  0
VERTEX
  8
1
  10
-1562.831573
  20
-909.739151
  0
VERTEX
  8
1
  10
-1505.634613
  20
-1029.184875
  0
VERTEX
  8
1
  10
-1461.880341
  20
-1044.411469
  0
VERTEX
  8
1
  10
-1461.350403
  20
-1058.102417
  0
VERTEX
  8
1
  10
-1461.117706
  20
-1066.170578
  0
VERTEX
  8
1
  10
-1460.799255
  20
-1081.846619
  0
VERTEX
  8
1
  10
-1530.905914
  20
-1057.449112
  0
VERTEX
  8
1
  10
-1599.636841
  20
-913.916931
  0
VERTEX
  8
1
  10
-1583.306580
  20
-912.249069
  0
VERTEX
  8
1
  10
-1576.454010
  20
-911.471024
  0
VERTEX
  8
1
  10
-1568.371429
  20
-910.464096
  0
SEQEND
  8
1
  0
POINT
  8
2
 10
-1562.831573
 20
-909.739151
  0
TEXT
  8
2
 10
-1562.831573
 20
-909.739151
 40
0.000000
 50
0.000000
  1
# 1127
  0
POINT
  8
2
 10
-1505.634613
 20
-1029.184875
  0
TEXT
  8
2
 10
-1505.634613
 20
-1029.184875
 40
0.000000
 50
0.000000
  1
# 1128
  0
POINT
  8
2
 10
-1461.880341
 20
-1044.411469
  0
TEXT
  8
2
 10
-1461.880341
 20
-1044.411469
 40
0.000000
 50
0.000000
  1
# 1129
  0
POINT
  8
2
 10
-1460.799255
 20
-1081.846619
  0
TEXT
  8
2
 10
-1460.799255
 20
-1081.846619
 40
0.000000
 50
0.000000
  1
# 1130
  0
POINT
  8
2
 10
-1530.905914
 20
-1057.449112
  0
TEXT
  8
2
 10
-1530.905914
 20
-1057.449112
 40
0.000000
 50
0.000000
  1
# 1131
  0
POINT
  8
2
 10
-1599.636841
 20
-913.916931
  0
TEXT
  8
2
 10
-1599.636841
 20
-913.916931
 40
0.000000
 50
0.000000
  1
# 1132
  0
POINT
  8
3
 10
-1461.350403
 20
-1058.102417
  0
POINT
  8
3
 10
-1461.117706
 20
-1066.170578
  0
POINT
  8
3
 10
-1583.306580
 20
-912.249069
  0
POINT
  8
3
 10
-1576.454010
 20
-911.471024
  0
POINT
  8
3
 10
-1568.371429
 20
-910.464096
  0
POLYLINE
  8
14
  66
1
  70
1
  0
VERTEX
  8
14
  10
-1565.791016
  20
-915.136032
  0
VERTEX
  8
14
  10
-1509.244843
  20
-1033.222656
  0
VERTEX
  8
14
  10
-1466.744843
  20
-1048.011093
  0
VERTEX
  8
14
  10
-1466.347550
  20
-1058.271484
  0
VERTEX
  8
14
  10
-1466.116257
  20
-1066.291345
  0
VERTEX
  8
14
  10
-1465.963593
  20
-1074.755325
  0
VERTEX
  8
14
  10
-1527.295837
  20
-1053.411407
  0
VERTEX
  8
14
  10
-1592.075806
  20
-918.170700
  0
VERTEX
  8
14
  10
-1582.770143
  20
-917.220205
  0
VERTEX
  8
14
  10
-1575.861506
  20
-916.435787
  0
VERTEX
  8
14
  10
-1567.729636
  20
-915.422759
  0
SEQEND
  8
14
  0
POINT
  8
2
 10
-1565.791016
 20
-915.136032
  0
TEXT
  8
2
 10
-1565.791016
 20
-915.136032
 40
0.000000
 50
0.000000
  1
# 1133
  0
POINT
  8
2
 10
-1509.244843
 20
-1033.222656
  0
TEXT
  8
2
 10
-1509.244843
 20
-1033.222656
 40
0.000000
 50
0.000000
  1
# 1134
  0
POINT
  8
2
 10
-1466.744843
 20
-1048.011093
  0
TEXT
  8
2
 10
-1466.744843
 20
-1048.011093
 40
0.000000
 50
0.000000
  1
# 1135
  0
POINT
  8
2
 10
-1465.963593
 20
-1074.755325
  0
TEXT
  8
2
 10
-1465.963593
 20
-1074.755325
 40
0.000000
 50
0.000000
  1
# 1136
  0
POINT
  8
2
 10
-1527.295837
 20
-1053.411407
  0
TEXT
  8
2
 10
-1527.295837
 20
-1053.411407
 40
0.000000
 50
0.000000
  1
# 1137
  0
POINT
  8
2
 10
-1592.075806
 20
-918.170700
  0
TEXT
  8
2
 10
-1592.075806
 20
-918.170700
 40
0.000000
 50
0.000000
  1
# 1138
  0
POINT
  8
3
 10
-1466.347550
 20
-1058.271484
  0
POINT
  8
3
 10
-1466.116257
 20
-1066.291345
  0
POINT
  8
3
 10
-1582.770143
 20
-917.220205
  0
POINT
  8
3
 10
-1575.861506
 20
-916.435787
  0
POINT
  8
3
 10
-1567.729636
 20
-915.422759
 0
LINE
 8
7
 10
-1538.695374
 20
-1001.573486
 11
-1538.695374
 21
-971.338654
  0
TEXT
  8
1
 10
-1530.218048
 20
-995.792885
 40
10.000000
 50
0.000000
  1
Piece Name: 26SMC-WP313M 展_侧袋贴_175/92
  0
TEXT
  8
1
 10
-1530.218048
 20
-980.792885
 40
10.000000
 50
0.000000
  1
Size: 175/92
  0
TEXT
  8
1
 10
-1530.218048
 20
-965.792885
 40
10.000000
 50
0.000000
  1
Annotation: 
  0
TEXT
  8
1
 10
-1530.218048
 20
-950.792885
 40
10.000000
 50
0.000000
  1
Quantity: 1,1
  0
TEXT
  8
1
 10
-1530.218048
 20
-935.792885
 40
10.000000
 50
0.000000
  1
Material: 衬
  0
TEXT
  8
1
 10
-1530.218048
 20
-935.792885
 40
10.000000
 50
0.000000
  1
Category: 42
0
ENDBLK
  0
ENDSEC
  0
SECTION
  2
ENTITIES
  0
INSERT
  8
1
  2
26SMC-WP313M 展_贴袋贴布_175/92
  10
652.077820
  20
-585.151814
  0
INSERT
  8
1
  2
26SMC-WP313M 展_后袋布_175/92
  10
528.588035
  20
501.930829
  0
INSERT
  8
1
  2
26SMC-WP313M 展_右后_175/92
  10
135.416469
  20
-1179.628815
  0
INSERT
  8
1
  2
26SMC-WP313M 展_左后_175/92
  10
-395.935491
  20
-1164.323689
  0
INSERT
  8
1
  2
26SMC-WP313M 展_左前_175/92
  10
-780.978869
  20
-1214.870526
  0
INSERT
  8
1
  2
26SMC-WP313M 展_右后飞机_175/92
  10
150.620353
  20
-847.008558
  0
INSERT
  8
1
  2
26SMC-WP313M 展_后飞机_175/92
  10
110.940233
  20
-715.826150
  0
INSERT
  8
1
  2
26SMC-WP313M 展_腿袋_175/92
  10
1097.020264
  20
-455.346187
  0
INSERT
  8
1
  2
26SMC-WP313M 展_腿袋风琴_175/92
  10
447.521782
  20
-342.918629
  0
INSERT
  8
1
  2
26SMC-WP313M 展_后_175/92
  10
-49.206746
  20
-230.045310
  0
INSERT
  8
1
  2
26SMC-WP313M 展_前_175/92
  10
-643.928315
  20
-340.097865
  0
INSERT
  8
1
  2
26SMC-WP313M 展_腰面_175/92
  10
-298.789797
  20
228.806788
  0
INSERT
  8
1
  2
26SMC-WP313M 展_腰_175/92
  10
-290.557285
  20
130.428414
  0
INSERT
  8
1
  2
26SMC-WP313M 展_裤袢_175/92
  10
-413.502941
  20
547.557297
  0
INSERT
  8
1
  2
26SMC-WP313M 展_裤袢_175/92
  10
-522.777119
  20
386.219749
  0
INSERT
  8
1
  2
26SMC-WP313M 展_裤袢_175/92
  10
-529.707127
  20
455.605640
  0
INSERT
  8
1
  2
26SMC-WP313M 展_双刀_175/92
  10
-1241.860768
  20
231.369008
  0
INSERT
  8
1
  2
26SMC-WP313M 展_单刀_175/92
  10
-1382.655302
  20
291.824873
  0
INSERT
  8
1
  2
26SMC-WP313M 展_双刀_175/92
  10
-1357.645575
  20
446.061250
  0
INSERT
  8
1
  2
26SMC-WP313M 展_单刀_175/92
  10
-1216.251140
  20
505.582152
  0
INSERT
  8
1
  2
26SMC-WP313M 展_后袋开线_175/92
  10
842.632997
  20
221.332006
  0
INSERT
  8
1
  2
26SMC-WP313M 展_后袋开线_175/92
  10
1011.946716
  20
225.429602
  0
INSERT
  8
1
  2
26SMC-WP313M 展_腿袋画版_175/92
  10
293.356836
  20
-434.820324
  0
INSERT
  8
1
  2
26SMC-WP313M 展_腿袋_175/92
  10
625.165787
  20
-341.820145
  0
INSERT
  8
1
  2
26SMC-WP313M 展_腿袋盖_175/92
  10
625.165806
  20
-163.486811
  0
INSERT
  8
1
  2
26SMC-WP313M 展_腿袋风琴_175/92
  10
834.376221
  20
-357.939066
  0
INSERT
  8
1
  2
26SMC-WP313M 展_腿袋盖_175/92
  10
1087.545128
  20
-186.659857
  0
INSERT
  8
1
  2
26SMC-WP313M 展_腿袋口贴_175/92
  10
1078.957443
  20
-290.003567
  0
INSERT
  8
1
  2
26SMC-WP313M 展_腿袋盖_175/92
  10
1320.695839
  20
-189.532760
  0
INSERT
  8
1
  2
26SMC-WP313M 展_腿袋口贴_175/92
  10
1312.108192
  20
-292.876472
  0
INSERT
  8
1
  2
26SMC-WP313M 展_后袋盖_175/92
  10
291.315765
  20
-237.387333
  0
INSERT
  8
1
  2
26SMC-WP313M 展_后袋盖_175/92
  10
295.746517
  20
-135.479816
  0
INSERT
  8
1
  2
26SMC-WP313M 展_后袋盖_175/92
  10
292.163706
  20
-39.767282
  0
INSERT
  8
1
  2
26SMC-WP313M 展_侧袋布_175/92
  10
-1196.936360
  20
-305.219314
  0
INSERT
  8
1
  2
26SMC-WP313M 展_侧袋垫_175/92
  10
-1575.695964
  20
-293.488370
  0
INSERT
  8
1
  2
26SMC-WP313M 展_侧袋贴_175/92
  10
-1780.904078
  20
-243.089699
  0
INSERT
  8
1
  2
26SMC-WP313M 展_右手机袋_175/92
  10
-2016.046266
  20
-256.390231
  0
INSERT
  8
1
  2
26SMC-WP313M 展_右前_175/92
  10
-1087.234912
  20
-1182.873893
  0
INSERT
  8
1
  2
26SMC-WP313M 展_左后飞机_175/92
  10
-415.340418
  20
-847.008558
  0
INSERT
  8
1
  2
26SMC-WP313M 展_右手机袋_175/92
  10
-2189.505128
  20
-248.130292
  0
INSERT
  8
1
  2
26SMC-WP313M 展_后袋垫_175/92
  10
786.439133
  20
618.772398
  0
INSERT
  8
1
  2
26SMC-WP313M 展_贴袋贴布_175/92
  10
637.502098
  20
-776.718605
  0
INSERT
  8
1
  2
26SMC-WP313M 展_侧袋贴_175/92
  10
-1521.178584
  20
-1007.123045
  0
TEXT
  8
1
 10
-423.822327
 20
-1547.600098
 40
10.000000
 50
0.000000
  1
STYLE NAME: 26SMC-WP313M 展
  0
TEXT
  8
1
 10
-423.822327
 20
-1562.600098
 40
10.000000
 50
0.000000
  1
CREATION DATE: 2025/4/27/11/54
  0
TEXT
  8
1
 10
-423.822327
 20
-1577.600098
 40
10.000000
 50
0.000000
  1
AUTHOR: BUYI-TECH
  0
TEXT
  8
1
 10
-423.822327
 20
-1592.600098
 40
10.000000
 50
0.000000
  1
SAMPLE SIZE: 175/92
  0
TEXT
  8
1
 10
-423.822327
 20
-1607.600098
 40
10.000000
 50
0.000000
  1
GRADE RULE TABLE: 26SMC-WP313M DXF展
  0
TEXT
  8
1
 10
-423.822327
 20
-1622.600098
 40
10.000000
 50
0.000000
  1
UNITS: METRIC
  0
ENDSEC
  0
EOF
