999
ANSI/AAMA
  0
SECTION
  2
BLOCKS
0
BLOCK
  8
1
  2
26SMC-WP130M 展_后片上_175/84
 70
0
 10
0.0
 20
0.0
  0
POLYLINE
  8
1
  66
1
  70
1
  0
VERTEX
  8
1
  10
2076.199951
  20
405.138626
  0
VERTEX
  8
1
  10
2075.401001
  20
405.150642
  0
VERTEX
  8
1
  10
2073.304443
  20
405.182190
  0
VERTEX
  8
1
  10
2063.260193
  20
405.334587
  0
VERTEX
  8
1
  10
2053.096161
  20
405.490761
  0
VERTEX
  8
1
  10
2042.865448
  20
405.649567
  0
VERTEX
  8
1
  10
2032.632141
  20
405.799332
  0
VERTEX
  8
1
  10
2022.562256
  20
405.922546
  0
VERTEX
  8
1
  10
2015.293732
  20
406.032639
  0
VERTEX
  8
1
  10
2010.205231
  20
406.184349
  0
VERTEX
  8
1
  10
2005.993042
  20
406.389465
  0
VERTEX
  8
1
  10
2002.215424
  20
406.654434
  0
VERTEX
  8
1
  10
1998.409882
  20
407.015991
  0
VERTEX
  8
1
  10
1994.947052
  20
407.441597
  0
VERTEX
  8
1
  10
1991.618805
  20
407.945366
  0
VERTEX
  8
1
  10
1987.872162
  20
408.619270
  0
VERTEX
  8
1
  10
1984.195557
  20
409.384842
  0
VERTEX
  8
1
  10
1980.599213
  20
410.228653
  0
VERTEX
  8
1
  10
1976.661682
  20
411.255264
  0
VERTEX
  8
1
  10
1972.853546
  20
412.346191
  0
VERTEX
  8
1
  10
1968.792419
  20
413.611946
  0
VERTEX
  8
1
  10
1964.931030
  20
414.910583
  0
VERTEX
  8
1
  10
1960.940247
  20
416.348305
  0
VERTEX
  8
1
  10
1956.926727
  20
417.891464
  0
VERTEX
  8
1
  10
1952.743378
  20
419.605064
  0
VERTEX
  8
1
  10
1948.925171
  20
421.266975
  0
VERTEX
  8
1
  10
1945.356903
  20
422.913551
  0
VERTEX
  8
1
  10
1941.768188
  20
424.660454
  0
VERTEX
  8
1
  10
1937.175598
  20
426.859322
  0
VERTEX
  8
1
  10
1936.641083
  20
433.533363
  0
VERTEX
  8
1
  10
1935.971680
  20
442.001648
  0
VERTEX
  8
1
  10
1935.149078
  20
451.925735
  0
VERTEX
  8
1
  10
1934.252777
  20
462.103577
  0
VERTEX
  8
1
  10
1933.309631
  20
472.284622
  0
VERTEX
  8
1
  10
1932.331390
  20
482.420692
  0
VERTEX
  8
1
  10
1931.306915
  20
492.586899
  0
VERTEX
  8
1
  10
1930.227661
  20
502.733955
  0
VERTEX
  8
1
  10
1929.089813
  20
512.782402
  0
VERTEX
  8
1
  10
1927.869873
  20
522.905655
  0
VERTEX
  8
1
  10
1926.581421
  20
533.026314
  0
VERTEX
  8
1
  10
1925.225677
  20
543.179626
  0
VERTEX
  8
1
  10
1923.818054
  20
553.297272
  0
VERTEX
  8
1
  10
1922.361450
  20
563.415298
  0
VERTEX
  8
1
  10
1920.856781
  20
573.576279
  0
VERTEX
  8
1
  10
1919.323730
  20
583.697395
  0
VERTEX
  8
1
  10
1917.763062
  20
593.821259
  0
VERTEX
  8
1
  10
1916.174774
  20
603.994904
  0
VERTEX
  8
1
  10
1914.579926
  20
614.127350
  0
VERTEX
  8
1
  10
1912.978363
  20
624.265594
  0
VERTEX
  8
1
  10
1911.369934
  20
634.456406
  0
VERTEX
  8
1
  10
1909.776001
  20
644.610291
  0
VERTEX
  8
1
  10
1908.196869
  20
654.774017
  0
VERTEX
  8
1
  10
1906.655121
  20
664.850464
  0
VERTEX
  8
1
  10
1905.128021
  20
675.035477
  0
VERTEX
  8
1
  10
1903.636017
  20
685.230560
  0
VERTEX
  8
1
  10
1902.190399
  20
695.389938
  0
VERTEX
  8
1
  10
1900.782013
  20
705.601654
  0
VERTEX
  8
1
  10
1899.415436
  20
715.815506
  0
VERTEX
  8
1
  10
1898.086090
  20
726.037064
  0
VERTEX
  8
1
  10
1896.817169
  20
736.040421
  0
VERTEX
  8
1
  10
1895.541992
  20
746.287231
  0
VERTEX
  8
1
  10
1894.588013
  20
754.088593
  0
VERTEX
  8
1
  10
1894.261780
  20
756.755142
  0
VERTEX
  8
1
  10
1893.992004
  20
759.493256
  0
VERTEX
  8
1
  10
1893.208008
  20
767.441483
  0
VERTEX
  8
1
  10
1892.238007
  20
777.781296
  0
VERTEX
  8
1
  10
1891.340485
  20
787.874832
  0
VERTEX
  8
1
  10
1890.486603
  20
798.183670
  0
VERTEX
  8
1
  10
1889.723969
  20
808.358917
  0
VERTEX
  8
1
  10
1889.117279
  20
817.534714
  0
VERTEX
  8
1
  10
1888.624268
  20
826.216202
  0
VERTEX
  8
1
  10
1888.230591
  20
834.622269
  0
VERTEX
  8
1
  10
1887.898712
  20
843.679123
  0
VERTEX
  8
1
  10
1887.618561
  20
853.754349
  0
VERTEX
  8
1
  10
1887.417297
  20
863.879852
  0
VERTEX
  8
1
  10
1887.337646
  20
868.828812
  0
VERTEX
  8
1
  10
1887.195129
  20
876.790543
  0
VERTEX
  8
1
  10
1906.556854
  20
878.113098
  0
VERTEX
  8
1
  10
1916.497955
  20
878.791885
  0
VERTEX
  8
1
  10
1926.606140
  20
879.481812
  0
VERTEX
  8
1
  10
1936.895752
  20
880.183716
  0
VERTEX
  8
1
  10
1947.230682
  20
880.888367
  0
VERTEX
  8
1
  10
1957.630005
  20
881.597137
  0
VERTEX
  8
1
  10
1957.630615
  20
881.597137
  0
VERTEX
  8
1
  10
1972.614594
  20
882.617874
  0
VERTEX
  8
1
  10
1973.605194
  20
867.650681
  0
VERTEX
  8
1
  10
1980.705566
  20
868.134308
  0
VERTEX
  8
1
  10
1990.858002
  20
868.825455
  0
VERTEX
  8
1
  10
2001.128693
  20
869.524384
  0
VERTEX
  8
1
  10
2011.399384
  20
870.222931
  0
VERTEX
  8
1
  10
2021.637268
  20
870.918961
  0
VERTEX
  8
1
  10
2031.907959
  20
871.616821
  0
VERTEX
  8
1
  10
2042.178650
  20
872.314453
  0
VERTEX
  8
1
  10
2052.258148
  20
872.998886
  0
VERTEX
  8
1
  10
2062.528839
  20
873.695908
  0
VERTEX
  8
1
  10
2072.799835
  20
874.392471
  0
VERTEX
  8
1
  10
2082.765961
  20
875.067978
  0
VERTEX
  8
1
  10
2092.927551
  20
875.756378
  0
VERTEX
  8
1
  10
2093.329468
  20
875.783539
  0
VERTEX
  8
1
  10
2092.339020
  20
890.750809
  0
VERTEX
  8
1
  10
2107.289276
  20
891.763077
  0
VERTEX
  8
1
  10
2107.290344
  20
891.763153
  0
VERTEX
  8
1
  10
2116.494598
  20
892.385330
  0
VERTEX
  8
1
  10
2126.662903
  20
893.073578
  0
VERTEX
  8
1
  10
2137.400818
  20
893.801498
  0
VERTEX
  8
1
  10
2147.316132
  20
894.474792
  0
VERTEX
  8
1
  10
2157.726746
  20
895.182877
  0
VERTEX
  8
1
  10
2177.014771
  20
896.496353
  0
VERTEX
  8
1
  10
2196.001587
  20
801.163559
  0
VERTEX
  8
1
  10
2196.100311
  20
800.539551
  0
VERTEX
  8
1
  10
2196.334229
  20
799.047546
  0
VERTEX
  8
1
  10
2197.348175
  20
792.970123
  0
VERTEX
  8
1
  10
2198.519135
  20
786.440277
  0
VERTEX
  8
1
  10
2199.726105
  20
780.144882
  0
VERTEX
  8
1
  10
2201.025238
  20
773.811340
  0
VERTEX
  8
1
  10
2202.362061
  20
767.742844
  0
VERTEX
  8
1
  10
2203.486786
  20
762.990494
  0
VERTEX
  8
1
  10
2204.514618
  20
758.958359
  0
VERTEX
  8
1
  10
2205.615234
  20
754.980316
  0
VERTEX
  8
1
  10
2206.645966
  20
751.561203
  0
VERTEX
  8
1
  10
2207.746887
  20
748.214874
  0
VERTEX
  8
1
  10
2208.750763
  20
745.415878
  0
VERTEX
  8
1
  10
2209.813690
  20
742.690430
  0
VERTEX
  8
1
  10
2210.938568
  20
740.047607
  0
VERTEX
  8
1
  10
2212.127838
  20
737.496185
  0
VERTEX
  8
1
  10
2213.169708
  20
735.445786
  0
VERTEX
  8
1
  10
2214.258881
  20
733.469009
  0
VERTEX
  8
1
  10
2215.396118
  20
731.569824
  0
VERTEX
  8
1
  10
2216.582336
  20
729.751968
  0
VERTEX
  8
1
  10
2217.818451
  20
728.018341
  0
VERTEX
  8
1
  10
2219.105530
  20
726.371231
  0
VERTEX
  8
1
  10
2220.445251
  20
724.812317
  0
VERTEX
  8
1
  10
2221.556244
  20
723.629379
  0
VERTEX
  8
1
  10
2222.883453
  20
722.335434
  0
VERTEX
  8
1
  10
2224.087982
  20
721.262817
  0
VERTEX
  8
1
  10
2225.675201
  20
719.973907
  0
VERTEX
  8
1
  10
2227.351837
  20
718.742065
  0
VERTEX
  8
1
  10
2229.115295
  20
717.567139
  0
VERTEX
  8
1
  10
2230.962372
  20
716.449280
  0
VERTEX
  8
1
  10
2232.889404
  20
715.388718
  0
VERTEX
  8
1
  10
2234.892120
  20
714.385605
  0
VERTEX
  8
1
  10
2236.965942
  20
713.440170
  0
VERTEX
  8
1
  10
2239.105682
  20
712.552490
  0
VERTEX
  8
1
  10
2241.752930
  20
711.563263
  0
VERTEX
  8
1
  10
2244.477692
  20
710.656433
  0
VERTEX
  8
1
  10
2247.270050
  20
709.831009
  0
VERTEX
  8
1
  10
2250.119781
  20
709.085693
  0
VERTEX
  8
1
  10
2253.016357
  20
708.418732
  0
VERTEX
  8
1
  10
2255.949554
  20
707.828217
  0
VERTEX
  8
1
  10
2259.403839
  20
707.232819
  0
VERTEX
  8
1
  10
2262.876892
  20
706.734238
  0
VERTEX
  8
1
  10
2266.665192
  20
706.295776
  0
VERTEX
  8
1
  10
2270.617371
  20
705.943909
  0
VERTEX
  8
1
  10
2274.472351
  20
705.689926
  0
VERTEX
  8
1
  10
2278.579865
  20
705.504303
  0
VERTEX
  8
1
  10
2283.092651
  20
705.392609
  0
VERTEX
  8
1
  10
2287.414703
  20
705.372925
  0
VERTEX
  8
1
  10
2294.700165
  20
705.454178
  0
VERTEX
  8
1
  10
2308.280487
  20
705.551605
  0
VERTEX
  8
1
  10
2301.311646
  20
692.154083
  0
VERTEX
  8
1
  10
2295.781860
  20
681.576157
  0
VERTEX
  8
1
  10
2291.300354
  20
672.849045
  0
VERTEX
  8
1
  10
2287.332764
  20
664.951248
  0
VERTEX
  8
1
  10
2283.945313
  20
658.036880
  0
VERTEX
  8
1
  10
2280.537262
  20
650.889969
  0
VERTEX
  8
1
  10
2277.033386
  20
643.341827
  0
VERTEX
  8
1
  10
2273.601074
  20
635.752258
  0
VERTEX
  8
1
  10
2270.076447
  20
627.760582
  0
VERTEX
  8
1
  10
2266.501312
  20
619.449196
  0
VERTEX
  8
1
  10
2263.127747
  20
611.397438
  0
VERTEX
  8
1
  10
2259.983368
  20
603.686104
  0
VERTEX
  8
1
  10
2256.916962
  20
595.948753
  0
VERTEX
  8
1
  10
2254.007111
  20
588.381081
  0
VERTEX
  8
1
  10
2251.243134
  20
580.962067
  0
VERTEX
  8
1
  10
2248.561401
  20
573.518066
  0
VERTEX
  8
1
  10
2246.093445
  20
566.422729
  0
VERTEX
  8
1
  10
2243.742371
  20
559.412880
  0
VERTEX
  8
1
  10
2241.557770
  20
552.647781
  0
VERTEX
  8
1
  10
2239.452362
  20
545.862122
  0
VERTEX
  8
1
  10
2237.429352
  20
539.056282
  0
VERTEX
  8
1
  10
2235.597076
  20
532.610207
  0
VERTEX
  8
1
  10
2233.843842
  20
526.146622
  0
VERTEX
  8
1
  10
2232.202301
  20
519.788246
  0
VERTEX
  8
1
  10
2230.511169
  20
512.893791
  0
VERTEX
  8
1
  10
2228.899384
  20
505.971527
  0
VERTEX
  8
1
  10
2227.278137
  20
498.636932
  0
VERTEX
  8
1
  10
2225.670319
  20
490.968094
  0
VERTEX
  8
1
  10
2224.129944
  20
483.204269
  0
VERTEX
  8
1
  10
2222.673798
  20
475.424614
  0
VERTEX
  8
1
  10
2221.302643
  20
467.630119
  0
VERTEX
  8
1
  10
2220.025330
  20
459.876251
  0
VERTEX
  8
1
  10
2218.721161
  20
451.405907
  0
VERTEX
  8
1
  10
2217.330627
  20
441.806259
  0
VERTEX
  8
1
  10
2216.164093
  20
433.294830
  0
VERTEX
  8
1
  10
2215.272217
  20
426.880875
  0
VERTEX
  8
1
  10
2210.801086
  20
424.734535
  0
VERTEX
  8
1
  10
2207.253723
  20
423.003120
  0
VERTEX
  8
1
  10
2203.686676
  20
421.352844
  0
VERTEX
  8
1
  10
2199.868927
  20
419.686813
  0
VERTEX
  8
1
  10
2195.685730
  20
417.968483
  0
VERTEX
  8
1
  10
2191.671753
  20
416.420555
  0
VERTEX
  8
1
  10
2187.680054
  20
414.977951
  0
VERTEX
  8
1
  10
2183.817291
  20
413.674393
  0
VERTEX
  8
1
  10
2179.754486
  20
412.403297
  0
VERTEX
  8
1
  10
2175.944061
  20
411.307182
  0
VERTEX
  8
1
  10
2172.004089
  20
410.275002
  0
VERTEX
  8
1
  10
2168.404846
  20
409.425888
  0
VERTEX
  8
1
  10
2164.724884
  20
408.654747
  0
VERTEX
  8
1
  10
2160.974426
  20
407.974892
  0
VERTEX
  8
1
  10
2157.642517
  20
407.465668
  0
VERTEX
  8
1
  10
2153.984375
  20
407.013550
  0
VERTEX
  8
1
  10
2150.171967
  20
406.651802
  0
VERTEX
  8
1
  10
2146.387482
  20
406.386833
  0
VERTEX
  8
1
  10
2142.167511
  20
406.181908
  0
VERTEX
  8
1
  10
2137.069855
  20
406.030502
  0
VERTEX
  8
1
  10
2129.788513
  20
405.920639
  0
VERTEX
  8
1
  10
2119.752655
  20
405.797882
  0
VERTEX
  8
1
  10
2109.499664
  20
405.648079
  0
VERTEX
  8
1
  10
2099.298706
  20
405.490074
  0
VERTEX
  8
1
  10
2089.117279
  20
405.333900
  0
VERTEX
  8
1
  10
2079.070129
  20
405.181770
  0
VERTEX
  8
1
  10
2076.992645
  20
405.150528
  0
SEQEND
  8
1
  0
POINT
  8
2
 10
2076.199951
 20
405.138626
  0
TEXT
  8
2
 10
2076.199951
 20
405.138626
 40
0.000000
 50
0.000000
  1
# 1
  0
POINT
  8
2
 10
1937.175598
 20
426.859322
  0
TEXT
  8
2
 10
1937.175598
 20
426.859322
 40
0.000000
 50
0.000000
  1
# 2
  0
POINT
  8
2
 10
1894.261780
 20
756.755142
  0
TEXT
  8
2
 10
1894.261780
 20
756.755142
 40
0.000000
 50
0.000000
  1
# 3
  0
POINT
  8
2
 10
1887.195129
 20
876.790543
  0
TEXT
  8
2
 10
1887.195129
 20
876.790543
 40
0.000000
 50
0.000000
  1
# 4
  0
POINT
  8
2
 10
1957.630005
 20
881.597137
  0
TEXT
  8
2
 10
1957.630005
 20
881.597137
 40
0.000000
 50
0.000000
  1
# 5
  0
POINT
  8
2
 10
1972.614594
 20
882.617874
  0
TEXT
  8
2
 10
1972.614594
 20
882.617874
 40
0.000000
 50
0.000000
  1
# 6
  0
POINT
  8
2
 10
1973.605194
 20
867.650681
  0
TEXT
  8
2
 10
1973.605194
 20
867.650681
 40
0.000000
 50
0.000000
  1
# 7
  0
POINT
  8
2
 10
2093.329468
 20
875.783539
  0
TEXT
  8
2
 10
2093.329468
 20
875.783539
 40
0.000000
 50
0.000000
  1
# 8
  0
POINT
  8
2
 10
2092.339020
 20
890.750809
  0
TEXT
  8
2
 10
2092.339020
 20
890.750809
 40
0.000000
 50
0.000000
  1
# 9
  0
POINT
  8
2
 10
2107.290344
 20
891.763153
  0
TEXT
  8
2
 10
2107.290344
 20
891.763153
 40
0.000000
 50
0.000000
  1
# 10
  0
POINT
  8
2
 10
2177.014771
 20
896.496353
  0
TEXT
  8
2
 10
2177.014771
 20
896.496353
 40
0.000000
 50
0.000000
  1
# 11
  0
POINT
  8
2
 10
2196.001587
 20
801.163559
  0
TEXT
  8
2
 10
2196.001587
 20
801.163559
 40
0.000000
 50
0.000000
  1
# 12
  0
POINT
  8
2
 10
2308.280487
 20
705.551605
  0
TEXT
  8
2
 10
2308.280487
 20
705.551605
 40
0.000000
 50
0.000000
  1
# 13
  0
POINT
  8
2
 10
2215.272217
 20
426.880875
  0
TEXT
  8
2
 10
2215.272217
 20
426.880875
 40
0.000000
 50
0.000000
  1
# 14
  0
POINT
  8
3
 10
2075.401001
 20
405.150642
  0
POINT
  8
3
 10
2073.304443
 20
405.182190
  0
POINT
  8
3
 10
2063.260193
 20
405.334587
  0
POINT
  8
3
 10
2053.096161
 20
405.490761
  0
POINT
  8
3
 10
2042.865448
 20
405.649567
  0
POINT
  8
3
 10
2032.632141
 20
405.799332
  0
POINT
  8
3
 10
2022.562256
 20
405.922546
  0
POINT
  8
3
 10
2015.293732
 20
406.032639
  0
POINT
  8
3
 10
2010.205231
 20
406.184349
  0
POINT
  8
3
 10
2005.993042
 20
406.389465
  0
POINT
  8
3
 10
2002.215424
 20
406.654434
  0
POINT
  8
3
 10
1998.409882
 20
407.015991
  0
POINT
  8
3
 10
1994.947052
 20
407.441597
  0
POINT
  8
3
 10
1991.618805
 20
407.945366
  0
POINT
  8
3
 10
1987.872162
 20
408.619270
  0
POINT
  8
3
 10
1984.195557
 20
409.384842
  0
POINT
  8
3
 10
1980.599213
 20
410.228653
  0
POINT
  8
3
 10
1976.661682
 20
411.255264
  0
POINT
  8
3
 10
1972.853546
 20
412.346191
  0
POINT
  8
3
 10
1968.792419
 20
413.611946
  0
POINT
  8
3
 10
1964.931030
 20
414.910583
  0
POINT
  8
3
 10
1960.940247
 20
416.348305
  0
POINT
  8
3
 10
1956.926727
 20
417.891464
  0
POINT
  8
3
 10
1952.743378
 20
419.605064
  0
POINT
  8
3
 10
1948.925171
 20
421.266975
  0
POINT
  8
3
 10
1945.356903
 20
422.913551
  0
POINT
  8
3
 10
1941.768188
 20
424.660454
  0
POINT
  8
3
 10
1936.641083
 20
433.533363
  0
POINT
  8
3
 10
1935.971680
 20
442.001648
  0
POINT
  8
3
 10
1935.149078
 20
451.925735
  0
POINT
  8
3
 10
1934.252777
 20
462.103577
  0
POINT
  8
3
 10
1933.309631
 20
472.284622
  0
POINT
  8
3
 10
1932.331390
 20
482.420692
  0
POINT
  8
3
 10
1931.306915
 20
492.586899
  0
POINT
  8
3
 10
1930.227661
 20
502.733955
  0
POINT
  8
3
 10
1929.089813
 20
512.782402
  0
POINT
  8
3
 10
1927.869873
 20
522.905655
  0
POINT
  8
3
 10
1926.581421
 20
533.026314
  0
POINT
  8
3
 10
1925.225677
 20
543.179626
  0
POINT
  8
3
 10
1923.818054
 20
553.297272
  0
POINT
  8
3
 10
1922.361450
 20
563.415298
  0
POINT
  8
3
 10
1920.856781
 20
573.576279
  0
POINT
  8
3
 10
1919.323730
 20
583.697395
  0
POINT
  8
3
 10
1917.763062
 20
593.821259
  0
POINT
  8
3
 10
1916.174774
 20
603.994904
  0
POINT
  8
3
 10
1914.579926
 20
614.127350
  0
POINT
  8
3
 10
1912.978363
 20
624.265594
  0
POINT
  8
3
 10
1911.369934
 20
634.456406
  0
POINT
  8
3
 10
1909.776001
 20
644.610291
  0
POINT
  8
3
 10
1908.196869
 20
654.774017
  0
POINT
  8
3
 10
1906.655121
 20
664.850464
  0
POINT
  8
3
 10
1905.128021
 20
675.035477
  0
POINT
  8
3
 10
1903.636017
 20
685.230560
  0
POINT
  8
3
 10
1902.190399
 20
695.389938
  0
POINT
  8
3
 10
1900.782013
 20
705.601654
  0
POINT
  8
3
 10
1899.415436
 20
715.815506
  0
POINT
  8
3
 10
1898.086090
 20
726.037064
  0
POINT
  8
3
 10
1896.817169
 20
736.040421
  0
POINT
  8
3
 10
1895.541992
 20
746.287231
  0
POINT
  8
3
 10
1894.588013
 20
754.088593
  0
POINT
  8
3
 10
1893.992004
 20
759.493256
  0
POINT
  8
3
 10
1893.208008
 20
767.441483
  0
POINT
  8
3
 10
1892.238007
 20
777.781296
  0
POINT
  8
3
 10
1891.340485
 20
787.874832
  0
POINT
  8
3
 10
1890.486603
 20
798.183670
  0
POINT
  8
3
 10
1889.723969
 20
808.358917
  0
POINT
  8
3
 10
1889.117279
 20
817.534714
  0
POINT
  8
3
 10
1888.624268
 20
826.216202
  0
POINT
  8
3
 10
1888.230591
 20
834.622269
  0
POINT
  8
3
 10
1887.898712
 20
843.679123
  0
POINT
  8
3
 10
1887.618561
 20
853.754349
  0
POINT
  8
3
 10
1887.417297
 20
863.879852
  0
POINT
  8
3
 10
1887.337646
 20
868.828812
  0
POINT
  8
3
 10
1906.556854
 20
878.113098
  0
POINT
  8
3
 10
1916.497955
 20
878.791885
  0
POINT
  8
3
 10
1926.606140
 20
879.481812
  0
POINT
  8
3
 10
1936.895752
 20
880.183716
  0
POINT
  8
3
 10
1947.230682
 20
880.888367
  0
POINT
  8
3
 10
1957.630615
 20
881.597137
  0
POINT
  8
3
 10
1980.705566
 20
868.134308
  0
POINT
  8
3
 10
1990.858002
 20
868.825455
  0
POINT
  8
3
 10
2001.128693
 20
869.524384
  0
POINT
  8
3
 10
2011.399384
 20
870.222931
  0
POINT
  8
3
 10
2021.637268
 20
870.918961
  0
POINT
  8
3
 10
2031.907959
 20
871.616821
  0
POINT
  8
3
 10
2042.178650
 20
872.314453
  0
POINT
  8
3
 10
2052.258148
 20
872.998886
  0
POINT
  8
3
 10
2062.528839
 20
873.695908
  0
POINT
  8
3
 10
2072.799835
 20
874.392471
  0
POINT
  8
3
 10
2082.765961
 20
875.067978
  0
POINT
  8
3
 10
2092.927551
 20
875.756378
  0
POINT
  8
3
 10
2107.289276
 20
891.763077
  0
POINT
  8
3
 10
2116.494598
 20
892.385330
  0
POINT
  8
3
 10
2126.662903
 20
893.073578
  0
POINT
  8
3
 10
2137.400818
 20
893.801498
  0
POINT
  8
3
 10
2147.316132
 20
894.474792
  0
POINT
  8
3
 10
2157.726746
 20
895.182877
  0
POINT
  8
3
 10
2196.100311
 20
800.539551
  0
POINT
  8
3
 10
2196.334229
 20
799.047546
  0
POINT
  8
3
 10
2197.348175
 20
792.970123
  0
POINT
  8
3
 10
2198.519135
 20
786.440277
  0
POINT
  8
3
 10
2199.726105
 20
780.144882
  0
POINT
  8
3
 10
2201.025238
 20
773.811340
  0
POINT
  8
3
 10
2202.362061
 20
767.742844
  0
POINT
  8
3
 10
2203.486786
 20
762.990494
  0
POINT
  8
3
 10
2204.514618
 20
758.958359
  0
POINT
  8
3
 10
2205.615234
 20
754.980316
  0
POINT
  8
3
 10
2206.645966
 20
751.561203
  0
POINT
  8
3
 10
2207.746887
 20
748.214874
  0
POINT
  8
3
 10
2208.750763
 20
745.415878
  0
POINT
  8
3
 10
2209.813690
 20
742.690430
  0
POINT
  8
3
 10
2210.938568
 20
740.047607
  0
POINT
  8
3
 10
2212.127838
 20
737.496185
  0
POINT
  8
3
 10
2213.169708
 20
735.445786
  0
POINT
  8
3
 10
2214.258881
 20
733.469009
  0
POINT
  8
3
 10
2215.396118
 20
731.569824
  0
POINT
  8
3
 10
2216.582336
 20
729.751968
  0
POINT
  8
3
 10
2217.818451
 20
728.018341
  0
POINT
  8
3
 10
2219.105530
 20
726.371231
  0
POINT
  8
3
 10
2220.445251
 20
724.812317
  0
POINT
  8
3
 10
2221.556244
 20
723.629379
  0
POINT
  8
3
 10
2222.883453
 20
722.335434
  0
POINT
  8
3
 10
2224.087982
 20
721.262817
  0
POINT
  8
3
 10
2225.675201
 20
719.973907
  0
POINT
  8
3
 10
2227.351837
 20
718.742065
  0
POINT
  8
3
 10
2229.115295
 20
717.567139
  0
POINT
  8
3
 10
2230.962372
 20
716.449280
  0
POINT
  8
3
 10
2232.889404
 20
715.388718
  0
POINT
  8
3
 10
2234.892120
 20
714.385605
  0
POINT
  8
3
 10
2236.965942
 20
713.440170
  0
POINT
  8
3
 10
2239.105682
 20
712.552490
  0
POINT
  8
3
 10
2241.752930
 20
711.563263
  0
POINT
  8
3
 10
2244.477692
 20
710.656433
  0
POINT
  8
3
 10
2247.270050
 20
709.831009
  0
POINT
  8
3
 10
2250.119781
 20
709.085693
  0
POINT
  8
3
 10
2253.016357
 20
708.418732
  0
POINT
  8
3
 10
2255.949554
 20
707.828217
  0
POINT
  8
3
 10
2259.403839
 20
707.232819
  0
POINT
  8
3
 10
2262.876892
 20
706.734238
  0
POINT
  8
3
 10
2266.665192
 20
706.295776
  0
POINT
  8
3
 10
2270.617371
 20
705.943909
  0
POINT
  8
3
 10
2274.472351
 20
705.689926
  0
POINT
  8
3
 10
2278.579865
 20
705.504303
  0
POINT
  8
3
 10
2283.092651
 20
705.392609
  0
POINT
  8
3
 10
2287.414703
 20
705.372925
  0
POINT
  8
3
 10
2294.700165
 20
705.454178
  0
POINT
  8
3
 10
2301.311646
 20
692.154083
  0
POINT
  8
3
 10
2295.781860
 20
681.576157
  0
POINT
  8
3
 10
2291.300354
 20
672.849045
  0
POINT
  8
3
 10
2287.332764
 20
664.951248
  0
POINT
  8
3
 10
2283.945313
 20
658.036880
  0
POINT
  8
3
 10
2280.537262
 20
650.889969
  0
POINT
  8
3
 10
2277.033386
 20
643.341827
  0
POINT
  8
3
 10
2273.601074
 20
635.752258
  0
POINT
  8
3
 10
2270.076447
 20
627.760582
  0
POINT
  8
3
 10
2266.501312
 20
619.449196
  0
POINT
  8
3
 10
2263.127747
 20
611.397438
  0
POINT
  8
3
 10
2259.983368
 20
603.686104
  0
POINT
  8
3
 10
2256.916962
 20
595.948753
  0
POINT
  8
3
 10
2254.007111
 20
588.381081
  0
POINT
  8
3
 10
2251.243134
 20
580.962067
  0
POINT
  8
3
 10
2248.561401
 20
573.518066
  0
POINT
  8
3
 10
2246.093445
 20
566.422729
  0
POINT
  8
3
 10
2243.742371
 20
559.412880
  0
POINT
  8
3
 10
2241.557770
 20
552.647781
  0
POINT
  8
3
 10
2239.452362
 20
545.862122
  0
POINT
  8
3
 10
2237.429352
 20
539.056282
  0
POINT
  8
3
 10
2235.597076
 20
532.610207
  0
POINT
  8
3
 10
2233.843842
 20
526.146622
  0
POINT
  8
3
 10
2232.202301
 20
519.788246
  0
POINT
  8
3
 10
2230.511169
 20
512.893791
  0
POINT
  8
3
 10
2228.899384
 20
505.971527
  0
POINT
  8
3
 10
2227.278137
 20
498.636932
  0
POINT
  8
3
 10
2225.670319
 20
490.968094
  0
POINT
  8
3
 10
2224.129944
 20
483.204269
  0
POINT
  8
3
 10
2222.673798
 20
475.424614
  0
POINT
  8
3
 10
2221.302643
 20
467.630119
  0
POINT
  8
3
 10
2220.025330
 20
459.876251
  0
POINT
  8
3
 10
2218.721161
 20
451.405907
  0
POINT
  8
3
 10
2217.330627
 20
441.806259
  0
POINT
  8
3
 10
2216.164093
 20
433.294830
  0
POINT
  8
3
 10
2210.801086
 20
424.734535
  0
POINT
  8
3
 10
2207.253723
 20
423.003120
  0
POINT
  8
3
 10
2203.686676
 20
421.352844
  0
POINT
  8
3
 10
2199.868927
 20
419.686813
  0
POINT
  8
3
 10
2195.685730
 20
417.968483
  0
POINT
  8
3
 10
2191.671753
 20
416.420555
  0
POINT
  8
3
 10
2187.680054
 20
414.977951
  0
POINT
  8
3
 10
2183.817291
 20
413.674393
  0
POINT
  8
3
 10
2179.754486
 20
412.403297
  0
POINT
  8
3
 10
2175.944061
 20
411.307182
  0
POINT
  8
3
 10
2172.004089
 20
410.275002
  0
POINT
  8
3
 10
2168.404846
 20
409.425888
  0
POINT
  8
3
 10
2164.724884
 20
408.654747
  0
POINT
  8
3
 10
2160.974426
 20
407.974892
  0
POINT
  8
3
 10
2157.642517
 20
407.465668
  0
POINT
  8
3
 10
2153.984375
 20
407.013550
  0
POINT
  8
3
 10
2150.171967
 20
406.651802
  0
POINT
  8
3
 10
2146.387482
 20
406.386833
  0
POINT
  8
3
 10
2142.167511
 20
406.181908
  0
POINT
  8
3
 10
2137.069855
 20
406.030502
  0
POINT
  8
3
 10
2129.788513
 20
405.920639
  0
POINT
  8
3
 10
2119.752655
 20
405.797882
  0
POINT
  8
3
 10
2109.499664
 20
405.648079
  0
POINT
  8
3
 10
2099.298706
 20
405.490074
  0
POINT
  8
3
 10
2089.117279
 20
405.333900
  0
POINT
  8
3
 10
2079.070129
 20
405.181770
  0
POINT
  8
3
 10
2076.992645
 20
405.150528
  0
POINT
  8
4
 10
1957.630615
 20
881.597137
 30
1.000000
 50
273.90
  0
TEXT
  8
4
 10
1957.630615
 20
881.597137
 40
0.000000
 50
0.000000
  1
# 15
  0
POINT
  8
4
 10
2107.289276
 20
891.763077
 30
1.000000
 50
273.87
  0
TEXT
  8
4
 10
2107.289276
 20
891.763077
 40
0.000000
 50
0.000000
  1
# 16
  0
POLYLINE
  8
14
  66
1
  70
1
  0
VERTEX
  8
14
  10
2076.200104
  20
415.139771
  0
VERTEX
  8
14
  10
2073.455134
  20
415.181065
  0
VERTEX
  8
14
  10
2063.412747
  20
415.333414
  0
VERTEX
  8
14
  10
2053.250968
  20
415.489554
  0
VERTEX
  8
14
  10
2043.018876
  20
415.648380
  0
VERTEX
  8
14
  10
2032.768770
  20
415.798398
  0
VERTEX
  8
14
  10
2022.674114
  20
415.921915
  0
VERTEX
  8
14
  10
2015.512473
  20
416.030235
  0
VERTEX
  8
14
  10
2010.595660
  20
416.176725
  0
VERTEX
  8
14
  10
2006.584029
  20
416.371973
  0
VERTEX
  8
14
  10
2003.030796
  20
416.621144
  0
VERTEX
  8
14
  10
1999.492959
  20
416.957161
  0
VERTEX
  8
14
  10
1996.308592
  20
417.348486
  0
VERTEX
  8
14
  10
1993.247127
  20
417.811901
  0
VERTEX
  8
14
  10
1989.780724
  20
418.435460
  0
VERTEX
  8
14
  10
1986.360767
  20
419.147616
  0
VERTEX
  8
14
  10
1982.999656
  20
419.936256
  0
VERTEX
  8
14
  10
1979.304187
  20
420.899816
  0
VERTEX
  8
14
  10
1975.716533
  20
421.927602
  0
VERTEX
  8
14
  10
1971.878176
  20
423.123933
  0
VERTEX
  8
14
  10
1968.218929
  20
424.354605
  0
VERTEX
  8
14
  10
1964.429533
  20
425.719772
  0
VERTEX
  8
14
  10
1960.614102
  20
427.186787
  0
VERTEX
  8
14
  10
1956.637109
  20
428.815848
  0
VERTEX
  8
14
  10
1953.014882
  20
430.392408
  0
VERTEX
  8
14
  10
1949.653213
  20
431.943619
  0
VERTEX
  8
14
  10
1946.677704
  20
433.420563
  0
VERTEX
  8
14
  10
1945.939572
  20
442.802892
  0
VERTEX
  8
14
  10
1945.112712
  20
452.778056
  0
VERTEX
  8
14
  10
1944.212095
  20
463.004610
  0
VERTEX
  8
14
  10
1943.265174
  20
473.227135
  0
VERTEX
  8
14
  10
1942.283292
  20
483.400326
  0
VERTEX
  8
14
  10
1941.253874
  20
493.614889
  0
VERTEX
  8
14
  10
1940.168075
  20
503.823451
  0
VERTEX
  8
14
  10
1939.022182
  20
513.943758
  0
VERTEX
  8
14
  10
1937.793864
  20
524.136267
  0
VERTEX
  8
14
  10
1936.497380
  20
534.320442
  0
VERTEX
  8
14
  10
1935.133835
  20
544.531631
  0
VERTEX
  8
14
  10
1933.719211
  20
554.699937
  0
VERTEX
  8
14
  10
1932.256296
  20
564.861397
  0
VERTEX
  8
14
  10
1930.746247
  20
575.058706
  0
VERTEX
  8
14
  10
1929.208744
  20
585.209091
  0
VERTEX
  8
14
  10
1927.644693
  20
595.355414
  0
VERTEX
  8
14
  10
1926.053870
  20
605.544761
  0
VERTEX
  8
14
  10
1924.457659
  20
615.686037
  0
VERTEX
  8
14
  10
1922.855823
  20
625.826407
  0
VERTEX
  8
14
  10
1921.248093
  20
636.012553
  0
VERTEX
  8
14
  10
1919.655995
  20
646.154519
  0
VERTEX
  8
14
  10
1918.079891
  20
656.298983
  0
VERTEX
  8
14
  10
1916.542251
  20
666.349052
  0
VERTEX
  8
14
  10
1915.019953
  20
676.501746
  0
VERTEX
  8
14
  10
1913.533309
  20
686.659702
  0
VERTEX
  8
14
  10
1912.093691
  20
696.777382
  0
VERTEX
  8
14
  10
1910.691048
  20
706.947285
  0
VERTEX
  8
14
  10
1909.329554
  20
717.122803
  0
VERTEX
  8
14
  10
1908.004875
  20
727.309505
  0
VERTEX
  8
14
  10
1906.739331
  20
737.286270
  0
VERTEX
  8
14
  10
1905.466766
  20
747.511860
  0
VERTEX
  8
14
  10
1904.200745
  20
757.869873
  0
VERTEX
  8
14
  10
1903.162209
  20
768.398029
  0
VERTEX
  8
14
  10
1902.196466
  20
778.692193
  0
VERTEX
  8
14
  10
1901.303601
  20
788.733432
  0
VERTEX
  8
14
  10
1900.455475
  20
798.972577
  0
VERTEX
  8
14
  10
1899.699212
  20
809.062409
  0
VERTEX
  8
14
  10
1899.098462
  20
818.148682
  0
VERTEX
  8
14
  10
1898.610829
  20
826.734534
  0
VERTEX
  8
14
  10
1898.221911
  20
835.038244
  0
VERTEX
  8
14
  10
1897.893550
  20
843.999966
  0
VERTEX
  8
14
  10
1897.615777
  20
853.991836
  0
VERTEX
  8
14
  10
1897.415984
  20
864.038221
  0
VERTEX
  8
14
  10
1897.350769
  20
867.460938
  0
VERTEX
  8
14
  10
1907.238250
  20
868.136337
  0
VERTEX
  8
14
  10
1917.178987
  20
868.815115
  0
VERTEX
  8
14
  10
1927.286906
  20
869.505000
  0
VERTEX
  8
14
  10
1937.576200
  20
870.206874
  0
VERTEX
  8
14
  10
1947.910870
  20
870.911521
  0
VERTEX
  8
14
  10
1958.309631
  20
871.620255
  0
VERTEX
  8
14
  10
1958.310242
  20
871.620255
  0
VERTEX
  8
14
  10
1963.298035
  20
871.960068
  0
VERTEX
  8
14
  10
1964.288635
  20
856.992874
  0
VERTEX
  8
14
  10
1971.279253
  20
857.469111
  0
VERTEX
  8
14
  10
1981.384996
  20
858.157389
  0
VERTEX
  8
14
  10
1991.537116
  20
858.848541
  0
VERTEX
  8
14
  10
2001.807471
  20
859.547413
  0
VERTEX
  8
14
  10
2012.077852
  20
860.245955
  0
VERTEX
  8
14
  10
2022.315445
  20
860.941941
  0
VERTEX
  8
14
  10
2032.585847
  20
861.639850
  0
VERTEX
  8
14
  10
2042.856265
  20
862.337470
  0
VERTEX
  8
14
  10
2052.935359
  20
863.021821
  0
VERTEX
  8
14
  10
2063.205792
  20
863.718819
  0
VERTEX
  8
14
  10
2073.476262
  20
864.415391
  0
VERTEX
  8
14
  10
2083.442043
  20
865.090850
  0
VERTEX
  8
14
  10
2093.603248
  20
865.779198
  0
VERTEX
  8
14
  10
2103.966980
  20
866.480942
  0
VERTEX
  8
14
  10
2102.976532
  20
881.448135
  0
VERTEX
  8
14
  10
2107.964783
  20
881.785889
  0
VERTEX
  8
14
  10
2107.964783
  20
881.785889
  0
VERTEX
  8
14
  10
2117.169420
  20
882.408148
  0
VERTEX
  8
14
  10
2127.338712
  20
883.096460
  0
VERTEX
  8
14
  10
2138.077723
  20
883.824418
  0
VERTEX
  8
14
  10
2147.994190
  20
884.497845
  0
VERTEX
  8
14
  10
2158.405765
  20
885.205933
  0
VERTEX
  8
14
  10
2168.924408
  20
885.922241
  0
VERTEX
  8
14
  10
2186.153107
  20
799.427032
  0
VERTEX
  8
14
  10
2186.459595
  20
797.469081
  0
VERTEX
  8
14
  10
2187.494762
  20
791.264572
  0
VERTEX
  8
14
  10
2188.686904
  20
784.616139
  0
VERTEX
  8
14
  10
2189.916805
  20
778.201412
  0
VERTEX
  8
14
  10
2191.243457
  20
771.733338
  0
VERTEX
  8
14
  10
2192.613653
  20
765.513721
  0
VERTEX
  8
14
  10
2193.775447
  20
760.604893
  0
VERTEX
  8
14
  10
2194.848408
  20
756.396503
  0
VERTEX
  8
14
  10
2196.008771
  20
752.202493
  0
VERTEX
  8
14
  10
2197.106737
  20
748.560669
  0
VERTEX
  8
14
  10
2198.291619
  20
744.959322
  0
VERTEX
  8
14
  10
2199.383481
  20
741.915103
  0
VERTEX
  8
14
  10
2200.551936
  20
738.919376
  0
VERTEX
  8
14
  10
2201.802860
  20
735.980809
  0
VERTEX
  8
14
  10
2203.142128
  20
733.108063
  0
VERTEX
  8
14
  10
2204.329911
  20
730.770635
  0
VERTEX
  8
14
  10
2205.586527
  20
728.489941
  0
VERTEX
  8
14
  10
2206.915378
  20
726.270992
  0
VERTEX
  8
14
  10
2208.319864
  20
724.118799
  0
VERTEX
  8
14
  10
2209.803387
  20
722.038374
  0
VERTEX
  8
14
  10
2211.369342
  20
720.034735
  0
VERTEX
  8
14
  10
2213.021142
  20
718.112880
  0
VERTEX
  8
14
  10
2214.406672
  20
716.637652
  0
VERTEX
  8
14
  10
2216.078565
  20
715.007880
  0
VERTEX
  8
14
  10
2217.591873
  20
713.660066
  0
VERTEX
  8
14
  10
2219.563918
  20
712.058612
  0
VERTEX
  8
14
  10
2221.620276
  20
710.547606
  0
VERTEX
  8
14
  10
2223.755548
  20
709.124780
  0
VERTEX
  8
14
  10
2225.964357
  20
707.787851
  0
VERTEX
  8
14
  10
2228.241304
  20
706.534551
  0
VERTEX
  8
14
  10
2230.580997
  20
705.362606
  0
VERTEX
  8
14
  10
2232.978043
  20
704.269743
  0
VERTEX
  8
14
  10
2235.427052
  20
703.253689
  0
VERTEX
  8
14
  10
2238.426856
  20
702.132613
  0
VERTEX
  8
14
  10
2241.484409
  20
701.114938
  0
VERTEX
  8
14
  10
2244.590388
  20
700.196738
  0
VERTEX
  8
14
  10
2247.735477
  20
699.374085
  0
VERTEX
  8
14
  10
2250.910354
  20
698.643052
  0
VERTEX
  8
14
  10
2254.105711
  20
697.999708
  0
VERTEX
  8
14
  10
2257.847077
  20
697.354730
  0
VERTEX
  8
14
  10
2261.588835
  20
696.817524
  0
VERTEX
  8
14
  10
2265.650413
  20
696.347393
  0
VERTEX
  8
14
  10
2269.852067
  20
695.973233
  0
VERTEX
  8
14
  10
2273.918446
  20
695.705243
  0
VERTEX
  8
14
  10
2278.228094
  20
695.510529
  0
VERTEX
  8
14
  10
2282.947943
  20
695.393659
  0
VERTEX
  8
14
  10
2287.471349
  20
695.373113
  0
VERTEX
  8
14
  10
2291.736908
  20
695.390320
  0
VERTEX
  8
14
  10
2286.905280
  20
686.181250
  0
VERTEX
  8
14
  10
2282.384826
  20
677.378285
  0
VERTEX
  8
14
  10
2278.375020
  20
669.396392
  0
VERTEX
  8
14
  10
2274.942004
  20
662.388842
  0
VERTEX
  8
14
  10
2271.488856
  20
655.147508
  0
VERTEX
  8
14
  10
2267.941772
  20
647.506371
  0
VERTEX
  8
14
  10
2264.470202
  20
639.830067
  0
VERTEX
  8
14
  10
2260.908641
  20
631.754371
  0
VERTEX
  8
14
  10
2257.296658
  20
623.357252
  0
VERTEX
  8
14
  10
2253.886078
  20
615.217382
  0
VERTEX
  8
14
  10
2250.705324
  20
607.416922
  0
VERTEX
  8
14
  10
2247.601738
  20
599.585569
  0
VERTEX
  8
14
  10
2244.654720
  20
591.921419
  0
VERTEX
  8
14
  10
2241.853760
  20
584.403112
  0
VERTEX
  8
14
  10
2239.134448
  20
576.854778
  0
VERTEX
  8
14
  10
2236.630408
  20
569.655598
  0
VERTEX
  8
14
  10
2234.243526
  20
562.538957
  0
VERTEX
  8
14
  10
2232.024393
  20
555.666652
  0
VERTEX
  8
14
  10
2229.884295
  20
548.769271
  0
VERTEX
  8
14
  10
2227.826601
  20
541.847074
  0
VERTEX
  8
14
  10
2225.961922
  20
535.286878
  0
VERTEX
  8
14
  10
2224.176591
  20
528.704994
  0
VERTEX
  8
14
  10
2222.505017
  20
522.230254
  0
VERTEX
  8
14
  10
2220.784905
  20
515.217462
  0
VERTEX
  8
14
  10
2219.147379
  20
508.184620
  0
VERTEX
  8
14
  10
2217.502243
  20
500.741849
  0
VERTEX
  8
14
  10
2215.872281
  20
492.967519
  0
VERTEX
  8
14
  10
2214.310677
  20
485.097285
  0
VERTEX
  8
14
  10
2212.834664
  20
477.210760
  0
VERTEX
  8
14
  10
2211.444616
  20
469.309008
  0
VERTEX
  8
14
  10
2210.149698
  20
461.448358
  0
VERTEX
  8
14
  10
2208.830730
  20
452.882526
  0
VERTEX
  8
14
  10
2207.428106
  20
443.199171
  0
VERTEX
  8
14
  10
2205.908203
  20
433.491821
  0
VERTEX
  8
14
  10
2202.948815
  20
432.029074
  0
VERTEX
  8
14
  10
2199.588038
  20
430.474354
  0
VERTEX
  8
14
  10
2195.966232
  20
428.893810
  0
VERTEX
  8
14
  10
2191.989121
  20
427.260159
  0
VERTEX
  8
14
  10
2188.173030
  20
425.788537
  0
VERTEX
  8
14
  10
2184.382453
  20
424.418600
  0
VERTEX
  8
14
  10
2180.721574
  20
423.183137
  0
VERTEX
  8
14
  10
2176.880959
  20
421.981578
  0
VERTEX
  8
14
  10
2173.290682
  20
420.948716
  0
VERTEX
  8
14
  10
2169.591971
  20
419.979725
  0
VERTEX
  8
14
  10
2166.227413
  20
419.185960
  0
VERTEX
  8
14
  10
2162.803433
  20
418.468397
  0
VERTEX
  8
14
  10
2159.332389
  20
417.839149
  0
VERTEX
  8
14
  10
2156.266332
  20
417.370525
  0
VERTEX
  8
14
  10
2152.902541
  20
416.954846
  0
VERTEX
  8
14
  10
2149.357898
  20
416.618626
  0
VERTEX
  8
14
  10
2145.797790
  20
416.369447
  0
VERTEX
  8
14
  10
2141.778414
  20
416.174343
  0
VERTEX
  8
14
  10
2136.852104
  20
416.028114
  0
VERTEX
  8
14
  10
2129.676740
  20
415.920005
  0
VERTEX
  8
14
  10
2119.616269
  20
415.796953
  0
VERTEX
  8
14
  10
2109.346601
  20
415.646905
  0
VERTEX
  8
14
  10
2099.144204
  20
415.488870
  0
VERTEX
  8
14
  10
2088.965011
  20
415.332759
  0
VERTEX
  8
14
  10
2078.919599
  20
415.180619
  0
SEQEND
  8
14
  0
POINT
  8
2
 10
2076.200104
 20
415.139771
  0
TEXT
  8
2
 10
2076.200104
 20
415.139771
 40
0.000000
 50
0.000000
  1
# 17
  0
POINT
  8
2
 10
1946.677704
 20
433.420563
  0
TEXT
  8
2
 10
1946.677704
 20
433.420563
 40
0.000000
 50
0.000000
  1
# 18
  0
POINT
  8
2
 10
1904.200745
 20
757.869873
  0
TEXT
  8
2
 10
1904.200745
 20
757.869873
 40
0.000000
 50
0.000000
  1
# 19
  0
POINT
  8
2
 10
1897.350769
 20
867.460938
  0
TEXT
  8
2
 10
1897.350769
 20
867.460938
 40
0.000000
 50
0.000000
  1
# 20
  0
POINT
  8
2
 10
1958.309631
 20
871.620255
  0
TEXT
  8
2
 10
1958.309631
 20
871.620255
 40
0.000000
 50
0.000000
  1
# 21
  0
POINT
  8
2
 10
1963.298035
 20
871.960068
  0
TEXT
  8
2
 10
1963.298035
 20
871.960068
 40
0.000000
 50
0.000000
  1
# 22
  0
POINT
  8
2
 10
1964.288635
 20
856.992874
  0
TEXT
  8
2
 10
1964.288635
 20
856.992874
 40
0.000000
 50
0.000000
  1
# 23
  0
POINT
  8
2
 10
2103.966980
 20
866.480942
  0
TEXT
  8
2
 10
2103.966980
 20
866.480942
 40
0.000000
 50
0.000000
  1
# 24
  0
POINT
  8
2
 10
2102.976532
 20
881.448135
  0
TEXT
  8
2
 10
2102.976532
 20
881.448135
 40
0.000000
 50
0.000000
  1
# 25
  0
POINT
  8
2
 10
2107.964783
 20
881.785889
  0
TEXT
  8
2
 10
2107.964783
 20
881.785889
 40
0.000000
 50
0.000000
  1
# 26
  0
POINT
  8
2
 10
2168.924408
 20
885.922241
  0
TEXT
  8
2
 10
2168.924408
 20
885.922241
 40
0.000000
 50
0.000000
  1
# 27
  0
POINT
  8
2
 10
2186.153107
 20
799.427032
  0
TEXT
  8
2
 10
2186.153107
 20
799.427032
 40
0.000000
 50
0.000000
  1
# 28
  0
POINT
  8
2
 10
2291.736908
 20
695.390320
  0
TEXT
  8
2
 10
2291.736908
 20
695.390320
 40
0.000000
 50
0.000000
  1
# 29
  0
POINT
  8
2
 10
2205.908203
 20
433.491821
  0
TEXT
  8
2
 10
2205.908203
 20
433.491821
 40
0.000000
 50
0.000000
  1
# 30
  0
POINT
  8
3
 10
2073.455134
 20
415.181065
  0
POINT
  8
3
 10
2063.412747
 20
415.333414
  0
POINT
  8
3
 10
2053.250968
 20
415.489554
  0
POINT
  8
3
 10
2043.018876
 20
415.648380
  0
POINT
  8
3
 10
2032.768770
 20
415.798398
  0
POINT
  8
3
 10
2022.674114
 20
415.921915
  0
POINT
  8
3
 10
2015.512473
 20
416.030235
  0
POINT
  8
3
 10
2010.595660
 20
416.176725
  0
POINT
  8
3
 10
2006.584029
 20
416.371973
  0
POINT
  8
3
 10
2003.030796
 20
416.621144
  0
POINT
  8
3
 10
1999.492959
 20
416.957161
  0
POINT
  8
3
 10
1996.308592
 20
417.348486
  0
POINT
  8
3
 10
1993.247127
 20
417.811901
  0
POINT
  8
3
 10
1989.780724
 20
418.435460
  0
POINT
  8
3
 10
1986.360767
 20
419.147616
  0
POINT
  8
3
 10
1982.999656
 20
419.936256
  0
POINT
  8
3
 10
1979.304187
 20
420.899816
  0
POINT
  8
3
 10
1975.716533
 20
421.927602
  0
POINT
  8
3
 10
1971.878176
 20
423.123933
  0
POINT
  8
3
 10
1968.218929
 20
424.354605
  0
POINT
  8
3
 10
1964.429533
 20
425.719772
  0
POINT
  8
3
 10
1960.614102
 20
427.186787
  0
POINT
  8
3
 10
1956.637109
 20
428.815848
  0
POINT
  8
3
 10
1953.014882
 20
430.392408
  0
POINT
  8
3
 10
1949.653213
 20
431.943619
  0
POINT
  8
3
 10
1945.939572
 20
442.802892
  0
POINT
  8
3
 10
1945.112712
 20
452.778056
  0
POINT
  8
3
 10
1944.212095
 20
463.004610
  0
POINT
  8
3
 10
1943.265174
 20
473.227135
  0
POINT
  8
3
 10
1942.283292
 20
483.400326
  0
POINT
  8
3
 10
1941.253874
 20
493.614889
  0
POINT
  8
3
 10
1940.168075
 20
503.823451
  0
POINT
  8
3
 10
1939.022182
 20
513.943758
  0
POINT
  8
3
 10
1937.793864
 20
524.136267
  0
POINT
  8
3
 10
1936.497380
 20
534.320442
  0
POINT
  8
3
 10
1935.133835
 20
544.531631
  0
POINT
  8
3
 10
1933.719211
 20
554.699937
  0
POINT
  8
3
 10
1932.256296
 20
564.861397
  0
POINT
  8
3
 10
1930.746247
 20
575.058706
  0
POINT
  8
3
 10
1929.208744
 20
585.209091
  0
POINT
  8
3
 10
1927.644693
 20
595.355414
  0
POINT
  8
3
 10
1926.053870
 20
605.544761
  0
POINT
  8
3
 10
1924.457659
 20
615.686037
  0
POINT
  8
3
 10
1922.855823
 20
625.826407
  0
POINT
  8
3
 10
1921.248093
 20
636.012553
  0
POINT
  8
3
 10
1919.655995
 20
646.154519
  0
POINT
  8
3
 10
1918.079891
 20
656.298983
  0
POINT
  8
3
 10
1916.542251
 20
666.349052
  0
POINT
  8
3
 10
1915.019953
 20
676.501746
  0
POINT
  8
3
 10
1913.533309
 20
686.659702
  0
POINT
  8
3
 10
1912.093691
 20
696.777382
  0
POINT
  8
3
 10
1910.691048
 20
706.947285
  0
POINT
  8
3
 10
1909.329554
 20
717.122803
  0
POINT
  8
3
 10
1908.004875
 20
727.309505
  0
POINT
  8
3
 10
1906.739331
 20
737.286270
  0
POINT
  8
3
 10
1905.466766
 20
747.511860
  0
POINT
  8
3
 10
1903.162209
 20
768.398029
  0
POINT
  8
3
 10
1902.196466
 20
778.692193
  0
POINT
  8
3
 10
1901.303601
 20
788.733432
  0
POINT
  8
3
 10
1900.455475
 20
798.972577
  0
POINT
  8
3
 10
1899.699212
 20
809.062409
  0
POINT
  8
3
 10
1899.098462
 20
818.148682
  0
POINT
  8
3
 10
1898.610829
 20
826.734534
  0
POINT
  8
3
 10
1898.221911
 20
835.038244
  0
POINT
  8
3
 10
1897.893550
 20
843.999966
  0
POINT
  8
3
 10
1897.615777
 20
853.991836
  0
POINT
  8
3
 10
1897.415984
 20
864.038221
  0
POINT
  8
3
 10
1907.238250
 20
868.136337
  0
POINT
  8
3
 10
1917.178987
 20
868.815115
  0
POINT
  8
3
 10
1927.286906
 20
869.505000
  0
POINT
  8
3
 10
1937.576200
 20
870.206874
  0
POINT
  8
3
 10
1947.910870
 20
870.911521
  0
POINT
  8
3
 10
1958.310242
 20
871.620255
  0
POINT
  8
3
 10
1971.279253
 20
857.469111
  0
POINT
  8
3
 10
1981.384996
 20
858.157389
  0
POINT
  8
3
 10
1991.537116
 20
858.848541
  0
POINT
  8
3
 10
2001.807471
 20
859.547413
  0
POINT
  8
3
 10
2012.077852
 20
860.245955
  0
POINT
  8
3
 10
2022.315445
 20
860.941941
  0
POINT
  8
3
 10
2032.585847
 20
861.639850
  0
POINT
  8
3
 10
2042.856265
 20
862.337470
  0
POINT
  8
3
 10
2052.935359
 20
863.021821
  0
POINT
  8
3
 10
2063.205792
 20
863.718819
  0
POINT
  8
3
 10
2073.476262
 20
864.415391
  0
POINT
  8
3
 10
2083.442043
 20
865.090850
  0
POINT
  8
3
 10
2093.603248
 20
865.779198
  0
POINT
  8
3
 10
2107.964783
 20
881.785889
  0
POINT
  8
3
 10
2117.169420
 20
882.408148
  0
POINT
  8
3
 10
2127.338712
 20
883.096460
  0
POINT
  8
3
 10
2138.077723
 20
883.824418
  0
POINT
  8
3
 10
2147.994190
 20
884.497845
  0
POINT
  8
3
 10
2158.405765
 20
885.205933
  0
POINT
  8
3
 10
2186.459595
 20
797.469081
  0
POINT
  8
3
 10
2187.494762
 20
791.264572
  0
POINT
  8
3
 10
2188.686904
 20
784.616139
  0
POINT
  8
3
 10
2189.916805
 20
778.201412
  0
POINT
  8
3
 10
2191.243457
 20
771.733338
  0
POINT
  8
3
 10
2192.613653
 20
765.513721
  0
POINT
  8
3
 10
2193.775447
 20
760.604893
  0
POINT
  8
3
 10
2194.848408
 20
756.396503
  0
POINT
  8
3
 10
2196.008771
 20
752.202493
  0
POINT
  8
3
 10
2197.106737
 20
748.560669
  0
POINT
  8
3
 10
2198.291619
 20
744.959322
  0
POINT
  8
3
 10
2199.383481
 20
741.915103
  0
POINT
  8
3
 10
2200.551936
 20
738.919376
  0
POINT
  8
3
 10
2201.802860
 20
735.980809
  0
POINT
  8
3
 10
2203.142128
 20
733.108063
  0
POINT
  8
3
 10
2204.329911
 20
730.770635
  0
POINT
  8
3
 10
2205.586527
 20
728.489941
  0
POINT
  8
3
 10
2206.915378
 20
726.270992
  0
POINT
  8
3
 10
2208.319864
 20
724.118799
  0
POINT
  8
3
 10
2209.803387
 20
722.038374
  0
POINT
  8
3
 10
2211.369342
 20
720.034735
  0
POINT
  8
3
 10
2213.021142
 20
718.112880
  0
POINT
  8
3
 10
2214.406672
 20
716.637652
  0
POINT
  8
3
 10
2216.078565
 20
715.007880
  0
POINT
  8
3
 10
2217.591873
 20
713.660066
  0
POINT
  8
3
 10
2219.563918
 20
712.058612
  0
POINT
  8
3
 10
2221.620276
 20
710.547606
  0
POINT
  8
3
 10
2223.755548
 20
709.124780
  0
POINT
  8
3
 10
2225.964357
 20
707.787851
  0
POINT
  8
3
 10
2228.241304
 20
706.534551
  0
POINT
  8
3
 10
2230.580997
 20
705.362606
  0
POINT
  8
3
 10
2232.978043
 20
704.269743
  0
POINT
  8
3
 10
2235.427052
 20
703.253689
  0
POINT
  8
3
 10
2238.426856
 20
702.132613
  0
POINT
  8
3
 10
2241.484409
 20
701.114938
  0
POINT
  8
3
 10
2244.590388
 20
700.196738
  0
POINT
  8
3
 10
2247.735477
 20
699.374085
  0
POINT
  8
3
 10
2250.910354
 20
698.643052
  0
POINT
  8
3
 10
2254.105711
 20
697.999708
  0
POINT
  8
3
 10
2257.847077
 20
697.354730
  0
POINT
  8
3
 10
2261.588835
 20
696.817524
  0
POINT
  8
3
 10
2265.650413
 20
696.347393
  0
POINT
  8
3
 10
2269.852067
 20
695.973233
  0
POINT
  8
3
 10
2273.918446
 20
695.705243
  0
POINT
  8
3
 10
2278.228094
 20
695.510529
  0
POINT
  8
3
 10
2282.947943
 20
695.393659
  0
POINT
  8
3
 10
2287.471349
 20
695.373113
  0
POINT
  8
3
 10
2286.905280
 20
686.181250
  0
POINT
  8
3
 10
2282.384826
 20
677.378285
  0
POINT
  8
3
 10
2278.375020
 20
669.396392
  0
POINT
  8
3
 10
2274.942004
 20
662.388842
  0
POINT
  8
3
 10
2271.488856
 20
655.147508
  0
POINT
  8
3
 10
2267.941772
 20
647.506371
  0
POINT
  8
3
 10
2264.470202
 20
639.830067
  0
POINT
  8
3
 10
2260.908641
 20
631.754371
  0
POINT
  8
3
 10
2257.296658
 20
623.357252
  0
POINT
  8
3
 10
2253.886078
 20
615.217382
  0
POINT
  8
3
 10
2250.705324
 20
607.416922
  0
POINT
  8
3
 10
2247.601738
 20
599.585569
  0
POINT
  8
3
 10
2244.654720
 20
591.921419
  0
POINT
  8
3
 10
2241.853760
 20
584.403112
  0
POINT
  8
3
 10
2239.134448
 20
576.854778
  0
POINT
  8
3
 10
2236.630408
 20
569.655598
  0
POINT
  8
3
 10
2234.243526
 20
562.538957
  0
POINT
  8
3
 10
2232.024393
 20
555.666652
  0
POINT
  8
3
 10
2229.884295
 20
548.769271
  0
POINT
  8
3
 10
2227.826601
 20
541.847074
  0
POINT
  8
3
 10
2225.961922
 20
535.286878
  0
POINT
  8
3
 10
2224.176591
 20
528.704994
  0
POINT
  8
3
 10
2222.505017
 20
522.230254
  0
POINT
  8
3
 10
2220.784905
 20
515.217462
  0
POINT
  8
3
 10
2219.147379
 20
508.184620
  0
POINT
  8
3
 10
2217.502243
 20
500.741849
  0
POINT
  8
3
 10
2215.872281
 20
492.967519
  0
POINT
  8
3
 10
2214.310677
 20
485.097285
  0
POINT
  8
3
 10
2212.834664
 20
477.210760
  0
POINT
  8
3
 10
2211.444616
 20
469.309008
  0
POINT
  8
3
 10
2210.149698
 20
461.448358
  0
POINT
  8
3
 10
2208.830730
 20
452.882526
  0
POINT
  8
3
 10
2207.428106
 20
443.199171
  0
POINT
  8
3
 10
2202.948815
 20
432.029074
  0
POINT
  8
3
 10
2199.588038
 20
430.474354
  0
POINT
  8
3
 10
2195.966232
 20
428.893810
  0
POINT
  8
3
 10
2191.989121
 20
427.260159
  0
POINT
  8
3
 10
2188.173030
 20
425.788537
  0
POINT
  8
3
 10
2184.382453
 20
424.418600
  0
POINT
  8
3
 10
2180.721574
 20
423.183137
  0
POINT
  8
3
 10
2176.880959
 20
421.981578
  0
POINT
  8
3
 10
2173.290682
 20
420.948716
  0
POINT
  8
3
 10
2169.591971
 20
419.979725
  0
POINT
  8
3
 10
2166.227413
 20
419.185960
  0
POINT
  8
3
 10
2162.803433
 20
418.468397
  0
POINT
  8
3
 10
2159.332389
 20
417.839149
  0
POINT
  8
3
 10
2156.266332
 20
417.370525
  0
POINT
  8
3
 10
2152.902541
 20
416.954846
  0
POINT
  8
3
 10
2149.357898
 20
416.618626
  0
POINT
  8
3
 10
2145.797790
 20
416.369447
  0
POINT
  8
3
 10
2141.778414
 20
416.174343
  0
POINT
  8
3
 10
2136.852104
 20
416.028114
  0
POINT
  8
3
 10
2129.676740
 20
415.920005
  0
POINT
  8
3
 10
2119.616269
 20
415.796953
  0
POINT
  8
3
 10
2109.346601
 20
415.646905
  0
POINT
  8
3
 10
2099.144204
 20
415.488870
  0
POINT
  8
3
 10
2088.965011
 20
415.332759
  0
POINT
  8
3
 10
2078.919599
 20
415.180619
  0
POINT
  8
4
 10
1958.310242
 20
871.620255
 30
1.000000
 50
273.90
  0
TEXT
  8
4
 10
1958.310242
 20
871.620255
 40
0.000000
 50
0.000000
  1
# 31
  0
POINT
  8
4
 10
2107.964783
 20
881.785889
 30
1.000000
 50
273.87
  0
TEXT
  8
4
 10
2107.964783
 20
881.785889
 40
0.000000
 50
0.000000
  1
# 32
  0
POLYLINE
  8
8
  66
1
  70
0
  0
VERTEX
  8
8
  10
2076.200104
  20
879.634399
  0
VERTEX
  8
8
  10
2076.200104
  20
868.152446
  0
VERTEX
  8
8
  10
2076.200104
  20
856.388038
  0
VERTEX
  8
8
  10
2076.200104
  20
845.227390
  0
VERTEX
  8
8
  10
2076.200104
  20
834.533607
  0
VERTEX
  8
8
  10
2076.200104
  20
822.678240
  0
VERTEX
  8
8
  10
2076.200104
  20
812.423759
  0
VERTEX
  8
8
  10
2076.200104
  20
801.539266
  0
VERTEX
  8
8
  10
2076.200104
  20
790.075163
  0
VERTEX
  8
8
  10
2076.200104
  20
778.081850
  0
VERTEX
  8
8
  10
2076.200104
  20
765.609729
  0
VERTEX
  8
8
  10
2076.200104
  20
752.709201
  0
VERTEX
  8
8
  10
2076.200104
  20
739.430666
  0
VERTEX
  8
8
  10
2076.200104
  20
729.254017
  0
VERTEX
  8
8
  10
2076.200104
  20
718.914352
  0
VERTEX
  8
8
  10
2076.200104
  20
708.432935
  0
VERTEX
  8
8
  10
2076.200104
  20
697.831029
  0
VERTEX
  8
8
  10
2076.200104
  20
687.129895
  0
VERTEX
  8
8
  10
2076.200104
  20
676.350798
  0
VERTEX
  8
8
  10
2076.200104
  20
665.514981
  0
VERTEX
  8
8
  10
2076.200104
  20
654.643764
  0
VERTEX
  8
8
  10
2076.200104
  20
643.758371
  0
VERTEX
  8
8
  10
2076.200104
  20
632.880028
  0
VERTEX
  8
8
  10
2076.200104
  20
622.030036
  0
VERTEX
  8
8
  10
2076.200104
  20
611.229694
  0
VERTEX
  8
8
  10
2076.200104
  20
600.500229
  0
VERTEX
  8
8
  10
2076.200104
  20
589.862866
  0
VERTEX
  8
8
  10
2076.200104
  20
579.338905
  0
VERTEX
  8
8
  10
2076.200104
  20
568.949645
  0
VERTEX
  8
8
  10
2076.200104
  20
558.716313
  0
VERTEX
  8
8
  10
2076.200104
  20
548.660136
  0
VERTEX
  8
8
  10
2076.200104
  20
535.564304
  0
VERTEX
  8
8
  10
2076.200104
  20
522.871679
  0
VERTEX
  8
8
  10
2076.200104
  20
510.632662
  0
VERTEX
  8
8
  10
2076.200104
  20
498.897654
  0
VERTEX
  8
8
  10
2076.200104
  20
487.717056
  0
VERTEX
  8
8
  10
2076.200104
  20
477.141269
  0
VERTEX
  8
8
  10
2076.200104
  20
467.220693
  0
VERTEX
  8
8
  10
2076.200104
  20
455.818159
  0
VERTEX
  8
8
  10
2076.200104
  20
445.616560
  0
VERTEX
  8
8
  10
2076.200104
  20
435.098524
  0
VERTEX
  8
8
  10
2076.200104
  20
425.419315
  0
VERTEX
  8
8
  10
2076.200104
  20
415.139771
  0
SEQEND
  8
8
  0
POINT
  8
2
 10
2076.200104
 20
879.634399
  0
TEXT
  8
2
 10
2076.200104
 20
879.634399
 40
0.000000
 50
0.000000
  1
# 33
  0
POINT
  8
2
 10
2076.200104
 20
415.139771
  0
TEXT
  8
2
 10
2076.200104
 20
415.139771
 40
0.000000
 50
0.000000
  1
# 34
  0
POINT
  8
3
 10
2076.200104
 20
868.152446
  0
POINT
  8
3
 10
2076.200104
 20
856.388038
  0
POINT
  8
3
 10
2076.200104
 20
845.227390
  0
POINT
  8
3
 10
2076.200104
 20
834.533607
  0
POINT
  8
3
 10
2076.200104
 20
822.678240
  0
POINT
  8
3
 10
2076.200104
 20
812.423759
  0
POINT
  8
3
 10
2076.200104
 20
801.539266
  0
POINT
  8
3
 10
2076.200104
 20
790.075163
  0
POINT
  8
3
 10
2076.200104
 20
778.081850
  0
POINT
  8
3
 10
2076.200104
 20
765.609729
  0
POINT
  8
3
 10
2076.200104
 20
752.709201
  0
POINT
  8
3
 10
2076.200104
 20
739.430666
  0
POINT
  8
3
 10
2076.200104
 20
729.254017
  0
POINT
  8
3
 10
2076.200104
 20
718.914352
  0
POINT
  8
3
 10
2076.200104
 20
708.432935
  0
POINT
  8
3
 10
2076.200104
 20
697.831029
  0
POINT
  8
3
 10
2076.200104
 20
687.129895
  0
POINT
  8
3
 10
2076.200104
 20
676.350798
  0
POINT
  8
3
 10
2076.200104
 20
665.514981
  0
POINT
  8
3
 10
2076.200104
 20
654.643764
  0
POINT
  8
3
 10
2076.200104
 20
643.758371
  0
POINT
  8
3
 10
2076.200104
 20
632.880028
  0
POINT
  8
3
 10
2076.200104
 20
622.030036
  0
POINT
  8
3
 10
2076.200104
 20
611.229694
  0
POINT
  8
3
 10
2076.200104
 20
600.500229
  0
POINT
  8
3
 10
2076.200104
 20
589.862866
  0
POINT
  8
3
 10
2076.200104
 20
579.338905
  0
POINT
  8
3
 10
2076.200104
 20
568.949645
  0
POINT
  8
3
 10
2076.200104
 20
558.716313
  0
POINT
  8
3
 10
2076.200104
 20
548.660136
  0
POINT
  8
3
 10
2076.200104
 20
535.564304
  0
POINT
  8
3
 10
2076.200104
 20
522.871679
  0
POINT
  8
3
 10
2076.200104
 20
510.632662
  0
POINT
  8
3
 10
2076.200104
 20
498.897654
  0
POINT
  8
3
 10
2076.200104
 20
487.717056
  0
POINT
  8
3
 10
2076.200104
 20
477.141269
  0
POINT
  8
3
 10
2076.200104
 20
467.220693
  0
POINT
  8
3
 10
2076.200104
 20
455.818159
  0
POINT
  8
3
 10
2076.200104
 20
445.616560
  0
POINT
  8
3
 10
2076.200104
 20
435.098524
  0
POINT
  8
3
 10
2076.200104
 20
425.419315
  0
POLYLINE
  8
8
  66
1
  70
0
  0
VERTEX
  8
8
  10
2107.973022
  20
881.664429
  0
VERTEX
  8
8
  10
2110.944519
  20
836.762695
  0
SEQEND
  8
8
  0
POINT
  8
2
 10
2107.973022
 20
881.664429
  0
TEXT
  8
2
 10
2107.973022
 20
881.664429
 40
0.000000
 50
0.000000
  1
# 35
  0
POINT
  8
2
 10
2110.944519
 20
836.762695
  0
TEXT
  8
2
 10
2110.944519
 20
836.762695
 40
0.000000
 50
0.000000
  1
# 36
  0
POLYLINE
  8
8
  66
1
  70
0
  0
VERTEX
  8
8
  10
1961.271973
  20
826.857605
  0
VERTEX
  8
8
  10
1958.300476
  20
871.759338
  0
SEQEND
  8
8
  0
POINT
  8
2
 10
1961.271973
 20
826.857605
  0
TEXT
  8
2
 10
1961.271973
 20
826.857605
 40
0.000000
 50
0.000000
  1
# 37
  0
POINT
  8
2
 10
1958.300476
 20
871.759338
  0
TEXT
  8
2
 10
1958.300476
 20
871.759338
 40
0.000000
 50
0.000000
  1
# 38
  0
POLYLINE
  8
8
  66
1
  70
0
  0
VERTEX
  8
8
  10
1977.229614
  20
812.880859
  0
VERTEX
  8
8
  10
2096.967773
  20
820.805054
  0
SEQEND
  8
8
  0
POINT
  8
2
 10
1977.229614
 20
812.880859
  0
TEXT
  8
2
 10
1977.229614
 20
812.880859
 40
0.000000
 50
0.000000
  1
# 39
  0
POINT
  8
2
 10
2096.967773
 20
820.805054
  0
TEXT
  8
2
 10
2096.967773
 20
820.805054
 40
0.000000
 50
0.000000
  1
# 40
  0
POLYLINE
  8
8
  66
1
  70
0
  0
VERTEX
  8
8
  10
1977.229614
  20
812.880859
  0
VERTEX
  8
8
  10
1961.271973
  20
826.857605
  0
SEQEND
  8
8
  0
POINT
  8
2
 10
1977.229614
 20
812.880859
  0
TEXT
  8
2
 10
1977.229614
 20
812.880859
 40
0.000000
 50
0.000000
  1
# 41
  0
POINT
  8
2
 10
1961.271973
 20
826.857605
  0
TEXT
  8
2
 10
1961.271973
 20
826.857605
 40
0.000000
 50
0.000000
  1
# 42
  0
POLYLINE
  8
8
  66
1
  70
0
  0
VERTEX
  8
8
  10
2096.967773
  20
820.805054
  0
VERTEX
  8
8
  10
2110.944519
  20
836.762695
  0
SEQEND
  8
8
  0
POINT
  8
2
 10
2096.967773
 20
820.805054
  0
TEXT
  8
2
 10
2096.967773
 20
820.805054
 40
0.000000
 50
0.000000
  1
# 43
  0
POINT
  8
2
 10
2110.944519
 20
836.762695
  0
TEXT
  8
2
 10
2110.944519
 20
836.762695
 40
0.000000
 50
0.000000
  1
# 44
  0
POLYLINE
  8
8
  66
1
  70
0
  0
VERTEX
  8
8
  10
1969.250793
  20
819.869385
  0
VERTEX
  8
8
  10
1975.934563
  20
827.500550
  0
VERTEX
  8
8
  10
1979.133759
  20
831.153259
  0
SEQEND
  8
8
  0
POINT
  8
2
 10
1969.250793
 20
819.869385
  0
TEXT
  8
2
 10
1969.250793
 20
819.869385
 40
0.000000
 50
0.000000
  1
# 45
  0
POINT
  8
2
 10
1979.133759
 20
831.153259
  0
TEXT
  8
2
 10
1979.133759
 20
831.153259
 40
0.000000
 50
0.000000
  1
# 46
  0
POINT
  8
3
 10
1975.934563
 20
827.500550
  0
POLYLINE
  8
8
  66
1
  70
0
  0
VERTEX
  8
8
  10
2103.956146
  20
828.783875
  0
VERTEX
  8
8
  10
2092.672272
  20
838.666992
  0
SEQEND
  8
8
  0
POINT
  8
2
 10
2103.956146
 20
828.783875
  0
TEXT
  8
2
 10
2103.956146
 20
828.783875
 40
0.000000
 50
0.000000
  1
# 47
  0
POINT
  8
2
 10
2092.672272
 20
838.666992
  0
TEXT
  8
2
 10
2092.672272
 20
838.666992
 40
0.000000
 50
0.000000
  1
# 48
  0
POLYLINE
  8
8
  66
1
  70
0
  0
VERTEX
  8
8
  10
2090.260773
  20
835.913696
  0
VERTEX
  8
8
  10
2095.083771
  20
841.420288
  0
SEQEND
  8
8
  0
POINT
  8
2
 10
2090.260773
 20
835.913696
  0
TEXT
  8
2
 10
2090.260773
 20
835.913696
 40
0.000000
 50
0.000000
  1
# 49
  0
POINT
  8
2
 10
2095.083771
 20
841.420288
  0
TEXT
  8
2
 10
2095.083771
 20
841.420288
 40
0.000000
 50
0.000000
  1
# 50
  0
POLYLINE
  8
8
  66
1
  70
0
  0
VERTEX
  8
8
  10
2094.001312
  20
837.502747
  0
VERTEX
  8
8
  10
2094.948883
  20
838.584900
  0
SEQEND
  8
8
  0
POINT
  8
2
 10
2094.001312
 20
837.502747
  0
TEXT
  8
2
 10
2094.001312
 20
837.502747
 40
0.000000
 50
0.000000
  1
# 51
  0
POINT
  8
2
 10
2094.948883
 20
838.584900
  0
TEXT
  8
2
 10
2094.948883
 20
838.584900
 40
0.000000
 50
0.000000
  1
# 52
  0
POLYLINE
  8
8
  66
1
  70
0
  0
VERTEX
  8
8
  10
2094.948883
  20
838.584900
  0
VERTEX
  8
8
  10
2084.567719
  20
847.677307
  0
SEQEND
  8
8
  0
POINT
  8
2
 10
2094.948883
 20
838.584900
  0
TEXT
  8
2
 10
2094.948883
 20
838.584900
 40
0.000000
 50
0.000000
  1
# 53
  0
POINT
  8
2
 10
2084.567719
 20
847.677307
  0
TEXT
  8
2
 10
2084.567719
 20
847.677307
 40
0.000000
 50
0.000000
  1
# 54
  0
POLYLINE
  8
8
  66
1
  70
0
  0
VERTEX
  8
8
  10
2084.567719
  20
847.677307
  0
VERTEX
  8
8
  10
2083.620148
  20
846.595154
  0
SEQEND
  8
8
  0
POINT
  8
2
 10
2084.567719
 20
847.677307
  0
TEXT
  8
2
 10
2084.567719
 20
847.677307
 40
0.000000
 50
0.000000
  1
# 55
  0
POINT
  8
2
 10
2083.620148
 20
846.595154
  0
TEXT
  8
2
 10
2083.620148
 20
846.595154
 40
0.000000
 50
0.000000
  1
# 56
  0
POLYLINE
  8
8
  66
1
  70
0
  0
VERTEX
  8
8
  10
2083.620148
  20
846.595154
  0
VERTEX
  8
8
  10
2094.001312
  20
837.502747
  0
SEQEND
  8
8
  0
POINT
  8
2
 10
2083.620148
 20
846.595154
  0
TEXT
  8
2
 10
2083.620148
 20
846.595154
 40
0.000000
 50
0.000000
  1
# 57
  0
POINT
  8
2
 10
2094.001312
 20
837.502747
  0
TEXT
  8
2
 10
2094.001312
 20
837.502747
 40
0.000000
 50
0.000000
  1
# 58
  0
POLYLINE
  8
8
  66
1
  70
0
  0
VERTEX
  8
8
  10
2094.001312
  20
837.502747
  0
VERTEX
  8
8
  10
2093.053741
  20
836.420898
  0
SEQEND
  8
8
  0
POINT
  8
2
 10
2094.001312
 20
837.502747
  0
TEXT
  8
2
 10
2094.001312
 20
837.502747
 40
0.000000
 50
0.000000
  1
# 59
  0
POINT
  8
2
 10
2093.053741
 20
836.420898
  0
TEXT
  8
2
 10
2093.053741
 20
836.420898
 40
0.000000
 50
0.000000
  1
# 60
  0
POLYLINE
  8
8
  66
1
  70
0
  0
VERTEX
  8
8
  10
2093.053741
  20
836.420898
  0
VERTEX
  8
8
  10
2082.672577
  20
845.513306
  0
SEQEND
  8
8
  0
POINT
  8
2
 10
2093.053741
 20
836.420898
  0
TEXT
  8
2
 10
2093.053741
 20
836.420898
 40
0.000000
 50
0.000000
  1
# 61
  0
POINT
  8
2
 10
2082.672577
 20
845.513306
  0
TEXT
  8
2
 10
2082.672577
 20
845.513306
 40
0.000000
 50
0.000000
  1
# 62
  0
POLYLINE
  8
8
  66
1
  70
0
  0
VERTEX
  8
8
  10
2082.672577
  20
845.513306
  0
VERTEX
  8
8
  10
2083.620148
  20
846.595154
  0
SEQEND
  8
8
  0
POINT
  8
2
 10
2082.672577
 20
845.513306
  0
TEXT
  8
2
 10
2082.672577
 20
845.513306
 40
0.000000
 50
0.000000
  1
# 63
  0
POINT
  8
2
 10
2083.620148
 20
846.595154
  0
TEXT
  8
2
 10
2083.620148
 20
846.595154
 40
0.000000
 50
0.000000
  1
# 64
  0
POLYLINE
  8
8
  66
1
  70
0
  0
VERTEX
  8
8
  10
1976.380463
  20
833.564758
  0
VERTEX
  8
8
  10
1981.887054
  20
828.741760
  0
SEQEND
  8
8
  0
POINT
  8
2
 10
1976.380463
 20
833.564758
  0
TEXT
  8
2
 10
1976.380463
 20
833.564758
 40
0.000000
 50
0.000000
  1
# 65
  0
POINT
  8
2
 10
1981.887054
 20
828.741760
  0
TEXT
  8
2
 10
1981.887054
 20
828.741760
 40
0.000000
 50
0.000000
  1
# 66
  0
POLYLINE
  8
8
  66
1
  70
0
  0
VERTEX
  8
8
  10
1977.969666
  20
829.824219
  0
VERTEX
  8
8
  10
1979.051666
  20
828.876648
  0
SEQEND
  8
8
  0
POINT
  8
2
 10
1977.969666
 20
829.824219
  0
TEXT
  8
2
 10
1977.969666
 20
829.824219
 40
0.000000
 50
0.000000
  1
# 67
  0
POINT
  8
2
 10
1979.051666
 20
828.876648
  0
TEXT
  8
2
 10
1979.051666
 20
828.876648
 40
0.000000
 50
0.000000
  1
# 68
  0
POLYLINE
  8
8
  66
1
  70
0
  0
VERTEX
  8
8
  10
1979.051666
  20
828.876648
  0
VERTEX
  8
8
  10
1988.144073
  20
839.257813
  0
SEQEND
  8
8
  0
POINT
  8
2
 10
1979.051666
 20
828.876648
  0
TEXT
  8
2
 10
1979.051666
 20
828.876648
 40
0.000000
 50
0.000000
  1
# 69
  0
POINT
  8
2
 10
1988.144073
 20
839.257813
  0
TEXT
  8
2
 10
1988.144073
 20
839.257813
 40
0.000000
 50
0.000000
  1
# 70
  0
POLYLINE
  8
8
  66
1
  70
0
  0
VERTEX
  8
8
  10
1988.144073
  20
839.257813
  0
VERTEX
  8
8
  10
1987.062225
  20
840.205383
  0
SEQEND
  8
8
  0
POINT
  8
2
 10
1988.144073
 20
839.257813
  0
TEXT
  8
2
 10
1988.144073
 20
839.257813
 40
0.000000
 50
0.000000
  1
# 71
  0
POINT
  8
2
 10
1987.062225
 20
840.205383
  0
TEXT
  8
2
 10
1987.062225
 20
840.205383
 40
0.000000
 50
0.000000
  1
# 72
  0
POLYLINE
  8
8
  66
1
  70
0
  0
VERTEX
  8
8
  10
1987.062225
  20
840.205383
  0
VERTEX
  8
8
  10
1977.969666
  20
829.824219
  0
SEQEND
  8
8
  0
POINT
  8
2
 10
1987.062225
 20
840.205383
  0
TEXT
  8
2
 10
1987.062225
 20
840.205383
 40
0.000000
 50
0.000000
  1
# 73
  0
POINT
  8
2
 10
1977.969666
 20
829.824219
  0
TEXT
  8
2
 10
1977.969666
 20
829.824219
 40
0.000000
 50
0.000000
  1
# 74
  0
POLYLINE
  8
8
  66
1
  70
0
  0
VERTEX
  8
8
  10
1977.969666
  20
829.824219
  0
VERTEX
  8
8
  10
1976.887817
  20
830.771790
  0
SEQEND
  8
8
  0
POINT
  8
2
 10
1977.969666
 20
829.824219
  0
TEXT
  8
2
 10
1977.969666
 20
829.824219
 40
0.000000
 50
0.000000
  1
# 75
  0
POINT
  8
2
 10
1976.887817
 20
830.771790
  0
TEXT
  8
2
 10
1976.887817
 20
830.771790
 40
0.000000
 50
0.000000
  1
# 76
  0
POLYLINE
  8
8
  66
1
  70
0
  0
VERTEX
  8
8
  10
1976.887817
  20
830.771790
  0
VERTEX
  8
8
  10
1985.980225
  20
841.152954
  0
SEQEND
  8
8
  0
POINT
  8
2
 10
1976.887817
 20
830.771790
  0
TEXT
  8
2
 10
1976.887817
 20
830.771790
 40
0.000000
 50
0.000000
  1
# 77
  0
POINT
  8
2
 10
1985.980225
 20
841.152954
  0
TEXT
  8
2
 10
1985.980225
 20
841.152954
 40
0.000000
 50
0.000000
  1
# 78
  0
POLYLINE
  8
8
  66
1
  70
0
  0
VERTEX
  8
8
  10
1985.980225
  20
841.152954
  0
VERTEX
  8
8
  10
1987.062225
  20
840.205383
  0
SEQEND
  8
8
  0
POINT
  8
2
 10
1985.980225
 20
841.152954
  0
TEXT
  8
2
 10
1985.980225
 20
841.152954
 40
0.000000
 50
0.000000
  1
# 79
  0
POINT
  8
2
 10
1987.062225
 20
840.205383
  0
TEXT
  8
2
 10
1987.062225
 20
840.205383
 40
0.000000
 50
0.000000
  1
# 80
 0
LINE
 8
7
 10
2091.460724
 20
776.355667
 11
2091.460724
 21
496.660347
  0
TEXT
  8
1
 10
2097.737808
 20
650.817490
 40
10.000000
 50
0.000000
  1
Piece Name: 26SMC-WP130M 展_后片上_175/84
  0
TEXT
  8
1
 10
2097.737808
 20
665.817490
 40
10.000000
 50
0.000000
  1
Size: 175/84
  0
TEXT
  8
1
 10
2097.737808
 20
680.817490
 40
10.000000
 50
0.000000
  1
Annotation: 
  0
TEXT
  8
1
 10
2097.737808
 20
695.817490
 40
10.000000
 50
0.000000
  1
Quantity: 1,1
  0
TEXT
  8
1
 10
2097.737808
 20
710.817490
 40
10.000000
 50
0.000000
  1
Material: 面
  0
TEXT
  8
1
 10
2097.737808
 20
710.817490
 40
10.000000
 50
0.000000
  1
Category: 0
0
ENDBLK
0
BLOCK
  8
1
  2
26SMC-WP130M 展_腰_175/84
 70
0
 10
0.0
 20
0.0
  0
POLYLINE
  8
1
  66
1
  70
1
  0
VERTEX
  8
1
  10
2533.507690
  20
1219.141388
  0
VERTEX
  8
1
  10
2533.507690
  20
1237.547836
  0
VERTEX
  8
1
  10
2533.507690
  20
1247.949295
  0
VERTEX
  8
1
  10
2533.507690
  20
1258.033524
  0
VERTEX
  8
1
  10
2533.507690
  20
1268.209915
  0
VERTEX
  8
1
  10
2533.507690
  20
1289.141388
  0
VERTEX
  8
1
  10
2548.820496
  20
1289.141388
  0
VERTEX
  8
1
  10
2554.759064
  20
1289.141388
  0
VERTEX
  8
1
  10
2564.290771
  20
1289.141388
  0
VERTEX
  8
1
  10
2575.339355
  20
1289.141388
  0
VERTEX
  8
1
  10
2585.820923
  20
1289.141388
  0
VERTEX
  8
1
  10
2598.006287
  20
1289.141388
  0
VERTEX
  8
1
  10
2611.736145
  20
1289.141388
  0
VERTEX
  8
1
  10
2621.668396
  20
1289.141388
  0
VERTEX
  8
1
  10
2632.168579
  20
1289.141388
  0
VERTEX
  8
1
  10
2643.189392
  20
1289.141388
  0
VERTEX
  8
1
  10
2654.683533
  20
1289.141388
  0
VERTEX
  8
1
  10
2666.603699
  20
1289.141388
  0
VERTEX
  8
1
  10
2678.902588
  20
1289.141388
  0
VERTEX
  8
1
  10
2691.532898
  20
1289.141388
  0
VERTEX
  8
1
  10
2704.447021
  20
1289.141388
  0
VERTEX
  8
1
  10
2717.597961
  20
1289.141388
  0
VERTEX
  8
1
  10
2730.938416
  20
1289.141388
  0
VERTEX
  8
1
  10
2744.420471
  20
1289.141388
  0
VERTEX
  8
1
  10
2757.997437
  20
1289.141388
  0
VERTEX
  8
1
  10
2771.621704
  20
1289.141388
  0
VERTEX
  8
1
  10
2785.245972
  20
1289.141388
  0
VERTEX
  8
1
  10
2798.822937
  20
1289.141388
  0
VERTEX
  8
1
  10
2812.304993
  20
1289.141388
  0
VERTEX
  8
1
  10
2825.645447
  20
1289.141388
  0
VERTEX
  8
1
  10
2838.796082
  20
1289.141388
  0
VERTEX
  8
1
  10
2851.710510
  20
1289.141388
  0
VERTEX
  8
1
  10
2864.340515
  20
1289.141388
  0
VERTEX
  8
1
  10
2876.639404
  20
1289.141388
  0
VERTEX
  8
1
  10
2888.559875
  20
1289.141388
  0
VERTEX
  8
1
  10
2900.054016
  20
1289.141388
  0
VERTEX
  8
1
  10
2911.074829
  20
1289.141388
  0
VERTEX
  8
1
  10
2926.614990
  20
1289.141388
  0
VERTEX
  8
1
  10
2940.824280
  20
1289.141388
  0
VERTEX
  8
1
  10
2953.542175
  20
1289.141388
  0
VERTEX
  8
1
  10
2964.609375
  20
1289.141388
  0
VERTEX
  8
1
  10
2976.521606
  20
1289.141388
  0
VERTEX
  8
1
  10
2989.735718
  20
1289.141388
  0
VERTEX
  8
1
  10
3002.949829
  20
1289.141388
  0
VERTEX
  8
1
  10
3014.862061
  20
1289.141388
  0
VERTEX
  8
1
  10
3025.929260
  20
1289.141388
  0
VERTEX
  8
1
  10
3038.647156
  20
1289.141388
  0
VERTEX
  8
1
  10
3052.856445
  20
1289.141388
  0
VERTEX
  8
1
  10
3068.396606
  20
1289.141388
  0
VERTEX
  8
1
  10
3079.417419
  20
1289.141388
  0
VERTEX
  8
1
  10
3090.911560
  20
1289.141388
  0
VERTEX
  8
1
  10
3102.832031
  20
1289.141388
  0
VERTEX
  8
1
  10
3115.130920
  20
1289.141388
  0
VERTEX
  8
1
  10
3127.760925
  20
1289.141388
  0
VERTEX
  8
1
  10
3140.675354
  20
1289.141388
  0
VERTEX
  8
1
  10
3153.825989
  20
1289.141388
  0
VERTEX
  8
1
  10
3167.166443
  20
1289.141388
  0
VERTEX
  8
1
  10
3180.648499
  20
1289.141388
  0
VERTEX
  8
1
  10
3194.225464
  20
1289.141388
  0
VERTEX
  8
1
  10
3207.849731
  20
1289.141388
  0
VERTEX
  8
1
  10
3221.473999
  20
1289.141388
  0
VERTEX
  8
1
  10
3235.050964
  20
1289.141388
  0
VERTEX
  8
1
  10
3248.533020
  20
1289.141388
  0
VERTEX
  8
1
  10
3261.873474
  20
1289.141388
  0
VERTEX
  8
1
  10
3275.024414
  20
1289.141388
  0
VERTEX
  8
1
  10
3287.938538
  20
1289.141388
  0
VERTEX
  8
1
  10
3300.568848
  20
1289.141388
  0
VERTEX
  8
1
  10
3312.867737
  20
1289.141388
  0
VERTEX
  8
1
  10
3324.787903
  20
1289.141388
  0
VERTEX
  8
1
  10
3336.282043
  20
1289.141388
  0
VERTEX
  8
1
  10
3347.302856
  20
1289.141388
  0
VERTEX
  8
1
  10
3357.803040
  20
1289.141388
  0
VERTEX
  8
1
  10
3367.735291
  20
1289.141388
  0
VERTEX
  8
1
  10
3381.465149
  20
1289.141388
  0
VERTEX
  8
1
  10
3393.650513
  20
1289.141388
  0
VERTEX
  8
1
  10
3404.132080
  20
1289.141388
  0
VERTEX
  8
1
  10
3415.180664
  20
1289.141388
  0
VERTEX
  8
1
  10
3424.712219
  20
1289.141388
  0
VERTEX
  8
1
  10
3425.963745
  20
1289.141388
  0
VERTEX
  8
1
  10
3496.963806
  20
1289.141388
  0
VERTEX
  8
1
  10
3496.963806
  20
1268.768158
  0
VERTEX
  8
1
  10
3496.963806
  20
1258.605423
  0
VERTEX
  8
1
  10
3496.963806
  20
1248.253021
  0
VERTEX
  8
1
  10
3496.963806
  20
1238.231735
  0
VERTEX
  8
1
  10
3496.963806
  20
1219.141388
  0
VERTEX
  8
1
  10
3431.963806
  20
1219.141388
  0
VERTEX
  8
1
  10
3425.963745
  20
1219.141388
  0
VERTEX
  8
1
  10
3425.963745
  20
1219.141388
  0
VERTEX
  8
1
  10
3412.749634
  20
1219.141388
  0
VERTEX
  8
1
  10
3400.837402
  20
1219.141388
  0
VERTEX
  8
1
  10
3389.770203
  20
1219.141388
  0
VERTEX
  8
1
  10
3377.052307
  20
1219.141388
  0
VERTEX
  8
1
  10
3362.843018
  20
1219.141388
  0
VERTEX
  8
1
  10
3347.302856
  20
1219.141388
  0
VERTEX
  8
1
  10
3336.282043
  20
1219.141388
  0
VERTEX
  8
1
  10
3324.787903
  20
1219.141388
  0
VERTEX
  8
1
  10
3312.867432
  20
1219.141388
  0
VERTEX
  8
1
  10
3300.568542
  20
1219.141388
  0
VERTEX
  8
1
  10
3287.938538
  20
1219.141388
  0
VERTEX
  8
1
  10
3275.024109
  20
1219.141388
  0
VERTEX
  8
1
  10
3261.873474
  20
1219.141388
  0
VERTEX
  8
1
  10
3248.533020
  20
1219.141388
  0
VERTEX
  8
1
  10
3235.050964
  20
1219.141388
  0
VERTEX
  8
1
  10
3222.736206
  20
1219.141388
  0
VERTEX
  8
1
  10
3221.473999
  20
1219.141388
  0
VERTEX
  8
1
  10
3207.849731
  20
1219.141388
  0
VERTEX
  8
1
  10
3194.225464
  20
1219.141388
  0
VERTEX
  8
1
  10
3180.648499
  20
1219.141388
  0
VERTEX
  8
1
  10
3167.166443
  20
1219.141388
  0
VERTEX
  8
1
  10
3153.825989
  20
1219.141388
  0
VERTEX
  8
1
  10
3140.675049
  20
1219.141388
  0
VERTEX
  8
1
  10
3127.760925
  20
1219.141388
  0
VERTEX
  8
1
  10
3115.130615
  20
1219.141388
  0
VERTEX
  8
1
  10
3102.831726
  20
1219.141388
  0
VERTEX
  8
1
  10
3090.911560
  20
1219.141388
  0
VERTEX
  8
1
  10
3079.417419
  20
1219.141388
  0
VERTEX
  8
1
  10
3068.396606
  20
1219.141388
  0
VERTEX
  8
1
  10
3057.896423
  20
1219.141388
  0
VERTEX
  8
1
  10
3047.964172
  20
1219.141388
  0
VERTEX
  8
1
  10
3034.234314
  20
1219.141388
  0
VERTEX
  8
1
  10
3022.048950
  20
1219.141388
  0
VERTEX
  8
1
  10
3011.567383
  20
1219.141388
  0
VERTEX
  8
1
  10
3000.518799
  20
1219.141388
  0
VERTEX
  8
1
  10
2990.987244
  20
1219.141388
  0
VERTEX
  8
1
  10
2989.735718
  20
1219.141388
  0
VERTEX
  8
1
  10
2989.735718
  20
1219.141388
  0
VERTEX
  8
1
  10
2988.484192
  20
1219.141388
  0
VERTEX
  8
1
  10
2978.952637
  20
1219.141388
  0
VERTEX
  8
1
  10
2967.904053
  20
1219.141388
  0
VERTEX
  8
1
  10
2957.422485
  20
1219.141388
  0
VERTEX
  8
1
  10
2945.237122
  20
1219.141388
  0
VERTEX
  8
1
  10
2931.507263
  20
1219.141388
  0
VERTEX
  8
1
  10
2921.575012
  20
1219.141388
  0
VERTEX
  8
1
  10
2911.074829
  20
1219.141388
  0
VERTEX
  8
1
  10
2900.054016
  20
1219.141388
  0
VERTEX
  8
1
  10
2888.559875
  20
1219.141388
  0
VERTEX
  8
1
  10
2876.639709
  20
1219.141388
  0
VERTEX
  8
1
  10
2864.340820
  20
1219.141388
  0
VERTEX
  8
1
  10
2851.710510
  20
1219.141388
  0
VERTEX
  8
1
  10
2838.796387
  20
1219.141388
  0
VERTEX
  8
1
  10
2825.645447
  20
1219.141388
  0
VERTEX
  8
1
  10
2812.304993
  20
1219.141388
  0
VERTEX
  8
1
  10
2798.822937
  20
1219.141388
  0
VERTEX
  8
1
  10
2785.245972
  20
1219.141388
  0
VERTEX
  8
1
  10
2771.621704
  20
1219.141388
  0
VERTEX
  8
1
  10
2757.997437
  20
1219.141388
  0
VERTEX
  8
1
  10
2756.735229
  20
1219.141388
  0
VERTEX
  8
1
  10
2744.420471
  20
1219.141388
  0
VERTEX
  8
1
  10
2730.938416
  20
1219.141388
  0
VERTEX
  8
1
  10
2717.597961
  20
1219.141388
  0
VERTEX
  8
1
  10
2704.447327
  20
1219.141388
  0
VERTEX
  8
1
  10
2691.532898
  20
1219.141388
  0
VERTEX
  8
1
  10
2678.902893
  20
1219.141388
  0
VERTEX
  8
1
  10
2666.604004
  20
1219.141388
  0
VERTEX
  8
1
  10
2654.683533
  20
1219.141388
  0
VERTEX
  8
1
  10
2643.189392
  20
1219.141388
  0
VERTEX
  8
1
  10
2632.168579
  20
1219.141388
  0
VERTEX
  8
1
  10
2616.628418
  20
1219.141388
  0
VERTEX
  8
1
  10
2602.419128
  20
1219.141388
  0
VERTEX
  8
1
  10
2589.701233
  20
1219.141388
  0
VERTEX
  8
1
  10
2578.634033
  20
1219.141388
  0
VERTEX
  8
1
  10
2566.721802
  20
1219.141388
  0
VERTEX
  8
1
  10
2551.811218
  20
1219.141388
  0
SEQEND
  8
1
  0
POINT
  8
2
 10
2533.507690
 20
1219.141388
  0
TEXT
  8
2
 10
2533.507690
 20
1219.141388
 40
0.000000
 50
0.000000
  1
# 81
  0
POINT
  8
2
 10
2533.507690
 20
1289.141388
  0
TEXT
  8
2
 10
2533.507690
 20
1289.141388
 40
0.000000
 50
0.000000
  1
# 82
  0
POINT
  8
2
 10
2989.735718
 20
1289.141388
  0
TEXT
  8
2
 10
2989.735718
 20
1289.141388
 40
0.000000
 50
0.000000
  1
# 83
  0
POINT
  8
2
 10
3425.963745
 20
1289.141388
  0
TEXT
  8
2
 10
3425.963745
 20
1289.141388
 40
0.000000
 50
0.000000
  1
# 84
  0
POINT
  8
2
 10
3496.963806
 20
1289.141388
  0
TEXT
  8
2
 10
3496.963806
 20
1289.141388
 40
0.000000
 50
0.000000
  1
# 85
  0
POINT
  8
2
 10
3496.963806
 20
1219.141388
  0
TEXT
  8
2
 10
3496.963806
 20
1219.141388
 40
0.000000
 50
0.000000
  1
# 86
  0
POINT
  8
2
 10
3425.963745
 20
1219.141388
  0
TEXT
  8
2
 10
3425.963745
 20
1219.141388
 40
0.000000
 50
0.000000
  1
# 87
  0
POINT
  8
2
 10
2989.735718
 20
1219.141388
  0
TEXT
  8
2
 10
2989.735718
 20
1219.141388
 40
0.000000
 50
0.000000
  1
# 88
  0
POINT
  8
3
 10
2533.507690
 20
1237.547836
  0
POINT
  8
3
 10
2533.507690
 20
1247.949295
  0
POINT
  8
3
 10
2533.507690
 20
1258.033524
  0
POINT
  8
3
 10
2533.507690
 20
1268.209915
  0
POINT
  8
3
 10
2548.820496
 20
1289.141388
  0
POINT
  8
3
 10
2554.759064
 20
1289.141388
  0
POINT
  8
3
 10
2564.290771
 20
1289.141388
  0
POINT
  8
3
 10
2575.339355
 20
1289.141388
  0
POINT
  8
3
 10
2585.820923
 20
1289.141388
  0
POINT
  8
3
 10
2598.006287
 20
1289.141388
  0
POINT
  8
3
 10
2611.736145
 20
1289.141388
  0
POINT
  8
3
 10
2621.668396
 20
1289.141388
  0
POINT
  8
3
 10
2632.168579
 20
1289.141388
  0
POINT
  8
3
 10
2643.189392
 20
1289.141388
  0
POINT
  8
3
 10
2654.683533
 20
1289.141388
  0
POINT
  8
3
 10
2666.603699
 20
1289.141388
  0
POINT
  8
3
 10
2678.902588
 20
1289.141388
  0
POINT
  8
3
 10
2691.532898
 20
1289.141388
  0
POINT
  8
3
 10
2704.447021
 20
1289.141388
  0
POINT
  8
3
 10
2717.597961
 20
1289.141388
  0
POINT
  8
3
 10
2730.938416
 20
1289.141388
  0
POINT
  8
3
 10
2744.420471
 20
1289.141388
  0
POINT
  8
3
 10
2757.997437
 20
1289.141388
  0
POINT
  8
3
 10
2771.621704
 20
1289.141388
  0
POINT
  8
3
 10
2785.245972
 20
1289.141388
  0
POINT
  8
3
 10
2798.822937
 20
1289.141388
  0
POINT
  8
3
 10
2812.304993
 20
1289.141388
  0
POINT
  8
3
 10
2825.645447
 20
1289.141388
  0
POINT
  8
3
 10
2838.796082
 20
1289.141388
  0
POINT
  8
3
 10
2851.710510
 20
1289.141388
  0
POINT
  8
3
 10
2864.340515
 20
1289.141388
  0
POINT
  8
3
 10
2876.639404
 20
1289.141388
  0
POINT
  8
3
 10
2888.559875
 20
1289.141388
  0
POINT
  8
3
 10
2900.054016
 20
1289.141388
  0
POINT
  8
3
 10
2911.074829
 20
1289.141388
  0
POINT
  8
3
 10
2926.614990
 20
1289.141388
  0
POINT
  8
3
 10
2940.824280
 20
1289.141388
  0
POINT
  8
3
 10
2953.542175
 20
1289.141388
  0
POINT
  8
3
 10
2964.609375
 20
1289.141388
  0
POINT
  8
3
 10
2976.521606
 20
1289.141388
  0
POINT
  8
3
 10
3002.949829
 20
1289.141388
  0
POINT
  8
3
 10
3014.862061
 20
1289.141388
  0
POINT
  8
3
 10
3025.929260
 20
1289.141388
  0
POINT
  8
3
 10
3038.647156
 20
1289.141388
  0
POINT
  8
3
 10
3052.856445
 20
1289.141388
  0
POINT
  8
3
 10
3068.396606
 20
1289.141388
  0
POINT
  8
3
 10
3079.417419
 20
1289.141388
  0
POINT
  8
3
 10
3090.911560
 20
1289.141388
  0
POINT
  8
3
 10
3102.832031
 20
1289.141388
  0
POINT
  8
3
 10
3115.130920
 20
1289.141388
  0
POINT
  8
3
 10
3127.760925
 20
1289.141388
  0
POINT
  8
3
 10
3140.675354
 20
1289.141388
  0
POINT
  8
3
 10
3153.825989
 20
1289.141388
  0
POINT
  8
3
 10
3167.166443
 20
1289.141388
  0
POINT
  8
3
 10
3180.648499
 20
1289.141388
  0
POINT
  8
3
 10
3194.225464
 20
1289.141388
  0
POINT
  8
3
 10
3207.849731
 20
1289.141388
  0
POINT
  8
3
 10
3221.473999
 20
1289.141388
  0
POINT
  8
3
 10
3235.050964
 20
1289.141388
  0
POINT
  8
3
 10
3248.533020
 20
1289.141388
  0
POINT
  8
3
 10
3261.873474
 20
1289.141388
  0
POINT
  8
3
 10
3275.024414
 20
1289.141388
  0
POINT
  8
3
 10
3287.938538
 20
1289.141388
  0
POINT
  8
3
 10
3300.568848
 20
1289.141388
  0
POINT
  8
3
 10
3312.867737
 20
1289.141388
  0
POINT
  8
3
 10
3324.787903
 20
1289.141388
  0
POINT
  8
3
 10
3336.282043
 20
1289.141388
  0
POINT
  8
3
 10
3347.302856
 20
1289.141388
  0
POINT
  8
3
 10
3357.803040
 20
1289.141388
  0
POINT
  8
3
 10
3367.735291
 20
1289.141388
  0
POINT
  8
3
 10
3381.465149
 20
1289.141388
  0
POINT
  8
3
 10
3393.650513
 20
1289.141388
  0
POINT
  8
3
 10
3404.132080
 20
1289.141388
  0
POINT
  8
3
 10
3415.180664
 20
1289.141388
  0
POINT
  8
3
 10
3424.712219
 20
1289.141388
  0
POINT
  8
3
 10
3496.963806
 20
1268.768158
  0
POINT
  8
3
 10
3496.963806
 20
1258.605423
  0
POINT
  8
3
 10
3496.963806
 20
1248.253021
  0
POINT
  8
3
 10
3496.963806
 20
1238.231735
  0
POINT
  8
3
 10
3431.963806
 20
1219.141388
  0
POINT
  8
3
 10
3425.963745
 20
1219.141388
  0
POINT
  8
3
 10
3412.749634
 20
1219.141388
  0
POINT
  8
3
 10
3400.837402
 20
1219.141388
  0
POINT
  8
3
 10
3389.770203
 20
1219.141388
  0
POINT
  8
3
 10
3377.052307
 20
1219.141388
  0
POINT
  8
3
 10
3362.843018
 20
1219.141388
  0
POINT
  8
3
 10
3347.302856
 20
1219.141388
  0
POINT
  8
3
 10
3336.282043
 20
1219.141388
  0
POINT
  8
3
 10
3324.787903
 20
1219.141388
  0
POINT
  8
3
 10
3312.867432
 20
1219.141388
  0
POINT
  8
3
 10
3300.568542
 20
1219.141388
  0
POINT
  8
3
 10
3287.938538
 20
1219.141388
  0
POINT
  8
3
 10
3275.024109
 20
1219.141388
  0
POINT
  8
3
 10
3261.873474
 20
1219.141388
  0
POINT
  8
3
 10
3248.533020
 20
1219.141388
  0
POINT
  8
3
 10
3235.050964
 20
1219.141388
  0
POINT
  8
3
 10
3222.736206
 20
1219.141388
  0
POINT
  8
3
 10
3221.473999
 20
1219.141388
  0
POINT
  8
3
 10
3207.849731
 20
1219.141388
  0
POINT
  8
3
 10
3194.225464
 20
1219.141388
  0
POINT
  8
3
 10
3180.648499
 20
1219.141388
  0
POINT
  8
3
 10
3167.166443
 20
1219.141388
  0
POINT
  8
3
 10
3153.825989
 20
1219.141388
  0
POINT
  8
3
 10
3140.675049
 20
1219.141388
  0
POINT
  8
3
 10
3127.760925
 20
1219.141388
  0
POINT
  8
3
 10
3115.130615
 20
1219.141388
  0
POINT
  8
3
 10
3102.831726
 20
1219.141388
  0
POINT
  8
3
 10
3090.911560
 20
1219.141388
  0
POINT
  8
3
 10
3079.417419
 20
1219.141388
  0
POINT
  8
3
 10
3068.396606
 20
1219.141388
  0
POINT
  8
3
 10
3057.896423
 20
1219.141388
  0
POINT
  8
3
 10
3047.964172
 20
1219.141388
  0
POINT
  8
3
 10
3034.234314
 20
1219.141388
  0
POINT
  8
3
 10
3022.048950
 20
1219.141388
  0
POINT
  8
3
 10
3011.567383
 20
1219.141388
  0
POINT
  8
3
 10
3000.518799
 20
1219.141388
  0
POINT
  8
3
 10
2990.987244
 20
1219.141388
  0
POINT
  8
3
 10
2989.735718
 20
1219.141388
  0
POINT
  8
3
 10
2988.484192
 20
1219.141388
  0
POINT
  8
3
 10
2978.952637
 20
1219.141388
  0
POINT
  8
3
 10
2967.904053
 20
1219.141388
  0
POINT
  8
3
 10
2957.422485
 20
1219.141388
  0
POINT
  8
3
 10
2945.237122
 20
1219.141388
  0
POINT
  8
3
 10
2931.507263
 20
1219.141388
  0
POINT
  8
3
 10
2921.575012
 20
1219.141388
  0
POINT
  8
3
 10
2911.074829
 20
1219.141388
  0
POINT
  8
3
 10
2900.054016
 20
1219.141388
  0
POINT
  8
3
 10
2888.559875
 20
1219.141388
  0
POINT
  8
3
 10
2876.639709
 20
1219.141388
  0
POINT
  8
3
 10
2864.340820
 20
1219.141388
  0
POINT
  8
3
 10
2851.710510
 20
1219.141388
  0
POINT
  8
3
 10
2838.796387
 20
1219.141388
  0
POINT
  8
3
 10
2825.645447
 20
1219.141388
  0
POINT
  8
3
 10
2812.304993
 20
1219.141388
  0
POINT
  8
3
 10
2798.822937
 20
1219.141388
  0
POINT
  8
3
 10
2785.245972
 20
1219.141388
  0
POINT
  8
3
 10
2771.621704
 20
1219.141388
  0
POINT
  8
3
 10
2757.997437
 20
1219.141388
  0
POINT
  8
3
 10
2756.735229
 20
1219.141388
  0
POINT
  8
3
 10
2744.420471
 20
1219.141388
  0
POINT
  8
3
 10
2730.938416
 20
1219.141388
  0
POINT
  8
3
 10
2717.597961
 20
1219.141388
  0
POINT
  8
3
 10
2704.447327
 20
1219.141388
  0
POINT
  8
3
 10
2691.532898
 20
1219.141388
  0
POINT
  8
3
 10
2678.902893
 20
1219.141388
  0
POINT
  8
3
 10
2666.604004
 20
1219.141388
  0
POINT
  8
3
 10
2654.683533
 20
1219.141388
  0
POINT
  8
3
 10
2643.189392
 20
1219.141388
  0
POINT
  8
3
 10
2632.168579
 20
1219.141388
  0
POINT
  8
3
 10
2616.628418
 20
1219.141388
  0
POINT
  8
3
 10
2602.419128
 20
1219.141388
  0
POINT
  8
3
 10
2589.701233
 20
1219.141388
  0
POINT
  8
3
 10
2578.634033
 20
1219.141388
  0
POINT
  8
3
 10
2566.721802
 20
1219.141388
  0
POINT
  8
3
 10
2551.811218
 20
1219.141388
  0
POINT
  8
4
 10
3431.963806
 20
1219.141388
 30
1.000000
 50
 90.00
  0
TEXT
  8
4
 10
3431.963806
 20
1219.141388
 40
0.000000
 50
0.000000
  1
# 89
  0
POINT
  8
4
 10
3425.963745
 20
1219.141388
 30
1.000000
 50
 90.00
  0
TEXT
  8
4
 10
3425.963745
 20
1219.141388
 40
0.000000
 50
0.000000
  1
# 90
  0
POINT
  8
4
 10
3222.736206
 20
1219.141388
 30
1.000000
 50
 90.00
  0
TEXT
  8
4
 10
3222.736206
 20
1219.141388
 40
0.000000
 50
0.000000
  1
# 91
  0
POINT
  8
4
 10
2989.735718
 20
1219.141388
 30
1.000000
 50
 90.00
  0
TEXT
  8
4
 10
2989.735718
 20
1219.141388
 40
0.000000
 50
0.000000
  1
# 92
  0
POINT
  8
4
 10
2756.735229
 20
1219.141388
 30
1.000000
 50
 90.00
  0
TEXT
  8
4
 10
2756.735229
 20
1219.141388
 40
0.000000
 50
0.000000
  1
# 93
  0
POLYLINE
  8
14
  66
1
  70
1
  0
VERTEX
  8
14
  10
2553.507690
  20
1229.141388
  0
VERTEX
  8
14
  10
2553.507690
  20
1237.547850
  0
VERTEX
  8
14
  10
2553.507690
  20
1247.949258
  0
VERTEX
  8
14
  10
2553.507690
  20
1258.033509
  0
VERTEX
  8
14
  10
2553.507690
  20
1268.209878
  0
VERTEX
  8
14
  10
2553.507690
  20
1279.141388
  0
VERTEX
  8
14
  10
2554.759072
  20
1279.141388
  0
VERTEX
  8
14
  10
2564.290902
  20
1279.141388
  0
VERTEX
  8
14
  10
2575.339388
  20
1279.141388
  0
VERTEX
  8
14
  10
2585.820856
  20
1279.141388
  0
VERTEX
  8
14
  10
2598.006341
  20
1279.141388
  0
VERTEX
  8
14
  10
2611.736090
  20
1279.141388
  0
VERTEX
  8
14
  10
2621.668291
  20
1279.141388
  0
VERTEX
  8
14
  10
2632.168498
  20
1279.141388
  0
VERTEX
  8
14
  10
2643.189376
  20
1279.141388
  0
VERTEX
  8
14
  10
2654.683592
  20
1279.141388
  0
VERTEX
  8
14
  10
2666.603812
  20
1279.141388
  0
VERTEX
  8
14
  10
2678.902702
  20
1279.141388
  0
VERTEX
  8
14
  10
2691.532929
  20
1279.141388
  0
VERTEX
  8
14
  10
2704.447159
  20
1279.141388
  0
VERTEX
  8
14
  10
2717.598057
  20
1279.141388
  0
VERTEX
  8
14
  10
2730.938291
  20
1279.141388
  0
VERTEX
  8
14
  10
2744.420526
  20
1279.141388
  0
VERTEX
  8
14
  10
2757.997429
  20
1279.141388
  0
VERTEX
  8
14
  10
2771.621666
  20
1279.141388
  0
VERTEX
  8
14
  10
2785.245922
  20
1279.141388
  0
VERTEX
  8
14
  10
2798.822825
  20
1279.141388
  0
VERTEX
  8
14
  10
2812.305061
  20
1279.141388
  0
VERTEX
  8
14
  10
2825.645295
  20
1279.141388
  0
VERTEX
  8
14
  10
2838.796195
  20
1279.141388
  0
VERTEX
  8
14
  10
2851.710426
  20
1279.141388
  0
VERTEX
  8
14
  10
2864.340654
  20
1279.141388
  0
VERTEX
  8
14
  10
2876.639546
  20
1279.141388
  0
VERTEX
  8
14
  10
2888.559767
  20
1279.141388
  0
VERTEX
  8
14
  10
2900.053985
  20
1279.141388
  0
VERTEX
  8
14
  10
2911.074865
  20
1279.141388
  0
VERTEX
  8
14
  10
2926.615142
  20
1279.141388
  0
VERTEX
  8
14
  10
2940.824149
  20
1279.141388
  0
VERTEX
  8
14
  10
2953.542142
  20
1279.141388
  0
VERTEX
  8
14
  10
2964.609370
  20
1279.141388
  0
VERTEX
  8
14
  10
2976.521705
  20
1279.141388
  0
VERTEX
  8
14
  10
2989.735718
  20
1279.141388
  0
VERTEX
  8
14
  10
3002.949730
  20
1279.141388
  0
VERTEX
  8
14
  10
3014.862066
  20
1279.141388
  0
VERTEX
  8
14
  10
3025.929294
  20
1279.141388
  0
VERTEX
  8
14
  10
3038.647287
  20
1279.141388
  0
VERTEX
  8
14
  10
3052.856294
  20
1279.141388
  0
VERTEX
  8
14
  10
3068.396570
  20
1279.141388
  0
VERTEX
  8
14
  10
3079.417450
  20
1279.141388
  0
VERTEX
  8
14
  10
3090.911668
  20
1279.141388
  0
VERTEX
  8
14
  10
3102.831890
  20
1279.141388
  0
VERTEX
  8
14
  10
3115.130782
  20
1279.141388
  0
VERTEX
  8
14
  10
3127.761010
  20
1279.141388
  0
VERTEX
  8
14
  10
3140.675241
  20
1279.141388
  0
VERTEX
  8
14
  10
3153.826140
  20
1279.141388
  0
VERTEX
  8
14
  10
3167.166375
  20
1279.141388
  0
VERTEX
  8
14
  10
3180.648610
  20
1279.141388
  0
VERTEX
  8
14
  10
3194.225514
  20
1279.141388
  0
VERTEX
  8
14
  10
3207.849770
  20
1279.141388
  0
VERTEX
  8
14
  10
3221.474006
  20
1279.141388
  0
VERTEX
  8
14
  10
3235.050909
  20
1279.141388
  0
VERTEX
  8
14
  10
3248.533145
  20
1279.141388
  0
VERTEX
  8
14
  10
3261.873378
  20
1279.141388
  0
VERTEX
  8
14
  10
3275.024277
  20
1279.141388
  0
VERTEX
  8
14
  10
3287.938507
  20
1279.141388
  0
VERTEX
  8
14
  10
3300.568733
  20
1279.141388
  0
VERTEX
  8
14
  10
3312.867624
  20
1279.141388
  0
VERTEX
  8
14
  10
3324.787844
  20
1279.141388
  0
VERTEX
  8
14
  10
3336.282060
  20
1279.141388
  0
VERTEX
  8
14
  10
3347.302938
  20
1279.141388
  0
VERTEX
  8
14
  10
3357.803144
  20
1279.141388
  0
VERTEX
  8
14
  10
3367.735346
  20
1279.141388
  0
VERTEX
  8
14
  10
3381.465095
  20
1279.141388
  0
VERTEX
  8
14
  10
3393.650579
  20
1279.141388
  0
VERTEX
  8
14
  10
3404.132048
  20
1279.141388
  0
VERTEX
  8
14
  10
3415.180534
  20
1279.141388
  0
VERTEX
  8
14
  10
3424.712363
  20
1279.141388
  0
VERTEX
  8
14
  10
3425.963745
  20
1279.141388
  0
VERTEX
  8
14
  10
3476.963806
  20
1279.141388
  0
VERTEX
  8
14
  10
3476.963806
  20
1268.768166
  0
VERTEX
  8
14
  10
3476.963806
  20
1258.605410
  0
VERTEX
  8
14
  10
3476.963806
  20
1248.253055
  0
VERTEX
  8
14
  10
3476.963806
  20
1238.231744
  0
VERTEX
  8
14
  10
3476.963806
  20
1229.141388
  0
VERTEX
  8
14
  10
3431.963806
  20
1229.141388
  0
VERTEX
  8
14
  10
3425.963745
  20
1229.141388
  0
VERTEX
  8
14
  10
3425.963745
  20
1229.141388
  0
VERTEX
  8
14
  10
3412.749732
  20
1229.141388
  0
VERTEX
  8
14
  10
3400.837397
  20
1229.141388
  0
VERTEX
  8
14
  10
3389.770169
  20
1229.141388
  0
VERTEX
  8
14
  10
3377.052176
  20
1229.141388
  0
VERTEX
  8
14
  10
3362.843169
  20
1229.141388
  0
VERTEX
  8
14
  10
3347.302893
  20
1229.141388
  0
VERTEX
  8
14
  10
3336.282013
  20
1229.141388
  0
VERTEX
  8
14
  10
3324.787795
  20
1229.141388
  0
VERTEX
  8
14
  10
3312.867573
  20
1229.141388
  0
VERTEX
  8
14
  10
3300.568681
  20
1229.141388
  0
VERTEX
  8
14
  10
3287.938453
  20
1229.141388
  0
VERTEX
  8
14
  10
3275.024222
  20
1229.141388
  0
VERTEX
  8
14
  10
3261.873323
  20
1229.141388
  0
VERTEX
  8
14
  10
3248.533088
  20
1229.141388
  0
VERTEX
  8
14
  10
3235.050853
  20
1229.141388
  0
VERTEX
  8
14
  10
3222.736206
  20
1229.141388
  0
VERTEX
  8
14
  10
3221.473949
  20
1229.141388
  0
VERTEX
  8
14
  10
3207.849693
  20
1229.141388
  0
VERTEX
  8
14
  10
3194.225456
  20
1229.141388
  0
VERTEX
  8
14
  10
3180.648554
  20
1229.141388
  0
VERTEX
  8
14
  10
3167.166318
  20
1229.141388
  0
VERTEX
  8
14
  10
3153.826084
  20
1229.141388
  0
VERTEX
  8
14
  10
3140.675186
  20
1229.141388
  0
VERTEX
  8
14
  10
3127.760956
  20
1229.141388
  0
VERTEX
  8
14
  10
3115.130729
  20
1229.141388
  0
VERTEX
  8
14
  10
3102.831839
  20
1229.141388
  0
VERTEX
  8
14
  10
3090.911619
  20
1229.141388
  0
VERTEX
  8
14
  10
3079.417403
  20
1229.141388
  0
VERTEX
  8
14
  10
3068.396525
  20
1229.141388
  0
VERTEX
  8
14
  10
3057.896318
  20
1229.141388
  0
VERTEX
  8
14
  10
3047.964117
  20
1229.141388
  0
VERTEX
  8
14
  10
3034.234368
  20
1229.141388
  0
VERTEX
  8
14
  10
3022.048884
  20
1229.141388
  0
VERTEX
  8
14
  10
3011.567415
  20
1229.141388
  0
VERTEX
  8
14
  10
3000.518929
  20
1229.141388
  0
VERTEX
  8
14
  10
2990.987100
  20
1229.141388
  0
VERTEX
  8
14
  10
2989.735718
  20
1229.141388
  0
VERTEX
  8
14
  10
2989.735718
  20
1229.141388
  0
VERTEX
  8
14
  10
2988.484336
  20
1229.141388
  0
VERTEX
  8
14
  10
2978.952506
  20
1229.141388
  0
VERTEX
  8
14
  10
2967.904020
  20
1229.141388
  0
VERTEX
  8
14
  10
2957.422552
  20
1229.141388
  0
VERTEX
  8
14
  10
2945.237067
  20
1229.141388
  0
VERTEX
  8
14
  10
2931.507318
  20
1229.141388
  0
VERTEX
  8
14
  10
2921.575117
  20
1229.141388
  0
VERTEX
  8
14
  10
2911.074911
  20
1229.141388
  0
VERTEX
  8
14
  10
2900.054032
  20
1229.141388
  0
VERTEX
  8
14
  10
2888.559816
  20
1229.141388
  0
VERTEX
  8
14
  10
2876.639596
  20
1229.141388
  0
VERTEX
  8
14
  10
2864.340706
  20
1229.141388
  0
VERTEX
  8
14
  10
2851.710479
  20
1229.141388
  0
VERTEX
  8
14
  10
2838.796250
  20
1229.141388
  0
VERTEX
  8
14
  10
2825.645351
  20
1229.141388
  0
VERTEX
  8
14
  10
2812.305117
  20
1229.141388
  0
VERTEX
  8
14
  10
2798.822882
  20
1229.141388
  0
VERTEX
  8
14
  10
2785.245979
  20
1229.141388
  0
VERTEX
  8
14
  10
2771.621742
  20
1229.141388
  0
VERTEX
  8
14
  10
2757.997486
  20
1229.141388
  0
VERTEX
  8
14
  10
2756.735229
  20
1229.141388
  0
VERTEX
  8
14
  10
2744.420583
  20
1229.141388
  0
VERTEX
  8
14
  10
2730.938347
  20
1229.141388
  0
VERTEX
  8
14
  10
2717.598113
  20
1229.141388
  0
VERTEX
  8
14
  10
2704.447213
  20
1229.141388
  0
VERTEX
  8
14
  10
2691.532983
  20
1229.141388
  0
VERTEX
  8
14
  10
2678.902754
  20
1229.141388
  0
VERTEX
  8
14
  10
2666.603863
  20
1229.141388
  0
VERTEX
  8
14
  10
2654.683641
  20
1229.141388
  0
VERTEX
  8
14
  10
2643.189423
  20
1229.141388
  0
VERTEX
  8
14
  10
2632.168543
  20
1229.141388
  0
VERTEX
  8
14
  10
2616.628266
  20
1229.141388
  0
VERTEX
  8
14
  10
2602.419259
  20
1229.141388
  0
VERTEX
  8
14
  10
2589.701266
  20
1229.141388
  0
VERTEX
  8
14
  10
2578.634038
  20
1229.141388
  0
VERTEX
  8
14
  10
2566.721703
  20
1229.141388
  0
SEQEND
  8
14
  0
POINT
  8
2
 10
2553.507690
 20
1229.141388
  0
TEXT
  8
2
 10
2553.507690
 20
1229.141388
 40
0.000000
 50
0.000000
  1
# 94
  0
POINT
  8
2
 10
2553.507690
 20
1279.141388
  0
TEXT
  8
2
 10
2553.507690
 20
1279.141388
 40
0.000000
 50
0.000000
  1
# 95
  0
POINT
  8
2
 10
2989.735718
 20
1279.141388
  0
TEXT
  8
2
 10
2989.735718
 20
1279.141388
 40
0.000000
 50
0.000000
  1
# 96
  0
POINT
  8
2
 10
3425.963745
 20
1279.141388
  0
TEXT
  8
2
 10
3425.963745
 20
1279.141388
 40
0.000000
 50
0.000000
  1
# 97
  0
POINT
  8
2
 10
3476.963806
 20
1279.141388
  0
TEXT
  8
2
 10
3476.963806
 20
1279.141388
 40
0.000000
 50
0.000000
  1
# 98
  0
POINT
  8
2
 10
3476.963806
 20
1229.141388
  0
TEXT
  8
2
 10
3476.963806
 20
1229.141388
 40
0.000000
 50
0.000000
  1
# 99
  0
POINT
  8
2
 10
3425.963745
 20
1229.141388
  0
TEXT
  8
2
 10
3425.963745
 20
1229.141388
 40
0.000000
 50
0.000000
  1
# 100
  0
POINT
  8
2
 10
2989.735718
 20
1229.141388
  0
TEXT
  8
2
 10
2989.735718
 20
1229.141388
 40
0.000000
 50
0.000000
  1
# 101
  0
POINT
  8
3
 10
2553.507690
 20
1237.547850
  0
POINT
  8
3
 10
2553.507690
 20
1247.949258
  0
POINT
  8
3
 10
2553.507690
 20
1258.033509
  0
POINT
  8
3
 10
2553.507690
 20
1268.209878
  0
POINT
  8
3
 10
2554.759072
 20
1279.141388
  0
POINT
  8
3
 10
2564.290902
 20
1279.141388
  0
POINT
  8
3
 10
2575.339388
 20
1279.141388
  0
POINT
  8
3
 10
2585.820856
 20
1279.141388
  0
POINT
  8
3
 10
2598.006341
 20
1279.141388
  0
POINT
  8
3
 10
2611.736090
 20
1279.141388
  0
POINT
  8
3
 10
2621.668291
 20
1279.141388
  0
POINT
  8
3
 10
2632.168498
 20
1279.141388
  0
POINT
  8
3
 10
2643.189376
 20
1279.141388
  0
POINT
  8
3
 10
2654.683592
 20
1279.141388
  0
POINT
  8
3
 10
2666.603812
 20
1279.141388
  0
POINT
  8
3
 10
2678.902702
 20
1279.141388
  0
POINT
  8
3
 10
2691.532929
 20
1279.141388
  0
POINT
  8
3
 10
2704.447159
 20
1279.141388
  0
POINT
  8
3
 10
2717.598057
 20
1279.141388
  0
POINT
  8
3
 10
2730.938291
 20
1279.141388
  0
POINT
  8
3
 10
2744.420526
 20
1279.141388
  0
POINT
  8
3
 10
2757.997429
 20
1279.141388
  0
POINT
  8
3
 10
2771.621666
 20
1279.141388
  0
POINT
  8
3
 10
2785.245922
 20
1279.141388
  0
POINT
  8
3
 10
2798.822825
 20
1279.141388
  0
POINT
  8
3
 10
2812.305061
 20
1279.141388
  0
POINT
  8
3
 10
2825.645295
 20
1279.141388
  0
POINT
  8
3
 10
2838.796195
 20
1279.141388
  0
POINT
  8
3
 10
2851.710426
 20
1279.141388
  0
POINT
  8
3
 10
2864.340654
 20
1279.141388
  0
POINT
  8
3
 10
2876.639546
 20
1279.141388
  0
POINT
  8
3
 10
2888.559767
 20
1279.141388
  0
POINT
  8
3
 10
2900.053985
 20
1279.141388
  0
POINT
  8
3
 10
2911.074865
 20
1279.141388
  0
POINT
  8
3
 10
2926.615142
 20
1279.141388
  0
POINT
  8
3
 10
2940.824149
 20
1279.141388
  0
POINT
  8
3
 10
2953.542142
 20
1279.141388
  0
POINT
  8
3
 10
2964.609370
 20
1279.141388
  0
POINT
  8
3
 10
2976.521705
 20
1279.141388
  0
POINT
  8
3
 10
3002.949730
 20
1279.141388
  0
POINT
  8
3
 10
3014.862066
 20
1279.141388
  0
POINT
  8
3
 10
3025.929294
 20
1279.141388
  0
POINT
  8
3
 10
3038.647287
 20
1279.141388
  0
POINT
  8
3
 10
3052.856294
 20
1279.141388
  0
POINT
  8
3
 10
3068.396570
 20
1279.141388
  0
POINT
  8
3
 10
3079.417450
 20
1279.141388
  0
POINT
  8
3
 10
3090.911668
 20
1279.141388
  0
POINT
  8
3
 10
3102.831890
 20
1279.141388
  0
POINT
  8
3
 10
3115.130782
 20
1279.141388
  0
POINT
  8
3
 10
3127.761010
 20
1279.141388
  0
POINT
  8
3
 10
3140.675241
 20
1279.141388
  0
POINT
  8
3
 10
3153.826140
 20
1279.141388
  0
POINT
  8
3
 10
3167.166375
 20
1279.141388
  0
POINT
  8
3
 10
3180.648610
 20
1279.141388
  0
POINT
  8
3
 10
3194.225514
 20
1279.141388
  0
POINT
  8
3
 10
3207.849770
 20
1279.141388
  0
POINT
  8
3
 10
3221.474006
 20
1279.141388
  0
POINT
  8
3
 10
3235.050909
 20
1279.141388
  0
POINT
  8
3
 10
3248.533145
 20
1279.141388
  0
POINT
  8
3
 10
3261.873378
 20
1279.141388
  0
POINT
  8
3
 10
3275.024277
 20
1279.141388
  0
POINT
  8
3
 10
3287.938507
 20
1279.141388
  0
POINT
  8
3
 10
3300.568733
 20
1279.141388
  0
POINT
  8
3
 10
3312.867624
 20
1279.141388
  0
POINT
  8
3
 10
3324.787844
 20
1279.141388
  0
POINT
  8
3
 10
3336.282060
 20
1279.141388
  0
POINT
  8
3
 10
3347.302938
 20
1279.141388
  0
POINT
  8
3
 10
3357.803144
 20
1279.141388
  0
POINT
  8
3
 10
3367.735346
 20
1279.141388
  0
POINT
  8
3
 10
3381.465095
 20
1279.141388
  0
POINT
  8
3
 10
3393.650579
 20
1279.141388
  0
POINT
  8
3
 10
3404.132048
 20
1279.141388
  0
POINT
  8
3
 10
3415.180534
 20
1279.141388
  0
POINT
  8
3
 10
3424.712363
 20
1279.141388
  0
POINT
  8
3
 10
3476.963806
 20
1268.768166
  0
POINT
  8
3
 10
3476.963806
 20
1258.605410
  0
POINT
  8
3
 10
3476.963806
 20
1248.253055
  0
POINT
  8
3
 10
3476.963806
 20
1238.231744
  0
POINT
  8
3
 10
3431.963806
 20
1229.141388
  0
POINT
  8
3
 10
3425.963745
 20
1229.141388
  0
POINT
  8
3
 10
3412.749732
 20
1229.141388
  0
POINT
  8
3
 10
3400.837397
 20
1229.141388
  0
POINT
  8
3
 10
3389.770169
 20
1229.141388
  0
POINT
  8
3
 10
3377.052176
 20
1229.141388
  0
POINT
  8
3
 10
3362.843169
 20
1229.141388
  0
POINT
  8
3
 10
3347.302893
 20
1229.141388
  0
POINT
  8
3
 10
3336.282013
 20
1229.141388
  0
POINT
  8
3
 10
3324.787795
 20
1229.141388
  0
POINT
  8
3
 10
3312.867573
 20
1229.141388
  0
POINT
  8
3
 10
3300.568681
 20
1229.141388
  0
POINT
  8
3
 10
3287.938453
 20
1229.141388
  0
POINT
  8
3
 10
3275.024222
 20
1229.141388
  0
POINT
  8
3
 10
3261.873323
 20
1229.141388
  0
POINT
  8
3
 10
3248.533088
 20
1229.141388
  0
POINT
  8
3
 10
3235.050853
 20
1229.141388
  0
POINT
  8
3
 10
3222.736206
 20
1229.141388
  0
POINT
  8
3
 10
3221.473949
 20
1229.141388
  0
POINT
  8
3
 10
3207.849693
 20
1229.141388
  0
POINT
  8
3
 10
3194.225456
 20
1229.141388
  0
POINT
  8
3
 10
3180.648554
 20
1229.141388
  0
POINT
  8
3
 10
3167.166318
 20
1229.141388
  0
POINT
  8
3
 10
3153.826084
 20
1229.141388
  0
POINT
  8
3
 10
3140.675186
 20
1229.141388
  0
POINT
  8
3
 10
3127.760956
 20
1229.141388
  0
POINT
  8
3
 10
3115.130729
 20
1229.141388
  0
POINT
  8
3
 10
3102.831839
 20
1229.141388
  0
POINT
  8
3
 10
3090.911619
 20
1229.141388
  0
POINT
  8
3
 10
3079.417403
 20
1229.141388
  0
POINT
  8
3
 10
3068.396525
 20
1229.141388
  0
POINT
  8
3
 10
3057.896318
 20
1229.141388
  0
POINT
  8
3
 10
3047.964117
 20
1229.141388
  0
POINT
  8
3
 10
3034.234368
 20
1229.141388
  0
POINT
  8
3
 10
3022.048884
 20
1229.141388
  0
POINT
  8
3
 10
3011.567415
 20
1229.141388
  0
POINT
  8
3
 10
3000.518929
 20
1229.141388
  0
POINT
  8
3
 10
2990.987100
 20
1229.141388
  0
POINT
  8
3
 10
2989.735718
 20
1229.141388
  0
POINT
  8
3
 10
2988.484336
 20
1229.141388
  0
POINT
  8
3
 10
2978.952506
 20
1229.141388
  0
POINT
  8
3
 10
2967.904020
 20
1229.141388
  0
POINT
  8
3
 10
2957.422552
 20
1229.141388
  0
POINT
  8
3
 10
2945.237067
 20
1229.141388
  0
POINT
  8
3
 10
2931.507318
 20
1229.141388
  0
POINT
  8
3
 10
2921.575117
 20
1229.141388
  0
POINT
  8
3
 10
2911.074911
 20
1229.141388
  0
POINT
  8
3
 10
2900.054032
 20
1229.141388
  0
POINT
  8
3
 10
2888.559816
 20
1229.141388
  0
POINT
  8
3
 10
2876.639596
 20
1229.141388
  0
POINT
  8
3
 10
2864.340706
 20
1229.141388
  0
POINT
  8
3
 10
2851.710479
 20
1229.141388
  0
POINT
  8
3
 10
2838.796250
 20
1229.141388
  0
POINT
  8
3
 10
2825.645351
 20
1229.141388
  0
POINT
  8
3
 10
2812.305117
 20
1229.141388
  0
POINT
  8
3
 10
2798.822882
 20
1229.141388
  0
POINT
  8
3
 10
2785.245979
 20
1229.141388
  0
POINT
  8
3
 10
2771.621742
 20
1229.141388
  0
POINT
  8
3
 10
2757.997486
 20
1229.141388
  0
POINT
  8
3
 10
2756.735229
 20
1229.141388
  0
POINT
  8
3
 10
2744.420583
 20
1229.141388
  0
POINT
  8
3
 10
2730.938347
 20
1229.141388
  0
POINT
  8
3
 10
2717.598113
 20
1229.141388
  0
POINT
  8
3
 10
2704.447213
 20
1229.141388
  0
POINT
  8
3
 10
2691.532983
 20
1229.141388
  0
POINT
  8
3
 10
2678.902754
 20
1229.141388
  0
POINT
  8
3
 10
2666.603863
 20
1229.141388
  0
POINT
  8
3
 10
2654.683641
 20
1229.141388
  0
POINT
  8
3
 10
2643.189423
 20
1229.141388
  0
POINT
  8
3
 10
2632.168543
 20
1229.141388
  0
POINT
  8
3
 10
2616.628266
 20
1229.141388
  0
POINT
  8
3
 10
2602.419259
 20
1229.141388
  0
POINT
  8
3
 10
2589.701266
 20
1229.141388
  0
POINT
  8
3
 10
2578.634038
 20
1229.141388
  0
POINT
  8
3
 10
2566.721703
 20
1229.141388
  0
POINT
  8
4
 10
3431.963806
 20
1229.141388
 30
1.000000
 50
 90.00
  0
TEXT
  8
4
 10
3431.963806
 20
1229.141388
 40
0.000000
 50
0.000000
  1
# 102
  0
POINT
  8
4
 10
3425.963745
 20
1229.141388
 30
1.000000
 50
 90.00
  0
TEXT
  8
4
 10
3425.963745
 20
1229.141388
 40
0.000000
 50
0.000000
  1
# 103
  0
POINT
  8
4
 10
3222.736206
 20
1229.141388
 30
1.000000
 50
270.00
  0
TEXT
  8
4
 10
3222.736206
 20
1229.141388
 40
0.000000
 50
0.000000
  1
# 104
  0
POINT
  8
4
 10
2989.735718
 20
1229.141388
 30
1.000000
 50
 90.00
  0
TEXT
  8
4
 10
2989.735718
 20
1229.141388
 40
0.000000
 50
0.000000
  1
# 105
  0
POINT
  8
4
 10
2756.735229
 20
1229.141388
 30
1.000000
 50
 90.00
  0
TEXT
  8
4
 10
2756.735229
 20
1229.141388
 40
0.000000
 50
0.000000
  1
# 106
  0
POLYLINE
  8
8
  66
1
  70
0
  0
VERTEX
  8
8
  10
2989.735718
  20
1229.141388
  0
VERTEX
  8
8
  10
2989.735718
  20
1240.072897
  0
VERTEX
  8
8
  10
2989.735718
  20
1250.249266
  0
VERTEX
  8
8
  10
2989.735718
  20
1260.333518
  0
VERTEX
  8
8
  10
2989.735718
  20
1270.734925
  0
VERTEX
  8
8
  10
2989.735718
  20
1279.141388
  0
SEQEND
  8
8
  0
POINT
  8
2
 10
2989.735718
 20
1229.141388
  0
TEXT
  8
2
 10
2989.735718
 20
1229.141388
 40
0.000000
 50
0.000000
  1
# 107
  0
POINT
  8
2
 10
2989.735718
 20
1279.141388
  0
TEXT
  8
2
 10
2989.735718
 20
1279.141388
 40
0.000000
 50
0.000000
  1
# 108
  0
POINT
  8
3
 10
2989.735718
 20
1240.072897
  0
POINT
  8
3
 10
2989.735718
 20
1250.249266
  0
POINT
  8
3
 10
2989.735718
 20
1260.333518
  0
POINT
  8
3
 10
2989.735718
 20
1270.734925
  0
POLYLINE
  8
8
  66
1
  70
0
  0
VERTEX
  8
8
  10
3425.963745
  20
1279.141388
  0
VERTEX
  8
8
  10
3425.963745
  20
1268.209878
  0
VERTEX
  8
8
  10
3425.963745
  20
1258.033509
  0
VERTEX
  8
8
  10
3425.963745
  20
1247.949258
  0
VERTEX
  8
8
  10
3425.963745
  20
1237.547850
  0
VERTEX
  8
8
  10
3425.963745
  20
1229.141388
  0
SEQEND
  8
8
  0
POINT
  8
2
 10
3425.963745
 20
1279.141388
  0
TEXT
  8
2
 10
3425.963745
 20
1279.141388
 40
0.000000
 50
0.000000
  1
# 109
  0
POINT
  8
2
 10
3425.963745
 20
1229.141388
  0
TEXT
  8
2
 10
3425.963745
 20
1229.141388
 40
0.000000
 50
0.000000
  1
# 110
  0
POINT
  8
3
 10
3425.963745
 20
1268.209878
  0
POINT
  8
3
 10
3425.963745
 20
1258.033509
  0
POINT
  8
3
 10
3425.963745
 20
1247.949258
  0
POINT
  8
3
 10
3425.963745
 20
1237.547850
  0
POLYLINE
  8
8
  66
1
  70
0
  0
VERTEX
  8
8
  10
3431.963806
  20
1279.141388
  0
VERTEX
  8
8
  10
3431.963806
  20
1268.687624
  0
VERTEX
  8
8
  10
3431.963806
  20
1258.473622
  0
VERTEX
  8
8
  10
3431.963806
  20
1248.253059
  0
VERTEX
  8
8
  10
3431.963806
  20
1237.846268
  0
VERTEX
  8
8
  10
3431.963806
  20
1229.141388
  0
SEQEND
  8
8
  0
POINT
  8
2
 10
3431.963806
 20
1279.141388
  0
TEXT
  8
2
 10
3431.963806
 20
1279.141388
 40
0.000000
 50
0.000000
  1
# 111
  0
POINT
  8
2
 10
3431.963806
 20
1229.141388
  0
TEXT
  8
2
 10
3431.963806
 20
1229.141388
 40
0.000000
 50
0.000000
  1
# 112
  0
POINT
  8
3
 10
3431.963806
 20
1268.687624
  0
POINT
  8
3
 10
3431.963806
 20
1258.473622
  0
POINT
  8
3
 10
3431.963806
 20
1248.253059
  0
POINT
  8
3
 10
3431.963806
 20
1237.846268
 0
LINE
 8
7
 10
2768.052368
 20
1250.954285
 11
3161.233521
 21
1250.954285
  0
TEXT
  8
1
 10
3015.235748
 20
1254.141388
 40
10.000000
 50
0.000000
  1
Piece Name: 26SMC-WP130M 展_腰_175/84
  0
TEXT
  8
1
 10
3015.235748
 20
1269.141388
 40
10.000000
 50
0.000000
  1
Size: 175/84
  0
TEXT
  8
1
 10
3015.235748
 20
1284.141388
 40
10.000000
 50
0.000000
  1
Annotation: 
  0
TEXT
  8
1
 10
3015.235748
 20
1299.141388
 40
10.000000
 50
0.000000
  1
Quantity: 1,1
  0
TEXT
  8
1
 10
3015.235748
 20
1314.141388
 40
10.000000
 50
0.000000
  1
Material: 面
  0
TEXT
  8
1
 10
3015.235748
 20
1314.141388
 40
10.000000
 50
0.000000
  1
Category: 1
0
ENDBLK
0
BLOCK
  8
1
  2
26SMC-WP130M 展_左前片_175/84
 70
0
 10
0.0
 20
0.0
  0
POLYLINE
  8
1
  66
1
  70
1
  0
VERTEX
  8
1
  10
3004.733582
  20
477.780228
  0
VERTEX
  8
1
  10
2997.084351
  20
484.221573
  0
VERTEX
  8
1
  10
2996.345825
  20
494.332619
  0
VERTEX
  8
1
  10
2995.612183
  20
504.381752
  0
VERTEX
  8
1
  10
2994.838562
  20
514.455338
  0
VERTEX
  8
1
  10
2994.025269
  20
524.499435
  0
VERTEX
  8
1
  10
2993.159180
  20
534.541435
  0
VERTEX
  8
1
  10
2992.235413
  20
544.543839
  0
VERTEX
  8
1
  10
2991.250000
  20
554.554443
  0
VERTEX
  8
1
  10
2990.205078
  20
564.559822
  0
VERTEX
  8
1
  10
2989.105225
  20
574.508934
  0
VERTEX
  8
1
  10
2987.934570
  20
584.496613
  0
VERTEX
  8
1
  10
2986.692810
  20
594.469566
  0
VERTEX
  8
1
  10
2985.374451
  20
604.426575
  0
VERTEX
  8
1
  10
2983.970947
  20
614.431610
  0
VERTEX
  8
1
  10
2982.503052
  20
624.368896
  0
VERTEX
  8
1
  10
2980.966492
  20
634.300156
  0
VERTEX
  8
1
  10
2979.364929
  20
644.226074
  0
VERTEX
  8
1
  10
2977.702332
  20
654.144669
  0
VERTEX
  8
1
  10
2975.981750
  20
664.056702
  0
VERTEX
  8
1
  10
2974.206543
  20
673.962402
  0
VERTEX
  8
1
  10
2972.377319
  20
683.867340
  0
VERTEX
  8
1
  10
2970.497742
  20
693.757553
  0
VERTEX
  8
1
  10
2968.568420
  20
703.639450
  0
VERTEX
  8
1
  10
2966.587524
  20
713.530197
  0
VERTEX
  8
1
  10
2964.564209
  20
723.397217
  0
VERTEX
  8
1
  10
2962.497253
  20
733.257751
  0
VERTEX
  8
1
  10
2960.381165
  20
743.121872
  0
VERTEX
  8
1
  10
2958.214417
  20
752.953644
  0
VERTEX
  8
1
  10
2955.986938
  20
762.762527
  0
VERTEX
  8
1
  10
2953.717041
  20
772.503891
  0
VERTEX
  8
1
  10
2951.579895
  20
781.609879
  0
VERTEX
  8
1
  10
2955.632019
  20
785.103226
  0
VERTEX
  8
1
  10
2958.403625
  20
787.456512
  0
VERTEX
  8
1
  10
2960.605469
  20
789.425888
  0
VERTEX
  8
1
  10
2962.785645
  20
791.486969
  0
VERTEX
  8
1
  10
2965.016479
  20
793.713913
  0
VERTEX
  8
1
  10
2967.168884
  20
795.987549
  0
VERTEX
  8
1
  10
2969.156494
  20
798.212357
  0
VERTEX
  8
1
  10
2970.927429
  20
800.313797
  0
VERTEX
  8
1
  10
2972.670898
  20
802.514877
  0
VERTEX
  8
1
  10
2974.150391
  20
804.509125
  0
VERTEX
  8
1
  10
2975.566101
  20
806.554260
  0
VERTEX
  8
1
  10
2976.899719
  20
808.637238
  0
VERTEX
  8
1
  10
2978.060913
  20
810.616531
  0
VERTEX
  8
1
  10
2979.062805
  20
812.478104
  0
VERTEX
  8
1
  10
2980.011292
  20
814.393005
  0
VERTEX
  8
1
  10
2981.053162
  20
816.691666
  0
VERTEX
  8
1
  10
2982.026978
  20
819.056396
  0
VERTEX
  8
1
  10
2982.935486
  20
821.483307
  0
VERTEX
  8
1
  10
2983.781128
  20
823.967896
  0
VERTEX
  8
1
  10
2984.673462
  20
826.872177
  0
VERTEX
  8
1
  10
2985.491333
  20
829.838409
  0
VERTEX
  8
1
  10
2986.238708
  20
832.859116
  0
VERTEX
  8
1
  10
2987.001648
  20
836.312943
  0
VERTEX
  8
1
  10
2987.688599
  20
839.814911
  0
VERTEX
  8
1
  10
2988.371887
  20
843.749084
  0
VERTEX
  8
1
  10
2989.015503
  20
847.943878
  0
VERTEX
  8
1
  10
2989.700012
  20
852.994614
  0
VERTEX
  8
1
  10
2990.368652
  20
858.549576
  0
VERTEX
  8
1
  10
2990.746765
  20
862.041626
  0
VERTEX
  8
1
  10
2991.694946
  20
871.538239
  0
VERTEX
  8
1
  10
2992.736816
  20
881.557922
  0
VERTEX
  8
1
  10
2993.883057
  20
892.200012
  0
VERTEX
  8
1
  10
2994.995422
  20
902.173309
  0
VERTEX
  8
1
  10
2996.232300
  20
912.874146
  0
VERTEX
  8
1
  10
2997.438965
  20
922.912827
  0
VERTEX
  8
1
  10
2998.783264
  20
933.622665
  0
VERTEX
  8
1
  10
3000.127258
  20
943.843231
  0
VERTEX
  8
1
  10
3001.498108
  20
953.870087
  0
VERTEX
  8
1
  10
3003.012085
  20
964.580383
  0
VERTEX
  8
1
  10
3004.613953
  20
975.572357
  0
VERTEX
  8
1
  10
3006.216431
  20
986.269989
  0
VERTEX
  8
1
  10
3007.792358
  20
996.525803
  0
VERTEX
  8
1
  10
3009.442749
  20
1006.989746
  0
VERTEX
  8
1
  10
3010.875549
  20
1016.134033
  0
VERTEX
  8
1
  10
3018.725586
  20
1016.084518
  0
VERTEX
  8
1
  10
3024.964294
  20
1016.030960
  0
VERTEX
  8
1
  10
3034.986267
  20
1016.001968
  0
VERTEX
  8
1
  10
3045.424194
  20
1016.054001
  0
VERTEX
  8
1
  10
3055.715332
  20
1016.187286
  0
VERTEX
  8
1
  10
3065.898743
  20
1016.406250
  0
VERTEX
  8
1
  10
3075.526123
  20
1016.703873
  0
VERTEX
  8
1
  10
3084.265747
  20
1017.063370
  0
VERTEX
  8
1
  10
3093.012695
  20
1017.514725
  0
VERTEX
  8
1
  10
3102.515259
  20
1018.095551
  0
VERTEX
  8
1
  10
3113.320313
  20
1018.855133
  0
VERTEX
  8
1
  10
3113.692932
  20
1018.884583
  0
VERTEX
  8
1
  10
3123.879089
  20
1019.688492
  0
VERTEX
  8
1
  10
3134.553833
  20
1020.617905
  0
VERTEX
  8
1
  10
3144.152222
  20
1021.532440
  0
VERTEX
  8
1
  10
3152.091370
  20
1022.271118
  0
VERTEX
  8
1
  10
3203.724976
  20
909.476624
  0
VERTEX
  8
1
  10
3205.622559
  20
908.434906
  0
VERTEX
  8
1
  10
3214.367371
  20
903.634796
  0
VERTEX
  8
1
  10
3223.278198
  20
898.743439
  0
VERTEX
  8
1
  10
3232.138672
  20
893.879929
  0
VERTEX
  8
1
  10
3241.075439
  20
888.974457
  0
VERTEX
  8
1
  10
3255.383606
  20
881.120605
  0
VERTEX
  8
1
  10
3255.404663
  20
875.034790
  0
VERTEX
  8
1
  10
3255.446167
  20
865.059280
  0
VERTEX
  8
1
  10
3255.432434
  20
855.021057
  0
VERTEX
  8
1
  10
3255.360718
  20
844.946899
  0
VERTEX
  8
1
  10
3255.219421
  20
835.159149
  0
VERTEX
  8
1
  10
3254.990845
  20
825.112762
  0
VERTEX
  8
1
  10
3254.689026
  20
815.082779
  0
VERTEX
  8
1
  10
3254.328918
  20
805.069580
  0
VERTEX
  8
1
  10
3253.925171
  20
795.060577
  0
VERTEX
  8
1
  10
3253.483582
  20
785.040436
  0
VERTEX
  8
1
  10
3252.991943
  20
774.964676
  0
VERTEX
  8
1
  10
3252.444458
  20
764.972458
  0
VERTEX
  8
1
  10
3251.828918
  20
754.955902
  0
VERTEX
  8
1
  10
3251.151733
  20
744.908829
  0
VERTEX
  8
1
  10
3250.422363
  20
734.838715
  0
VERTEX
  8
1
  10
3249.656982
  20
724.852753
  0
VERTEX
  8
1
  10
3248.851318
  20
714.829559
  0
VERTEX
  8
1
  10
3248.008118
  20
704.774246
  0
VERTEX
  8
1
  10
3247.142029
  20
694.809952
  0
VERTEX
  8
1
  10
3246.242065
  20
684.747925
  0
VERTEX
  8
1
  10
3245.325623
  20
674.726257
  0
VERTEX
  8
1
  10
3244.391785
  20
664.677429
  0
VERTEX
  8
1
  10
3243.454895
  20
654.697113
  0
VERTEX
  8
1
  10
3242.510376
  20
644.685211
  0
VERTEX
  8
1
  10
3241.563416
  20
634.651718
  0
VERTEX
  8
1
  10
3240.621948
  20
624.622345
  0
VERTEX
  8
1
  10
3239.690857
  20
614.604950
  0
VERTEX
  8
1
  10
3238.772888
  20
604.582901
  0
VERTEX
  8
1
  10
3237.870789
  20
594.522476
  0
VERTEX
  8
1
  10
3236.998901
  20
584.538269
  0
VERTEX
  8
1
  10
3236.152039
  20
574.521942
  0
VERTEX
  8
1
  10
3235.333557
  20
564.464798
  0
VERTEX
  8
1
  10
3234.556274
  20
554.490623
  0
VERTEX
  8
1
  10
3233.815002
  20
544.484406
  0
VERTEX
  8
1
  10
3233.118896
  20
534.444084
  0
VERTEX
  8
1
  10
3232.479553
  20
524.390259
  0
VERTEX
  8
1
  10
3231.902161
  20
514.379501
  0
VERTEX
  8
1
  10
3231.371460
  20
504.365463
  0
VERTEX
  8
1
  10
3230.877380
  20
494.309578
  0
VERTEX
  8
1
  10
3230.376282
  20
484.132729
  0
VERTEX
  8
1
  10
3222.727051
  20
477.691383
  0
VERTEX
  8
1
  10
3174.040527
  20
535.506783
  0
VERTEX
  8
1
  10
3073.692932
  20
535.506783
  0
VERTEX
  8
1
  10
3053.345337
  20
535.506783
  0
SEQEND
  8
1
  0
POINT
  8
2
 10
3004.733582
 20
477.780228
  0
TEXT
  8
2
 10
3004.733582
 20
477.780228
 40
0.000000
 50
0.000000
  1
# 113
  0
POINT
  8
2
 10
2997.084351
 20
484.221573
  0
TEXT
  8
2
 10
2997.084351
 20
484.221573
 40
0.000000
 50
0.000000
  1
# 114
  0
POINT
  8
2
 10
2951.579895
 20
781.609879
  0
TEXT
  8
2
 10
2951.579895
 20
781.609879
 40
0.000000
 50
0.000000
  1
# 115
  0
POINT
  8
2
 10
2990.746765
 20
862.041626
  0
TEXT
  8
2
 10
2990.746765
 20
862.041626
 40
0.000000
 50
0.000000
  1
# 116
  0
POINT
  8
2
 10
3010.875549
 20
1016.134033
  0
TEXT
  8
2
 10
3010.875549
 20
1016.134033
 40
0.000000
 50
0.000000
  1
# 117
  0
POINT
  8
2
 10
3152.091370
 20
1022.271118
  0
TEXT
  8
2
 10
3152.091370
 20
1022.271118
 40
0.000000
 50
0.000000
  1
# 118
  0
POINT
  8
2
 10
3203.724976
 20
909.476624
  0
TEXT
  8
2
 10
3203.724976
 20
909.476624
 40
0.000000
 50
0.000000
  1
# 119
  0
POINT
  8
2
 10
3255.383606
 20
881.120605
  0
TEXT
  8
2
 10
3255.383606
 20
881.120605
 40
0.000000
 50
0.000000
  1
# 120
  0
POINT
  8
2
 10
3230.376282
 20
484.132729
  0
TEXT
  8
2
 10
3230.376282
 20
484.132729
 40
0.000000
 50
0.000000
  1
# 121
  0
POINT
  8
2
 10
3222.727051
 20
477.691383
  0
TEXT
  8
2
 10
3222.727051
 20
477.691383
 40
0.000000
 50
0.000000
  1
# 122
  0
POINT
  8
2
 10
3174.040527
 20
535.506783
  0
TEXT
  8
2
 10
3174.040527
 20
535.506783
 40
0.000000
 50
0.000000
  1
# 123
  0
POINT
  8
2
 10
3053.345337
 20
535.506783
  0
TEXT
  8
2
 10
3053.345337
 20
535.506783
 40
0.000000
 50
0.000000
  1
# 124
  0
POINT
  8
3
 10
2996.345825
 20
494.332619
  0
POINT
  8
3
 10
2995.612183
 20
504.381752
  0
POINT
  8
3
 10
2994.838562
 20
514.455338
  0
POINT
  8
3
 10
2994.025269
 20
524.499435
  0
POINT
  8
3
 10
2993.159180
 20
534.541435
  0
POINT
  8
3
 10
2992.235413
 20
544.543839
  0
POINT
  8
3
 10
2991.250000
 20
554.554443
  0
POINT
  8
3
 10
2990.205078
 20
564.559822
  0
POINT
  8
3
 10
2989.105225
 20
574.508934
  0
POINT
  8
3
 10
2987.934570
 20
584.496613
  0
POINT
  8
3
 10
2986.692810
 20
594.469566
  0
POINT
  8
3
 10
2985.374451
 20
604.426575
  0
POINT
  8
3
 10
2983.970947
 20
614.431610
  0
POINT
  8
3
 10
2982.503052
 20
624.368896
  0
POINT
  8
3
 10
2980.966492
 20
634.300156
  0
POINT
  8
3
 10
2979.364929
 20
644.226074
  0
POINT
  8
3
 10
2977.702332
 20
654.144669
  0
POINT
  8
3
 10
2975.981750
 20
664.056702
  0
POINT
  8
3
 10
2974.206543
 20
673.962402
  0
POINT
  8
3
 10
2972.377319
 20
683.867340
  0
POINT
  8
3
 10
2970.497742
 20
693.757553
  0
POINT
  8
3
 10
2968.568420
 20
703.639450
  0
POINT
  8
3
 10
2966.587524
 20
713.530197
  0
POINT
  8
3
 10
2964.564209
 20
723.397217
  0
POINT
  8
3
 10
2962.497253
 20
733.257751
  0
POINT
  8
3
 10
2960.381165
 20
743.121872
  0
POINT
  8
3
 10
2958.214417
 20
752.953644
  0
POINT
  8
3
 10
2955.986938
 20
762.762527
  0
POINT
  8
3
 10
2953.717041
 20
772.503891
  0
POINT
  8
3
 10
2955.632019
 20
785.103226
  0
POINT
  8
3
 10
2958.403625
 20
787.456512
  0
POINT
  8
3
 10
2960.605469
 20
789.425888
  0
POINT
  8
3
 10
2962.785645
 20
791.486969
  0
POINT
  8
3
 10
2965.016479
 20
793.713913
  0
POINT
  8
3
 10
2967.168884
 20
795.987549
  0
POINT
  8
3
 10
2969.156494
 20
798.212357
  0
POINT
  8
3
 10
2970.927429
 20
800.313797
  0
POINT
  8
3
 10
2972.670898
 20
802.514877
  0
POINT
  8
3
 10
2974.150391
 20
804.509125
  0
POINT
  8
3
 10
2975.566101
 20
806.554260
  0
POINT
  8
3
 10
2976.899719
 20
808.637238
  0
POINT
  8
3
 10
2978.060913
 20
810.616531
  0
POINT
  8
3
 10
2979.062805
 20
812.478104
  0
POINT
  8
3
 10
2980.011292
 20
814.393005
  0
POINT
  8
3
 10
2981.053162
 20
816.691666
  0
POINT
  8
3
 10
2982.026978
 20
819.056396
  0
POINT
  8
3
 10
2982.935486
 20
821.483307
  0
POINT
  8
3
 10
2983.781128
 20
823.967896
  0
POINT
  8
3
 10
2984.673462
 20
826.872177
  0
POINT
  8
3
 10
2985.491333
 20
829.838409
  0
POINT
  8
3
 10
2986.238708
 20
832.859116
  0
POINT
  8
3
 10
2987.001648
 20
836.312943
  0
POINT
  8
3
 10
2987.688599
 20
839.814911
  0
POINT
  8
3
 10
2988.371887
 20
843.749084
  0
POINT
  8
3
 10
2989.015503
 20
847.943878
  0
POINT
  8
3
 10
2989.700012
 20
852.994614
  0
POINT
  8
3
 10
2990.368652
 20
858.549576
  0
POINT
  8
3
 10
2991.694946
 20
871.538239
  0
POINT
  8
3
 10
2992.736816
 20
881.557922
  0
POINT
  8
3
 10
2993.883057
 20
892.200012
  0
POINT
  8
3
 10
2994.995422
 20
902.173309
  0
POINT
  8
3
 10
2996.232300
 20
912.874146
  0
POINT
  8
3
 10
2997.438965
 20
922.912827
  0
POINT
  8
3
 10
2998.783264
 20
933.622665
  0
POINT
  8
3
 10
3000.127258
 20
943.843231
  0
POINT
  8
3
 10
3001.498108
 20
953.870087
  0
POINT
  8
3
 10
3003.012085
 20
964.580383
  0
POINT
  8
3
 10
3004.613953
 20
975.572357
  0
POINT
  8
3
 10
3006.216431
 20
986.269989
  0
POINT
  8
3
 10
3007.792358
 20
996.525803
  0
POINT
  8
3
 10
3009.442749
 20
1006.989746
  0
POINT
  8
3
 10
3018.725586
 20
1016.084518
  0
POINT
  8
3
 10
3024.964294
 20
1016.030960
  0
POINT
  8
3
 10
3034.986267
 20
1016.001968
  0
POINT
  8
3
 10
3045.424194
 20
1016.054001
  0
POINT
  8
3
 10
3055.715332
 20
1016.187286
  0
POINT
  8
3
 10
3065.898743
 20
1016.406250
  0
POINT
  8
3
 10
3075.526123
 20
1016.703873
  0
POINT
  8
3
 10
3084.265747
 20
1017.063370
  0
POINT
  8
3
 10
3093.012695
 20
1017.514725
  0
POINT
  8
3
 10
3102.515259
 20
1018.095551
  0
POINT
  8
3
 10
3113.320313
 20
1018.855133
  0
POINT
  8
3
 10
3113.692932
 20
1018.884583
  0
POINT
  8
3
 10
3123.879089
 20
1019.688492
  0
POINT
  8
3
 10
3134.553833
 20
1020.617905
  0
POINT
  8
3
 10
3144.152222
 20
1021.532440
  0
POINT
  8
3
 10
3205.622559
 20
908.434906
  0
POINT
  8
3
 10
3214.367371
 20
903.634796
  0
POINT
  8
3
 10
3223.278198
 20
898.743439
  0
POINT
  8
3
 10
3232.138672
 20
893.879929
  0
POINT
  8
3
 10
3241.075439
 20
888.974457
  0
POINT
  8
3
 10
3255.404663
 20
875.034790
  0
POINT
  8
3
 10
3255.446167
 20
865.059280
  0
POINT
  8
3
 10
3255.432434
 20
855.021057
  0
POINT
  8
3
 10
3255.360718
 20
844.946899
  0
POINT
  8
3
 10
3255.219421
 20
835.159149
  0
POINT
  8
3
 10
3254.990845
 20
825.112762
  0
POINT
  8
3
 10
3254.689026
 20
815.082779
  0
POINT
  8
3
 10
3254.328918
 20
805.069580
  0
POINT
  8
3
 10
3253.925171
 20
795.060577
  0
POINT
  8
3
 10
3253.483582
 20
785.040436
  0
POINT
  8
3
 10
3252.991943
 20
774.964676
  0
POINT
  8
3
 10
3252.444458
 20
764.972458
  0
POINT
  8
3
 10
3251.828918
 20
754.955902
  0
POINT
  8
3
 10
3251.151733
 20
744.908829
  0
POINT
  8
3
 10
3250.422363
 20
734.838715
  0
POINT
  8
3
 10
3249.656982
 20
724.852753
  0
POINT
  8
3
 10
3248.851318
 20
714.829559
  0
POINT
  8
3
 10
3248.008118
 20
704.774246
  0
POINT
  8
3
 10
3247.142029
 20
694.809952
  0
POINT
  8
3
 10
3246.242065
 20
684.747925
  0
POINT
  8
3
 10
3245.325623
 20
674.726257
  0
POINT
  8
3
 10
3244.391785
 20
664.677429
  0
POINT
  8
3
 10
3243.454895
 20
654.697113
  0
POINT
  8
3
 10
3242.510376
 20
644.685211
  0
POINT
  8
3
 10
3241.563416
 20
634.651718
  0
POINT
  8
3
 10
3240.621948
 20
624.622345
  0
POINT
  8
3
 10
3239.690857
 20
614.604950
  0
POINT
  8
3
 10
3238.772888
 20
604.582901
  0
POINT
  8
3
 10
3237.870789
 20
594.522476
  0
POINT
  8
3
 10
3236.998901
 20
584.538269
  0
POINT
  8
3
 10
3236.152039
 20
574.521942
  0
POINT
  8
3
 10
3235.333557
 20
564.464798
  0
POINT
  8
3
 10
3234.556274
 20
554.490623
  0
POINT
  8
3
 10
3233.815002
 20
544.484406
  0
POINT
  8
3
 10
3233.118896
 20
534.444084
  0
POINT
  8
3
 10
3232.479553
 20
524.390259
  0
POINT
  8
3
 10
3231.902161
 20
514.379501
  0
POINT
  8
3
 10
3231.371460
 20
504.365463
  0
POINT
  8
3
 10
3230.877380
 20
494.309578
  0
POINT
  8
3
 10
3073.692932
 20
535.506783
  0
POINT
  8
4
 10
3113.692932
 20
1018.884583
 30
1.000000
 50
270.00
  0
TEXT
  8
4
 10
3113.692932
 20
1018.884583
 40
0.000000
 50
0.000000
  1
# 125
  0
POINT
  8
4
 10
3073.692932
 20
535.506783
 30
1.000000
 50
 90.00
  0
TEXT
  8
4
 10
3073.692932
 20
535.506783
 40
0.000000
 50
0.000000
  1
# 126
  0
POLYLINE
  8
14
  66
1
  70
1
  0
VERTEX
  8
14
  10
3006.311340
  20
495.170174
  0
VERTEX
  8
14
  10
3005.558516
  20
505.473748
  0
VERTEX
  8
14
  10
3004.766103
  20
515.766398
  0
VERTEX
  8
14
  10
3003.946706
  20
525.858810
  0
VERTEX
  8
14
  10
3003.056602
  20
536.133650
  0
VERTEX
  8
14
  10
3002.121603
  20
546.209735
  0
VERTEX
  8
14
  10
3001.126089
  20
556.280169
  0
VERTEX
  8
14
  10
3000.053839
  20
566.501615
  0
VERTEX
  8
14
  10
2998.936259
  20
576.559337
  0
VERTEX
  8
14
  10
2997.751783
  20
586.609306
  0
VERTEX
  8
14
  10
2996.494452
  20
596.650311
  0
VERTEX
  8
14
  10
2995.136374
  20
606.846855
  0
VERTEX
  8
14
  10
2993.722932
  20
616.867220
  0
VERTEX
  8
14
  10
2992.237020
  20
626.877189
  0
VERTEX
  8
14
  10
2990.699221
  20
636.774331
  0
VERTEX
  8
14
  10
2989.081643
  20
646.763696
  0
VERTEX
  8
14
  10
2987.403278
  20
656.743001
  0
VERTEX
  8
14
  10
2985.667489
  20
666.712451
  0
VERTEX
  8
14
  10
2983.894977
  20
676.575959
  0
VERTEX
  8
14
  10
2982.052893
  20
686.526274
  0
VERTEX
  8
14
  10
2980.159592
  20
696.466940
  0
VERTEX
  8
14
  10
2978.213083
  20
706.414828
  0
VERTEX
  8
14
  10
2976.222006
  20
716.336349
  0
VERTEX
  8
14
  10
2974.185549
  20
726.248714
  0
VERTEX
  8
14
  10
2972.124749
  20
736.062937
  0
VERTEX
  8
14
  10
2969.998362
  20
745.956502
  0
VERTEX
  8
14
  10
2967.816374
  20
755.837826
  0
VERTEX
  8
14
  10
2965.559069
  20
765.755411
  0
VERTEX
  8
14
  10
2963.300411
  20
775.435678
  0
VERTEX
  8
14
  10
2962.692871
  20
778.006821
  0
VERTEX
  8
14
  10
2964.958522
  20
779.904338
  0
VERTEX
  8
14
  10
2967.376726
  20
782.067176
  0
VERTEX
  8
14
  10
2969.751546
  20
784.312201
  0
VERTEX
  8
14
  10
2972.179915
  20
786.736431
  0
VERTEX
  8
14
  10
2974.529685
  20
789.218607
  0
VERTEX
  8
14
  10
2976.710970
  20
791.660176
  0
VERTEX
  8
14
  10
2978.667509
  20
793.981956
  0
VERTEX
  8
14
  10
2980.609898
  20
796.434450
  0
VERTEX
  8
14
  10
2982.274689
  20
798.678653
  0
VERTEX
  8
14
  10
2983.886295
  20
801.006576
  0
VERTEX
  8
14
  10
2985.424952
  20
803.410585
  0
VERTEX
  8
14
  10
2986.783114
  20
805.725231
  0
VERTEX
  8
14
  10
2987.948531
  20
807.890996
  0
VERTEX
  8
14
  10
2989.042777
  20
810.099586
  0
VERTEX
  8
14
  10
2990.233297
  20
812.726305
  0
VERTEX
  8
14
  10
2991.335457
  20
815.402252
  0
VERTEX
  8
14
  10
2992.353840
  20
818.122544
  0
VERTEX
  8
14
  10
2993.293027
  20
820.882295
  0
VERTEX
  8
14
  10
2994.275289
  20
824.078364
  0
VERTEX
  8
14
  10
2995.166937
  20
827.312307
  0
VERTEX
  8
14
  10
2995.974812
  20
830.576846
  0
VERTEX
  8
14
  10
2996.792051
  20
834.276938
  0
VERTEX
  8
14
  10
2997.521662
  20
837.996157
  0
VERTEX
  8
14
  10
2998.241409
  20
842.138421
  0
VERTEX
  8
14
  10
2998.912863
  20
846.515610
  0
VERTEX
  8
14
  10
2999.619434
  20
851.727906
  0
VERTEX
  8
14
  10
3000.305043
  20
857.423758
  0
VERTEX
  8
14
  10
3000.693054
  20
861.006699
  0
VERTEX
  8
14
  10
3001.643141
  20
870.522602
  0
VERTEX
  8
14
  10
3002.681236
  20
880.505621
  0
VERTEX
  8
14
  10
3003.823602
  20
891.110063
  0
VERTEX
  8
14
  10
3004.931593
  20
901.046351
  0
VERTEX
  8
14
  10
3006.163580
  20
911.703546
  0
VERTEX
  8
14
  10
3007.364562
  20
921.695666
  0
VERTEX
  8
14
  10
3008.701539
  20
932.347228
  0
VERTEX
  8
14
  10
3010.038313
  20
942.512551
  0
VERTEX
  8
14
  10
3011.402709
  20
952.492759
  0
VERTEX
  8
14
  10
3012.910576
  20
963.159052
  0
VERTEX
  8
14
  10
3014.506548
  20
974.109911
  0
VERTEX
  8
14
  10
3016.103331
  20
984.769681
  0
VERTEX
  8
14
  10
3017.673360
  20
994.988395
  0
VERTEX
  8
14
  10
3019.429016
  20
1006.087112
  0
VERTEX
  8
14
  10
3024.893040
  20
1006.031198
  0
VERTEX
  8
14
  10
3034.996870
  20
1006.001940
  0
VERTEX
  8
14
  10
3045.513574
  20
1006.054381
  0
VERTEX
  8
14
  10
3055.886175
  20
1006.188738
  0
VERTEX
  8
14
  10
3066.159695
  20
1006.409652
  0
VERTEX
  8
14
  10
3075.885660
  20
1006.710321
  0
VERTEX
  8
14
  10
3084.730609
  20
1007.074181
  0
VERTEX
  8
14
  10
3093.576033
  20
1007.530612
  0
VERTEX
  8
14
  10
3103.170024
  20
1008.117042
  0
VERTEX
  8
14
  10
3113.692932
  20
1008.901672
  0
VERTEX
  8
14
  10
3114.066043
  20
1008.882995
  0
VERTEX
  8
14
  10
3124.705981
  20
1009.722781
  0
VERTEX
  8
14
  10
3135.462298
  20
1010.659240
  0
VERTEX
  8
14
  10
3145.936890
  20
1011.690598
  0
VERTEX
  8
14
  10
3196.010437
  20
902.303696
  0
VERTEX
  8
14
  10
3200.810666
  20
899.668760
  0
VERTEX
  8
14
  10
3209.555444
  20
894.868606
  0
VERTEX
  8
14
  10
3218.466356
  20
889.977285
  0
VERTEX
  8
14
  10
3227.326685
  20
885.113766
  0
VERTEX
  8
14
  10
3236.263636
  20
880.208218
  0
VERTEX
  8
14
  10
3245.399170
  20
875.201035
  0
VERTEX
  8
14
  10
3245.436908
  20
868.470570
  0
VERTEX
  8
14
  10
3245.443142
  20
858.413921
  0
VERTEX
  8
14
  10
3245.390874
  20
848.225930
  0
VERTEX
  8
14
  10
3245.266127
  20
837.914574
  0
VERTEX
  8
14
  10
3245.059241
  20
827.895276
  0
VERTEX
  8
14
  10
3244.772792
  20
817.814885
  0
VERTEX
  8
14
  10
3244.422935
  20
807.736026
  0
VERTEX
  8
14
  10
3244.024809
  20
797.658807
  0
VERTEX
  8
14
  10
3243.589356
  20
787.583600
  0
VERTEX
  8
14
  10
3243.108757
  20
777.510671
  0
VERTEX
  8
14
  10
3242.549523
  20
767.081338
  0
VERTEX
  8
14
  10
3241.963037
  20
757.367546
  0
VERTEX
  8
14
  10
3241.294410
  20
747.305268
  0
VERTEX
  8
14
  10
3240.547022
  20
736.887314
  0
VERTEX
  8
14
  10
3239.808312
  20
727.174996
  0
VERTEX
  8
14
  10
3239.005626
  20
717.122649
  0
VERTEX
  8
14
  10
3238.137294
  20
706.714338
  0
VERTEX
  8
14
  10
3237.296804
  20
697.005225
  0
VERTEX
  8
14
  10
3236.401379
  20
686.960717
  0
VERTEX
  8
14
  10
3235.485260
  20
676.918080
  0
VERTEX
  8
14
  10
3234.556976
  20
666.910191
  0
VERTEX
  8
14
  10
3233.615343
  20
656.869923
  0
VERTEX
  8
14
  10
3232.634468
  20
646.471568
  0
VERTEX
  8
14
  10
3231.719232
  20
636.773889
  0
VERTEX
  8
14
  10
3230.775807
  20
626.733708
  0
VERTEX
  8
14
  10
3229.841076
  20
616.692715
  0
VERTEX
  8
14
  10
3228.920400
  20
606.658661
  0
VERTEX
  8
14
  10
3228.017068
  20
596.614808
  0
VERTEX
  8
14
  10
3227.105724
  20
586.210122
  0
VERTEX
  8
14
  10
3226.283086
  20
576.511902
  0
VERTEX
  8
14
  10
3225.461203
  20
566.461068
  0
VERTEX
  8
14
  10
3224.645902
  20
556.048331
  0
VERTEX
  8
14
  10
3223.923445
  20
546.348135
  0
VERTEX
  8
14
  10
3223.220127
  20
536.288227
  0
VERTEX
  8
14
  10
3222.550721
  20
525.865273
  0
VERTEX
  8
14
  10
3221.969069
  20
515.859889
  0
VERTEX
  8
14
  10
3221.431672
  20
505.805438
  0
VERTEX
  8
14
  10
3220.934753
  20
495.344429
  0
VERTEX
  8
14
  10
3178.692932
  20
545.506783
  0
VERTEX
  8
14
  10
3073.692932
  20
545.506783
  0
VERTEX
  8
14
  10
3048.692932
  20
545.506783
  0
SEQEND
  8
14
  0
POINT
  8
2
 10
3006.311340
 20
495.170174
  0
TEXT
  8
2
 10
3006.311340
 20
495.170174
 40
0.000000
 50
0.000000
  1
# 127
  0
POINT
  8
2
 10
2962.692871
 20
778.006821
  0
TEXT
  8
2
 10
2962.692871
 20
778.006821
 40
0.000000
 50
0.000000
  1
# 128
  0
POINT
  8
2
 10
3000.693054
 20
861.006699
  0
TEXT
  8
2
 10
3000.693054
 20
861.006699
 40
0.000000
 50
0.000000
  1
# 129
  0
POINT
  8
2
 10
3019.429016
 20
1006.087112
  0
TEXT
  8
2
 10
3019.429016
 20
1006.087112
 40
0.000000
 50
0.000000
  1
# 130
  0
POINT
  8
2
 10
3145.936890
 20
1011.690598
  0
TEXT
  8
2
 10
3145.936890
 20
1011.690598
 40
0.000000
 50
0.000000
  1
# 131
  0
POINT
  8
2
 10
3196.010437
 20
902.303696
  0
TEXT
  8
2
 10
3196.010437
 20
902.303696
 40
0.000000
 50
0.000000
  1
# 132
  0
POINT
  8
2
 10
3245.399170
 20
875.201035
  0
TEXT
  8
2
 10
3245.399170
 20
875.201035
 40
0.000000
 50
0.000000
  1
# 133
  0
POINT
  8
2
 10
3220.934753
 20
495.344429
  0
TEXT
  8
2
 10
3220.934753
 20
495.344429
 40
0.000000
 50
0.000000
  1
# 134
  0
POINT
  8
2
 10
3178.692932
 20
545.506783
  0
TEXT
  8
2
 10
3178.692932
 20
545.506783
 40
0.000000
 50
0.000000
  1
# 135
  0
POINT
  8
2
 10
3048.692932
 20
545.506783
  0
TEXT
  8
2
 10
3048.692932
 20
545.506783
 40
0.000000
 50
0.000000
  1
# 136
  0
POINT
  8
3
 10
3005.558516
 20
505.473748
  0
POINT
  8
3
 10
3004.766103
 20
515.766398
  0
POINT
  8
3
 10
3003.946706
 20
525.858810
  0
POINT
  8
3
 10
3003.056602
 20
536.133650
  0
POINT
  8
3
 10
3002.121603
 20
546.209735
  0
POINT
  8
3
 10
3001.126089
 20
556.280169
  0
POINT
  8
3
 10
3000.053839
 20
566.501615
  0
POINT
  8
3
 10
2998.936259
 20
576.559337
  0
POINT
  8
3
 10
2997.751783
 20
586.609306
  0
POINT
  8
3
 10
2996.494452
 20
596.650311
  0
POINT
  8
3
 10
2995.136374
 20
606.846855
  0
POINT
  8
3
 10
2993.722932
 20
616.867220
  0
POINT
  8
3
 10
2992.237020
 20
626.877189
  0
POINT
  8
3
 10
2990.699221
 20
636.774331
  0
POINT
  8
3
 10
2989.081643
 20
646.763696
  0
POINT
  8
3
 10
2987.403278
 20
656.743001
  0
POINT
  8
3
 10
2985.667489
 20
666.712451
  0
POINT
  8
3
 10
2983.894977
 20
676.575959
  0
POINT
  8
3
 10
2982.052893
 20
686.526274
  0
POINT
  8
3
 10
2980.159592
 20
696.466940
  0
POINT
  8
3
 10
2978.213083
 20
706.414828
  0
POINT
  8
3
 10
2976.222006
 20
716.336349
  0
POINT
  8
3
 10
2974.185549
 20
726.248714
  0
POINT
  8
3
 10
2972.124749
 20
736.062937
  0
POINT
  8
3
 10
2969.998362
 20
745.956502
  0
POINT
  8
3
 10
2967.816374
 20
755.837826
  0
POINT
  8
3
 10
2965.559069
 20
765.755411
  0
POINT
  8
3
 10
2963.300411
 20
775.435678
  0
POINT
  8
3
 10
2964.958522
 20
779.904338
  0
POINT
  8
3
 10
2967.376726
 20
782.067176
  0
POINT
  8
3
 10
2969.751546
 20
784.312201
  0
POINT
  8
3
 10
2972.179915
 20
786.736431
  0
POINT
  8
3
 10
2974.529685
 20
789.218607
  0
POINT
  8
3
 10
2976.710970
 20
791.660176
  0
POINT
  8
3
 10
2978.667509
 20
793.981956
  0
POINT
  8
3
 10
2980.609898
 20
796.434450
  0
POINT
  8
3
 10
2982.274689
 20
798.678653
  0
POINT
  8
3
 10
2983.886295
 20
801.006576
  0
POINT
  8
3
 10
2985.424952
 20
803.410585
  0
POINT
  8
3
 10
2986.783114
 20
805.725231
  0
POINT
  8
3
 10
2987.948531
 20
807.890996
  0
POINT
  8
3
 10
2989.042777
 20
810.099586
  0
POINT
  8
3
 10
2990.233297
 20
812.726305
  0
POINT
  8
3
 10
2991.335457
 20
815.402252
  0
POINT
  8
3
 10
2992.353840
 20
818.122544
  0
POINT
  8
3
 10
2993.293027
 20
820.882295
  0
POINT
  8
3
 10
2994.275289
 20
824.078364
  0
POINT
  8
3
 10
2995.166937
 20
827.312307
  0
POINT
  8
3
 10
2995.974812
 20
830.576846
  0
POINT
  8
3
 10
2996.792051
 20
834.276938
  0
POINT
  8
3
 10
2997.521662
 20
837.996157
  0
POINT
  8
3
 10
2998.241409
 20
842.138421
  0
POINT
  8
3
 10
2998.912863
 20
846.515610
  0
POINT
  8
3
 10
2999.619434
 20
851.727906
  0
POINT
  8
3
 10
3000.305043
 20
857.423758
  0
POINT
  8
3
 10
3001.643141
 20
870.522602
  0
POINT
  8
3
 10
3002.681236
 20
880.505621
  0
POINT
  8
3
 10
3003.823602
 20
891.110063
  0
POINT
  8
3
 10
3004.931593
 20
901.046351
  0
POINT
  8
3
 10
3006.163580
 20
911.703546
  0
POINT
  8
3
 10
3007.364562
 20
921.695666
  0
POINT
  8
3
 10
3008.701539
 20
932.347228
  0
POINT
  8
3
 10
3010.038313
 20
942.512551
  0
POINT
  8
3
 10
3011.402709
 20
952.492759
  0
POINT
  8
3
 10
3012.910576
 20
963.159052
  0
POINT
  8
3
 10
3014.506548
 20
974.109911
  0
POINT
  8
3
 10
3016.103331
 20
984.769681
  0
POINT
  8
3
 10
3017.673360
 20
994.988395
  0
POINT
  8
3
 10
3024.893040
 20
1006.031198
  0
POINT
  8
3
 10
3034.996870
 20
1006.001940
  0
POINT
  8
3
 10
3045.513574
 20
1006.054381
  0
POINT
  8
3
 10
3055.886175
 20
1006.188738
  0
POINT
  8
3
 10
3066.159695
 20
1006.409652
  0
POINT
  8
3
 10
3075.885660
 20
1006.710321
  0
POINT
  8
3
 10
3084.730609
 20
1007.074181
  0
POINT
  8
3
 10
3093.576033
 20
1007.530612
  0
POINT
  8
3
 10
3103.170024
 20
1008.117042
  0
POINT
  8
3
 10
3113.692932
 20
1008.901672
  0
POINT
  8
3
 10
3114.066043
 20
1008.882995
  0
POINT
  8
3
 10
3124.705981
 20
1009.722781
  0
POINT
  8
3
 10
3135.462298
 20
1010.659240
  0
POINT
  8
3
 10
3200.810666
 20
899.668760
  0
POINT
  8
3
 10
3209.555444
 20
894.868606
  0
POINT
  8
3
 10
3218.466356
 20
889.977285
  0
POINT
  8
3
 10
3227.326685
 20
885.113766
  0
POINT
  8
3
 10
3236.263636
 20
880.208218
  0
POINT
  8
3
 10
3245.436908
 20
868.470570
  0
POINT
  8
3
 10
3245.443142
 20
858.413921
  0
POINT
  8
3
 10
3245.390874
 20
848.225930
  0
POINT
  8
3
 10
3245.266127
 20
837.914574
  0
POINT
  8
3
 10
3245.059241
 20
827.895276
  0
POINT
  8
3
 10
3244.772792
 20
817.814885
  0
POINT
  8
3
 10
3244.422935
 20
807.736026
  0
POINT
  8
3
 10
3244.024809
 20
797.658807
  0
POINT
  8
3
 10
3243.589356
 20
787.583600
  0
POINT
  8
3
 10
3243.108757
 20
777.510671
  0
POINT
  8
3
 10
3242.549523
 20
767.081338
  0
POINT
  8
3
 10
3241.963037
 20
757.367546
  0
POINT
  8
3
 10
3241.294410
 20
747.305268
  0
POINT
  8
3
 10
3240.547022
 20
736.887314
  0
POINT
  8
3
 10
3239.808312
 20
727.174996
  0
POINT
  8
3
 10
3239.005626
 20
717.122649
  0
POINT
  8
3
 10
3238.137294
 20
706.714338
  0
POINT
  8
3
 10
3237.296804
 20
697.005225
  0
POINT
  8
3
 10
3236.401379
 20
686.960717
  0
POINT
  8
3
 10
3235.485260
 20
676.918080
  0
POINT
  8
3
 10
3234.556976
 20
666.910191
  0
POINT
  8
3
 10
3233.615343
 20
656.869923
  0
POINT
  8
3
 10
3232.634468
 20
646.471568
  0
POINT
  8
3
 10
3231.719232
 20
636.773889
  0
POINT
  8
3
 10
3230.775807
 20
626.733708
  0
POINT
  8
3
 10
3229.841076
 20
616.692715
  0
POINT
  8
3
 10
3228.920400
 20
606.658661
  0
POINT
  8
3
 10
3228.017068
 20
596.614808
  0
POINT
  8
3
 10
3227.105724
 20
586.210122
  0
POINT
  8
3
 10
3226.283086
 20
576.511902
  0
POINT
  8
3
 10
3225.461203
 20
566.461068
  0
POINT
  8
3
 10
3224.645902
 20
556.048331
  0
POINT
  8
3
 10
3223.923445
 20
546.348135
  0
POINT
  8
3
 10
3223.220127
 20
536.288227
  0
POINT
  8
3
 10
3222.550721
 20
525.865273
  0
POINT
  8
3
 10
3221.969069
 20
515.859889
  0
POINT
  8
3
 10
3221.431672
 20
505.805438
  0
POINT
  8
3
 10
3073.692932
 20
545.506783
  0
POINT
  8
4
 10
3113.692932
 20
1008.901672
 30
1.000000
 50
270.00
  0
TEXT
  8
4
 10
3113.692932
 20
1008.901672
 40
0.000000
 50
0.000000
  1
# 137
  0
POINT
  8
4
 10
3073.692932
 20
545.506783
 30
1.000000
 50
 90.00
  0
TEXT
  8
4
 10
3073.692932
 20
545.506783
 40
0.000000
 50
0.000000
  1
# 138
  0
POLYLINE
  8
8
  66
1
  70
0
  0
VERTEX
  8
8
  10
3113.692932
  20
1008.901672
  0
VERTEX
  8
8
  10
3113.692932
  20
545.506783
  0
SEQEND
  8
8
  0
POINT
  8
2
 10
3113.692932
 20
1008.901672
  0
TEXT
  8
2
 10
3113.692932
 20
1008.901672
 40
0.000000
 50
0.000000
  1
# 139
  0
POINT
  8
2
 10
3113.692932
 20
545.506783
  0
TEXT
  8
2
 10
3113.692932
 20
545.506783
 40
0.000000
 50
0.000000
  1
# 140
 0
LINE
 8
7
 10
3102.603455
 20
903.391037
 11
3102.603455
 21
617.262154
  0
TEXT
  8
1
 10
3029.961853
 20
734.991989
 40
20.000000
 50
0.000000
  1
有样裤
  0
TEXT
  8
1
 10
3103.513031
 20
749.981251
 40
10.000000
 50
0.000000
  1
Piece Name: 26SMC-WP130M 展_左前片_175/84
  0
TEXT
  8
1
 10
3103.513031
 20
764.981251
 40
10.000000
 50
0.000000
  1
Size: 175/84
  0
TEXT
  8
1
 10
3103.513031
 20
779.981251
 40
10.000000
 50
0.000000
  1
Annotation: 
  0
TEXT
  8
1
 10
3103.513031
 20
794.981251
 40
10.000000
 50
0.000000
  1
Quantity: 1
  0
TEXT
  8
1
 10
3103.513031
 20
809.981251
 40
10.000000
 50
0.000000
  1
Material: 面
  0
TEXT
  8
1
 10
3103.513031
 20
809.981251
 40
10.000000
 50
0.000000
  1
Category: 2
0
ENDBLK
0
BLOCK
  8
1
  2
26SMC-WP130M 展_右前片_175/84
 70
0
 10
0.0
 20
0.0
  0
POLYLINE
  8
1
  66
1
  70
1
  0
VERTEX
  8
1
  10
2815.296936
  20
537.145576
  0
VERTEX
  8
1
  10
2794.949341
  20
537.145576
  0
VERTEX
  8
1
  10
2694.601746
  20
537.145576
  0
VERTEX
  8
1
  10
2645.694580
  20
479.068184
  0
VERTEX
  8
1
  10
2638.313599
  20
485.283890
  0
VERTEX
  8
1
  10
2637.753601
  20
496.299553
  0
VERTEX
  8
1
  10
2637.223816
  20
506.930618
  0
VERTEX
  8
1
  10
2636.688538
  20
516.943741
  0
VERTEX
  8
1
  10
2636.110229
  20
526.895294
  0
VERTEX
  8
1
  10
2635.444641
  20
537.255821
  0
VERTEX
  8
1
  10
2634.744873
  20
547.265015
  0
VERTEX
  8
1
  10
2634.025574
  20
556.924934
  0
VERTEX
  8
1
  10
2633.212891
  20
567.301025
  0
VERTEX
  8
1
  10
2632.393799
  20
577.319641
  0
VERTEX
  8
1
  10
2631.573486
  20
586.989937
  0
VERTEX
  8
1
  10
2630.664368
  20
597.368431
  0
VERTEX
  8
1
  10
2629.762878
  20
607.391930
  0
VERTEX
  8
1
  10
2628.843689
  20
617.410431
  0
VERTEX
  8
1
  10
2627.909851
  20
627.440529
  0
VERTEX
  8
1
  10
2626.967163
  20
637.474365
  0
VERTEX
  8
1
  10
2626.052246
  20
647.170181
  0
VERTEX
  8
1
  10
2625.070801
  20
657.571487
  0
VERTEX
  8
1
  10
2624.128723
  20
667.619553
  0
VERTEX
  8
1
  10
2623.199158
  20
677.639999
  0
VERTEX
  8
1
  10
2622.281494
  20
687.700424
  0
VERTEX
  8
1
  10
2621.383972
  20
697.768173
  0
VERTEX
  8
1
  10
2620.541077
  20
707.504959
  0
VERTEX
  8
1
  10
2619.669800
  20
717.947464
  0
VERTEX
  8
1
  10
2618.864136
  20
728.036346
  0
VERTEX
  8
1
  10
2618.122559
  20
737.787247
  0
VERTEX
  8
1
  10
2617.371826
  20
748.253555
  0
VERTEX
  8
1
  10
2616.699219
  20
758.372421
  0
VERTEX
  8
1
  10
2616.109009
  20
768.150253
  0
VERTEX
  8
1
  10
2615.546265
  20
778.646164
  0
VERTEX
  8
1
  10
2615.063171
  20
788.770370
  0
VERTEX
  8
1
  10
2614.626160
  20
798.883896
  0
VERTEX
  8
1
  10
2614.226379
  20
809.001465
  0
VERTEX
  8
1
  10
2613.874512
  20
819.135666
  0
VERTEX
  8
1
  10
2613.586121
  20
829.286499
  0
VERTEX
  8
1
  10
2613.377380
  20
839.390564
  0
VERTEX
  8
1
  10
2613.251648
  20
849.781647
  0
VERTEX
  8
1
  10
2613.199158
  20
860.031357
  0
VERTEX
  8
1
  10
2613.205566
  20
870.143280
  0
VERTEX
  8
1
  10
2613.237610
  20
876.673584
  0
VERTEX
  8
1
  10
2613.258667
  20
882.759323
  0
VERTEX
  8
1
  10
2627.566528
  20
890.613251
  0
VERTEX
  8
1
  10
2636.503601
  20
895.518875
  0
VERTEX
  8
1
  10
2645.363770
  20
900.382385
  0
VERTEX
  8
1
  10
2654.274902
  20
905.273743
  0
VERTEX
  8
1
  10
2663.019714
  20
910.073853
  0
VERTEX
  8
1
  10
2664.917297
  20
911.115417
  0
VERTEX
  8
1
  10
2716.501160
  20
1023.801422
  0
VERTEX
  8
1
  10
2724.473877
  20
1023.191452
  0
VERTEX
  8
1
  10
2734.420471
  20
1022.415695
  0
VERTEX
  8
1
  10
2745.231934
  20
1021.633301
  0
VERTEX
  8
1
  10
2754.949341
  20
1020.982971
  0
VERTEX
  8
1
  10
2755.867615
  20
1020.921555
  0
VERTEX
  8
1
  10
2766.726379
  20
1020.257492
  0
VERTEX
  8
1
  10
2777.237244
  20
1019.682465
  0
VERTEX
  8
1
  10
2787.957458
  20
1019.176712
  0
VERTEX
  8
1
  10
2798.688965
  20
1018.761063
  0
VERTEX
  8
1
  10
2809.120483
  20
1018.432465
  0
VERTEX
  8
1
  10
2819.810791
  20
1018.161545
  0
VERTEX
  8
1
  10
2830.148010
  20
1017.956543
  0
VERTEX
  8
1
  10
2840.393677
  20
1017.806549
  0
VERTEX
  8
1
  10
2848.480530
  20
1017.733002
  0
VERTEX
  8
1
  10
2863.480835
  20
1020.081482
  0
VERTEX
  8
1
  10
2865.034485
  20
1010.132751
  0
VERTEX
  8
1
  10
2866.617737
  20
1000.036926
  0
VERTEX
  8
1
  10
2868.162231
  20
990.040054
  0
VERTEX
  8
1
  10
2869.671631
  20
980.075836
  0
VERTEX
  8
1
  10
2871.170044
  20
969.914322
  0
VERTEX
  8
1
  10
2872.620850
  20
959.755325
  0
VERTEX
  8
1
  10
2874.016418
  20
949.634552
  0
VERTEX
  8
1
  10
2875.366516
  20
939.457550
  0
VERTEX
  8
1
  10
2876.665955
  20
929.276047
  0
VERTEX
  8
1
  10
2877.899475
  20
919.228668
  0
VERTEX
  8
1
  10
2879.103394
  20
909.038620
  0
VERTEX
  8
1
  10
2880.260925
  20
898.843460
  0
VERTEX
  8
1
  10
2881.358948
  20
888.769226
  0
VERTEX
  8
1
  10
2882.420349
  20
878.658524
  0
VERTEX
  8
1
  10
2883.045654
  20
872.567978
  0
VERTEX
  8
1
  10
2883.497314
  20
868.199234
  0
VERTEX
  8
1
  10
2878.275146
  20
860.177536
  0
VERTEX
  8
1
  10
2878.942261
  20
854.633484
  0
VERTEX
  8
1
  10
2879.627075
  20
849.582672
  0
VERTEX
  8
1
  10
2880.270386
  20
845.387955
  0
VERTEX
  8
1
  10
2880.953979
  20
841.453781
  0
VERTEX
  8
1
  10
2881.640930
  20
837.951736
  0
VERTEX
  8
1
  10
2882.403870
  20
834.497910
  0
VERTEX
  8
1
  10
2883.151245
  20
831.477203
  0
VERTEX
  8
1
  10
2883.968811
  20
828.510971
  0
VERTEX
  8
1
  10
2884.861450
  20
825.606689
  0
VERTEX
  8
1
  10
2885.706787
  20
823.122101
  0
VERTEX
  8
1
  10
2886.615295
  20
820.695190
  0
VERTEX
  8
1
  10
2887.589417
  20
818.330383
  0
VERTEX
  8
1
  10
2888.630981
  20
816.031799
  0
VERTEX
  8
1
  10
2889.579773
  20
814.116898
  0
VERTEX
  8
1
  10
2890.581360
  20
812.255325
  0
VERTEX
  8
1
  10
2891.742859
  20
810.276031
  0
VERTEX
  8
1
  10
2893.076172
  20
808.192978
  0
VERTEX
  8
1
  10
2894.492188
  20
806.147842
  0
VERTEX
  8
1
  10
2895.971375
  20
804.153671
  0
VERTEX
  8
1
  10
2897.714844
  20
801.952591
  0
VERTEX
  8
1
  10
2899.485779
  20
799.851151
  0
VERTEX
  8
1
  10
2901.473389
  20
797.626343
  0
VERTEX
  8
1
  10
2903.625793
  20
795.352707
  0
VERTEX
  8
1
  10
2905.856628
  20
793.125763
  0
VERTEX
  8
1
  10
2908.036804
  20
791.064682
  0
VERTEX
  8
1
  10
2910.238647
  20
789.095306
  0
VERTEX
  8
1
  10
2913.010254
  20
786.742020
  0
VERTEX
  8
1
  10
2917.062378
  20
783.248672
  0
VERTEX
  8
1
  10
2915.875244
  20
778.180542
  0
VERTEX
  8
1
  10
2915.075378
  20
774.781570
  0
VERTEX
  8
1
  10
2912.826843
  20
765.144196
  0
VERTEX
  8
1
  10
2910.583801
  20
755.289917
  0
VERTEX
  8
1
  10
2908.414917
  20
745.467911
  0
VERTEX
  8
1
  10
2906.299438
  20
735.625000
  0
VERTEX
  8
1
  10
2904.247437
  20
725.853195
  0
VERTEX
  8
1
  10
2902.219849
  20
715.984497
  0
VERTEX
  8
1
  10
2900.238037
  20
706.109085
  0
VERTEX
  8
1
  10
2898.301086
  20
696.210022
  0
VERTEX
  8
1
  10
2896.417236
  20
686.319275
  0
VERTEX
  8
1
  10
2894.584656
  20
676.420288
  0
VERTEX
  8
1
  10
2892.821655
  20
666.608887
  0
VERTEX
  8
1
  10
2891.095581
  20
656.694565
  0
VERTEX
  8
1
  10
2889.427185
  20
646.773605
  0
VERTEX
  8
1
  10
2887.819519
  20
636.845894
  0
VERTEX
  8
1
  10
2886.291809
  20
627.013245
  0
VERTEX
  8
1
  10
2884.815979
  20
617.072716
  0
VERTEX
  8
1
  10
2883.412781
  20
607.126083
  0
VERTEX
  8
1
  10
2882.065125
  20
597.008362
  0
VERTEX
  8
1
  10
2880.817261
  20
587.042351
  0
VERTEX
  8
1
  10
2879.640808
  20
577.061501
  0
VERTEX
  8
1
  10
2878.530273
  20
567.066994
  0
VERTEX
  8
1
  10
2877.464600
  20
556.905785
  0
VERTEX
  8
1
  10
2876.474915
  20
546.894798
  0
VERTEX
  8
1
  10
2875.545654
  20
536.878815
  0
VERTEX
  8
1
  10
2874.660950
  20
526.664352
  0
VERTEX
  8
1
  10
2873.845215
  20
516.618042
  0
VERTEX
  8
1
  10
2873.055725
  20
506.363716
  0
VERTEX
  8
1
  10
2872.282104
  20
495.851936
  0
VERTEX
  8
1
  10
2871.464233
  20
484.883614
  0
VERTEX
  8
1
  10
2864.351196
  20
478.893623
  0
SEQEND
  8
1
  0
POINT
  8
2
 10
2815.296936
 20
537.145576
  0
TEXT
  8
2
 10
2815.296936
 20
537.145576
 40
0.000000
 50
0.000000
  1
# 141
  0
POINT
  8
2
 10
2694.601746
 20
537.145576
  0
TEXT
  8
2
 10
2694.601746
 20
537.145576
 40
0.000000
 50
0.000000
  1
# 142
  0
POINT
  8
2
 10
2645.694580
 20
479.068184
  0
TEXT
  8
2
 10
2645.694580
 20
479.068184
 40
0.000000
 50
0.000000
  1
# 143
  0
POINT
  8
2
 10
2638.313599
 20
485.283890
  0
TEXT
  8
2
 10
2638.313599
 20
485.283890
 40
0.000000
 50
0.000000
  1
# 144
  0
POINT
  8
2
 10
2613.258667
 20
882.759323
  0
TEXT
  8
2
 10
2613.258667
 20
882.759323
 40
0.000000
 50
0.000000
  1
# 145
  0
POINT
  8
2
 10
2664.917297
 20
911.115417
  0
TEXT
  8
2
 10
2664.917297
 20
911.115417
 40
0.000000
 50
0.000000
  1
# 146
  0
POINT
  8
2
 10
2716.501160
 20
1023.801422
  0
TEXT
  8
2
 10
2716.501160
 20
1023.801422
 40
0.000000
 50
0.000000
  1
# 147
  0
POINT
  8
2
 10
2848.480530
 20
1017.733002
  0
TEXT
  8
2
 10
2848.480530
 20
1017.733002
 40
0.000000
 50
0.000000
  1
# 148
  0
POINT
  8
2
 10
2863.480835
 20
1020.081482
  0
TEXT
  8
2
 10
2863.480835
 20
1020.081482
 40
0.000000
 50
0.000000
  1
# 149
  0
POINT
  8
2
 10
2883.497314
 20
868.199234
  0
TEXT
  8
2
 10
2883.497314
 20
868.199234
 40
0.000000
 50
0.000000
  1
# 150
  0
POINT
  8
2
 10
2878.275146
 20
860.177536
  0
TEXT
  8
2
 10
2878.275146
 20
860.177536
 40
0.000000
 50
0.000000
  1
# 151
  0
POINT
  8
2
 10
2917.062378
 20
783.248672
  0
TEXT
  8
2
 10
2917.062378
 20
783.248672
 40
0.000000
 50
0.000000
  1
# 152
  0
POINT
  8
2
 10
2871.464233
 20
484.883614
  0
TEXT
  8
2
 10
2871.464233
 20
484.883614
 40
0.000000
 50
0.000000
  1
# 153
  0
POINT
  8
2
 10
2864.351196
 20
478.893623
  0
TEXT
  8
2
 10
2864.351196
 20
478.893623
 40
0.000000
 50
0.000000
  1
# 154
  0
POINT
  8
3
 10
2794.949341
 20
537.145576
  0
POINT
  8
3
 10
2637.753601
 20
496.299553
  0
POINT
  8
3
 10
2637.223816
 20
506.930618
  0
POINT
  8
3
 10
2636.688538
 20
516.943741
  0
POINT
  8
3
 10
2636.110229
 20
526.895294
  0
POINT
  8
3
 10
2635.444641
 20
537.255821
  0
POINT
  8
3
 10
2634.744873
 20
547.265015
  0
POINT
  8
3
 10
2634.025574
 20
556.924934
  0
POINT
  8
3
 10
2633.212891
 20
567.301025
  0
POINT
  8
3
 10
2632.393799
 20
577.319641
  0
POINT
  8
3
 10
2631.573486
 20
586.989937
  0
POINT
  8
3
 10
2630.664368
 20
597.368431
  0
POINT
  8
3
 10
2629.762878
 20
607.391930
  0
POINT
  8
3
 10
2628.843689
 20
617.410431
  0
POINT
  8
3
 10
2627.909851
 20
627.440529
  0
POINT
  8
3
 10
2626.967163
 20
637.474365
  0
POINT
  8
3
 10
2626.052246
 20
647.170181
  0
POINT
  8
3
 10
2625.070801
 20
657.571487
  0
POINT
  8
3
 10
2624.128723
 20
667.619553
  0
POINT
  8
3
 10
2623.199158
 20
677.639999
  0
POINT
  8
3
 10
2622.281494
 20
687.700424
  0
POINT
  8
3
 10
2621.383972
 20
697.768173
  0
POINT
  8
3
 10
2620.541077
 20
707.504959
  0
POINT
  8
3
 10
2619.669800
 20
717.947464
  0
POINT
  8
3
 10
2618.864136
 20
728.036346
  0
POINT
  8
3
 10
2618.122559
 20
737.787247
  0
POINT
  8
3
 10
2617.371826
 20
748.253555
  0
POINT
  8
3
 10
2616.699219
 20
758.372421
  0
POINT
  8
3
 10
2616.109009
 20
768.150253
  0
POINT
  8
3
 10
2615.546265
 20
778.646164
  0
POINT
  8
3
 10
2615.063171
 20
788.770370
  0
POINT
  8
3
 10
2614.626160
 20
798.883896
  0
POINT
  8
3
 10
2614.226379
 20
809.001465
  0
POINT
  8
3
 10
2613.874512
 20
819.135666
  0
POINT
  8
3
 10
2613.586121
 20
829.286499
  0
POINT
  8
3
 10
2613.377380
 20
839.390564
  0
POINT
  8
3
 10
2613.251648
 20
849.781647
  0
POINT
  8
3
 10
2613.199158
 20
860.031357
  0
POINT
  8
3
 10
2613.205566
 20
870.143280
  0
POINT
  8
3
 10
2613.237610
 20
876.673584
  0
POINT
  8
3
 10
2627.566528
 20
890.613251
  0
POINT
  8
3
 10
2636.503601
 20
895.518875
  0
POINT
  8
3
 10
2645.363770
 20
900.382385
  0
POINT
  8
3
 10
2654.274902
 20
905.273743
  0
POINT
  8
3
 10
2663.019714
 20
910.073853
  0
POINT
  8
3
 10
2724.473877
 20
1023.191452
  0
POINT
  8
3
 10
2734.420471
 20
1022.415695
  0
POINT
  8
3
 10
2745.231934
 20
1021.633301
  0
POINT
  8
3
 10
2754.949341
 20
1020.982971
  0
POINT
  8
3
 10
2755.867615
 20
1020.921555
  0
POINT
  8
3
 10
2766.726379
 20
1020.257492
  0
POINT
  8
3
 10
2777.237244
 20
1019.682465
  0
POINT
  8
3
 10
2787.957458
 20
1019.176712
  0
POINT
  8
3
 10
2798.688965
 20
1018.761063
  0
POINT
  8
3
 10
2809.120483
 20
1018.432465
  0
POINT
  8
3
 10
2819.810791
 20
1018.161545
  0
POINT
  8
3
 10
2830.148010
 20
1017.956543
  0
POINT
  8
3
 10
2840.393677
 20
1017.806549
  0
POINT
  8
3
 10
2865.034485
 20
1010.132751
  0
POINT
  8
3
 10
2866.617737
 20
1000.036926
  0
POINT
  8
3
 10
2868.162231
 20
990.040054
  0
POINT
  8
3
 10
2869.671631
 20
980.075836
  0
POINT
  8
3
 10
2871.170044
 20
969.914322
  0
POINT
  8
3
 10
2872.620850
 20
959.755325
  0
POINT
  8
3
 10
2874.016418
 20
949.634552
  0
POINT
  8
3
 10
2875.366516
 20
939.457550
  0
POINT
  8
3
 10
2876.665955
 20
929.276047
  0
POINT
  8
3
 10
2877.899475
 20
919.228668
  0
POINT
  8
3
 10
2879.103394
 20
909.038620
  0
POINT
  8
3
 10
2880.260925
 20
898.843460
  0
POINT
  8
3
 10
2881.358948
 20
888.769226
  0
POINT
  8
3
 10
2882.420349
 20
878.658524
  0
POINT
  8
3
 10
2883.045654
 20
872.567978
  0
POINT
  8
3
 10
2878.942261
 20
854.633484
  0
POINT
  8
3
 10
2879.627075
 20
849.582672
  0
POINT
  8
3
 10
2880.270386
 20
845.387955
  0
POINT
  8
3
 10
2880.953979
 20
841.453781
  0
POINT
  8
3
 10
2881.640930
 20
837.951736
  0
POINT
  8
3
 10
2882.403870
 20
834.497910
  0
POINT
  8
3
 10
2883.151245
 20
831.477203
  0
POINT
  8
3
 10
2883.968811
 20
828.510971
  0
POINT
  8
3
 10
2884.861450
 20
825.606689
  0
POINT
  8
3
 10
2885.706787
 20
823.122101
  0
POINT
  8
3
 10
2886.615295
 20
820.695190
  0
POINT
  8
3
 10
2887.589417
 20
818.330383
  0
POINT
  8
3
 10
2888.630981
 20
816.031799
  0
POINT
  8
3
 10
2889.579773
 20
814.116898
  0
POINT
  8
3
 10
2890.581360
 20
812.255325
  0
POINT
  8
3
 10
2891.742859
 20
810.276031
  0
POINT
  8
3
 10
2893.076172
 20
808.192978
  0
POINT
  8
3
 10
2894.492188
 20
806.147842
  0
POINT
  8
3
 10
2895.971375
 20
804.153671
  0
POINT
  8
3
 10
2897.714844
 20
801.952591
  0
POINT
  8
3
 10
2899.485779
 20
799.851151
  0
POINT
  8
3
 10
2901.473389
 20
797.626343
  0
POINT
  8
3
 10
2903.625793
 20
795.352707
  0
POINT
  8
3
 10
2905.856628
 20
793.125763
  0
POINT
  8
3
 10
2908.036804
 20
791.064682
  0
POINT
  8
3
 10
2910.238647
 20
789.095306
  0
POINT
  8
3
 10
2913.010254
 20
786.742020
  0
POINT
  8
3
 10
2915.875244
 20
778.180542
  0
POINT
  8
3
 10
2915.075378
 20
774.781570
  0
POINT
  8
3
 10
2912.826843
 20
765.144196
  0
POINT
  8
3
 10
2910.583801
 20
755.289917
  0
POINT
  8
3
 10
2908.414917
 20
745.467911
  0
POINT
  8
3
 10
2906.299438
 20
735.625000
  0
POINT
  8
3
 10
2904.247437
 20
725.853195
  0
POINT
  8
3
 10
2902.219849
 20
715.984497
  0
POINT
  8
3
 10
2900.238037
 20
706.109085
  0
POINT
  8
3
 10
2898.301086
 20
696.210022
  0
POINT
  8
3
 10
2896.417236
 20
686.319275
  0
POINT
  8
3
 10
2894.584656
 20
676.420288
  0
POINT
  8
3
 10
2892.821655
 20
666.608887
  0
POINT
  8
3
 10
2891.095581
 20
656.694565
  0
POINT
  8
3
 10
2889.427185
 20
646.773605
  0
POINT
  8
3
 10
2887.819519
 20
636.845894
  0
POINT
  8
3
 10
2886.291809
 20
627.013245
  0
POINT
  8
3
 10
2884.815979
 20
617.072716
  0
POINT
  8
3
 10
2883.412781
 20
607.126083
  0
POINT
  8
3
 10
2882.065125
 20
597.008362
  0
POINT
  8
3
 10
2880.817261
 20
587.042351
  0
POINT
  8
3
 10
2879.640808
 20
577.061501
  0
POINT
  8
3
 10
2878.530273
 20
567.066994
  0
POINT
  8
3
 10
2877.464600
 20
556.905785
  0
POINT
  8
3
 10
2876.474915
 20
546.894798
  0
POINT
  8
3
 10
2875.545654
 20
536.878815
  0
POINT
  8
3
 10
2874.660950
 20
526.664352
  0
POINT
  8
3
 10
2873.845215
 20
516.618042
  0
POINT
  8
3
 10
2873.055725
 20
506.363716
  0
POINT
  8
3
 10
2872.282104
 20
495.851936
  0
POINT
  8
4
 10
2794.949341
 20
537.145576
 30
1.000000
 50
 90.00
  0
TEXT
  8
4
 10
2794.949341
 20
537.145576
 40
0.000000
 50
0.000000
  1
# 155
  0
POINT
  8
4
 10
2754.949341
 20
1020.982971
 30
1.000000
 50
270.00
  0
TEXT
  8
4
 10
2754.949341
 20
1020.982971
 40
0.000000
 50
0.000000
  1
# 156
  0
POLYLINE
  8
14
  66
1
  70
1
  0
VERTEX
  8
14
  10
2819.949341
  20
547.145576
  0
VERTEX
  8
14
  10
2794.949341
  20
547.145576
  0
VERTEX
  8
14
  10
2689.949341
  20
547.145576
  0
VERTEX
  8
14
  10
2647.726135
  20
496.984138
  0
VERTEX
  8
14
  10
2647.210600
  20
507.444266
  0
VERTEX
  8
14
  10
2646.673201
  20
517.498744
  0
VERTEX
  8
14
  10
2646.091548
  20
527.504147
  0
VERTEX
  8
14
  10
2645.422141
  20
537.927112
  0
VERTEX
  8
14
  10
2644.718822
  20
547.987023
  0
VERTEX
  8
14
  10
2643.996386
  20
557.686934
  0
VERTEX
  8
14
  10
2643.181085
  20
568.099668
  0
VERTEX
  8
14
  10
2642.359203
  20
578.150496
  0
VERTEX
  8
14
  10
2641.536543
  20
587.848988
  0
VERTEX
  8
14
  10
2640.625202
  20
598.253641
  0
VERTEX
  8
14
  10
2639.721872
  20
608.297469
  0
VERTEX
  8
14
  10
2638.801195
  20
618.331530
  0
VERTEX
  8
14
  10
2637.866464
  20
628.372521
  0
VERTEX
  8
14
  10
2636.923040
  20
638.412689
  0
VERTEX
  8
14
  10
2636.007804
  20
648.110368
  0
VERTEX
  8
14
  10
2635.026929
  20
658.508726
  0
VERTEX
  8
14
  10
2634.085296
  20
668.548996
  0
VERTEX
  8
14
  10
2633.157013
  20
678.556870
  0
VERTEX
  8
14
  10
2632.240894
  20
688.599510
  0
VERTEX
  8
14
  10
2631.345470
  20
698.644002
  0
VERTEX
  8
14
  10
2630.504978
  20
708.353135
  0
VERTEX
  8
14
  10
2629.636646
  20
718.761447
  0
VERTEX
  8
14
  10
2628.833960
  20
728.813795
  0
VERTEX
  8
14
  10
2628.095251
  20
738.526113
  0
VERTEX
  8
14
  10
2627.347862
  20
748.944067
  0
VERTEX
  8
14
  10
2626.679235
  20
759.006345
  0
VERTEX
  8
14
  10
2626.092749
  20
768.720137
  0
VERTEX
  8
14
  10
2625.533517
  20
779.149451
  0
VERTEX
  8
14
  10
2625.052917
  20
789.222399
  0
VERTEX
  8
14
  10
2624.617464
  20
799.297606
  0
VERTEX
  8
14
  10
2624.219338
  20
809.374825
  0
VERTEX
  8
14
  10
2623.869481
  20
819.453684
  0
VERTEX
  8
14
  10
2623.583032
  20
829.534075
  0
VERTEX
  8
14
  10
2623.376146
  20
839.553374
  0
VERTEX
  8
14
  10
2623.251398
  20
849.864728
  0
VERTEX
  8
14
  10
2623.199131
  20
860.052719
  0
VERTEX
  8
14
  10
2623.205365
  20
870.109367
  0
VERTEX
  8
14
  10
2623.255920
  20
876.839523
  0
VERTEX
  8
14
  10
2632.378550
  20
881.847100
  0
VERTEX
  8
14
  10
2641.315449
  20
886.752699
  0
VERTEX
  8
14
  10
2650.175766
  20
891.616230
  0
VERTEX
  8
14
  10
2659.086712
  20
896.507518
  0
VERTEX
  8
14
  10
2667.831557
  20
901.307604
  0
VERTEX
  8
14
  10
2672.631836
  20
903.942490
  0
VERTEX
  8
14
  10
2722.703857
  20
1013.304977
  0
VERTEX
  8
14
  10
2733.671092
  20
1012.443818
  0
VERTEX
  8
14
  10
2744.537172
  20
1011.657470
  0
VERTEX
  8
14
  10
2754.949341
  20
1010.990982
  0
VERTEX
  8
14
  10
2755.227334
  20
1010.942061
  0
VERTEX
  8
14
  10
2766.146992
  20
1010.274291
  0
VERTEX
  8
14
  10
2776.725710
  20
1009.695539
  0
VERTEX
  8
14
  10
2787.529111
  20
1009.185865
  0
VERTEX
  8
14
  10
2798.340550
  20
1008.767161
  0
VERTEX
  8
14
  10
2808.837433
  20
1008.436464
  0
VERTEX
  8
14
  10
2819.586303
  20
1008.164062
  0
VERTEX
  8
14
  10
2829.975680
  20
1007.958022
  0
VERTEX
  8
14
  10
2840.274125
  20
1007.807228
  0
VERTEX
  8
14
  10
2849.213257
  20
1007.725906
  0
VERTEX
  8
14
  10
2855.140991
  20
1008.653946
  0
VERTEX
  8
14
  10
2856.737013
  20
998.497598
  0
VERTEX
  8
14
  10
2858.277441
  20
988.526527
  0
VERTEX
  8
14
  10
2859.781725
  20
978.595898
  0
VERTEX
  8
14
  10
2861.273677
  20
968.477424
  0
VERTEX
  8
14
  10
2862.718093
  20
958.364838
  0
VERTEX
  8
14
  10
2864.106670
  20
948.293834
  0
VERTEX
  8
14
  10
2865.450222
  20
938.167396
  0
VERTEX
  8
14
  10
2866.743231
  20
928.034350
  0
VERTEX
  8
14
  10
2867.971298
  20
918.032644
  0
VERTEX
  8
14
  10
2869.169888
  20
907.887970
  0
VERTEX
  8
14
  10
2870.322265
  20
897.737956
  0
VERTEX
  8
14
  10
2871.415279
  20
887.707922
  0
VERTEX
  8
14
  10
2872.473304
  20
877.629330
  0
VERTEX
  8
14
  10
2873.184814
  20
870.687485
  0
VERTEX
  8
14
  10
2867.949219
  20
862.645493
  0
VERTEX
  8
14
  10
2868.337280
  20
859.062516
  0
VERTEX
  8
14
  10
2869.022952
  20
853.366653
  0
VERTEX
  8
14
  10
2869.729566
  20
848.154363
  0
VERTEX
  8
14
  10
2870.401034
  20
843.777239
  0
VERTEX
  8
14
  10
2871.120791
  20
839.634983
  0
VERTEX
  8
14
  10
2871.850404
  20
835.915762
  0
VERTEX
  8
14
  10
2872.667640
  20
832.215669
  0
VERTEX
  8
14
  10
2873.475507
  20
828.951132
  0
VERTEX
  8
14
  10
2874.367144
  20
825.717187
  0
VERTEX
  8
14
  10
2875.349393
  20
822.521117
  0
VERTEX
  8
14
  10
2876.288567
  20
819.761365
  0
VERTEX
  8
14
  10
2877.306936
  20
817.041070
  0
VERTEX
  8
14
  10
2878.409082
  20
814.365122
  0
VERTEX
  8
14
  10
2879.599586
  20
811.738405
  0
VERTEX
  8
14
  10
2880.693821
  20
809.529810
  0
VERTEX
  8
14
  10
2881.859225
  20
807.364047
  0
VERTEX
  8
14
  10
2883.217383
  20
805.049388
  0
VERTEX
  8
14
  10
2884.756029
  20
802.645377
  0
VERTEX
  8
14
  10
2886.367624
  20
800.317457
  0
VERTEX
  8
14
  10
2888.032408
  20
798.073252
  0
VERTEX
  8
14
  10
2889.974790
  20
795.620755
  0
VERTEX
  8
14
  10
2891.931322
  20
793.298975
  0
VERTEX
  8
14
  10
2894.112602
  20
790.857404
  0
VERTEX
  8
14
  10
2896.462366
  20
788.375229
  0
VERTEX
  8
14
  10
2898.890732
  20
785.950997
  0
VERTEX
  8
14
  10
2901.265549
  20
783.705972
  0
VERTEX
  8
14
  10
2903.683751
  20
781.543132
  0
VERTEX
  8
14
  10
2905.949402
  20
779.645615
  0
VERTEX
  8
14
  10
2905.341872
  20
777.074520
  0
VERTEX
  8
14
  10
2903.083199
  20
767.394281
  0
VERTEX
  8
14
  10
2900.825820
  20
757.476586
  0
VERTEX
  8
14
  10
2898.643771
  20
747.595307
  0
VERTEX
  8
14
  10
2896.517316
  20
737.701771
  0
VERTEX
  8
14
  10
2894.456405
  20
727.887274
  0
VERTEX
  8
14
  10
2892.419923
  20
717.974909
  0
VERTEX
  8
14
  10
2890.428845
  20
708.053418
  0
VERTEX
  8
14
  10
2888.482395
  20
698.105835
  0
VERTEX
  8
14
  10
2886.589097
  20
688.165149
  0
VERTEX
  8
14
  10
2884.747040
  20
678.214827
  0
VERTEX
  8
14
  10
2882.974604
  20
668.351361
  0
VERTEX
  8
14
  10
2881.238922
  20
658.381891
  0
VERTEX
  8
14
  10
2879.560667
  20
648.402566
  0
VERTEX
  8
14
  10
2877.943156
  20
638.413189
  0
VERTEX
  8
14
  10
2876.405335
  20
628.516002
  0
VERTEX
  8
14
  10
2874.919341
  20
618.506056
  0
VERTEX
  8
14
  10
2873.505786
  20
608.485699
  0
VERTEX
  8
14
  10
2872.147571
  20
598.288878
  0
VERTEX
  8
14
  10
2870.890192
  20
588.247881
  0
VERTEX
  8
14
  10
2869.705713
  20
578.197914
  0
VERTEX
  8
14
  10
2868.588176
  20
568.140191
  0
VERTEX
  8
14
  10
2867.516050
  20
557.919099
  0
VERTEX
  8
14
  10
2866.520641
  20
547.848661
  0
VERTEX
  8
14
  10
2865.585739
  20
537.772567
  0
VERTEX
  8
14
  10
2864.695687
  20
527.497679
  0
VERTEX
  8
14
  10
2863.876292
  20
517.405246
  0
VERTEX
  8
14
  10
2863.083838
  20
507.112571
  0
VERTEX
  8
14
  10
2862.338257
  20
496.808662
  0
SEQEND
  8
14
  0
POINT
  8
2
 10
2819.949341
 20
547.145576
  0
TEXT
  8
2
 10
2819.949341
 20
547.145576
 40
0.000000
 50
0.000000
  1
# 157
  0
POINT
  8
2
 10
2689.949341
 20
547.145576
  0
TEXT
  8
2
 10
2689.949341
 20
547.145576
 40
0.000000
 50
0.000000
  1
# 158
  0
POINT
  8
2
 10
2647.726135
 20
496.984138
  0
TEXT
  8
2
 10
2647.726135
 20
496.984138
 40
0.000000
 50
0.000000
  1
# 159
  0
POINT
  8
2
 10
2623.255920
 20
876.839523
  0
TEXT
  8
2
 10
2623.255920
 20
876.839523
 40
0.000000
 50
0.000000
  1
# 160
  0
POINT
  8
2
 10
2672.631836
 20
903.942490
  0
TEXT
  8
2
 10
2672.631836
 20
903.942490
 40
0.000000
 50
0.000000
  1
# 161
  0
POINT
  8
2
 10
2722.703857
 20
1013.304977
  0
TEXT
  8
2
 10
2722.703857
 20
1013.304977
 40
0.000000
 50
0.000000
  1
# 162
  0
POINT
  8
2
 10
2849.213257
 20
1007.725906
  0
TEXT
  8
2
 10
2849.213257
 20
1007.725906
 40
0.000000
 50
0.000000
  1
# 163
  0
POINT
  8
2
 10
2855.140991
 20
1008.653946
  0
TEXT
  8
2
 10
2855.140991
 20
1008.653946
 40
0.000000
 50
0.000000
  1
# 164
  0
POINT
  8
2
 10
2873.184814
 20
870.687485
  0
TEXT
  8
2
 10
2873.184814
 20
870.687485
 40
0.000000
 50
0.000000
  1
# 165
  0
POINT
  8
2
 10
2867.949219
 20
862.645493
  0
TEXT
  8
2
 10
2867.949219
 20
862.645493
 40
0.000000
 50
0.000000
  1
# 166
  0
POINT
  8
2
 10
2905.949402
 20
779.645615
  0
TEXT
  8
2
 10
2905.949402
 20
779.645615
 40
0.000000
 50
0.000000
  1
# 167
  0
POINT
  8
2
 10
2862.338257
 20
496.808662
  0
TEXT
  8
2
 10
2862.338257
 20
496.808662
 40
0.000000
 50
0.000000
  1
# 168
  0
POINT
  8
3
 10
2794.949341
 20
547.145576
  0
POINT
  8
3
 10
2647.210600
 20
507.444266
  0
POINT
  8
3
 10
2646.673201
 20
517.498744
  0
POINT
  8
3
 10
2646.091548
 20
527.504147
  0
POINT
  8
3
 10
2645.422141
 20
537.927112
  0
POINT
  8
3
 10
2644.718822
 20
547.987023
  0
POINT
  8
3
 10
2643.996386
 20
557.686934
  0
POINT
  8
3
 10
2643.181085
 20
568.099668
  0
POINT
  8
3
 10
2642.359203
 20
578.150496
  0
POINT
  8
3
 10
2641.536543
 20
587.848988
  0
POINT
  8
3
 10
2640.625202
 20
598.253641
  0
POINT
  8
3
 10
2639.721872
 20
608.297469
  0
POINT
  8
3
 10
2638.801195
 20
618.331530
  0
POINT
  8
3
 10
2637.866464
 20
628.372521
  0
POINT
  8
3
 10
2636.923040
 20
638.412689
  0
POINT
  8
3
 10
2636.007804
 20
648.110368
  0
POINT
  8
3
 10
2635.026929
 20
658.508726
  0
POINT
  8
3
 10
2634.085296
 20
668.548996
  0
POINT
  8
3
 10
2633.157013
 20
678.556870
  0
POINT
  8
3
 10
2632.240894
 20
688.599510
  0
POINT
  8
3
 10
2631.345470
 20
698.644002
  0
POINT
  8
3
 10
2630.504978
 20
708.353135
  0
POINT
  8
3
 10
2629.636646
 20
718.761447
  0
POINT
  8
3
 10
2628.833960
 20
728.813795
  0
POINT
  8
3
 10
2628.095251
 20
738.526113
  0
POINT
  8
3
 10
2627.347862
 20
748.944067
  0
POINT
  8
3
 10
2626.679235
 20
759.006345
  0
POINT
  8
3
 10
2626.092749
 20
768.720137
  0
POINT
  8
3
 10
2625.533517
 20
779.149451
  0
POINT
  8
3
 10
2625.052917
 20
789.222399
  0
POINT
  8
3
 10
2624.617464
 20
799.297606
  0
POINT
  8
3
 10
2624.219338
 20
809.374825
  0
POINT
  8
3
 10
2623.869481
 20
819.453684
  0
POINT
  8
3
 10
2623.583032
 20
829.534075
  0
POINT
  8
3
 10
2623.376146
 20
839.553374
  0
POINT
  8
3
 10
2623.251398
 20
849.864728
  0
POINT
  8
3
 10
2623.199131
 20
860.052719
  0
POINT
  8
3
 10
2623.205365
 20
870.109367
  0
POINT
  8
3
 10
2632.378550
 20
881.847100
  0
POINT
  8
3
 10
2641.315449
 20
886.752699
  0
POINT
  8
3
 10
2650.175766
 20
891.616230
  0
POINT
  8
3
 10
2659.086712
 20
896.507518
  0
POINT
  8
3
 10
2667.831557
 20
901.307604
  0
POINT
  8
3
 10
2733.671092
 20
1012.443818
  0
POINT
  8
3
 10
2744.537172
 20
1011.657470
  0
POINT
  8
3
 10
2754.949341
 20
1010.990982
  0
POINT
  8
3
 10
2755.227334
 20
1010.942061
  0
POINT
  8
3
 10
2766.146992
 20
1010.274291
  0
POINT
  8
3
 10
2776.725710
 20
1009.695539
  0
POINT
  8
3
 10
2787.529111
 20
1009.185865
  0
POINT
  8
3
 10
2798.340550
 20
1008.767161
  0
POINT
  8
3
 10
2808.837433
 20
1008.436464
  0
POINT
  8
3
 10
2819.586303
 20
1008.164062
  0
POINT
  8
3
 10
2829.975680
 20
1007.958022
  0
POINT
  8
3
 10
2840.274125
 20
1007.807228
  0
POINT
  8
3
 10
2856.737013
 20
998.497598
  0
POINT
  8
3
 10
2858.277441
 20
988.526527
  0
POINT
  8
3
 10
2859.781725
 20
978.595898
  0
POINT
  8
3
 10
2861.273677
 20
968.477424
  0
POINT
  8
3
 10
2862.718093
 20
958.364838
  0
POINT
  8
3
 10
2864.106670
 20
948.293834
  0
POINT
  8
3
 10
2865.450222
 20
938.167396
  0
POINT
  8
3
 10
2866.743231
 20
928.034350
  0
POINT
  8
3
 10
2867.971298
 20
918.032644
  0
POINT
  8
3
 10
2869.169888
 20
907.887970
  0
POINT
  8
3
 10
2870.322265
 20
897.737956
  0
POINT
  8
3
 10
2871.415279
 20
887.707922
  0
POINT
  8
3
 10
2872.473304
 20
877.629330
  0
POINT
  8
3
 10
2868.337280
 20
859.062516
  0
POINT
  8
3
 10
2869.022952
 20
853.366653
  0
POINT
  8
3
 10
2869.729566
 20
848.154363
  0
POINT
  8
3
 10
2870.401034
 20
843.777239
  0
POINT
  8
3
 10
2871.120791
 20
839.634983
  0
POINT
  8
3
 10
2871.850404
 20
835.915762
  0
POINT
  8
3
 10
2872.667640
 20
832.215669
  0
POINT
  8
3
 10
2873.475507
 20
828.951132
  0
POINT
  8
3
 10
2874.367144
 20
825.717187
  0
POINT
  8
3
 10
2875.349393
 20
822.521117
  0
POINT
  8
3
 10
2876.288567
 20
819.761365
  0
POINT
  8
3
 10
2877.306936
 20
817.041070
  0
POINT
  8
3
 10
2878.409082
 20
814.365122
  0
POINT
  8
3
 10
2879.599586
 20
811.738405
  0
POINT
  8
3
 10
2880.693821
 20
809.529810
  0
POINT
  8
3
 10
2881.859225
 20
807.364047
  0
POINT
  8
3
 10
2883.217383
 20
805.049388
  0
POINT
  8
3
 10
2884.756029
 20
802.645377
  0
POINT
  8
3
 10
2886.367624
 20
800.317457
  0
POINT
  8
3
 10
2888.032408
 20
798.073252
  0
POINT
  8
3
 10
2889.974790
 20
795.620755
  0
POINT
  8
3
 10
2891.931322
 20
793.298975
  0
POINT
  8
3
 10
2894.112602
 20
790.857404
  0
POINT
  8
3
 10
2896.462366
 20
788.375229
  0
POINT
  8
3
 10
2898.890732
 20
785.950997
  0
POINT
  8
3
 10
2901.265549
 20
783.705972
  0
POINT
  8
3
 10
2903.683751
 20
781.543132
  0
POINT
  8
3
 10
2905.341872
 20
777.074520
  0
POINT
  8
3
 10
2903.083199
 20
767.394281
  0
POINT
  8
3
 10
2900.825820
 20
757.476586
  0
POINT
  8
3
 10
2898.643771
 20
747.595307
  0
POINT
  8
3
 10
2896.517316
 20
737.701771
  0
POINT
  8
3
 10
2894.456405
 20
727.887274
  0
POINT
  8
3
 10
2892.419923
 20
717.974909
  0
POINT
  8
3
 10
2890.428845
 20
708.053418
  0
POINT
  8
3
 10
2888.482395
 20
698.105835
  0
POINT
  8
3
 10
2886.589097
 20
688.165149
  0
POINT
  8
3
 10
2884.747040
 20
678.214827
  0
POINT
  8
3
 10
2882.974604
 20
668.351361
  0
POINT
  8
3
 10
2881.238922
 20
658.381891
  0
POINT
  8
3
 10
2879.560667
 20
648.402566
  0
POINT
  8
3
 10
2877.943156
 20
638.413189
  0
POINT
  8
3
 10
2876.405335
 20
628.516002
  0
POINT
  8
3
 10
2874.919341
 20
618.506056
  0
POINT
  8
3
 10
2873.505786
 20
608.485699
  0
POINT
  8
3
 10
2872.147571
 20
598.288878
  0
POINT
  8
3
 10
2870.890192
 20
588.247881
  0
POINT
  8
3
 10
2869.705713
 20
578.197914
  0
POINT
  8
3
 10
2868.588176
 20
568.140191
  0
POINT
  8
3
 10
2867.516050
 20
557.919099
  0
POINT
  8
3
 10
2866.520641
 20
547.848661
  0
POINT
  8
3
 10
2865.585739
 20
537.772567
  0
POINT
  8
3
 10
2864.695687
 20
527.497679
  0
POINT
  8
3
 10
2863.876292
 20
517.405246
  0
POINT
  8
3
 10
2863.083838
 20
507.112571
  0
POINT
  8
4
 10
2794.949341
 20
547.145576
 30
1.000000
 50
 90.00
  0
TEXT
  8
4
 10
2794.949341
 20
547.145576
 40
0.000000
 50
0.000000
  1
# 169
  0
POINT
  8
4
 10
2754.949341
 20
1010.990982
 30
1.000000
 50
270.00
  0
TEXT
  8
4
 10
2754.949341
 20
1010.990982
 40
0.000000
 50
0.000000
  1
# 170
  0
POLYLINE
  8
8
  66
1
  70
0
  0
VERTEX
  8
8
  10
2849.213257
  20
1007.725906
  0
VERTEX
  8
8
  10
2850.968913
  20
996.627189
  0
VERTEX
  8
8
  10
2852.538942
  20
986.408475
  0
VERTEX
  8
8
  10
2854.135725
  20
975.748705
  0
VERTEX
  8
8
  10
2855.731697
  20
964.797846
  0
VERTEX
  8
8
  10
2857.239564
  20
954.131553
  0
VERTEX
  8
8
  10
2858.603960
  20
944.151345
  0
VERTEX
  8
8
  10
2859.940734
  20
933.986022
  0
VERTEX
  8
8
  10
2861.277711
  20
923.334460
  0
VERTEX
  8
8
  10
2862.478693
  20
913.342340
  0
VERTEX
  8
8
  10
2863.710680
  20
902.685145
  0
VERTEX
  8
8
  10
2864.818670
  20
892.748857
  0
VERTEX
  8
8
  10
2865.961037
  20
882.144414
  0
VERTEX
  8
8
  10
2866.999132
  20
872.161396
  0
VERTEX
  8
8
  10
2867.949219
  20
862.645493
  0
SEQEND
  8
8
  0
POINT
  8
2
 10
2849.213257
 20
1007.725906
  0
TEXT
  8
2
 10
2849.213257
 20
1007.725906
 40
0.000000
 50
0.000000
  1
# 171
  0
POINT
  8
2
 10
2867.949219
 20
862.645493
  0
TEXT
  8
2
 10
2867.949219
 20
862.645493
 40
0.000000
 50
0.000000
  1
# 172
  0
POINT
  8
3
 10
2850.968913
 20
996.627189
  0
POINT
  8
3
 10
2852.538942
 20
986.408475
  0
POINT
  8
3
 10
2854.135725
 20
975.748705
  0
POINT
  8
3
 10
2855.731697
 20
964.797846
  0
POINT
  8
3
 10
2857.239564
 20
954.131553
  0
POINT
  8
3
 10
2858.603960
 20
944.151345
  0
POINT
  8
3
 10
2859.940734
 20
933.986022
  0
POINT
  8
3
 10
2861.277711
 20
923.334460
  0
POINT
  8
3
 10
2862.478693
 20
913.342340
  0
POINT
  8
3
 10
2863.710680
 20
902.685145
  0
POINT
  8
3
 10
2864.818670
 20
892.748857
  0
POINT
  8
3
 10
2865.961037
 20
882.144414
  0
POINT
  8
3
 10
2866.999132
 20
872.161396
  0
POLYLINE
  8
8
  66
1
  70
0
  0
VERTEX
  8
8
  10
2754.949341
  20
1010.990982
  0
VERTEX
  8
8
  10
2754.949341
  20
547.145576
  0
SEQEND
  8
8
  0
POINT
  8
2
 10
2754.949341
 20
1010.990982
  0
TEXT
  8
2
 10
2754.949341
 20
1010.990982
 40
0.000000
 50
0.000000
  1
# 173
  0
POINT
  8
2
 10
2754.949341
 20
547.145576
  0
TEXT
  8
2
 10
2754.949341
 20
547.145576
 40
0.000000
 50
0.000000
  1
# 174
 0
LINE
 8
7
 10
2755.660706
 20
894.401169
 11
2755.660706
 21
630.433846
  0
TEXT
  8
1
 10
2765.130768
 20
751.347523
 40
10.000000
 50
0.000000
  1
Piece Name: 26SMC-WP130M 展_右前片_175/84
  0
TEXT
  8
1
 10
2765.130768
 20
766.347523
 40
10.000000
 50
0.000000
  1
Size: 175/84
  0
TEXT
  8
1
 10
2765.130768
 20
781.347523
 40
10.000000
 50
0.000000
  1
Annotation: 
  0
TEXT
  8
1
 10
2765.130768
 20
796.347523
 40
10.000000
 50
0.000000
  1
Quantity: 1
  0
TEXT
  8
1
 10
2765.130768
 20
811.347523
 40
10.000000
 50
0.000000
  1
Material: 面
  0
TEXT
  8
1
 10
2765.130768
 20
811.347523
 40
10.000000
 50
0.000000
  1
Category: 3
0
ENDBLK
0
BLOCK
  8
1
  2
26SMC-WP130M 展_后袋布小_175/84
 70
0
 10
0.0
 20
0.0
  0
POLYLINE
  8
1
  66
1
  70
1
  0
VERTEX
  8
1
  10
1247.558212
  20
627.921257
  0
VERTEX
  8
1
  10
1247.240601
  20
627.932777
  0
VERTEX
  8
1
  10
1246.530457
  20
627.956848
  0
VERTEX
  8
1
  10
1245.874023
  20
627.993546
  0
VERTEX
  8
1
  10
1245.241013
  20
628.039742
  0
VERTEX
  8
1
  10
1244.611206
  20
628.096848
  0
VERTEX
  8
1
  10
1244.006500
  20
628.162956
  0
VERTEX
  8
1
  10
1243.402023
  20
628.241234
  0
VERTEX
  8
1
  10
1242.795334
  20
628.333282
  0
VERTEX
  8
1
  10
1242.208252
  20
628.435860
  0
VERTEX
  8
1
  10
1241.628952
  20
628.549957
  0
VERTEX
  8
1
  10
1241.016922
  20
628.684387
  0
VERTEX
  8
1
  10
1240.413818
  20
628.830757
  0
VERTEX
  8
1
  10
1239.819794
  20
628.988342
  0
VERTEX
  8
1
  10
1239.234772
  20
629.156532
  0
VERTEX
  8
1
  10
1238.620529
  20
629.346962
  0
VERTEX
  8
1
  10
1238.038406
  20
629.540596
  0
VERTEX
  8
1
  10
1237.435226
  20
629.754868
  0
VERTEX
  8
1
  10
1236.835175
  20
629.982300
  0
VERTEX
  8
1
  10
1236.238556
  20
630.222893
  0
VERTEX
  8
1
  10
1235.682526
  20
630.460510
  0
VERTEX
  8
1
  10
1235.129929
  20
630.709915
  0
VERTEX
  8
1
  10
1234.580994
  20
630.971146
  0
VERTEX
  8
1
  10
1234.022827
  20
631.251030
  0
VERTEX
  8
1
  10
1233.483582
  20
631.535568
  0
VERTEX
  8
1
  10
1232.950821
  20
631.830788
  0
VERTEX
  8
1
  10
1232.424698
  20
632.136536
  0
VERTEX
  8
1
  10
1231.905212
  20
632.452736
  0
VERTEX
  8
1
  10
1231.392517
  20
632.779198
  0
VERTEX
  8
1
  10
1230.886765
  20
633.115807
  0
VERTEX
  8
1
  10
1230.388107
  20
633.462524
  0
VERTEX
  8
1
  10
1229.884796
  20
633.827972
  0
VERTEX
  8
1
  10
1229.400940
  20
634.194641
  0
VERTEX
  8
1
  10
1228.924637
  20
634.570999
  0
VERTEX
  8
1
  10
1228.456039
  20
634.956856
  0
VERTEX
  8
1
  10
1227.995300
  20
635.352173
  0
VERTEX
  8
1
  10
1227.542496
  20
635.756798
  0
VERTEX
  8
1
  10
1227.097855
  20
636.170692
  0
VERTEX
  8
1
  10
1226.661377
  20
636.593742
  0
VERTEX
  8
1
  10
1226.223297
  20
637.036285
  0
VERTEX
  8
1
  10
1225.804672
  20
637.476768
  0
VERTEX
  8
1
  10
1225.395355
  20
637.925453
  0
VERTEX
  8
1
  10
1224.995270
  20
638.382149
  0
VERTEX
  8
1
  10
1224.604568
  20
638.846779
  0
VERTEX
  8
1
  10
1224.223328
  20
639.319191
  0
VERTEX
  8
1
  10
1223.851776
  20
639.799232
  0
VERTEX
  8
1
  10
1223.481140
  20
640.298691
  0
VERTEX
  8
1
  10
1223.129349
  20
640.793762
  0
VERTEX
  8
1
  10
1222.787552
  20
641.295929
  0
VERTEX
  8
1
  10
1222.455902
  20
641.805115
  0
VERTEX
  8
1
  10
1222.134476
  20
642.321091
  0
VERTEX
  8
1
  10
1221.823425
  20
642.843933
  0
VERTEX
  8
1
  10
1221.522827
  20
643.373337
  0
VERTEX
  8
1
  10
1221.232834
  20
643.909302
  0
VERTEX
  8
1
  10
1220.947037
  20
644.464798
  0
VERTEX
  8
1
  10
1220.679703
  20
645.011826
  0
VERTEX
  8
1
  10
1220.424271
  20
645.562592
  0
VERTEX
  8
1
  10
1220.180664
  20
646.116943
  0
VERTEX
  8
1
  10
1219.948807
  20
646.674576
  0
VERTEX
  8
1
  10
1219.714279
  20
647.272797
  0
VERTEX
  8
1
  10
1219.492950
  20
647.874298
  0
VERTEX
  8
1
  10
1219.284668
  20
648.478851
  0
VERTEX
  8
1
  10
1219.096298
  20
649.063873
  0
VERTEX
  8
1
  10
1218.922272
  20
649.643784
  0
VERTEX
  8
1
  10
1218.758469
  20
650.232697
  0
VERTEX
  8
1
  10
1218.605576
  20
650.830536
  0
VERTEX
  8
1
  10
1218.464279
  20
651.437378
  0
VERTEX
  8
1
  10
1218.335114
  20
652.053223
  0
VERTEX
  8
1
  10
1218.226166
  20
652.636108
  0
VERTEX
  8
1
  10
1218.129044
  20
653.226700
  0
VERTEX
  8
1
  10
1218.043365
  20
653.832169
  0
VERTEX
  8
1
  10
1217.968216
  20
654.458694
  0
VERTEX
  8
1
  10
1217.902908
  20
655.113831
  0
VERTEX
  8
1
  10
1217.849579
  20
655.777283
  0
VERTEX
  8
1
  10
1217.807617
  20
656.447983
  0
VERTEX
  8
1
  10
1217.777786
  20
657.112732
  0
VERTEX
  8
1
  10
1217.765884
  20
657.548218
  0
VERTEX
  8
1
  10
1217.759705
  20
657.753983
  0
VERTEX
  8
1
  10
1217.759705
  20
659.499054
  0
VERTEX
  8
1
  10
1217.759705
  20
664.399567
  0
VERTEX
  8
1
  10
1217.759705
  20
674.554214
  0
VERTEX
  8
1
  10
1217.759705
  20
684.847641
  0
VERTEX
  8
1
  10
1217.759705
  20
694.989090
  0
VERTEX
  8
1
  10
1217.759705
  20
705.130463
  0
VERTEX
  8
1
  10
1217.759705
  20
715.399094
  0
VERTEX
  8
1
  10
1217.759705
  20
725.540543
  0
VERTEX
  8
1
  10
1217.759705
  20
735.681915
  0
VERTEX
  8
1
  10
1217.759705
  20
745.829010
  0
VERTEX
  8
1
  10
1217.759705
  20
755.970383
  0
VERTEX
  8
1
  10
1217.759705
  20
766.111755
  0
VERTEX
  8
1
  10
1217.759705
  20
776.615372
  0
VERTEX
  8
1
  10
1217.759705
  20
786.585541
  0
VERTEX
  8
1
  10
1217.759705
  20
796.726913
  0
VERTEX
  8
1
  10
1217.759705
  20
807.230530
  0
VERTEX
  8
1
  10
1217.759705
  20
817.243729
  0
VERTEX
  8
1
  10
1217.759705
  20
827.377167
  0
VERTEX
  8
1
  10
1217.759705
  20
837.785263
  0
VERTEX
  8
1
  10
1217.759705
  20
847.921295
  0
VERTEX
  8
1
  10
1232.423630
  20
847.921295
  0
VERTEX
  8
1
  10
1242.397919
  20
847.921295
  0
VERTEX
  8
1
  10
1262.738113
  20
847.921295
  0
VERTEX
  8
1
  10
1262.769470
  20
832.904816
  0
VERTEX
  8
1
  10
1263.775940
  20
832.904816
  0
VERTEX
  8
1
  10
1274.665527
  20
832.904816
  0
VERTEX
  8
1
  10
1285.261230
  20
832.904816
  0
VERTEX
  8
1
  10
1296.065063
  20
832.904816
  0
VERTEX
  8
1
  10
1306.517944
  20
832.904816
  0
VERTEX
  8
1
  10
1317.326965
  20
832.904816
  0
VERTEX
  8
1
  10
1328.253784
  20
832.904816
  0
VERTEX
  8
1
  10
1339.062805
  20
832.904816
  0
VERTEX
  8
1
  10
1349.515686
  20
832.904816
  0
VERTEX
  8
1
  10
1360.319366
  20
832.904816
  0
VERTEX
  8
1
  10
1370.915222
  20
832.904816
  0
VERTEX
  8
1
  10
1381.174622
  20
832.904816
  0
VERTEX
  8
1
  10
1382.769775
  20
832.904816
  0
VERTEX
  8
1
  10
1382.738495
  20
847.921295
  0
VERTEX
  8
1
  10
1427.759705
  20
847.921295
  0
VERTEX
  8
1
  10
1427.759705
  20
838.750381
  0
VERTEX
  8
1
  10
1427.759705
  20
831.237717
  0
VERTEX
  8
1
  10
1427.759705
  20
821.211472
  0
VERTEX
  8
1
  10
1427.759705
  20
810.979004
  0
VERTEX
  8
1
  10
1427.759705
  20
800.744019
  0
VERTEX
  8
1
  10
1427.759705
  20
790.558090
  0
VERTEX
  8
1
  10
1427.759705
  20
780.372162
  0
VERTEX
  8
1
  10
1427.759705
  20
770.283279
  0
VERTEX
  8
1
  10
1427.759705
  20
760.097351
  0
VERTEX
  8
1
  10
1427.759705
  20
749.911423
  0
VERTEX
  8
1
  10
1427.759705
  20
739.563446
  0
VERTEX
  8
1
  10
1427.759705
  20
729.377518
  0
VERTEX
  8
1
  10
1427.759705
  20
718.827820
  0
VERTEX
  8
1
  10
1427.759705
  20
708.973923
  0
VERTEX
  8
1
  10
1427.759705
  20
698.787994
  0
VERTEX
  8
1
  10
1427.759705
  20
688.602066
  0
VERTEX
  8
1
  10
1427.759705
  20
678.406982
  0
VERTEX
  8
1
  10
1427.759705
  20
668.268814
  0
VERTEX
  8
1
  10
1427.759705
  20
660.457764
  0
VERTEX
  8
1
  10
1427.759705
  20
657.719803
  0
VERTEX
  8
1
  10
1427.748260
  20
657.402191
  0
VERTEX
  8
1
  10
1427.724152
  20
656.692123
  0
VERTEX
  8
1
  10
1427.687378
  20
656.035690
  0
VERTEX
  8
1
  10
1427.641296
  20
655.402679
  0
VERTEX
  8
1
  10
1427.584076
  20
654.772797
  0
VERTEX
  8
1
  10
1427.518005
  20
654.168091
  0
VERTEX
  8
1
  10
1427.439728
  20
653.563614
  0
VERTEX
  8
1
  10
1427.347717
  20
652.957001
  0
VERTEX
  8
1
  10
1427.245178
  20
652.369919
  0
VERTEX
  8
1
  10
1427.131042
  20
651.790543
  0
VERTEX
  8
1
  10
1426.996613
  20
651.178513
  0
VERTEX
  8
1
  10
1426.850281
  20
650.575485
  0
VERTEX
  8
1
  10
1426.692657
  20
649.981461
  0
VERTEX
  8
1
  10
1426.524353
  20
649.396362
  0
VERTEX
  8
1
  10
1426.333923
  20
648.782120
  0
VERTEX
  8
1
  10
1426.140442
  20
648.199997
  0
VERTEX
  8
1
  10
1425.926056
  20
647.596817
  0
VERTEX
  8
1
  10
1425.698700
  20
646.996765
  0
VERTEX
  8
1
  10
1425.458069
  20
646.400146
  0
VERTEX
  8
1
  10
1425.220490
  20
645.844116
  0
VERTEX
  8
1
  10
1424.971008
  20
645.291519
  0
VERTEX
  8
1
  10
1424.709778
  20
644.742584
  0
VERTEX
  8
1
  10
1424.429932
  20
644.184418
  0
VERTEX
  8
1
  10
1424.145355
  20
643.645248
  0
VERTEX
  8
1
  10
1423.850098
  20
643.112488
  0
VERTEX
  8
1
  10
1423.544464
  20
642.586288
  0
VERTEX
  8
1
  10
1423.228302
  20
642.066803
  0
VERTEX
  8
1
  10
1422.901764
  20
641.554184
  0
VERTEX
  8
1
  10
1422.565155
  20
641.048431
  0
VERTEX
  8
1
  10
1422.218475
  20
640.549774
  0
VERTEX
  8
1
  10
1421.853027
  20
640.046463
  0
VERTEX
  8
1
  10
1421.486359
  20
639.562607
  0
VERTEX
  8
1
  10
1421.110077
  20
639.086304
  0
VERTEX
  8
1
  10
1420.724182
  20
638.617744
  0
VERTEX
  8
1
  10
1420.328827
  20
638.157005
  0
VERTEX
  8
1
  10
1419.924164
  20
637.704239
  0
VERTEX
  8
1
  10
1419.510345
  20
637.259560
  0
VERTEX
  8
1
  10
1419.087372
  20
636.823158
  0
VERTEX
  8
1
  10
1418.644867
  20
636.385040
  0
VERTEX
  8
1
  10
1418.204346
  20
635.966454
  0
VERTEX
  8
1
  10
1417.755737
  20
635.557098
  0
VERTEX
  8
1
  10
1417.299042
  20
635.157013
  0
VERTEX
  8
1
  10
1416.834412
  20
634.766312
  0
VERTEX
  8
1
  10
1416.362000
  20
634.385109
  0
VERTEX
  8
1
  10
1415.881958
  20
634.013481
  0
VERTEX
  8
1
  10
1415.382385
  20
633.642883
  0
VERTEX
  8
1
  10
1414.887390
  20
633.291092
  0
VERTEX
  8
1
  10
1414.385223
  20
632.949295
  0
VERTEX
  8
1
  10
1413.876038
  20
632.617607
  0
VERTEX
  8
1
  10
1413.359985
  20
632.296181
  0
VERTEX
  8
1
  10
1412.837219
  20
631.985092
  0
VERTEX
  8
1
  10
1412.307739
  20
631.684494
  0
VERTEX
  8
1
  10
1411.771851
  20
631.394501
  0
VERTEX
  8
1
  10
1411.216278
  20
631.108627
  0
VERTEX
  8
1
  10
1410.669250
  20
630.841331
  0
VERTEX
  8
1
  10
1410.118408
  20
630.585938
  0
VERTEX
  8
1
  10
1409.564209
  20
630.342331
  0
VERTEX
  8
1
  10
1409.006500
  20
630.110435
  0
VERTEX
  8
1
  10
1408.408356
  20
629.875946
  0
VERTEX
  8
1
  10
1407.806854
  20
629.654579
  0
VERTEX
  8
1
  10
1407.202301
  20
629.446297
  0
VERTEX
  8
1
  10
1406.617279
  20
629.257927
  0
VERTEX
  8
1
  10
1406.037445
  20
629.083900
  0
VERTEX
  8
1
  10
1405.448608
  20
628.920135
  0
VERTEX
  8
1
  10
1404.850769
  20
628.767242
  0
VERTEX
  8
1
  10
1404.243927
  20
628.625870
  0
VERTEX
  8
1
  10
1403.628082
  20
628.496704
  0
VERTEX
  8
1
  10
1403.045197
  20
628.387756
  0
VERTEX
  8
1
  10
1402.454529
  20
628.290672
  0
VERTEX
  8
1
  10
1401.849060
  20
628.204918
  0
VERTEX
  8
1
  10
1401.222534
  20
628.129768
  0
VERTEX
  8
1
  10
1400.567322
  20
628.064499
  0
VERTEX
  8
1
  10
1399.904022
  20
628.011093
  0
VERTEX
  8
1
  10
1399.233246
  20
627.969208
  0
VERTEX
  8
1
  10
1398.568420
  20
627.939339
  0
VERTEX
  8
1
  10
1398.132935
  20
627.927437
  0
VERTEX
  8
1
  10
1397.927246
  20
627.921257
  0
VERTEX
  8
1
  10
1395.716705
  20
627.921257
  0
VERTEX
  8
1
  10
1389.419861
  20
627.921257
  0
VERTEX
  8
1
  10
1379.426117
  20
627.921257
  0
VERTEX
  8
1
  10
1369.234619
  20
627.921257
  0
VERTEX
  8
1
  10
1359.179077
  20
627.921257
  0
VERTEX
  8
1
  10
1349.123535
  20
627.921257
  0
VERTEX
  8
1
  10
1338.999176
  20
627.921257
  0
VERTEX
  8
1
  10
1328.943634
  20
627.921257
  0
VERTEX
  8
1
  10
1318.888092
  20
627.921257
  0
VERTEX
  8
1
  10
1308.689270
  20
627.921257
  0
VERTEX
  8
1
  10
1298.633575
  20
627.921257
  0
VERTEX
  8
1
  10
1288.578033
  20
627.921257
  0
VERTEX
  8
1
  10
1278.522415
  20
627.921257
  0
VERTEX
  8
1
  10
1268.307114
  20
627.921257
  0
VERTEX
  8
1
  10
1258.238602
  20
627.921257
  0
VERTEX
  8
1
  10
1250.328979
  20
627.921257
  0
SEQEND
  8
1
  0
POINT
  8
2
 10
1247.558212
 20
627.921257
  0
TEXT
  8
2
 10
1247.558212
 20
627.921257
 40
0.000000
 50
0.000000
  1
# 175
  0
POINT
  8
2
 10
1217.759705
 20
657.753983
  0
TEXT
  8
2
 10
1217.759705
 20
657.753983
 40
0.000000
 50
0.000000
  1
# 176
  0
POINT
  8
2
 10
1217.759705
 20
847.921295
  0
TEXT
  8
2
 10
1217.759705
 20
847.921295
 40
0.000000
 50
0.000000
  1
# 177
  0
POINT
  8
2
 10
1262.738113
 20
847.921295
  0
TEXT
  8
2
 10
1262.738113
 20
847.921295
 40
0.000000
 50
0.000000
  1
# 178
  0
POINT
  8
2
 10
1262.769470
 20
832.904816
  0
TEXT
  8
2
 10
1262.769470
 20
832.904816
 40
0.000000
 50
0.000000
  1
# 179
  0
POINT
  8
2
 10
1382.769775
 20
832.904816
  0
TEXT
  8
2
 10
1382.769775
 20
832.904816
 40
0.000000
 50
0.000000
  1
# 180
  0
POINT
  8
2
 10
1382.738495
 20
847.921295
  0
TEXT
  8
2
 10
1382.738495
 20
847.921295
 40
0.000000
 50
0.000000
  1
# 181
  0
POINT
  8
2
 10
1427.759705
 20
847.921295
  0
TEXT
  8
2
 10
1427.759705
 20
847.921295
 40
0.000000
 50
0.000000
  1
# 182
  0
POINT
  8
2
 10
1427.759705
 20
657.719803
  0
TEXT
  8
2
 10
1427.759705
 20
657.719803
 40
0.000000
 50
0.000000
  1
# 183
  0
POINT
  8
2
 10
1397.927246
 20
627.921257
  0
TEXT
  8
2
 10
1397.927246
 20
627.921257
 40
0.000000
 50
0.000000
  1
# 184
  0
POINT
  8
3
 10
1247.240601
 20
627.932777
  0
POINT
  8
3
 10
1246.530457
 20
627.956848
  0
POINT
  8
3
 10
1245.874023
 20
627.993546
  0
POINT
  8
3
 10
1245.241013
 20
628.039742
  0
POINT
  8
3
 10
1244.611206
 20
628.096848
  0
POINT
  8
3
 10
1244.006500
 20
628.162956
  0
POINT
  8
3
 10
1243.402023
 20
628.241234
  0
POINT
  8
3
 10
1242.795334
 20
628.333282
  0
POINT
  8
3
 10
1242.208252
 20
628.435860
  0
POINT
  8
3
 10
1241.628952
 20
628.549957
  0
POINT
  8
3
 10
1241.016922
 20
628.684387
  0
POINT
  8
3
 10
1240.413818
 20
628.830757
  0
POINT
  8
3
 10
1239.819794
 20
628.988342
  0
POINT
  8
3
 10
1239.234772
 20
629.156532
  0
POINT
  8
3
 10
1238.620529
 20
629.346962
  0
POINT
  8
3
 10
1238.038406
 20
629.540596
  0
POINT
  8
3
 10
1237.435226
 20
629.754868
  0
POINT
  8
3
 10
1236.835175
 20
629.982300
  0
POINT
  8
3
 10
1236.238556
 20
630.222893
  0
POINT
  8
3
 10
1235.682526
 20
630.460510
  0
POINT
  8
3
 10
1235.129929
 20
630.709915
  0
POINT
  8
3
 10
1234.580994
 20
630.971146
  0
POINT
  8
3
 10
1234.022827
 20
631.251030
  0
POINT
  8
3
 10
1233.483582
 20
631.535568
  0
POINT
  8
3
 10
1232.950821
 20
631.830788
  0
POINT
  8
3
 10
1232.424698
 20
632.136536
  0
POINT
  8
3
 10
1231.905212
 20
632.452736
  0
POINT
  8
3
 10
1231.392517
 20
632.779198
  0
POINT
  8
3
 10
1230.886765
 20
633.115807
  0
POINT
  8
3
 10
1230.388107
 20
633.462524
  0
POINT
  8
3
 10
1229.884796
 20
633.827972
  0
POINT
  8
3
 10
1229.400940
 20
634.194641
  0
POINT
  8
3
 10
1228.924637
 20
634.570999
  0
POINT
  8
3
 10
1228.456039
 20
634.956856
  0
POINT
  8
3
 10
1227.995300
 20
635.352173
  0
POINT
  8
3
 10
1227.542496
 20
635.756798
  0
POINT
  8
3
 10
1227.097855
 20
636.170692
  0
POINT
  8
3
 10
1226.661377
 20
636.593742
  0
POINT
  8
3
 10
1226.223297
 20
637.036285
  0
POINT
  8
3
 10
1225.804672
 20
637.476768
  0
POINT
  8
3
 10
1225.395355
 20
637.925453
  0
POINT
  8
3
 10
1224.995270
 20
638.382149
  0
POINT
  8
3
 10
1224.604568
 20
638.846779
  0
POINT
  8
3
 10
1224.223328
 20
639.319191
  0
POINT
  8
3
 10
1223.851776
 20
639.799232
  0
POINT
  8
3
 10
1223.481140
 20
640.298691
  0
POINT
  8
3
 10
1223.129349
 20
640.793762
  0
POINT
  8
3
 10
1222.787552
 20
641.295929
  0
POINT
  8
3
 10
1222.455902
 20
641.805115
  0
POINT
  8
3
 10
1222.134476
 20
642.321091
  0
POINT
  8
3
 10
1221.823425
 20
642.843933
  0
POINT
  8
3
 10
1221.522827
 20
643.373337
  0
POINT
  8
3
 10
1221.232834
 20
643.909302
  0
POINT
  8
3
 10
1220.947037
 20
644.464798
  0
POINT
  8
3
 10
1220.679703
 20
645.011826
  0
POINT
  8
3
 10
1220.424271
 20
645.562592
  0
POINT
  8
3
 10
1220.180664
 20
646.116943
  0
POINT
  8
3
 10
1219.948807
 20
646.674576
  0
POINT
  8
3
 10
1219.714279
 20
647.272797
  0
POINT
  8
3
 10
1219.492950
 20
647.874298
  0
POINT
  8
3
 10
1219.284668
 20
648.478851
  0
POINT
  8
3
 10
1219.096298
 20
649.063873
  0
POINT
  8
3
 10
1218.922272
 20
649.643784
  0
POINT
  8
3
 10
1218.758469
 20
650.232697
  0
POINT
  8
3
 10
1218.605576
 20
650.830536
  0
POINT
  8
3
 10
1218.464279
 20
651.437378
  0
POINT
  8
3
 10
1218.335114
 20
652.053223
  0
POINT
  8
3
 10
1218.226166
 20
652.636108
  0
POINT
  8
3
 10
1218.129044
 20
653.226700
  0
POINT
  8
3
 10
1218.043365
 20
653.832169
  0
POINT
  8
3
 10
1217.968216
 20
654.458694
  0
POINT
  8
3
 10
1217.902908
 20
655.113831
  0
POINT
  8
3
 10
1217.849579
 20
655.777283
  0
POINT
  8
3
 10
1217.807617
 20
656.447983
  0
POINT
  8
3
 10
1217.777786
 20
657.112732
  0
POINT
  8
3
 10
1217.765884
 20
657.548218
  0
POINT
  8
3
 10
1217.759705
 20
659.499054
  0
POINT
  8
3
 10
1217.759705
 20
664.399567
  0
POINT
  8
3
 10
1217.759705
 20
674.554214
  0
POINT
  8
3
 10
1217.759705
 20
684.847641
  0
POINT
  8
3
 10
1217.759705
 20
694.989090
  0
POINT
  8
3
 10
1217.759705
 20
705.130463
  0
POINT
  8
3
 10
1217.759705
 20
715.399094
  0
POINT
  8
3
 10
1217.759705
 20
725.540543
  0
POINT
  8
3
 10
1217.759705
 20
735.681915
  0
POINT
  8
3
 10
1217.759705
 20
745.829010
  0
POINT
  8
3
 10
1217.759705
 20
755.970383
  0
POINT
  8
3
 10
1217.759705
 20
766.111755
  0
POINT
  8
3
 10
1217.759705
 20
776.615372
  0
POINT
  8
3
 10
1217.759705
 20
786.585541
  0
POINT
  8
3
 10
1217.759705
 20
796.726913
  0
POINT
  8
3
 10
1217.759705
 20
807.230530
  0
POINT
  8
3
 10
1217.759705
 20
817.243729
  0
POINT
  8
3
 10
1217.759705
 20
827.377167
  0
POINT
  8
3
 10
1217.759705
 20
837.785263
  0
POINT
  8
3
 10
1232.423630
 20
847.921295
  0
POINT
  8
3
 10
1242.397919
 20
847.921295
  0
POINT
  8
3
 10
1263.775940
 20
832.904816
  0
POINT
  8
3
 10
1274.665527
 20
832.904816
  0
POINT
  8
3
 10
1285.261230
 20
832.904816
  0
POINT
  8
3
 10
1296.065063
 20
832.904816
  0
POINT
  8
3
 10
1306.517944
 20
832.904816
  0
POINT
  8
3
 10
1317.326965
 20
832.904816
  0
POINT
  8
3
 10
1328.253784
 20
832.904816
  0
POINT
  8
3
 10
1339.062805
 20
832.904816
  0
POINT
  8
3
 10
1349.515686
 20
832.904816
  0
POINT
  8
3
 10
1360.319366
 20
832.904816
  0
POINT
  8
3
 10
1370.915222
 20
832.904816
  0
POINT
  8
3
 10
1381.174622
 20
832.904816
  0
POINT
  8
3
 10
1427.759705
 20
838.750381
  0
POINT
  8
3
 10
1427.759705
 20
831.237717
  0
POINT
  8
3
 10
1427.759705
 20
821.211472
  0
POINT
  8
3
 10
1427.759705
 20
810.979004
  0
POINT
  8
3
 10
1427.759705
 20
800.744019
  0
POINT
  8
3
 10
1427.759705
 20
790.558090
  0
POINT
  8
3
 10
1427.759705
 20
780.372162
  0
POINT
  8
3
 10
1427.759705
 20
770.283279
  0
POINT
  8
3
 10
1427.759705
 20
760.097351
  0
POINT
  8
3
 10
1427.759705
 20
749.911423
  0
POINT
  8
3
 10
1427.759705
 20
739.563446
  0
POINT
  8
3
 10
1427.759705
 20
729.377518
  0
POINT
  8
3
 10
1427.759705
 20
718.827820
  0
POINT
  8
3
 10
1427.759705
 20
708.973923
  0
POINT
  8
3
 10
1427.759705
 20
698.787994
  0
POINT
  8
3
 10
1427.759705
 20
688.602066
  0
POINT
  8
3
 10
1427.759705
 20
678.406982
  0
POINT
  8
3
 10
1427.759705
 20
668.268814
  0
POINT
  8
3
 10
1427.759705
 20
660.457764
  0
POINT
  8
3
 10
1427.748260
 20
657.402191
  0
POINT
  8
3
 10
1427.724152
 20
656.692123
  0
POINT
  8
3
 10
1427.687378
 20
656.035690
  0
POINT
  8
3
 10
1427.641296
 20
655.402679
  0
POINT
  8
3
 10
1427.584076
 20
654.772797
  0
POINT
  8
3
 10
1427.518005
 20
654.168091
  0
POINT
  8
3
 10
1427.439728
 20
653.563614
  0
POINT
  8
3
 10
1427.347717
 20
652.957001
  0
POINT
  8
3
 10
1427.245178
 20
652.369919
  0
POINT
  8
3
 10
1427.131042
 20
651.790543
  0
POINT
  8
3
 10
1426.996613
 20
651.178513
  0
POINT
  8
3
 10
1426.850281
 20
650.575485
  0
POINT
  8
3
 10
1426.692657
 20
649.981461
  0
POINT
  8
3
 10
1426.524353
 20
649.396362
  0
POINT
  8
3
 10
1426.333923
 20
648.782120
  0
POINT
  8
3
 10
1426.140442
 20
648.199997
  0
POINT
  8
3
 10
1425.926056
 20
647.596817
  0
POINT
  8
3
 10
1425.698700
 20
646.996765
  0
POINT
  8
3
 10
1425.458069
 20
646.400146
  0
POINT
  8
3
 10
1425.220490
 20
645.844116
  0
POINT
  8
3
 10
1424.971008
 20
645.291519
  0
POINT
  8
3
 10
1424.709778
 20
644.742584
  0
POINT
  8
3
 10
1424.429932
 20
644.184418
  0
POINT
  8
3
 10
1424.145355
 20
643.645248
  0
POINT
  8
3
 10
1423.850098
 20
643.112488
  0
POINT
  8
3
 10
1423.544464
 20
642.586288
  0
POINT
  8
3
 10
1423.228302
 20
642.066803
  0
POINT
  8
3
 10
1422.901764
 20
641.554184
  0
POINT
  8
3
 10
1422.565155
 20
641.048431
  0
POINT
  8
3
 10
1422.218475
 20
640.549774
  0
POINT
  8
3
 10
1421.853027
 20
640.046463
  0
POINT
  8
3
 10
1421.486359
 20
639.562607
  0
POINT
  8
3
 10
1421.110077
 20
639.086304
  0
POINT
  8
3
 10
1420.724182
 20
638.617744
  0
POINT
  8
3
 10
1420.328827
 20
638.157005
  0
POINT
  8
3
 10
1419.924164
 20
637.704239
  0
POINT
  8
3
 10
1419.510345
 20
637.259560
  0
POINT
  8
3
 10
1419.087372
 20
636.823158
  0
POINT
  8
3
 10
1418.644867
 20
636.385040
  0
POINT
  8
3
 10
1418.204346
 20
635.966454
  0
POINT
  8
3
 10
1417.755737
 20
635.557098
  0
POINT
  8
3
 10
1417.299042
 20
635.157013
  0
POINT
  8
3
 10
1416.834412
 20
634.766312
  0
POINT
  8
3
 10
1416.362000
 20
634.385109
  0
POINT
  8
3
 10
1415.881958
 20
634.013481
  0
POINT
  8
3
 10
1415.382385
 20
633.642883
  0
POINT
  8
3
 10
1414.887390
 20
633.291092
  0
POINT
  8
3
 10
1414.385223
 20
632.949295
  0
POINT
  8
3
 10
1413.876038
 20
632.617607
  0
POINT
  8
3
 10
1413.359985
 20
632.296181
  0
POINT
  8
3
 10
1412.837219
 20
631.985092
  0
POINT
  8
3
 10
1412.307739
 20
631.684494
  0
POINT
  8
3
 10
1411.771851
 20
631.394501
  0
POINT
  8
3
 10
1411.216278
 20
631.108627
  0
POINT
  8
3
 10
1410.669250
 20
630.841331
  0
POINT
  8
3
 10
1410.118408
 20
630.585938
  0
POINT
  8
3
 10
1409.564209
 20
630.342331
  0
POINT
  8
3
 10
1409.006500
 20
630.110435
  0
POINT
  8
3
 10
1408.408356
 20
629.875946
  0
POINT
  8
3
 10
1407.806854
 20
629.654579
  0
POINT
  8
3
 10
1407.202301
 20
629.446297
  0
POINT
  8
3
 10
1406.617279
 20
629.257927
  0
POINT
  8
3
 10
1406.037445
 20
629.083900
  0
POINT
  8
3
 10
1405.448608
 20
628.920135
  0
POINT
  8
3
 10
1404.850769
 20
628.767242
  0
POINT
  8
3
 10
1404.243927
 20
628.625870
  0
POINT
  8
3
 10
1403.628082
 20
628.496704
  0
POINT
  8
3
 10
1403.045197
 20
628.387756
  0
POINT
  8
3
 10
1402.454529
 20
628.290672
  0
POINT
  8
3
 10
1401.849060
 20
628.204918
  0
POINT
  8
3
 10
1401.222534
 20
628.129768
  0
POINT
  8
3
 10
1400.567322
 20
628.064499
  0
POINT
  8
3
 10
1399.904022
 20
628.011093
  0
POINT
  8
3
 10
1399.233246
 20
627.969208
  0
POINT
  8
3
 10
1398.568420
 20
627.939339
  0
POINT
  8
3
 10
1398.132935
 20
627.927437
  0
POINT
  8
3
 10
1395.716705
 20
627.921257
  0
POINT
  8
3
 10
1389.419861
 20
627.921257
  0
POINT
  8
3
 10
1379.426117
 20
627.921257
  0
POINT
  8
3
 10
1369.234619
 20
627.921257
  0
POINT
  8
3
 10
1359.179077
 20
627.921257
  0
POINT
  8
3
 10
1349.123535
 20
627.921257
  0
POINT
  8
3
 10
1338.999176
 20
627.921257
  0
POINT
  8
3
 10
1328.943634
 20
627.921257
  0
POINT
  8
3
 10
1318.888092
 20
627.921257
  0
POINT
  8
3
 10
1308.689270
 20
627.921257
  0
POINT
  8
3
 10
1298.633575
 20
627.921257
  0
POINT
  8
3
 10
1288.578033
 20
627.921257
  0
POINT
  8
3
 10
1278.522415
 20
627.921257
  0
POINT
  8
3
 10
1268.307114
 20
627.921257
  0
POINT
  8
3
 10
1258.238602
 20
627.921257
  0
POINT
  8
3
 10
1250.328979
 20
627.921257
  0
POLYLINE
  8
14
  66
1
  70
1
  0
VERTEX
  8
14
  10
1247.759552
  20
637.921257
  0
VERTEX
  8
14
  10
1247.002916
  20
637.945687
  0
VERTEX
  8
14
  10
1246.517587
  20
637.972808
  0
VERTEX
  8
14
  10
1246.054677
  20
638.006579
  0
VERTEX
  8
14
  10
1245.605411
  20
638.047286
  0
VERTEX
  8
14
  10
1245.188963
  20
638.092799
  0
VERTEX
  8
14
  10
1244.790810
  20
638.144316
  0
VERTEX
  8
14
  10
1244.408131
  20
638.202379
  0
VERTEX
  8
14
  10
1244.036230
  20
638.267351
  0
VERTEX
  8
14
  10
1243.665605
  20
638.340367
  0
VERTEX
  8
14
  10
1243.270084
  20
638.427254
  0
VERTEX
  8
14
  10
1242.876368
  20
638.522807
  0
VERTEX
  8
14
  10
1242.484629
  20
638.626735
  0
VERTEX
  8
14
  10
1242.095043
  20
638.738745
  0
VERTEX
  8
14
  10
1241.682054
  20
638.866800
  0
VERTEX
  8
14
  10
1241.288179
  20
638.997793
  0
VERTEX
  8
14
  10
1240.880972
  20
639.142467
  0
VERTEX
  8
14
  10
1240.476990
  20
639.295568
  0
VERTEX
  8
14
  10
1240.076415
  20
639.457101
  0
VERTEX
  8
14
  10
1239.704132
  20
639.616201
  0
VERTEX
  8
14
  10
1239.335154
  20
639.782720
  0
VERTEX
  8
14
  10
1238.969632
  20
639.956665
  0
VERTEX
  8
14
  10
1238.598988
  20
640.142526
  0
VERTEX
  8
14
  10
1238.240917
  20
640.331480
  0
VERTEX
  8
14
  10
1237.886746
  20
640.527737
  0
VERTEX
  8
14
  10
1237.536617
  20
640.731194
  0
VERTEX
  8
14
  10
1237.190672
  20
640.941744
  0
VERTEX
  8
14
  10
1236.849052
  20
641.159284
  0
VERTEX
  8
14
  10
1236.511901
  20
641.383709
  0
VERTEX
  8
14
  10
1236.179359
  20
641.614913
  0
VERTEX
  8
14
  10
1235.843684
  20
641.858639
  0
VERTEX
  8
14
  10
1235.520901
  20
642.103246
  0
VERTEX
  8
14
  10
1235.203136
  20
642.354318
  0
VERTEX
  8
14
  10
1234.890518
  20
642.611751
  0
VERTEX
  8
14
  10
1234.583174
  20
642.875441
  0
VERTEX
  8
14
  10
1234.281231
  20
643.145287
  0
VERTEX
  8
14
  10
1233.984817
  20
643.421183
  0
VERTEX
  8
14
  10
1233.694059
  20
643.703027
  0
VERTEX
  8
14
  10
1233.402251
  20
643.997758
  0
VERTEX
  8
14
  10
1233.123315
  20
644.291305
  0
VERTEX
  8
14
  10
1232.850379
  20
644.590446
  0
VERTEX
  8
14
  10
1232.583546
  20
644.895052
  0
VERTEX
  8
14
  10
1232.322919
  20
645.204997
  0
VERTEX
  8
14
  10
1232.068600
  20
645.520155
  0
VERTEX
  8
14
  10
1231.820694
  20
645.840396
  0
VERTEX
  8
14
  10
1231.573531
  20
646.173540
  0
VERTEX
  8
14
  10
1231.338919
  20
646.503683
  0
VERTEX
  8
14
  10
1231.111031
  20
646.838510
  0
VERTEX
  8
14
  10
1230.889974
  20
647.177880
  0
VERTEX
  8
14
  10
1230.675852
  20
647.521648
  0
VERTEX
  8
14
  10
1230.468771
  20
647.869673
  0
VERTEX
  8
14
  10
1230.268835
  20
648.221813
  0
VERTEX
  8
14
  10
1230.076151
  20
648.577924
  0
VERTEX
  8
14
  10
1229.886422
  20
648.946636
  0
VERTEX
  8
14
  10
1229.708698
  20
649.310347
  0
VERTEX
  8
14
  10
1229.538401
  20
649.677590
  0
VERTEX
  8
14
  10
1229.375527
  20
650.048213
  0
VERTEX
  8
14
  10
1229.220072
  20
650.422067
  0
VERTEX
  8
14
  10
1229.062426
  20
650.824236
  0
VERTEX
  8
14
  10
1228.913209
  20
651.229729
  0
VERTEX
  8
14
  10
1228.772418
  20
651.638363
  0
VERTEX
  8
14
  10
1228.645172
  20
652.033529
  0
VERTEX
  8
14
  10
1228.528648
  20
652.421802
  0
VERTEX
  8
14
  10
1228.420038
  20
652.812329
  0
VERTEX
  8
14
  10
1228.319634
  20
653.204933
  0
VERTEX
  8
14
  10
1228.227729
  20
653.599441
  0
VERTEX
  8
14
  10
1228.144614
  20
653.995679
  0
VERTEX
  8
14
  10
1228.075230
  20
654.366905
  0
VERTEX
  8
14
  10
1228.013997
  20
654.739342
  0
VERTEX
  8
14
  10
1227.959163
  20
655.126841
  0
VERTEX
  8
14
  10
1227.908613
  20
655.548630
  0
VERTEX
  8
14
  10
1227.862835
  20
656.008590
  0
VERTEX
  8
14
  10
1227.824166
  20
656.489201
  0
VERTEX
  8
14
  10
1227.793253
  20
656.984059
  0
VERTEX
  8
14
  10
1227.771297
  20
657.472372
  0
VERTEX
  8
14
  10
1227.759705
  20
657.921295
  0
VERTEX
  8
14
  10
1227.759705
  20
664.399543
  0
VERTEX
  8
14
  10
1227.759705
  20
674.554242
  0
VERTEX
  8
14
  10
1227.759705
  20
684.847676
  0
VERTEX
  8
14
  10
1227.759705
  20
694.989071
  0
VERTEX
  8
14
  10
1227.759705
  20
705.130480
  0
VERTEX
  8
14
  10
1227.759705
  20
715.399121
  0
VERTEX
  8
14
  10
1227.759705
  20
725.540522
  0
VERTEX
  8
14
  10
1227.759705
  20
735.681930
  0
VERTEX
  8
14
  10
1227.759705
  20
745.828998
  0
VERTEX
  8
14
  10
1227.759705
  20
755.970397
  0
VERTEX
  8
14
  10
1227.759705
  20
766.111783
  0
VERTEX
  8
14
  10
1227.759705
  20
776.615363
  0
VERTEX
  8
14
  10
1227.759705
  20
786.585534
  0
VERTEX
  8
14
  10
1227.759705
  20
796.726920
  0
VERTEX
  8
14
  10
1227.759705
  20
807.230505
  0
VERTEX
  8
14
  10
1227.759705
  20
817.243704
  0
VERTEX
  8
14
  10
1227.759705
  20
827.377163
  0
VERTEX
  8
14
  10
1227.759705
  20
837.921295
  0
VERTEX
  8
14
  10
1232.423657
  20
837.921295
  0
VERTEX
  8
14
  10
1242.397909
  20
837.921295
  0
VERTEX
  8
14
  10
1252.759018
  20
837.904739
  0
VERTEX
  8
14
  10
1252.790298
  20
822.904816
  0
VERTEX
  8
14
  10
1263.775978
  20
822.904816
  0
VERTEX
  8
14
  10
1274.665511
  20
822.904816
  0
VERTEX
  8
14
  10
1285.261301
  20
822.904816
  0
VERTEX
  8
14
  10
1296.065045
  20
822.904816
  0
VERTEX
  8
14
  10
1306.518001
  20
822.904816
  0
VERTEX
  8
14
  10
1317.326977
  20
822.904816
  0
VERTEX
  8
14
  10
1328.253817
  20
822.904816
  0
VERTEX
  8
14
  10
1339.062776
  20
822.904816
  0
VERTEX
  8
14
  10
1349.515699
  20
822.904816
  0
VERTEX
  8
14
  10
1360.319415
  20
822.904816
  0
VERTEX
  8
14
  10
1370.915179
  20
822.904816
  0
VERTEX
  8
14
  10
1381.174559
  20
822.904816
  0
VERTEX
  8
14
  10
1390.951945
  20
822.904816
  0
VERTEX
  8
14
  10
1392.790527
  20
822.953033
  0
VERTEX
  8
14
  10
1392.759247
  20
837.921295
  0
VERTEX
  8
14
  10
1417.759705
  20
837.921295
  0
VERTEX
  8
14
  10
1417.759705
  20
831.237751
  0
VERTEX
  8
14
  10
1417.759705
  20
821.211434
  0
VERTEX
  8
14
  10
1417.759705
  20
810.979030
  0
VERTEX
  8
14
  10
1417.759705
  20
800.744033
  0
VERTEX
  8
14
  10
1417.759705
  20
790.558105
  0
VERTEX
  8
14
  10
1417.759705
  20
780.372174
  0
VERTEX
  8
14
  10
1417.759705
  20
770.283286
  0
VERTEX
  8
14
  10
1417.759705
  20
760.097353
  0
VERTEX
  8
14
  10
1417.759705
  20
749.911422
  0
VERTEX
  8
14
  10
1417.759705
  20
739.563428
  0
VERTEX
  8
14
  10
1417.759705
  20
729.377502
  0
VERTEX
  8
14
  10
1417.759705
  20
718.827794
  0
VERTEX
  8
14
  10
1417.759705
  20
708.973946
  0
VERTEX
  8
14
  10
1417.759705
  20
698.788006
  0
VERTEX
  8
14
  10
1417.759705
  20
688.602070
  0
VERTEX
  8
14
  10
1417.759705
  20
678.406953
  0
VERTEX
  8
14
  10
1417.759705
  20
668.268852
  0
VERTEX
  8
14
  10
1417.759705
  20
657.921143
  0
VERTEX
  8
14
  10
1417.735276
  20
657.164529
  0
VERTEX
  8
14
  10
1417.708156
  20
656.679207
  0
VERTEX
  8
14
  10
1417.674385
  20
656.216299
  0
VERTEX
  8
14
  10
1417.633679
  20
655.767036
  0
VERTEX
  8
14
  10
1417.588167
  20
655.350591
  0
VERTEX
  8
14
  10
1417.536651
  20
654.952438
  0
VERTEX
  8
14
  10
1417.478589
  20
654.569760
  0
VERTEX
  8
14
  10
1417.413618
  20
654.197859
  0
VERTEX
  8
14
  10
1417.340603
  20
653.827235
  0
VERTEX
  8
14
  10
1417.253717
  20
653.431717
  0
VERTEX
  8
14
  10
1417.158164
  20
653.037999
  0
VERTEX
  8
14
  10
1417.054236
  20
652.646262
  0
VERTEX
  8
14
  10
1416.942226
  20
652.256677
  0
VERTEX
  8
14
  10
1416.814170
  20
651.843687
  0
VERTEX
  8
14
  10
1416.683175
  20
651.449813
  0
VERTEX
  8
14
  10
1416.538498
  20
651.042605
  0
VERTEX
  8
14
  10
1416.385395
  20
650.638624
  0
VERTEX
  8
14
  10
1416.223859
  20
650.238049
  0
VERTEX
  8
14
  10
1416.064756
  20
649.865764
  0
VERTEX
  8
14
  10
1415.898234
  20
649.496787
  0
VERTEX
  8
14
  10
1415.724287
  20
649.131264
  0
VERTEX
  8
14
  10
1415.538423
  20
648.760618
  0
VERTEX
  8
14
  10
1415.349469
  20
648.402547
  0
VERTEX
  8
14
  10
1415.153210
  20
648.048374
  0
VERTEX
  8
14
  10
1414.949754
  20
647.698246
  0
VERTEX
  8
14
  10
1414.739205
  20
647.352301
  0
VERTEX
  8
14
  10
1414.521666
  20
647.010681
  0
VERTEX
  8
14
  10
1414.297245
  20
646.673532
  0
VERTEX
  8
14
  10
1414.066046
  20
646.340993
  0
VERTEX
  8
14
  10
1413.822323
  20
646.005321
  0
VERTEX
  8
14
  10
1413.577723
  20
645.682544
  0
VERTEX
  8
14
  10
1413.326658
  20
645.364784
  0
VERTEX
  8
14
  10
1413.069232
  20
645.052171
  0
VERTEX
  8
14
  10
1412.805550
  20
644.744833
  0
VERTEX
  8
14
  10
1412.535713
  20
644.442895
  0
VERTEX
  8
14
  10
1412.259826
  20
644.146487
  0
VERTEX
  8
14
  10
1411.977991
  20
643.855733
  0
VERTEX
  8
14
  10
1411.683268
  20
643.563927
  0
VERTEX
  8
14
  10
1411.389728
  20
643.284992
  0
VERTEX
  8
14
  10
1411.090595
  20
643.012056
  0
VERTEX
  8
14
  10
1410.785995
  20
642.745222
  0
VERTEX
  8
14
  10
1410.476055
  20
642.484592
  0
VERTEX
  8
14
  10
1410.160902
  20
642.230270
  0
VERTEX
  8
14
  10
1409.840662
  20
641.982358
  0
VERTEX
  8
14
  10
1409.507518
  20
641.735190
  0
VERTEX
  8
14
  10
1409.177373
  20
641.500571
  0
VERTEX
  8
14
  10
1408.842542
  20
641.272676
  0
VERTEX
  8
14
  10
1408.503169
  20
641.051612
  0
VERTEX
  8
14
  10
1408.159395
  20
640.837483
  0
VERTEX
  8
14
  10
1407.811365
  20
640.630396
  0
VERTEX
  8
14
  10
1407.459221
  20
640.430455
  0
VERTEX
  8
14
  10
1407.103107
  20
640.237765
  0
VERTEX
  8
14
  10
1406.734394
  20
640.048033
  0
VERTEX
  8
14
  10
1406.370683
  20
639.870307
  0
VERTEX
  8
14
  10
1406.003444
  20
639.700011
  0
VERTEX
  8
14
  10
1405.632824
  20
639.537138
  0
VERTEX
  8
14
  10
1405.258976
  20
639.381683
  0
VERTEX
  8
14
  10
1404.856814
  20
639.224038
  0
VERTEX
  8
14
  10
1404.451330
  20
639.074821
  0
VERTEX
  8
14
  10
1404.042705
  20
638.934029
  0
VERTEX
  8
14
  10
1403.647547
  20
638.806780
  0
VERTEX
  8
14
  10
1403.259283
  20
638.690253
  0
VERTEX
  8
14
  10
1402.868765
  20
638.581638
  0
VERTEX
  8
14
  10
1402.476169
  20
638.481228
  0
VERTEX
  8
14
  10
1402.081669
  20
638.389317
  0
VERTEX
  8
14
  10
1401.685440
  20
638.306196
  0
VERTEX
  8
14
  10
1401.314220
  20
638.236807
  0
VERTEX
  8
14
  10
1400.941788
  20
638.175569
  0
VERTEX
  8
14
  10
1400.554296
  20
638.120731
  0
VERTEX
  8
14
  10
1400.132512
  20
638.070177
  0
VERTEX
  8
14
  10
1399.672555
  20
638.024395
  0
VERTEX
  8
14
  10
1399.191947
  20
637.985723
  0
VERTEX
  8
14
  10
1398.697092
  20
637.954807
  0
VERTEX
  8
14
  10
1398.208780
  20
637.932851
  0
VERTEX
  8
14
  10
1397.759857
  20
637.921257
  0
VERTEX
  8
14
  10
1389.419832
  20
637.921257
  0
VERTEX
  8
14
  10
1379.426151
  20
637.921257
  0
VERTEX
  8
14
  10
1369.234687
  20
637.921257
  0
VERTEX
  8
14
  10
1359.179082
  20
637.921257
  0
VERTEX
  8
14
  10
1349.123499
  20
637.921257
  0
VERTEX
  8
14
  10
1338.999245
  20
637.921257
  0
VERTEX
  8
14
  10
1328.943658
  20
637.921257
  0
VERTEX
  8
14
  10
1318.888055
  20
637.921257
  0
VERTEX
  8
14
  10
1308.689258
  20
637.921257
  0
VERTEX
  8
14
  10
1298.633640
  20
637.921257
  0
VERTEX
  8
14
  10
1288.578018
  20
637.921257
  0
VERTEX
  8
14
  10
1278.522400
  20
637.921257
  0
VERTEX
  8
14
  10
1268.307085
  20
637.921257
  0
VERTEX
  8
14
  10
1258.238574
  20
637.921257
  0
SEQEND
  8
14
  0
POINT
  8
2
 10
1247.759552
 20
637.921257
  0
TEXT
  8
2
 10
1247.759552
 20
637.921257
 40
0.000000
 50
0.000000
  1
# 185
  0
POINT
  8
2
 10
1227.759705
 20
657.921295
  0
TEXT
  8
2
 10
1227.759705
 20
657.921295
 40
0.000000
 50
0.000000
  1
# 186
  0
POINT
  8
2
 10
1227.759705
 20
837.921295
  0
TEXT
  8
2
 10
1227.759705
 20
837.921295
 40
0.000000
 50
0.000000
  1
# 187
  0
POINT
  8
2
 10
1252.759018
 20
837.904739
  0
TEXT
  8
2
 10
1252.759018
 20
837.904739
 40
0.000000
 50
0.000000
  1
# 188
  0
POINT
  8
2
 10
1252.790298
 20
822.904816
  0
TEXT
  8
2
 10
1252.790298
 20
822.904816
 40
0.000000
 50
0.000000
  1
# 189
  0
POINT
  8
2
 10
1392.790527
 20
822.953033
  0
TEXT
  8
2
 10
1392.790527
 20
822.953033
 40
0.000000
 50
0.000000
  1
# 190
  0
POINT
  8
2
 10
1392.759247
 20
837.921295
  0
TEXT
  8
2
 10
1392.759247
 20
837.921295
 40
0.000000
 50
0.000000
  1
# 191
  0
POINT
  8
2
 10
1417.759705
 20
837.921295
  0
TEXT
  8
2
 10
1417.759705
 20
837.921295
 40
0.000000
 50
0.000000
  1
# 192
  0
POINT
  8
2
 10
1417.759705
 20
657.921143
  0
TEXT
  8
2
 10
1417.759705
 20
657.921143
 40
0.000000
 50
0.000000
  1
# 193
  0
POINT
  8
2
 10
1397.759857
 20
637.921257
  0
TEXT
  8
2
 10
1397.759857
 20
637.921257
 40
0.000000
 50
0.000000
  1
# 194
  0
POINT
  8
3
 10
1247.002916
 20
637.945687
  0
POINT
  8
3
 10
1246.517587
 20
637.972808
  0
POINT
  8
3
 10
1246.054677
 20
638.006579
  0
POINT
  8
3
 10
1245.605411
 20
638.047286
  0
POINT
  8
3
 10
1245.188963
 20
638.092799
  0
POINT
  8
3
 10
1244.790810
 20
638.144316
  0
POINT
  8
3
 10
1244.408131
 20
638.202379
  0
POINT
  8
3
 10
1244.036230
 20
638.267351
  0
POINT
  8
3
 10
1243.665605
 20
638.340367
  0
POINT
  8
3
 10
1243.270084
 20
638.427254
  0
POINT
  8
3
 10
1242.876368
 20
638.522807
  0
POINT
  8
3
 10
1242.484629
 20
638.626735
  0
POINT
  8
3
 10
1242.095043
 20
638.738745
  0
POINT
  8
3
 10
1241.682054
 20
638.866800
  0
POINT
  8
3
 10
1241.288179
 20
638.997793
  0
POINT
  8
3
 10
1240.880972
 20
639.142467
  0
POINT
  8
3
 10
1240.476990
 20
639.295568
  0
POINT
  8
3
 10
1240.076415
 20
639.457101
  0
POINT
  8
3
 10
1239.704132
 20
639.616201
  0
POINT
  8
3
 10
1239.335154
 20
639.782720
  0
POINT
  8
3
 10
1238.969632
 20
639.956665
  0
POINT
  8
3
 10
1238.598988
 20
640.142526
  0
POINT
  8
3
 10
1238.240917
 20
640.331480
  0
POINT
  8
3
 10
1237.886746
 20
640.527737
  0
POINT
  8
3
 10
1237.536617
 20
640.731194
  0
POINT
  8
3
 10
1237.190672
 20
640.941744
  0
POINT
  8
3
 10
1236.849052
 20
641.159284
  0
POINT
  8
3
 10
1236.511901
 20
641.383709
  0
POINT
  8
3
 10
1236.179359
 20
641.614913
  0
POINT
  8
3
 10
1235.843684
 20
641.858639
  0
POINT
  8
3
 10
1235.520901
 20
642.103246
  0
POINT
  8
3
 10
1235.203136
 20
642.354318
  0
POINT
  8
3
 10
1234.890518
 20
642.611751
  0
POINT
  8
3
 10
1234.583174
 20
642.875441
  0
POINT
  8
3
 10
1234.281231
 20
643.145287
  0
POINT
  8
3
 10
1233.984817
 20
643.421183
  0
POINT
  8
3
 10
1233.694059
 20
643.703027
  0
POINT
  8
3
 10
1233.402251
 20
643.997758
  0
POINT
  8
3
 10
1233.123315
 20
644.291305
  0
POINT
  8
3
 10
1232.850379
 20
644.590446
  0
POINT
  8
3
 10
1232.583546
 20
644.895052
  0
POINT
  8
3
 10
1232.322919
 20
645.204997
  0
POINT
  8
3
 10
1232.068600
 20
645.520155
  0
POINT
  8
3
 10
1231.820694
 20
645.840396
  0
POINT
  8
3
 10
1231.573531
 20
646.173540
  0
POINT
  8
3
 10
1231.338919
 20
646.503683
  0
POINT
  8
3
 10
1231.111031
 20
646.838510
  0
POINT
  8
3
 10
1230.889974
 20
647.177880
  0
POINT
  8
3
 10
1230.675852
 20
647.521648
  0
POINT
  8
3
 10
1230.468771
 20
647.869673
  0
POINT
  8
3
 10
1230.268835
 20
648.221813
  0
POINT
  8
3
 10
1230.076151
 20
648.577924
  0
POINT
  8
3
 10
1229.886422
 20
648.946636
  0
POINT
  8
3
 10
1229.708698
 20
649.310347
  0
POINT
  8
3
 10
1229.538401
 20
649.677590
  0
POINT
  8
3
 10
1229.375527
 20
650.048213
  0
POINT
  8
3
 10
1229.220072
 20
650.422067
  0
POINT
  8
3
 10
1229.062426
 20
650.824236
  0
POINT
  8
3
 10
1228.913209
 20
651.229729
  0
POINT
  8
3
 10
1228.772418
 20
651.638363
  0
POINT
  8
3
 10
1228.645172
 20
652.033529
  0
POINT
  8
3
 10
1228.528648
 20
652.421802
  0
POINT
  8
3
 10
1228.420038
 20
652.812329
  0
POINT
  8
3
 10
1228.319634
 20
653.204933
  0
POINT
  8
3
 10
1228.227729
 20
653.599441
  0
POINT
  8
3
 10
1228.144614
 20
653.995679
  0
POINT
  8
3
 10
1228.075230
 20
654.366905
  0
POINT
  8
3
 10
1228.013997
 20
654.739342
  0
POINT
  8
3
 10
1227.959163
 20
655.126841
  0
POINT
  8
3
 10
1227.908613
 20
655.548630
  0
POINT
  8
3
 10
1227.862835
 20
656.008590
  0
POINT
  8
3
 10
1227.824166
 20
656.489201
  0
POINT
  8
3
 10
1227.793253
 20
656.984059
  0
POINT
  8
3
 10
1227.771297
 20
657.472372
  0
POINT
  8
3
 10
1227.759705
 20
664.399543
  0
POINT
  8
3
 10
1227.759705
 20
674.554242
  0
POINT
  8
3
 10
1227.759705
 20
684.847676
  0
POINT
  8
3
 10
1227.759705
 20
694.989071
  0
POINT
  8
3
 10
1227.759705
 20
705.130480
  0
POINT
  8
3
 10
1227.759705
 20
715.399121
  0
POINT
  8
3
 10
1227.759705
 20
725.540522
  0
POINT
  8
3
 10
1227.759705
 20
735.681930
  0
POINT
  8
3
 10
1227.759705
 20
745.828998
  0
POINT
  8
3
 10
1227.759705
 20
755.970397
  0
POINT
  8
3
 10
1227.759705
 20
766.111783
  0
POINT
  8
3
 10
1227.759705
 20
776.615363
  0
POINT
  8
3
 10
1227.759705
 20
786.585534
  0
POINT
  8
3
 10
1227.759705
 20
796.726920
  0
POINT
  8
3
 10
1227.759705
 20
807.230505
  0
POINT
  8
3
 10
1227.759705
 20
817.243704
  0
POINT
  8
3
 10
1227.759705
 20
827.377163
  0
POINT
  8
3
 10
1232.423657
 20
837.921295
  0
POINT
  8
3
 10
1242.397909
 20
837.921295
  0
POINT
  8
3
 10
1263.775978
 20
822.904816
  0
POINT
  8
3
 10
1274.665511
 20
822.904816
  0
POINT
  8
3
 10
1285.261301
 20
822.904816
  0
POINT
  8
3
 10
1296.065045
 20
822.904816
  0
POINT
  8
3
 10
1306.518001
 20
822.904816
  0
POINT
  8
3
 10
1317.326977
 20
822.904816
  0
POINT
  8
3
 10
1328.253817
 20
822.904816
  0
POINT
  8
3
 10
1339.062776
 20
822.904816
  0
POINT
  8
3
 10
1349.515699
 20
822.904816
  0
POINT
  8
3
 10
1360.319415
 20
822.904816
  0
POINT
  8
3
 10
1370.915179
 20
822.904816
  0
POINT
  8
3
 10
1381.174559
 20
822.904816
  0
POINT
  8
3
 10
1390.951945
 20
822.904816
  0
POINT
  8
3
 10
1417.759705
 20
831.237751
  0
POINT
  8
3
 10
1417.759705
 20
821.211434
  0
POINT
  8
3
 10
1417.759705
 20
810.979030
  0
POINT
  8
3
 10
1417.759705
 20
800.744033
  0
POINT
  8
3
 10
1417.759705
 20
790.558105
  0
POINT
  8
3
 10
1417.759705
 20
780.372174
  0
POINT
  8
3
 10
1417.759705
 20
770.283286
  0
POINT
  8
3
 10
1417.759705
 20
760.097353
  0
POINT
  8
3
 10
1417.759705
 20
749.911422
  0
POINT
  8
3
 10
1417.759705
 20
739.563428
  0
POINT
  8
3
 10
1417.759705
 20
729.377502
  0
POINT
  8
3
 10
1417.759705
 20
718.827794
  0
POINT
  8
3
 10
1417.759705
 20
708.973946
  0
POINT
  8
3
 10
1417.759705
 20
698.788006
  0
POINT
  8
3
 10
1417.759705
 20
688.602070
  0
POINT
  8
3
 10
1417.759705
 20
678.406953
  0
POINT
  8
3
 10
1417.759705
 20
668.268852
  0
POINT
  8
3
 10
1417.735276
 20
657.164529
  0
POINT
  8
3
 10
1417.708156
 20
656.679207
  0
POINT
  8
3
 10
1417.674385
 20
656.216299
  0
POINT
  8
3
 10
1417.633679
 20
655.767036
  0
POINT
  8
3
 10
1417.588167
 20
655.350591
  0
POINT
  8
3
 10
1417.536651
 20
654.952438
  0
POINT
  8
3
 10
1417.478589
 20
654.569760
  0
POINT
  8
3
 10
1417.413618
 20
654.197859
  0
POINT
  8
3
 10
1417.340603
 20
653.827235
  0
POINT
  8
3
 10
1417.253717
 20
653.431717
  0
POINT
  8
3
 10
1417.158164
 20
653.037999
  0
POINT
  8
3
 10
1417.054236
 20
652.646262
  0
POINT
  8
3
 10
1416.942226
 20
652.256677
  0
POINT
  8
3
 10
1416.814170
 20
651.843687
  0
POINT
  8
3
 10
1416.683175
 20
651.449813
  0
POINT
  8
3
 10
1416.538498
 20
651.042605
  0
POINT
  8
3
 10
1416.385395
 20
650.638624
  0
POINT
  8
3
 10
1416.223859
 20
650.238049
  0
POINT
  8
3
 10
1416.064756
 20
649.865764
  0
POINT
  8
3
 10
1415.898234
 20
649.496787
  0
POINT
  8
3
 10
1415.724287
 20
649.131264
  0
POINT
  8
3
 10
1415.538423
 20
648.760618
  0
POINT
  8
3
 10
1415.349469
 20
648.402547
  0
POINT
  8
3
 10
1415.153210
 20
648.048374
  0
POINT
  8
3
 10
1414.949754
 20
647.698246
  0
POINT
  8
3
 10
1414.739205
 20
647.352301
  0
POINT
  8
3
 10
1414.521666
 20
647.010681
  0
POINT
  8
3
 10
1414.297245
 20
646.673532
  0
POINT
  8
3
 10
1414.066046
 20
646.340993
  0
POINT
  8
3
 10
1413.822323
 20
646.005321
  0
POINT
  8
3
 10
1413.577723
 20
645.682544
  0
POINT
  8
3
 10
1413.326658
 20
645.364784
  0
POINT
  8
3
 10
1413.069232
 20
645.052171
  0
POINT
  8
3
 10
1412.805550
 20
644.744833
  0
POINT
  8
3
 10
1412.535713
 20
644.442895
  0
POINT
  8
3
 10
1412.259826
 20
644.146487
  0
POINT
  8
3
 10
1411.977991
 20
643.855733
  0
POINT
  8
3
 10
1411.683268
 20
643.563927
  0
POINT
  8
3
 10
1411.389728
 20
643.284992
  0
POINT
  8
3
 10
1411.090595
 20
643.012056
  0
POINT
  8
3
 10
1410.785995
 20
642.745222
  0
POINT
  8
3
 10
1410.476055
 20
642.484592
  0
POINT
  8
3
 10
1410.160902
 20
642.230270
  0
POINT
  8
3
 10
1409.840662
 20
641.982358
  0
POINT
  8
3
 10
1409.507518
 20
641.735190
  0
POINT
  8
3
 10
1409.177373
 20
641.500571
  0
POINT
  8
3
 10
1408.842542
 20
641.272676
  0
POINT
  8
3
 10
1408.503169
 20
641.051612
  0
POINT
  8
3
 10
1408.159395
 20
640.837483
  0
POINT
  8
3
 10
1407.811365
 20
640.630396
  0
POINT
  8
3
 10
1407.459221
 20
640.430455
  0
POINT
  8
3
 10
1407.103107
 20
640.237765
  0
POINT
  8
3
 10
1406.734394
 20
640.048033
  0
POINT
  8
3
 10
1406.370683
 20
639.870307
  0
POINT
  8
3
 10
1406.003444
 20
639.700011
  0
POINT
  8
3
 10
1405.632824
 20
639.537138
  0
POINT
  8
3
 10
1405.258976
 20
639.381683
  0
POINT
  8
3
 10
1404.856814
 20
639.224038
  0
POINT
  8
3
 10
1404.451330
 20
639.074821
  0
POINT
  8
3
 10
1404.042705
 20
638.934029
  0
POINT
  8
3
 10
1403.647547
 20
638.806780
  0
POINT
  8
3
 10
1403.259283
 20
638.690253
  0
POINT
  8
3
 10
1402.868765
 20
638.581638
  0
POINT
  8
3
 10
1402.476169
 20
638.481228
  0
POINT
  8
3
 10
1402.081669
 20
638.389317
  0
POINT
  8
3
 10
1401.685440
 20
638.306196
  0
POINT
  8
3
 10
1401.314220
 20
638.236807
  0
POINT
  8
3
 10
1400.941788
 20
638.175569
  0
POINT
  8
3
 10
1400.554296
 20
638.120731
  0
POINT
  8
3
 10
1400.132512
 20
638.070177
  0
POINT
  8
3
 10
1399.672555
 20
638.024395
  0
POINT
  8
3
 10
1399.191947
 20
637.985723
  0
POINT
  8
3
 10
1398.697092
 20
637.954807
  0
POINT
  8
3
 10
1398.208780
 20
637.932851
  0
POINT
  8
3
 10
1389.419832
 20
637.921257
  0
POINT
  8
3
 10
1379.426151
 20
637.921257
  0
POINT
  8
3
 10
1369.234687
 20
637.921257
  0
POINT
  8
3
 10
1359.179082
 20
637.921257
  0
POINT
  8
3
 10
1349.123499
 20
637.921257
  0
POINT
  8
3
 10
1338.999245
 20
637.921257
  0
POINT
  8
3
 10
1328.943658
 20
637.921257
  0
POINT
  8
3
 10
1318.888055
 20
637.921257
  0
POINT
  8
3
 10
1308.689258
 20
637.921257
  0
POINT
  8
3
 10
1298.633640
 20
637.921257
  0
POINT
  8
3
 10
1288.578018
 20
637.921257
  0
POINT
  8
3
 10
1278.522400
 20
637.921257
  0
POINT
  8
3
 10
1268.307085
 20
637.921257
  0
POINT
  8
3
 10
1258.238574
 20
637.921257
 0
LINE
 8
7
 10
1316.903687
 20
795.416718
 11
1316.903687
 21
665.196075
  0
TEXT
  8
1
 10
1322.759705
 20
737.921276
 40
10.000000
 50
0.000000
  1
Piece Name: 26SMC-WP130M 展_后袋布小_175/84
  0
TEXT
  8
1
 10
1322.759705
 20
752.921276
 40
10.000000
 50
0.000000
  1
Size: 175/84
  0
TEXT
  8
1
 10
1322.759705
 20
767.921276
 40
10.000000
 50
0.000000
  1
Annotation: 
  0
TEXT
  8
1
 10
1322.759705
 20
782.921276
 40
10.000000
 50
0.000000
  1
Quantity: 1,1
  0
TEXT
  8
1
 10
1322.759705
 20
797.921276
 40
10.000000
 50
0.000000
  1
Material: TC
  0
TEXT
  8
1
 10
1322.759705
 20
797.921276
 40
10.000000
 50
0.000000
  1
Category: 4
0
ENDBLK
0
BLOCK
  8
1
  2
26SMC-WP130M 展_后袋布大_175/84
 70
0
 10
0.0
 20
0.0
  0
POLYLINE
  8
1
  66
1
  70
1
  0
VERTEX
  8
1
  10
1620.324249
  20
626.107292
  0
VERTEX
  8
1
  10
1620.006714
  20
626.118813
  0
VERTEX
  8
1
  10
1619.296570
  20
626.142883
  0
VERTEX
  8
1
  10
1618.640137
  20
626.179581
  0
VERTEX
  8
1
  10
1618.007202
  20
626.225777
  0
VERTEX
  8
1
  10
1617.377319
  20
626.282845
  0
VERTEX
  8
1
  10
1616.772614
  20
626.348991
  0
VERTEX
  8
1
  10
1616.168213
  20
626.427269
  0
VERTEX
  8
1
  10
1615.561523
  20
626.519318
  0
VERTEX
  8
1
  10
1614.974518
  20
626.621857
  0
VERTEX
  8
1
  10
1614.395142
  20
626.735992
  0
VERTEX
  8
1
  10
1613.783112
  20
626.870422
  0
VERTEX
  8
1
  10
1613.180084
  20
627.016754
  0
VERTEX
  8
1
  10
1612.586060
  20
627.174339
  0
VERTEX
  8
1
  10
1612.000885
  20
627.342529
  0
VERTEX
  8
1
  10
1611.386719
  20
627.532997
  0
VERTEX
  8
1
  10
1610.804443
  20
627.726593
  0
VERTEX
  8
1
  10
1610.201263
  20
627.940903
  0
VERTEX
  8
1
  10
1609.601288
  20
628.168335
  0
VERTEX
  8
1
  10
1609.004669
  20
628.408928
  0
VERTEX
  8
1
  10
1608.448639
  20
628.646584
  0
VERTEX
  8
1
  10
1607.895966
  20
628.895950
  0
VERTEX
  8
1
  10
1607.346954
  20
629.157219
  0
VERTEX
  8
1
  10
1606.788940
  20
629.437103
  0
VERTEX
  8
1
  10
1606.249695
  20
629.721642
  0
VERTEX
  8
1
  10
1605.716858
  20
630.016861
  0
VERTEX
  8
1
  10
1605.190735
  20
630.322609
  0
VERTEX
  8
1
  10
1604.671326
  20
630.638771
  0
VERTEX
  8
1
  10
1604.158630
  20
630.965233
  0
VERTEX
  8
1
  10
1603.652954
  20
631.301880
  0
VERTEX
  8
1
  10
1603.154297
  20
631.648560
  0
VERTEX
  8
1
  10
1602.650909
  20
632.014008
  0
VERTEX
  8
1
  10
1602.167053
  20
632.380676
  0
VERTEX
  8
1
  10
1601.690826
  20
632.756996
  0
VERTEX
  8
1
  10
1601.222229
  20
633.142853
  0
VERTEX
  8
1
  10
1600.761414
  20
633.538170
  0
VERTEX
  8
1
  10
1600.308685
  20
633.942795
  0
VERTEX
  8
1
  10
1599.864044
  20
634.356689
  0
VERTEX
  8
1
  10
1599.427490
  20
634.779739
  0
VERTEX
  8
1
  10
1598.989410
  20
635.222282
  0
VERTEX
  8
1
  10
1598.570862
  20
635.662766
  0
VERTEX
  8
1
  10
1598.161469
  20
636.111450
  0
VERTEX
  8
1
  10
1597.761383
  20
636.568184
  0
VERTEX
  8
1
  10
1597.370605
  20
637.032814
  0
VERTEX
  8
1
  10
1596.989441
  20
637.505188
  0
VERTEX
  8
1
  10
1596.617889
  20
637.985229
  0
VERTEX
  8
1
  10
1596.247253
  20
638.484726
  0
VERTEX
  8
1
  10
1595.895538
  20
638.979759
  0
VERTEX
  8
1
  10
1595.553741
  20
639.481926
  0
VERTEX
  8
1
  10
1595.222015
  20
639.991112
  0
VERTEX
  8
1
  10
1594.900665
  20
640.507126
  0
VERTEX
  8
1
  10
1594.589539
  20
641.029968
  0
VERTEX
  8
1
  10
1594.288940
  20
641.559372
  0
VERTEX
  8
1
  10
1593.999023
  20
642.095413
  0
VERTEX
  8
1
  10
1593.713074
  20
642.650909
  0
VERTEX
  8
1
  10
1593.445740
  20
643.197937
  0
VERTEX
  8
1
  10
1593.190460
  20
643.748703
  0
VERTEX
  8
1
  10
1592.946777
  20
644.303055
  0
VERTEX
  8
1
  10
1592.714996
  20
644.860687
  0
VERTEX
  8
1
  10
1592.480469
  20
645.458908
  0
VERTEX
  8
1
  10
1592.259064
  20
646.060410
  0
VERTEX
  8
1
  10
1592.050781
  20
646.664886
  0
VERTEX
  8
1
  10
1591.862488
  20
647.249832
  0
VERTEX
  8
1
  10
1591.688385
  20
647.829742
  0
VERTEX
  8
1
  10
1591.524658
  20
648.418579
  0
VERTEX
  8
1
  10
1591.371765
  20
649.016418
  0
VERTEX
  8
1
  10
1591.230469
  20
649.623260
  0
VERTEX
  8
1
  10
1591.101227
  20
650.239105
  0
VERTEX
  8
1
  10
1590.992279
  20
650.821915
  0
VERTEX
  8
1
  10
1590.895233
  20
651.412582
  0
VERTEX
  8
1
  10
1590.809479
  20
652.018051
  0
VERTEX
  8
1
  10
1590.734253
  20
652.644577
  0
VERTEX
  8
1
  10
1590.669098
  20
653.299789
  0
VERTEX
  8
1
  10
1590.615692
  20
653.963242
  0
VERTEX
  8
1
  10
1590.573730
  20
654.633942
  0
VERTEX
  8
1
  10
1590.543823
  20
655.298767
  0
VERTEX
  8
1
  10
1590.532074
  20
655.734253
  0
VERTEX
  8
1
  10
1590.525818
  20
655.939941
  0
VERTEX
  8
1
  10
1590.525818
  20
657.685089
  0
VERTEX
  8
1
  10
1590.525818
  20
662.585602
  0
VERTEX
  8
1
  10
1590.525818
  20
672.740326
  0
VERTEX
  8
1
  10
1590.525818
  20
683.033752
  0
VERTEX
  8
1
  10
1590.525818
  20
693.175201
  0
VERTEX
  8
1
  10
1590.525818
  20
703.316574
  0
VERTEX
  8
1
  10
1590.525818
  20
713.585205
  0
VERTEX
  8
1
  10
1590.525818
  20
723.726578
  0
VERTEX
  8
1
  10
1590.525818
  20
733.867950
  0
VERTEX
  8
1
  10
1590.525818
  20
744.015045
  0
VERTEX
  8
1
  10
1590.525818
  20
754.156418
  0
VERTEX
  8
1
  10
1590.525818
  20
764.297791
  0
VERTEX
  8
1
  10
1590.525818
  20
774.801407
  0
VERTEX
  8
1
  10
1590.525818
  20
784.771576
  0
VERTEX
  8
1
  10
1590.525818
  20
794.912949
  0
VERTEX
  8
1
  10
1590.525818
  20
805.416565
  0
VERTEX
  8
1
  10
1590.525818
  20
815.429764
  0
VERTEX
  8
1
  10
1590.525818
  20
825.563202
  0
VERTEX
  8
1
  10
1590.525818
  20
835.971298
  0
VERTEX
  8
1
  10
1590.525818
  20
846.107330
  0
VERTEX
  8
1
  10
1600.402985
  20
846.107330
  0
VERTEX
  8
1
  10
1610.034637
  20
846.107330
  0
VERTEX
  8
1
  10
1619.907379
  20
846.107330
  0
VERTEX
  8
1
  10
1630.213318
  20
846.107330
  0
VERTEX
  8
1
  10
1642.065582
  20
846.107330
  0
VERTEX
  8
1
  10
1652.444153
  20
846.107330
  0
VERTEX
  8
1
  10
1663.441315
  20
846.107330
  0
VERTEX
  8
1
  10
1674.891815
  20
846.107330
  0
VERTEX
  8
1
  10
1686.631165
  20
846.107330
  0
VERTEX
  8
1
  10
1698.494110
  20
846.107330
  0
VERTEX
  8
1
  10
1710.315857
  20
846.107330
  0
VERTEX
  8
1
  10
1721.931458
  20
846.107330
  0
VERTEX
  8
1
  10
1733.175964
  20
846.107330
  0
VERTEX
  8
1
  10
1743.884430
  20
846.107330
  0
VERTEX
  8
1
  10
1756.264954
  20
846.107330
  0
VERTEX
  8
1
  10
1767.228088
  20
846.107330
  0
VERTEX
  8
1
  10
1778.059387
  20
846.107330
  0
VERTEX
  8
1
  10
1789.909210
  20
846.107330
  0
VERTEX
  8
1
  10
1800.525818
  20
846.107330
  0
VERTEX
  8
1
  10
1800.525818
  20
836.936417
  0
VERTEX
  8
1
  10
1800.525818
  20
829.423752
  0
VERTEX
  8
1
  10
1800.525818
  20
819.397430
  0
VERTEX
  8
1
  10
1800.525818
  20
809.165039
  0
VERTEX
  8
1
  10
1800.525818
  20
798.930054
  0
VERTEX
  8
1
  10
1800.525818
  20
788.744125
  0
VERTEX
  8
1
  10
1800.525818
  20
778.558197
  0
VERTEX
  8
1
  10
1800.525818
  20
768.469315
  0
VERTEX
  8
1
  10
1800.525818
  20
758.283386
  0
VERTEX
  8
1
  10
1800.525818
  20
748.097458
  0
VERTEX
  8
1
  10
1800.525818
  20
737.749481
  0
VERTEX
  8
1
  10
1800.525818
  20
727.563553
  0
VERTEX
  8
1
  10
1800.525818
  20
717.013779
  0
VERTEX
  8
1
  10
1800.525818
  20
707.159958
  0
VERTEX
  8
1
  10
1800.525818
  20
696.974030
  0
VERTEX
  8
1
  10
1800.525818
  20
686.788101
  0
VERTEX
  8
1
  10
1800.525818
  20
676.593018
  0
VERTEX
  8
1
  10
1800.525818
  20
666.454849
  0
VERTEX
  8
1
  10
1800.525818
  20
658.643799
  0
VERTEX
  8
1
  10
1800.525818
  20
655.905838
  0
VERTEX
  8
1
  10
1800.514374
  20
655.588226
  0
VERTEX
  8
1
  10
1800.490265
  20
654.878006
  0
VERTEX
  8
1
  10
1800.453491
  20
654.221573
  0
VERTEX
  8
1
  10
1800.407257
  20
653.588562
  0
VERTEX
  8
1
  10
1800.350189
  20
652.958679
  0
VERTEX
  8
1
  10
1800.284119
  20
652.353973
  0
VERTEX
  8
1
  10
1800.205841
  20
651.749496
  0
VERTEX
  8
1
  10
1800.113831
  20
651.142883
  0
VERTEX
  8
1
  10
1800.011292
  20
650.555801
  0
VERTEX
  8
1
  10
1799.897156
  20
649.976425
  0
VERTEX
  8
1
  10
1799.762726
  20
649.364395
  0
VERTEX
  8
1
  10
1799.616241
  20
648.761368
  0
VERTEX
  8
1
  10
1799.458771
  20
648.167343
  0
VERTEX
  8
1
  10
1799.290466
  20
647.582245
  0
VERTEX
  8
1
  10
1799.100037
  20
646.968002
  0
VERTEX
  8
1
  10
1798.906403
  20
646.385803
  0
VERTEX
  8
1
  10
1798.692169
  20
645.782623
  0
VERTEX
  8
1
  10
1798.464661
  20
645.182571
  0
VERTEX
  8
1
  10
1798.224182
  20
644.585953
  0
VERTEX
  8
1
  10
1797.986450
  20
644.029922
  0
VERTEX
  8
1
  10
1797.737122
  20
643.477325
  0
VERTEX
  8
1
  10
1797.475891
  20
642.928391
  0
VERTEX
  8
1
  10
1797.195892
  20
642.370224
  0
VERTEX
  8
1
  10
1796.911469
  20
641.831055
  0
VERTEX
  8
1
  10
1796.616211
  20
641.298294
  0
VERTEX
  8
1
  10
1796.310425
  20
640.772095
  0
VERTEX
  8
1
  10
1795.994263
  20
640.252686
  0
VERTEX
  8
1
  10
1795.667877
  20
639.739990
  0
VERTEX
  8
1
  10
1795.331116
  20
639.234276
  0
VERTEX
  8
1
  10
1794.984436
  20
638.735580
  0
VERTEX
  8
1
  10
1794.618988
  20
638.232307
  0
VERTEX
  8
1
  10
1794.252319
  20
637.748413
  0
VERTEX
  8
1
  10
1793.876038
  20
637.272148
  0
VERTEX
  8
1
  10
1793.490143
  20
636.803551
  0
VERTEX
  8
1
  10
1793.094788
  20
636.342812
  0
VERTEX
  8
1
  10
1792.690125
  20
635.890007
  0
VERTEX
  8
1
  10
1792.276306
  20
635.445328
  0
VERTEX
  8
1
  10
1791.853180
  20
635.008888
  0
VERTEX
  8
1
  10
1791.410675
  20
634.570770
  0
VERTEX
  8
1
  10
1790.970154
  20
634.152184
  0
VERTEX
  8
1
  10
1790.521545
  20
633.742828
  0
VERTEX
  8
1
  10
1790.064850
  20
633.342743
  0
VERTEX
  8
1
  10
1789.600220
  20
632.952042
  0
VERTEX
  8
1
  10
1789.127808
  20
632.570877
  0
VERTEX
  8
1
  10
1788.647766
  20
632.199249
  0
VERTEX
  8
1
  10
1788.148346
  20
631.828728
  0
VERTEX
  8
1
  10
1787.653198
  20
631.476936
  0
VERTEX
  8
1
  10
1787.151031
  20
631.135139
  0
VERTEX
  8
1
  10
1786.641998
  20
630.803490
  0
VERTEX
  8
1
  10
1786.125946
  20
630.482063
  0
VERTEX
  8
1
  10
1785.603027
  20
630.170975
  0
VERTEX
  8
1
  10
1785.073700
  20
629.870377
  0
VERTEX
  8
1
  10
1784.537659
  20
629.580383
  0
VERTEX
  8
1
  10
1783.982239
  20
629.294548
  0
VERTEX
  8
1
  10
1783.435211
  20
629.027252
  0
VERTEX
  8
1
  10
1782.884369
  20
628.771820
  0
VERTEX
  8
1
  10
1782.330017
  20
628.528214
  0
VERTEX
  8
1
  10
1781.772308
  20
628.296356
  0
VERTEX
  8
1
  10
1781.174164
  20
628.061829
  0
VERTEX
  8
1
  10
1780.572662
  20
627.840500
  0
VERTEX
  8
1
  10
1779.968109
  20
627.632217
  0
VERTEX
  8
1
  10
1779.383087
  20
627.443848
  0
VERTEX
  8
1
  10
1778.803253
  20
627.269821
  0
VERTEX
  8
1
  10
1778.214264
  20
627.106056
  0
VERTEX
  8
1
  10
1777.616425
  20
626.953201
  0
VERTEX
  8
1
  10
1777.009583
  20
626.811829
  0
VERTEX
  8
1
  10
1776.393738
  20
626.682663
  0
VERTEX
  8
1
  10
1775.811005
  20
626.573753
  0
VERTEX
  8
1
  10
1775.220337
  20
626.476631
  0
VERTEX
  8
1
  10
1774.614868
  20
626.390915
  0
VERTEX
  8
1
  10
1773.988342
  20
626.315765
  0
VERTEX
  8
1
  10
1773.333130
  20
626.250534
  0
VERTEX
  8
1
  10
1772.669678
  20
626.197128
  0
VERTEX
  8
1
  10
1771.999054
  20
626.155205
  0
VERTEX
  8
1
  10
1771.334229
  20
626.125336
  0
VERTEX
  8
1
  10
1770.898743
  20
626.113472
  0
VERTEX
  8
1
  10
1770.693054
  20
626.107292
  0
VERTEX
  8
1
  10
1768.482513
  20
626.107292
  0
VERTEX
  8
1
  10
1762.185974
  20
626.107292
  0
VERTEX
  8
1
  10
1752.192383
  20
626.107292
  0
VERTEX
  8
1
  10
1742.000885
  20
626.107292
  0
VERTEX
  8
1
  10
1731.945190
  20
626.107292
  0
VERTEX
  8
1
  10
1721.889648
  20
626.107292
  0
VERTEX
  8
1
  10
1711.765289
  20
626.107292
  0
VERTEX
  8
1
  10
1701.709747
  20
626.107292
  0
VERTEX
  8
1
  10
1691.654205
  20
626.107292
  0
VERTEX
  8
1
  10
1681.455231
  20
626.107292
  0
VERTEX
  8
1
  10
1671.399536
  20
626.107292
  0
VERTEX
  8
1
  10
1661.343994
  20
626.107292
  0
VERTEX
  8
1
  10
1651.288300
  20
626.107292
  0
VERTEX
  8
1
  10
1641.073151
  20
626.107292
  0
VERTEX
  8
1
  10
1631.004639
  20
626.107292
  0
VERTEX
  8
1
  10
1623.095093
  20
626.107292
  0
SEQEND
  8
1
  0
POINT
  8
2
 10
1620.324249
 20
626.107292
  0
TEXT
  8
2
 10
1620.324249
 20
626.107292
 40
0.000000
 50
0.000000
  1
# 195
  0
POINT
  8
2
 10
1590.525818
 20
655.939941
  0
TEXT
  8
2
 10
1590.525818
 20
655.939941
 40
0.000000
 50
0.000000
  1
# 196
  0
POINT
  8
2
 10
1590.525818
 20
846.107330
  0
TEXT
  8
2
 10
1590.525818
 20
846.107330
 40
0.000000
 50
0.000000
  1
# 197
  0
POINT
  8
2
 10
1800.525818
 20
846.107330
  0
TEXT
  8
2
 10
1800.525818
 20
846.107330
 40
0.000000
 50
0.000000
  1
# 198
  0
POINT
  8
2
 10
1800.525818
 20
655.905838
  0
TEXT
  8
2
 10
1800.525818
 20
655.905838
 40
0.000000
 50
0.000000
  1
# 199
  0
POINT
  8
2
 10
1770.693054
 20
626.107292
  0
TEXT
  8
2
 10
1770.693054
 20
626.107292
 40
0.000000
 50
0.000000
  1
# 200
  0
POINT
  8
3
 10
1620.006714
 20
626.118813
  0
POINT
  8
3
 10
1619.296570
 20
626.142883
  0
POINT
  8
3
 10
1618.640137
 20
626.179581
  0
POINT
  8
3
 10
1618.007202
 20
626.225777
  0
POINT
  8
3
 10
1617.377319
 20
626.282845
  0
POINT
  8
3
 10
1616.772614
 20
626.348991
  0
POINT
  8
3
 10
1616.168213
 20
626.427269
  0
POINT
  8
3
 10
1615.561523
 20
626.519318
  0
POINT
  8
3
 10
1614.974518
 20
626.621857
  0
POINT
  8
3
 10
1614.395142
 20
626.735992
  0
POINT
  8
3
 10
1613.783112
 20
626.870422
  0
POINT
  8
3
 10
1613.180084
 20
627.016754
  0
POINT
  8
3
 10
1612.586060
 20
627.174339
  0
POINT
  8
3
 10
1612.000885
 20
627.342529
  0
POINT
  8
3
 10
1611.386719
 20
627.532997
  0
POINT
  8
3
 10
1610.804443
 20
627.726593
  0
POINT
  8
3
 10
1610.201263
 20
627.940903
  0
POINT
  8
3
 10
1609.601288
 20
628.168335
  0
POINT
  8
3
 10
1609.004669
 20
628.408928
  0
POINT
  8
3
 10
1608.448639
 20
628.646584
  0
POINT
  8
3
 10
1607.895966
 20
628.895950
  0
POINT
  8
3
 10
1607.346954
 20
629.157219
  0
POINT
  8
3
 10
1606.788940
 20
629.437103
  0
POINT
  8
3
 10
1606.249695
 20
629.721642
  0
POINT
  8
3
 10
1605.716858
 20
630.016861
  0
POINT
  8
3
 10
1605.190735
 20
630.322609
  0
POINT
  8
3
 10
1604.671326
 20
630.638771
  0
POINT
  8
3
 10
1604.158630
 20
630.965233
  0
POINT
  8
3
 10
1603.652954
 20
631.301880
  0
POINT
  8
3
 10
1603.154297
 20
631.648560
  0
POINT
  8
3
 10
1602.650909
 20
632.014008
  0
POINT
  8
3
 10
1602.167053
 20
632.380676
  0
POINT
  8
3
 10
1601.690826
 20
632.756996
  0
POINT
  8
3
 10
1601.222229
 20
633.142853
  0
POINT
  8
3
 10
1600.761414
 20
633.538170
  0
POINT
  8
3
 10
1600.308685
 20
633.942795
  0
POINT
  8
3
 10
1599.864044
 20
634.356689
  0
POINT
  8
3
 10
1599.427490
 20
634.779739
  0
POINT
  8
3
 10
1598.989410
 20
635.222282
  0
POINT
  8
3
 10
1598.570862
 20
635.662766
  0
POINT
  8
3
 10
1598.161469
 20
636.111450
  0
POINT
  8
3
 10
1597.761383
 20
636.568184
  0
POINT
  8
3
 10
1597.370605
 20
637.032814
  0
POINT
  8
3
 10
1596.989441
 20
637.505188
  0
POINT
  8
3
 10
1596.617889
 20
637.985229
  0
POINT
  8
3
 10
1596.247253
 20
638.484726
  0
POINT
  8
3
 10
1595.895538
 20
638.979759
  0
POINT
  8
3
 10
1595.553741
 20
639.481926
  0
POINT
  8
3
 10
1595.222015
 20
639.991112
  0
POINT
  8
3
 10
1594.900665
 20
640.507126
  0
POINT
  8
3
 10
1594.589539
 20
641.029968
  0
POINT
  8
3
 10
1594.288940
 20
641.559372
  0
POINT
  8
3
 10
1593.999023
 20
642.095413
  0
POINT
  8
3
 10
1593.713074
 20
642.650909
  0
POINT
  8
3
 10
1593.445740
 20
643.197937
  0
POINT
  8
3
 10
1593.190460
 20
643.748703
  0
POINT
  8
3
 10
1592.946777
 20
644.303055
  0
POINT
  8
3
 10
1592.714996
 20
644.860687
  0
POINT
  8
3
 10
1592.480469
 20
645.458908
  0
POINT
  8
3
 10
1592.259064
 20
646.060410
  0
POINT
  8
3
 10
1592.050781
 20
646.664886
  0
POINT
  8
3
 10
1591.862488
 20
647.249832
  0
POINT
  8
3
 10
1591.688385
 20
647.829742
  0
POINT
  8
3
 10
1591.524658
 20
648.418579
  0
POINT
  8
3
 10
1591.371765
 20
649.016418
  0
POINT
  8
3
 10
1591.230469
 20
649.623260
  0
POINT
  8
3
 10
1591.101227
 20
650.239105
  0
POINT
  8
3
 10
1590.992279
 20
650.821915
  0
POINT
  8
3
 10
1590.895233
 20
651.412582
  0
POINT
  8
3
 10
1590.809479
 20
652.018051
  0
POINT
  8
3
 10
1590.734253
 20
652.644577
  0
POINT
  8
3
 10
1590.669098
 20
653.299789
  0
POINT
  8
3
 10
1590.615692
 20
653.963242
  0
POINT
  8
3
 10
1590.573730
 20
654.633942
  0
POINT
  8
3
 10
1590.543823
 20
655.298767
  0
POINT
  8
3
 10
1590.532074
 20
655.734253
  0
POINT
  8
3
 10
1590.525818
 20
657.685089
  0
POINT
  8
3
 10
1590.525818
 20
662.585602
  0
POINT
  8
3
 10
1590.525818
 20
672.740326
  0
POINT
  8
3
 10
1590.525818
 20
683.033752
  0
POINT
  8
3
 10
1590.525818
 20
693.175201
  0
POINT
  8
3
 10
1590.525818
 20
703.316574
  0
POINT
  8
3
 10
1590.525818
 20
713.585205
  0
POINT
  8
3
 10
1590.525818
 20
723.726578
  0
POINT
  8
3
 10
1590.525818
 20
733.867950
  0
POINT
  8
3
 10
1590.525818
 20
744.015045
  0
POINT
  8
3
 10
1590.525818
 20
754.156418
  0
POINT
  8
3
 10
1590.525818
 20
764.297791
  0
POINT
  8
3
 10
1590.525818
 20
774.801407
  0
POINT
  8
3
 10
1590.525818
 20
784.771576
  0
POINT
  8
3
 10
1590.525818
 20
794.912949
  0
POINT
  8
3
 10
1590.525818
 20
805.416565
  0
POINT
  8
3
 10
1590.525818
 20
815.429764
  0
POINT
  8
3
 10
1590.525818
 20
825.563202
  0
POINT
  8
3
 10
1590.525818
 20
835.971298
  0
POINT
  8
3
 10
1600.402985
 20
846.107330
  0
POINT
  8
3
 10
1610.034637
 20
846.107330
  0
POINT
  8
3
 10
1619.907379
 20
846.107330
  0
POINT
  8
3
 10
1630.213318
 20
846.107330
  0
POINT
  8
3
 10
1642.065582
 20
846.107330
  0
POINT
  8
3
 10
1652.444153
 20
846.107330
  0
POINT
  8
3
 10
1663.441315
 20
846.107330
  0
POINT
  8
3
 10
1674.891815
 20
846.107330
  0
POINT
  8
3
 10
1686.631165
 20
846.107330
  0
POINT
  8
3
 10
1698.494110
 20
846.107330
  0
POINT
  8
3
 10
1710.315857
 20
846.107330
  0
POINT
  8
3
 10
1721.931458
 20
846.107330
  0
POINT
  8
3
 10
1733.175964
 20
846.107330
  0
POINT
  8
3
 10
1743.884430
 20
846.107330
  0
POINT
  8
3
 10
1756.264954
 20
846.107330
  0
POINT
  8
3
 10
1767.228088
 20
846.107330
  0
POINT
  8
3
 10
1778.059387
 20
846.107330
  0
POINT
  8
3
 10
1789.909210
 20
846.107330
  0
POINT
  8
3
 10
1800.525818
 20
836.936417
  0
POINT
  8
3
 10
1800.525818
 20
829.423752
  0
POINT
  8
3
 10
1800.525818
 20
819.397430
  0
POINT
  8
3
 10
1800.525818
 20
809.165039
  0
POINT
  8
3
 10
1800.525818
 20
798.930054
  0
POINT
  8
3
 10
1800.525818
 20
788.744125
  0
POINT
  8
3
 10
1800.525818
 20
778.558197
  0
POINT
  8
3
 10
1800.525818
 20
768.469315
  0
POINT
  8
3
 10
1800.525818
 20
758.283386
  0
POINT
  8
3
 10
1800.525818
 20
748.097458
  0
POINT
  8
3
 10
1800.525818
 20
737.749481
  0
POINT
  8
3
 10
1800.525818
 20
727.563553
  0
POINT
  8
3
 10
1800.525818
 20
717.013779
  0
POINT
  8
3
 10
1800.525818
 20
707.159958
  0
POINT
  8
3
 10
1800.525818
 20
696.974030
  0
POINT
  8
3
 10
1800.525818
 20
686.788101
  0
POINT
  8
3
 10
1800.525818
 20
676.593018
  0
POINT
  8
3
 10
1800.525818
 20
666.454849
  0
POINT
  8
3
 10
1800.525818
 20
658.643799
  0
POINT
  8
3
 10
1800.514374
 20
655.588226
  0
POINT
  8
3
 10
1800.490265
 20
654.878006
  0
POINT
  8
3
 10
1800.453491
 20
654.221573
  0
POINT
  8
3
 10
1800.407257
 20
653.588562
  0
POINT
  8
3
 10
1800.350189
 20
652.958679
  0
POINT
  8
3
 10
1800.284119
 20
652.353973
  0
POINT
  8
3
 10
1800.205841
 20
651.749496
  0
POINT
  8
3
 10
1800.113831
 20
651.142883
  0
POINT
  8
3
 10
1800.011292
 20
650.555801
  0
POINT
  8
3
 10
1799.897156
 20
649.976425
  0
POINT
  8
3
 10
1799.762726
 20
649.364395
  0
POINT
  8
3
 10
1799.616241
 20
648.761368
  0
POINT
  8
3
 10
1799.458771
 20
648.167343
  0
POINT
  8
3
 10
1799.290466
 20
647.582245
  0
POINT
  8
3
 10
1799.100037
 20
646.968002
  0
POINT
  8
3
 10
1798.906403
 20
646.385803
  0
POINT
  8
3
 10
1798.692169
 20
645.782623
  0
POINT
  8
3
 10
1798.464661
 20
645.182571
  0
POINT
  8
3
 10
1798.224182
 20
644.585953
  0
POINT
  8
3
 10
1797.986450
 20
644.029922
  0
POINT
  8
3
 10
1797.737122
 20
643.477325
  0
POINT
  8
3
 10
1797.475891
 20
642.928391
  0
POINT
  8
3
 10
1797.195892
 20
642.370224
  0
POINT
  8
3
 10
1796.911469
 20
641.831055
  0
POINT
  8
3
 10
1796.616211
 20
641.298294
  0
POINT
  8
3
 10
1796.310425
 20
640.772095
  0
POINT
  8
3
 10
1795.994263
 20
640.252686
  0
POINT
  8
3
 10
1795.667877
 20
639.739990
  0
POINT
  8
3
 10
1795.331116
 20
639.234276
  0
POINT
  8
3
 10
1794.984436
 20
638.735580
  0
POINT
  8
3
 10
1794.618988
 20
638.232307
  0
POINT
  8
3
 10
1794.252319
 20
637.748413
  0
POINT
  8
3
 10
1793.876038
 20
637.272148
  0
POINT
  8
3
 10
1793.490143
 20
636.803551
  0
POINT
  8
3
 10
1793.094788
 20
636.342812
  0
POINT
  8
3
 10
1792.690125
 20
635.890007
  0
POINT
  8
3
 10
1792.276306
 20
635.445328
  0
POINT
  8
3
 10
1791.853180
 20
635.008888
  0
POINT
  8
3
 10
1791.410675
 20
634.570770
  0
POINT
  8
3
 10
1790.970154
 20
634.152184
  0
POINT
  8
3
 10
1790.521545
 20
633.742828
  0
POINT
  8
3
 10
1790.064850
 20
633.342743
  0
POINT
  8
3
 10
1789.600220
 20
632.952042
  0
POINT
  8
3
 10
1789.127808
 20
632.570877
  0
POINT
  8
3
 10
1788.647766
 20
632.199249
  0
POINT
  8
3
 10
1788.148346
 20
631.828728
  0
POINT
  8
3
 10
1787.653198
 20
631.476936
  0
POINT
  8
3
 10
1787.151031
 20
631.135139
  0
POINT
  8
3
 10
1786.641998
 20
630.803490
  0
POINT
  8
3
 10
1786.125946
 20
630.482063
  0
POINT
  8
3
 10
1785.603027
 20
630.170975
  0
POINT
  8
3
 10
1785.073700
 20
629.870377
  0
POINT
  8
3
 10
1784.537659
 20
629.580383
  0
POINT
  8
3
 10
1783.982239
 20
629.294548
  0
POINT
  8
3
 10
1783.435211
 20
629.027252
  0
POINT
  8
3
 10
1782.884369
 20
628.771820
  0
POINT
  8
3
 10
1782.330017
 20
628.528214
  0
POINT
  8
3
 10
1781.772308
 20
628.296356
  0
POINT
  8
3
 10
1781.174164
 20
628.061829
  0
POINT
  8
3
 10
1780.572662
 20
627.840500
  0
POINT
  8
3
 10
1779.968109
 20
627.632217
  0
POINT
  8
3
 10
1779.383087
 20
627.443848
  0
POINT
  8
3
 10
1778.803253
 20
627.269821
  0
POINT
  8
3
 10
1778.214264
 20
627.106056
  0
POINT
  8
3
 10
1777.616425
 20
626.953201
  0
POINT
  8
3
 10
1777.009583
 20
626.811829
  0
POINT
  8
3
 10
1776.393738
 20
626.682663
  0
POINT
  8
3
 10
1775.811005
 20
626.573753
  0
POINT
  8
3
 10
1775.220337
 20
626.476631
  0
POINT
  8
3
 10
1774.614868
 20
626.390915
  0
POINT
  8
3
 10
1773.988342
 20
626.315765
  0
POINT
  8
3
 10
1773.333130
 20
626.250534
  0
POINT
  8
3
 10
1772.669678
 20
626.197128
  0
POINT
  8
3
 10
1771.999054
 20
626.155205
  0
POINT
  8
3
 10
1771.334229
 20
626.125336
  0
POINT
  8
3
 10
1770.898743
 20
626.113472
  0
POINT
  8
3
 10
1768.482513
 20
626.107292
  0
POINT
  8
3
 10
1762.185974
 20
626.107292
  0
POINT
  8
3
 10
1752.192383
 20
626.107292
  0
POINT
  8
3
 10
1742.000885
 20
626.107292
  0
POINT
  8
3
 10
1731.945190
 20
626.107292
  0
POINT
  8
3
 10
1721.889648
 20
626.107292
  0
POINT
  8
3
 10
1711.765289
 20
626.107292
  0
POINT
  8
3
 10
1701.709747
 20
626.107292
  0
POINT
  8
3
 10
1691.654205
 20
626.107292
  0
POINT
  8
3
 10
1681.455231
 20
626.107292
  0
POINT
  8
3
 10
1671.399536
 20
626.107292
  0
POINT
  8
3
 10
1661.343994
 20
626.107292
  0
POINT
  8
3
 10
1651.288300
 20
626.107292
  0
POINT
  8
3
 10
1641.073151
 20
626.107292
  0
POINT
  8
3
 10
1631.004639
 20
626.107292
  0
POINT
  8
3
 10
1623.095093
 20
626.107292
  0
POLYLINE
  8
14
  66
1
  70
1
  0
VERTEX
  8
14
  10
1620.525665
  20
636.107292
  0
VERTEX
  8
14
  10
1619.769074
  20
636.131720
  0
VERTEX
  8
14
  10
1619.283757
  20
636.158840
  0
VERTEX
  8
14
  10
1618.820850
  20
636.192612
  0
VERTEX
  8
14
  10
1618.371586
  20
636.233317
  0
VERTEX
  8
14
  10
1617.955139
  20
636.278829
  0
VERTEX
  8
14
  10
1617.556979
  20
636.330346
  0
VERTEX
  8
14
  10
1617.174294
  20
636.388408
  0
VERTEX
  8
14
  10
1616.802383
  20
636.453381
  0
VERTEX
  8
14
  10
1616.431750
  20
636.526396
  0
VERTEX
  8
14
  10
1616.036218
  20
636.613282
  0
VERTEX
  8
14
  10
1615.642491
  20
636.708835
  0
VERTEX
  8
14
  10
1615.250742
  20
636.812763
  0
VERTEX
  8
14
  10
1614.861148
  20
636.924772
  0
VERTEX
  8
14
  10
1614.448151
  20
637.052827
  0
VERTEX
  8
14
  10
1614.054273
  20
637.183820
  0
VERTEX
  8
14
  10
1613.647068
  20
637.328494
  0
VERTEX
  8
14
  10
1613.243089
  20
637.481594
  0
VERTEX
  8
14
  10
1612.842519
  20
637.643127
  0
VERTEX
  8
14
  10
1612.470242
  20
637.802227
  0
VERTEX
  8
14
  10
1612.101271
  20
637.968748
  0
VERTEX
  8
14
  10
1611.735754
  20
638.142693
  0
VERTEX
  8
14
  10
1611.365114
  20
638.328557
  0
VERTEX
  8
14
  10
1611.007047
  20
638.517513
  0
VERTEX
  8
14
  10
1610.652879
  20
638.713773
  0
VERTEX
  8
14
  10
1610.302751
  20
638.917231
  0
VERTEX
  8
14
  10
1609.956807
  20
639.127784
  0
VERTEX
  8
14
  10
1609.615187
  20
639.345326
  0
VERTEX
  8
14
  10
1609.278035
  20
639.569752
  0
VERTEX
  8
14
  10
1608.945493
  20
639.800957
  0
VERTEX
  8
14
  10
1608.609817
  20
640.044684
  0
VERTEX
  8
14
  10
1608.287033
  20
640.289290
  0
VERTEX
  8
14
  10
1607.969267
  20
640.540360
  0
VERTEX
  8
14
  10
1607.656648
  20
640.797791
  0
VERTEX
  8
14
  10
1607.349302
  20
641.061479
  0
VERTEX
  8
14
  10
1607.047357
  20
641.331322
  0
VERTEX
  8
14
  10
1606.750942
  20
641.607216
  0
VERTEX
  8
14
  10
1606.460184
  20
641.889058
  0
VERTEX
  8
14
  10
1606.168373
  20
642.183789
  0
VERTEX
  8
14
  10
1605.889437
  20
642.477335
  0
VERTEX
  8
14
  10
1605.616500
  20
642.776475
  0
VERTEX
  8
14
  10
1605.349666
  20
643.081081
  0
VERTEX
  8
14
  10
1605.089039
  20
643.391026
  0
VERTEX
  8
14
  10
1604.834720
  20
643.706183
  0
VERTEX
  8
14
  10
1604.586813
  20
644.026424
  0
VERTEX
  8
14
  10
1604.339652
  20
644.359565
  0
VERTEX
  8
14
  10
1604.105040
  20
644.689706
  0
VERTEX
  8
14
  10
1603.877154
  20
645.024531
  0
VERTEX
  8
14
  10
1603.656098
  20
645.363898
  0
VERTEX
  8
14
  10
1603.441979
  20
645.707663
  0
VERTEX
  8
14
  10
1603.234901
  20
646.055686
  0
VERTEX
  8
14
  10
1603.034969
  20
646.407822
  0
VERTEX
  8
14
  10
1602.842289
  20
646.763931
  0
VERTEX
  8
14
  10
1602.652565
  20
647.132641
  0
VERTEX
  8
14
  10
1602.474847
  20
647.496351
  0
VERTEX
  8
14
  10
1602.304556
  20
647.863592
  0
VERTEX
  8
14
  10
1602.141689
  20
648.234215
  0
VERTEX
  8
14
  10
1601.986239
  20
648.608069
  0
VERTEX
  8
14
  10
1601.828597
  20
649.010239
  0
VERTEX
  8
14
  10
1601.679384
  20
649.415731
  0
VERTEX
  8
14
  10
1601.538594
  20
649.824366
  0
VERTEX
  8
14
  10
1601.411347
  20
650.219533
  0
VERTEX
  8
14
  10
1601.294821
  20
650.607807
  0
VERTEX
  8
14
  10
1601.186206
  20
650.998334
  0
VERTEX
  8
14
  10
1601.085796
  20
651.390939
  0
VERTEX
  8
14
  10
1600.993884
  20
651.785448
  0
VERTEX
  8
14
  10
1600.910762
  20
652.181686
  0
VERTEX
  8
14
  10
1600.841372
  20
652.552915
  0
VERTEX
  8
14
  10
1600.780134
  20
652.925354
  0
VERTEX
  8
14
  10
1600.725295
  20
653.312855
  0
VERTEX
  8
14
  10
1600.674740
  20
653.734646
  0
VERTEX
  8
14
  10
1600.628957
  20
654.194610
  0
VERTEX
  8
14
  10
1600.590285
  20
654.675224
  0
VERTEX
  8
14
  10
1600.559369
  20
655.170086
  0
VERTEX
  8
14
  10
1600.537412
  20
655.658403
  0
VERTEX
  8
14
  10
1600.525818
  20
656.107330
  0
VERTEX
  8
14
  10
1600.525818
  20
662.585609
  0
VERTEX
  8
14
  10
1600.525818
  20
672.740332
  0
VERTEX
  8
14
  10
1600.525818
  20
683.033775
  0
VERTEX
  8
14
  10
1600.525818
  20
693.175173
  0
VERTEX
  8
14
  10
1600.525818
  20
703.316559
  0
VERTEX
  8
14
  10
1600.525818
  20
713.585177
  0
VERTEX
  8
14
  10
1600.525818
  20
723.726579
  0
VERTEX
  8
14
  10
1600.525818
  20
733.867975
  0
VERTEX
  8
14
  10
1600.525818
  20
744.015053
  0
VERTEX
  8
14
  10
1600.525818
  20
754.156442
  0
VERTEX
  8
14
  10
1600.525818
  20
764.297828
  0
VERTEX
  8
14
  10
1600.525818
  20
774.801407
  0
VERTEX
  8
14
  10
1600.525818
  20
784.771569
  0
VERTEX
  8
14
  10
1600.525818
  20
794.912960
  0
VERTEX
  8
14
  10
1600.525818
  20
805.416545
  0
VERTEX
  8
14
  10
1600.525818
  20
815.429741
  0
VERTEX
  8
14
  10
1600.525818
  20
825.563200
  0
VERTEX
  8
14
  10
1600.525818
  20
836.107330
  0
VERTEX
  8
14
  10
1610.034666
  20
836.107330
  0
VERTEX
  8
14
  10
1619.907306
  20
836.107330
  0
VERTEX
  8
14
  10
1630.213318
  20
836.107330
  0
VERTEX
  8
14
  10
1642.065554
  20
836.107330
  0
VERTEX
  8
14
  10
1652.444153
  20
836.107330
  0
VERTEX
  8
14
  10
1663.441241
  20
836.107330
  0
VERTEX
  8
14
  10
1674.891889
  20
836.107330
  0
VERTEX
  8
14
  10
1686.631165
  20
836.107330
  0
VERTEX
  8
14
  10
1698.494138
  20
836.107330
  0
VERTEX
  8
14
  10
1710.315880
  20
836.107330
  0
VERTEX
  8
14
  10
1721.931458
  20
836.107330
  0
VERTEX
  8
14
  10
1733.175942
  20
836.107330
  0
VERTEX
  8
14
  10
1743.884402
  20
836.107330
  0
VERTEX
  8
14
  10
1756.264931
  20
836.107330
  0
VERTEX
  8
14
  10
1767.228088
  20
836.107330
  0
VERTEX
  8
14
  10
1778.059387
  20
836.107330
  0
VERTEX
  8
14
  10
1790.525818
  20
836.107330
  0
VERTEX
  8
14
  10
1790.525818
  20
829.423761
  0
VERTEX
  8
14
  10
1790.525818
  20
819.397451
  0
VERTEX
  8
14
  10
1790.525818
  20
809.165027
  0
VERTEX
  8
14
  10
1790.525818
  20
798.930039
  0
VERTEX
  8
14
  10
1790.525818
  20
788.744111
  0
VERTEX
  8
14
  10
1790.525818
  20
778.558180
  0
VERTEX
  8
14
  10
1790.525818
  20
768.469293
  0
VERTEX
  8
14
  10
1790.525818
  20
758.283359
  0
VERTEX
  8
14
  10
1790.525818
  20
748.097428
  0
VERTEX
  8
14
  10
1790.525818
  20
737.749444
  0
VERTEX
  8
14
  10
1790.525818
  20
727.563528
  0
VERTEX
  8
14
  10
1790.525818
  20
717.013810
  0
VERTEX
  8
14
  10
1790.525818
  20
707.159962
  0
VERTEX
  8
14
  10
1790.525818
  20
696.974022
  0
VERTEX
  8
14
  10
1790.525818
  20
686.788086
  0
VERTEX
  8
14
  10
1790.525818
  20
676.592988
  0
VERTEX
  8
14
  10
1790.525818
  20
666.454887
  0
VERTEX
  8
14
  10
1790.525818
  20
656.107178
  0
VERTEX
  8
14
  10
1790.501385
  20
655.350481
  0
VERTEX
  8
14
  10
1790.474263
  20
654.865143
  0
VERTEX
  8
14
  10
1790.440490
  20
654.402227
  0
VERTEX
  8
14
  10
1790.399782
  20
653.952956
  0
VERTEX
  8
14
  10
1790.354268
  20
653.536508
  0
VERTEX
  8
14
  10
1790.302750
  20
653.138351
  0
VERTEX
  8
14
  10
1790.244686
  20
652.755669
  0
VERTEX
  8
14
  10
1790.179713
  20
652.383764
  0
VERTEX
  8
14
  10
1790.106696
  20
652.013135
  0
VERTEX
  8
14
  10
1790.019808
  20
651.617609
  0
VERTEX
  8
14
  10
1789.924253
  20
651.223889
  0
VERTEX
  8
14
  10
1789.820323
  20
650.832146
  0
VERTEX
  8
14
  10
1789.708311
  20
650.442555
  0
VERTEX
  8
14
  10
1789.580253
  20
650.029563
  0
VERTEX
  8
14
  10
1789.449255
  20
649.635682
  0
VERTEX
  8
14
  10
1789.304575
  20
649.228471
  0
VERTEX
  8
14
  10
1789.151469
  20
648.824487
  0
VERTEX
  8
14
  10
1788.989930
  20
648.423909
  0
VERTEX
  8
14
  10
1788.830825
  20
648.051625
  0
VERTEX
  8
14
  10
1788.664300
  20
647.682647
  0
VERTEX
  8
14
  10
1788.490351
  20
647.317122
  0
VERTEX
  8
14
  10
1788.304486
  20
646.946479
  0
VERTEX
  8
14
  10
1788.115528
  20
646.588408
  0
VERTEX
  8
14
  10
1787.919269
  20
646.234239
  0
VERTEX
  8
14
  10
1787.715812
  20
645.884112
  0
VERTEX
  8
14
  10
1787.505261
  20
645.538167
  0
VERTEX
  8
14
  10
1787.287722
  20
645.196551
  0
VERTEX
  8
14
  10
1787.063300
  20
644.859404
  0
VERTEX
  8
14
  10
1786.832097
  20
644.526865
  0
VERTEX
  8
14
  10
1786.588373
  20
644.191194
  0
VERTEX
  8
14
  10
1786.343770
  20
643.868418
  0
VERTEX
  8
14
  10
1786.092702
  20
643.550659
  0
VERTEX
  8
14
  10
1785.835273
  20
643.238047
  0
VERTEX
  8
14
  10
1785.571586
  20
642.930708
  0
VERTEX
  8
14
  10
1785.301742
  20
642.628770
  0
VERTEX
  8
14
  10
1785.025847
  20
642.332360
  0
VERTEX
  8
14
  10
1784.744002
  20
642.041606
  0
VERTEX
  8
14
  10
1784.449266
  20
641.749798
  0
VERTEX
  8
14
  10
1784.155714
  20
641.470863
  0
VERTEX
  8
14
  10
1783.856567
  20
641.197926
  0
VERTEX
  8
14
  10
1783.551954
  20
640.931091
  0
VERTEX
  8
14
  10
1783.242002
  20
640.670462
  0
VERTEX
  8
14
  10
1782.926838
  20
640.416141
  0
VERTEX
  8
14
  10
1782.606591
  20
640.168232
  0
VERTEX
  8
14
  10
1782.273445
  20
639.921069
  0
VERTEX
  8
14
  10
1781.943302
  20
639.686455
  0
VERTEX
  8
14
  10
1781.608476
  20
639.458568
  0
VERTEX
  8
14
  10
1781.269111
  20
639.237512
  0
VERTEX
  8
14
  10
1780.925347
  20
639.023391
  0
VERTEX
  8
14
  10
1780.577326
  20
638.816312
  0
VERTEX
  8
14
  10
1780.225191
  20
638.616378
  0
VERTEX
  8
14
  10
1779.869084
  20
638.423697
  0
VERTEX
  8
14
  10
1779.500374
  20
638.233970
  0
VERTEX
  8
14
  10
1779.136663
  20
638.056249
  0
VERTEX
  8
14
  10
1778.769421
  20
637.885956
  0
VERTEX
  8
14
  10
1778.398796
  20
637.723086
  0
VERTEX
  8
14
  10
1778.024941
  20
637.567634
  0
VERTEX
  8
14
  10
1777.622771
  20
637.409991
  0
VERTEX
  8
14
  10
1777.217278
  20
637.260777
  0
VERTEX
  8
14
  10
1776.808646
  20
637.119989
  0
VERTEX
  8
14
  10
1776.413483
  20
636.992745
  0
VERTEX
  8
14
  10
1776.025216
  20
636.876224
  0
VERTEX
  8
14
  10
1775.634696
  20
636.767616
  0
VERTEX
  8
14
  10
1775.242098
  20
636.667213
  0
VERTEX
  8
14
  10
1774.847596
  20
636.575309
  0
VERTEX
  8
14
  10
1774.451364
  20
636.492196
  0
VERTEX
  8
14
  10
1774.080141
  20
636.422813
  0
VERTEX
  8
14
  10
1773.707704
  20
636.361581
  0
VERTEX
  8
14
  10
1773.320206
  20
636.306748
  0
VERTEX
  8
14
  10
1772.898412
  20
636.256199
  0
VERTEX
  8
14
  10
1772.438441
  20
636.210421
  0
VERTEX
  8
14
  10
1771.957818
  20
636.171753
  0
VERTEX
  8
14
  10
1771.462943
  20
636.140840
  0
VERTEX
  8
14
  10
1770.974610
  20
636.118885
  0
VERTEX
  8
14
  10
1770.525665
  20
636.107292
  0
VERTEX
  8
14
  10
1762.185972
  20
636.107292
  0
VERTEX
  8
14
  10
1752.192384
  20
636.107292
  0
VERTEX
  8
14
  10
1742.000843
  20
636.107292
  0
VERTEX
  8
14
  10
1731.945251
  20
636.107292
  0
VERTEX
  8
14
  10
1721.889659
  20
636.107292
  0
VERTEX
  8
14
  10
1711.765321
  20
636.107292
  0
VERTEX
  8
14
  10
1701.709739
  20
636.107292
  0
VERTEX
  8
14
  10
1691.654156
  20
636.107292
  0
VERTEX
  8
14
  10
1681.455173
  20
636.107292
  0
VERTEX
  8
14
  10
1671.399567
  20
636.107292
  0
VERTEX
  8
14
  10
1661.343950
  20
636.107292
  0
VERTEX
  8
14
  10
1651.288344
  20
636.107292
  0
VERTEX
  8
14
  10
1641.073084
  20
636.107292
  0
VERTEX
  8
14
  10
1631.004622
  20
636.107292
  0
SEQEND
  8
14
  0
POINT
  8
2
 10
1620.525665
 20
636.107292
  0
TEXT
  8
2
 10
1620.525665
 20
636.107292
 40
0.000000
 50
0.000000
  1
# 201
  0
POINT
  8
2
 10
1600.525818
 20
656.107330
  0
TEXT
  8
2
 10
1600.525818
 20
656.107330
 40
0.000000
 50
0.000000
  1
# 202
  0
POINT
  8
2
 10
1600.525818
 20
836.107330
  0
TEXT
  8
2
 10
1600.525818
 20
836.107330
 40
0.000000
 50
0.000000
  1
# 203
  0
POINT
  8
2
 10
1790.525818
 20
836.107330
  0
TEXT
  8
2
 10
1790.525818
 20
836.107330
 40
0.000000
 50
0.000000
  1
# 204
  0
POINT
  8
2
 10
1790.525818
 20
656.107178
  0
TEXT
  8
2
 10
1790.525818
 20
656.107178
 40
0.000000
 50
0.000000
  1
# 205
  0
POINT
  8
2
 10
1770.525665
 20
636.107292
  0
TEXT
  8
2
 10
1770.525665
 20
636.107292
 40
0.000000
 50
0.000000
  1
# 206
  0
POINT
  8
3
 10
1619.769074
 20
636.131720
  0
POINT
  8
3
 10
1619.283757
 20
636.158840
  0
POINT
  8
3
 10
1618.820850
 20
636.192612
  0
POINT
  8
3
 10
1618.371586
 20
636.233317
  0
POINT
  8
3
 10
1617.955139
 20
636.278829
  0
POINT
  8
3
 10
1617.556979
 20
636.330346
  0
POINT
  8
3
 10
1617.174294
 20
636.388408
  0
POINT
  8
3
 10
1616.802383
 20
636.453381
  0
POINT
  8
3
 10
1616.431750
 20
636.526396
  0
POINT
  8
3
 10
1616.036218
 20
636.613282
  0
POINT
  8
3
 10
1615.642491
 20
636.708835
  0
POINT
  8
3
 10
1615.250742
 20
636.812763
  0
POINT
  8
3
 10
1614.861148
 20
636.924772
  0
POINT
  8
3
 10
1614.448151
 20
637.052827
  0
POINT
  8
3
 10
1614.054273
 20
637.183820
  0
POINT
  8
3
 10
1613.647068
 20
637.328494
  0
POINT
  8
3
 10
1613.243089
 20
637.481594
  0
POINT
  8
3
 10
1612.842519
 20
637.643127
  0
POINT
  8
3
 10
1612.470242
 20
637.802227
  0
POINT
  8
3
 10
1612.101271
 20
637.968748
  0
POINT
  8
3
 10
1611.735754
 20
638.142693
  0
POINT
  8
3
 10
1611.365114
 20
638.328557
  0
POINT
  8
3
 10
1611.007047
 20
638.517513
  0
POINT
  8
3
 10
1610.652879
 20
638.713773
  0
POINT
  8
3
 10
1610.302751
 20
638.917231
  0
POINT
  8
3
 10
1609.956807
 20
639.127784
  0
POINT
  8
3
 10
1609.615187
 20
639.345326
  0
POINT
  8
3
 10
1609.278035
 20
639.569752
  0
POINT
  8
3
 10
1608.945493
 20
639.800957
  0
POINT
  8
3
 10
1608.609817
 20
640.044684
  0
POINT
  8
3
 10
1608.287033
 20
640.289290
  0
POINT
  8
3
 10
1607.969267
 20
640.540360
  0
POINT
  8
3
 10
1607.656648
 20
640.797791
  0
POINT
  8
3
 10
1607.349302
 20
641.061479
  0
POINT
  8
3
 10
1607.047357
 20
641.331322
  0
POINT
  8
3
 10
1606.750942
 20
641.607216
  0
POINT
  8
3
 10
1606.460184
 20
641.889058
  0
POINT
  8
3
 10
1606.168373
 20
642.183789
  0
POINT
  8
3
 10
1605.889437
 20
642.477335
  0
POINT
  8
3
 10
1605.616500
 20
642.776475
  0
POINT
  8
3
 10
1605.349666
 20
643.081081
  0
POINT
  8
3
 10
1605.089039
 20
643.391026
  0
POINT
  8
3
 10
1604.834720
 20
643.706183
  0
POINT
  8
3
 10
1604.586813
 20
644.026424
  0
POINT
  8
3
 10
1604.339652
 20
644.359565
  0
POINT
  8
3
 10
1604.105040
 20
644.689706
  0
POINT
  8
3
 10
1603.877154
 20
645.024531
  0
POINT
  8
3
 10
1603.656098
 20
645.363898
  0
POINT
  8
3
 10
1603.441979
 20
645.707663
  0
POINT
  8
3
 10
1603.234901
 20
646.055686
  0
POINT
  8
3
 10
1603.034969
 20
646.407822
  0
POINT
  8
3
 10
1602.842289
 20
646.763931
  0
POINT
  8
3
 10
1602.652565
 20
647.132641
  0
POINT
  8
3
 10
1602.474847
 20
647.496351
  0
POINT
  8
3
 10
1602.304556
 20
647.863592
  0
POINT
  8
3
 10
1602.141689
 20
648.234215
  0
POINT
  8
3
 10
1601.986239
 20
648.608069
  0
POINT
  8
3
 10
1601.828597
 20
649.010239
  0
POINT
  8
3
 10
1601.679384
 20
649.415731
  0
POINT
  8
3
 10
1601.538594
 20
649.824366
  0
POINT
  8
3
 10
1601.411347
 20
650.219533
  0
POINT
  8
3
 10
1601.294821
 20
650.607807
  0
POINT
  8
3
 10
1601.186206
 20
650.998334
  0
POINT
  8
3
 10
1601.085796
 20
651.390939
  0
POINT
  8
3
 10
1600.993884
 20
651.785448
  0
POINT
  8
3
 10
1600.910762
 20
652.181686
  0
POINT
  8
3
 10
1600.841372
 20
652.552915
  0
POINT
  8
3
 10
1600.780134
 20
652.925354
  0
POINT
  8
3
 10
1600.725295
 20
653.312855
  0
POINT
  8
3
 10
1600.674740
 20
653.734646
  0
POINT
  8
3
 10
1600.628957
 20
654.194610
  0
POINT
  8
3
 10
1600.590285
 20
654.675224
  0
POINT
  8
3
 10
1600.559369
 20
655.170086
  0
POINT
  8
3
 10
1600.537412
 20
655.658403
  0
POINT
  8
3
 10
1600.525818
 20
662.585609
  0
POINT
  8
3
 10
1600.525818
 20
672.740332
  0
POINT
  8
3
 10
1600.525818
 20
683.033775
  0
POINT
  8
3
 10
1600.525818
 20
693.175173
  0
POINT
  8
3
 10
1600.525818
 20
703.316559
  0
POINT
  8
3
 10
1600.525818
 20
713.585177
  0
POINT
  8
3
 10
1600.525818
 20
723.726579
  0
POINT
  8
3
 10
1600.525818
 20
733.867975
  0
POINT
  8
3
 10
1600.525818
 20
744.015053
  0
POINT
  8
3
 10
1600.525818
 20
754.156442
  0
POINT
  8
3
 10
1600.525818
 20
764.297828
  0
POINT
  8
3
 10
1600.525818
 20
774.801407
  0
POINT
  8
3
 10
1600.525818
 20
784.771569
  0
POINT
  8
3
 10
1600.525818
 20
794.912960
  0
POINT
  8
3
 10
1600.525818
 20
805.416545
  0
POINT
  8
3
 10
1600.525818
 20
815.429741
  0
POINT
  8
3
 10
1600.525818
 20
825.563200
  0
POINT
  8
3
 10
1610.034666
 20
836.107330
  0
POINT
  8
3
 10
1619.907306
 20
836.107330
  0
POINT
  8
3
 10
1630.213318
 20
836.107330
  0
POINT
  8
3
 10
1642.065554
 20
836.107330
  0
POINT
  8
3
 10
1652.444153
 20
836.107330
  0
POINT
  8
3
 10
1663.441241
 20
836.107330
  0
POINT
  8
3
 10
1674.891889
 20
836.107330
  0
POINT
  8
3
 10
1686.631165
 20
836.107330
  0
POINT
  8
3
 10
1698.494138
 20
836.107330
  0
POINT
  8
3
 10
1710.315880
 20
836.107330
  0
POINT
  8
3
 10
1721.931458
 20
836.107330
  0
POINT
  8
3
 10
1733.175942
 20
836.107330
  0
POINT
  8
3
 10
1743.884402
 20
836.107330
  0
POINT
  8
3
 10
1756.264931
 20
836.107330
  0
POINT
  8
3
 10
1767.228088
 20
836.107330
  0
POINT
  8
3
 10
1778.059387
 20
836.107330
  0
POINT
  8
3
 10
1790.525818
 20
829.423761
  0
POINT
  8
3
 10
1790.525818
 20
819.397451
  0
POINT
  8
3
 10
1790.525818
 20
809.165027
  0
POINT
  8
3
 10
1790.525818
 20
798.930039
  0
POINT
  8
3
 10
1790.525818
 20
788.744111
  0
POINT
  8
3
 10
1790.525818
 20
778.558180
  0
POINT
  8
3
 10
1790.525818
 20
768.469293
  0
POINT
  8
3
 10
1790.525818
 20
758.283359
  0
POINT
  8
3
 10
1790.525818
 20
748.097428
  0
POINT
  8
3
 10
1790.525818
 20
737.749444
  0
POINT
  8
3
 10
1790.525818
 20
727.563528
  0
POINT
  8
3
 10
1790.525818
 20
717.013810
  0
POINT
  8
3
 10
1790.525818
 20
707.159962
  0
POINT
  8
3
 10
1790.525818
 20
696.974022
  0
POINT
  8
3
 10
1790.525818
 20
686.788086
  0
POINT
  8
3
 10
1790.525818
 20
676.592988
  0
POINT
  8
3
 10
1790.525818
 20
666.454887
  0
POINT
  8
3
 10
1790.501385
 20
655.350481
  0
POINT
  8
3
 10
1790.474263
 20
654.865143
  0
POINT
  8
3
 10
1790.440490
 20
654.402227
  0
POINT
  8
3
 10
1790.399782
 20
653.952956
  0
POINT
  8
3
 10
1790.354268
 20
653.536508
  0
POINT
  8
3
 10
1790.302750
 20
653.138351
  0
POINT
  8
3
 10
1790.244686
 20
652.755669
  0
POINT
  8
3
 10
1790.179713
 20
652.383764
  0
POINT
  8
3
 10
1790.106696
 20
652.013135
  0
POINT
  8
3
 10
1790.019808
 20
651.617609
  0
POINT
  8
3
 10
1789.924253
 20
651.223889
  0
POINT
  8
3
 10
1789.820323
 20
650.832146
  0
POINT
  8
3
 10
1789.708311
 20
650.442555
  0
POINT
  8
3
 10
1789.580253
 20
650.029563
  0
POINT
  8
3
 10
1789.449255
 20
649.635682
  0
POINT
  8
3
 10
1789.304575
 20
649.228471
  0
POINT
  8
3
 10
1789.151469
 20
648.824487
  0
POINT
  8
3
 10
1788.989930
 20
648.423909
  0
POINT
  8
3
 10
1788.830825
 20
648.051625
  0
POINT
  8
3
 10
1788.664300
 20
647.682647
  0
POINT
  8
3
 10
1788.490351
 20
647.317122
  0
POINT
  8
3
 10
1788.304486
 20
646.946479
  0
POINT
  8
3
 10
1788.115528
 20
646.588408
  0
POINT
  8
3
 10
1787.919269
 20
646.234239
  0
POINT
  8
3
 10
1787.715812
 20
645.884112
  0
POINT
  8
3
 10
1787.505261
 20
645.538167
  0
POINT
  8
3
 10
1787.287722
 20
645.196551
  0
POINT
  8
3
 10
1787.063300
 20
644.859404
  0
POINT
  8
3
 10
1786.832097
 20
644.526865
  0
POINT
  8
3
 10
1786.588373
 20
644.191194
  0
POINT
  8
3
 10
1786.343770
 20
643.868418
  0
POINT
  8
3
 10
1786.092702
 20
643.550659
  0
POINT
  8
3
 10
1785.835273
 20
643.238047
  0
POINT
  8
3
 10
1785.571586
 20
642.930708
  0
POINT
  8
3
 10
1785.301742
 20
642.628770
  0
POINT
  8
3
 10
1785.025847
 20
642.332360
  0
POINT
  8
3
 10
1784.744002
 20
642.041606
  0
POINT
  8
3
 10
1784.449266
 20
641.749798
  0
POINT
  8
3
 10
1784.155714
 20
641.470863
  0
POINT
  8
3
 10
1783.856567
 20
641.197926
  0
POINT
  8
3
 10
1783.551954
 20
640.931091
  0
POINT
  8
3
 10
1783.242002
 20
640.670462
  0
POINT
  8
3
 10
1782.926838
 20
640.416141
  0
POINT
  8
3
 10
1782.606591
 20
640.168232
  0
POINT
  8
3
 10
1782.273445
 20
639.921069
  0
POINT
  8
3
 10
1781.943302
 20
639.686455
  0
POINT
  8
3
 10
1781.608476
 20
639.458568
  0
POINT
  8
3
 10
1781.269111
 20
639.237512
  0
POINT
  8
3
 10
1780.925347
 20
639.023391
  0
POINT
  8
3
 10
1780.577326
 20
638.816312
  0
POINT
  8
3
 10
1780.225191
 20
638.616378
  0
POINT
  8
3
 10
1779.869084
 20
638.423697
  0
POINT
  8
3
 10
1779.500374
 20
638.233970
  0
POINT
  8
3
 10
1779.136663
 20
638.056249
  0
POINT
  8
3
 10
1778.769421
 20
637.885956
  0
POINT
  8
3
 10
1778.398796
 20
637.723086
  0
POINT
  8
3
 10
1778.024941
 20
637.567634
  0
POINT
  8
3
 10
1777.622771
 20
637.409991
  0
POINT
  8
3
 10
1777.217278
 20
637.260777
  0
POINT
  8
3
 10
1776.808646
 20
637.119989
  0
POINT
  8
3
 10
1776.413483
 20
636.992745
  0
POINT
  8
3
 10
1776.025216
 20
636.876224
  0
POINT
  8
3
 10
1775.634696
 20
636.767616
  0
POINT
  8
3
 10
1775.242098
 20
636.667213
  0
POINT
  8
3
 10
1774.847596
 20
636.575309
  0
POINT
  8
3
 10
1774.451364
 20
636.492196
  0
POINT
  8
3
 10
1774.080141
 20
636.422813
  0
POINT
  8
3
 10
1773.707704
 20
636.361581
  0
POINT
  8
3
 10
1773.320206
 20
636.306748
  0
POINT
  8
3
 10
1772.898412
 20
636.256199
  0
POINT
  8
3
 10
1772.438441
 20
636.210421
  0
POINT
  8
3
 10
1771.957818
 20
636.171753
  0
POINT
  8
3
 10
1771.462943
 20
636.140840
  0
POINT
  8
3
 10
1770.974610
 20
636.118885
  0
POINT
  8
3
 10
1762.185972
 20
636.107292
  0
POINT
  8
3
 10
1752.192384
 20
636.107292
  0
POINT
  8
3
 10
1742.000843
 20
636.107292
  0
POINT
  8
3
 10
1731.945251
 20
636.107292
  0
POINT
  8
3
 10
1721.889659
 20
636.107292
  0
POINT
  8
3
 10
1711.765321
 20
636.107292
  0
POINT
  8
3
 10
1701.709739
 20
636.107292
  0
POINT
  8
3
 10
1691.654156
 20
636.107292
  0
POINT
  8
3
 10
1681.455173
 20
636.107292
  0
POINT
  8
3
 10
1671.399567
 20
636.107292
  0
POINT
  8
3
 10
1661.343950
 20
636.107292
  0
POINT
  8
3
 10
1651.288344
 20
636.107292
  0
POINT
  8
3
 10
1641.073084
 20
636.107292
  0
POINT
  8
3
 10
1631.004622
 20
636.107292
  0
POLYLINE
  8
8
  66
1
  70
0
  0
VERTEX
  8
8
  10
1790.525818
  20
786.107330
  0
VERTEX
  8
8
  10
1780.173419
  20
786.107330
  0
VERTEX
  8
8
  10
1770.034387
  20
786.107330
  0
VERTEX
  8
8
  10
1759.844341
  20
786.107330
  0
VERTEX
  8
8
  10
1749.489232
  20
786.107330
  0
VERTEX
  8
8
  10
1739.325745
  20
786.107330
  0
VERTEX
  8
8
  10
1729.162261
  20
786.107330
  0
VERTEX
  8
8
  10
1718.920034
  20
786.107330
  0
VERTEX
  8
8
  10
1708.756550
  20
786.107330
  0
VERTEX
  8
8
  10
1698.593054
  20
786.107330
  0
VERTEX
  8
8
  10
1688.429565
  20
786.107330
  0
VERTEX
  8
8
  10
1678.349791
  20
786.107330
  0
VERTEX
  8
8
  10
1668.186292
  20
786.107330
  0
VERTEX
  8
8
  10
1658.022802
  20
786.107330
  0
VERTEX
  8
8
  10
1647.927030
  20
786.107330
  0
VERTEX
  8
8
  10
1637.763527
  20
786.107330
  0
VERTEX
  8
8
  10
1627.600025
  20
786.107330
  0
VERTEX
  8
8
  10
1617.279522
  20
786.107330
  0
VERTEX
  8
8
  10
1607.337424
  20
786.107330
  0
VERTEX
  8
8
  10
1600.525818
  20
786.107330
  0
SEQEND
  8
8
  0
POINT
  8
2
 10
1790.525818
 20
786.107330
  0
TEXT
  8
2
 10
1790.525818
 20
786.107330
 40
0.000000
 50
0.000000
  1
# 207
  0
POINT
  8
2
 10
1600.525818
 20
786.107330
  0
TEXT
  8
2
 10
1600.525818
 20
786.107330
 40
0.000000
 50
0.000000
  1
# 208
  0
POINT
  8
3
 10
1780.173419
 20
786.107330
  0
POINT
  8
3
 10
1770.034387
 20
786.107330
  0
POINT
  8
3
 10
1759.844341
 20
786.107330
  0
POINT
  8
3
 10
1749.489232
 20
786.107330
  0
POINT
  8
3
 10
1739.325745
 20
786.107330
  0
POINT
  8
3
 10
1729.162261
 20
786.107330
  0
POINT
  8
3
 10
1718.920034
 20
786.107330
  0
POINT
  8
3
 10
1708.756550
 20
786.107330
  0
POINT
  8
3
 10
1698.593054
 20
786.107330
  0
POINT
  8
3
 10
1688.429565
 20
786.107330
  0
POINT
  8
3
 10
1678.349791
 20
786.107330
  0
POINT
  8
3
 10
1668.186292
 20
786.107330
  0
POINT
  8
3
 10
1658.022802
 20
786.107330
  0
POINT
  8
3
 10
1647.927030
 20
786.107330
  0
POINT
  8
3
 10
1637.763527
 20
786.107330
  0
POINT
  8
3
 10
1627.600025
 20
786.107330
  0
POINT
  8
3
 10
1617.279522
 20
786.107330
  0
POINT
  8
3
 10
1607.337424
 20
786.107330
 0
LINE
 8
7
 10
1696.381531
 20
802.672501
 11
1696.381531
 21
672.502365
  0
TEXT
  8
1
 10
1695.525818
 20
736.107311
 40
10.000000
 50
0.000000
  1
Piece Name: 26SMC-WP130M 展_后袋布大_175/84
  0
TEXT
  8
1
 10
1695.525818
 20
751.107311
 40
10.000000
 50
0.000000
  1
Size: 175/84
  0
TEXT
  8
1
 10
1695.525818
 20
766.107311
 40
10.000000
 50
0.000000
  1
Annotation: 
  0
TEXT
  8
1
 10
1695.525818
 20
781.107311
 40
10.000000
 50
0.000000
  1
Quantity: 1,1
  0
TEXT
  8
1
 10
1695.525818
 20
796.107311
 40
10.000000
 50
0.000000
  1
Material: TC
  0
TEXT
  8
1
 10
1695.525818
 20
796.107311
 40
10.000000
 50
0.000000
  1
Category: 5
0
ENDBLK
0
BLOCK
  8
1
  2
26SMC-WP130M 展_后下_175/84
 70
0
 10
0.0
 20
0.0
  0
POLYLINE
  8
1
  66
1
  70
1
  0
VERTEX
  8
1
  10
1936.063080
  20
-294.833088
  0
VERTEX
  8
1
  10
1936.479645
  20
-254.833088
  0
VERTEX
  8
1
  10
1936.479645
  20
-254.833088
  0
VERTEX
  8
1
  10
1932.057648
  20
169.651985
  0
VERTEX
  8
1
  10
1937.244110
  20
171.962547
  0
VERTEX
  8
1
  10
1941.061249
  20
173.691845
  0
VERTEX
  8
1
  10
1944.664917
  20
175.237656
  0
VERTEX
  8
1
  10
1948.506775
  20
176.786938
  0
VERTEX
  8
1
  10
1952.700195
  20
178.371849
  0
VERTEX
  8
1
  10
1956.708679
  20
179.786510
  0
VERTEX
  8
1
  10
1960.680847
  20
181.091614
  0
VERTEX
  8
1
  10
1964.511261
  20
182.257252
  0
VERTEX
  8
1
  10
1968.526154
  20
183.378029
  0
VERTEX
  8
1
  10
1972.278290
  20
184.328079
  0
VERTEX
  8
1
  10
1976.145020
  20
185.203743
  0
VERTEX
  8
1
  10
1979.665375
  20
185.904655
  0
VERTEX
  8
1
  10
1983.252869
  20
186.518745
  0
VERTEX
  8
1
  10
1986.719513
  20
187.010002
  0
VERTEX
  8
1
  10
1990.357666
  20
187.417507
  0
VERTEX
  8
1
  10
1993.971100
  20
187.726059
  0
VERTEX
  8
1
  10
1998.003082
  20
187.975121
  0
VERTEX
  8
1
  10
2002.437439
  20
188.156300
  0
VERTEX
  8
1
  10
2008.122406
  20
188.288479
  0
VERTEX
  8
1
  10
2018.287048
  20
188.415546
  0
VERTEX
  8
1
  10
2028.440857
  20
188.561001
  0
VERTEX
  8
1
  10
2038.599091
  20
188.724785
  0
VERTEX
  8
1
  10
2048.637543
  20
188.887844
  0
VERTEX
  8
1
  10
2058.844299
  20
189.050426
  0
VERTEX
  8
1
  10
2064.491730
  20
189.139042
  0
VERTEX
  8
1
  10
2066.478882
  20
189.170246
  0
VERTEX
  8
1
  10
2068.466034
  20
189.139042
  0
VERTEX
  8
1
  10
2074.113464
  20
189.050426
  0
VERTEX
  8
1
  10
2084.320221
  20
188.887844
  0
VERTEX
  8
1
  10
2094.358673
  20
188.724785
  0
VERTEX
  8
1
  10
2104.516907
  20
188.561001
  0
VERTEX
  8
1
  10
2114.670715
  20
188.415546
  0
VERTEX
  8
1
  10
2124.835358
  20
188.288479
  0
VERTEX
  8
1
  10
2130.520325
  20
188.156300
  0
VERTEX
  8
1
  10
2134.954681
  20
187.975121
  0
VERTEX
  8
1
  10
2138.986664
  20
187.726059
  0
VERTEX
  8
1
  10
2142.600098
  20
187.417507
  0
VERTEX
  8
1
  10
2146.238251
  20
187.010002
  0
VERTEX
  8
1
  10
2149.704895
  20
186.518745
  0
VERTEX
  8
1
  10
2153.292389
  20
185.904655
  0
VERTEX
  8
1
  10
2156.812744
  20
185.203743
  0
VERTEX
  8
1
  10
2160.679474
  20
184.328079
  0
VERTEX
  8
1
  10
2164.431610
  20
183.378029
  0
VERTEX
  8
1
  10
2168.446503
  20
182.257252
  0
VERTEX
  8
1
  10
2172.276917
  20
181.091614
  0
VERTEX
  8
1
  10
2176.249084
  20
179.786510
  0
VERTEX
  8
1
  10
2180.257568
  20
178.371849
  0
VERTEX
  8
1
  10
2184.450989
  20
176.786938
  0
VERTEX
  8
1
  10
2188.292847
  20
175.237656
  0
VERTEX
  8
1
  10
2191.896515
  20
173.691845
  0
VERTEX
  8
1
  10
2195.713654
  20
171.962547
  0
VERTEX
  8
1
  10
2200.900116
  20
169.651985
  0
VERTEX
  8
1
  10
2196.478119
  20
-254.833088
  0
VERTEX
  8
1
  10
2196.478119
  20
-254.833088
  0
VERTEX
  8
1
  10
2196.894684
  20
-294.833088
  0
SEQEND
  8
1
  0
POINT
  8
2
 10
1936.063080
 20
-294.833088
  0
TEXT
  8
2
 10
1936.063080
 20
-294.833088
 40
0.000000
 50
0.000000
  1
# 209
  0
POINT
  8
2
 10
1936.479645
 20
-254.833088
  0
TEXT
  8
2
 10
1936.479645
 20
-254.833088
 40
0.000000
 50
0.000000
  1
# 210
  0
POINT
  8
2
 10
1932.057648
 20
169.651985
  0
TEXT
  8
2
 10
1932.057648
 20
169.651985
 40
0.000000
 50
0.000000
  1
# 211
  0
POINT
  8
2
 10
2066.478882
 20
189.170246
  0
TEXT
  8
2
 10
2066.478882
 20
189.170246
 40
0.000000
 50
0.000000
  1
# 212
  0
POINT
  8
2
 10
2200.900116
 20
169.651985
  0
TEXT
  8
2
 10
2200.900116
 20
169.651985
 40
0.000000
 50
0.000000
  1
# 213
  0
POINT
  8
2
 10
2196.478119
 20
-254.833088
  0
TEXT
  8
2
 10
2196.478119
 20
-254.833088
 40
0.000000
 50
0.000000
  1
# 214
  0
POINT
  8
2
 10
2196.894684
 20
-294.833088
  0
TEXT
  8
2
 10
2196.894684
 20
-294.833088
 40
0.000000
 50
0.000000
  1
# 215
  0
POINT
  8
3
 10
1936.479645
 20
-254.833088
  0
POINT
  8
3
 10
1937.244110
 20
171.962547
  0
POINT
  8
3
 10
1941.061249
 20
173.691845
  0
POINT
  8
3
 10
1944.664917
 20
175.237656
  0
POINT
  8
3
 10
1948.506775
 20
176.786938
  0
POINT
  8
3
 10
1952.700195
 20
178.371849
  0
POINT
  8
3
 10
1956.708679
 20
179.786510
  0
POINT
  8
3
 10
1960.680847
 20
181.091614
  0
POINT
  8
3
 10
1964.511261
 20
182.257252
  0
POINT
  8
3
 10
1968.526154
 20
183.378029
  0
POINT
  8
3
 10
1972.278290
 20
184.328079
  0
POINT
  8
3
 10
1976.145020
 20
185.203743
  0
POINT
  8
3
 10
1979.665375
 20
185.904655
  0
POINT
  8
3
 10
1983.252869
 20
186.518745
  0
POINT
  8
3
 10
1986.719513
 20
187.010002
  0
POINT
  8
3
 10
1990.357666
 20
187.417507
  0
POINT
  8
3
 10
1993.971100
 20
187.726059
  0
POINT
  8
3
 10
1998.003082
 20
187.975121
  0
POINT
  8
3
 10
2002.437439
 20
188.156300
  0
POINT
  8
3
 10
2008.122406
 20
188.288479
  0
POINT
  8
3
 10
2018.287048
 20
188.415546
  0
POINT
  8
3
 10
2028.440857
 20
188.561001
  0
POINT
  8
3
 10
2038.599091
 20
188.724785
  0
POINT
  8
3
 10
2048.637543
 20
188.887844
  0
POINT
  8
3
 10
2058.844299
 20
189.050426
  0
POINT
  8
3
 10
2064.491730
 20
189.139042
  0
POINT
  8
3
 10
2068.466034
 20
189.139042
  0
POINT
  8
3
 10
2074.113464
 20
189.050426
  0
POINT
  8
3
 10
2084.320221
 20
188.887844
  0
POINT
  8
3
 10
2094.358673
 20
188.724785
  0
POINT
  8
3
 10
2104.516907
 20
188.561001
  0
POINT
  8
3
 10
2114.670715
 20
188.415546
  0
POINT
  8
3
 10
2124.835358
 20
188.288479
  0
POINT
  8
3
 10
2130.520325
 20
188.156300
  0
POINT
  8
3
 10
2134.954681
 20
187.975121
  0
POINT
  8
3
 10
2138.986664
 20
187.726059
  0
POINT
  8
3
 10
2142.600098
 20
187.417507
  0
POINT
  8
3
 10
2146.238251
 20
187.010002
  0
POINT
  8
3
 10
2149.704895
 20
186.518745
  0
POINT
  8
3
 10
2153.292389
 20
185.904655
  0
POINT
  8
3
 10
2156.812744
 20
185.203743
  0
POINT
  8
3
 10
2160.679474
 20
184.328079
  0
POINT
  8
3
 10
2164.431610
 20
183.378029
  0
POINT
  8
3
 10
2168.446503
 20
182.257252
  0
POINT
  8
3
 10
2172.276917
 20
181.091614
  0
POINT
  8
3
 10
2176.249084
 20
179.786510
  0
POINT
  8
3
 10
2180.257568
 20
178.371849
  0
POINT
  8
3
 10
2184.450989
 20
176.786938
  0
POINT
  8
3
 10
2188.292847
 20
175.237656
  0
POINT
  8
3
 10
2191.896515
 20
173.691845
  0
POINT
  8
3
 10
2195.713654
 20
171.962547
  0
POINT
  8
3
 10
2196.478119
 20
-254.833088
  0
POINT
  8
4
 10
1936.479645
 20
-254.833088
 30
1.000000
 50
  0.00
  0
TEXT
  8
4
 10
1936.479645
 20
-254.833088
 40
0.000000
 50
0.000000
  1
# 216
  0
POINT
  8
4
 10
2196.478119
 20
-254.833088
 30
1.000000
 50
180.00
  0
TEXT
  8
4
 10
2196.478119
 20
-254.833088
 40
0.000000
 50
0.000000
  1
# 217
  0
POLYLINE
  8
14
  66
1
  70
1
  0
VERTEX
  8
14
  10
1946.480255
  20
-254.833088
  0
VERTEX
  8
14
  10
1946.480255
  20
-254.833088
  0
VERTEX
  8
14
  10
1942.104950
  20
163.166943
  0
VERTEX
  8
14
  10
1945.110600
  20
164.548387
  0
VERTEX
  8
14
  10
1948.505542
  20
166.004559
  0
VERTEX
  8
14
  10
1952.147775
  20
167.473350
  0
VERTEX
  8
14
  10
1956.129720
  20
168.978328
  0
VERTEX
  8
14
  10
1959.933894
  20
170.320882
  0
VERTEX
  8
14
  10
1963.696771
  20
171.557245
  0
VERTEX
  8
14
  10
1967.315786
  20
172.658587
  0
VERTEX
  8
14
  10
1971.096148
  20
173.713912
  0
VERTEX
  8
14
  10
1974.614499
  20
174.604790
  0
VERTEX
  8
14
  10
1978.222700
  20
175.421953
  0
VERTEX
  8
14
  10
1981.489787
  20
176.072483
  0
VERTEX
  8
14
  10
1984.798999
  20
176.639007
  0
VERTEX
  8
14
  10
1987.976935
  20
177.089369
  0
VERTEX
  8
14
  10
1991.332697
  20
177.465166
  0
VERTEX
  8
14
  10
1994.703892
  20
177.752942
  0
VERTEX
  8
14
  10
1998.511383
  20
177.988038
  0
VERTEX
  8
14
  10
2002.755678
  20
178.161372
  0
VERTEX
  8
14
  10
2008.286001
  20
178.289823
  0
VERTEX
  8
14
  10
2018.415177
  20
178.416369
  0
VERTEX
  8
14
  10
2028.596194
  20
178.562210
  0
VERTEX
  8
14
  10
2038.763114
  20
178.726135
  0
VERTEX
  8
14
  10
2048.798178
  20
178.889137
  0
VERTEX
  8
14
  10
2059.002163
  20
179.051667
  0
VERTEX
  8
14
  10
2066.478882
  20
179.168987
  0
VERTEX
  8
14
  10
2073.955601
  20
179.051667
  0
VERTEX
  8
14
  10
2084.159585
  20
178.889137
  0
VERTEX
  8
14
  10
2094.194649
  20
178.726135
  0
VERTEX
  8
14
  10
2104.361569
  20
178.562210
  0
VERTEX
  8
14
  10
2114.542586
  20
178.416369
  0
VERTEX
  8
14
  10
2124.671763
  20
178.289823
  0
VERTEX
  8
14
  10
2130.202086
  20
178.161372
  0
VERTEX
  8
14
  10
2134.446381
  20
177.988038
  0
VERTEX
  8
14
  10
2138.253872
  20
177.752942
  0
VERTEX
  8
14
  10
2141.625067
  20
177.465166
  0
VERTEX
  8
14
  10
2144.980828
  20
177.089369
  0
VERTEX
  8
14
  10
2148.158765
  20
176.639007
  0
VERTEX
  8
14
  10
2151.467976
  20
176.072483
  0
VERTEX
  8
14
  10
2154.735064
  20
175.421953
  0
VERTEX
  8
14
  10
2158.343265
  20
174.604790
  0
VERTEX
  8
14
  10
2161.861616
  20
173.713912
  0
VERTEX
  8
14
  10
2165.641978
  20
172.658587
  0
VERTEX
  8
14
  10
2169.260993
  20
171.557245
  0
VERTEX
  8
14
  10
2173.023870
  20
170.320882
  0
VERTEX
  8
14
  10
2176.828044
  20
168.978328
  0
VERTEX
  8
14
  10
2180.809989
  20
167.473350
  0
VERTEX
  8
14
  10
2184.452222
  20
166.004559
  0
VERTEX
  8
14
  10
2187.847163
  20
164.548387
  0
VERTEX
  8
14
  10
2190.832062
  20
163.176250
  0
VERTEX
  8
14
  10
2186.477509
  20
-254.833088
  0
VERTEX
  8
14
  10
2186.477509
  20
-254.833088
  0
SEQEND
  8
14
  0
POINT
  8
2
 10
1946.480255
 20
-254.833088
  0
TEXT
  8
2
 10
1946.480255
 20
-254.833088
 40
0.000000
 50
0.000000
  1
# 218
  0
POINT
  8
2
 10
1942.104950
 20
163.166943
  0
TEXT
  8
2
 10
1942.104950
 20
163.166943
 40
0.000000
 50
0.000000
  1
# 219
  0
POINT
  8
2
 10
2066.478882
 20
179.168987
  0
TEXT
  8
2
 10
2066.478882
 20
179.168987
 40
0.000000
 50
0.000000
  1
# 220
  0
POINT
  8
2
 10
2190.832062
 20
163.176250
  0
TEXT
  8
2
 10
2190.832062
 20
163.176250
 40
0.000000
 50
0.000000
  1
# 221
  0
POINT
  8
2
 10
2186.477509
 20
-254.833088
  0
TEXT
  8
2
 10
2186.477509
 20
-254.833088
 40
0.000000
 50
0.000000
  1
# 222
  0
POINT
  8
3
 10
1946.480255
 20
-254.833088
  0
POINT
  8
3
 10
1945.110600
 20
164.548387
  0
POINT
  8
3
 10
1948.505542
 20
166.004559
  0
POINT
  8
3
 10
1952.147775
 20
167.473350
  0
POINT
  8
3
 10
1956.129720
 20
168.978328
  0
POINT
  8
3
 10
1959.933894
 20
170.320882
  0
POINT
  8
3
 10
1963.696771
 20
171.557245
  0
POINT
  8
3
 10
1967.315786
 20
172.658587
  0
POINT
  8
3
 10
1971.096148
 20
173.713912
  0
POINT
  8
3
 10
1974.614499
 20
174.604790
  0
POINT
  8
3
 10
1978.222700
 20
175.421953
  0
POINT
  8
3
 10
1981.489787
 20
176.072483
  0
POINT
  8
3
 10
1984.798999
 20
176.639007
  0
POINT
  8
3
 10
1987.976935
 20
177.089369
  0
POINT
  8
3
 10
1991.332697
 20
177.465166
  0
POINT
  8
3
 10
1994.703892
 20
177.752942
  0
POINT
  8
3
 10
1998.511383
 20
177.988038
  0
POINT
  8
3
 10
2002.755678
 20
178.161372
  0
POINT
  8
3
 10
2008.286001
 20
178.289823
  0
POINT
  8
3
 10
2018.415177
 20
178.416369
  0
POINT
  8
3
 10
2028.596194
 20
178.562210
  0
POINT
  8
3
 10
2038.763114
 20
178.726135
  0
POINT
  8
3
 10
2048.798178
 20
178.889137
  0
POINT
  8
3
 10
2059.002163
 20
179.051667
  0
POINT
  8
3
 10
2073.955601
 20
179.051667
  0
POINT
  8
3
 10
2084.159585
 20
178.889137
  0
POINT
  8
3
 10
2094.194649
 20
178.726135
  0
POINT
  8
3
 10
2104.361569
 20
178.562210
  0
POINT
  8
3
 10
2114.542586
 20
178.416369
  0
POINT
  8
3
 10
2124.671763
 20
178.289823
  0
POINT
  8
3
 10
2130.202086
 20
178.161372
  0
POINT
  8
3
 10
2134.446381
 20
177.988038
  0
POINT
  8
3
 10
2138.253872
 20
177.752942
  0
POINT
  8
3
 10
2141.625067
 20
177.465166
  0
POINT
  8
3
 10
2144.980828
 20
177.089369
  0
POINT
  8
3
 10
2148.158765
 20
176.639007
  0
POINT
  8
3
 10
2151.467976
 20
176.072483
  0
POINT
  8
3
 10
2154.735064
 20
175.421953
  0
POINT
  8
3
 10
2158.343265
 20
174.604790
  0
POINT
  8
3
 10
2161.861616
 20
173.713912
  0
POINT
  8
3
 10
2165.641978
 20
172.658587
  0
POINT
  8
3
 10
2169.260993
 20
171.557245
  0
POINT
  8
3
 10
2173.023870
 20
170.320882
  0
POINT
  8
3
 10
2176.828044
 20
168.978328
  0
POINT
  8
3
 10
2180.809989
 20
167.473350
  0
POINT
  8
3
 10
2184.452222
 20
166.004559
  0
POINT
  8
3
 10
2187.847163
 20
164.548387
  0
POINT
  8
3
 10
2186.477509
 20
-254.833088
  0
POINT
  8
4
 10
1946.480255
 20
-254.833088
 30
1.000000
 50
  0.00
  0
TEXT
  8
4
 10
1946.480255
 20
-254.833088
 40
0.000000
 50
0.000000
  1
# 223
  0
POINT
  8
4
 10
2186.477509
 20
-254.833088
 30
1.000000
 50
180.00
  0
TEXT
  8
4
 10
2186.477509
 20
-254.833088
 40
0.000000
 50
0.000000
  1
# 224
  0
POLYLINE
  8
8
  66
1
  70
0
  0
VERTEX
  8
8
  10
2066.478882
  20
179.168987
  0
VERTEX
  8
8
  10
2066.478882
  20
-254.833088
  0
SEQEND
  8
8
  0
POINT
  8
2
 10
2066.478882
 20
179.168987
  0
TEXT
  8
2
 10
2066.478882
 20
179.168987
 40
0.000000
 50
0.000000
  1
# 225
  0
POINT
  8
2
 10
2066.478882
 20
-254.833088
  0
TEXT
  8
2
 10
2066.478882
 20
-254.833088
 40
0.000000
 50
0.000000
  1
# 226
  0
POLYLINE
  8
8
  66
1
  70
0
  0
VERTEX
  8
8
  10
2186.790009
  20
-224.833088
  0
VERTEX
  8
8
  10
1946.167755
  20
-224.833088
  0
SEQEND
  8
8
  0
POINT
  8
2
 10
2186.790009
 20
-224.833088
  0
TEXT
  8
2
 10
2186.790009
 20
-224.833088
 40
0.000000
 50
0.000000
  1
# 227
  0
POINT
  8
2
 10
1946.167755
 20
-224.833088
  0
TEXT
  8
2
 10
1946.167755
 20
-224.833088
 40
0.000000
 50
0.000000
  1
# 228
 0
LINE
 8
7
 10
2039.831543
 20
111.410055
 11
2039.831543
 21
-159.967632
  0
TEXT
  8
1
 10
2066.478882
 20
-52.831421
 40
10.000000
 50
0.000000
  1
Piece Name: 26SMC-WP130M 展_后下_175/84
  0
TEXT
  8
1
 10
2066.478882
 20
-37.831421
 40
10.000000
 50
0.000000
  1
Size: 175/84
  0
TEXT
  8
1
 10
2066.478882
 20
-22.831421
 40
10.000000
 50
0.000000
  1
Annotation: 
  0
TEXT
  8
1
 10
2066.478882
 20
-7.831421
 40
10.000000
 50
0.000000
  1
Quantity: 1,1
  0
TEXT
  8
1
 10
2066.478882
 20
7.168579
 40
10.000000
 50
0.000000
  1
Material: 面
  0
TEXT
  8
1
 10
2066.478882
 20
7.168579
 40
10.000000
 50
0.000000
  1
Category: 6
0
ENDBLK
0
BLOCK
  8
1
  2
26SMC-WP130M 展_后中拼_175/84
 70
0
 10
0.0
 20
0.0
  0
POLYLINE
  8
1
  66
1
  70
1
  0
VERTEX
  8
1
  10
1932.284546
  20
216.037312
  0
VERTEX
  8
1
  10
1931.480560
  20
293.217182
  0
VERTEX
  8
1
  10
1931.459961
  20
293.565655
  0
VERTEX
  8
1
  10
1931.173706
  20
298.389149
  0
VERTEX
  8
1
  10
1930.561371
  20
308.388653
  0
VERTEX
  8
1
  10
1929.930573
  20
318.316364
  0
VERTEX
  8
1
  10
1929.212494
  20
329.133568
  0
VERTEX
  8
1
  10
1928.522491
  20
339.016533
  0
VERTEX
  8
1
  10
1927.761383
  20
349.506340
  0
VERTEX
  8
1
  10
1925.696259
  20
377.048950
  0
VERTEX
  8
1
  10
1938.177948
  20
371.088448
  0
VERTEX
  8
1
  10
1944.228210
  20
368.169136
  0
VERTEX
  8
1
  10
1947.383423
  20
366.713295
  0
VERTEX
  8
1
  10
1950.809631
  20
365.222054
  0
VERTEX
  8
1
  10
1954.580231
  20
363.677559
  0
VERTEX
  8
1
  10
1958.197632
  20
362.286682
  0
VERTEX
  8
1
  10
1961.785583
  20
360.994072
  0
VERTEX
  8
1
  10
1965.242767
  20
359.831352
  0
VERTEX
  8
1
  10
1968.858337
  20
358.704453
  0
VERTEX
  8
1
  10
1972.225494
  20
357.739792
  0
VERTEX
  8
1
  10
1975.679016
  20
356.839294
  0
VERTEX
  8
1
  10
1978.804779
  20
356.105843
  0
VERTEX
  8
1
  10
1981.968079
  20
355.447083
  0
VERTEX
  8
1
  10
1985.154266
  20
354.873886
  0
VERTEX
  8
1
  10
1987.948914
  20
354.450798
  0
VERTEX
  8
1
  10
1990.854797
  20
354.093781
  0
VERTEX
  8
1
  10
1994.124908
  20
353.783302
  0
VERTEX
  8
1
  10
1997.453766
  20
353.549919
  0
VERTEX
  8
1
  10
2001.264801
  20
353.364525
  0
VERTEX
  8
1
  10
2006.009979
  20
353.223267
  0
VERTEX
  8
1
  10
2013.064728
  20
353.116722
  0
VERTEX
  8
1
  10
2023.184204
  20
352.992897
  0
VERTEX
  8
1
  10
2033.451080
  20
352.842636
  0
VERTEX
  8
1
  10
2043.684540
  20
352.683792
  0
VERTEX
  8
1
  10
2053.844147
  20
352.527695
  0
VERTEX
  8
1
  10
2063.884735
  20
352.375374
  0
VERTEX
  8
1
  10
2066.479034
  20
352.336349
  0
VERTEX
  8
1
  10
2069.936371
  20
352.388268
  0
VERTEX
  8
1
  10
2079.860229
  20
352.538681
  0
VERTEX
  8
1
  10
2090.154419
  20
352.696686
  0
VERTEX
  8
1
  10
2100.329742
  20
352.854118
  0
VERTEX
  8
1
  10
2110.639954
  20
353.003273
  0
VERTEX
  8
1
  10
2120.685120
  20
353.124390
  0
VERTEX
  8
1
  10
2127.312317
  20
353.230247
  0
VERTEX
  8
1
  10
2132.069397
  20
353.378372
  0
VERTEX
  8
1
  10
2135.888977
  20
353.571930
  0
VERTEX
  8
1
  10
2139.224854
  20
353.814468
  0
VERTEX
  8
1
  10
2142.501068
  20
354.136086
  0
VERTEX
  8
1
  10
2145.340576
  20
354.494743
  0
VERTEX
  8
1
  10
2148.146515
  20
354.928284
  0
VERTEX
  8
1
  10
2151.343842
  20
355.513039
  0
VERTEX
  8
1
  10
2154.516754
  20
356.182938
  0
VERTEX
  8
1
  10
2157.650757
  20
356.927032
  0
VERTEX
  8
1
  10
2161.111908
  20
357.838936
  0
VERTEX
  8
1
  10
2164.485321
  20
358.814278
  0
VERTEX
  8
1
  10
2168.106079
  20
359.952278
  0
VERTEX
  8
1
  10
2171.567078
  20
361.125259
  0
VERTEX
  8
1
  10
2175.157776
  20
362.428093
  0
VERTEX
  8
1
  10
2178.776703
  20
363.828888
  0
VERTEX
  8
1
  10
2182.547760
  20
365.383377
  0
VERTEX
  8
1
  10
2185.973053
  20
366.883240
  0
VERTEX
  8
1
  10
2189.126282
  20
368.346634
  0
VERTEX
  8
1
  10
2195.313263
  20
371.348000
  0
VERTEX
  8
1
  10
2208.210754
  20
377.541809
  0
VERTEX
  8
1
  10
2205.305939
  20
349.875946
  0
VERTEX
  8
1
  10
2204.390411
  20
340.259514
  0
VERTEX
  8
1
  10
2203.639221
  20
331.506462
  0
VERTEX
  8
1
  10
2203.019714
  20
323.297272
  0
VERTEX
  8
1
  10
2202.540741
  20
315.821743
  0
VERTEX
  8
1
  10
2202.069702
  20
307.126999
  0
VERTEX
  8
1
  10
2201.654053
  20
297.942104
  0
VERTEX
  8
1
  10
2201.487427
  20
293.565655
  0
VERTEX
  8
1
  10
2201.478271
  20
293.323288
  0
VERTEX
  8
1
  10
2200.673218
  20
216.037312
  0
VERTEX
  8
1
  10
2189.456024
  20
221.025562
  0
VERTEX
  8
1
  10
2183.797760
  20
223.571129
  0
VERTEX
  8
1
  10
2180.611725
  20
224.937668
  0
VERTEX
  8
1
  10
2177.168884
  20
226.325970
  0
VERTEX
  8
1
  10
2173.398438
  20
227.751007
  0
VERTEX
  8
1
  10
2169.798737
  20
229.021454
  0
VERTEX
  8
1
  10
2166.245117
  20
230.189075
  0
VERTEX
  8
1
  10
2162.837372
  20
231.226120
  0
VERTEX
  8
1
  10
2159.291687
  20
232.215996
  0
VERTEX
  8
1
  10
2156.007080
  20
233.047695
  0
VERTEX
  8
1
  10
2152.657471
  20
233.806362
  0
VERTEX
  8
1
  10
2149.643555
  20
234.406509
  0
VERTEX
  8
1
  10
2146.612549
  20
234.925461
  0
VERTEX
  8
1
  10
2143.723450
  20
235.334930
  0
VERTEX
  8
1
  10
2140.650024
  20
235.679016
  0
VERTEX
  8
1
  10
2137.521057
  20
235.946026
  0
VERTEX
  8
1
  10
2133.938141
  20
236.167164
  0
VERTEX
  8
1
  10
2129.883881
  20
236.332626
  0
VERTEX
  8
1
  10
2124.508209
  20
236.457367
  0
VERTEX
  8
1
  10
2114.414520
  20
236.583385
  0
VERTEX
  8
1
  10
2104.206238
  20
236.729622
  0
VERTEX
  8
1
  10
2094.030609
  20
236.893673
  0
VERTEX
  8
1
  10
2083.998871
  20
237.056618
  0
VERTEX
  8
1
  10
2073.797607
  20
237.219105
  0
VERTEX
  8
1
  10
2066.478882
  20
237.333946
  0
VERTEX
  8
1
  10
2059.160156
  20
237.219105
  0
VERTEX
  8
1
  10
2048.958893
  20
237.056618
  0
VERTEX
  8
1
  10
2038.927155
  20
236.893673
  0
VERTEX
  8
1
  10
2028.751526
  20
236.729622
  0
VERTEX
  8
1
  10
2018.543243
  20
236.583385
  0
VERTEX
  8
1
  10
2008.449554
  20
236.457367
  0
VERTEX
  8
1
  10
2003.073883
  20
236.332626
  0
VERTEX
  8
1
  10
1999.019623
  20
236.167164
  0
VERTEX
  8
1
  10
1995.436707
  20
235.946026
  0
VERTEX
  8
1
  10
1992.307739
  20
235.679016
  0
VERTEX
  8
1
  10
1989.234314
  20
235.334930
  0
VERTEX
  8
1
  10
1986.345215
  20
234.925461
  0
VERTEX
  8
1
  10
1983.314209
  20
234.406509
  0
VERTEX
  8
1
  10
1980.300293
  20
233.806362
  0
VERTEX
  8
1
  10
1976.950684
  20
233.047695
  0
VERTEX
  8
1
  10
1973.666077
  20
232.215996
  0
VERTEX
  8
1
  10
1970.120392
  20
231.226120
  0
VERTEX
  8
1
  10
1966.712646
  20
230.189075
  0
VERTEX
  8
1
  10
1963.159027
  20
229.021454
  0
VERTEX
  8
1
  10
1959.559326
  20
227.751007
  0
VERTEX
  8
1
  10
1955.788879
  20
226.325970
  0
VERTEX
  8
1
  10
1952.346039
  20
224.937668
  0
VERTEX
  8
1
  10
1949.160004
  20
223.571129
  0
VERTEX
  8
1
  10
1943.501740
  20
221.025562
  0
SEQEND
  8
1
  0
POINT
  8
2
 10
1932.284546
 20
216.037312
  0
TEXT
  8
2
 10
1932.284546
 20
216.037312
 40
0.000000
 50
0.000000
  1
# 229
  0
POINT
  8
2
 10
1931.480560
 20
293.217182
  0
TEXT
  8
2
 10
1931.480560
 20
293.217182
 40
0.000000
 50
0.000000
  1
# 230
  0
POINT
  8
2
 10
1925.696259
 20
377.048950
  0
TEXT
  8
2
 10
1925.696259
 20
377.048950
 40
0.000000
 50
0.000000
  1
# 231
  0
POINT
  8
2
 10
2066.479034
 20
352.336349
  0
TEXT
  8
2
 10
2066.479034
 20
352.336349
 40
0.000000
 50
0.000000
  1
# 232
  0
POINT
  8
2
 10
2208.210754
 20
377.541809
  0
TEXT
  8
2
 10
2208.210754
 20
377.541809
 40
0.000000
 50
0.000000
  1
# 233
  0
POINT
  8
2
 10
2201.478271
 20
293.323288
  0
TEXT
  8
2
 10
2201.478271
 20
293.323288
 40
0.000000
 50
0.000000
  1
# 234
  0
POINT
  8
2
 10
2200.673218
 20
216.037312
  0
TEXT
  8
2
 10
2200.673218
 20
216.037312
 40
0.000000
 50
0.000000
  1
# 235
  0
POINT
  8
2
 10
2066.478882
 20
237.333946
  0
TEXT
  8
2
 10
2066.478882
 20
237.333946
 40
0.000000
 50
0.000000
  1
# 236
  0
POINT
  8
3
 10
1931.459961
 20
293.565655
  0
POINT
  8
3
 10
1931.173706
 20
298.389149
  0
POINT
  8
3
 10
1930.561371
 20
308.388653
  0
POINT
  8
3
 10
1929.930573
 20
318.316364
  0
POINT
  8
3
 10
1929.212494
 20
329.133568
  0
POINT
  8
3
 10
1928.522491
 20
339.016533
  0
POINT
  8
3
 10
1927.761383
 20
349.506340
  0
POINT
  8
3
 10
1938.177948
 20
371.088448
  0
POINT
  8
3
 10
1944.228210
 20
368.169136
  0
POINT
  8
3
 10
1947.383423
 20
366.713295
  0
POINT
  8
3
 10
1950.809631
 20
365.222054
  0
POINT
  8
3
 10
1954.580231
 20
363.677559
  0
POINT
  8
3
 10
1958.197632
 20
362.286682
  0
POINT
  8
3
 10
1961.785583
 20
360.994072
  0
POINT
  8
3
 10
1965.242767
 20
359.831352
  0
POINT
  8
3
 10
1968.858337
 20
358.704453
  0
POINT
  8
3
 10
1972.225494
 20
357.739792
  0
POINT
  8
3
 10
1975.679016
 20
356.839294
  0
POINT
  8
3
 10
1978.804779
 20
356.105843
  0
POINT
  8
3
 10
1981.968079
 20
355.447083
  0
POINT
  8
3
 10
1985.154266
 20
354.873886
  0
POINT
  8
3
 10
1987.948914
 20
354.450798
  0
POINT
  8
3
 10
1990.854797
 20
354.093781
  0
POINT
  8
3
 10
1994.124908
 20
353.783302
  0
POINT
  8
3
 10
1997.453766
 20
353.549919
  0
POINT
  8
3
 10
2001.264801
 20
353.364525
  0
POINT
  8
3
 10
2006.009979
 20
353.223267
  0
POINT
  8
3
 10
2013.064728
 20
353.116722
  0
POINT
  8
3
 10
2023.184204
 20
352.992897
  0
POINT
  8
3
 10
2033.451080
 20
352.842636
  0
POINT
  8
3
 10
2043.684540
 20
352.683792
  0
POINT
  8
3
 10
2053.844147
 20
352.527695
  0
POINT
  8
3
 10
2063.884735
 20
352.375374
  0
POINT
  8
3
 10
2069.936371
 20
352.388268
  0
POINT
  8
3
 10
2079.860229
 20
352.538681
  0
POINT
  8
3
 10
2090.154419
 20
352.696686
  0
POINT
  8
3
 10
2100.329742
 20
352.854118
  0
POINT
  8
3
 10
2110.639954
 20
353.003273
  0
POINT
  8
3
 10
2120.685120
 20
353.124390
  0
POINT
  8
3
 10
2127.312317
 20
353.230247
  0
POINT
  8
3
 10
2132.069397
 20
353.378372
  0
POINT
  8
3
 10
2135.888977
 20
353.571930
  0
POINT
  8
3
 10
2139.224854
 20
353.814468
  0
POINT
  8
3
 10
2142.501068
 20
354.136086
  0
POINT
  8
3
 10
2145.340576
 20
354.494743
  0
POINT
  8
3
 10
2148.146515
 20
354.928284
  0
POINT
  8
3
 10
2151.343842
 20
355.513039
  0
POINT
  8
3
 10
2154.516754
 20
356.182938
  0
POINT
  8
3
 10
2157.650757
 20
356.927032
  0
POINT
  8
3
 10
2161.111908
 20
357.838936
  0
POINT
  8
3
 10
2164.485321
 20
358.814278
  0
POINT
  8
3
 10
2168.106079
 20
359.952278
  0
POINT
  8
3
 10
2171.567078
 20
361.125259
  0
POINT
  8
3
 10
2175.157776
 20
362.428093
  0
POINT
  8
3
 10
2178.776703
 20
363.828888
  0
POINT
  8
3
 10
2182.547760
 20
365.383377
  0
POINT
  8
3
 10
2185.973053
 20
366.883240
  0
POINT
  8
3
 10
2189.126282
 20
368.346634
  0
POINT
  8
3
 10
2195.313263
 20
371.348000
  0
POINT
  8
3
 10
2205.305939
 20
349.875946
  0
POINT
  8
3
 10
2204.390411
 20
340.259514
  0
POINT
  8
3
 10
2203.639221
 20
331.506462
  0
POINT
  8
3
 10
2203.019714
 20
323.297272
  0
POINT
  8
3
 10
2202.540741
 20
315.821743
  0
POINT
  8
3
 10
2202.069702
 20
307.126999
  0
POINT
  8
3
 10
2201.654053
 20
297.942104
  0
POINT
  8
3
 10
2201.487427
 20
293.565655
  0
POINT
  8
3
 10
2189.456024
 20
221.025562
  0
POINT
  8
3
 10
2183.797760
 20
223.571129
  0
POINT
  8
3
 10
2180.611725
 20
224.937668
  0
POINT
  8
3
 10
2177.168884
 20
226.325970
  0
POINT
  8
3
 10
2173.398438
 20
227.751007
  0
POINT
  8
3
 10
2169.798737
 20
229.021454
  0
POINT
  8
3
 10
2166.245117
 20
230.189075
  0
POINT
  8
3
 10
2162.837372
 20
231.226120
  0
POINT
  8
3
 10
2159.291687
 20
232.215996
  0
POINT
  8
3
 10
2156.007080
 20
233.047695
  0
POINT
  8
3
 10
2152.657471
 20
233.806362
  0
POINT
  8
3
 10
2149.643555
 20
234.406509
  0
POINT
  8
3
 10
2146.612549
 20
234.925461
  0
POINT
  8
3
 10
2143.723450
 20
235.334930
  0
POINT
  8
3
 10
2140.650024
 20
235.679016
  0
POINT
  8
3
 10
2137.521057
 20
235.946026
  0
POINT
  8
3
 10
2133.938141
 20
236.167164
  0
POINT
  8
3
 10
2129.883881
 20
236.332626
  0
POINT
  8
3
 10
2124.508209
 20
236.457367
  0
POINT
  8
3
 10
2114.414520
 20
236.583385
  0
POINT
  8
3
 10
2104.206238
 20
236.729622
  0
POINT
  8
3
 10
2094.030609
 20
236.893673
  0
POINT
  8
3
 10
2083.998871
 20
237.056618
  0
POINT
  8
3
 10
2073.797607
 20
237.219105
  0
POINT
  8
3
 10
2059.160156
 20
237.219105
  0
POINT
  8
3
 10
2048.958893
 20
237.056618
  0
POINT
  8
3
 10
2038.927155
 20
236.893673
  0
POINT
  8
3
 10
2028.751526
 20
236.729622
  0
POINT
  8
3
 10
2018.543243
 20
236.583385
  0
POINT
  8
3
 10
2008.449554
 20
236.457367
  0
POINT
  8
3
 10
2003.073883
 20
236.332626
  0
POINT
  8
3
 10
1999.019623
 20
236.167164
  0
POINT
  8
3
 10
1995.436707
 20
235.946026
  0
POINT
  8
3
 10
1992.307739
 20
235.679016
  0
POINT
  8
3
 10
1989.234314
 20
235.334930
  0
POINT
  8
3
 10
1986.345215
 20
234.925461
  0
POINT
  8
3
 10
1983.314209
 20
234.406509
  0
POINT
  8
3
 10
1980.300293
 20
233.806362
  0
POINT
  8
3
 10
1976.950684
 20
233.047695
  0
POINT
  8
3
 10
1973.666077
 20
232.215996
  0
POINT
  8
3
 10
1970.120392
 20
231.226120
  0
POINT
  8
3
 10
1966.712646
 20
230.189075
  0
POINT
  8
3
 10
1963.159027
 20
229.021454
  0
POINT
  8
3
 10
1959.559326
 20
227.751007
  0
POINT
  8
3
 10
1955.788879
 20
226.325970
  0
POINT
  8
3
 10
1952.346039
 20
224.937668
  0
POINT
  8
3
 10
1949.160004
 20
223.571129
  0
POINT
  8
3
 10
1943.501740
 20
221.025562
  0
POINT
  8
4
 10
1931.459961
 20
293.565655
 30
1.000000
 50
  0.00
  0
TEXT
  8
4
 10
1931.459961
 20
293.565655
 40
0.000000
 50
0.000000
  1
# 237
  0
POINT
  8
4
 10
2201.487427
 20
293.565655
 30
1.000000
 50
180.00
  0
TEXT
  8
4
 10
2201.487427
 20
293.565655
 40
0.000000
 50
0.000000
  1
# 238
  0
POLYLINE
  8
14
  66
1
  70
1
  0
VERTEX
  8
14
  10
1942.125702
  20
231.342297
  0
VERTEX
  8
14
  10
1941.477509
  20
293.565655
  0
VERTEX
  8
14
  10
1941.477509
  20
293.565655
  0
VERTEX
  8
14
  10
1941.155667
  20
298.989119
  0
VERTEX
  8
14
  10
1940.541928
  20
309.010988
  0
VERTEX
  8
14
  10
1939.909675
  20
318.962795
  0
VERTEX
  8
14
  10
1939.189288
  20
329.813822
  0
VERTEX
  8
14
  10
1938.497185
  20
339.727367
  0
VERTEX
  8
14
  10
1937.734363
  20
350.241907
  0
VERTEX
  8
14
  10
1936.971283
  20
360.598907
  0
VERTEX
  8
14
  10
1939.931991
  20
359.139054
  0
VERTEX
  8
14
  10
1943.293660
  20
357.587843
  0
VERTEX
  8
14
  10
1946.915888
  20
356.011282
  0
VERTEX
  8
14
  10
1950.892880
  20
354.382222
  0
VERTEX
  8
14
  10
1954.708311
  20
352.915206
  0
VERTEX
  8
14
  10
1958.497707
  20
351.550040
  0
VERTEX
  8
14
  10
1962.156954
  20
350.319367
  0
VERTEX
  8
14
  10
1965.995311
  20
349.123036
  0
VERTEX
  8
14
  10
1969.582965
  20
348.095251
  0
VERTEX
  8
14
  10
1973.278434
  20
347.131691
  0
VERTEX
  8
14
  10
1976.639545
  20
346.343050
  0
VERTEX
  8
14
  10
1980.059502
  20
345.630894
  0
VERTEX
  8
14
  10
1983.525905
  20
345.007336
  0
VERTEX
  8
14
  10
1986.587370
  20
344.543921
  0
VERTEX
  8
14
  10
1989.771737
  20
344.152596
  0
VERTEX
  8
14
  10
1993.309574
  20
343.816579
  0
VERTEX
  8
14
  10
1996.862807
  20
343.567408
  0
VERTEX
  8
14
  10
2000.874438
  20
343.372159
  0
VERTEX
  8
14
  10
2005.791251
  20
343.225669
  0
VERTEX
  8
14
  10
2012.952892
  20
343.117349
  0
VERTEX
  8
14
  10
2023.047548
  20
342.993833
  0
VERTEX
  8
14
  10
2033.297655
  20
342.843814
  0
VERTEX
  8
14
  10
2043.529747
  20
342.684988
  0
VERTEX
  8
14
  10
2053.691525
  20
342.528849
  0
VERTEX
  8
14
  10
2063.733912
  20
342.376500
  0
VERTEX
  8
14
  10
2066.478882
  20
342.335205
  0
VERTEX
  8
14
  10
2070.087070
  20
342.389417
  0
VERTEX
  8
14
  10
2080.012634
  20
342.539832
  0
VERTEX
  8
14
  10
2090.309070
  20
342.697884
  0
VERTEX
  8
14
  10
2100.482071
  20
342.855286
  0
VERTEX
  8
14
  10
2110.774279
  20
343.004185
  0
VERTEX
  8
14
  10
2120.800690
  20
343.125046
  0
VERTEX
  8
14
  10
2127.541426
  20
343.232856
  0
VERTEX
  8
14
  10
2132.476908
  20
343.386698
  0
VERTEX
  8
14
  10
2136.503175
  20
343.590800
  0
VERTEX
  8
14
  10
2140.068904
  20
343.850172
  0
VERTEX
  8
14
  10
2143.618682
  20
344.198739
  0
VERTEX
  8
14
  10
2146.733249
  20
344.592193
  0
VERTEX
  8
14
  10
2149.804165
  20
345.066636
  0
VERTEX
  8
14
  10
2153.280087
  20
345.702297
  0
VERTEX
  8
14
  10
2156.708276
  20
346.426016
  0
VERTEX
  8
14
  10
2160.076411
  20
347.225675
  0
VERTEX
  8
14
  10
2163.778456
  20
348.200976
  0
VERTEX
  8
14
  10
2167.371385
  20
349.239800
  0
VERTEX
  8
14
  10
2171.214233
  20
350.447567
  0
VERTEX
  8
14
  10
2174.876681
  20
351.688790
  0
VERTEX
  8
14
  10
2178.668310
  20
353.064531
  0
VERTEX
  8
14
  10
2182.484879
  20
354.541832
  0
VERTEX
  8
14
  10
2186.461865
  20
356.181228
  0
VERTEX
  8
14
  10
2190.082974
  20
357.766839
  0
VERTEX
  8
14
  10
2193.442553
  20
359.326107
  0
VERTEX
  8
14
  10
2196.397247
  20
360.792999
  0
VERTEX
  8
14
  10
2195.355378
  20
350.869021
  0
VERTEX
  8
14
  10
2194.431149
  20
341.160826
  0
VERTEX
  8
14
  10
2193.671770
  20
332.312326
  0
VERTEX
  8
14
  10
2193.043881
  20
323.991740
  0
VERTEX
  8
14
  10
2192.558078
  20
316.411235
  0
VERTEX
  8
14
  10
2192.082042
  20
307.622653
  0
VERTEX
  8
14
  10
2191.662463
  20
298.350322
  0
VERTEX
  8
14
  10
2191.480255
  20
293.565655
  0
VERTEX
  8
14
  10
2191.480255
  20
293.565655
  0
VERTEX
  8
14
  10
2190.852814
  20
231.333141
  0
VERTEX
  8
14
  10
2187.847163
  20
232.714586
  0
VERTEX
  8
14
  10
2184.452222
  20
234.170757
  0
VERTEX
  8
14
  10
2180.809989
  20
235.639549
  0
VERTEX
  8
14
  10
2176.828044
  20
237.144526
  0
VERTEX
  8
14
  10
2173.023870
  20
238.487081
  0
VERTEX
  8
14
  10
2169.260993
  20
239.723444
  0
VERTEX
  8
14
  10
2165.641978
  20
240.824786
  0
VERTEX
  8
14
  10
2161.861616
  20
241.880110
  0
VERTEX
  8
14
  10
2158.343265
  20
242.770989
  0
VERTEX
  8
14
  10
2154.735064
  20
243.588152
  0
VERTEX
  8
14
  10
2151.467976
  20
244.238681
  0
VERTEX
  8
14
  10
2148.158765
  20
244.805205
  0
VERTEX
  8
14
  10
2144.980828
  20
245.255568
  0
VERTEX
  8
14
  10
2141.625067
  20
245.631364
  0
VERTEX
  8
14
  10
2138.253872
  20
245.919141
  0
VERTEX
  8
14
  10
2134.446381
  20
246.154237
  0
VERTEX
  8
14
  10
2130.202086
  20
246.327571
  0
VERTEX
  8
14
  10
2124.671763
  20
246.456021
  0
VERTEX
  8
14
  10
2114.542586
  20
246.582568
  0
VERTEX
  8
14
  10
2104.361569
  20
246.728408
  0
VERTEX
  8
14
  10
2094.194649
  20
246.892333
  0
VERTEX
  8
14
  10
2084.159585
  20
247.055336
  0
VERTEX
  8
14
  10
2073.955601
  20
247.217866
  0
VERTEX
  8
14
  10
2066.478882
  20
247.335186
  0
VERTEX
  8
14
  10
2059.002163
  20
247.217866
  0
VERTEX
  8
14
  10
2048.798178
  20
247.055336
  0
VERTEX
  8
14
  10
2038.763114
  20
246.892333
  0
VERTEX
  8
14
  10
2028.596194
  20
246.728408
  0
VERTEX
  8
14
  10
2018.415177
  20
246.582568
  0
VERTEX
  8
14
  10
2008.286001
  20
246.456021
  0
VERTEX
  8
14
  10
2002.755678
  20
246.327571
  0
VERTEX
  8
14
  10
1998.511383
  20
246.154237
  0
VERTEX
  8
14
  10
1994.703892
  20
245.919141
  0
VERTEX
  8
14
  10
1991.332697
  20
245.631364
  0
VERTEX
  8
14
  10
1987.976935
  20
245.255568
  0
VERTEX
  8
14
  10
1984.798999
  20
244.805205
  0
VERTEX
  8
14
  10
1981.489787
  20
244.238681
  0
VERTEX
  8
14
  10
1978.222700
  20
243.588152
  0
VERTEX
  8
14
  10
1974.614499
  20
242.770989
  0
VERTEX
  8
14
  10
1971.096148
  20
241.880110
  0
VERTEX
  8
14
  10
1967.315786
  20
240.824786
  0
VERTEX
  8
14
  10
1963.696771
  20
239.723444
  0
VERTEX
  8
14
  10
1959.933894
  20
238.487081
  0
VERTEX
  8
14
  10
1956.129720
  20
237.144526
  0
VERTEX
  8
14
  10
1952.147775
  20
235.639549
  0
VERTEX
  8
14
  10
1948.505542
  20
234.170757
  0
VERTEX
  8
14
  10
1945.110600
  20
232.714586
  0
SEQEND
  8
14
  0
POINT
  8
2
 10
1942.125702
 20
231.342297
  0
TEXT
  8
2
 10
1942.125702
 20
231.342297
 40
0.000000
 50
0.000000
  1
# 239
  0
POINT
  8
2
 10
1941.477509
 20
293.565655
  0
TEXT
  8
2
 10
1941.477509
 20
293.565655
 40
0.000000
 50
0.000000
  1
# 240
  0
POINT
  8
2
 10
1936.971283
 20
360.598907
  0
TEXT
  8
2
 10
1936.971283
 20
360.598907
 40
0.000000
 50
0.000000
  1
# 241
  0
POINT
  8
2
 10
2066.478882
 20
342.335205
  0
TEXT
  8
2
 10
2066.478882
 20
342.335205
 40
0.000000
 50
0.000000
  1
# 242
  0
POINT
  8
2
 10
2196.397247
 20
360.792999
  0
TEXT
  8
2
 10
2196.397247
 20
360.792999
 40
0.000000
 50
0.000000
  1
# 243
  0
POINT
  8
2
 10
2191.480255
 20
293.565655
  0
TEXT
  8
2
 10
2191.480255
 20
293.565655
 40
0.000000
 50
0.000000
  1
# 244
  0
POINT
  8
2
 10
2190.852814
 20
231.333141
  0
TEXT
  8
2
 10
2190.852814
 20
231.333141
 40
0.000000
 50
0.000000
  1
# 245
  0
POINT
  8
2
 10
2066.478882
 20
247.335186
  0
TEXT
  8
2
 10
2066.478882
 20
247.335186
 40
0.000000
 50
0.000000
  1
# 246
  0
POINT
  8
3
 10
1941.477509
 20
293.565655
  0
POINT
  8
3
 10
1941.155667
 20
298.989119
  0
POINT
  8
3
 10
1940.541928
 20
309.010988
  0
POINT
  8
3
 10
1939.909675
 20
318.962795
  0
POINT
  8
3
 10
1939.189288
 20
329.813822
  0
POINT
  8
3
 10
1938.497185
 20
339.727367
  0
POINT
  8
3
 10
1937.734363
 20
350.241907
  0
POINT
  8
3
 10
1939.931991
 20
359.139054
  0
POINT
  8
3
 10
1943.293660
 20
357.587843
  0
POINT
  8
3
 10
1946.915888
 20
356.011282
  0
POINT
  8
3
 10
1950.892880
 20
354.382222
  0
POINT
  8
3
 10
1954.708311
 20
352.915206
  0
POINT
  8
3
 10
1958.497707
 20
351.550040
  0
POINT
  8
3
 10
1962.156954
 20
350.319367
  0
POINT
  8
3
 10
1965.995311
 20
349.123036
  0
POINT
  8
3
 10
1969.582965
 20
348.095251
  0
POINT
  8
3
 10
1973.278434
 20
347.131691
  0
POINT
  8
3
 10
1976.639545
 20
346.343050
  0
POINT
  8
3
 10
1980.059502
 20
345.630894
  0
POINT
  8
3
 10
1983.525905
 20
345.007336
  0
POINT
  8
3
 10
1986.587370
 20
344.543921
  0
POINT
  8
3
 10
1989.771737
 20
344.152596
  0
POINT
  8
3
 10
1993.309574
 20
343.816579
  0
POINT
  8
3
 10
1996.862807
 20
343.567408
  0
POINT
  8
3
 10
2000.874438
 20
343.372159
  0
POINT
  8
3
 10
2005.791251
 20
343.225669
  0
POINT
  8
3
 10
2012.952892
 20
343.117349
  0
POINT
  8
3
 10
2023.047548
 20
342.993833
  0
POINT
  8
3
 10
2033.297655
 20
342.843814
  0
POINT
  8
3
 10
2043.529747
 20
342.684988
  0
POINT
  8
3
 10
2053.691525
 20
342.528849
  0
POINT
  8
3
 10
2063.733912
 20
342.376500
  0
POINT
  8
3
 10
2070.087070
 20
342.389417
  0
POINT
  8
3
 10
2080.012634
 20
342.539832
  0
POINT
  8
3
 10
2090.309070
 20
342.697884
  0
POINT
  8
3
 10
2100.482071
 20
342.855286
  0
POINT
  8
3
 10
2110.774279
 20
343.004185
  0
POINT
  8
3
 10
2120.800690
 20
343.125046
  0
POINT
  8
3
 10
2127.541426
 20
343.232856
  0
POINT
  8
3
 10
2132.476908
 20
343.386698
  0
POINT
  8
3
 10
2136.503175
 20
343.590800
  0
POINT
  8
3
 10
2140.068904
 20
343.850172
  0
POINT
  8
3
 10
2143.618682
 20
344.198739
  0
POINT
  8
3
 10
2146.733249
 20
344.592193
  0
POINT
  8
3
 10
2149.804165
 20
345.066636
  0
POINT
  8
3
 10
2153.280087
 20
345.702297
  0
POINT
  8
3
 10
2156.708276
 20
346.426016
  0
POINT
  8
3
 10
2160.076411
 20
347.225675
  0
POINT
  8
3
 10
2163.778456
 20
348.200976
  0
POINT
  8
3
 10
2167.371385
 20
349.239800
  0
POINT
  8
3
 10
2171.214233
 20
350.447567
  0
POINT
  8
3
 10
2174.876681
 20
351.688790
  0
POINT
  8
3
 10
2178.668310
 20
353.064531
  0
POINT
  8
3
 10
2182.484879
 20
354.541832
  0
POINT
  8
3
 10
2186.461865
 20
356.181228
  0
POINT
  8
3
 10
2190.082974
 20
357.766839
  0
POINT
  8
3
 10
2193.442553
 20
359.326107
  0
POINT
  8
3
 10
2195.355378
 20
350.869021
  0
POINT
  8
3
 10
2194.431149
 20
341.160826
  0
POINT
  8
3
 10
2193.671770
 20
332.312326
  0
POINT
  8
3
 10
2193.043881
 20
323.991740
  0
POINT
  8
3
 10
2192.558078
 20
316.411235
  0
POINT
  8
3
 10
2192.082042
 20
307.622653
  0
POINT
  8
3
 10
2191.662463
 20
298.350322
  0
POINT
  8
3
 10
2191.480255
 20
293.565655
  0
POINT
  8
3
 10
2187.847163
 20
232.714586
  0
POINT
  8
3
 10
2184.452222
 20
234.170757
  0
POINT
  8
3
 10
2180.809989
 20
235.639549
  0
POINT
  8
3
 10
2176.828044
 20
237.144526
  0
POINT
  8
3
 10
2173.023870
 20
238.487081
  0
POINT
  8
3
 10
2169.260993
 20
239.723444
  0
POINT
  8
3
 10
2165.641978
 20
240.824786
  0
POINT
  8
3
 10
2161.861616
 20
241.880110
  0
POINT
  8
3
 10
2158.343265
 20
242.770989
  0
POINT
  8
3
 10
2154.735064
 20
243.588152
  0
POINT
  8
3
 10
2151.467976
 20
244.238681
  0
POINT
  8
3
 10
2148.158765
 20
244.805205
  0
POINT
  8
3
 10
2144.980828
 20
245.255568
  0
POINT
  8
3
 10
2141.625067
 20
245.631364
  0
POINT
  8
3
 10
2138.253872
 20
245.919141
  0
POINT
  8
3
 10
2134.446381
 20
246.154237
  0
POINT
  8
3
 10
2130.202086
 20
246.327571
  0
POINT
  8
3
 10
2124.671763
 20
246.456021
  0
POINT
  8
3
 10
2114.542586
 20
246.582568
  0
POINT
  8
3
 10
2104.361569
 20
246.728408
  0
POINT
  8
3
 10
2094.194649
 20
246.892333
  0
POINT
  8
3
 10
2084.159585
 20
247.055336
  0
POINT
  8
3
 10
2073.955601
 20
247.217866
  0
POINT
  8
3
 10
2059.002163
 20
247.217866
  0
POINT
  8
3
 10
2048.798178
 20
247.055336
  0
POINT
  8
3
 10
2038.763114
 20
246.892333
  0
POINT
  8
3
 10
2028.596194
 20
246.728408
  0
POINT
  8
3
 10
2018.415177
 20
246.582568
  0
POINT
  8
3
 10
2008.286001
 20
246.456021
  0
POINT
  8
3
 10
2002.755678
 20
246.327571
  0
POINT
  8
3
 10
1998.511383
 20
246.154237
  0
POINT
  8
3
 10
1994.703892
 20
245.919141
  0
POINT
  8
3
 10
1991.332697
 20
245.631364
  0
POINT
  8
3
 10
1987.976935
 20
245.255568
  0
POINT
  8
3
 10
1984.798999
 20
244.805205
  0
POINT
  8
3
 10
1981.489787
 20
244.238681
  0
POINT
  8
3
 10
1978.222700
 20
243.588152
  0
POINT
  8
3
 10
1974.614499
 20
242.770989
  0
POINT
  8
3
 10
1971.096148
 20
241.880110
  0
POINT
  8
3
 10
1967.315786
 20
240.824786
  0
POINT
  8
3
 10
1963.696771
 20
239.723444
  0
POINT
  8
3
 10
1959.933894
 20
238.487081
  0
POINT
  8
3
 10
1956.129720
 20
237.144526
  0
POINT
  8
3
 10
1952.147775
 20
235.639549
  0
POINT
  8
3
 10
1948.505542
 20
234.170757
  0
POINT
  8
3
 10
1945.110600
 20
232.714586
  0
POINT
  8
4
 10
1941.477509
 20
293.565655
 30
1.000000
 50
  0.00
  0
TEXT
  8
4
 10
1941.477509
 20
293.565655
 40
0.000000
 50
0.000000
  1
# 247
  0
POINT
  8
4
 10
2191.480255
 20
293.565655
 30
1.000000
 50
180.00
  0
TEXT
  8
4
 10
2191.480255
 20
293.565655
 40
0.000000
 50
0.000000
  1
# 248
  0
POLYLINE
  8
8
  66
1
  70
0
  0
VERTEX
  8
8
  10
1941.477509
  20
293.565655
  0
VERTEX
  8
8
  10
2191.480255
  20
293.565655
  0
SEQEND
  8
8
  0
POINT
  8
2
 10
1941.477509
 20
293.565655
  0
TEXT
  8
2
 10
1941.477509
 20
293.565655
 40
0.000000
 50
0.000000
  1
# 249
  0
POINT
  8
2
 10
2191.480255
 20
293.565655
  0
TEXT
  8
2
 10
2191.480255
 20
293.565655
 40
0.000000
 50
0.000000
  1
# 250
  0
POLYLINE
  8
8
  66
1
  70
0
  0
VERTEX
  8
8
  10
2066.478882
  20
342.335205
  0
VERTEX
  8
8
  10
2066.478882
  20
247.335186
  0
SEQEND
  8
8
  0
POINT
  8
2
 10
2066.478882
 20
342.335205
  0
TEXT
  8
2
 10
2066.478882
 20
342.335205
 40
0.000000
 50
0.000000
  1
# 251
  0
POINT
  8
2
 10
2066.478882
 20
247.335186
  0
TEXT
  8
2
 10
2066.478882
 20
247.335186
 40
0.000000
 50
0.000000
  1
# 252
 0
LINE
 8
7
 10
2047.722321
 20
303.360176
 11
2047.722321
 21
266.160088
  0
TEXT
  8
1
 10
2066.953506
 20
296.789560
 40
10.000000
 50
0.000000
  1
Piece Name: 26SMC-WP130M 展_后中拼_175/84
  0
TEXT
  8
1
 10
2066.953506
 20
311.789560
 40
10.000000
 50
0.000000
  1
Size: 175/84
  0
TEXT
  8
1
 10
2066.953506
 20
326.789560
 40
10.000000
 50
0.000000
  1
Annotation: 
  0
TEXT
  8
1
 10
2066.953506
 20
341.789560
 40
10.000000
 50
0.000000
  1
Quantity: 1,1
  0
TEXT
  8
1
 10
2066.953506
 20
356.789560
 40
10.000000
 50
0.000000
  1
Material: 面
  0
TEXT
  8
1
 10
2066.953506
 20
356.789560
 40
10.000000
 50
0.000000
  1
Category: 7
0
ENDBLK
0
BLOCK
  8
1
  2
26SMC-WP130M 展_前中拼_175/84
 70
0
 10
0.0
 20
0.0
  0
POLYLINE
  8
1
  66
1
  70
1
  0
VERTEX
  8
1
  10
3053.938904
  20
192.160339
  0
VERTEX
  8
1
  10
2995.557861
  20
251.420879
  0
VERTEX
  8
1
  10
3003.394165
  20
259.140682
  0
VERTEX
  8
1
  10
3002.392273
  20
269.468994
  0
VERTEX
  8
1
  10
3001.419067
  20
279.503441
  0
VERTEX
  8
1
  10
3000.462952
  20
289.364147
  0
VERTEX
  8
1
  10
3000.228271
  20
291.782455
  0
VERTEX
  8
1
  10
2996.435242
  20
312.062340
  0
VERTEX
  8
1
  10
3007.590332
  20
313.045921
  0
VERTEX
  8
1
  10
3007.644043
  20
316.566429
  0
VERTEX
  8
1
  10
3007.647400
  20
316.785603
  0
VERTEX
  8
1
  10
3007.449646
  20
324.879723
  0
VERTEX
  8
1
  10
3007.373047
  20
326.819382
  0
VERTEX
  8
1
  10
2996.718750
  20
328.123283
  0
VERTEX
  8
1
  10
2999.055481
  20
343.557472
  0
VERTEX
  8
1
  10
2999.515991
  20
347.210579
  0
VERTEX
  8
1
  10
3000.030518
  20
355.694885
  0
VERTEX
  8
1
  10
3000.534363
  20
362.648621
  0
VERTEX
  8
1
  10
3001.123352
  20
369.562416
  0
VERTEX
  8
1
  10
3001.872864
  20
377.368889
  0
VERTEX
  8
1
  10
3002.502136
  20
383.347549
  0
VERTEX
  8
1
  10
2994.639282
  20
391.039963
  0
VERTEX
  8
1
  10
3053.903198
  20
451.618462
  0
VERTEX
  8
1
  10
3083.529663
  20
451.622772
  0
VERTEX
  8
1
  10
3193.148804
  20
451.638718
  0
VERTEX
  8
1
  10
3252.572327
  20
391.062775
  0
VERTEX
  8
1
  10
3244.719543
  20
383.359680
  0
VERTEX
  8
1
  10
3245.103760
  20
379.657135
  0
VERTEX
  8
1
  10
3245.914917
  20
371.243172
  0
VERTEX
  8
1
  10
3246.573486
  20
363.636398
  0
VERTEX
  8
1
  10
3247.105408
  20
356.546707
  0
VERTEX
  8
1
  10
3247.695007
  20
347.315559
  0
VERTEX
  8
1
  10
3248.141785
  20
343.805656
  0
VERTEX
  8
1
  10
3250.448914
  20
328.523178
  0
VERTEX
  8
1
  10
3239.949036
  20
327.002335
  0
VERTEX
  8
1
  10
3239.870300
  20
325.091171
  0
VERTEX
  8
1
  10
3239.657898
  20
317.011566
  0
VERTEX
  8
1
  10
3239.651794
  20
316.783028
  0
VERTEX
  8
1
  10
3239.852600
  20
303.749599
  0
VERTEX
  8
1
  10
3247.831726
  20
300.422363
  0
VERTEX
  8
1
  10
3246.766968
  20
289.589958
  0
VERTEX
  8
1
  10
3245.776062
  20
279.509926
  0
VERTEX
  8
1
  10
3244.779358
  20
269.370422
  0
VERTEX
  8
1
  10
3243.765564
  20
259.056854
  0
VERTEX
  8
1
  10
3251.591797
  20
251.327057
  0
VERTEX
  8
1
  10
3193.139954
  20
192.145634
  0
SEQEND
  8
1
  0
POINT
  8
2
 10
3053.938904
 20
192.160339
  0
TEXT
  8
2
 10
3053.938904
 20
192.160339
 40
0.000000
 50
0.000000
  1
# 253
  0
POINT
  8
2
 10
2995.557861
 20
251.420879
  0
TEXT
  8
2
 10
2995.557861
 20
251.420879
 40
0.000000
 50
0.000000
  1
# 254
  0
POINT
  8
2
 10
3003.394165
 20
259.140682
  0
TEXT
  8
2
 10
3003.394165
 20
259.140682
 40
0.000000
 50
0.000000
  1
# 255
  0
POINT
  8
2
 10
3000.228271
 20
291.782455
  0
TEXT
  8
2
 10
3000.228271
 20
291.782455
 40
0.000000
 50
0.000000
  1
# 256
  0
POINT
  8
2
 10
2996.435242
 20
312.062340
  0
TEXT
  8
2
 10
2996.435242
 20
312.062340
 40
0.000000
 50
0.000000
  1
# 257
  0
POINT
  8
2
 10
3007.590332
 20
313.045921
  0
TEXT
  8
2
 10
3007.590332
 20
313.045921
 40
0.000000
 50
0.000000
  1
# 258
  0
POINT
  8
2
 10
3007.647400
 20
316.785603
  0
TEXT
  8
2
 10
3007.647400
 20
316.785603
 40
0.000000
 50
0.000000
  1
# 259
  0
POINT
  8
2
 10
3007.373047
 20
326.819382
  0
TEXT
  8
2
 10
3007.373047
 20
326.819382
 40
0.000000
 50
0.000000
  1
# 260
  0
POINT
  8
2
 10
2996.718750
 20
328.123283
  0
TEXT
  8
2
 10
2996.718750
 20
328.123283
 40
0.000000
 50
0.000000
  1
# 261
  0
POINT
  8
2
 10
2999.515991
 20
347.210579
  0
TEXT
  8
2
 10
2999.515991
 20
347.210579
 40
0.000000
 50
0.000000
  1
# 262
  0
POINT
  8
2
 10
3002.502136
 20
383.347549
  0
TEXT
  8
2
 10
3002.502136
 20
383.347549
 40
0.000000
 50
0.000000
  1
# 263
  0
POINT
  8
2
 10
2994.639282
 20
391.039963
  0
TEXT
  8
2
 10
2994.639282
 20
391.039963
 40
0.000000
 50
0.000000
  1
# 264
  0
POINT
  8
2
 10
3053.903198
 20
451.618462
  0
TEXT
  8
2
 10
3053.903198
 20
451.618462
 40
0.000000
 50
0.000000
  1
# 265
  0
POINT
  8
2
 10
3193.148804
 20
451.638718
  0
TEXT
  8
2
 10
3193.148804
 20
451.638718
 40
0.000000
 50
0.000000
  1
# 266
  0
POINT
  8
2
 10
3252.572327
 20
391.062775
  0
TEXT
  8
2
 10
3252.572327
 20
391.062775
 40
0.000000
 50
0.000000
  1
# 267
  0
POINT
  8
2
 10
3244.719543
 20
383.359680
  0
TEXT
  8
2
 10
3244.719543
 20
383.359680
 40
0.000000
 50
0.000000
  1
# 268
  0
POINT
  8
2
 10
3247.695007
 20
347.315559
  0
TEXT
  8
2
 10
3247.695007
 20
347.315559
 40
0.000000
 50
0.000000
  1
# 269
  0
POINT
  8
2
 10
3250.448914
 20
328.523178
  0
TEXT
  8
2
 10
3250.448914
 20
328.523178
 40
0.000000
 50
0.000000
  1
# 270
  0
POINT
  8
2
 10
3239.949036
 20
327.002335
  0
TEXT
  8
2
 10
3239.949036
 20
327.002335
 40
0.000000
 50
0.000000
  1
# 271
  0
POINT
  8
2
 10
3239.651794
 20
316.783028
  0
TEXT
  8
2
 10
3239.651794
 20
316.783028
 40
0.000000
 50
0.000000
  1
# 272
  0
POINT
  8
2
 10
3239.852600
 20
303.749599
  0
TEXT
  8
2
 10
3239.852600
 20
303.749599
 40
0.000000
 50
0.000000
  1
# 273
  0
POINT
  8
2
 10
3247.831726
 20
300.422363
  0
TEXT
  8
2
 10
3247.831726
 20
300.422363
 40
0.000000
 50
0.000000
  1
# 274
  0
POINT
  8
2
 10
3243.765564
 20
259.056854
  0
TEXT
  8
2
 10
3243.765564
 20
259.056854
 40
0.000000
 50
0.000000
  1
# 275
  0
POINT
  8
2
 10
3251.591797
 20
251.327057
  0
TEXT
  8
2
 10
3251.591797
 20
251.327057
 40
0.000000
 50
0.000000
  1
# 276
  0
POINT
  8
2
 10
3193.139954
 20
192.145634
  0
TEXT
  8
2
 10
3193.139954
 20
192.145634
 40
0.000000
 50
0.000000
  1
# 277
  0
POINT
  8
3
 10
3002.392273
 20
269.468994
  0
POINT
  8
3
 10
3001.419067
 20
279.503441
  0
POINT
  8
3
 10
3000.462952
 20
289.364147
  0
POINT
  8
3
 10
3007.644043
 20
316.566429
  0
POINT
  8
3
 10
3007.449646
 20
324.879723
  0
POINT
  8
3
 10
2999.055481
 20
343.557472
  0
POINT
  8
3
 10
3000.030518
 20
355.694885
  0
POINT
  8
3
 10
3000.534363
 20
362.648621
  0
POINT
  8
3
 10
3001.123352
 20
369.562416
  0
POINT
  8
3
 10
3001.872864
 20
377.368889
  0
POINT
  8
3
 10
3083.529663
 20
451.622772
  0
POINT
  8
3
 10
3245.103760
 20
379.657135
  0
POINT
  8
3
 10
3245.914917
 20
371.243172
  0
POINT
  8
3
 10
3246.573486
 20
363.636398
  0
POINT
  8
3
 10
3247.105408
 20
356.546707
  0
POINT
  8
3
 10
3248.141785
 20
343.805656
  0
POINT
  8
3
 10
3239.870300
 20
325.091171
  0
POINT
  8
3
 10
3239.657898
 20
317.011566
  0
POINT
  8
3
 10
3246.766968
 20
289.589958
  0
POINT
  8
3
 10
3245.776062
 20
279.509926
  0
POINT
  8
3
 10
3244.779358
 20
269.370422
  0
POINT
  8
4
 10
3007.644043
 20
316.566429
 30
1.000000
 50
  1.40
  0
TEXT
  8
4
 10
3007.644043
 20
316.566429
 40
0.000000
 50
0.000000
  1
# 278
  0
POINT
  8
4
 10
3083.529663
 20
451.622772
 30
1.000000
 50
270.01
  0
TEXT
  8
4
 10
3083.529663
 20
451.622772
 40
0.000000
 50
0.000000
  1
# 279
  0
POINT
  8
4
 10
3239.657898
 20
317.011566
 30
1.000000
 50
180.87
  0
TEXT
  8
4
 10
3239.657898
 20
317.011566
 40
0.000000
 50
0.000000
  1
# 280
  0
POLYLINE
  8
14
  66
1
  70
1
  0
VERTEX
  8
14
  10
3058.544006
  20
203.159847
  0
VERTEX
  8
14
  10
3015.652466
  20
246.697598
  0
VERTEX
  8
14
  10
3011.130066
  20
293.327541
  0
VERTEX
  8
14
  10
3009.476318
  20
302.169552
  0
VERTEX
  8
14
  10
3018.436890
  20
302.959652
  0
VERTEX
  8
14
  10
3018.649597
  20
316.835690
  0
VERTEX
  8
14
  10
3018.649597
  20
316.835690
  0
VERTEX
  8
14
  10
3018.444244
  20
325.227355
  0
VERTEX
  8
14
  10
3018.261887
  20
329.845348
  0
VERTEX
  8
14
  10
3018.030687
  20
333.813726
  0
VERTEX
  8
14
  10
3017.813110
  20
336.519241
  0
VERTEX
  8
14
  10
3013.691798
  20
337.127231
  0
VERTEX
  8
14
  10
3009.284668
  20
337.638016
  0
VERTEX
  8
14
  10
3009.952171
  20
342.053490
  0
VERTEX
  8
14
  10
3010.473938
  20
346.186142
  0
VERTEX
  8
14
  10
3011.148867
  20
356.383658
  0
VERTEX
  8
14
  10
3011.557981
  20
363.652700
  0
VERTEX
  8
14
  10
3011.828095
  20
369.910159
  0
VERTEX
  8
14
  10
3012.141591
  20
379.719750
  0
VERTEX
  8
14
  10
3012.419968
  20
389.811068
  0
VERTEX
  8
14
  10
3012.511597
  20
393.578873
  0
VERTEX
  8
14
  10
3058.531189
  20
440.619125
  0
VERTEX
  8
14
  10
3083.531189
  20
440.622749
  0
VERTEX
  8
14
  10
3188.531189
  20
440.638046
  0
VERTEX
  8
14
  10
3234.436340
  20
393.822708
  0
VERTEX
  8
14
  10
3234.526088
  20
391.185232
  0
VERTEX
  8
14
  10
3234.876919
  20
381.144788
  0
VERTEX
  8
14
  10
3235.259497
  20
371.089426
  0
VERTEX
  8
14
  10
3235.584918
  20
364.183408
  0
VERTEX
  8
14
  10
3236.040741
  20
356.500610
  0
VERTEX
  8
14
  10
3236.739502
  20
346.267624
  0
VERTEX
  8
14
  10
3237.244998
  20
342.302623
  0
VERTEX
  8
14
  10
3237.920227
  20
337.823257
  0
VERTEX
  8
14
  10
3233.438503
  20
337.173218
  0
VERTEX
  8
14
  10
3229.495850
  20
336.509171
  0
VERTEX
  8
14
  10
3229.311426
  20
334.209748
  0
VERTEX
  8
14
  10
3229.072435
  20
330.207352
  0
VERTEX
  8
14
  10
3228.876392
  20
325.458308
  0
VERTEX
  8
14
  10
3228.649597
  20
316.843929
  0
VERTEX
  8
14
  10
3228.649597
  20
316.843929
  0
VERTEX
  8
14
  10
3228.858337
  20
303.127346
  0
VERTEX
  8
14
  10
3229.581604
  20
296.114407
  0
VERTEX
  8
14
  10
3236.088562
  20
293.401089
  0
VERTEX
  8
14
  10
3231.491089
  20
246.629086
  0
VERTEX
  8
14
  10
3188.544006
  20
203.146114
  0
SEQEND
  8
14
  0
POINT
  8
2
 10
3058.544006
 20
203.159847
  0
TEXT
  8
2
 10
3058.544006
 20
203.159847
 40
0.000000
 50
0.000000
  1
# 281
  0
POINT
  8
2
 10
3015.652466
 20
246.697598
  0
TEXT
  8
2
 10
3015.652466
 20
246.697598
 40
0.000000
 50
0.000000
  1
# 282
  0
POINT
  8
2
 10
3011.130066
 20
293.327541
  0
TEXT
  8
2
 10
3011.130066
 20
293.327541
 40
0.000000
 50
0.000000
  1
# 283
  0
POINT
  8
2
 10
3009.476318
 20
302.169552
  0
TEXT
  8
2
 10
3009.476318
 20
302.169552
 40
0.000000
 50
0.000000
  1
# 284
  0
POINT
  8
2
 10
3018.436890
 20
302.959652
  0
TEXT
  8
2
 10
3018.436890
 20
302.959652
 40
0.000000
 50
0.000000
  1
# 285
  0
POINT
  8
2
 10
3018.649597
 20
316.835690
  0
TEXT
  8
2
 10
3018.649597
 20
316.835690
 40
0.000000
 50
0.000000
  1
# 286
  0
POINT
  8
2
 10
3017.813110
 20
336.519241
  0
TEXT
  8
2
 10
3017.813110
 20
336.519241
 40
0.000000
 50
0.000000
  1
# 287
  0
POINT
  8
2
 10
3009.284668
 20
337.638016
  0
TEXT
  8
2
 10
3009.284668
 20
337.638016
 40
0.000000
 50
0.000000
  1
# 288
  0
POINT
  8
2
 10
3010.473938
 20
346.186142
  0
TEXT
  8
2
 10
3010.473938
 20
346.186142
 40
0.000000
 50
0.000000
  1
# 289
  0
POINT
  8
2
 10
3012.511597
 20
393.578873
  0
TEXT
  8
2
 10
3012.511597
 20
393.578873
 40
0.000000
 50
0.000000
  1
# 290
  0
POINT
  8
2
 10
3058.531189
 20
440.619125
  0
TEXT
  8
2
 10
3058.531189
 20
440.619125
 40
0.000000
 50
0.000000
  1
# 291
  0
POINT
  8
2
 10
3188.531189
 20
440.638046
  0
TEXT
  8
2
 10
3188.531189
 20
440.638046
 40
0.000000
 50
0.000000
  1
# 292
  0
POINT
  8
2
 10
3234.436340
 20
393.822708
  0
TEXT
  8
2
 10
3234.436340
 20
393.822708
 40
0.000000
 50
0.000000
  1
# 293
  0
POINT
  8
2
 10
3236.739502
 20
346.267624
  0
TEXT
  8
2
 10
3236.739502
 20
346.267624
 40
0.000000
 50
0.000000
  1
# 294
  0
POINT
  8
2
 10
3237.920227
 20
337.823257
  0
TEXT
  8
2
 10
3237.920227
 20
337.823257
 40
0.000000
 50
0.000000
  1
# 295
  0
POINT
  8
2
 10
3229.495850
 20
336.509171
  0
TEXT
  8
2
 10
3229.495850
 20
336.509171
 40
0.000000
 50
0.000000
  1
# 296
  0
POINT
  8
2
 10
3228.649597
 20
316.843929
  0
TEXT
  8
2
 10
3228.649597
 20
316.843929
 40
0.000000
 50
0.000000
  1
# 297
  0
POINT
  8
2
 10
3228.858337
 20
303.127346
  0
TEXT
  8
2
 10
3228.858337
 20
303.127346
 40
0.000000
 50
0.000000
  1
# 298
  0
POINT
  8
2
 10
3229.581604
 20
296.114407
  0
TEXT
  8
2
 10
3229.581604
 20
296.114407
 40
0.000000
 50
0.000000
  1
# 299
  0
POINT
  8
2
 10
3236.088562
 20
293.401089
  0
TEXT
  8
2
 10
3236.088562
 20
293.401089
 40
0.000000
 50
0.000000
  1
# 300
  0
POINT
  8
2
 10
3231.491089
 20
246.629086
  0
TEXT
  8
2
 10
3231.491089
 20
246.629086
 40
0.000000
 50
0.000000
  1
# 301
  0
POINT
  8
2
 10
3188.544006
 20
203.146114
  0
TEXT
  8
2
 10
3188.544006
 20
203.146114
 40
0.000000
 50
0.000000
  1
# 302
  0
POINT
  8
3
 10
3018.649597
 20
316.835690
  0
POINT
  8
3
 10
3018.444244
 20
325.227355
  0
POINT
  8
3
 10
3018.261887
 20
329.845348
  0
POINT
  8
3
 10
3018.030687
 20
333.813726
  0
POINT
  8
3
 10
3013.691798
 20
337.127231
  0
POINT
  8
3
 10
3009.952171
 20
342.053490
  0
POINT
  8
3
 10
3011.148867
 20
356.383658
  0
POINT
  8
3
 10
3011.557981
 20
363.652700
  0
POINT
  8
3
 10
3011.828095
 20
369.910159
  0
POINT
  8
3
 10
3012.141591
 20
379.719750
  0
POINT
  8
3
 10
3012.419968
 20
389.811068
  0
POINT
  8
3
 10
3083.531189
 20
440.622749
  0
POINT
  8
3
 10
3234.526088
 20
391.185232
  0
POINT
  8
3
 10
3234.876919
 20
381.144788
  0
POINT
  8
3
 10
3235.259497
 20
371.089426
  0
POINT
  8
3
 10
3235.584918
 20
364.183408
  0
POINT
  8
3
 10
3236.040741
 20
356.500610
  0
POINT
  8
3
 10
3237.244998
 20
342.302623
  0
POINT
  8
3
 10
3233.438503
 20
337.173218
  0
POINT
  8
3
 10
3229.311426
 20
334.209748
  0
POINT
  8
3
 10
3229.072435
 20
330.207352
  0
POINT
  8
3
 10
3228.876392
 20
325.458308
  0
POINT
  8
3
 10
3228.649597
 20
316.843929
  0
POINT
  8
4
 10
3018.649597
 20
316.835690
 30
1.000000
 50
  1.40
  0
TEXT
  8
4
 10
3018.649597
 20
316.835690
 40
0.000000
 50
0.000000
  1
# 303
  0
POINT
  8
4
 10
3083.531189
 20
440.622749
 30
1.000000
 50
270.01
  0
TEXT
  8
4
 10
3083.531189
 20
440.622749
 40
0.000000
 50
0.000000
  1
# 304
  0
POINT
  8
4
 10
3228.649597
 20
316.843929
 30
1.000000
 50
180.87
  0
TEXT
  8
4
 10
3228.649597
 20
316.843929
 40
0.000000
 50
0.000000
  1
# 305
  0
POLYLINE
  8
8
  66
1
  70
0
  0
VERTEX
  8
8
  10
3010.473938
  20
346.186142
  0
VERTEX
  8
8
  10
3062.084351
  20
377.724533
  0
SEQEND
  8
8
  0
POINT
  8
2
 10
3010.473938
 20
346.186142
  0
TEXT
  8
2
 10
3010.473938
 20
346.186142
 40
0.000000
 50
0.000000
  1
# 306
  0
POINT
  8
2
 10
3062.084351
 20
377.724533
  0
TEXT
  8
2
 10
3062.084351
 20
377.724533
 40
0.000000
 50
0.000000
  1
# 307
  0
POLYLINE
  8
8
  66
1
  70
0
  0
VERTEX
  8
8
  10
3017.813110
  20
336.519241
  0
VERTEX
  8
8
  10
3062.084351
  20
377.724533
  0
SEQEND
  8
8
  0
POINT
  8
2
 10
3017.813110
 20
336.519241
  0
TEXT
  8
2
 10
3017.813110
 20
336.519241
 40
0.000000
 50
0.000000
  1
# 308
  0
POINT
  8
2
 10
3062.084351
 20
377.724533
  0
TEXT
  8
2
 10
3062.084351
 20
377.724533
 40
0.000000
 50
0.000000
  1
# 309
  0
POLYLINE
  8
8
  66
1
  70
0
  0
VERTEX
  8
8
  10
3229.495850
  20
336.509171
  0
VERTEX
  8
8
  10
3184.785156
  20
377.237473
  0
SEQEND
  8
8
  0
POINT
  8
2
 10
3229.495850
 20
336.509171
  0
TEXT
  8
2
 10
3229.495850
 20
336.509171
 40
0.000000
 50
0.000000
  1
# 310
  0
POINT
  8
2
 10
3184.785156
 20
377.237473
  0
TEXT
  8
2
 10
3184.785156
 20
377.237473
 40
0.000000
 50
0.000000
  1
# 311
  0
POLYLINE
  8
8
  66
1
  70
0
  0
VERTEX
  8
8
  10
3236.739502
  20
346.267624
  0
VERTEX
  8
8
  10
3184.785156
  20
377.237473
  0
SEQEND
  8
8
  0
POINT
  8
2
 10
3236.739502
 20
346.267624
  0
TEXT
  8
2
 10
3236.739502
 20
346.267624
 40
0.000000
 50
0.000000
  1
# 312
  0
POINT
  8
2
 10
3184.785156
 20
377.237473
  0
TEXT
  8
2
 10
3184.785156
 20
377.237473
 40
0.000000
 50
0.000000
  1
# 313
  0
POLYLINE
  8
8
  66
1
  70
0
  0
VERTEX
  8
8
  10
3011.130066
  20
293.327541
  0
VERTEX
  8
8
  10
3062.727051
  20
261.774502
  0
SEQEND
  8
8
  0
POINT
  8
2
 10
3011.130066
 20
293.327541
  0
TEXT
  8
2
 10
3011.130066
 20
293.327541
 40
0.000000
 50
0.000000
  1
# 314
  0
POINT
  8
2
 10
3062.727051
 20
261.774502
  0
TEXT
  8
2
 10
3062.727051
 20
261.774502
 40
0.000000
 50
0.000000
  1
# 315
  0
POLYLINE
  8
8
  66
1
  70
0
  0
VERTEX
  8
8
  10
3018.436890
  20
302.959652
  0
VERTEX
  8
8
  10
3062.727051
  20
261.774502
  0
SEQEND
  8
8
  0
POINT
  8
2
 10
3018.436890
 20
302.959652
  0
TEXT
  8
2
 10
3018.436890
 20
302.959652
 40
0.000000
 50
0.000000
  1
# 316
  0
POINT
  8
2
 10
3062.727051
 20
261.774502
  0
TEXT
  8
2
 10
3062.727051
 20
261.774502
 40
0.000000
 50
0.000000
  1
# 317
  0
POLYLINE
  8
8
  66
1
  70
0
  0
VERTEX
  8
8
  10
3228.858337
  20
303.127346
  0
VERTEX
  8
8
  10
3184.179382
  20
262.364254
  0
SEQEND
  8
8
  0
POINT
  8
2
 10
3228.858337
 20
303.127346
  0
TEXT
  8
2
 10
3228.858337
 20
303.127346
 40
0.000000
 50
0.000000
  1
# 318
  0
POINT
  8
2
 10
3184.179382
 20
262.364254
  0
TEXT
  8
2
 10
3184.179382
 20
262.364254
 40
0.000000
 50
0.000000
  1
# 319
  0
POLYLINE
  8
8
  66
1
  70
0
  0
VERTEX
  8
8
  10
3236.088562
  20
293.401089
  0
VERTEX
  8
8
  10
3184.179382
  20
262.364254
  0
SEQEND
  8
8
  0
POINT
  8
2
 10
3236.088562
 20
293.401089
  0
TEXT
  8
2
 10
3236.088562
 20
293.401089
 40
0.000000
 50
0.000000
  1
# 320
  0
POINT
  8
2
 10
3184.179382
 20
262.364254
  0
TEXT
  8
2
 10
3184.179382
 20
262.364254
 40
0.000000
 50
0.000000
  1
# 321
  0
POLYLINE
  8
8
  66
1
  70
0
  0
VERTEX
  8
8
  10
3062.084351
  20
377.724533
  0
VERTEX
  8
8
  10
3009.288940
  20
337.667007
  0
SEQEND
  8
8
  0
POINT
  8
2
 10
3062.084351
 20
377.724533
  0
TEXT
  8
2
 10
3062.084351
 20
377.724533
 40
0.000000
 50
0.000000
  1
# 322
  0
POINT
  8
2
 10
3009.288940
 20
337.667007
  0
TEXT
  8
2
 10
3009.288940
 20
337.667007
 40
0.000000
 50
0.000000
  1
# 323
  0
POLYLINE
  8
8
  66
1
  70
0
  0
VERTEX
  8
8
  10
3031.094360
  20
348.880844
  0
VERTEX
  8
8
  10
3046.601257
  20
368.263016
  0
VERTEX
  8
8
  10
3036.909790
  20
360.122604
  0
SEQEND
  8
8
  0
POINT
  8
2
 10
3031.094360
 20
348.880844
  0
TEXT
  8
2
 10
3031.094360
 20
348.880844
 40
0.000000
 50
0.000000
  1
# 324
  0
POINT
  8
2
 10
3036.909790
 20
360.122604
  0
TEXT
  8
2
 10
3036.909790
 20
360.122604
 40
0.000000
 50
0.000000
  1
# 325
  0
POLYLINE
  8
8
  66
1
  70
0
  0
VERTEX
  8
8
  10
3062.727051
  20
261.774502
  0
VERTEX
  8
8
  10
3009.476318
  20
302.169552
  0
SEQEND
  8
8
  0
POINT
  8
2
 10
3062.727051
 20
261.774502
  0
TEXT
  8
2
 10
3062.727051
 20
261.774502
 40
0.000000
 50
0.000000
  1
# 326
  0
POINT
  8
2
 10
3009.476318
 20
302.169552
  0
TEXT
  8
2
 10
3009.476318
 20
302.169552
 40
0.000000
 50
0.000000
  1
# 327
  0
POLYLINE
  8
8
  66
1
  70
0
  0
VERTEX
  8
8
  10
3031.723938
  20
290.604153
  0
VERTEX
  8
8
  10
3047.247925
  20
271.240444
  0
VERTEX
  8
8
  10
3041.422424
  20
282.474728
  0
SEQEND
  8
8
  0
POINT
  8
2
 10
3031.723938
 20
290.604153
  0
TEXT
  8
2
 10
3031.723938
 20
290.604153
 40
0.000000
 50
0.000000
  1
# 328
  0
POINT
  8
2
 10
3041.422424
 20
282.474728
  0
TEXT
  8
2
 10
3041.422424
 20
282.474728
 40
0.000000
 50
0.000000
  1
# 329
  0
POLYLINE
  8
8
  66
1
  70
0
  0
VERTEX
  8
8
  10
3184.785156
  20
377.237473
  0
VERTEX
  8
8
  10
3237.920227
  20
337.823257
  0
SEQEND
  8
8
  0
POINT
  8
2
 10
3184.785156
 20
377.237473
  0
TEXT
  8
2
 10
3184.785156
 20
377.237473
 40
0.000000
 50
0.000000
  1
# 330
  0
POINT
  8
2
 10
3237.920227
 20
337.823257
  0
TEXT
  8
2
 10
3237.920227
 20
337.823257
 40
0.000000
 50
0.000000
  1
# 331
  0
POLYLINE
  8
8
  66
1
  70
0
  0
VERTEX
  8
8
  10
3216.082764
  20
348.727646
  0
VERTEX
  8
8
  10
3200.371399
  20
367.946548
  0
VERTEX
  8
8
  10
3206.305237
  20
356.765976
  0
SEQEND
  8
8
  0
POINT
  8
2
 10
3216.082764
 20
348.727646
  0
TEXT
  8
2
 10
3216.082764
 20
348.727646
 40
0.000000
 50
0.000000
  1
# 332
  0
POINT
  8
2
 10
3206.305237
 20
356.765976
  0
TEXT
  8
2
 10
3206.305237
 20
356.765976
 40
0.000000
 50
0.000000
  1
# 333
  0
POLYLINE
  8
8
  66
1
  70
0
  0
VERTEX
  8
8
  10
3184.179382
  20
262.364254
  0
VERTEX
  8
8
  10
3229.581604
  20
296.114407
  0
SEQEND
  8
8
  0
POINT
  8
2
 10
3184.179382
 20
262.364254
  0
TEXT
  8
2
 10
3184.179382
 20
262.364254
 40
0.000000
 50
0.000000
  1
# 334
  0
POINT
  8
2
 10
3229.581604
 20
296.114407
  0
TEXT
  8
2
 10
3229.581604
 20
296.114407
 40
0.000000
 50
0.000000
  1
# 335
  0
POLYLINE
  8
8
  66
1
  70
0
  0
VERTEX
  8
8
  10
3220.515747
  20
284.090023
  0
VERTEX
  8
8
  10
3197.583008
  20
274.593105
  0
VERTEX
  8
8
  10
3209.999084
  20
277.048397
  0
SEQEND
  8
8
  0
POINT
  8
2
 10
3220.515747
 20
284.090023
  0
TEXT
  8
2
 10
3220.515747
 20
284.090023
 40
0.000000
 50
0.000000
  1
# 336
  0
POINT
  8
2
 10
3209.999084
 20
277.048397
  0
TEXT
  8
2
 10
3209.999084
 20
277.048397
 40
0.000000
 50
0.000000
  1
# 337
 0
LINE
 8
7
 10
3124.297485
 20
399.128838
 11
3124.297485
 21
246.342773
  0
TEXT
  8
1
 10
3123.605804
 20
321.892176
 40
10.000000
 50
0.000000
  1
Piece Name: 26SMC-WP130M 展_前中拼_175/84
  0
TEXT
  8
1
 10
3123.605804
 20
336.892176
 40
10.000000
 50
0.000000
  1
Size: 175/84
  0
TEXT
  8
1
 10
3123.605804
 20
351.892176
 40
10.000000
 50
0.000000
  1
Annotation: 
  0
TEXT
  8
1
 10
3123.605804
 20
366.892176
 40
10.000000
 50
0.000000
  1
Quantity: 1,1
  0
TEXT
  8
1
 10
3123.605804
 20
381.892176
 40
10.000000
 50
0.000000
  1
Material: 面
  0
TEXT
  8
1
 10
3123.605804
 20
381.892176
 40
10.000000
 50
0.000000
  1
Category: 8
0
ENDBLK
0
BLOCK
  8
1
  2
26SMC-WP130M 展_前中拼_175/84
 70
0
 10
0.0
 20
0.0
  0
POLYLINE
  8
1
  66
1
  70
1
  0
VERTEX
  8
1
  10
4300.175171
  20
137.811632
  0
VERTEX
  8
1
  10
4260.808105
  20
184.560299
  0
VERTEX
  8
1
  10
4260.175171
  20
245.311623
  0
VERTEX
  8
1
  10
4260.175171
  20
245.311623
  0
VERTEX
  8
1
  10
4259.945374
  20
256.019993
  0
VERTEX
  8
1
  10
4259.670105
  20
266.589851
  0
VERTEX
  8
1
  10
4259.359436
  20
276.557579
  0
VERTEX
  8
1
  10
4258.971252
  20
286.918507
  0
VERTEX
  8
1
  10
4258.544312
  20
296.924877
  0
VERTEX
  8
1
  10
4258.069763
  20
307.017307
  0
VERTEX
  8
1
  10
4257.786255
  20
312.474709
  0
VERTEX
  8
1
  10
4300.175171
  20
362.811623
  0
VERTEX
  8
1
  10
4430.175171
  20
362.811623
  0
VERTEX
  8
1
  10
4472.398376
  20
312.650185
  0
VERTEX
  8
1
  10
4472.129211
  20
306.466198
  0
VERTEX
  8
1
  10
4471.722107
  20
296.526527
  0
VERTEX
  8
1
  10
4471.340637
  20
286.462078
  0
VERTEX
  8
1
  10
4470.985107
  20
276.069756
  0
VERTEX
  8
1
  10
4470.682068
  20
265.889072
  0
VERTEX
  8
1
  10
4470.417175
  20
255.790787
  0
VERTEX
  8
1
  10
4470.175171
  20
245.311623
  0
VERTEX
  8
1
  10
4470.175171
  20
245.311623
  0
VERTEX
  8
1
  10
4469.542542
  20
184.560299
  0
VERTEX
  8
1
  10
4430.175171
  20
137.811632
  0
SEQEND
  8
1
  0
POINT
  8
2
 10
4300.175171
 20
137.811632
  0
TEXT
  8
2
 10
4300.175171
 20
137.811632
 40
0.000000
 50
0.000000
  1
# 338
  0
POINT
  8
2
 10
4260.808105
 20
184.560299
  0
TEXT
  8
2
 10
4260.808105
 20
184.560299
 40
0.000000
 50
0.000000
  1
# 339
  0
POINT
  8
2
 10
4260.175171
 20
245.311623
  0
TEXT
  8
2
 10
4260.175171
 20
245.311623
 40
0.000000
 50
0.000000
  1
# 340
  0
POINT
  8
2
 10
4257.786255
 20
312.474709
  0
TEXT
  8
2
 10
4257.786255
 20
312.474709
 40
0.000000
 50
0.000000
  1
# 341
  0
POINT
  8
2
 10
4300.175171
 20
362.811623
  0
TEXT
  8
2
 10
4300.175171
 20
362.811623
 40
0.000000
 50
0.000000
  1
# 342
  0
POINT
  8
2
 10
4430.175171
 20
362.811623
  0
TEXT
  8
2
 10
4430.175171
 20
362.811623
 40
0.000000
 50
0.000000
  1
# 343
  0
POINT
  8
2
 10
4472.398376
 20
312.650185
  0
TEXT
  8
2
 10
4472.398376
 20
312.650185
 40
0.000000
 50
0.000000
  1
# 344
  0
POINT
  8
2
 10
4470.175171
 20
245.311623
  0
TEXT
  8
2
 10
4470.175171
 20
245.311623
 40
0.000000
 50
0.000000
  1
# 345
  0
POINT
  8
2
 10
4469.542542
 20
184.560299
  0
TEXT
  8
2
 10
4469.542542
 20
184.560299
 40
0.000000
 50
0.000000
  1
# 346
  0
POINT
  8
2
 10
4430.175171
 20
137.811632
  0
TEXT
  8
2
 10
4430.175171
 20
137.811632
 40
0.000000
 50
0.000000
  1
# 347
  0
POINT
  8
3
 10
4260.175171
 20
245.311623
  0
POINT
  8
3
 10
4259.945374
 20
256.019993
  0
POINT
  8
3
 10
4259.670105
 20
266.589851
  0
POINT
  8
3
 10
4259.359436
 20
276.557579
  0
POINT
  8
3
 10
4258.971252
 20
286.918507
  0
POINT
  8
3
 10
4258.544312
 20
296.924877
  0
POINT
  8
3
 10
4258.069763
 20
307.017307
  0
POINT
  8
3
 10
4472.129211
 20
306.466198
  0
POINT
  8
3
 10
4471.722107
 20
296.526527
  0
POINT
  8
3
 10
4471.340637
 20
286.462078
  0
POINT
  8
3
 10
4470.985107
 20
276.069756
  0
POINT
  8
3
 10
4470.682068
 20
265.889072
  0
POINT
  8
3
 10
4470.417175
 20
255.790787
  0
POINT
  8
3
 10
4470.175171
 20
245.311623
  0
POINT
  8
4
 10
4260.175171
 20
245.311623
 30
1.000000
 50
  1.23
  0
TEXT
  8
4
 10
4260.175171
 20
245.311623
 40
0.000000
 50
0.000000
  1
# 348
  0
POINT
  8
4
 10
4470.175171
 20
245.311623
 30
1.000000
 50
179.40
  0
TEXT
  8
4
 10
4470.175171
 20
245.311623
 40
0.000000
 50
0.000000
  1
# 349
  0
POLYLINE
  8
8
  66
1
  70
0
  0
VERTEX
  8
8
  10
4259.700623
  20
265.311623
  0
VERTEX
  8
8
  10
4268.653096
  20
271.147496
  0
VERTEX
  8
8
  10
4277.126287
  20
276.670944
  0
VERTEX
  8
8
  10
4285.881414
  20
282.378184
  0
VERTEX
  8
8
  10
4294.260697
  20
287.840427
  0
VERTEX
  8
8
  10
4302.753838
  20
293.376897
  0
VERTEX
  8
8
  10
4311.531982
  20
299.099159
  0
SEQEND
  8
8
  0
POINT
  8
2
 10
4259.700623
 20
265.311623
  0
TEXT
  8
2
 10
4259.700623
 20
265.311623
 40
0.000000
 50
0.000000
  1
# 350
  0
POINT
  8
2
 10
4311.531982
 20
299.099159
  0
TEXT
  8
2
 10
4311.531982
 20
299.099159
 40
0.000000
 50
0.000000
  1
# 351
  0
POINT
  8
3
 10
4268.653096
 20
271.147496
  0
POINT
  8
3
 10
4277.126287
 20
276.670944
  0
POINT
  8
3
 10
4285.881414
 20
282.378184
  0
POINT
  8
3
 10
4294.260697
 20
287.840427
  0
POINT
  8
3
 10
4302.753838
 20
293.376897
  0
POLYLINE
  8
8
  66
1
  70
0
  0
VERTEX
  8
8
  10
4470.649719
  20
265.311623
  0
VERTEX
  8
8
  10
4461.697246
  20
271.147496
  0
VERTEX
  8
8
  10
4453.224055
  20
276.670944
  0
VERTEX
  8
8
  10
4444.468927
  20
282.378184
  0
VERTEX
  8
8
  10
4436.089645
  20
287.840427
  0
VERTEX
  8
8
  10
4427.596504
  20
293.376897
  0
VERTEX
  8
8
  10
4418.818359
  20
299.099159
  0
SEQEND
  8
8
  0
POINT
  8
2
 10
4470.649719
 20
265.311623
  0
TEXT
  8
2
 10
4470.649719
 20
265.311623
 40
0.000000
 50
0.000000
  1
# 352
  0
POINT
  8
2
 10
4418.818359
 20
299.099159
  0
TEXT
  8
2
 10
4418.818359
 20
299.099159
 40
0.000000
 50
0.000000
  1
# 353
  0
POINT
  8
3
 10
4461.697246
 20
271.147496
  0
POINT
  8
3
 10
4453.224055
 20
276.670944
  0
POINT
  8
3
 10
4444.468927
 20
282.378184
  0
POINT
  8
3
 10
4436.089645
 20
287.840427
  0
POINT
  8
3
 10
4427.596504
 20
293.376897
  0
POLYLINE
  8
8
  66
1
  70
0
  0
VERTEX
  8
8
  10
4260.388184
  20
224.863319
  0
VERTEX
  8
8
  10
4269.340657
  20
219.027447
  0
VERTEX
  8
8
  10
4277.813849
  20
213.504000
  0
VERTEX
  8
8
  10
4286.568980
  20
207.796760
  0
VERTEX
  8
8
  10
4294.948264
  20
202.334519
  0
VERTEX
  8
8
  10
4303.441402
  20
196.798056
  0
VERTEX
  8
8
  10
4312.219543
  20
191.075802
  0
SEQEND
  8
8
  0
POINT
  8
2
 10
4260.388184
 20
224.863319
  0
TEXT
  8
2
 10
4260.388184
 20
224.863319
 40
0.000000
 50
0.000000
  1
# 354
  0
POINT
  8
2
 10
4312.219543
 20
191.075802
  0
TEXT
  8
2
 10
4312.219543
 20
191.075802
 40
0.000000
 50
0.000000
  1
# 355
  0
POINT
  8
3
 10
4269.340657
 20
219.027447
  0
POINT
  8
3
 10
4277.813849
 20
213.504000
  0
POINT
  8
3
 10
4286.568980
 20
207.796760
  0
POINT
  8
3
 10
4294.948264
 20
202.334519
  0
POINT
  8
3
 10
4303.441402
 20
196.798056
  0
POLYLINE
  8
8
  66
1
  70
0
  0
VERTEX
  8
8
  10
4469.962158
  20
224.863319
  0
VERTEX
  8
8
  10
4461.009685
  20
219.027447
  0
VERTEX
  8
8
  10
4452.536493
  20
213.504000
  0
VERTEX
  8
8
  10
4443.781362
  20
207.796760
  0
VERTEX
  8
8
  10
4435.402078
  20
202.334519
  0
VERTEX
  8
8
  10
4426.908940
  20
196.798056
  0
VERTEX
  8
8
  10
4418.130798
  20
191.075802
  0
SEQEND
  8
8
  0
POINT
  8
2
 10
4469.962158
 20
224.863319
  0
TEXT
  8
2
 10
4469.962158
 20
224.863319
 40
0.000000
 50
0.000000
  1
# 356
  0
POINT
  8
2
 10
4418.130798
 20
191.075802
  0
TEXT
  8
2
 10
4418.130798
 20
191.075802
 40
0.000000
 50
0.000000
  1
# 357
  0
POINT
  8
3
 10
4461.009685
 20
219.027447
  0
POINT
  8
3
 10
4452.536493
 20
213.504000
  0
POINT
  8
3
 10
4443.781362
 20
207.796760
  0
POINT
  8
3
 10
4435.402078
 20
202.334519
  0
POINT
  8
3
 10
4426.908940
 20
196.798056
 0
LINE
 8
7
 10
4364.407654
 20
303.160954
 11
4364.407654
 21
184.263630
  0
TEXT
  8
1
 10
4365.101776
 20
250.311627
 40
10.000000
 50
0.000000
  1
Piece Name: 26SMC-WP130M 展_前中拼_175/84
  0
TEXT
  8
1
 10
4365.101776
 20
265.311627
 40
10.000000
 50
0.000000
  1
Size: 175/84
  0
TEXT
  8
1
 10
4365.101776
 20
280.311627
 40
10.000000
 50
0.000000
  1
Annotation: 
  0
TEXT
  8
1
 10
4365.101776
 20
295.311627
 40
10.000000
 50
0.000000
  1
Quantity: 1
  0
TEXT
  8
1
 10
4365.101776
 20
310.311627
 40
10.000000
 50
0.000000
  1
Material: 净
  0
TEXT
  8
1
 10
4365.101776
 20
310.311627
 40
10.000000
 50
0.000000
  1
Category: 9
0
ENDBLK
0
BLOCK
  8
1
  2
26SMC-WP130M 展_前袋垫_175/84
 70
0
 10
0.0
 20
0.0
  0
POLYLINE
  8
1
  66
1
  70
1
  0
VERTEX
  8
1
  10
3273.867188
  20
1097.493668
  0
VERTEX
  8
1
  10
3283.213806
  20
1097.966080
  0
VERTEX
  8
1
  10
3289.747314
  20
1098.289337
  0
VERTEX
  8
1
  10
3299.721985
  20
1098.808746
  0
VERTEX
  8
1
  10
3309.697266
  20
1099.389420
  0
VERTEX
  8
1
  10
3311.094055
  20
1099.478531
  0
VERTEX
  8
1
  10
3319.678345
  20
1100.026245
  0
VERTEX
  8
1
  10
3329.898071
  20
1100.726624
  0
VERTEX
  8
1
  10
3339.883118
  20
1101.452179
  0
VERTEX
  8
1
  10
3349.861145
  20
1102.220459
  0
VERTEX
  8
1
  10
3359.985046
  20
1103.047791
  0
VERTEX
  8
1
  10
3370.084534
  20
1103.920441
  0
VERTEX
  8
1
  10
3380.158081
  20
1104.827118
  0
VERTEX
  8
1
  10
3390.128784
  20
1105.753174
  0
VERTEX
  8
1
  10
3399.259338
  20
1106.594009
  0
VERTEX
  8
1
  10
3401.308899
  20
1097.754364
  0
VERTEX
  8
1
  10
3403.553772
  20
1088.166885
  0
VERTEX
  8
1
  10
3405.699463
  20
1078.661041
  0
VERTEX
  8
1
  10
3407.554932
  20
1070.076828
  0
VERTEX
  8
1
  10
3408.131714
  20
1067.266312
  0
VERTEX
  8
1
  10
3409.116821
  20
1062.466354
  0
VERTEX
  8
1
  10
3410.541382
  20
1055.110397
  0
VERTEX
  8
1
  10
3411.883240
  20
1047.735062
  0
VERTEX
  8
1
  10
3413.139954
  20
1040.340881
  0
VERTEX
  8
1
  10
3414.247437
  20
1033.328705
  0
VERTEX
  8
1
  10
3415.275269
  20
1026.291885
  0
VERTEX
  8
1
  10
3416.219788
  20
1019.241409
  0
VERTEX
  8
1
  10
3417.079163
  20
1012.178345
  0
VERTEX
  8
1
  10
3417.852173
  20
1005.103531
  0
VERTEX
  8
1
  10
3418.509521
  20
998.319626
  0
VERTEX
  8
1
  10
3419.111633
  20
991.237869
  0
VERTEX
  8
1
  10
3419.689941
  20
983.376465
  0
VERTEX
  8
1
  10
3420.206909
  20
975.131683
  0
VERTEX
  8
1
  10
3420.679321
  20
966.212387
  0
VERTEX
  8
1
  10
3421.037292
  20
957.958298
  0
VERTEX
  8
1
  10
3421.186829
  20
953.360519
  0
VERTEX
  8
1
  10
3421.281128
  20
950.467911
  0
VERTEX
  8
1
  10
3421.428528
  20
943.352890
  0
VERTEX
  8
1
  10
3421.431580
  20
942.973404
  0
VERTEX
  8
1
  10
3421.481018
  20
936.731567
  0
VERTEX
  8
1
  10
3421.448669
  20
929.720383
  0
VERTEX
  8
1
  10
3421.328430
  20
922.048340
  0
VERTEX
  8
1
  10
3421.118774
  20
913.933334
  0
VERTEX
  8
1
  10
3420.808716
  20
905.074844
  0
VERTEX
  8
1
  10
3420.493469
  20
895.338821
  0
VERTEX
  8
1
  10
3412.654419
  20
895.759506
  0
VERTEX
  8
1
  10
3409.244385
  20
895.928574
  0
VERTEX
  8
1
  10
3405.882263
  20
896.133041
  0
VERTEX
  8
1
  10
3402.066040
  20
896.469574
  0
VERTEX
  8
1
  10
3398.068237
  20
896.924515
  0
VERTEX
  8
1
  10
3394.287720
  20
897.446289
  0
VERTEX
  8
1
  10
3390.149841
  20
898.118439
  0
VERTEX
  8
1
  10
3385.701599
  20
898.960953
  0
VERTEX
  8
1
  10
3381.951599
  20
899.771347
  0
VERTEX
  8
1
  10
3378.056946
  20
900.714493
  0
VERTEX
  8
1
  10
3374.042358
  20
901.801605
  0
VERTEX
  8
1
  10
3369.931335
  20
903.044052
  0
VERTEX
  8
1
  10
3365.747986
  20
904.453812
  0
VERTEX
  8
1
  10
3361.516113
  20
906.043243
  0
VERTEX
  8
1
  10
3358.325500
  20
907.361069
  0
VERTEX
  8
1
  10
3355.131531
  20
908.792953
  0
VERTEX
  8
1
  10
3351.944885
  20
910.344849
  0
VERTEX
  8
1
  10
3348.776550
  20
912.022858
  0
VERTEX
  8
1
  10
3345.637817
  20
913.833313
  0
VERTEX
  8
1
  10
3342.539368
  20
915.782623
  0
VERTEX
  8
1
  10
3339.494019
  20
917.877426
  0
VERTEX
  8
1
  10
3336.513672
  20
920.124130
  0
VERTEX
  8
1
  10
3333.611450
  20
922.529297
  0
VERTEX
  8
1
  10
3331.530762
  20
924.406815
  0
VERTEX
  8
1
  10
3328.825378
  20
927.061920
  0
VERTEX
  8
1
  10
3326.249695
  20
929.832611
  0
VERTEX
  8
1
  10
3323.798523
  20
932.708511
  0
VERTEX
  8
1
  10
3321.465759
  20
935.680084
  0
VERTEX
  8
1
  10
3319.245911
  20
938.738403
  0
VERTEX
  8
1
  10
3317.132874
  20
941.875076
  0
VERTEX
  8
1
  10
3315.121155
  20
945.082092
  0
VERTEX
  8
1
  10
3313.204956
  20
948.351898
  0
VERTEX
  8
1
  10
3311.378479
  20
951.677094
  0
VERTEX
  8
1
  10
3309.074097
  20
956.184616
  0
VERTEX
  8
1
  10
3306.908264
  20
960.761719
  0
VERTEX
  8
1
  10
3304.869385
  20
965.392227
  0
VERTEX
  8
1
  10
3302.946472
  20
970.060196
  0
VERTEX
  8
1
  10
3301.129456
  20
974.749527
  0
VERTEX
  8
1
  10
3298.991394
  20
980.616837
  0
VERTEX
  8
1
  10
3297.109375
  20
986.087265
  0
VERTEX
  8
1
  10
3295.206299
  20
991.910706
  0
VERTEX
  8
1
  10
3293.062439
  20
998.852386
  0
VERTEX
  8
1
  10
3291.066895
  20
1005.718842
  0
VERTEX
  8
1
  10
3289.214783
  20
1012.484283
  0
VERTEX
  8
1
  10
3287.500610
  20
1019.122620
  0
VERTEX
  8
1
  10
3285.920105
  20
1025.607834
  0
VERTEX
  8
1
  10
3284.239197
  20
1032.945404
  0
VERTEX
  8
1
  10
3282.726135
  20
1039.997406
  0
VERTEX
  8
1
  10
3281.374207
  20
1046.722183
  0
VERTEX
  8
1
  10
3280.017395
  20
1053.953171
  0
VERTEX
  8
1
  10
3278.718262
  20
1061.434174
  0
VERTEX
  8
1
  10
3277.645874
  20
1068.136826
  0
VERTEX
  8
1
  10
3276.621704
  20
1075.141907
  0
VERTEX
  8
1
  10
3275.783691
  20
1081.526566
  0
VERTEX
  8
1
  10
3274.996948
  20
1088.221283
  0
SEQEND
  8
1
  0
POINT
  8
2
 10
3273.867188
 20
1097.493668
  0
TEXT
  8
2
 10
3273.867188
 20
1097.493668
 40
0.000000
 50
0.000000
  1
# 358
  0
POINT
  8
2
 10
3399.259338
 20
1106.594009
  0
TEXT
  8
2
 10
3399.259338
 20
1106.594009
 40
0.000000
 50
0.000000
  1
# 359
  0
POINT
  8
2
 10
3420.493469
 20
895.338821
  0
TEXT
  8
2
 10
3420.493469
 20
895.338821
 40
0.000000
 50
0.000000
  1
# 360
  0
POINT
  8
3
 10
3283.213806
 20
1097.966080
  0
POINT
  8
3
 10
3289.747314
 20
1098.289337
  0
POINT
  8
3
 10
3299.721985
 20
1098.808746
  0
POINT
  8
3
 10
3309.697266
 20
1099.389420
  0
POINT
  8
3
 10
3311.094055
 20
1099.478531
  0
POINT
  8
3
 10
3319.678345
 20
1100.026245
  0
POINT
  8
3
 10
3329.898071
 20
1100.726624
  0
POINT
  8
3
 10
3339.883118
 20
1101.452179
  0
POINT
  8
3
 10
3349.861145
 20
1102.220459
  0
POINT
  8
3
 10
3359.985046
 20
1103.047791
  0
POINT
  8
3
 10
3370.084534
 20
1103.920441
  0
POINT
  8
3
 10
3380.158081
 20
1104.827118
  0
POINT
  8
3
 10
3390.128784
 20
1105.753174
  0
POINT
  8
3
 10
3401.308899
 20
1097.754364
  0
POINT
  8
3
 10
3403.553772
 20
1088.166885
  0
POINT
  8
3
 10
3405.699463
 20
1078.661041
  0
POINT
  8
3
 10
3407.554932
 20
1070.076828
  0
POINT
  8
3
 10
3408.131714
 20
1067.266312
  0
POINT
  8
3
 10
3409.116821
 20
1062.466354
  0
POINT
  8
3
 10
3410.541382
 20
1055.110397
  0
POINT
  8
3
 10
3411.883240
 20
1047.735062
  0
POINT
  8
3
 10
3413.139954
 20
1040.340881
  0
POINT
  8
3
 10
3414.247437
 20
1033.328705
  0
POINT
  8
3
 10
3415.275269
 20
1026.291885
  0
POINT
  8
3
 10
3416.219788
 20
1019.241409
  0
POINT
  8
3
 10
3417.079163
 20
1012.178345
  0
POINT
  8
3
 10
3417.852173
 20
1005.103531
  0
POINT
  8
3
 10
3418.509521
 20
998.319626
  0
POINT
  8
3
 10
3419.111633
 20
991.237869
  0
POINT
  8
3
 10
3419.689941
 20
983.376465
  0
POINT
  8
3
 10
3420.206909
 20
975.131683
  0
POINT
  8
3
 10
3420.679321
 20
966.212387
  0
POINT
  8
3
 10
3421.037292
 20
957.958298
  0
POINT
  8
3
 10
3421.186829
 20
953.360519
  0
POINT
  8
3
 10
3421.281128
 20
950.467911
  0
POINT
  8
3
 10
3421.428528
 20
943.352890
  0
POINT
  8
3
 10
3421.431580
 20
942.973404
  0
POINT
  8
3
 10
3421.481018
 20
936.731567
  0
POINT
  8
3
 10
3421.448669
 20
929.720383
  0
POINT
  8
3
 10
3421.328430
 20
922.048340
  0
POINT
  8
3
 10
3421.118774
 20
913.933334
  0
POINT
  8
3
 10
3420.808716
 20
905.074844
  0
POINT
  8
3
 10
3412.654419
 20
895.759506
  0
POINT
  8
3
 10
3409.244385
 20
895.928574
  0
POINT
  8
3
 10
3405.882263
 20
896.133041
  0
POINT
  8
3
 10
3402.066040
 20
896.469574
  0
POINT
  8
3
 10
3398.068237
 20
896.924515
  0
POINT
  8
3
 10
3394.287720
 20
897.446289
  0
POINT
  8
3
 10
3390.149841
 20
898.118439
  0
POINT
  8
3
 10
3385.701599
 20
898.960953
  0
POINT
  8
3
 10
3381.951599
 20
899.771347
  0
POINT
  8
3
 10
3378.056946
 20
900.714493
  0
POINT
  8
3
 10
3374.042358
 20
901.801605
  0
POINT
  8
3
 10
3369.931335
 20
903.044052
  0
POINT
  8
3
 10
3365.747986
 20
904.453812
  0
POINT
  8
3
 10
3361.516113
 20
906.043243
  0
POINT
  8
3
 10
3358.325500
 20
907.361069
  0
POINT
  8
3
 10
3355.131531
 20
908.792953
  0
POINT
  8
3
 10
3351.944885
 20
910.344849
  0
POINT
  8
3
 10
3348.776550
 20
912.022858
  0
POINT
  8
3
 10
3345.637817
 20
913.833313
  0
POINT
  8
3
 10
3342.539368
 20
915.782623
  0
POINT
  8
3
 10
3339.494019
 20
917.877426
  0
POINT
  8
3
 10
3336.513672
 20
920.124130
  0
POINT
  8
3
 10
3333.611450
 20
922.529297
  0
POINT
  8
3
 10
3331.530762
 20
924.406815
  0
POINT
  8
3
 10
3328.825378
 20
927.061920
  0
POINT
  8
3
 10
3326.249695
 20
929.832611
  0
POINT
  8
3
 10
3323.798523
 20
932.708511
  0
POINT
  8
3
 10
3321.465759
 20
935.680084
  0
POINT
  8
3
 10
3319.245911
 20
938.738403
  0
POINT
  8
3
 10
3317.132874
 20
941.875076
  0
POINT
  8
3
 10
3315.121155
 20
945.082092
  0
POINT
  8
3
 10
3313.204956
 20
948.351898
  0
POINT
  8
3
 10
3311.378479
 20
951.677094
  0
POINT
  8
3
 10
3309.074097
 20
956.184616
  0
POINT
  8
3
 10
3306.908264
 20
960.761719
  0
POINT
  8
3
 10
3304.869385
 20
965.392227
  0
POINT
  8
3
 10
3302.946472
 20
970.060196
  0
POINT
  8
3
 10
3301.129456
 20
974.749527
  0
POINT
  8
3
 10
3298.991394
 20
980.616837
  0
POINT
  8
3
 10
3297.109375
 20
986.087265
  0
POINT
  8
3
 10
3295.206299
 20
991.910706
  0
POINT
  8
3
 10
3293.062439
 20
998.852386
  0
POINT
  8
3
 10
3291.066895
 20
1005.718842
  0
POINT
  8
3
 10
3289.214783
 20
1012.484283
  0
POINT
  8
3
 10
3287.500610
 20
1019.122620
  0
POINT
  8
3
 10
3285.920105
 20
1025.607834
  0
POINT
  8
3
 10
3284.239197
 20
1032.945404
  0
POINT
  8
3
 10
3282.726135
 20
1039.997406
  0
POINT
  8
3
 10
3281.374207
 20
1046.722183
  0
POINT
  8
3
 10
3280.017395
 20
1053.953171
  0
POINT
  8
3
 10
3278.718262
 20
1061.434174
  0
POINT
  8
3
 10
3277.645874
 20
1068.136826
  0
POINT
  8
3
 10
3276.621704
 20
1075.141907
  0
POINT
  8
3
 10
3275.783691
 20
1081.526566
  0
POINT
  8
3
 10
3274.996948
 20
1088.221283
  0
POINT
  8
4
 10
3311.094055
 20
1099.478531
 30
1.000000
 50
273.65
  0
TEXT
  8
4
 10
3311.094055
 20
1099.478531
 40
0.000000
 50
0.000000
  1
# 361
  0
POINT
  8
4
 10
3408.131714
 20
1067.266312
 30
1.000000
 50
185.35
  0
TEXT
  8
4
 10
3408.131714
 20
1067.266312
 40
0.000000
 50
0.000000
  1
# 362
  0
POINT
  8
4
 10
3421.186829
 20
953.360519
 30
1.000000
 50
181.87
  0
TEXT
  8
4
 10
3421.186829
 20
953.360519
 40
0.000000
 50
0.000000
  1
# 363
  0
POINT
  8
4
 10
3421.431580
 20
942.973404
 30
1.000000
 50
185.40
  0
TEXT
  8
4
 10
3421.431580
 20
942.973404
 40
0.000000
 50
0.000000
  1
# 364
  0
POLYLINE
  8
14
  66
1
  70
1
  0
VERTEX
  8
14
  10
3285.104980
  20
1088.052368
  0
VERTEX
  8
14
  10
3290.242649
  20
1088.301609
  0
VERTEX
  8
14
  10
3300.272220
  20
1088.823907
  0
VERTEX
  8
14
  10
3310.307678
  20
1089.408053
  0
VERTEX
  8
14
  10
3311.730957
  20
1089.495544
  0
VERTEX
  8
14
  10
3320.339905
  20
1090.048179
  0
VERTEX
  8
14
  10
3330.602470
  20
1090.751462
  0
VERTEX
  8
14
  10
3340.628679
  20
1091.480002
  0
VERTEX
  8
14
  10
3350.651525
  20
1092.251705
  0
VERTEX
  8
14
  10
3360.824195
  20
1093.083065
  0
VERTEX
  8
14
  10
3370.964832
  20
1093.959277
  0
VERTEX
  8
14
  10
3381.070024
  20
1094.868769
  0
VERTEX
  8
14
  10
3391.476746
  20
1095.838928
  0
VERTEX
  8
14
  10
3393.808798
  20
1085.923313
  0
VERTEX
  8
14
  10
3395.935172
  20
1076.503029
  0
VERTEX
  8
14
  10
3397.769907
  20
1068.014075
  0
VERTEX
  8
14
  10
3398.082886
  20
1066.324463
  0
VERTEX
  8
14
  10
3399.309749
  20
1060.510759
  0
VERTEX
  8
14
  10
3400.713166
  20
1053.264029
  0
VERTEX
  8
14
  10
3402.034677
  20
1046.001598
  0
VERTEX
  8
14
  10
3403.271513
  20
1038.724010
  0
VERTEX
  8
14
  10
3404.361177
  20
1031.825579
  0
VERTEX
  8
14
  10
3405.371871
  20
1024.905139
  0
VERTEX
  8
14
  10
3406.300407
  20
1017.973264
  0
VERTEX
  8
14
  10
3407.145210
  20
1011.030942
  0
VERTEX
  8
14
  10
3407.904700
  20
1004.079189
  0
VERTEX
  8
14
  10
3408.550677
  20
997.414177
  0
VERTEX
  8
14
  10
3409.143071
  20
990.446932
  0
VERTEX
  8
14
  10
3409.712853
  20
982.698173
  0
VERTEX
  8
14
  10
3410.223547
  20
974.555226
  0
VERTEX
  8
14
  10
3410.690901
  20
965.730098
  0
VERTEX
  8
14
  10
3411.044415
  20
957.578002
  0
VERTEX
  8
14
  10
3411.202393
  20
953.035278
  0
VERTEX
  8
14
  10
3411.284777
  20
950.200130
  0
VERTEX
  8
14
  10
3411.429550
  20
943.209424
  0
VERTEX
  8
14
  10
3411.431274
  20
942.027588
  0
VERTEX
  8
14
  10
3411.481144
  20
936.716879
  0
VERTEX
  8
14
  10
3411.449322
  20
929.823028
  0
VERTEX
  8
14
  10
3411.330568
  20
922.256583
  0
VERTEX
  8
14
  10
3411.123392
  20
914.241006
  0
VERTEX
  8
14
  10
3410.797729
  20
905.878906
  0
VERTEX
  8
14
  10
3409.693190
  20
905.918454
  0
VERTEX
  8
14
  10
3406.627039
  20
906.105287
  0
VERTEX
  8
14
  10
3403.071348
  20
906.418899
  0
VERTEX
  8
14
  10
3399.321785
  20
906.845652
  0
VERTEX
  8
14
  10
3395.767824
  20
907.336150
  0
VERTEX
  8
14
  10
3391.876516
  20
907.968251
  0
VERTEX
  8
14
  10
3387.697545
  20
908.759756
  0
VERTEX
  8
14
  10
3384.180607
  20
909.519698
  0
VERTEX
  8
14
  10
3380.536746
  20
910.402173
  0
VERTEX
  8
14
  10
3376.791419
  20
911.416291
  0
VERTEX
  8
14
  10
3372.970034
  20
912.571171
  0
VERTEX
  8
14
  10
3369.098018
  20
913.875928
  0
VERTEX
  8
14
  10
3365.200794
  20
915.339678
  0
VERTEX
  8
14
  10
3362.276636
  20
916.547310
  0
VERTEX
  8
14
  10
3359.363311
  20
917.853355
  0
VERTEX
  8
14
  10
3356.471577
  20
919.261646
  0
VERTEX
  8
14
  10
3353.612127
  20
920.776043
  0
VERTEX
  8
14
  10
3350.795704
  20
922.400384
  0
VERTEX
  8
14
  10
3348.033050
  20
924.138507
  0
VERTEX
  8
14
  10
3345.334859
  20
925.994274
  0
VERTEX
  8
14
  10
3342.711889
  20
927.971512
  0
VERTEX
  8
14
  10
3340.174835
  20
930.074087
  0
VERTEX
  8
14
  10
3338.363324
  20
931.708666
  0
VERTEX
  8
14
  10
3335.994817
  20
934.033309
  0
VERTEX
  8
14
  10
3333.721855
  20
936.478473
  0
VERTEX
  8
14
  10
3331.541116
  20
939.037072
  0
VERTEX
  8
14
  10
3329.449239
  20
941.702063
  0
VERTEX
  8
14
  10
3327.442910
  20
944.466345
  0
VERTEX
  8
14
  10
3325.518773
  20
947.322877
  0
VERTEX
  8
14
  10
3323.673511
  20
950.264555
  0
VERTEX
  8
14
  10
3321.903768
  20
953.284342
  0
VERTEX
  8
14
  10
3320.206228
  20
956.375132
  0
VERTEX
  8
14
  10
3318.049361
  20
960.594468
  0
VERTEX
  8
14
  10
3316.007007
  20
964.910711
  0
VERTEX
  8
14
  10
3314.071250
  20
969.307118
  0
VERTEX
  8
14
  10
3312.234183
  20
973.766925
  0
VERTEX
  8
14
  10
3310.487896
  20
978.273371
  0
VERTEX
  8
14
  10
3308.420651
  20
983.946480
  0
VERTEX
  8
14
  10
3306.590248
  20
989.267419
  0
VERTEX
  8
14
  10
3304.734855
  20
994.944617
  0
VERTEX
  8
14
  10
3302.642240
  20
1001.721064
  0
VERTEX
  8
14
  10
3300.691726
  20
1008.432753
  0
VERTEX
  8
14
  10
3298.879158
  20
1015.052919
  0
VERTEX
  8
14
  10
3297.200379
  20
1021.554805
  0
VERTEX
  8
14
  10
3295.651240
  20
1027.911629
  0
VERTEX
  8
14
  10
3294.002215
  20
1035.108886
  0
VERTEX
  8
14
  10
3292.517389
  20
1042.029778
  0
VERTEX
  8
14
  10
3291.190163
  20
1048.631803
  0
VERTEX
  8
14
  10
3289.857850
  20
1055.732011
  0
VERTEX
  8
14
  10
3288.582487
  20
1063.076567
  0
VERTEX
  8
14
  10
3287.530257
  20
1069.653135
  0
VERTEX
  8
14
  10
3286.526764
  20
1076.516451
  0
VERTEX
  8
14
  10
3285.708543
  20
1082.749061
  0
SEQEND
  8
14
  0
POINT
  8
2
 10
3285.104980
 20
1088.052368
  0
TEXT
  8
2
 10
3285.104980
 20
1088.052368
 40
0.000000
 50
0.000000
  1
# 365
  0
POINT
  8
2
 10
3391.476746
 20
1095.838928
  0
TEXT
  8
2
 10
3391.476746
 20
1095.838928
 40
0.000000
 50
0.000000
  1
# 366
  0
POINT
  8
2
 10
3410.797729
 20
905.878906
  0
TEXT
  8
2
 10
3410.797729
 20
905.878906
 40
0.000000
 50
0.000000
  1
# 367
  0
POINT
  8
3
 10
3290.242649
 20
1088.301609
  0
POINT
  8
3
 10
3300.272220
 20
1088.823907
  0
POINT
  8
3
 10
3310.307678
 20
1089.408053
  0
POINT
  8
3
 10
3311.730957
 20
1089.495544
  0
POINT
  8
3
 10
3320.339905
 20
1090.048179
  0
POINT
  8
3
 10
3330.602470
 20
1090.751462
  0
POINT
  8
3
 10
3340.628679
 20
1091.480002
  0
POINT
  8
3
 10
3350.651525
 20
1092.251705
  0
POINT
  8
3
 10
3360.824195
 20
1093.083065
  0
POINT
  8
3
 10
3370.964832
 20
1093.959277
  0
POINT
  8
3
 10
3381.070024
 20
1094.868769
  0
POINT
  8
3
 10
3393.808798
 20
1085.923313
  0
POINT
  8
3
 10
3395.935172
 20
1076.503029
  0
POINT
  8
3
 10
3397.769907
 20
1068.014075
  0
POINT
  8
3
 10
3398.082886
 20
1066.324463
  0
POINT
  8
3
 10
3399.309749
 20
1060.510759
  0
POINT
  8
3
 10
3400.713166
 20
1053.264029
  0
POINT
  8
3
 10
3402.034677
 20
1046.001598
  0
POINT
  8
3
 10
3403.271513
 20
1038.724010
  0
POINT
  8
3
 10
3404.361177
 20
1031.825579
  0
POINT
  8
3
 10
3405.371871
 20
1024.905139
  0
POINT
  8
3
 10
3406.300407
 20
1017.973264
  0
POINT
  8
3
 10
3407.145210
 20
1011.030942
  0
POINT
  8
3
 10
3407.904700
 20
1004.079189
  0
POINT
  8
3
 10
3408.550677
 20
997.414177
  0
POINT
  8
3
 10
3409.143071
 20
990.446932
  0
POINT
  8
3
 10
3409.712853
 20
982.698173
  0
POINT
  8
3
 10
3410.223547
 20
974.555226
  0
POINT
  8
3
 10
3410.690901
 20
965.730098
  0
POINT
  8
3
 10
3411.044415
 20
957.578002
  0
POINT
  8
3
 10
3411.202393
 20
953.035278
  0
POINT
  8
3
 10
3411.284777
 20
950.200130
  0
POINT
  8
3
 10
3411.429550
 20
943.209424
  0
POINT
  8
3
 10
3411.431274
 20
942.027588
  0
POINT
  8
3
 10
3411.481144
 20
936.716879
  0
POINT
  8
3
 10
3411.449322
 20
929.823028
  0
POINT
  8
3
 10
3411.330568
 20
922.256583
  0
POINT
  8
3
 10
3411.123392
 20
914.241006
  0
POINT
  8
3
 10
3409.693190
 20
905.918454
  0
POINT
  8
3
 10
3406.627039
 20
906.105287
  0
POINT
  8
3
 10
3403.071348
 20
906.418899
  0
POINT
  8
3
 10
3399.321785
 20
906.845652
  0
POINT
  8
3
 10
3395.767824
 20
907.336150
  0
POINT
  8
3
 10
3391.876516
 20
907.968251
  0
POINT
  8
3
 10
3387.697545
 20
908.759756
  0
POINT
  8
3
 10
3384.180607
 20
909.519698
  0
POINT
  8
3
 10
3380.536746
 20
910.402173
  0
POINT
  8
3
 10
3376.791419
 20
911.416291
  0
POINT
  8
3
 10
3372.970034
 20
912.571171
  0
POINT
  8
3
 10
3369.098018
 20
913.875928
  0
POINT
  8
3
 10
3365.200794
 20
915.339678
  0
POINT
  8
3
 10
3362.276636
 20
916.547310
  0
POINT
  8
3
 10
3359.363311
 20
917.853355
  0
POINT
  8
3
 10
3356.471577
 20
919.261646
  0
POINT
  8
3
 10
3353.612127
 20
920.776043
  0
POINT
  8
3
 10
3350.795704
 20
922.400384
  0
POINT
  8
3
 10
3348.033050
 20
924.138507
  0
POINT
  8
3
 10
3345.334859
 20
925.994274
  0
POINT
  8
3
 10
3342.711889
 20
927.971512
  0
POINT
  8
3
 10
3340.174835
 20
930.074087
  0
POINT
  8
3
 10
3338.363324
 20
931.708666
  0
POINT
  8
3
 10
3335.994817
 20
934.033309
  0
POINT
  8
3
 10
3333.721855
 20
936.478473
  0
POINT
  8
3
 10
3331.541116
 20
939.037072
  0
POINT
  8
3
 10
3329.449239
 20
941.702063
  0
POINT
  8
3
 10
3327.442910
 20
944.466345
  0
POINT
  8
3
 10
3325.518773
 20
947.322877
  0
POINT
  8
3
 10
3323.673511
 20
950.264555
  0
POINT
  8
3
 10
3321.903768
 20
953.284342
  0
POINT
  8
3
 10
3320.206228
 20
956.375132
  0
POINT
  8
3
 10
3318.049361
 20
960.594468
  0
POINT
  8
3
 10
3316.007007
 20
964.910711
  0
POINT
  8
3
 10
3314.071250
 20
969.307118
  0
POINT
  8
3
 10
3312.234183
 20
973.766925
  0
POINT
  8
3
 10
3310.487896
 20
978.273371
  0
POINT
  8
3
 10
3308.420651
 20
983.946480
  0
POINT
  8
3
 10
3306.590248
 20
989.267419
  0
POINT
  8
3
 10
3304.734855
 20
994.944617
  0
POINT
  8
3
 10
3302.642240
 20
1001.721064
  0
POINT
  8
3
 10
3300.691726
 20
1008.432753
  0
POINT
  8
3
 10
3298.879158
 20
1015.052919
  0
POINT
  8
3
 10
3297.200379
 20
1021.554805
  0
POINT
  8
3
 10
3295.651240
 20
1027.911629
  0
POINT
  8
3
 10
3294.002215
 20
1035.108886
  0
POINT
  8
3
 10
3292.517389
 20
1042.029778
  0
POINT
  8
3
 10
3291.190163
 20
1048.631803
  0
POINT
  8
3
 10
3289.857850
 20
1055.732011
  0
POINT
  8
3
 10
3288.582487
 20
1063.076567
  0
POINT
  8
3
 10
3287.530257
 20
1069.653135
  0
POINT
  8
3
 10
3286.526764
 20
1076.516451
  0
POINT
  8
3
 10
3285.708543
 20
1082.749061
  0
POINT
  8
4
 10
3311.730957
 20
1089.495544
 30
1.000000
 50
273.54
  0
TEXT
  8
4
 10
3311.730957
 20
1089.495544
 40
0.000000
 50
0.000000
  1
# 368
  0
POINT
  8
4
 10
3398.082886
 20
1066.324463
 30
1.000000
 50
185.35
  0
TEXT
  8
4
 10
3398.082886
 20
1066.324463
 40
0.000000
 50
0.000000
  1
# 369
  0
POINT
  8
4
 10
3411.202393
 20
953.035278
 30
1.000000
 50
181.80
  0
TEXT
  8
4
 10
3411.202393
 20
953.035278
 40
0.000000
 50
0.000000
  1
# 370
  0
POINT
  8
4
 10
3411.431274
 20
942.027588
 30
1.000000
 50
185.40
  0
TEXT
  8
4
 10
3411.431274
 20
942.027588
 40
0.000000
 50
0.000000
  1
# 371
  0
POLYLINE
  8
8
  66
1
  70
0
  0
VERTEX
  8
8
  10
3361.794739
  20
980.135803
  0
VERTEX
  8
8
  10
3311.730652
  20
1089.502258
  0
SEQEND
  8
8
  0
POINT
  8
2
 10
3361.794739
 20
980.135803
  0
TEXT
  8
2
 10
3361.794739
 20
980.135803
 40
0.000000
 50
0.000000
  1
# 372
  0
POINT
  8
2
 10
3311.730652
 20
1089.502258
  0
TEXT
  8
2
 10
3311.730652
 20
1089.502258
 40
0.000000
 50
0.000000
  1
# 373
  0
POLYLINE
  8
8
  66
1
  70
0
  0
VERTEX
  8
8
  10
3411.170654
  20
953.032837
  0
VERTEX
  8
8
  10
3402.047937
  20
958.040413
  0
VERTEX
  8
8
  10
3393.110987
  20
962.946012
  0
VERTEX
  8
8
  10
3384.250658
  20
967.809544
  0
VERTEX
  8
8
  10
3375.339745
  20
972.700831
  0
VERTEX
  8
8
  10
3366.594967
  20
977.500918
  0
VERTEX
  8
8
  10
3361.794739
  20
980.135803
  0
SEQEND
  8
8
  0
POINT
  8
2
 10
3411.170654
 20
953.032837
  0
TEXT
  8
2
 10
3411.170654
 20
953.032837
 40
0.000000
 50
0.000000
  1
# 374
  0
POINT
  8
2
 10
3361.794739
 20
980.135803
  0
TEXT
  8
2
 10
3361.794739
 20
980.135803
 40
0.000000
 50
0.000000
  1
# 375
  0
POINT
  8
3
 10
3402.047937
 20
958.040413
  0
POINT
  8
3
 10
3393.110987
 20
962.946012
  0
POINT
  8
3
 10
3384.250658
 20
967.809544
  0
POINT
  8
3
 10
3375.339745
 20
972.700831
  0
POINT
  8
3
 10
3366.594967
 20
977.500918
  0
POLYLINE
  8
8
  66
1
  70
0
  0
VERTEX
  8
8
  10
3398.083191
  20
1066.324463
  0
VERTEX
  8
8
  10
3387.673132
  20
1065.348736
  0
VERTEX
  8
8
  10
3377.507932
  20
1064.423818
  0
VERTEX
  8
8
  10
3367.481973
  20
1063.542540
  0
VERTEX
  8
8
  10
3356.994922
  20
1062.664392
  0
VERTEX
  8
8
  10
3346.892441
  20
1061.865713
  0
VERTEX
  8
8
  10
3337.156017
  20
1061.142574
  0
VERTEX
  8
8
  10
3326.607318
  20
1060.408880
  0
VERTEX
  8
8
  10
3316.720147
  20
1059.755933
  0
VERTEX
  8
8
  10
3313.382874
  20
1059.542847
  0
SEQEND
  8
8
  0
POINT
  8
2
 10
3398.083191
 20
1066.324463
  0
TEXT
  8
2
 10
3398.083191
 20
1066.324463
 40
0.000000
 50
0.000000
  1
# 376
  0
POINT
  8
2
 10
3313.382874
 20
1059.542847
  0
TEXT
  8
2
 10
3313.382874
 20
1059.542847
 40
0.000000
 50
0.000000
  1
# 377
  0
POINT
  8
3
 10
3387.673132
 20
1065.348736
  0
POINT
  8
3
 10
3377.507932
 20
1064.423818
  0
POINT
  8
3
 10
3367.481973
 20
1063.542540
  0
POINT
  8
3
 10
3356.994922
 20
1062.664392
  0
POINT
  8
3
 10
3346.892441
 20
1061.865713
  0
POINT
  8
3
 10
3337.156017
 20
1061.142574
  0
POINT
  8
3
 10
3326.607318
 20
1060.408880
  0
POINT
  8
3
 10
3316.720147
 20
1059.755933
  0
POLYLINE
  8
8
  66
1
  70
0
  0
VERTEX
  8
8
  10
3341.726990
  20
936.153259
  0
VERTEX
  8
8
  10
3313.382874
  20
1059.542847
  0
SEQEND
  8
8
  0
POINT
  8
2
 10
3341.726990
 20
936.153259
  0
TEXT
  8
2
 10
3341.726990
 20
936.153259
 40
0.000000
 50
0.000000
  1
# 378
  0
POINT
  8
2
 10
3313.382874
 20
1059.542847
  0
TEXT
  8
2
 10
3313.382874
 20
1059.542847
 40
0.000000
 50
0.000000
  1
# 379
  0
POLYLINE
  8
8
  66
1
  70
0
  0
VERTEX
  8
8
  10
3411.431274
  20
942.027588
  0
VERTEX
  8
8
  10
3400.708956
  20
941.013454
  0
VERTEX
  8
8
  10
3390.166566
  20
940.050514
  0
VERTEX
  8
8
  10
3379.676479
  20
939.131719
  0
VERTEX
  8
8
  10
3369.474145
  20
938.283783
  0
VERTEX
  8
8
  10
3359.516301
  20
937.492188
  0
VERTEX
  8
8
  10
3349.330021
  20
936.713399
  0
VERTEX
  8
8
  10
3341.726990
  20
936.153259
  0
SEQEND
  8
8
  0
POINT
  8
2
 10
3411.431274
 20
942.027588
  0
TEXT
  8
2
 10
3411.431274
 20
942.027588
 40
0.000000
 50
0.000000
  1
# 380
  0
POINT
  8
2
 10
3341.726990
 20
936.153259
  0
TEXT
  8
2
 10
3341.726990
 20
936.153259
 40
0.000000
 50
0.000000
  1
# 381
  0
POINT
  8
3
 10
3400.708956
 20
941.013454
  0
POINT
  8
3
 10
3390.166566
 20
940.050514
  0
POINT
  8
3
 10
3379.676479
 20
939.131719
  0
POINT
  8
3
 10
3369.474145
 20
938.283783
  0
POINT
  8
3
 10
3359.516301
 20
937.492188
  0
POINT
  8
3
 10
3349.330021
 20
936.713399
 0
LINE
 8
7
 10
3372.510071
 20
1068.914948
 11
3372.510071
 21
934.675064
  0
TEXT
  8
1
 10
3347.674103
 20
1000.966415
 40
10.000000
 50
0.000000
  1
Piece Name: 26SMC-WP130M 展_前袋垫_175/84
  0
TEXT
  8
1
 10
3347.674103
 20
1015.966415
 40
10.000000
 50
0.000000
  1
Size: 175/84
  0
TEXT
  8
1
 10
3347.674103
 20
1030.966415
 40
10.000000
 50
0.000000
  1
Annotation: 
  0
TEXT
  8
1
 10
3347.674103
 20
1045.966415
 40
10.000000
 50
0.000000
  1
Quantity: 1,1
  0
TEXT
  8
1
 10
3347.674103
 20
1060.966415
 40
10.000000
 50
0.000000
  1
Material: 面
  0
TEXT
  8
1
 10
3347.674103
 20
1060.966415
 40
10.000000
 50
0.000000
  1
Category: 10
0
ENDBLK
0
BLOCK
  8
1
  2
26SMC-WP130M 展_后机头_175/84
 70
0
 10
0.0
 20
0.0
  0
POLYLINE
  8
1
  66
1
  70
1
  0
VERTEX
  8
1
  10
2158.886108
  20
947.442245
  0
VERTEX
  8
1
  10
2148.596954
  20
945.872269
  0
VERTEX
  8
1
  10
2138.344269
  20
944.281235
  0
VERTEX
  8
1
  10
2127.856293
  20
942.747345
  0
VERTEX
  8
1
  10
2117.612915
  20
941.349411
  0
VERTEX
  8
1
  10
2107.745209
  20
940.108719
  0
VERTEX
  8
1
  10
2098.812408
  20
939.093628
  0
VERTEX
  8
1
  10
2091.153717
  20
938.316956
  0
VERTEX
  8
1
  10
2083.487854
  20
937.625351
  0
VERTEX
  8
1
  10
2082.357330
  20
937.535782
  0
VERTEX
  8
1
  10
2075.815887
  20
937.017288
  0
VERTEX
  8
1
  10
2068.139191
  20
936.490936
  0
VERTEX
  8
1
  10
2059.178314
  20
935.978241
  0
VERTEX
  8
1
  10
2050.214233
  20
935.572052
  0
VERTEX
  8
1
  10
2041.248779
  20
935.269928
  0
VERTEX
  8
1
  10
2032.283783
  20
935.069199
  0
VERTEX
  8
1
  10
2023.320923
  20
934.967270
  0
VERTEX
  8
1
  10
2014.362030
  20
934.961624
  0
VERTEX
  8
1
  10
2005.569153
  20
935.047226
  0
VERTEX
  8
1
  10
1996.648865
  20
935.221176
  0
VERTEX
  8
1
  10
1986.533813
  20
935.516510
  0
VERTEX
  8
1
  10
1976.549377
  20
935.902863
  0
VERTEX
  8
1
  10
1966.744232
  20
936.367722
  0
VERTEX
  8
1
  10
1955.987854
  20
936.968994
  0
VERTEX
  8
1
  10
1945.588989
  20
937.636032
  0
VERTEX
  8
1
  10
1940.303040
  20
938.017273
  0
VERTEX
  8
1
  10
1934.538422
  20
938.432999
  0
VERTEX
  8
1
  10
1924.110107
  20
939.265289
  0
VERTEX
  8
1
  10
1913.472137
  20
940.192795
  0
VERTEX
  8
1
  10
1903.007813
  20
941.182175
  0
VERTEX
  8
1
  10
1892.518768
  20
942.252960
  0
VERTEX
  8
1
  10
1882.634277
  20
943.341141
  0
VERTEX
  8
1
  10
1873.774872
  20
944.387512
  0
VERTEX
  8
1
  10
1864.178925
  20
945.496597
  0
VERTEX
  8
1
  10
1866.658478
  20
965.777969
  0
VERTEX
  8
1
  10
1867.969208
  20
976.063690
  0
VERTEX
  8
1
  10
1869.332886
  20
986.206436
  0
VERTEX
  8
1
  10
1870.710907
  20
995.859375
  0
VERTEX
  8
1
  10
1872.108612
  20
1005.037766
  0
VERTEX
  8
1
  10
1873.648682
  20
1014.592667
  0
VERTEX
  8
1
  10
1875.399780
  20
1024.918594
  0
VERTEX
  8
1
  10
1877.181244
  20
1034.981155
  0
VERTEX
  8
1
  10
1880.424194
  20
1052.862854
  0
VERTEX
  8
1
  10
1888.645172
  20
1053.240128
  0
VERTEX
  8
1
  10
1897.332153
  20
1053.629456
  0
VERTEX
  8
1
  10
1907.570801
  20
1054.124298
  0
VERTEX
  8
1
  10
1918.279572
  20
1054.678650
  0
VERTEX
  8
1
  10
1929.286499
  20
1055.285187
  0
VERTEX
  8
1
  10
1939.885101
  20
1055.904312
  0
VERTEX
  8
1
  10
1951.231689
  20
1056.606445
  0
VERTEX
  8
1
  10
1961.440125
  20
1057.274551
  0
VERTEX
  8
1
  10
1971.995697
  20
1058.004227
  0
VERTEX
  8
1
  10
1982.804871
  20
1058.795547
  0
VERTEX
  8
1
  10
1993.773651
  20
1059.648819
  0
VERTEX
  8
1
  10
2004.687653
  20
1060.553741
  0
VERTEX
  8
1
  10
2015.707245
  20
1061.527557
  0
VERTEX
  8
1
  10
2026.633301
  20
1062.547913
  0
VERTEX
  8
1
  10
2037.384338
  20
1063.600159
  0
VERTEX
  8
1
  10
2047.878571
  20
1064.669724
  0
VERTEX
  8
1
  10
2058.034515
  20
1065.742035
  0
VERTEX
  8
1
  10
2069.346619
  20
1066.977158
  0
VERTEX
  8
1
  10
2079.958344
  20
1068.172989
  0
VERTEX
  8
1
  10
2091.062469
  20
1069.461823
  0
VERTEX
  8
1
  10
2102.019653
  20
1070.771255
  0
VERTEX
  8
1
  10
2112.818909
  20
1072.100372
  0
VERTEX
  8
1
  10
2123.729248
  20
1073.487701
  0
VERTEX
  8
1
  10
2133.536530
  20
1074.723969
  0
SEQEND
  8
1
  0
POINT
  8
2
 10
2158.886108
 20
947.442245
  0
TEXT
  8
2
 10
2158.886108
 20
947.442245
 40
0.000000
 50
0.000000
  1
# 382
  0
POINT
  8
2
 10
1864.178925
 20
945.496597
  0
TEXT
  8
2
 10
1864.178925
 20
945.496597
 40
0.000000
 50
0.000000
  1
# 383
  0
POINT
  8
2
 10
1880.424194
 20
1052.862854
  0
TEXT
  8
2
 10
1880.424194
 20
1052.862854
 40
0.000000
 50
0.000000
  1
# 384
  0
POINT
  8
2
 10
2133.536530
 20
1074.723969
  0
TEXT
  8
2
 10
2133.536530
 20
1074.723969
 40
0.000000
 50
0.000000
  1
# 385
  0
POINT
  8
3
 10
2148.596954
 20
945.872269
  0
POINT
  8
3
 10
2138.344269
 20
944.281235
  0
POINT
  8
3
 10
2127.856293
 20
942.747345
  0
POINT
  8
3
 10
2117.612915
 20
941.349411
  0
POINT
  8
3
 10
2107.745209
 20
940.108719
  0
POINT
  8
3
 10
2098.812408
 20
939.093628
  0
POINT
  8
3
 10
2091.153717
 20
938.316956
  0
POINT
  8
3
 10
2083.487854
 20
937.625351
  0
POINT
  8
3
 10
2082.357330
 20
937.535782
  0
POINT
  8
3
 10
2075.815887
 20
937.017288
  0
POINT
  8
3
 10
2068.139191
 20
936.490936
  0
POINT
  8
3
 10
2059.178314
 20
935.978241
  0
POINT
  8
3
 10
2050.214233
 20
935.572052
  0
POINT
  8
3
 10
2041.248779
 20
935.269928
  0
POINT
  8
3
 10
2032.283783
 20
935.069199
  0
POINT
  8
3
 10
2023.320923
 20
934.967270
  0
POINT
  8
3
 10
2014.362030
 20
934.961624
  0
POINT
  8
3
 10
2005.569153
 20
935.047226
  0
POINT
  8
3
 10
1996.648865
 20
935.221176
  0
POINT
  8
3
 10
1986.533813
 20
935.516510
  0
POINT
  8
3
 10
1976.549377
 20
935.902863
  0
POINT
  8
3
 10
1966.744232
 20
936.367722
  0
POINT
  8
3
 10
1955.987854
 20
936.968994
  0
POINT
  8
3
 10
1945.588989
 20
937.636032
  0
POINT
  8
3
 10
1940.303040
 20
938.017273
  0
POINT
  8
3
 10
1934.538422
 20
938.432999
  0
POINT
  8
3
 10
1924.110107
 20
939.265289
  0
POINT
  8
3
 10
1913.472137
 20
940.192795
  0
POINT
  8
3
 10
1903.007813
 20
941.182175
  0
POINT
  8
3
 10
1892.518768
 20
942.252960
  0
POINT
  8
3
 10
1882.634277
 20
943.341141
  0
POINT
  8
3
 10
1873.774872
 20
944.387512
  0
POINT
  8
3
 10
1866.658478
 20
965.777969
  0
POINT
  8
3
 10
1867.969208
 20
976.063690
  0
POINT
  8
3
 10
1869.332886
 20
986.206436
  0
POINT
  8
3
 10
1870.710907
 20
995.859375
  0
POINT
  8
3
 10
1872.108612
 20
1005.037766
  0
POINT
  8
3
 10
1873.648682
 20
1014.592667
  0
POINT
  8
3
 10
1875.399780
 20
1024.918594
  0
POINT
  8
3
 10
1877.181244
 20
1034.981155
  0
POINT
  8
3
 10
1888.645172
 20
1053.240128
  0
POINT
  8
3
 10
1897.332153
 20
1053.629456
  0
POINT
  8
3
 10
1907.570801
 20
1054.124298
  0
POINT
  8
3
 10
1918.279572
 20
1054.678650
  0
POINT
  8
3
 10
1929.286499
 20
1055.285187
  0
POINT
  8
3
 10
1939.885101
 20
1055.904312
  0
POINT
  8
3
 10
1951.231689
 20
1056.606445
  0
POINT
  8
3
 10
1961.440125
 20
1057.274551
  0
POINT
  8
3
 10
1971.995697
 20
1058.004227
  0
POINT
  8
3
 10
1982.804871
 20
1058.795547
  0
POINT
  8
3
 10
1993.773651
 20
1059.648819
  0
POINT
  8
3
 10
2004.687653
 20
1060.553741
  0
POINT
  8
3
 10
2015.707245
 20
1061.527557
  0
POINT
  8
3
 10
2026.633301
 20
1062.547913
  0
POINT
  8
3
 10
2037.384338
 20
1063.600159
  0
POINT
  8
3
 10
2047.878571
 20
1064.669724
  0
POINT
  8
3
 10
2058.034515
 20
1065.742035
  0
POINT
  8
3
 10
2069.346619
 20
1066.977158
  0
POINT
  8
3
 10
2079.958344
 20
1068.172989
  0
POINT
  8
3
 10
2091.062469
 20
1069.461823
  0
POINT
  8
3
 10
2102.019653
 20
1070.771255
  0
POINT
  8
3
 10
2112.818909
 20
1072.100372
  0
POINT
  8
3
 10
2123.729248
 20
1073.487701
  0
POINT
  8
4
 10
2082.357330
 20
937.535782
 30
1.000000
 50
 94.53
  0
TEXT
  8
4
 10
2082.357330
 20
937.535782
 40
0.000000
 50
0.000000
  1
# 386
  0
POINT
  8
4
 10
1940.303040
 20
938.017273
 30
1.000000
 50
 85.87
  0
TEXT
  8
4
 10
1940.303040
 20
938.017273
 40
0.000000
 50
0.000000
  1
# 387
  0
POLYLINE
  8
14
  66
1
  70
1
  0
VERTEX
  8
14
  10
2147.032623
  20
955.762482
  0
VERTEX
  8
14
  10
2136.850495
  20
954.169035
  0
VERTEX
  8
14
  10
2126.455949
  20
952.648792
  0
VERTEX
  8
14
  10
2116.311171
  20
951.264304
  0
VERTEX
  8
14
  10
2106.555630
  20
950.037698
  0
VERTEX
  8
14
  10
2097.747486
  20
949.036785
  0
VERTEX
  8
14
  10
2090.200286
  20
948.271405
  0
VERTEX
  8
14
  10
2082.643797
  20
947.589689
  0
VERTEX
  8
14
  10
2081.567535
  20
947.499390
  0
VERTEX
  8
14
  10
2075.079191
  20
946.990077
  0
VERTEX
  8
14
  10
2067.507615
  20
946.471007
  0
VERTEX
  8
14
  10
2058.666833
  20
945.965138
  0
VERTEX
  8
14
  10
2049.819986
  20
945.564292
  0
VERTEX
  8
14
  10
2040.968905
  20
945.265989
  0
VERTEX
  8
14
  10
2032.115426
  20
945.067752
  0
VERTEX
  8
14
  10
2023.261378
  20
944.967099
  0
VERTEX
  8
14
  10
2014.408617
  20
944.961553
  0
VERTEX
  8
14
  10
2005.716128
  20
945.046128
  0
VERTEX
  8
14
  10
1996.890579
  20
945.218228
  0
VERTEX
  8
14
  10
1986.874550
  20
945.510714
  0
VERTEX
  8
14
  10
1976.980863
  20
945.893569
  0
VERTEX
  8
14
  10
1967.258900
  20
946.354465
  0
VERTEX
  8
14
  10
1956.588432
  20
946.950907
  0
VERTEX
  8
14
  10
1946.268134
  20
947.612959
  0
VERTEX
  8
14
  10
1941.021576
  20
947.980347
  0
VERTEX
  8
14
  10
1935.297317
  20
948.404174
  0
VERTEX
  8
14
  10
1924.942059
  20
949.230637
  0
VERTEX
  8
14
  10
1914.377332
  20
950.151720
  0
VERTEX
  8
14
  10
1903.985570
  20
951.134290
  0
VERTEX
  8
14
  10
1893.573138
  20
952.197227
  0
VERTEX
  8
14
  10
1883.771338
  20
953.276249
  0
VERTEX
  8
14
  10
1875.345154
  20
954.284210
  0
VERTEX
  8
14
  10
1876.582230
  20
964.545766
  0
VERTEX
  8
14
  10
1877.884827
  20
974.766774
  0
VERTEX
  8
14
  10
1879.238575
  20
984.835888
  0
VERTEX
  8
14
  10
1880.603828
  20
994.399389
  0
VERTEX
  8
14
  10
1881.987838
  20
1003.488665
  0
VERTEX
  8
14
  10
1883.514664
  20
1012.960710
  0
VERTEX
  8
14
  10
1885.252557
  20
1023.208600
  0
VERTEX
  8
14
  10
1887.022585
  20
1033.206706
  0
VERTEX
  8
14
  10
1888.854980
  20
1043.243866
  0
VERTEX
  8
14
  10
1897.796448
  20
1043.640221
  0
VERTEX
  8
14
  10
1908.070920
  20
1044.136801
  0
VERTEX
  8
14
  10
1918.813079
  20
1044.692887
  0
VERTEX
  8
14
  10
1929.853389
  20
1045.301283
  0
VERTEX
  8
14
  10
1940.484659
  20
1045.922328
  0
VERTEX
  8
14
  10
1951.867578
  20
1046.626679
  0
VERTEX
  8
14
  10
1962.110741
  20
1047.297089
  0
VERTEX
  8
14
  10
1972.704772
  20
1048.029382
  0
VERTEX
  8
14
  10
1983.556751
  20
1048.823871
  0
VERTEX
  8
14
  10
1994.573704
  20
1049.680867
  0
VERTEX
  8
14
  10
2005.541253
  20
1050.590263
  0
VERTEX
  8
14
  10
2016.613201
  20
1051.568703
  0
VERTEX
  8
14
  10
2027.586159
  20
1052.593382
  0
VERTEX
  8
14
  10
2038.379177
  20
1053.649730
  0
VERTEX
  8
14
  10
2048.911295
  20
1054.723176
  0
VERTEX
  8
14
  10
2059.101525
  20
1055.799146
  0
VERTEX
  8
14
  10
2070.450018
  20
1057.038196
  0
VERTEX
  8
14
  10
2081.094391
  20
1058.237709
  0
VERTEX
  8
14
  10
2092.232262
  20
1059.530484
  0
VERTEX
  8
14
  10
2103.223367
  20
1060.843997
  0
VERTEX
  8
14
  10
2114.059152
  20
1062.177595
  0
VERTEX
  8
14
  10
2125.546875
  20
1063.643646
  0
SEQEND
  8
14
  0
POINT
  8
2
 10
2147.032623
 20
955.762482
  0
TEXT
  8
2
 10
2147.032623
 20
955.762482
 40
0.000000
 50
0.000000
  1
# 388
  0
POINT
  8
2
 10
1875.345154
 20
954.284210
  0
TEXT
  8
2
 10
1875.345154
 20
954.284210
 40
0.000000
 50
0.000000
  1
# 389
  0
POINT
  8
2
 10
1888.854980
 20
1043.243866
  0
TEXT
  8
2
 10
1888.854980
 20
1043.243866
 40
0.000000
 50
0.000000
  1
# 390
  0
POINT
  8
2
 10
2125.546875
 20
1063.643646
  0
TEXT
  8
2
 10
2125.546875
 20
1063.643646
 40
0.000000
 50
0.000000
  1
# 391
  0
POINT
  8
3
 10
2136.850495
 20
954.169035
  0
POINT
  8
3
 10
2126.455949
 20
952.648792
  0
POINT
  8
3
 10
2116.311171
 20
951.264304
  0
POINT
  8
3
 10
2106.555630
 20
950.037698
  0
POINT
  8
3
 10
2097.747486
 20
949.036785
  0
POINT
  8
3
 10
2090.200286
 20
948.271405
  0
POINT
  8
3
 10
2082.643797
 20
947.589689
  0
POINT
  8
3
 10
2081.567535
 20
947.499390
  0
POINT
  8
3
 10
2075.079191
 20
946.990077
  0
POINT
  8
3
 10
2067.507615
 20
946.471007
  0
POINT
  8
3
 10
2058.666833
 20
945.965138
  0
POINT
  8
3
 10
2049.819986
 20
945.564292
  0
POINT
  8
3
 10
2040.968905
 20
945.265989
  0
POINT
  8
3
 10
2032.115426
 20
945.067752
  0
POINT
  8
3
 10
2023.261378
 20
944.967099
  0
POINT
  8
3
 10
2014.408617
 20
944.961553
  0
POINT
  8
3
 10
2005.716128
 20
945.046128
  0
POINT
  8
3
 10
1996.890579
 20
945.218228
  0
POINT
  8
3
 10
1986.874550
 20
945.510714
  0
POINT
  8
3
 10
1976.980863
 20
945.893569
  0
POINT
  8
3
 10
1967.258900
 20
946.354465
  0
POINT
  8
3
 10
1956.588432
 20
946.950907
  0
POINT
  8
3
 10
1946.268134
 20
947.612959
  0
POINT
  8
3
 10
1941.021576
 20
947.980347
  0
POINT
  8
3
 10
1935.297317
 20
948.404174
  0
POINT
  8
3
 10
1924.942059
 20
949.230637
  0
POINT
  8
3
 10
1914.377332
 20
950.151720
  0
POINT
  8
3
 10
1903.985570
 20
951.134290
  0
POINT
  8
3
 10
1893.573138
 20
952.197227
  0
POINT
  8
3
 10
1883.771338
 20
953.276249
  0
POINT
  8
3
 10
1876.582230
 20
964.545766
  0
POINT
  8
3
 10
1877.884827
 20
974.766774
  0
POINT
  8
3
 10
1879.238575
 20
984.835888
  0
POINT
  8
3
 10
1880.603828
 20
994.399389
  0
POINT
  8
3
 10
1881.987838
 20
1003.488665
  0
POINT
  8
3
 10
1883.514664
 20
1012.960710
  0
POINT
  8
3
 10
1885.252557
 20
1023.208600
  0
POINT
  8
3
 10
1887.022585
 20
1033.206706
  0
POINT
  8
3
 10
1897.796448
 20
1043.640221
  0
POINT
  8
3
 10
1908.070920
 20
1044.136801
  0
POINT
  8
3
 10
1918.813079
 20
1044.692887
  0
POINT
  8
3
 10
1929.853389
 20
1045.301283
  0
POINT
  8
3
 10
1940.484659
 20
1045.922328
  0
POINT
  8
3
 10
1951.867578
 20
1046.626679
  0
POINT
  8
3
 10
1962.110741
 20
1047.297089
  0
POINT
  8
3
 10
1972.704772
 20
1048.029382
  0
POINT
  8
3
 10
1983.556751
 20
1048.823871
  0
POINT
  8
3
 10
1994.573704
 20
1049.680867
  0
POINT
  8
3
 10
2005.541253
 20
1050.590263
  0
POINT
  8
3
 10
2016.613201
 20
1051.568703
  0
POINT
  8
3
 10
2027.586159
 20
1052.593382
  0
POINT
  8
3
 10
2038.379177
 20
1053.649730
  0
POINT
  8
3
 10
2048.911295
 20
1054.723176
  0
POINT
  8
3
 10
2059.101525
 20
1055.799146
  0
POINT
  8
3
 10
2070.450018
 20
1057.038196
  0
POINT
  8
3
 10
2081.094391
 20
1058.237709
  0
POINT
  8
3
 10
2092.232262
 20
1059.530484
  0
POINT
  8
3
 10
2103.223367
 20
1060.843997
  0
POINT
  8
3
 10
2114.059152
 20
1062.177595
  0
POINT
  8
4
 10
2081.567535
 20
947.499390
 30
1.000000
 50
 94.75
  0
TEXT
  8
4
 10
2081.567535
 20
947.499390
 40
0.000000
 50
0.000000
  1
# 392
  0
POINT
  8
4
 10
1941.021576
 20
947.980347
 30
1.000000
 50
 85.88
  0
TEXT
  8
4
 10
1941.021576
 20
947.980347
 40
0.000000
 50
0.000000
  1
# 393
 0
LINE
 8
7
 10
1998.035278
 20
1035.991669
 11
1998.035278
 21
953.277893
  0
TEXT
  8
1
 10
2011.532516
 20
1004.842796
 40
10.000000
 50
0.000000
  1
Piece Name: 26SMC-WP130M 展_后机头_175/84
  0
TEXT
  8
1
 10
2011.532516
 20
1019.842796
 40
10.000000
 50
0.000000
  1
Size: 175/84
  0
TEXT
  8
1
 10
2011.532516
 20
1034.842796
 40
10.000000
 50
0.000000
  1
Annotation: 
  0
TEXT
  8
1
 10
2011.532516
 20
1049.842796
 40
10.000000
 50
0.000000
  1
Quantity: 1,1
  0
TEXT
  8
1
 10
2011.532516
 20
1064.842796
 40
10.000000
 50
0.000000
  1
Material: 面
  0
TEXT
  8
1
 10
2011.532516
 20
1064.842796
 40
10.000000
 50
0.000000
  1
Category: 11
0
ENDBLK
0
BLOCK
  8
1
  2
26SMC-WP130M 展_腿袋_175/84
 70
0
 10
0.0
 20
0.0
  0
POLYLINE
  8
1
  66
1
  70
1
  0
VERTEX
  8
1
  10
3605.939941
  20
249.603825
  0
VERTEX
  8
1
  10
3563.439941
  20
267.634182
  0
VERTEX
  8
1
  10
3563.439941
  20
267.634163
  0
VERTEX
  8
1
  10
3543.439941
  20
259.149055
  0
VERTEX
  8
1
  10
3523.439941
  20
267.634163
  0
VERTEX
  8
1
  10
3521.291809
  20
268.545475
  0
VERTEX
  8
1
  10
3472.439880
  20
289.270477
  0
VERTEX
  8
1
  10
3472.439880
  20
467.552757
  0
VERTEX
  8
1
  10
3523.439941
  20
467.552757
  0
VERTEX
  8
1
  10
3523.439941
  20
467.552757
  0
VERTEX
  8
1
  10
3543.439941
  20
467.552757
  0
VERTEX
  8
1
  10
3563.439941
  20
467.552757
  0
VERTEX
  8
1
  10
3563.439941
  20
467.552757
  0
VERTEX
  8
1
  10
3605.939941
  20
467.552757
  0
VERTEX
  8
1
  10
3605.939941
  20
467.552757
  0
VERTEX
  8
1
  10
3648.439941
  20
467.552757
  0
VERTEX
  8
1
  10
3648.439941
  20
467.552757
  0
VERTEX
  8
1
  10
3668.439941
  20
467.552757
  0
VERTEX
  8
1
  10
3688.439941
  20
467.552757
  0
VERTEX
  8
1
  10
3688.439941
  20
467.552757
  0
VERTEX
  8
1
  10
3739.440002
  20
467.552757
  0
VERTEX
  8
1
  10
3739.440002
  20
289.270477
  0
VERTEX
  8
1
  10
3690.588074
  20
268.545475
  0
VERTEX
  8
1
  10
3688.439941
  20
267.634163
  0
VERTEX
  8
1
  10
3668.439941
  20
259.149055
  0
VERTEX
  8
1
  10
3648.439941
  20
267.634163
  0
VERTEX
  8
1
  10
3648.439941
  20
267.634182
  0
SEQEND
  8
1
  0
POINT
  8
2
 10
3605.939941
 20
249.603825
  0
TEXT
  8
2
 10
3605.939941
 20
249.603825
 40
0.000000
 50
0.000000
  1
# 394
  0
POINT
  8
2
 10
3563.439941
 20
267.634182
  0
TEXT
  8
2
 10
3563.439941
 20
267.634182
 40
0.000000
 50
0.000000
  1
# 395
  0
POINT
  8
2
 10
3521.291809
 20
268.545475
  0
TEXT
  8
2
 10
3521.291809
 20
268.545475
 40
0.000000
 50
0.000000
  1
# 396
  0
POINT
  8
2
 10
3472.439880
 20
289.270477
  0
TEXT
  8
2
 10
3472.439880
 20
289.270477
 40
0.000000
 50
0.000000
  1
# 397
  0
POINT
  8
2
 10
3472.439880
 20
467.552757
  0
TEXT
  8
2
 10
3472.439880
 20
467.552757
 40
0.000000
 50
0.000000
  1
# 398
  0
POINT
  8
2
 10
3523.439941
 20
467.552757
  0
TEXT
  8
2
 10
3523.439941
 20
467.552757
 40
0.000000
 50
0.000000
  1
# 399
  0
POINT
  8
2
 10
3563.439941
 20
467.552757
  0
TEXT
  8
2
 10
3563.439941
 20
467.552757
 40
0.000000
 50
0.000000
  1
# 400
  0
POINT
  8
2
 10
3605.939941
 20
467.552757
  0
TEXT
  8
2
 10
3605.939941
 20
467.552757
 40
0.000000
 50
0.000000
  1
# 401
  0
POINT
  8
2
 10
3648.439941
 20
467.552757
  0
TEXT
  8
2
 10
3648.439941
 20
467.552757
 40
0.000000
 50
0.000000
  1
# 402
  0
POINT
  8
2
 10
3688.439941
 20
467.552757
  0
TEXT
  8
2
 10
3688.439941
 20
467.552757
 40
0.000000
 50
0.000000
  1
# 403
  0
POINT
  8
2
 10
3739.440002
 20
467.552757
  0
TEXT
  8
2
 10
3739.440002
 20
467.552757
 40
0.000000
 50
0.000000
  1
# 404
  0
POINT
  8
2
 10
3739.440002
 20
289.270477
  0
TEXT
  8
2
 10
3739.440002
 20
289.270477
 40
0.000000
 50
0.000000
  1
# 405
  0
POINT
  8
2
 10
3690.588074
 20
268.545475
  0
TEXT
  8
2
 10
3690.588074
 20
268.545475
 40
0.000000
 50
0.000000
  1
# 406
  0
POINT
  8
2
 10
3648.439941
 20
267.634182
  0
TEXT
  8
2
 10
3648.439941
 20
267.634182
 40
0.000000
 50
0.000000
  1
# 407
  0
POINT
  8
3
 10
3563.439941
 20
267.634163
  0
POINT
  8
3
 10
3543.439941
 20
259.149055
  0
POINT
  8
3
 10
3523.439941
 20
267.634163
  0
POINT
  8
3
 10
3523.439941
 20
467.552757
  0
POINT
  8
3
 10
3543.439941
 20
467.552757
  0
POINT
  8
3
 10
3563.439941
 20
467.552757
  0
POINT
  8
3
 10
3605.939941
 20
467.552757
  0
POINT
  8
3
 10
3648.439941
 20
467.552757
  0
POINT
  8
3
 10
3668.439941
 20
467.552757
  0
POINT
  8
3
 10
3688.439941
 20
467.552757
  0
POINT
  8
3
 10
3688.439941
 20
267.634163
  0
POINT
  8
3
 10
3668.439941
 20
259.149055
  0
POINT
  8
3
 10
3648.439941
 20
267.634163
  0
POINT
  8
4
 10
3563.439941
 20
267.634163
 30
1.000000
 50
 90.00
  0
TEXT
  8
4
 10
3563.439941
 20
267.634163
 40
0.000000
 50
0.000000
  1
# 408
  0
POINT
  8
4
 10
3523.439941
 20
267.634163
 30
1.000000
 50
 90.00
  0
TEXT
  8
4
 10
3523.439941
 20
267.634163
 40
0.000000
 50
0.000000
  1
# 409
  0
POINT
  8
4
 10
3523.439941
 20
467.552757
 30
1.000000
 50
270.00
  0
TEXT
  8
4
 10
3523.439941
 20
467.552757
 40
0.000000
 50
0.000000
  1
# 410
  0
POINT
  8
4
 10
3563.439941
 20
467.552757
 30
1.000000
 50
270.00
  0
TEXT
  8
4
 10
3563.439941
 20
467.552757
 40
0.000000
 50
0.000000
  1
# 411
  0
POINT
  8
4
 10
3605.939941
 20
467.552757
 30
1.000000
 50
270.00
  0
TEXT
  8
4
 10
3605.939941
 20
467.552757
 40
0.000000
 50
0.000000
  1
# 412
  0
POINT
  8
4
 10
3648.439941
 20
467.552757
 30
1.000000
 50
270.00
  0
TEXT
  8
4
 10
3648.439941
 20
467.552757
 40
0.000000
 50
0.000000
  1
# 413
  0
POINT
  8
4
 10
3688.439941
 20
467.552757
 30
1.000000
 50
270.00
  0
TEXT
  8
4
 10
3688.439941
 20
467.552757
 40
0.000000
 50
0.000000
  1
# 414
  0
POINT
  8
4
 10
3688.439941
 20
267.634163
 30
1.000000
 50
 90.00
  0
TEXT
  8
4
 10
3688.439941
 20
267.634163
 40
0.000000
 50
0.000000
  1
# 415
  0
POINT
  8
4
 10
3648.439941
 20
267.634163
 30
1.000000
 50
 90.00
  0
TEXT
  8
4
 10
3648.439941
 20
267.634163
 40
0.000000
 50
0.000000
  1
# 416
  0
POLYLINE
  8
14
  66
1
  70
1
  0
VERTEX
  8
14
  10
3605.939941
  20
261.552792
  0
VERTEX
  8
14
  10
3563.439941
  20
279.583187
  0
VERTEX
  8
14
  10
3563.439941
  20
279.583187
  0
VERTEX
  8
14
  10
3543.439941
  20
271.098080
  0
VERTEX
  8
14
  10
3523.439941
  20
279.583187
  0
VERTEX
  8
14
  10
3523.439941
  20
279.583187
  0
VERTEX
  8
14
  10
3483.439941
  20
296.552792
  0
VERTEX
  8
14
  10
3483.439941
  20
456.552773
  0
VERTEX
  8
14
  10
3523.439941
  20
456.552773
  0
VERTEX
  8
14
  10
3523.439941
  20
456.552773
  0
VERTEX
  8
14
  10
3543.439941
  20
456.552773
  0
VERTEX
  8
14
  10
3563.439941
  20
456.552773
  0
VERTEX
  8
14
  10
3563.439941
  20
456.552773
  0
VERTEX
  8
14
  10
3605.939941
  20
456.552773
  0
VERTEX
  8
14
  10
3605.939941
  20
456.552773
  0
VERTEX
  8
14
  10
3648.439941
  20
456.552773
  0
VERTEX
  8
14
  10
3648.439941
  20
456.552773
  0
VERTEX
  8
14
  10
3668.439941
  20
456.552773
  0
VERTEX
  8
14
  10
3688.439941
  20
456.552773
  0
VERTEX
  8
14
  10
3688.439941
  20
456.552773
  0
VERTEX
  8
14
  10
3728.439941
  20
456.552773
  0
VERTEX
  8
14
  10
3728.439941
  20
296.552792
  0
VERTEX
  8
14
  10
3688.439941
  20
279.583187
  0
VERTEX
  8
14
  10
3688.439941
  20
279.583187
  0
VERTEX
  8
14
  10
3668.439941
  20
271.098080
  0
VERTEX
  8
14
  10
3648.439941
  20
279.583187
  0
VERTEX
  8
14
  10
3648.439941
  20
279.583187
  0
SEQEND
  8
14
  0
POINT
  8
2
 10
3605.939941
 20
261.552792
  0
TEXT
  8
2
 10
3605.939941
 20
261.552792
 40
0.000000
 50
0.000000
  1
# 417
  0
POINT
  8
2
 10
3563.439941
 20
279.583187
  0
TEXT
  8
2
 10
3563.439941
 20
279.583187
 40
0.000000
 50
0.000000
  1
# 418
  0
POINT
  8
2
 10
3523.439941
 20
279.583187
  0
TEXT
  8
2
 10
3523.439941
 20
279.583187
 40
0.000000
 50
0.000000
  1
# 419
  0
POINT
  8
2
 10
3483.439941
 20
296.552792
  0
TEXT
  8
2
 10
3483.439941
 20
296.552792
 40
0.000000
 50
0.000000
  1
# 420
  0
POINT
  8
2
 10
3483.439941
 20
456.552773
  0
TEXT
  8
2
 10
3483.439941
 20
456.552773
 40
0.000000
 50
0.000000
  1
# 421
  0
POINT
  8
2
 10
3523.439941
 20
456.552773
  0
TEXT
  8
2
 10
3523.439941
 20
456.552773
 40
0.000000
 50
0.000000
  1
# 422
  0
POINT
  8
2
 10
3563.439941
 20
456.552773
  0
TEXT
  8
2
 10
3563.439941
 20
456.552773
 40
0.000000
 50
0.000000
  1
# 423
  0
POINT
  8
2
 10
3605.939941
 20
456.552773
  0
TEXT
  8
2
 10
3605.939941
 20
456.552773
 40
0.000000
 50
0.000000
  1
# 424
  0
POINT
  8
2
 10
3648.439941
 20
456.552773
  0
TEXT
  8
2
 10
3648.439941
 20
456.552773
 40
0.000000
 50
0.000000
  1
# 425
  0
POINT
  8
2
 10
3688.439941
 20
456.552773
  0
TEXT
  8
2
 10
3688.439941
 20
456.552773
 40
0.000000
 50
0.000000
  1
# 426
  0
POINT
  8
2
 10
3728.439941
 20
456.552773
  0
TEXT
  8
2
 10
3728.439941
 20
456.552773
 40
0.000000
 50
0.000000
  1
# 427
  0
POINT
  8
2
 10
3728.439941
 20
296.552792
  0
TEXT
  8
2
 10
3728.439941
 20
296.552792
 40
0.000000
 50
0.000000
  1
# 428
  0
POINT
  8
2
 10
3688.439941
 20
279.583187
  0
TEXT
  8
2
 10
3688.439941
 20
279.583187
 40
0.000000
 50
0.000000
  1
# 429
  0
POINT
  8
2
 10
3648.439941
 20
279.583187
  0
TEXT
  8
2
 10
3648.439941
 20
279.583187
 40
0.000000
 50
0.000000
  1
# 430
  0
POINT
  8
3
 10
3563.439941
 20
279.583187
  0
POINT
  8
3
 10
3523.439941
 20
279.583187
  0
POINT
  8
3
 10
3523.439941
 20
456.552773
  0
POINT
  8
3
 10
3563.439941
 20
456.552773
  0
POINT
  8
3
 10
3605.939941
 20
456.552773
  0
POINT
  8
3
 10
3648.439941
 20
456.552773
  0
POINT
  8
3
 10
3688.439941
 20
456.552773
  0
POINT
  8
3
 10
3688.439941
 20
279.583187
  0
POINT
  8
3
 10
3648.439941
 20
279.583187
  0
POINT
  8
4
 10
3563.439941
 20
279.583187
 30
1.000000
 50
 90.00
  0
TEXT
  8
4
 10
3563.439941
 20
279.583187
 40
0.000000
 50
0.000000
  1
# 431
  0
POINT
  8
4
 10
3523.439941
 20
279.583187
 30
1.000000
 50
 90.00
  0
TEXT
  8
4
 10
3523.439941
 20
279.583187
 40
0.000000
 50
0.000000
  1
# 432
  0
POINT
  8
4
 10
3523.439941
 20
456.552773
 30
1.000000
 50
270.00
  0
TEXT
  8
4
 10
3523.439941
 20
456.552773
 40
0.000000
 50
0.000000
  1
# 433
  0
POINT
  8
4
 10
3563.439941
 20
456.552773
 30
1.000000
 50
270.00
  0
TEXT
  8
4
 10
3563.439941
 20
456.552773
 40
0.000000
 50
0.000000
  1
# 434
  0
POINT
  8
4
 10
3605.939941
 20
456.552773
 30
1.000000
 50
270.00
  0
TEXT
  8
4
 10
3605.939941
 20
456.552773
 40
0.000000
 50
0.000000
  1
# 435
  0
POINT
  8
4
 10
3648.439941
 20
456.552773
 30
1.000000
 50
270.00
  0
TEXT
  8
4
 10
3648.439941
 20
456.552773
 40
0.000000
 50
0.000000
  1
# 436
  0
POINT
  8
4
 10
3688.439941
 20
456.552773
 30
1.000000
 50
270.00
  0
TEXT
  8
4
 10
3688.439941
 20
456.552773
 40
0.000000
 50
0.000000
  1
# 437
  0
POINT
  8
4
 10
3688.439941
 20
279.583187
 30
1.000000
 50
 90.00
  0
TEXT
  8
4
 10
3688.439941
 20
279.583187
 40
0.000000
 50
0.000000
  1
# 438
  0
POINT
  8
4
 10
3648.439941
 20
279.583187
 30
1.000000
 50
 90.00
  0
TEXT
  8
4
 10
3648.439941
 20
279.583187
 40
0.000000
 50
0.000000
  1
# 439
  0
POLYLINE
  8
8
  66
1
  70
0
  0
VERTEX
  8
8
  10
3605.939941
  20
261.552792
  0
VERTEX
  8
8
  10
3605.939941
  20
456.552773
  0
SEQEND
  8
8
  0
POINT
  8
2
 10
3605.939941
 20
261.552792
  0
TEXT
  8
2
 10
3605.939941
 20
261.552792
 40
0.000000
 50
0.000000
  1
# 440
  0
POINT
  8
2
 10
3605.939941
 20
456.552773
  0
TEXT
  8
2
 10
3605.939941
 20
456.552773
 40
0.000000
 50
0.000000
  1
# 441
  0
POLYLINE
  8
8
  66
1
  70
0
  0
VERTEX
  8
8
  10
3648.439941
  20
456.552773
  0
VERTEX
  8
8
  10
3648.439941
  20
279.583187
  0
SEQEND
  8
8
  0
POINT
  8
2
 10
3648.439941
 20
456.552773
  0
TEXT
  8
2
 10
3648.439941
 20
456.552773
 40
0.000000
 50
0.000000
  1
# 442
  0
POINT
  8
2
 10
3648.439941
 20
279.583187
  0
TEXT
  8
2
 10
3648.439941
 20
279.583187
 40
0.000000
 50
0.000000
  1
# 443
  0
POLYLINE
  8
8
  66
1
  70
0
  0
VERTEX
  8
8
  10
3668.439941
  20
456.552773
  0
VERTEX
  8
8
  10
3668.439941
  20
271.098080
  0
SEQEND
  8
8
  0
POINT
  8
2
 10
3668.439941
 20
456.552773
  0
TEXT
  8
2
 10
3668.439941
 20
456.552773
 40
0.000000
 50
0.000000
  1
# 444
  0
POINT
  8
2
 10
3668.439941
 20
271.098080
  0
TEXT
  8
2
 10
3668.439941
 20
271.098080
 40
0.000000
 50
0.000000
  1
# 445
  0
POLYLINE
  8
8
  66
1
  70
0
  0
VERTEX
  8
8
  10
3688.439941
  20
456.552773
  0
VERTEX
  8
8
  10
3688.439941
  20
279.583187
  0
SEQEND
  8
8
  0
POINT
  8
2
 10
3688.439941
 20
456.552773
  0
TEXT
  8
2
 10
3688.439941
 20
456.552773
 40
0.000000
 50
0.000000
  1
# 446
  0
POINT
  8
2
 10
3688.439941
 20
279.583187
  0
TEXT
  8
2
 10
3688.439941
 20
279.583187
 40
0.000000
 50
0.000000
  1
# 447
  0
POLYLINE
  8
8
  66
1
  70
0
  0
VERTEX
  8
8
  10
3648.439941
  20
412.310219
  0
VERTEX
  8
8
  10
3688.439941
  20
394.613380
  0
VERTEX
  8
8
  10
3670.209656
  20
407.461891
  0
SEQEND
  8
8
  0
POINT
  8
2
 10
3648.439941
 20
412.310219
  0
TEXT
  8
2
 10
3648.439941
 20
412.310219
 40
0.000000
 50
0.000000
  1
# 448
  0
POINT
  8
2
 10
3670.209656
 20
407.461891
  0
TEXT
  8
2
 10
3670.209656
 20
407.461891
 40
0.000000
 50
0.000000
  1
# 449
  0
POLYLINE
  8
8
  66
1
  70
0
  0
VERTEX
  8
8
  10
3563.439941
  20
456.552773
  0
VERTEX
  8
8
  10
3563.439941
  20
279.583187
  0
SEQEND
  8
8
  0
POINT
  8
2
 10
3563.439941
 20
456.552773
  0
TEXT
  8
2
 10
3563.439941
 20
456.552773
 40
0.000000
 50
0.000000
  1
# 450
  0
POINT
  8
2
 10
3563.439941
 20
279.583187
  0
TEXT
  8
2
 10
3563.439941
 20
279.583187
 40
0.000000
 50
0.000000
  1
# 451
  0
POLYLINE
  8
8
  66
1
  70
0
  0
VERTEX
  8
8
  10
3543.439941
  20
456.552773
  0
VERTEX
  8
8
  10
3543.439941
  20
271.098080
  0
SEQEND
  8
8
  0
POINT
  8
2
 10
3543.439941
 20
456.552773
  0
TEXT
  8
2
 10
3543.439941
 20
456.552773
 40
0.000000
 50
0.000000
  1
# 452
  0
POINT
  8
2
 10
3543.439941
 20
271.098080
  0
TEXT
  8
2
 10
3543.439941
 20
271.098080
 40
0.000000
 50
0.000000
  1
# 453
  0
POLYLINE
  8
8
  66
1
  70
0
  0
VERTEX
  8
8
  10
3523.439941
  20
456.552773
  0
VERTEX
  8
8
  10
3523.439941
  20
279.583187
  0
SEQEND
  8
8
  0
POINT
  8
2
 10
3523.439941
 20
456.552773
  0
TEXT
  8
2
 10
3523.439941
 20
456.552773
 40
0.000000
 50
0.000000
  1
# 454
  0
POINT
  8
2
 10
3523.439941
 20
279.583187
  0
TEXT
  8
2
 10
3523.439941
 20
279.583187
 40
0.000000
 50
0.000000
  1
# 455
  0
POLYLINE
  8
8
  66
1
  70
0
  0
VERTEX
  8
8
  10
3563.439941
  20
412.310219
  0
VERTEX
  8
8
  10
3523.439941
  20
394.613380
  0
VERTEX
  8
8
  10
3541.670227
  20
407.461891
  0
SEQEND
  8
8
  0
POINT
  8
2
 10
3563.439941
 20
412.310219
  0
TEXT
  8
2
 10
3563.439941
 20
412.310219
 40
0.000000
 50
0.000000
  1
# 456
  0
POINT
  8
2
 10
3541.670227
 20
407.461891
  0
TEXT
  8
2
 10
3541.670227
 20
407.461891
 40
0.000000
 50
0.000000
  1
# 457
 0
LINE
 8
7
 10
3612.863464
 20
424.422646
 11
3612.863464
 21
314.749508
  0
TEXT
  8
1
 10
3605.939941
 20
358.578291
 40
10.000000
 50
0.000000
  1
Piece Name: 26SMC-WP130M 展_腿袋_175/84
  0
TEXT
  8
1
 10
3605.939941
 20
373.578291
 40
10.000000
 50
0.000000
  1
Size: 175/84
  0
TEXT
  8
1
 10
3605.939941
 20
388.578291
 40
10.000000
 50
0.000000
  1
Annotation: 
  0
TEXT
  8
1
 10
3605.939941
 20
403.578291
 40
10.000000
 50
0.000000
  1
Quantity: 1,1
  0
TEXT
  8
1
 10
3605.939941
 20
418.578291
 40
10.000000
 50
0.000000
  1
Material: 面
  0
TEXT
  8
1
 10
3605.939941
 20
418.578291
 40
10.000000
 50
0.000000
  1
Category: 12
0
ENDBLK
0
BLOCK
  8
1
  2
26SMC-WP130M 展_耳仔_175/84
 70
0
 10
0.0
 20
0.0
  0
POLYLINE
  8
1
  66
1
  70
1
  0
VERTEX
  8
1
  10
2548.782501
  20
1683.562469
  0
VERTEX
  8
1
  10
2548.782501
  20
1701.562347
  0
VERTEX
  8
1
  10
3328.782349
  20
1701.562347
  0
VERTEX
  8
1
  10
3328.782349
  20
1683.562469
  0
SEQEND
  8
1
  0
POINT
  8
2
 10
2548.782501
 20
1683.562469
  0
TEXT
  8
2
 10
2548.782501
 20
1683.562469
 40
0.000000
 50
0.000000
  1
# 458
  0
POINT
  8
2
 10
2548.782501
 20
1701.562347
  0
TEXT
  8
2
 10
2548.782501
 20
1701.562347
 40
0.000000
 50
0.000000
  1
# 459
  0
POINT
  8
2
 10
3328.782349
 20
1701.562347
  0
TEXT
  8
2
 10
3328.782349
 20
1701.562347
 40
0.000000
 50
0.000000
  1
# 460
  0
POINT
  8
2
 10
3328.782349
 20
1683.562469
  0
TEXT
  8
2
 10
3328.782349
 20
1683.562469
 40
0.000000
 50
0.000000
  1
# 461
 0
LINE
 8
7
 10
2737.354126
 20
1692.246552
 11
3126.236877
 21
1692.246552
  0
TEXT
  8
1
 10
2938.782425
 20
1692.562408
 40
10.000000
 50
0.000000
  1
Piece Name: 26SMC-WP130M 展_耳仔_175/84
  0
TEXT
  8
1
 10
2938.782425
 20
1707.562408
 40
10.000000
 50
0.000000
  1
Size: 175/84
  0
TEXT
  8
1
 10
2938.782425
 20
1722.562408
 40
10.000000
 50
0.000000
  1
Annotation: 1.8双线
  0
TEXT
  8
1
 10
2938.782425
 20
1737.562408
 40
10.000000
 50
0.000000
  1
Quantity: 1
  0
TEXT
  8
1
 10
2938.782425
 20
1752.562408
 40
10.000000
 50
0.000000
  1
Material: 净
  0
TEXT
  8
1
 10
2938.782425
 20
1752.562408
 40
10.000000
 50
0.000000
  1
Category: 13
0
ENDBLK
0
BLOCK
  8
1
  2
26SMC-WP130M 展_单刀_175/84
 70
0
 10
0.0
 20
0.0
  0
POLYLINE
  8
1
  66
1
  70
1
  0
VERTEX
  8
1
  10
64.328451
  20
604.521446
  0
VERTEX
  8
1
  10
64.328451
  20
609.713440
  0
VERTEX
  8
1
  10
64.328451
  20
619.736862
  0
VERTEX
  8
1
  10
64.328451
  20
630.000038
  0
VERTEX
  8
1
  10
64.328451
  20
640.263138
  0
VERTEX
  8
1
  10
64.328451
  20
650.283813
  0
VERTEX
  8
1
  10
64.328451
  20
660.546951
  0
VERTEX
  8
1
  10
64.328451
  20
670.810165
  0
VERTEX
  8
1
  10
64.328451
  20
680.930557
  0
VERTEX
  8
1
  10
64.328451
  20
691.193695
  0
VERTEX
  8
1
  10
64.328451
  20
701.456833
  0
VERTEX
  8
1
  10
64.328451
  20
711.779022
  0
VERTEX
  8
1
  10
64.328451
  20
722.042160
  0
VERTEX
  8
1
  10
64.328451
  20
732.305374
  0
VERTEX
  8
1
  10
64.328451
  20
742.495117
  0
VERTEX
  8
1
  10
64.328451
  20
752.567673
  0
VERTEX
  8
1
  10
64.328451
  20
762.915573
  0
VERTEX
  8
1
  10
64.328451
  20
773.419189
  0
VERTEX
  8
1
  10
112.303305
  20
777.082214
  0
VERTEX
  8
1
  10
112.304888
  20
768.399506
  0
VERTEX
  8
1
  10
112.307167
  20
758.347778
  0
VERTEX
  8
1
  10
112.310123
  20
748.018494
  0
VERTEX
  8
1
  10
112.313519
  20
737.910995
  0
VERTEX
  8
1
  10
112.316828
  20
727.803574
  0
VERTEX
  8
1
  10
112.319460
  20
717.691803
  0
VERTEX
  8
1
  10
112.321110
  20
707.584305
  0
VERTEX
  8
1
  10
112.322168
  20
697.476807
  0
VERTEX
  8
1
  10
112.323093
  20
687.289734
  0
VERTEX
  8
1
  10
112.324228
  20
677.006149
  0
VERTEX
  8
1
  10
112.325573
  20
666.605225
  0
VERTEX
  8
1
  10
112.327414
  20
656.229248
  0
VERTEX
  8
1
  10
112.298031
  20
653.181076
  0
VERTEX
  8
1
  10
112.203007
  20
650.777664
  0
VERTEX
  8
1
  10
112.037640
  20
648.564301
  0
VERTEX
  8
1
  10
111.800566
  20
646.466141
  0
VERTEX
  8
1
  10
111.498337
  20
644.496155
  0
VERTEX
  8
1
  10
111.122417
  20
642.576904
  0
VERTEX
  8
1
  10
110.667582
  20
640.682983
  0
VERTEX
  8
1
  10
110.140343
  20
638.837585
  0
VERTEX
  8
1
  10
109.527340
  20
636.988754
  0
VERTEX
  8
1
  10
108.830709
  20
635.145493
  0
VERTEX
  8
1
  10
108.067675
  20
633.353424
  0
VERTEX
  8
1
  10
107.230291
  20
631.593513
  0
VERTEX
  8
1
  10
106.320715
  20
629.871025
  0
VERTEX
  8
1
  10
105.326481
  20
628.165779
  0
VERTEX
  8
1
  10
104.274998
  20
626.526108
  0
VERTEX
  8
1
  10
103.161116
  20
624.941559
  0
VERTEX
  8
1
  10
101.974468
  20
623.396912
  0
VERTEX
  8
1
  10
100.734482
  20
621.915741
  0
VERTEX
  8
1
  10
99.423494
  20
620.475197
  0
VERTEX
  8
1
  10
98.044395
  20
619.079552
  0
VERTEX
  8
1
  10
96.586142
  20
617.720947
  0
VERTEX
  8
1
  10
95.083694
  20
616.433258
  0
VERTEX
  8
1
  10
93.517971
  20
615.199928
  0
VERTEX
  8
1
  10
91.906042
  20
614.035263
  0
VERTEX
  8
1
  10
90.281191
  20
612.961121
  0
VERTEX
  8
1
  10
88.620262
  20
611.960297
  0
VERTEX
  8
1
  10
86.911116
  20
611.026268
  0
VERTEX
  8
1
  10
85.164003
  20
610.165062
  0
VERTEX
  8
1
  10
83.300428
  20
609.338989
  0
VERTEX
  8
1
  10
81.328535
  20
608.555298
  0
VERTEX
  8
1
  10
79.236484
  20
607.814026
  0
VERTEX
  8
1
  10
77.046695
  20
607.126770
  0
VERTEX
  8
1
  10
74.645810
  20
606.461945
  0
VERTEX
  8
1
  10
72.147188
  20
605.853157
  0
VERTEX
  8
1
  10
69.841938
  20
605.370827
  0
VERTEX
  8
1
  10
67.454195
  20
604.958839
  0
SEQEND
  8
1
  0
POINT
  8
2
 10
64.328451
 20
604.521446
  0
TEXT
  8
2
 10
64.328451
 20
604.521446
 40
0.000000
 50
0.000000
  1
# 462
  0
POINT
  8
2
 10
64.328451
 20
773.419189
  0
TEXT
  8
2
 10
64.328451
 20
773.419189
 40
0.000000
 50
0.000000
  1
# 463
  0
POINT
  8
2
 10
112.303305
 20
777.082214
  0
TEXT
  8
2
 10
112.303305
 20
777.082214
 40
0.000000
 50
0.000000
  1
# 464
  0
POINT
  8
2
 10
112.327414
 20
656.229248
  0
TEXT
  8
2
 10
112.327414
 20
656.229248
 40
0.000000
 50
0.000000
  1
# 465
  0
POINT
  8
3
 10
64.328451
 20
609.713440
  0
POINT
  8
3
 10
64.328451
 20
619.736862
  0
POINT
  8
3
 10
64.328451
 20
630.000038
  0
POINT
  8
3
 10
64.328451
 20
640.263138
  0
POINT
  8
3
 10
64.328451
 20
650.283813
  0
POINT
  8
3
 10
64.328451
 20
660.546951
  0
POINT
  8
3
 10
64.328451
 20
670.810165
  0
POINT
  8
3
 10
64.328451
 20
680.930557
  0
POINT
  8
3
 10
64.328451
 20
691.193695
  0
POINT
  8
3
 10
64.328451
 20
701.456833
  0
POINT
  8
3
 10
64.328451
 20
711.779022
  0
POINT
  8
3
 10
64.328451
 20
722.042160
  0
POINT
  8
3
 10
64.328451
 20
732.305374
  0
POINT
  8
3
 10
64.328451
 20
742.495117
  0
POINT
  8
3
 10
64.328451
 20
752.567673
  0
POINT
  8
3
 10
64.328451
 20
762.915573
  0
POINT
  8
3
 10
112.304888
 20
768.399506
  0
POINT
  8
3
 10
112.307167
 20
758.347778
  0
POINT
  8
3
 10
112.310123
 20
748.018494
  0
POINT
  8
3
 10
112.313519
 20
737.910995
  0
POINT
  8
3
 10
112.316828
 20
727.803574
  0
POINT
  8
3
 10
112.319460
 20
717.691803
  0
POINT
  8
3
 10
112.321110
 20
707.584305
  0
POINT
  8
3
 10
112.322168
 20
697.476807
  0
POINT
  8
3
 10
112.323093
 20
687.289734
  0
POINT
  8
3
 10
112.324228
 20
677.006149
  0
POINT
  8
3
 10
112.325573
 20
666.605225
  0
POINT
  8
3
 10
112.298031
 20
653.181076
  0
POINT
  8
3
 10
112.203007
 20
650.777664
  0
POINT
  8
3
 10
112.037640
 20
648.564301
  0
POINT
  8
3
 10
111.800566
 20
646.466141
  0
POINT
  8
3
 10
111.498337
 20
644.496155
  0
POINT
  8
3
 10
111.122417
 20
642.576904
  0
POINT
  8
3
 10
110.667582
 20
640.682983
  0
POINT
  8
3
 10
110.140343
 20
638.837585
  0
POINT
  8
3
 10
109.527340
 20
636.988754
  0
POINT
  8
3
 10
108.830709
 20
635.145493
  0
POINT
  8
3
 10
108.067675
 20
633.353424
  0
POINT
  8
3
 10
107.230291
 20
631.593513
  0
POINT
  8
3
 10
106.320715
 20
629.871025
  0
POINT
  8
3
 10
105.326481
 20
628.165779
  0
POINT
  8
3
 10
104.274998
 20
626.526108
  0
POINT
  8
3
 10
103.161116
 20
624.941559
  0
POINT
  8
3
 10
101.974468
 20
623.396912
  0
POINT
  8
3
 10
100.734482
 20
621.915741
  0
POINT
  8
3
 10
99.423494
 20
620.475197
  0
POINT
  8
3
 10
98.044395
 20
619.079552
  0
POINT
  8
3
 10
96.586142
 20
617.720947
  0
POINT
  8
3
 10
95.083694
 20
616.433258
  0
POINT
  8
3
 10
93.517971
 20
615.199928
  0
POINT
  8
3
 10
91.906042
 20
614.035263
  0
POINT
  8
3
 10
90.281191
 20
612.961121
  0
POINT
  8
3
 10
88.620262
 20
611.960297
  0
POINT
  8
3
 10
86.911116
 20
611.026268
  0
POINT
  8
3
 10
85.164003
 20
610.165062
  0
POINT
  8
3
 10
83.300428
 20
609.338989
  0
POINT
  8
3
 10
81.328535
 20
608.555298
  0
POINT
  8
3
 10
79.236484
 20
607.814026
  0
POINT
  8
3
 10
77.046695
 20
607.126770
  0
POINT
  8
3
 10
74.645810
 20
606.461945
  0
POINT
  8
3
 10
72.147188
 20
605.853157
  0
POINT
  8
3
 10
69.841938
 20
605.370827
  0
POINT
  8
3
 10
67.454195
 20
604.958839
 0
LINE
 8
7
 10
82.448263
 20
748.204651
 11
82.448263
 21
624.515343
  0
TEXT
  8
1
 10
88.327932
 20
690.801830
 40
10.000000
 50
0.000000
  1
Piece Name: 26SMC-WP130M 展_单刀_175/84
  0
TEXT
  8
1
 10
88.327932
 20
705.801830
 40
10.000000
 50
0.000000
  1
Size: 175/84
  0
TEXT
  8
1
 10
88.327932
 20
720.801830
 40
10.000000
 50
0.000000
  1
Annotation: 
  0
TEXT
  8
1
 10
88.327932
 20
735.801830
 40
10.000000
 50
0.000000
  1
Quantity: 1
  0
TEXT
  8
1
 10
88.327932
 20
750.801830
 40
10.000000
 50
0.000000
  1
Material: 衬
  0
TEXT
  8
1
 10
88.327932
 20
750.801830
 40
10.000000
 50
0.000000
  1
Category: 14
0
ENDBLK
0
BLOCK
  8
1
  2
26SMC-WP130M 展_双刀_175/84
 70
0
 10
0.0
 20
0.0
  0
POLYLINE
  8
1
  66
1
  70
1
  0
VERTEX
  8
1
  10
195.796204
  20
612.400475
  0
VERTEX
  8
1
  10
195.796204
  20
620.372009
  0
VERTEX
  8
1
  10
195.796204
  20
630.361519
  0
VERTEX
  8
1
  10
195.796204
  20
640.441055
  0
VERTEX
  8
1
  10
195.796204
  20
650.703659
  0
VERTEX
  8
1
  10
195.796204
  20
660.829391
  0
VERTEX
  8
1
  10
195.796204
  20
670.955124
  0
VERTEX
  8
1
  10
195.796204
  20
681.062164
  0
VERTEX
  8
1
  10
195.796204
  20
691.187897
  0
VERTEX
  8
1
  10
195.796204
  20
701.313705
  0
VERTEX
  8
1
  10
195.796204
  20
711.467438
  0
VERTEX
  8
1
  10
195.796204
  20
721.593170
  0
VERTEX
  8
1
  10
195.796204
  20
731.718979
  0
VERTEX
  8
1
  10
195.796204
  20
742.029572
  0
VERTEX
  8
1
  10
195.796204
  20
752.155380
  0
VERTEX
  8
1
  10
195.796204
  20
762.281189
  0
VERTEX
  8
1
  10
195.796204
  20
772.322006
  0
VERTEX
  8
1
  10
195.796204
  20
782.458572
  0
VERTEX
  8
1
  10
195.796204
  20
792.969055
  0
VERTEX
  8
1
  10
200.648766
  20
792.969055
  0
VERTEX
  8
1
  10
210.812683
  20
792.969055
  0
VERTEX
  8
1
  10
220.673065
  20
792.994919
  0
VERTEX
  8
1
  10
230.774212
  20
793.017349
  0
VERTEX
  8
1
  10
241.332951
  20
793.035660
  0
VERTEX
  8
1
  10
251.168232
  20
793.046646
  0
VERTEX
  8
1
  10
261.292210
  20
793.051300
  0
VERTEX
  8
1
  10
271.416168
  20
793.049393
  0
VERTEX
  8
1
  10
281.560135
  20
793.041000
  0
VERTEX
  8
1
  10
291.684093
  20
793.026657
  0
VERTEX
  8
1
  10
301.808033
  20
793.006897
  0
VERTEX
  8
1
  10
312.173157
  20
792.982178
  0
VERTEX
  8
1
  10
312.173157
  20
785.714493
  0
VERTEX
  8
1
  10
312.173157
  20
775.672760
  0
VERTEX
  8
1
  10
312.173157
  20
765.692062
  0
VERTEX
  8
1
  10
312.173157
  20
755.415115
  0
VERTEX
  8
1
  10
312.173157
  20
745.328674
  0
VERTEX
  8
1
  10
312.173157
  20
735.242233
  0
VERTEX
  8
1
  10
312.173157
  20
725.033646
  0
VERTEX
  8
1
  10
312.173157
  20
714.947205
  0
VERTEX
  8
1
  10
312.173157
  20
704.860764
  0
VERTEX
  8
1
  10
312.173157
  20
694.726105
  0
VERTEX
  8
1
  10
312.173157
  20
684.639587
  0
VERTEX
  8
1
  10
312.173157
  20
674.553070
  0
VERTEX
  8
1
  10
312.173157
  20
664.239731
  0
VERTEX
  8
1
  10
312.173157
  20
654.153290
  0
VERTEX
  8
1
  10
312.173157
  20
644.066849
  0
VERTEX
  8
1
  10
312.173157
  20
633.716507
  0
VERTEX
  8
1
  10
312.173157
  20
623.579750
  0
VERTEX
  8
1
  10
312.173157
  20
613.027306
  0
VERTEX
  8
1
  10
306.937256
  20
611.270714
  0
VERTEX
  8
1
  10
303.523140
  20
612.080154
  0
VERTEX
  8
1
  10
293.814392
  20
614.381981
  0
VERTEX
  8
1
  10
283.919010
  20
616.728058
  0
VERTEX
  8
1
  10
274.151859
  20
619.043694
  0
VERTEX
  8
1
  10
263.984680
  20
621.454124
  0
VERTEX
  8
1
  10
260.588455
  20
620.648956
  0
VERTEX
  8
1
  10
250.928097
  20
618.358650
  0
VERTEX
  8
1
  10
241.063652
  20
616.019936
  0
VERTEX
  8
1
  10
231.308289
  20
613.707047
  0
VERTEX
  8
1
  10
221.032581
  20
611.270752
  0
VERTEX
  8
1
  10
210.796204
  20
614.704552
  0
VERTEX
  8
1
  10
200.560303
  20
611.271019
  0
SEQEND
  8
1
  0
POINT
  8
2
 10
195.796204
 20
612.400475
  0
TEXT
  8
2
 10
195.796204
 20
612.400475
 40
0.000000
 50
0.000000
  1
# 466
  0
POINT
  8
2
 10
195.796204
 20
792.969055
  0
TEXT
  8
2
 10
195.796204
 20
792.969055
 40
0.000000
 50
0.000000
  1
# 467
  0
POINT
  8
2
 10
210.812683
 20
792.969055
  0
TEXT
  8
2
 10
210.812683
 20
792.969055
 40
0.000000
 50
0.000000
  1
# 468
  0
POINT
  8
2
 10
312.173157
 20
792.982178
  0
TEXT
  8
2
 10
312.173157
 20
792.982178
 40
0.000000
 50
0.000000
  1
# 469
  0
POINT
  8
2
 10
312.173157
 20
613.027306
  0
TEXT
  8
2
 10
312.173157
 20
613.027306
 40
0.000000
 50
0.000000
  1
# 470
  0
POINT
  8
2
 10
306.937256
 20
611.270714
  0
TEXT
  8
2
 10
306.937256
 20
611.270714
 40
0.000000
 50
0.000000
  1
# 471
  0
POINT
  8
2
 10
263.984680
 20
621.454124
  0
TEXT
  8
2
 10
263.984680
 20
621.454124
 40
0.000000
 50
0.000000
  1
# 472
  0
POINT
  8
2
 10
221.032581
 20
611.270752
  0
TEXT
  8
2
 10
221.032581
 20
611.270752
 40
0.000000
 50
0.000000
  1
# 473
  0
POINT
  8
2
 10
210.796204
 20
614.704552
  0
TEXT
  8
2
 10
210.796204
 20
614.704552
 40
0.000000
 50
0.000000
  1
# 474
  0
POINT
  8
2
 10
200.560303
 20
611.271019
  0
TEXT
  8
2
 10
200.560303
 20
611.271019
 40
0.000000
 50
0.000000
  1
# 475
  0
POINT
  8
3
 10
195.796204
 20
620.372009
  0
POINT
  8
3
 10
195.796204
 20
630.361519
  0
POINT
  8
3
 10
195.796204
 20
640.441055
  0
POINT
  8
3
 10
195.796204
 20
650.703659
  0
POINT
  8
3
 10
195.796204
 20
660.829391
  0
POINT
  8
3
 10
195.796204
 20
670.955124
  0
POINT
  8
3
 10
195.796204
 20
681.062164
  0
POINT
  8
3
 10
195.796204
 20
691.187897
  0
POINT
  8
3
 10
195.796204
 20
701.313705
  0
POINT
  8
3
 10
195.796204
 20
711.467438
  0
POINT
  8
3
 10
195.796204
 20
721.593170
  0
POINT
  8
3
 10
195.796204
 20
731.718979
  0
POINT
  8
3
 10
195.796204
 20
742.029572
  0
POINT
  8
3
 10
195.796204
 20
752.155380
  0
POINT
  8
3
 10
195.796204
 20
762.281189
  0
POINT
  8
3
 10
195.796204
 20
772.322006
  0
POINT
  8
3
 10
195.796204
 20
782.458572
  0
POINT
  8
3
 10
200.648766
 20
792.969055
  0
POINT
  8
3
 10
220.673065
 20
792.994919
  0
POINT
  8
3
 10
230.774212
 20
793.017349
  0
POINT
  8
3
 10
241.332951
 20
793.035660
  0
POINT
  8
3
 10
251.168232
 20
793.046646
  0
POINT
  8
3
 10
261.292210
 20
793.051300
  0
POINT
  8
3
 10
271.416168
 20
793.049393
  0
POINT
  8
3
 10
281.560135
 20
793.041000
  0
POINT
  8
3
 10
291.684093
 20
793.026657
  0
POINT
  8
3
 10
301.808033
 20
793.006897
  0
POINT
  8
3
 10
312.173157
 20
785.714493
  0
POINT
  8
3
 10
312.173157
 20
775.672760
  0
POINT
  8
3
 10
312.173157
 20
765.692062
  0
POINT
  8
3
 10
312.173157
 20
755.415115
  0
POINT
  8
3
 10
312.173157
 20
745.328674
  0
POINT
  8
3
 10
312.173157
 20
735.242233
  0
POINT
  8
3
 10
312.173157
 20
725.033646
  0
POINT
  8
3
 10
312.173157
 20
714.947205
  0
POINT
  8
3
 10
312.173157
 20
704.860764
  0
POINT
  8
3
 10
312.173157
 20
694.726105
  0
POINT
  8
3
 10
312.173157
 20
684.639587
  0
POINT
  8
3
 10
312.173157
 20
674.553070
  0
POINT
  8
3
 10
312.173157
 20
664.239731
  0
POINT
  8
3
 10
312.173157
 20
654.153290
  0
POINT
  8
3
 10
312.173157
 20
644.066849
  0
POINT
  8
3
 10
312.173157
 20
633.716507
  0
POINT
  8
3
 10
312.173157
 20
623.579750
  0
POINT
  8
3
 10
303.523140
 20
612.080154
  0
POINT
  8
3
 10
293.814392
 20
614.381981
  0
POINT
  8
3
 10
283.919010
 20
616.728058
  0
POINT
  8
3
 10
274.151859
 20
619.043694
  0
POINT
  8
3
 10
260.588455
 20
620.648956
  0
POINT
  8
3
 10
250.928097
 20
618.358650
  0
POINT
  8
3
 10
241.063652
 20
616.019936
  0
POINT
  8
3
 10
231.308289
 20
613.707047
 0
LINE
 8
7
 10
256.569519
 20
763.267212
 11
256.569519
 21
627.771263
  0
TEXT
  8
1
 10
253.984833
 20
702.161018
 40
10.000000
 50
0.000000
  1
Piece Name: 26SMC-WP130M 展_双刀_175/84
  0
TEXT
  8
1
 10
253.984833
 20
717.161018
 40
10.000000
 50
0.000000
  1
Size: 175/84
  0
TEXT
  8
1
 10
253.984833
 20
732.161018
 40
10.000000
 50
0.000000
  1
Annotation: 
  0
TEXT
  8
1
 10
253.984833
 20
747.161018
 40
10.000000
 50
0.000000
  1
Quantity: 1
  0
TEXT
  8
1
 10
253.984833
 20
762.161018
 40
10.000000
 50
0.000000
  1
Material: 衬
  0
TEXT
  8
1
 10
253.984833
 20
762.161018
 40
10.000000
 50
0.000000
  1
Category: 15
0
ENDBLK
0
BLOCK
  8
1
  2
26SMC-WP130M 展_单刀_175/84
 70
0
 10
0.0
 20
0.0
  0
POLYLINE
  8
1
  66
1
  70
1
  0
VERTEX
  8
1
  10
3682.488098
  20
-511.459389
  0
VERTEX
  8
1
  10
3682.489624
  20
-501.129265
  0
VERTEX
  8
1
  10
3682.491150
  20
-491.044579
  0
VERTEX
  8
1
  10
3682.492371
  20
-481.008377
  0
VERTEX
  8
1
  10
3682.493286
  20
-470.866737
  0
VERTEX
  8
1
  10
3682.494202
  20
-460.478935
  0
VERTEX
  8
1
  10
3682.495728
  20
-450.091095
  0
VERTEX
  8
1
  10
3682.498169
  20
-440.016289
  0
VERTEX
  8
1
  10
3682.501526
  20
-429.628448
  0
VERTEX
  8
1
  10
3682.505188
  20
-419.240570
  0
VERTEX
  8
1
  10
3682.508240
  20
-408.978462
  0
VERTEX
  8
1
  10
3682.510376
  20
-398.808327
  0
VERTEX
  8
1
  10
3682.512207
  20
-388.916893
  0
VERTEX
  8
1
  10
3682.512512
  20
-386.989021
  0
VERTEX
  8
1
  10
3682.513123
  20
-384.340591
  0
VERTEX
  8
1
  10
3736.486816
  20
-388.461647
  0
VERTEX
  8
1
  10
3736.486816
  20
-393.329773
  0
VERTEX
  8
1
  10
3736.486816
  20
-401.916771
  0
VERTEX
  8
1
  10
3736.486816
  20
-412.204666
  0
VERTEX
  8
1
  10
3736.486816
  20
-422.500496
  0
VERTEX
  8
1
  10
3736.486816
  20
-432.820206
  0
VERTEX
  8
1
  10
3736.486816
  20
-443.198738
  0
VERTEX
  8
1
  10
3736.486816
  20
-453.577309
  0
VERTEX
  8
1
  10
3736.486816
  20
-463.955879
  0
VERTEX
  8
1
  10
3736.486816
  20
-474.029007
  0
VERTEX
  8
1
  10
3736.486816
  20
-484.407578
  0
VERTEX
  8
1
  10
3736.486816
  20
-494.786186
  0
VERTEX
  8
1
  10
3736.486816
  20
-505.191650
  0
VERTEX
  8
1
  10
3736.486816
  20
-515.570259
  0
VERTEX
  8
1
  10
3736.486816
  20
-525.948868
  0
VERTEX
  8
1
  10
3736.486816
  20
-536.327477
  0
VERTEX
  8
1
  10
3736.486816
  20
-546.445122
  0
VERTEX
  8
1
  10
3736.486816
  20
-556.450195
  0
VERTEX
  8
1
  10
3736.486816
  20
-566.459389
  0
VERTEX
  8
1
  10
3734.138794
  20
-566.254005
  0
VERTEX
  8
1
  10
3731.560974
  20
-565.931435
  0
VERTEX
  8
1
  10
3728.861694
  20
-565.504150
  0
VERTEX
  8
1
  10
3726.197815
  20
-564.994507
  0
VERTEX
  8
1
  10
3723.529053
  20
-564.392929
  0
VERTEX
  8
1
  10
3720.950012
  20
-563.718452
  0
VERTEX
  8
1
  10
3718.528137
  20
-562.993736
  0
VERTEX
  8
1
  10
3716.310730
  20
-562.243729
  0
VERTEX
  8
1
  10
3714.079285
  20
-561.394844
  0
VERTEX
  8
1
  10
3712.100830
  20
-560.552521
  0
VERTEX
  8
1
  10
3710.142517
  20
-559.623222
  0
VERTEX
  8
1
  10
3708.272400
  20
-558.633842
  0
VERTEX
  8
1
  10
3706.387024
  20
-557.527962
  0
VERTEX
  8
1
  10
3704.546204
  20
-556.336288
  0
VERTEX
  8
1
  10
3702.754211
  20
-555.061836
  0
VERTEX
  8
1
  10
3701.015015
  20
-553.707771
  0
VERTEX
  8
1
  10
3699.333191
  20
-552.277069
  0
VERTEX
  8
1
  10
3697.712708
  20
-550.772858
  0
VERTEX
  8
1
  10
3696.157837
  20
-549.198151
  0
VERTEX
  8
1
  10
3694.672852
  20
-547.556076
  0
VERTEX
  8
1
  10
3693.262024
  20
-545.849648
  0
VERTEX
  8
1
  10
3691.929626
  20
-544.081993
  0
VERTEX
  8
1
  10
3690.718994
  20
-542.316818
  0
VERTEX
  8
1
  10
3689.550476
  20
-540.439034
  0
VERTEX
  8
1
  10
3688.468018
  20
-538.511925
  0
VERTEX
  8
1
  10
3687.472534
  20
-536.539993
  0
VERTEX
  8
1
  10
3686.566162
  20
-534.527817
  0
VERTEX
  8
1
  10
3685.750122
  20
-532.479935
  0
VERTEX
  8
1
  10
3685.025635
  20
-530.400963
  0
VERTEX
  8
1
  10
3684.394836
  20
-528.295441
  0
VERTEX
  8
1
  10
3683.858643
  20
-526.167908
  0
VERTEX
  8
1
  10
3683.418579
  20
-524.022903
  0
VERTEX
  8
1
  10
3683.091125
  20
-521.972351
  0
VERTEX
  8
1
  10
3682.838440
  20
-519.829903
  0
VERTEX
  8
1
  10
3682.633362
  20
-517.282867
  0
VERTEX
  8
1
  10
3682.512207
  20
-514.617424
  0
SEQEND
  8
1
  0
POINT
  8
2
 10
3682.488098
 20
-511.459389
  0
TEXT
  8
2
 10
3682.488098
 20
-511.459389
 40
0.000000
 50
0.000000
  1
# 476
  0
POINT
  8
2
 10
3682.513123
 20
-384.340591
  0
TEXT
  8
2
 10
3682.513123
 20
-384.340591
 40
0.000000
 50
0.000000
  1
# 477
  0
POINT
  8
2
 10
3736.486816
 20
-388.461647
  0
TEXT
  8
2
 10
3736.486816
 20
-388.461647
 40
0.000000
 50
0.000000
  1
# 478
  0
POINT
  8
2
 10
3736.486816
 20
-566.459389
  0
TEXT
  8
2
 10
3736.486816
 20
-566.459389
 40
0.000000
 50
0.000000
  1
# 479
  0
POINT
  8
3
 10
3682.489624
 20
-501.129265
  0
POINT
  8
3
 10
3682.491150
 20
-491.044579
  0
POINT
  8
3
 10
3682.492371
 20
-481.008377
  0
POINT
  8
3
 10
3682.493286
 20
-470.866737
  0
POINT
  8
3
 10
3682.494202
 20
-460.478935
  0
POINT
  8
3
 10
3682.495728
 20
-450.091095
  0
POINT
  8
3
 10
3682.498169
 20
-440.016289
  0
POINT
  8
3
 10
3682.501526
 20
-429.628448
  0
POINT
  8
3
 10
3682.505188
 20
-419.240570
  0
POINT
  8
3
 10
3682.508240
 20
-408.978462
  0
POINT
  8
3
 10
3682.510376
 20
-398.808327
  0
POINT
  8
3
 10
3682.512207
 20
-388.916893
  0
POINT
  8
3
 10
3682.512512
 20
-386.989021
  0
POINT
  8
3
 10
3736.486816
 20
-393.329773
  0
POINT
  8
3
 10
3736.486816
 20
-401.916771
  0
POINT
  8
3
 10
3736.486816
 20
-412.204666
  0
POINT
  8
3
 10
3736.486816
 20
-422.500496
  0
POINT
  8
3
 10
3736.486816
 20
-432.820206
  0
POINT
  8
3
 10
3736.486816
 20
-443.198738
  0
POINT
  8
3
 10
3736.486816
 20
-453.577309
  0
POINT
  8
3
 10
3736.486816
 20
-463.955879
  0
POINT
  8
3
 10
3736.486816
 20
-474.029007
  0
POINT
  8
3
 10
3736.486816
 20
-484.407578
  0
POINT
  8
3
 10
3736.486816
 20
-494.786186
  0
POINT
  8
3
 10
3736.486816
 20
-505.191650
  0
POINT
  8
3
 10
3736.486816
 20
-515.570259
  0
POINT
  8
3
 10
3736.486816
 20
-525.948868
  0
POINT
  8
3
 10
3736.486816
 20
-536.327477
  0
POINT
  8
3
 10
3736.486816
 20
-546.445122
  0
POINT
  8
3
 10
3736.486816
 20
-556.450195
  0
POINT
  8
3
 10
3734.138794
 20
-566.254005
  0
POINT
  8
3
 10
3731.560974
 20
-565.931435
  0
POINT
  8
3
 10
3728.861694
 20
-565.504150
  0
POINT
  8
3
 10
3726.197815
 20
-564.994507
  0
POINT
  8
3
 10
3723.529053
 20
-564.392929
  0
POINT
  8
3
 10
3720.950012
 20
-563.718452
  0
POINT
  8
3
 10
3718.528137
 20
-562.993736
  0
POINT
  8
3
 10
3716.310730
 20
-562.243729
  0
POINT
  8
3
 10
3714.079285
 20
-561.394844
  0
POINT
  8
3
 10
3712.100830
 20
-560.552521
  0
POINT
  8
3
 10
3710.142517
 20
-559.623222
  0
POINT
  8
3
 10
3708.272400
 20
-558.633842
  0
POINT
  8
3
 10
3706.387024
 20
-557.527962
  0
POINT
  8
3
 10
3704.546204
 20
-556.336288
  0
POINT
  8
3
 10
3702.754211
 20
-555.061836
  0
POINT
  8
3
 10
3701.015015
 20
-553.707771
  0
POINT
  8
3
 10
3699.333191
 20
-552.277069
  0
POINT
  8
3
 10
3697.712708
 20
-550.772858
  0
POINT
  8
3
 10
3696.157837
 20
-549.198151
  0
POINT
  8
3
 10
3694.672852
 20
-547.556076
  0
POINT
  8
3
 10
3693.262024
 20
-545.849648
  0
POINT
  8
3
 10
3691.929626
 20
-544.081993
  0
POINT
  8
3
 10
3690.718994
 20
-542.316818
  0
POINT
  8
3
 10
3689.550476
 20
-540.439034
  0
POINT
  8
3
 10
3688.468018
 20
-538.511925
  0
POINT
  8
3
 10
3687.472534
 20
-536.539993
  0
POINT
  8
3
 10
3686.566162
 20
-534.527817
  0
POINT
  8
3
 10
3685.750122
 20
-532.479935
  0
POINT
  8
3
 10
3685.025635
 20
-530.400963
  0
POINT
  8
3
 10
3684.394836
 20
-528.295441
  0
POINT
  8
3
 10
3683.858643
 20
-526.167908
  0
POINT
  8
3
 10
3683.418579
 20
-524.022903
  0
POINT
  8
3
 10
3683.091125
 20
-521.972351
  0
POINT
  8
3
 10
3682.838440
 20
-519.829903
  0
POINT
  8
3
 10
3682.633362
 20
-517.282867
  0
POINT
  8
3
 10
3682.512207
 20
-514.617424
  0
POLYLINE
  8
14
  66
1
  70
1
  0
VERTEX
  8
14
  10
3682.488098
  20
-511.459389
  0
VERTEX
  8
14
  10
3682.489654
  20
-501.129253
  0
VERTEX
  8
14
  10
3682.491021
  20
-491.044568
  0
VERTEX
  8
14
  10
3682.492221
  20
-481.008392
  0
VERTEX
  8
14
  10
3682.493239
  20
-470.866749
  0
VERTEX
  8
14
  10
3682.494312
  20
-460.478933
  0
VERTEX
  8
14
  10
3682.495855
  20
-450.091111
  0
VERTEX
  8
14
  10
3682.498215
  20
-440.016304
  0
VERTEX
  8
14
  10
3682.501513
  20
-429.628443
  0
VERTEX
  8
14
  10
3682.505062
  20
-419.240576
  0
VERTEX
  8
14
  10
3682.508161
  20
-408.978449
  0
VERTEX
  8
14
  10
3682.510522
  20
-398.808344
  0
VERTEX
  8
14
  10
3682.512285
  20
-388.916880
  0
VERTEX
  8
14
  10
3682.512512
  20
-387.349281
  0
VERTEX
  8
14
  10
3736.486816
  20
-391.470375
  0
VERTEX
  8
14
  10
3736.486816
  20
-401.916757
  0
VERTEX
  8
14
  10
3736.486816
  20
-412.204683
  0
VERTEX
  8
14
  10
3736.486816
  20
-422.500515
  0
VERTEX
  8
14
  10
3736.486816
  20
-432.820197
  0
VERTEX
  8
14
  10
3736.486816
  20
-443.198754
  0
VERTEX
  8
14
  10
3736.486816
  20
-453.577316
  0
VERTEX
  8
14
  10
3736.486816
  20
-463.955880
  0
VERTEX
  8
14
  10
3736.486816
  20
-474.029017
  0
VERTEX
  8
14
  10
3736.486816
  20
-484.407586
  0
VERTEX
  8
14
  10
3736.486816
  20
-494.786173
  0
VERTEX
  8
14
  10
3736.486816
  20
-505.191646
  0
VERTEX
  8
14
  10
3736.486816
  20
-515.570253
  0
VERTEX
  8
14
  10
3736.486816
  20
-525.948862
  0
VERTEX
  8
14
  10
3736.486816
  20
-536.327464
  0
VERTEX
  8
14
  10
3736.486816
  20
-546.445104
  0
VERTEX
  8
14
  10
3736.486816
  20
-556.450197
  0
VERTEX
  8
14
  10
3736.486816
  20
-566.459389
  0
VERTEX
  8
14
  10
3734.138829
  20
-566.253997
  0
VERTEX
  8
14
  10
3731.560858
  20
-565.931438
  0
VERTEX
  8
14
  10
3728.861586
  20
-565.504158
  0
VERTEX
  8
14
  10
3726.197711
  20
-564.994521
  0
VERTEX
  8
14
  10
3723.529097
  20
-564.392922
  0
VERTEX
  8
14
  10
3720.949928
  20
-563.718446
  0
VERTEX
  8
14
  10
3718.528262
  20
-562.993750
  0
VERTEX
  8
14
  10
3716.310796
  20
-562.243717
  0
VERTEX
  8
14
  10
3714.079213
  20
-561.394855
  0
VERTEX
  8
14
  10
3712.100761
  20
-560.552529
  0
VERTEX
  8
14
  10
3710.142593
  20
-559.623228
  0
VERTEX
  8
14
  10
3708.272263
  20
-558.633824
  0
VERTEX
  8
14
  10
3706.387021
  20
-557.527951
  0
VERTEX
  8
14
  10
3704.546242
  20
-556.336272
  0
VERTEX
  8
14
  10
3702.754169
  20
-555.061854
  0
VERTEX
  8
14
  10
3701.015042
  20
-553.707767
  0
VERTEX
  8
14
  10
3699.333102
  20
-552.277078
  0
VERTEX
  8
14
  10
3697.712591
  20
-550.772854
  0
VERTEX
  8
14
  10
3696.157750
  20
-549.198165
  0
VERTEX
  8
14
  10
3694.672816
  20
-547.556074
  0
VERTEX
  8
14
  10
3693.262038
  20
-545.849656
  0
VERTEX
  8
14
  10
3691.929653
  20
-544.081976
  0
VERTEX
  8
14
  10
3690.719087
  20
-542.316825
  0
VERTEX
  8
14
  10
3689.550599
  20
-540.439051
  0
VERTEX
  8
14
  10
3688.467947
  20
-538.511917
  0
VERTEX
  8
14
  10
3687.472631
  20
-536.539982
  0
VERTEX
  8
14
  10
3686.566147
  20
-534.527806
  0
VERTEX
  8
14
  10
3685.749996
  20
-532.479950
  0
VERTEX
  8
14
  10
3685.025675
  20
-530.400969
  0
VERTEX
  8
14
  10
3684.394684
  20
-528.295432
  0
VERTEX
  8
14
  10
3683.858522
  20
-526.167894
  0
VERTEX
  8
14
  10
3683.418687
  20
-524.022916
  0
VERTEX
  8
14
  10
3683.091249
  20
-521.972353
  0
VERTEX
  8
14
  10
3682.838328
  20
-519.829915
  0
VERTEX
  8
14
  10
3682.633367
  20
-517.282874
  0
VERTEX
  8
14
  10
3682.512192
  20
-514.617425
  0
SEQEND
  8
14
  0
POINT
  8
2
 10
3682.488098
 20
-511.459389
  0
TEXT
  8
2
 10
3682.488098
 20
-511.459389
 40
0.000000
 50
0.000000
  1
# 480
  0
POINT
  8
2
 10
3682.512512
 20
-387.349281
  0
TEXT
  8
2
 10
3682.512512
 20
-387.349281
 40
0.000000
 50
0.000000
  1
# 481
  0
POINT
  8
2
 10
3736.486816
 20
-391.470375
  0
TEXT
  8
2
 10
3736.486816
 20
-391.470375
 40
0.000000
 50
0.000000
  1
# 482
  0
POINT
  8
2
 10
3736.486816
 20
-566.459389
  0
TEXT
  8
2
 10
3736.486816
 20
-566.459389
 40
0.000000
 50
0.000000
  1
# 483
  0
POINT
  8
3
 10
3682.489654
 20
-501.129253
  0
POINT
  8
3
 10
3682.491021
 20
-491.044568
  0
POINT
  8
3
 10
3682.492221
 20
-481.008392
  0
POINT
  8
3
 10
3682.493239
 20
-470.866749
  0
POINT
  8
3
 10
3682.494312
 20
-460.478933
  0
POINT
  8
3
 10
3682.495855
 20
-450.091111
  0
POINT
  8
3
 10
3682.498215
 20
-440.016304
  0
POINT
  8
3
 10
3682.501513
 20
-429.628443
  0
POINT
  8
3
 10
3682.505062
 20
-419.240576
  0
POINT
  8
3
 10
3682.508161
 20
-408.978449
  0
POINT
  8
3
 10
3682.510522
 20
-398.808344
  0
POINT
  8
3
 10
3682.512285
 20
-388.916880
  0
POINT
  8
3
 10
3736.486816
 20
-401.916757
  0
POINT
  8
3
 10
3736.486816
 20
-412.204683
  0
POINT
  8
3
 10
3736.486816
 20
-422.500515
  0
POINT
  8
3
 10
3736.486816
 20
-432.820197
  0
POINT
  8
3
 10
3736.486816
 20
-443.198754
  0
POINT
  8
3
 10
3736.486816
 20
-453.577316
  0
POINT
  8
3
 10
3736.486816
 20
-463.955880
  0
POINT
  8
3
 10
3736.486816
 20
-474.029017
  0
POINT
  8
3
 10
3736.486816
 20
-484.407586
  0
POINT
  8
3
 10
3736.486816
 20
-494.786173
  0
POINT
  8
3
 10
3736.486816
 20
-505.191646
  0
POINT
  8
3
 10
3736.486816
 20
-515.570253
  0
POINT
  8
3
 10
3736.486816
 20
-525.948862
  0
POINT
  8
3
 10
3736.486816
 20
-536.327464
  0
POINT
  8
3
 10
3736.486816
 20
-546.445104
  0
POINT
  8
3
 10
3736.486816
 20
-556.450197
  0
POINT
  8
3
 10
3734.138829
 20
-566.253997
  0
POINT
  8
3
 10
3731.560858
 20
-565.931438
  0
POINT
  8
3
 10
3728.861586
 20
-565.504158
  0
POINT
  8
3
 10
3726.197711
 20
-564.994521
  0
POINT
  8
3
 10
3723.529097
 20
-564.392922
  0
POINT
  8
3
 10
3720.949928
 20
-563.718446
  0
POINT
  8
3
 10
3718.528262
 20
-562.993750
  0
POINT
  8
3
 10
3716.310796
 20
-562.243717
  0
POINT
  8
3
 10
3714.079213
 20
-561.394855
  0
POINT
  8
3
 10
3712.100761
 20
-560.552529
  0
POINT
  8
3
 10
3710.142593
 20
-559.623228
  0
POINT
  8
3
 10
3708.272263
 20
-558.633824
  0
POINT
  8
3
 10
3706.387021
 20
-557.527951
  0
POINT
  8
3
 10
3704.546242
 20
-556.336272
  0
POINT
  8
3
 10
3702.754169
 20
-555.061854
  0
POINT
  8
3
 10
3701.015042
 20
-553.707767
  0
POINT
  8
3
 10
3699.333102
 20
-552.277078
  0
POINT
  8
3
 10
3697.712591
 20
-550.772854
  0
POINT
  8
3
 10
3696.157750
 20
-549.198165
  0
POINT
  8
3
 10
3694.672816
 20
-547.556074
  0
POINT
  8
3
 10
3693.262038
 20
-545.849656
  0
POINT
  8
3
 10
3691.929653
 20
-544.081976
  0
POINT
  8
3
 10
3690.719087
 20
-542.316825
  0
POINT
  8
3
 10
3689.550599
 20
-540.439051
  0
POINT
  8
3
 10
3688.467947
 20
-538.511917
  0
POINT
  8
3
 10
3687.472631
 20
-536.539982
  0
POINT
  8
3
 10
3686.566147
 20
-534.527806
  0
POINT
  8
3
 10
3685.749996
 20
-532.479950
  0
POINT
  8
3
 10
3685.025675
 20
-530.400969
  0
POINT
  8
3
 10
3684.394684
 20
-528.295432
  0
POINT
  8
3
 10
3683.858522
 20
-526.167894
  0
POINT
  8
3
 10
3683.418687
 20
-524.022916
  0
POINT
  8
3
 10
3683.091249
 20
-521.972353
  0
POINT
  8
3
 10
3682.838328
 20
-519.829915
  0
POINT
  8
3
 10
3682.633367
 20
-517.282874
  0
POINT
  8
3
 10
3682.512192
 20
-514.617425
 0
LINE
 8
7
 10
3708.191833
 20
-415.665016
 11
3708.191833
 21
-531.960793
  0
TEXT
  8
1
 10
3709.487457
 20
-475.399990
 40
10.000000
 50
0.000000
  1
Piece Name: 26SMC-WP130M 展_单刀_175/84
  0
TEXT
  8
1
 10
3709.487457
 20
-460.399990
 40
10.000000
 50
0.000000
  1
Size: 175/84
  0
TEXT
  8
1
 10
3709.487457
 20
-445.399990
 40
10.000000
 50
0.000000
  1
Annotation: 
  0
TEXT
  8
1
 10
3709.487457
 20
-430.399990
 40
10.000000
 50
0.000000
  1
Quantity: 1
  0
TEXT
  8
1
 10
3709.487457
 20
-415.399990
 40
10.000000
 50
0.000000
  1
Material: 面
  0
TEXT
  8
1
 10
3709.487457
 20
-415.399990
 40
10.000000
 50
0.000000
  1
Category: 16
0
ENDBLK
0
BLOCK
  8
1
  2
26SMC-WP130M 展_双刀_175/84
 70
0
 10
0.0
 20
0.0
  0
POLYLINE
  8
1
  66
1
  70
1
  0
VERTEX
  8
1
  10
3597.019043
  20
-561.593056
  0
VERTEX
  8
1
  10
3587.019043
  20
-558.238564
  0
VERTEX
  8
1
  10
3577.019043
  20
-561.593056
  0
VERTEX
  8
1
  10
3566.417236
  20
-559.079514
  0
VERTEX
  8
1
  10
3556.099548
  20
-556.633377
  0
VERTEX
  8
1
  10
3546.245117
  20
-554.297104
  0
VERTEX
  8
1
  10
3536.664429
  20
-552.025642
  0
VERTEX
  8
1
  10
3533.830566
  20
-551.353798
  0
VERTEX
  8
1
  10
3523.228760
  20
-553.867340
  0
VERTEX
  8
1
  10
3512.911072
  20
-556.313477
  0
VERTEX
  8
1
  10
3503.056641
  20
-558.649750
  0
VERTEX
  8
1
  10
3493.475952
  20
-560.921211
  0
VERTEX
  8
1
  10
3490.642090
  20
-561.593056
  0
VERTEX
  8
1
  10
3480.642090
  20
-558.238564
  0
VERTEX
  8
1
  10
3480.642090
  20
-547.870407
  0
VERTEX
  8
1
  10
3480.642090
  20
-537.779121
  0
VERTEX
  8
1
  10
3480.642090
  20
-527.506638
  0
VERTEX
  8
1
  10
3480.642090
  20
-517.331734
  0
VERTEX
  8
1
  10
3480.642090
  20
-507.321358
  0
VERTEX
  8
1
  10
3480.642090
  20
-497.310944
  0
VERTEX
  8
1
  10
3480.642090
  20
-487.300568
  0
VERTEX
  8
1
  10
3480.642090
  20
-477.190971
  0
VERTEX
  8
1
  10
3480.642090
  20
-467.180557
  0
VERTEX
  8
1
  10
3480.642090
  20
-457.170143
  0
VERTEX
  8
1
  10
3480.642090
  20
-447.144890
  0
VERTEX
  8
1
  10
3480.642090
  20
-437.134476
  0
VERTEX
  8
1
  10
3480.642090
  20
-427.124100
  0
VERTEX
  8
1
  10
3480.642090
  20
-417.113686
  0
VERTEX
  8
1
  10
3480.642090
  20
-406.907043
  0
VERTEX
  8
1
  10
3480.642090
  20
-396.896667
  0
VERTEX
  8
1
  10
3480.642090
  20
-386.886292
  0
VERTEX
  8
1
  10
3480.642090
  20
-376.841698
  0
VERTEX
  8
1
  10
3480.642090
  20
-370.735703
  0
VERTEX
  8
1
  10
3480.642090
  20
-366.700363
  0
VERTEX
  8
1
  10
3491.096191
  20
-366.673737
  0
VERTEX
  8
1
  10
3501.239014
  20
-366.651917
  0
VERTEX
  8
1
  10
3511.399231
  20
-366.634598
  0
VERTEX
  8
1
  10
3521.675415
  20
-366.623077
  0
VERTEX
  8
1
  10
3531.699219
  20
-366.618195
  0
VERTEX
  8
1
  10
3541.723328
  20
-366.619720
  0
VERTEX
  8
1
  10
3551.768494
  20
-366.627769
  0
VERTEX
  8
1
  10
3561.792297
  20
-366.641922
  0
VERTEX
  8
1
  10
3571.815796
  20
-366.661682
  0
VERTEX
  8
1
  10
3581.788940
  20
-366.686172
  0
VERTEX
  8
1
  10
3587.019043
  20
-366.700363
  0
VERTEX
  8
1
  10
3597.175293
  20
-366.700363
  0
VERTEX
  8
1
  10
3607.019043
  20
-366.700363
  0
VERTEX
  8
1
  10
3607.019043
  20
-371.540146
  0
VERTEX
  8
1
  10
3607.019043
  20
-380.059547
  0
VERTEX
  8
1
  10
3607.019043
  20
-390.454636
  0
VERTEX
  8
1
  10
3607.019043
  20
-400.801239
  0
VERTEX
  8
1
  10
3607.019043
  20
-410.974846
  0
VERTEX
  8
1
  10
3607.019043
  20
-421.171417
  0
VERTEX
  8
1
  10
3607.019043
  20
-431.367989
  0
VERTEX
  8
1
  10
3607.019043
  20
-441.458359
  0
VERTEX
  8
1
  10
3607.019043
  20
-451.654968
  0
VERTEX
  8
1
  10
3607.019043
  20
-461.851540
  0
VERTEX
  8
1
  10
3607.019043
  20
-471.932144
  0
VERTEX
  8
1
  10
3607.019043
  20
-482.128716
  0
VERTEX
  8
1
  10
3607.019043
  20
-492.325249
  0
VERTEX
  8
1
  10
3607.019043
  20
-502.596359
  0
VERTEX
  8
1
  10
3607.019043
  20
-512.792931
  0
VERTEX
  8
1
  10
3607.019043
  20
-522.989464
  0
VERTEX
  8
1
  10
3607.019043
  20
-533.228149
  0
VERTEX
  8
1
  10
3607.019043
  20
-543.477898
  0
VERTEX
  8
1
  10
3607.019043
  20
-553.491707
  0
VERTEX
  8
1
  10
3607.019043
  20
-557.297668
  0
VERTEX
  8
1
  10
3607.019043
  20
-559.221840
  0
SEQEND
  8
1
  0
POINT
  8
2
 10
3597.019043
 20
-561.593056
  0
TEXT
  8
2
 10
3597.019043
 20
-561.593056
 40
0.000000
 50
0.000000
  1
# 484
  0
POINT
  8
2
 10
3587.019043
 20
-558.238564
  0
TEXT
  8
2
 10
3587.019043
 20
-558.238564
 40
0.000000
 50
0.000000
  1
# 485
  0
POINT
  8
2
 10
3577.019043
 20
-561.593056
  0
TEXT
  8
2
 10
3577.019043
 20
-561.593056
 40
0.000000
 50
0.000000
  1
# 486
  0
POINT
  8
2
 10
3533.830566
 20
-551.353798
  0
TEXT
  8
2
 10
3533.830566
 20
-551.353798
 40
0.000000
 50
0.000000
  1
# 487
  0
POINT
  8
2
 10
3490.642090
 20
-561.593056
  0
TEXT
  8
2
 10
3490.642090
 20
-561.593056
 40
0.000000
 50
0.000000
  1
# 488
  0
POINT
  8
2
 10
3480.642090
 20
-558.238564
  0
TEXT
  8
2
 10
3480.642090
 20
-558.238564
 40
0.000000
 50
0.000000
  1
# 489
  0
POINT
  8
2
 10
3480.642090
 20
-366.700363
  0
TEXT
  8
2
 10
3480.642090
 20
-366.700363
 40
0.000000
 50
0.000000
  1
# 490
  0
POINT
  8
2
 10
3587.019043
 20
-366.700363
  0
TEXT
  8
2
 10
3587.019043
 20
-366.700363
 40
0.000000
 50
0.000000
  1
# 491
  0
POINT
  8
2
 10
3607.019043
 20
-366.700363
  0
TEXT
  8
2
 10
3607.019043
 20
-366.700363
 40
0.000000
 50
0.000000
  1
# 492
  0
POINT
  8
2
 10
3607.019043
 20
-559.221840
  0
TEXT
  8
2
 10
3607.019043
 20
-559.221840
 40
0.000000
 50
0.000000
  1
# 493
  0
POINT
  8
3
 10
3566.417236
 20
-559.079514
  0
POINT
  8
3
 10
3556.099548
 20
-556.633377
  0
POINT
  8
3
 10
3546.245117
 20
-554.297104
  0
POINT
  8
3
 10
3536.664429
 20
-552.025642
  0
POINT
  8
3
 10
3523.228760
 20
-553.867340
  0
POINT
  8
3
 10
3512.911072
 20
-556.313477
  0
POINT
  8
3
 10
3503.056641
 20
-558.649750
  0
POINT
  8
3
 10
3493.475952
 20
-560.921211
  0
POINT
  8
3
 10
3480.642090
 20
-547.870407
  0
POINT
  8
3
 10
3480.642090
 20
-537.779121
  0
POINT
  8
3
 10
3480.642090
 20
-527.506638
  0
POINT
  8
3
 10
3480.642090
 20
-517.331734
  0
POINT
  8
3
 10
3480.642090
 20
-507.321358
  0
POINT
  8
3
 10
3480.642090
 20
-497.310944
  0
POINT
  8
3
 10
3480.642090
 20
-487.300568
  0
POINT
  8
3
 10
3480.642090
 20
-477.190971
  0
POINT
  8
3
 10
3480.642090
 20
-467.180557
  0
POINT
  8
3
 10
3480.642090
 20
-457.170143
  0
POINT
  8
3
 10
3480.642090
 20
-447.144890
  0
POINT
  8
3
 10
3480.642090
 20
-437.134476
  0
POINT
  8
3
 10
3480.642090
 20
-427.124100
  0
POINT
  8
3
 10
3480.642090
 20
-417.113686
  0
POINT
  8
3
 10
3480.642090
 20
-406.907043
  0
POINT
  8
3
 10
3480.642090
 20
-396.896667
  0
POINT
  8
3
 10
3480.642090
 20
-386.886292
  0
POINT
  8
3
 10
3480.642090
 20
-376.841698
  0
POINT
  8
3
 10
3480.642090
 20
-370.735703
  0
POINT
  8
3
 10
3491.096191
 20
-366.673737
  0
POINT
  8
3
 10
3501.239014
 20
-366.651917
  0
POINT
  8
3
 10
3511.399231
 20
-366.634598
  0
POINT
  8
3
 10
3521.675415
 20
-366.623077
  0
POINT
  8
3
 10
3531.699219
 20
-366.618195
  0
POINT
  8
3
 10
3541.723328
 20
-366.619720
  0
POINT
  8
3
 10
3551.768494
 20
-366.627769
  0
POINT
  8
3
 10
3561.792297
 20
-366.641922
  0
POINT
  8
3
 10
3571.815796
 20
-366.661682
  0
POINT
  8
3
 10
3581.788940
 20
-366.686172
  0
POINT
  8
3
 10
3597.175293
 20
-366.700363
  0
POINT
  8
3
 10
3607.019043
 20
-371.540146
  0
POINT
  8
3
 10
3607.019043
 20
-380.059547
  0
POINT
  8
3
 10
3607.019043
 20
-390.454636
  0
POINT
  8
3
 10
3607.019043
 20
-400.801239
  0
POINT
  8
3
 10
3607.019043
 20
-410.974846
  0
POINT
  8
3
 10
3607.019043
 20
-421.171417
  0
POINT
  8
3
 10
3607.019043
 20
-431.367989
  0
POINT
  8
3
 10
3607.019043
 20
-441.458359
  0
POINT
  8
3
 10
3607.019043
 20
-451.654968
  0
POINT
  8
3
 10
3607.019043
 20
-461.851540
  0
POINT
  8
3
 10
3607.019043
 20
-471.932144
  0
POINT
  8
3
 10
3607.019043
 20
-482.128716
  0
POINT
  8
3
 10
3607.019043
 20
-492.325249
  0
POINT
  8
3
 10
3607.019043
 20
-502.596359
  0
POINT
  8
3
 10
3607.019043
 20
-512.792931
  0
POINT
  8
3
 10
3607.019043
 20
-522.989464
  0
POINT
  8
3
 10
3607.019043
 20
-533.228149
  0
POINT
  8
3
 10
3607.019043
 20
-543.477898
  0
POINT
  8
3
 10
3607.019043
 20
-553.491707
  0
POINT
  8
3
 10
3607.019043
 20
-557.297668
  0
POLYLINE
  8
14
  66
1
  70
1
  0
VERTEX
  8
14
  10
3597.019043
  20
-561.593056
  0
VERTEX
  8
14
  10
3587.019043
  20
-558.238564
  0
VERTEX
  8
14
  10
3577.019043
  20
-561.593056
  0
VERTEX
  8
14
  10
3566.417086
  20
-559.079511
  0
VERTEX
  8
14
  10
3556.099527
  20
-556.633392
  0
VERTEX
  8
14
  10
3546.245222
  20
-554.297103
  0
VERTEX
  8
14
  10
3536.664282
  20
-552.025624
  0
VERTEX
  8
14
  10
3533.830566
  20
-551.353798
  0
VERTEX
  8
14
  10
3523.228610
  20
-553.867343
  0
VERTEX
  8
14
  10
3512.911050
  20
-556.313462
  0
VERTEX
  8
14
  10
3503.056746
  20
-558.649751
  0
VERTEX
  8
14
  10
3493.475806
  20
-560.921230
  0
VERTEX
  8
14
  10
3490.642090
  20
-561.593056
  0
VERTEX
  8
14
  10
3480.642090
  20
-558.238564
  0
VERTEX
  8
14
  10
3480.642090
  20
-547.870397
  0
VERTEX
  8
14
  10
3480.642090
  20
-537.779107
  0
VERTEX
  8
14
  10
3480.642090
  20
-527.506648
  0
VERTEX
  8
14
  10
3480.642090
  20
-517.331733
  0
VERTEX
  8
14
  10
3480.642090
  20
-507.321350
  0
VERTEX
  8
14
  10
3480.642090
  20
-497.310957
  0
VERTEX
  8
14
  10
3480.642090
  20
-487.300560
  0
VERTEX
  8
14
  10
3480.642090
  20
-477.190981
  0
VERTEX
  8
14
  10
3480.642090
  20
-467.180567
  0
VERTEX
  8
14
  10
3480.642090
  20
-457.170142
  0
VERTEX
  8
14
  10
3480.642090
  20
-447.144882
  0
VERTEX
  8
14
  10
3480.642090
  20
-437.134479
  0
VERTEX
  8
14
  10
3480.642090
  20
-427.124081
  0
VERTEX
  8
14
  10
3480.642090
  20
-417.113676
  0
VERTEX
  8
14
  10
3480.642090
  20
-406.907063
  0
VERTEX
  8
14
  10
3480.642090
  20
-396.896667
  0
VERTEX
  8
14
  10
3480.642090
  20
-386.886272
  0
VERTEX
  8
14
  10
3480.642090
  20
-376.841710
  0
VERTEX
  8
14
  10
3480.642090
  20
-369.700356
  0
VERTEX
  8
14
  10
3491.103340
  20
-369.673729
  0
VERTEX
  8
14
  10
3501.244907
  20
-369.651926
  0
VERTEX
  8
14
  10
3511.403478
  20
-369.634584
  0
VERTEX
  8
14
  10
3521.677773
  20
-369.623069
  0
VERTEX
  8
14
  10
3531.699786
  20
-369.618201
  0
VERTEX
  8
14
  10
3541.721790
  20
-369.619738
  0
VERTEX
  8
14
  10
3551.765284
  20
-369.627764
  0
VERTEX
  8
14
  10
3561.787228
  20
-369.641907
  0
VERTEX
  8
14
  10
3571.809161
  20
-369.661656
  0
VERTEX
  8
14
  10
3581.780899
  20
-369.686150
  0
VERTEX
  8
14
  10
3587.019043
  20
-369.700356
  0
VERTEX
  8
14
  10
3597.175287
  20
-369.700356
  0
VERTEX
  8
14
  10
3607.019043
  20
-369.700356
  0
VERTEX
  8
14
  10
3607.019043
  20
-380.059564
  0
VERTEX
  8
14
  10
3607.019043
  20
-390.454620
  0
VERTEX
  8
14
  10
3607.019043
  20
-400.801221
  0
VERTEX
  8
14
  10
3607.019043
  20
-410.974839
  0
VERTEX
  8
14
  10
3607.019043
  20
-421.171405
  0
VERTEX
  8
14
  10
3607.019043
  20
-431.367988
  0
VERTEX
  8
14
  10
3607.019043
  20
-441.458341
  0
VERTEX
  8
14
  10
3607.019043
  20
-451.654951
  0
VERTEX
  8
14
  10
3607.019043
  20
-461.851550
  0
VERTEX
  8
14
  10
3607.019043
  20
-471.932129
  0
VERTEX
  8
14
  10
3607.019043
  20
-482.128697
  0
VERTEX
  8
14
  10
3607.019043
  20
-492.325261
  0
VERTEX
  8
14
  10
3607.019043
  20
-502.596375
  0
VERTEX
  8
14
  10
3607.019043
  20
-512.792926
  0
VERTEX
  8
14
  10
3607.019043
  20
-522.989473
  0
VERTEX
  8
14
  10
3607.019043
  20
-533.228141
  0
VERTEX
  8
14
  10
3607.019043
  20
-543.477883
  0
VERTEX
  8
14
  10
3607.019043
  20
-553.491695
  0
VERTEX
  8
14
  10
3607.019043
  20
-559.221840
  0
SEQEND
  8
14
  0
POINT
  8
2
 10
3597.019043
 20
-561.593056
  0
TEXT
  8
2
 10
3597.019043
 20
-561.593056
 40
0.000000
 50
0.000000
  1
# 494
  0
POINT
  8
2
 10
3587.019043
 20
-558.238564
  0
TEXT
  8
2
 10
3587.019043
 20
-558.238564
 40
0.000000
 50
0.000000
  1
# 495
  0
POINT
  8
2
 10
3577.019043
 20
-561.593056
  0
TEXT
  8
2
 10
3577.019043
 20
-561.593056
 40
0.000000
 50
0.000000
  1
# 496
  0
POINT
  8
2
 10
3533.830566
 20
-551.353798
  0
TEXT
  8
2
 10
3533.830566
 20
-551.353798
 40
0.000000
 50
0.000000
  1
# 497
  0
POINT
  8
2
 10
3490.642090
 20
-561.593056
  0
TEXT
  8
2
 10
3490.642090
 20
-561.593056
 40
0.000000
 50
0.000000
  1
# 498
  0
POINT
  8
2
 10
3480.642090
 20
-558.238564
  0
TEXT
  8
2
 10
3480.642090
 20
-558.238564
 40
0.000000
 50
0.000000
  1
# 499
  0
POINT
  8
2
 10
3480.642090
 20
-369.700356
  0
TEXT
  8
2
 10
3480.642090
 20
-369.700356
 40
0.000000
 50
0.000000
  1
# 500
  0
POINT
  8
2
 10
3587.019043
 20
-369.700356
  0
TEXT
  8
2
 10
3587.019043
 20
-369.700356
 40
0.000000
 50
0.000000
  1
# 501
  0
POINT
  8
2
 10
3607.019043
 20
-369.700356
  0
TEXT
  8
2
 10
3607.019043
 20
-369.700356
 40
0.000000
 50
0.000000
  1
# 502
  0
POINT
  8
2
 10
3607.019043
 20
-559.221840
  0
TEXT
  8
2
 10
3607.019043
 20
-559.221840
 40
0.000000
 50
0.000000
  1
# 503
  0
POINT
  8
3
 10
3566.417086
 20
-559.079511
  0
POINT
  8
3
 10
3556.099527
 20
-556.633392
  0
POINT
  8
3
 10
3546.245222
 20
-554.297103
  0
POINT
  8
3
 10
3536.664282
 20
-552.025624
  0
POINT
  8
3
 10
3523.228610
 20
-553.867343
  0
POINT
  8
3
 10
3512.911050
 20
-556.313462
  0
POINT
  8
3
 10
3503.056746
 20
-558.649751
  0
POINT
  8
3
 10
3493.475806
 20
-560.921230
  0
POINT
  8
3
 10
3480.642090
 20
-547.870397
  0
POINT
  8
3
 10
3480.642090
 20
-537.779107
  0
POINT
  8
3
 10
3480.642090
 20
-527.506648
  0
POINT
  8
3
 10
3480.642090
 20
-517.331733
  0
POINT
  8
3
 10
3480.642090
 20
-507.321350
  0
POINT
  8
3
 10
3480.642090
 20
-497.310957
  0
POINT
  8
3
 10
3480.642090
 20
-487.300560
  0
POINT
  8
3
 10
3480.642090
 20
-477.190981
  0
POINT
  8
3
 10
3480.642090
 20
-467.180567
  0
POINT
  8
3
 10
3480.642090
 20
-457.170142
  0
POINT
  8
3
 10
3480.642090
 20
-447.144882
  0
POINT
  8
3
 10
3480.642090
 20
-437.134479
  0
POINT
  8
3
 10
3480.642090
 20
-427.124081
  0
POINT
  8
3
 10
3480.642090
 20
-417.113676
  0
POINT
  8
3
 10
3480.642090
 20
-406.907063
  0
POINT
  8
3
 10
3480.642090
 20
-396.896667
  0
POINT
  8
3
 10
3480.642090
 20
-386.886272
  0
POINT
  8
3
 10
3480.642090
 20
-376.841710
  0
POINT
  8
3
 10
3491.103340
 20
-369.673729
  0
POINT
  8
3
 10
3501.244907
 20
-369.651926
  0
POINT
  8
3
 10
3511.403478
 20
-369.634584
  0
POINT
  8
3
 10
3521.677773
 20
-369.623069
  0
POINT
  8
3
 10
3531.699786
 20
-369.618201
  0
POINT
  8
3
 10
3541.721790
 20
-369.619738
  0
POINT
  8
3
 10
3551.765284
 20
-369.627764
  0
POINT
  8
3
 10
3561.787228
 20
-369.641907
  0
POINT
  8
3
 10
3571.809161
 20
-369.661656
  0
POINT
  8
3
 10
3581.780899
 20
-369.686150
  0
POINT
  8
3
 10
3597.175287
 20
-369.700356
  0
POINT
  8
3
 10
3607.019043
 20
-380.059564
  0
POINT
  8
3
 10
3607.019043
 20
-390.454620
  0
POINT
  8
3
 10
3607.019043
 20
-400.801221
  0
POINT
  8
3
 10
3607.019043
 20
-410.974839
  0
POINT
  8
3
 10
3607.019043
 20
-421.171405
  0
POINT
  8
3
 10
3607.019043
 20
-431.367988
  0
POINT
  8
3
 10
3607.019043
 20
-441.458341
  0
POINT
  8
3
 10
3607.019043
 20
-451.654951
  0
POINT
  8
3
 10
3607.019043
 20
-461.851550
  0
POINT
  8
3
 10
3607.019043
 20
-471.932129
  0
POINT
  8
3
 10
3607.019043
 20
-482.128697
  0
POINT
  8
3
 10
3607.019043
 20
-492.325261
  0
POINT
  8
3
 10
3607.019043
 20
-502.596375
  0
POINT
  8
3
 10
3607.019043
 20
-512.792926
  0
POINT
  8
3
 10
3607.019043
 20
-522.989473
  0
POINT
  8
3
 10
3607.019043
 20
-533.228141
  0
POINT
  8
3
 10
3607.019043
 20
-543.477883
  0
POINT
  8
3
 10
3607.019043
 20
-553.491695
  0
POLYLINE
  8
8
  66
1
  70
0
  0
VERTEX
  8
8
  10
3587.019043
  20
-369.700356
  0
VERTEX
  8
8
  10
3587.019043
  20
-379.999987
  0
VERTEX
  8
8
  10
3587.019043
  20
-390.092451
  0
VERTEX
  8
8
  10
3587.019043
  20
-400.462770
  0
VERTEX
  8
8
  10
3587.019043
  20
-410.619226
  0
VERTEX
  8
8
  10
3587.019043
  20
-420.820289
  0
VERTEX
  8
8
  10
3587.019043
  20
-431.021365
  0
VERTEX
  8
8
  10
3587.019043
  20
-441.222456
  0
VERTEX
  8
8
  10
3587.019043
  20
-451.397029
  0
VERTEX
  8
8
  10
3587.019043
  20
-461.598134
  0
VERTEX
  8
8
  10
3587.019043
  20
-471.799226
  0
VERTEX
  8
8
  10
3587.019043
  20
-481.893096
  0
VERTEX
  8
8
  10
3587.019043
  20
-492.094135
  0
VERTEX
  8
8
  10
3587.019043
  20
-502.295163
  0
VERTEX
  8
8
  10
3587.019043
  20
-512.650646
  0
VERTEX
  8
8
  10
3587.019043
  20
-522.851709
  0
VERTEX
  8
8
  10
3587.019043
  20
-533.052787
  0
VERTEX
  8
8
  10
3587.019043
  20
-543.253859
  0
VERTEX
  8
8
  10
3587.019043
  20
-553.254113
  0
VERTEX
  8
8
  10
3587.019043
  20
-558.238564
  0
SEQEND
  8
8
  0
POINT
  8
2
 10
3587.019043
 20
-369.700356
  0
TEXT
  8
2
 10
3587.019043
 20
-369.700356
 40
0.000000
 50
0.000000
  1
# 504
  0
POINT
  8
2
 10
3587.019043
 20
-558.238564
  0
TEXT
  8
2
 10
3587.019043
 20
-558.238564
 40
0.000000
 50
0.000000
  1
# 505
  0
POINT
  8
3
 10
3587.019043
 20
-379.999987
  0
POINT
  8
3
 10
3587.019043
 20
-390.092451
  0
POINT
  8
3
 10
3587.019043
 20
-400.462770
  0
POINT
  8
3
 10
3587.019043
 20
-410.619226
  0
POINT
  8
3
 10
3587.019043
 20
-420.820289
  0
POINT
  8
3
 10
3587.019043
 20
-431.021365
  0
POINT
  8
3
 10
3587.019043
 20
-441.222456
  0
POINT
  8
3
 10
3587.019043
 20
-451.397029
  0
POINT
  8
3
 10
3587.019043
 20
-461.598134
  0
POINT
  8
3
 10
3587.019043
 20
-471.799226
  0
POINT
  8
3
 10
3587.019043
 20
-481.893096
  0
POINT
  8
3
 10
3587.019043
 20
-492.094135
  0
POINT
  8
3
 10
3587.019043
 20
-502.295163
  0
POINT
  8
3
 10
3587.019043
 20
-512.650646
  0
POINT
  8
3
 10
3587.019043
 20
-522.851709
  0
POINT
  8
3
 10
3587.019043
 20
-533.052787
  0
POINT
  8
3
 10
3587.019043
 20
-543.253859
  0
POINT
  8
3
 10
3587.019043
 20
-553.254113
 0
LINE
 8
7
 10
3540.095825
 20
-391.565285
 11
3540.095825
 21
-541.586647
  0
TEXT
  8
1
 10
3543.830566
 20
-464.105625
 40
10.000000
 50
0.000000
  1
Piece Name: 26SMC-WP130M 展_双刀_175/84
  0
TEXT
  8
1
 10
3543.830566
 20
-449.105625
 40
10.000000
 50
0.000000
  1
Size: 175/84
  0
TEXT
  8
1
 10
3543.830566
 20
-434.105625
 40
10.000000
 50
0.000000
  1
Annotation: 
  0
TEXT
  8
1
 10
3543.830566
 20
-419.105625
 40
10.000000
 50
0.000000
  1
Quantity: 1
  0
TEXT
  8
1
 10
3543.830566
 20
-404.105625
 40
10.000000
 50
0.000000
  1
Material: 面
  0
TEXT
  8
1
 10
3543.830566
 20
-404.105625
 40
10.000000
 50
0.000000
  1
Category: 17
0
ENDBLK
0
BLOCK
  8
1
  2
26SMC-WP130M 展_耳仔_175/84
 70
0
 10
0.0
 20
0.0
  0
POLYLINE
  8
1
  66
1
  70
1
  0
VERTEX
  8
1
  10
2546.288300
  20
1502.546234
  0
VERTEX
  8
1
  10
2546.288300
  20
1562.546234
  0
VERTEX
  8
1
  10
3326.288147
  20
1562.546234
  0
VERTEX
  8
1
  10
3326.288147
  20
1502.546234
  0
SEQEND
  8
1
  0
POINT
  8
2
 10
2546.288300
 20
1502.546234
  0
TEXT
  8
2
 10
2546.288300
 20
1502.546234
 40
0.000000
 50
0.000000
  1
# 506
  0
POINT
  8
2
 10
2546.288300
 20
1562.546234
  0
TEXT
  8
2
 10
2546.288300
 20
1562.546234
 40
0.000000
 50
0.000000
  1
# 507
  0
POINT
  8
2
 10
3326.288147
 20
1562.546234
  0
TEXT
  8
2
 10
3326.288147
 20
1562.546234
 40
0.000000
 50
0.000000
  1
# 508
  0
POINT
  8
2
 10
3326.288147
 20
1502.546234
  0
TEXT
  8
2
 10
3326.288147
 20
1502.546234
 40
0.000000
 50
0.000000
  1
# 509
 0
LINE
 8
7
 10
2679.612122
 20
1532.033539
 11
3152.292175
 21
1532.033539
  0
TEXT
  8
1
 10
2936.288223
 20
1532.546234
 40
10.000000
 50
0.000000
  1
Piece Name: 26SMC-WP130M 展_耳仔_175/84
  0
TEXT
  8
1
 10
2936.288223
 20
1547.546234
 40
10.000000
 50
0.000000
  1
Size: 175/84
  0
TEXT
  8
1
 10
2936.288223
 20
1562.546234
 40
10.000000
 50
0.000000
  1
Annotation: 1.8双线
  0
TEXT
  8
1
 10
2936.288223
 20
1577.546234
 40
10.000000
 50
0.000000
  1
Quantity: 1
  0
TEXT
  8
1
 10
2936.288223
 20
1592.546234
 40
10.000000
 50
0.000000
  1
Material: 面
  0
TEXT
  8
1
 10
2936.288223
 20
1592.546234
 40
10.000000
 50
0.000000
  1
Category: 18
0
ENDBLK
0
BLOCK
  8
1
  2
26SMC-WP130M 展_腿袋盖_175/84
 70
0
 10
0.0
 20
0.0
  0
POLYLINE
  8
1
  66
1
  70
1
  0
VERTEX
  8
1
  10
3482.771301
  20
817.862625
  0
VERTEX
  8
1
  10
3672.771301
  20
817.862625
  0
VERTEX
  8
1
  10
3672.771301
  20
748.720474
  0
VERTEX
  8
1
  10
3651.913452
  20
727.862625
  0
VERTEX
  8
1
  10
3503.629150
  20
727.862625
  0
VERTEX
  8
1
  10
3482.771301
  20
748.720474
  0
SEQEND
  8
1
  0
POINT
  8
2
 10
3482.771301
 20
817.862625
  0
TEXT
  8
2
 10
3482.771301
 20
817.862625
 40
0.000000
 50
0.000000
  1
# 510
  0
POINT
  8
2
 10
3672.771301
 20
817.862625
  0
TEXT
  8
2
 10
3672.771301
 20
817.862625
 40
0.000000
 50
0.000000
  1
# 511
  0
POINT
  8
2
 10
3672.771301
 20
748.720474
  0
TEXT
  8
2
 10
3672.771301
 20
748.720474
 40
0.000000
 50
0.000000
  1
# 512
  0
POINT
  8
2
 10
3651.913452
 20
727.862625
  0
TEXT
  8
2
 10
3651.913452
 20
727.862625
 40
0.000000
 50
0.000000
  1
# 513
  0
POINT
  8
2
 10
3503.629150
 20
727.862625
  0
TEXT
  8
2
 10
3503.629150
 20
727.862625
 40
0.000000
 50
0.000000
  1
# 514
  0
POINT
  8
2
 10
3482.771301
 20
748.720474
  0
TEXT
  8
2
 10
3482.771301
 20
748.720474
 40
0.000000
 50
0.000000
  1
# 515
  0
POLYLINE
  8
14
  66
1
  70
1
  0
VERTEX
  8
14
  10
3492.771301
  20
807.862625
  0
VERTEX
  8
14
  10
3662.771301
  20
807.862625
  0
VERTEX
  8
14
  10
3662.771301
  20
752.862625
  0
VERTEX
  8
14
  10
3647.771301
  20
737.862625
  0
VERTEX
  8
14
  10
3507.771301
  20
737.862625
  0
VERTEX
  8
14
  10
3492.771301
  20
752.862625
  0
SEQEND
  8
14
  0
POINT
  8
2
 10
3492.771301
 20
807.862625
  0
TEXT
  8
2
 10
3492.771301
 20
807.862625
 40
0.000000
 50
0.000000
  1
# 516
  0
POINT
  8
2
 10
3662.771301
 20
807.862625
  0
TEXT
  8
2
 10
3662.771301
 20
807.862625
 40
0.000000
 50
0.000000
  1
# 517
  0
POINT
  8
2
 10
3662.771301
 20
752.862625
  0
TEXT
  8
2
 10
3662.771301
 20
752.862625
 40
0.000000
 50
0.000000
  1
# 518
  0
POINT
  8
2
 10
3647.771301
 20
737.862625
  0
TEXT
  8
2
 10
3647.771301
 20
737.862625
 40
0.000000
 50
0.000000
  1
# 519
  0
POINT
  8
2
 10
3507.771301
 20
737.862625
  0
TEXT
  8
2
 10
3507.771301
 20
737.862625
 40
0.000000
 50
0.000000
  1
# 520
  0
POINT
  8
2
 10
3492.771301
 20
752.862625
  0
TEXT
  8
2
 10
3492.771301
 20
752.862625
 40
0.000000
 50
0.000000
  1
# 521
 0
LINE
 8
7
 10
3581.735840
 20
794.768753
 11
3581.735840
 21
747.215347
  0
TEXT
  8
1
 10
3577.771301
 20
772.862625
 40
10.000000
 50
0.000000
  1
Piece Name: 26SMC-WP130M 展_腿袋盖_175/84
  0
TEXT
  8
1
 10
3577.771301
 20
787.862625
 40
10.000000
 50
0.000000
  1
Size: 175/84
  0
TEXT
  8
1
 10
3577.771301
 20
802.862625
 40
10.000000
 50
0.000000
  1
Annotation: 
  0
TEXT
  8
1
 10
3577.771301
 20
817.862625
 40
10.000000
 50
0.000000
  1
Quantity: 2,2
  0
TEXT
  8
1
 10
3577.771301
 20
832.862625
 40
10.000000
 50
0.000000
  1
Material: 面
  0
TEXT
  8
1
 10
3577.771301
 20
832.862625
 40
10.000000
 50
0.000000
  1
Category: 19
0
ENDBLK
0
BLOCK
  8
1
  2
26SMC-WP130M 展_腿袋墙子_175/84
 70
0
 10
0.0
 20
0.0
  0
POLYLINE
  8
1
  66
1
  70
1
  0
VERTEX
  8
1
  10
3939.859924
  20
224.559193
  0
VERTEX
  8
1
  10
3939.859924
  20
205.503941
  0
VERTEX
  8
1
  10
3939.859924
  20
195.389881
  0
VERTEX
  8
1
  10
3939.859924
  20
174.559193
  0
VERTEX
  8
1
  10
3938.198242
  20
174.559193
  0
VERTEX
  8
1
  10
3928.462830
  20
174.559193
  0
VERTEX
  8
1
  10
3918.787842
  20
174.559193
  0
VERTEX
  8
1
  10
3906.496582
  20
174.559193
  0
VERTEX
  8
1
  10
3896.953735
  20
174.559193
  0
VERTEX
  8
1
  10
3886.405334
  20
174.559193
  0
VERTEX
  8
1
  10
3874.913940
  20
174.559193
  0
VERTEX
  8
1
  10
3862.542725
  20
174.559193
  0
VERTEX
  8
1
  10
3849.354553
  20
174.559193
  0
VERTEX
  8
1
  10
3835.411987
  20
174.559193
  0
VERTEX
  8
1
  10
3820.778198
  20
174.559193
  0
VERTEX
  8
1
  10
3805.516052
  20
174.559193
  0
VERTEX
  8
1
  10
3789.688110
  20
174.559193
  0
VERTEX
  8
1
  10
3773.357239
  20
174.559193
  0
VERTEX
  8
1
  10
3756.586609
  20
174.559193
  0
VERTEX
  8
1
  10
3739.438477
  20
174.559193
  0
VERTEX
  8
1
  10
3721.976624
  20
174.559193
  0
VERTEX
  8
1
  10
3704.263000
  20
174.559193
  0
VERTEX
  8
1
  10
3686.361084
  20
174.559193
  0
VERTEX
  8
1
  10
3668.333130
  20
174.559193
  0
VERTEX
  8
1
  10
3650.242615
  20
174.559193
  0
VERTEX
  8
1
  10
3632.152100
  20
174.559193
  0
VERTEX
  8
1
  10
3614.124146
  20
174.559193
  0
VERTEX
  8
1
  10
3596.222229
  20
174.559193
  0
VERTEX
  8
1
  10
3578.508606
  20
174.559193
  0
VERTEX
  8
1
  10
3561.046753
  20
174.559193
  0
VERTEX
  8
1
  10
3543.898621
  20
174.559193
  0
VERTEX
  8
1
  10
3527.127991
  20
174.559193
  0
VERTEX
  8
1
  10
3510.797119
  20
174.559193
  0
VERTEX
  8
1
  10
3494.969177
  20
174.559193
  0
VERTEX
  8
1
  10
3479.707031
  20
174.559193
  0
VERTEX
  8
1
  10
3465.073242
  20
174.559193
  0
VERTEX
  8
1
  10
3451.130676
  20
174.559193
  0
VERTEX
  8
1
  10
3437.942505
  20
174.559193
  0
VERTEX
  8
1
  10
3425.571289
  20
174.559193
  0
VERTEX
  8
1
  10
3414.080200
  20
174.559193
  0
VERTEX
  8
1
  10
3403.531494
  20
174.559193
  0
VERTEX
  8
1
  10
3389.613953
  20
174.559193
  0
VERTEX
  8
1
  10
3374.943542
  20
174.559193
  0
VERTEX
  8
1
  10
3364.205017
  20
174.559193
  0
VERTEX
  8
1
  10
3360.625305
  20
174.559193
  0
VERTEX
  8
1
  10
3360.625305
  20
193.614445
  0
VERTEX
  8
1
  10
3360.625305
  20
203.728504
  0
VERTEX
  8
1
  10
3360.625305
  20
224.559193
  0
VERTEX
  8
1
  10
3362.286987
  20
224.559193
  0
VERTEX
  8
1
  10
3372.022400
  20
224.559193
  0
VERTEX
  8
1
  10
3381.697388
  20
224.559193
  0
VERTEX
  8
1
  10
3393.988647
  20
224.559193
  0
VERTEX
  8
1
  10
3403.531494
  20
224.559193
  0
VERTEX
  8
1
  10
3414.079895
  20
224.559193
  0
VERTEX
  8
1
  10
3425.571289
  20
224.559193
  0
VERTEX
  8
1
  10
3437.942505
  20
224.559193
  0
VERTEX
  8
1
  10
3451.130676
  20
224.559193
  0
VERTEX
  8
1
  10
3465.073242
  20
224.559193
  0
VERTEX
  8
1
  10
3479.707031
  20
224.559193
  0
VERTEX
  8
1
  10
3494.969177
  20
224.559193
  0
VERTEX
  8
1
  10
3510.797119
  20
224.559193
  0
VERTEX
  8
1
  10
3527.127991
  20
224.559193
  0
VERTEX
  8
1
  10
3543.898621
  20
224.559193
  0
VERTEX
  8
1
  10
3561.046753
  20
224.559193
  0
VERTEX
  8
1
  10
3578.508606
  20
224.559193
  0
VERTEX
  8
1
  10
3596.222229
  20
224.559193
  0
VERTEX
  8
1
  10
3614.124146
  20
224.559193
  0
VERTEX
  8
1
  10
3632.152100
  20
224.559193
  0
VERTEX
  8
1
  10
3650.242615
  20
224.559193
  0
VERTEX
  8
1
  10
3650.243835
  20
224.559193
  0
VERTEX
  8
1
  10
3668.333130
  20
224.559193
  0
VERTEX
  8
1
  10
3686.361084
  20
224.559193
  0
VERTEX
  8
1
  10
3704.263000
  20
224.559193
  0
VERTEX
  8
1
  10
3721.976624
  20
224.559193
  0
VERTEX
  8
1
  10
3739.438477
  20
224.559193
  0
VERTEX
  8
1
  10
3756.586609
  20
224.559193
  0
VERTEX
  8
1
  10
3773.357239
  20
224.559193
  0
VERTEX
  8
1
  10
3789.688110
  20
224.559193
  0
VERTEX
  8
1
  10
3805.516052
  20
224.559193
  0
VERTEX
  8
1
  10
3820.778198
  20
224.559193
  0
VERTEX
  8
1
  10
3835.411987
  20
224.559193
  0
VERTEX
  8
1
  10
3849.354553
  20
224.559193
  0
VERTEX
  8
1
  10
3862.542725
  20
224.559193
  0
VERTEX
  8
1
  10
3874.913940
  20
224.559193
  0
VERTEX
  8
1
  10
3886.405029
  20
224.559193
  0
VERTEX
  8
1
  10
3896.953735
  20
224.559193
  0
VERTEX
  8
1
  10
3910.871277
  20
224.559193
  0
VERTEX
  8
1
  10
3925.541687
  20
224.559193
  0
VERTEX
  8
1
  10
3936.280212
  20
224.559193
  0
SEQEND
  8
1
  0
POINT
  8
2
 10
3939.859924
 20
224.559193
  0
TEXT
  8
2
 10
3939.859924
 20
224.559193
 40
0.000000
 50
0.000000
  1
# 522
  0
POINT
  8
2
 10
3939.859924
 20
174.559193
  0
TEXT
  8
2
 10
3939.859924
 20
174.559193
 40
0.000000
 50
0.000000
  1
# 523
  0
POINT
  8
2
 10
3360.625305
 20
174.559193
  0
TEXT
  8
2
 10
3360.625305
 20
174.559193
 40
0.000000
 50
0.000000
  1
# 524
  0
POINT
  8
2
 10
3360.625305
 20
224.559193
  0
TEXT
  8
2
 10
3360.625305
 20
224.559193
 40
0.000000
 50
0.000000
  1
# 525
  0
POINT
  8
3
 10
3939.859924
 20
205.503941
  0
POINT
  8
3
 10
3939.859924
 20
195.389881
  0
POINT
  8
3
 10
3938.198242
 20
174.559193
  0
POINT
  8
3
 10
3928.462830
 20
174.559193
  0
POINT
  8
3
 10
3918.787842
 20
174.559193
  0
POINT
  8
3
 10
3906.496582
 20
174.559193
  0
POINT
  8
3
 10
3896.953735
 20
174.559193
  0
POINT
  8
3
 10
3886.405334
 20
174.559193
  0
POINT
  8
3
 10
3874.913940
 20
174.559193
  0
POINT
  8
3
 10
3862.542725
 20
174.559193
  0
POINT
  8
3
 10
3849.354553
 20
174.559193
  0
POINT
  8
3
 10
3835.411987
 20
174.559193
  0
POINT
  8
3
 10
3820.778198
 20
174.559193
  0
POINT
  8
3
 10
3805.516052
 20
174.559193
  0
POINT
  8
3
 10
3789.688110
 20
174.559193
  0
POINT
  8
3
 10
3773.357239
 20
174.559193
  0
POINT
  8
3
 10
3756.586609
 20
174.559193
  0
POINT
  8
3
 10
3739.438477
 20
174.559193
  0
POINT
  8
3
 10
3721.976624
 20
174.559193
  0
POINT
  8
3
 10
3704.263000
 20
174.559193
  0
POINT
  8
3
 10
3686.361084
 20
174.559193
  0
POINT
  8
3
 10
3668.333130
 20
174.559193
  0
POINT
  8
3
 10
3650.242615
 20
174.559193
  0
POINT
  8
3
 10
3632.152100
 20
174.559193
  0
POINT
  8
3
 10
3614.124146
 20
174.559193
  0
POINT
  8
3
 10
3596.222229
 20
174.559193
  0
POINT
  8
3
 10
3578.508606
 20
174.559193
  0
POINT
  8
3
 10
3561.046753
 20
174.559193
  0
POINT
  8
3
 10
3543.898621
 20
174.559193
  0
POINT
  8
3
 10
3527.127991
 20
174.559193
  0
POINT
  8
3
 10
3510.797119
 20
174.559193
  0
POINT
  8
3
 10
3494.969177
 20
174.559193
  0
POINT
  8
3
 10
3479.707031
 20
174.559193
  0
POINT
  8
3
 10
3465.073242
 20
174.559193
  0
POINT
  8
3
 10
3451.130676
 20
174.559193
  0
POINT
  8
3
 10
3437.942505
 20
174.559193
  0
POINT
  8
3
 10
3425.571289
 20
174.559193
  0
POINT
  8
3
 10
3414.080200
 20
174.559193
  0
POINT
  8
3
 10
3403.531494
 20
174.559193
  0
POINT
  8
3
 10
3389.613953
 20
174.559193
  0
POINT
  8
3
 10
3374.943542
 20
174.559193
  0
POINT
  8
3
 10
3364.205017
 20
174.559193
  0
POINT
  8
3
 10
3360.625305
 20
193.614445
  0
POINT
  8
3
 10
3360.625305
 20
203.728504
  0
POINT
  8
3
 10
3362.286987
 20
224.559193
  0
POINT
  8
3
 10
3372.022400
 20
224.559193
  0
POINT
  8
3
 10
3381.697388
 20
224.559193
  0
POINT
  8
3
 10
3393.988647
 20
224.559193
  0
POINT
  8
3
 10
3403.531494
 20
224.559193
  0
POINT
  8
3
 10
3414.079895
 20
224.559193
  0
POINT
  8
3
 10
3425.571289
 20
224.559193
  0
POINT
  8
3
 10
3437.942505
 20
224.559193
  0
POINT
  8
3
 10
3451.130676
 20
224.559193
  0
POINT
  8
3
 10
3465.073242
 20
224.559193
  0
POINT
  8
3
 10
3479.707031
 20
224.559193
  0
POINT
  8
3
 10
3494.969177
 20
224.559193
  0
POINT
  8
3
 10
3510.797119
 20
224.559193
  0
POINT
  8
3
 10
3527.127991
 20
224.559193
  0
POINT
  8
3
 10
3543.898621
 20
224.559193
  0
POINT
  8
3
 10
3561.046753
 20
224.559193
  0
POINT
  8
3
 10
3578.508606
 20
224.559193
  0
POINT
  8
3
 10
3596.222229
 20
224.559193
  0
POINT
  8
3
 10
3614.124146
 20
224.559193
  0
POINT
  8
3
 10
3632.152100
 20
224.559193
  0
POINT
  8
3
 10
3650.242615
 20
224.559193
  0
POINT
  8
3
 10
3650.243835
 20
224.559193
  0
POINT
  8
3
 10
3668.333130
 20
224.559193
  0
POINT
  8
3
 10
3686.361084
 20
224.559193
  0
POINT
  8
3
 10
3704.263000
 20
224.559193
  0
POINT
  8
3
 10
3721.976624
 20
224.559193
  0
POINT
  8
3
 10
3739.438477
 20
224.559193
  0
POINT
  8
3
 10
3756.586609
 20
224.559193
  0
POINT
  8
3
 10
3773.357239
 20
224.559193
  0
POINT
  8
3
 10
3789.688110
 20
224.559193
  0
POINT
  8
3
 10
3805.516052
 20
224.559193
  0
POINT
  8
3
 10
3820.778198
 20
224.559193
  0
POINT
  8
3
 10
3835.411987
 20
224.559193
  0
POINT
  8
3
 10
3849.354553
 20
224.559193
  0
POINT
  8
3
 10
3862.542725
 20
224.559193
  0
POINT
  8
3
 10
3874.913940
 20
224.559193
  0
POINT
  8
3
 10
3886.405029
 20
224.559193
  0
POINT
  8
3
 10
3896.953735
 20
224.559193
  0
POINT
  8
3
 10
3910.871277
 20
224.559193
  0
POINT
  8
3
 10
3925.541687
 20
224.559193
  0
POINT
  8
3
 10
3936.280212
 20
224.559193
  0
POINT
  8
4
 10
3650.243835
 20
224.559193
 30
1.000000
 50
270.00
  0
TEXT
  8
4
 10
3650.243835
 20
224.559193
 40
0.000000
 50
0.000000
  1
# 526
  0
POLYLINE
  8
14
  66
1
  70
1
  0
VERTEX
  8
14
  10
3939.859924
  20
214.559193
  0
VERTEX
  8
14
  10
3939.859924
  20
205.503949
  0
VERTEX
  8
14
  10
3939.859924
  20
195.389881
  0
VERTEX
  8
14
  10
3939.859924
  20
184.559193
  0
VERTEX
  8
14
  10
3938.198299
  20
184.559193
  0
VERTEX
  8
14
  10
3928.462947
  20
184.559193
  0
VERTEX
  8
14
  10
3918.787817
  20
184.559193
  0
VERTEX
  8
14
  10
3906.496511
  20
184.559193
  0
VERTEX
  8
14
  10
3896.953656
  20
184.559193
  0
VERTEX
  8
14
  10
3886.405190
  20
184.559193
  0
VERTEX
  8
14
  10
3874.913913
  20
184.559193
  0
VERTEX
  8
14
  10
3862.542718
  20
184.559193
  0
VERTEX
  8
14
  10
3849.354515
  20
184.559193
  0
VERTEX
  8
14
  10
3835.412073
  20
184.559193
  0
VERTEX
  8
14
  10
3820.778270
  20
184.559193
  0
VERTEX
  8
14
  10
3805.515957
  20
184.559193
  0
VERTEX
  8
14
  10
3789.687986
  20
184.559193
  0
VERTEX
  8
14
  10
3773.357207
  20
184.559193
  0
VERTEX
  8
14
  10
3756.586471
  20
184.559193
  0
VERTEX
  8
14
  10
3739.438629
  20
184.559193
  0
VERTEX
  8
14
  10
3721.976532
  20
184.559193
  0
VERTEX
  8
14
  10
3704.263031
  20
184.559193
  0
VERTEX
  8
14
  10
3686.360977
  20
184.559193
  0
VERTEX
  8
14
  10
3668.333221
  20
184.559193
  0
VERTEX
  8
14
  10
3650.242615
  20
184.559193
  0
VERTEX
  8
14
  10
3632.152008
  20
184.559193
  0
VERTEX
  8
14
  10
3614.124252
  20
184.559193
  0
VERTEX
  8
14
  10
3596.222199
  20
184.559193
  0
VERTEX
  8
14
  10
3578.508698
  20
184.559193
  0
VERTEX
  8
14
  10
3561.046601
  20
184.559193
  0
VERTEX
  8
14
  10
3543.898759
  20
184.559193
  0
VERTEX
  8
14
  10
3527.128023
  20
184.559193
  0
VERTEX
  8
14
  10
3510.797243
  20
184.559193
  0
VERTEX
  8
14
  10
3494.969272
  20
184.559193
  0
VERTEX
  8
14
  10
3479.706959
  20
184.559193
  0
VERTEX
  8
14
  10
3465.073157
  20
184.559193
  0
VERTEX
  8
14
  10
3451.130714
  20
184.559193
  0
VERTEX
  8
14
  10
3437.942484
  20
184.559193
  0
VERTEX
  8
14
  10
3425.571316
  20
184.559193
  0
VERTEX
  8
14
  10
3414.080063
  20
184.559193
  0
VERTEX
  8
14
  10
3403.531573
  20
184.559193
  0
VERTEX
  8
14
  10
3389.614010
  20
184.559193
  0
VERTEX
  8
14
  10
3374.943544
  20
184.559193
  0
VERTEX
  8
14
  10
3360.625305
  20
184.559193
  0
VERTEX
  8
14
  10
3360.625305
  20
193.614436
  0
VERTEX
  8
14
  10
3360.625305
  20
203.728504
  0
VERTEX
  8
14
  10
3360.625305
  20
214.559193
  0
VERTEX
  8
14
  10
3362.286930
  20
214.559193
  0
VERTEX
  8
14
  10
3372.022283
  20
214.559193
  0
VERTEX
  8
14
  10
3381.697413
  20
214.559193
  0
VERTEX
  8
14
  10
3393.988719
  20
214.559193
  0
VERTEX
  8
14
  10
3403.531573
  20
214.559193
  0
VERTEX
  8
14
  10
3414.080039
  20
214.559193
  0
VERTEX
  8
14
  10
3425.571316
  20
214.559193
  0
VERTEX
  8
14
  10
3437.942511
  20
214.559193
  0
VERTEX
  8
14
  10
3451.130714
  20
214.559193
  0
VERTEX
  8
14
  10
3465.073157
  20
214.559193
  0
VERTEX
  8
14
  10
3479.706959
  20
214.559193
  0
VERTEX
  8
14
  10
3494.969272
  20
214.559193
  0
VERTEX
  8
14
  10
3510.797243
  20
214.559193
  0
VERTEX
  8
14
  10
3527.128023
  20
214.559193
  0
VERTEX
  8
14
  10
3543.898759
  20
214.559193
  0
VERTEX
  8
14
  10
3561.046601
  20
214.559193
  0
VERTEX
  8
14
  10
3578.508698
  20
214.559193
  0
VERTEX
  8
14
  10
3596.222199
  20
214.559193
  0
VERTEX
  8
14
  10
3614.124252
  20
214.559193
  0
VERTEX
  8
14
  10
3632.152008
  20
214.559193
  0
VERTEX
  8
14
  10
3650.242615
  20
214.559193
  0
VERTEX
  8
14
  10
3650.243835
  20
214.559193
  0
VERTEX
  8
14
  10
3668.333221
  20
214.559193
  0
VERTEX
  8
14
  10
3686.360977
  20
214.559193
  0
VERTEX
  8
14
  10
3704.263031
  20
214.559193
  0
VERTEX
  8
14
  10
3721.976532
  20
214.559193
  0
VERTEX
  8
14
  10
3739.438629
  20
214.559193
  0
VERTEX
  8
14
  10
3756.586471
  20
214.559193
  0
VERTEX
  8
14
  10
3773.357207
  20
214.559193
  0
VERTEX
  8
14
  10
3789.687986
  20
214.559193
  0
VERTEX
  8
14
  10
3805.515957
  20
214.559193
  0
VERTEX
  8
14
  10
3820.778270
  20
214.559193
  0
VERTEX
  8
14
  10
3835.412073
  20
214.559193
  0
VERTEX
  8
14
  10
3849.354515
  20
214.559193
  0
VERTEX
  8
14
  10
3862.542745
  20
214.559193
  0
VERTEX
  8
14
  10
3874.913913
  20
214.559193
  0
VERTEX
  8
14
  10
3886.405167
  20
214.559193
  0
VERTEX
  8
14
  10
3896.953656
  20
214.559193
  0
VERTEX
  8
14
  10
3910.871220
  20
214.559193
  0
VERTEX
  8
14
  10
3925.541686
  20
214.559193
  0
SEQEND
  8
14
  0
POINT
  8
2
 10
3939.859924
 20
214.559193
  0
TEXT
  8
2
 10
3939.859924
 20
214.559193
 40
0.000000
 50
0.000000
  1
# 527
  0
POINT
  8
2
 10
3939.859924
 20
184.559193
  0
TEXT
  8
2
 10
3939.859924
 20
184.559193
 40
0.000000
 50
0.000000
  1
# 528
  0
POINT
  8
2
 10
3360.625305
 20
184.559193
  0
TEXT
  8
2
 10
3360.625305
 20
184.559193
 40
0.000000
 50
0.000000
  1
# 529
  0
POINT
  8
2
 10
3360.625305
 20
214.559193
  0
TEXT
  8
2
 10
3360.625305
 20
214.559193
 40
0.000000
 50
0.000000
  1
# 530
  0
POINT
  8
3
 10
3939.859924
 20
205.503949
  0
POINT
  8
3
 10
3939.859924
 20
195.389881
  0
POINT
  8
3
 10
3938.198299
 20
184.559193
  0
POINT
  8
3
 10
3928.462947
 20
184.559193
  0
POINT
  8
3
 10
3918.787817
 20
184.559193
  0
POINT
  8
3
 10
3906.496511
 20
184.559193
  0
POINT
  8
3
 10
3896.953656
 20
184.559193
  0
POINT
  8
3
 10
3886.405190
 20
184.559193
  0
POINT
  8
3
 10
3874.913913
 20
184.559193
  0
POINT
  8
3
 10
3862.542718
 20
184.559193
  0
POINT
  8
3
 10
3849.354515
 20
184.559193
  0
POINT
  8
3
 10
3835.412073
 20
184.559193
  0
POINT
  8
3
 10
3820.778270
 20
184.559193
  0
POINT
  8
3
 10
3805.515957
 20
184.559193
  0
POINT
  8
3
 10
3789.687986
 20
184.559193
  0
POINT
  8
3
 10
3773.357207
 20
184.559193
  0
POINT
  8
3
 10
3756.586471
 20
184.559193
  0
POINT
  8
3
 10
3739.438629
 20
184.559193
  0
POINT
  8
3
 10
3721.976532
 20
184.559193
  0
POINT
  8
3
 10
3704.263031
 20
184.559193
  0
POINT
  8
3
 10
3686.360977
 20
184.559193
  0
POINT
  8
3
 10
3668.333221
 20
184.559193
  0
POINT
  8
3
 10
3650.242615
 20
184.559193
  0
POINT
  8
3
 10
3632.152008
 20
184.559193
  0
POINT
  8
3
 10
3614.124252
 20
184.559193
  0
POINT
  8
3
 10
3596.222199
 20
184.559193
  0
POINT
  8
3
 10
3578.508698
 20
184.559193
  0
POINT
  8
3
 10
3561.046601
 20
184.559193
  0
POINT
  8
3
 10
3543.898759
 20
184.559193
  0
POINT
  8
3
 10
3527.128023
 20
184.559193
  0
POINT
  8
3
 10
3510.797243
 20
184.559193
  0
POINT
  8
3
 10
3494.969272
 20
184.559193
  0
POINT
  8
3
 10
3479.706959
 20
184.559193
  0
POINT
  8
3
 10
3465.073157
 20
184.559193
  0
POINT
  8
3
 10
3451.130714
 20
184.559193
  0
POINT
  8
3
 10
3437.942484
 20
184.559193
  0
POINT
  8
3
 10
3425.571316
 20
184.559193
  0
POINT
  8
3
 10
3414.080063
 20
184.559193
  0
POINT
  8
3
 10
3403.531573
 20
184.559193
  0
POINT
  8
3
 10
3389.614010
 20
184.559193
  0
POINT
  8
3
 10
3374.943544
 20
184.559193
  0
POINT
  8
3
 10
3360.625305
 20
193.614436
  0
POINT
  8
3
 10
3360.625305
 20
203.728504
  0
POINT
  8
3
 10
3362.286930
 20
214.559193
  0
POINT
  8
3
 10
3372.022283
 20
214.559193
  0
POINT
  8
3
 10
3381.697413
 20
214.559193
  0
POINT
  8
3
 10
3393.988719
 20
214.559193
  0
POINT
  8
3
 10
3403.531573
 20
214.559193
  0
POINT
  8
3
 10
3414.080039
 20
214.559193
  0
POINT
  8
3
 10
3425.571316
 20
214.559193
  0
POINT
  8
3
 10
3437.942511
 20
214.559193
  0
POINT
  8
3
 10
3451.130714
 20
214.559193
  0
POINT
  8
3
 10
3465.073157
 20
214.559193
  0
POINT
  8
3
 10
3479.706959
 20
214.559193
  0
POINT
  8
3
 10
3494.969272
 20
214.559193
  0
POINT
  8
3
 10
3510.797243
 20
214.559193
  0
POINT
  8
3
 10
3527.128023
 20
214.559193
  0
POINT
  8
3
 10
3543.898759
 20
214.559193
  0
POINT
  8
3
 10
3561.046601
 20
214.559193
  0
POINT
  8
3
 10
3578.508698
 20
214.559193
  0
POINT
  8
3
 10
3596.222199
 20
214.559193
  0
POINT
  8
3
 10
3614.124252
 20
214.559193
  0
POINT
  8
3
 10
3632.152008
 20
214.559193
  0
POINT
  8
3
 10
3650.242615
 20
214.559193
  0
POINT
  8
3
 10
3650.243835
 20
214.559193
  0
POINT
  8
3
 10
3668.333221
 20
214.559193
  0
POINT
  8
3
 10
3686.360977
 20
214.559193
  0
POINT
  8
3
 10
3704.263031
 20
214.559193
  0
POINT
  8
3
 10
3721.976532
 20
214.559193
  0
POINT
  8
3
 10
3739.438629
 20
214.559193
  0
POINT
  8
3
 10
3756.586471
 20
214.559193
  0
POINT
  8
3
 10
3773.357207
 20
214.559193
  0
POINT
  8
3
 10
3789.687986
 20
214.559193
  0
POINT
  8
3
 10
3805.515957
 20
214.559193
  0
POINT
  8
3
 10
3820.778270
 20
214.559193
  0
POINT
  8
3
 10
3835.412073
 20
214.559193
  0
POINT
  8
3
 10
3849.354515
 20
214.559193
  0
POINT
  8
3
 10
3862.542745
 20
214.559193
  0
POINT
  8
3
 10
3874.913913
 20
214.559193
  0
POINT
  8
3
 10
3886.405167
 20
214.559193
  0
POINT
  8
3
 10
3896.953656
 20
214.559193
  0
POINT
  8
3
 10
3910.871220
 20
214.559193
  0
POINT
  8
3
 10
3925.541686
 20
214.559193
  0
POINT
  8
4
 10
3650.243835
 20
214.559193
 30
1.000000
 50
270.00
  0
TEXT
  8
4
 10
3650.243835
 20
214.559193
 40
0.000000
 50
0.000000
  1
# 531
 0
LINE
 8
7
 10
3438.483887
 20
200.171680
 11
3855.749512
 21
200.171680
  0
TEXT
  8
1
 10
3650.242615
 20
199.559193
 40
10.000000
 50
0.000000
  1
Piece Name: 26SMC-WP130M 展_腿袋墙子_175/84
  0
TEXT
  8
1
 10
3650.242615
 20
214.559193
 40
10.000000
 50
0.000000
  1
Size: 175/84
  0
TEXT
  8
1
 10
3650.242615
 20
229.559193
 40
10.000000
 50
0.000000
  1
Annotation: 
  0
TEXT
  8
1
 10
3650.242615
 20
244.559193
 40
10.000000
 50
0.000000
  1
Quantity: 1,1
  0
TEXT
  8
1
 10
3650.242615
 20
259.559193
 40
10.000000
 50
0.000000
  1
Material: 面
  0
TEXT
  8
1
 10
3650.242615
 20
259.559193
 40
10.000000
 50
0.000000
  1
Category: 20
0
ENDBLK
0
BLOCK
  8
1
  2
26SMC-WP130M 展_腿袋_175/84
 70
0
 10
0.0
 20
0.0
  0
POLYLINE
  8
1
  66
1
  70
1
  0
VERTEX
  8
1
  10
4524.062500
  20
609.967194
  0
VERTEX
  8
1
  10
4524.062500
  20
449.967194
  0
VERTEX
  8
1
  10
4441.562500
  20
414.967194
  0
VERTEX
  8
1
  10
4359.062500
  20
449.967194
  0
VERTEX
  8
1
  10
4359.062500
  20
609.967194
  0
SEQEND
  8
1
  0
POINT
  8
2
 10
4524.062500
 20
609.967194
  0
TEXT
  8
2
 10
4524.062500
 20
609.967194
 40
0.000000
 50
0.000000
  1
# 532
  0
POINT
  8
2
 10
4524.062500
 20
449.967194
  0
TEXT
  8
2
 10
4524.062500
 20
449.967194
 40
0.000000
 50
0.000000
  1
# 533
  0
POINT
  8
2
 10
4441.562500
 20
414.967194
  0
TEXT
  8
2
 10
4441.562500
 20
414.967194
 40
0.000000
 50
0.000000
  1
# 534
  0
POINT
  8
2
 10
4359.062500
 20
449.967194
  0
TEXT
  8
2
 10
4359.062500
 20
449.967194
 40
0.000000
 50
0.000000
  1
# 535
  0
POINT
  8
2
 10
4359.062500
 20
609.967194
  0
TEXT
  8
2
 10
4359.062500
 20
609.967194
 40
0.000000
 50
0.000000
  1
# 536
  0
POLYLINE
  8
8
  66
1
  70
0
  0
VERTEX
  8
8
  10
4399.062500
  20
432.997589
  0
VERTEX
  8
8
  10
4399.062500
  20
609.967194
  0
SEQEND
  8
8
  0
POINT
  8
2
 10
4399.062500
 20
432.997589
  0
TEXT
  8
2
 10
4399.062500
 20
432.997589
 40
0.000000
 50
0.000000
  1
# 537
  0
POINT
  8
2
 10
4399.062500
 20
609.967194
  0
TEXT
  8
2
 10
4399.062500
 20
609.967194
 40
0.000000
 50
0.000000
  1
# 538
  0
POLYLINE
  8
8
  66
1
  70
0
  0
VERTEX
  8
8
  10
4484.062500
  20
432.997589
  0
VERTEX
  8
8
  10
4484.062500
  20
443.513005
  0
VERTEX
  8
8
  10
4484.062500
  20
453.669554
  0
VERTEX
  8
8
  10
4484.062500
  20
463.751291
  0
VERTEX
  8
8
  10
4484.062500
  20
473.872572
  0
VERTEX
  8
8
  10
4484.062500
  20
484.146234
  0
VERTEX
  8
8
  10
4484.062500
  20
494.419877
  0
VERTEX
  8
8
  10
4484.062500
  20
504.713921
  0
VERTEX
  8
8
  10
4484.062500
  20
514.987522
  0
VERTEX
  8
8
  10
4484.062500
  20
525.261126
  0
VERTEX
  8
8
  10
4484.062500
  20
535.552077
  0
VERTEX
  8
8
  10
4484.062500
  20
545.825717
  0
VERTEX
  8
8
  10
4484.062500
  20
556.099378
  0
VERTEX
  8
8
  10
4484.062500
  20
566.364157
  0
VERTEX
  8
8
  10
4484.062500
  20
576.637820
  0
VERTEX
  8
8
  10
4484.062500
  20
586.911495
  0
VERTEX
  8
8
  10
4484.062500
  20
597.070625
  0
VERTEX
  8
8
  10
4484.062500
  20
607.050001
  0
VERTEX
  8
8
  10
4484.062500
  20
609.967194
  0
SEQEND
  8
8
  0
POINT
  8
2
 10
4484.062500
 20
432.997589
  0
TEXT
  8
2
 10
4484.062500
 20
432.997589
 40
0.000000
 50
0.000000
  1
# 539
  0
POINT
  8
2
 10
4484.062500
 20
609.967194
  0
TEXT
  8
2
 10
4484.062500
 20
609.967194
 40
0.000000
 50
0.000000
  1
# 540
  0
POINT
  8
3
 10
4484.062500
 20
443.513005
  0
POINT
  8
3
 10
4484.062500
 20
453.669554
  0
POINT
  8
3
 10
4484.062500
 20
463.751291
  0
POINT
  8
3
 10
4484.062500
 20
473.872572
  0
POINT
  8
3
 10
4484.062500
 20
484.146234
  0
POINT
  8
3
 10
4484.062500
 20
494.419877
  0
POINT
  8
3
 10
4484.062500
 20
504.713921
  0
POINT
  8
3
 10
4484.062500
 20
514.987522
  0
POINT
  8
3
 10
4484.062500
 20
525.261126
  0
POINT
  8
3
 10
4484.062500
 20
535.552077
  0
POINT
  8
3
 10
4484.062500
 20
545.825717
  0
POINT
  8
3
 10
4484.062500
 20
556.099378
  0
POINT
  8
3
 10
4484.062500
 20
566.364157
  0
POINT
  8
3
 10
4484.062500
 20
576.637820
  0
POINT
  8
3
 10
4484.062500
 20
586.911495
  0
POINT
  8
3
 10
4484.062500
 20
597.070625
  0
POINT
  8
3
 10
4484.062500
 20
607.050001
  0
POLYLINE
  8
8
  66
1
  70
0
  0
VERTEX
  8
8
  10
4359.062500
  20
569.967194
  0
VERTEX
  8
8
  10
4524.062500
  20
569.967194
  0
SEQEND
  8
8
  0
POINT
  8
2
 10
4359.062500
 20
569.967194
  0
TEXT
  8
2
 10
4359.062500
 20
569.967194
 40
0.000000
 50
0.000000
  1
# 541
  0
POINT
  8
2
 10
4524.062500
 20
569.967194
  0
TEXT
  8
2
 10
4524.062500
 20
569.967194
 40
0.000000
 50
0.000000
  1
# 542
 0
LINE
 8
7
 10
4431.761475
 20
579.461517
 11
4431.761475
 21
462.325287
  0
TEXT
  8
1
 10
4441.562500
 20
512.467194
 40
10.000000
 50
0.000000
  1
Piece Name: 26SMC-WP130M 展_腿袋_175/84
  0
TEXT
  8
1
 10
4441.562500
 20
527.467194
 40
10.000000
 50
0.000000
  1
Size: 175/84
  0
TEXT
  8
1
 10
4441.562500
 20
542.467194
 40
10.000000
 50
0.000000
  1
Annotation: 
  0
TEXT
  8
1
 10
4441.562500
 20
557.467194
 40
10.000000
 50
0.000000
  1
Quantity: 1
  0
TEXT
  8
1
 10
4441.562500
 20
572.467194
 40
10.000000
 50
0.000000
  1
Material: 净
  0
TEXT
  8
1
 10
4441.562500
 20
572.467194
 40
10.000000
 50
0.000000
  1
Category: 21
0
ENDBLK
0
BLOCK
  8
1
  2
26SMC-WP130M 展_腿袋贴布_175/84
 70
0
 10
0.0
 20
0.0
  0
POLYLINE
  8
1
  66
1
  70
1
  0
VERTEX
  8
1
  10
3468.406067
  20
557.489128
  0
VERTEX
  8
1
  10
3468.406067
  20
678.045502
  0
VERTEX
  8
1
  10
3489.849854
  20
699.489136
  0
VERTEX
  8
1
  10
3663.962402
  20
699.489136
  0
VERTEX
  8
1
  10
3685.406189
  20
678.045502
  0
VERTEX
  8
1
  10
3685.406189
  20
557.489128
  0
SEQEND
  8
1
  0
POINT
  8
2
 10
3468.406067
 20
557.489128
  0
TEXT
  8
2
 10
3468.406067
 20
557.489128
 40
0.000000
 50
0.000000
  1
# 543
  0
POINT
  8
2
 10
3468.406067
 20
678.045502
  0
TEXT
  8
2
 10
3468.406067
 20
678.045502
 40
0.000000
 50
0.000000
  1
# 544
  0
POINT
  8
2
 10
3489.849854
 20
699.489136
  0
TEXT
  8
2
 10
3489.849854
 20
699.489136
 40
0.000000
 50
0.000000
  1
# 545
  0
POINT
  8
2
 10
3663.962402
 20
699.489136
  0
TEXT
  8
2
 10
3663.962402
 20
699.489136
 40
0.000000
 50
0.000000
  1
# 546
  0
POINT
  8
2
 10
3685.406189
 20
678.045502
  0
TEXT
  8
2
 10
3685.406189
 20
678.045502
 40
0.000000
 50
0.000000
  1
# 547
  0
POINT
  8
2
 10
3685.406189
 20
557.489128
  0
TEXT
  8
2
 10
3685.406189
 20
557.489128
 40
0.000000
 50
0.000000
  1
# 548
  0
POLYLINE
  8
14
  66
1
  70
1
  0
VERTEX
  8
14
  10
3479.406128
  20
568.489113
  0
VERTEX
  8
14
  10
3479.406128
  20
673.489151
  0
VERTEX
  8
14
  10
3494.406128
  20
688.489151
  0
VERTEX
  8
14
  10
3659.406128
  20
688.489151
  0
VERTEX
  8
14
  10
3674.406128
  20
673.489151
  0
VERTEX
  8
14
  10
3674.406128
  20
568.489113
  0
SEQEND
  8
14
  0
POINT
  8
2
 10
3479.406128
 20
568.489113
  0
TEXT
  8
2
 10
3479.406128
 20
568.489113
 40
0.000000
 50
0.000000
  1
# 549
  0
POINT
  8
2
 10
3479.406128
 20
673.489151
  0
TEXT
  8
2
 10
3479.406128
 20
673.489151
 40
0.000000
 50
0.000000
  1
# 550
  0
POINT
  8
2
 10
3494.406128
 20
688.489151
  0
TEXT
  8
2
 10
3494.406128
 20
688.489151
 40
0.000000
 50
0.000000
  1
# 551
  0
POINT
  8
2
 10
3659.406128
 20
688.489151
  0
TEXT
  8
2
 10
3659.406128
 20
688.489151
 40
0.000000
 50
0.000000
  1
# 552
  0
POINT
  8
2
 10
3674.406128
 20
673.489151
  0
TEXT
  8
2
 10
3674.406128
 20
673.489151
 40
0.000000
 50
0.000000
  1
# 553
  0
POINT
  8
2
 10
3674.406128
 20
568.489113
  0
TEXT
  8
2
 10
3674.406128
 20
568.489113
 40
0.000000
 50
0.000000
  1
# 554
  0
POLYLINE
  8
8
  66
1
  70
0
  0
VERTEX
  8
8
  10
3504.406128
  20
673.489151
  0
VERTEX
  8
8
  10
3504.406128
  20
661.489105
  0
SEQEND
  8
8
  0
POINT
  8
2
 10
3504.406128
 20
673.489151
  0
TEXT
  8
2
 10
3504.406128
 20
673.489151
 40
0.000000
 50
0.000000
  1
# 555
  0
POINT
  8
2
 10
3504.406128
 20
661.489105
  0
TEXT
  8
2
 10
3504.406128
 20
661.489105
 40
0.000000
 50
0.000000
  1
# 556
  0
POLYLINE
  8
8
  66
1
  70
0
  0
VERTEX
  8
8
  10
3504.406128
  20
673.489151
  0
VERTEX
  8
8
  10
3514.703261
  20
673.489151
  0
VERTEX
  8
8
  10
3524.987251
  20
673.489151
  0
VERTEX
  8
8
  10
3535.207639
  20
673.489151
  0
VERTEX
  8
8
  10
3545.381456
  20
673.489151
  0
VERTEX
  8
8
  10
3555.424066
  20
673.489151
  0
VERTEX
  8
8
  10
3565.466665
  20
673.489151
  0
VERTEX
  8
8
  10
3575.565946
  20
673.489151
  0
VERTEX
  8
8
  10
3585.608535
  20
673.489151
  0
VERTEX
  8
8
  10
3595.651135
  20
673.489151
  0
VERTEX
  8
8
  10
3605.811589
  20
673.489151
  0
VERTEX
  8
8
  10
3615.854203
  20
673.489151
  0
VERTEX
  8
8
  10
3625.896819
  20
673.489151
  0
VERTEX
  8
8
  10
3636.117577
  20
673.489151
  0
VERTEX
  8
8
  10
3646.099474
  20
673.489151
  0
VERTEX
  8
8
  10
3649.406128
  20
673.489151
  0
SEQEND
  8
8
  0
POINT
  8
2
 10
3504.406128
 20
673.489151
  0
TEXT
  8
2
 10
3504.406128
 20
673.489151
 40
0.000000
 50
0.000000
  1
# 557
  0
POINT
  8
2
 10
3649.406128
 20
673.489151
  0
TEXT
  8
2
 10
3649.406128
 20
673.489151
 40
0.000000
 50
0.000000
  1
# 558
  0
POINT
  8
3
 10
3514.703261
 20
673.489151
  0
POINT
  8
3
 10
3524.987251
 20
673.489151
  0
POINT
  8
3
 10
3535.207639
 20
673.489151
  0
POINT
  8
3
 10
3545.381456
 20
673.489151
  0
POINT
  8
3
 10
3555.424066
 20
673.489151
  0
POINT
  8
3
 10
3565.466665
 20
673.489151
  0
POINT
  8
3
 10
3575.565946
 20
673.489151
  0
POINT
  8
3
 10
3585.608535
 20
673.489151
  0
POINT
  8
3
 10
3595.651135
 20
673.489151
  0
POINT
  8
3
 10
3605.811589
 20
673.489151
  0
POINT
  8
3
 10
3615.854203
 20
673.489151
  0
POINT
  8
3
 10
3625.896819
 20
673.489151
  0
POINT
  8
3
 10
3636.117577
 20
673.489151
  0
POINT
  8
3
 10
3646.099474
 20
673.489151
  0
POLYLINE
  8
8
  66
1
  70
0
  0
VERTEX
  8
8
  10
3649.406128
  20
673.489151
  0
VERTEX
  8
8
  10
3649.406128
  20
661.489105
  0
SEQEND
  8
8
  0
POINT
  8
2
 10
3649.406128
 20
673.489151
  0
TEXT
  8
2
 10
3649.406128
 20
673.489151
 40
0.000000
 50
0.000000
  1
# 559
  0
POINT
  8
2
 10
3649.406128
 20
661.489105
  0
TEXT
  8
2
 10
3649.406128
 20
661.489105
 40
0.000000
 50
0.000000
  1
# 560
  0
POLYLINE
  8
8
  66
1
  70
0
  0
VERTEX
  8
8
  10
3504.406128
  20
661.489105
  0
VERTEX
  8
8
  10
3514.703261
  20
661.489105
  0
VERTEX
  8
8
  10
3524.987251
  20
661.489105
  0
VERTEX
  8
8
  10
3535.207639
  20
661.489105
  0
VERTEX
  8
8
  10
3545.381456
  20
661.489105
  0
VERTEX
  8
8
  10
3555.424066
  20
661.489105
  0
VERTEX
  8
8
  10
3565.466665
  20
661.489105
  0
VERTEX
  8
8
  10
3575.565946
  20
661.489105
  0
VERTEX
  8
8
  10
3585.608535
  20
661.489105
  0
VERTEX
  8
8
  10
3595.651135
  20
661.489105
  0
VERTEX
  8
8
  10
3605.811589
  20
661.489105
  0
VERTEX
  8
8
  10
3615.854203
  20
661.489105
  0
VERTEX
  8
8
  10
3625.896819
  20
661.489105
  0
VERTEX
  8
8
  10
3636.117577
  20
661.489105
  0
VERTEX
  8
8
  10
3646.099474
  20
661.489105
  0
VERTEX
  8
8
  10
3649.406128
  20
661.489105
  0
SEQEND
  8
8
  0
POINT
  8
2
 10
3504.406128
 20
661.489105
  0
TEXT
  8
2
 10
3504.406128
 20
661.489105
 40
0.000000
 50
0.000000
  1
# 561
  0
POINT
  8
2
 10
3649.406128
 20
661.489105
  0
TEXT
  8
2
 10
3649.406128
 20
661.489105
 40
0.000000
 50
0.000000
  1
# 562
  0
POINT
  8
3
 10
3514.703261
 20
661.489105
  0
POINT
  8
3
 10
3524.987251
 20
661.489105
  0
POINT
  8
3
 10
3535.207639
 20
661.489105
  0
POINT
  8
3
 10
3545.381456
 20
661.489105
  0
POINT
  8
3
 10
3555.424066
 20
661.489105
  0
POINT
  8
3
 10
3565.466665
 20
661.489105
  0
POINT
  8
3
 10
3575.565946
 20
661.489105
  0
POINT
  8
3
 10
3585.608535
 20
661.489105
  0
POINT
  8
3
 10
3595.651135
 20
661.489105
  0
POINT
  8
3
 10
3605.811589
 20
661.489105
  0
POINT
  8
3
 10
3615.854203
 20
661.489105
  0
POINT
  8
3
 10
3625.896819
 20
661.489105
  0
POINT
  8
3
 10
3636.117577
 20
661.489105
  0
POINT
  8
3
 10
3646.099474
 20
661.489105
 0
LINE
 8
7
 10
3572.733459
 20
639.816093
 11
3572.733459
 21
576.927528
  0
TEXT
  8
1
 10
3576.906128
 20
628.489132
 40
10.000000
 50
0.000000
  1
Piece Name: 26SMC-WP130M 展_腿袋贴布_175/84
  0
TEXT
  8
1
 10
3576.906128
 20
643.489132
 40
10.000000
 50
0.000000
  1
Size: 175/84
  0
TEXT
  8
1
 10
3576.906128
 20
658.489132
 40
10.000000
 50
0.000000
  1
Annotation: 
  0
TEXT
  8
1
 10
3576.906128
 20
673.489132
 40
10.000000
 50
0.000000
  1
Quantity: 1,1
  0
TEXT
  8
1
 10
3576.906128
 20
688.489132
 40
10.000000
 50
0.000000
  1
Material: 面
  0
TEXT
  8
1
 10
3576.906128
 20
688.489132
 40
10.000000
 50
0.000000
  1
Category: 22
0
ENDBLK
0
BLOCK
  8
1
  2
26SMC-WP130M 展_腿袋定_175/84
 70
0
 10
0.0
 20
0.0
  0
POLYLINE
  8
1
  66
1
  70
1
  0
VERTEX
  8
1
  10
4637.356567
  20
493.383865
  0
VERTEX
  8
1
  10
4637.356567
  20
586.383743
  0
VERTEX
  8
1
  10
4622.356567
  20
586.383743
  0
VERTEX
  8
1
  10
4622.356567
  20
691.383743
  0
VERTEX
  8
1
  10
4637.356567
  20
706.383743
  0
VERTEX
  8
1
  10
4647.903442
  20
706.383743
  0
VERTEX
  8
1
  10
4658.221130
  20
706.383743
  0
VERTEX
  8
1
  10
4668.472290
  20
706.383743
  0
VERTEX
  8
1
  10
4678.952026
  20
706.383743
  0
VERTEX
  8
1
  10
4689.200745
  20
706.383743
  0
VERTEX
  8
1
  10
4699.255981
  20
706.383743
  0
VERTEX
  8
1
  10
4704.856567
  20
706.383743
  0
VERTEX
  8
1
  10
4704.856567
  20
717.512970
  0
VERTEX
  8
1
  10
4704.856567
  20
728.536377
  0
VERTEX
  8
1
  10
4704.856567
  20
738.727493
  0
VERTEX
  8
1
  10
4704.856567
  20
748.939743
  0
VERTEX
  8
1
  10
4704.856567
  20
760.050430
  0
VERTEX
  8
1
  10
4704.856567
  20
770.368042
  0
VERTEX
  8
1
  10
4704.856567
  20
781.115570
  0
VERTEX
  8
1
  10
4704.856567
  20
792.172546
  0
VERTEX
  8
1
  10
4704.856567
  20
803.418808
  0
VERTEX
  8
1
  10
4704.856567
  20
814.733810
  0
VERTEX
  8
1
  10
4704.856567
  20
825.997162
  0
VERTEX
  8
1
  10
4704.856567
  20
837.088623
  0
VERTEX
  8
1
  10
4704.856567
  20
847.887726
  0
VERTEX
  8
1
  10
4704.856567
  20
858.274078
  0
VERTEX
  8
1
  10
4704.856567
  20
869.484482
  0
VERTEX
  8
1
  10
4704.856567
  20
879.818878
  0
VERTEX
  8
1
  10
4704.856567
  20
890.174179
  0
VERTEX
  8
1
  10
4704.856567
  20
900.643158
  0
VERTEX
  8
1
  10
4704.856567
  20
910.665436
  0
VERTEX
  8
1
  10
4704.856567
  20
913.383865
  0
VERTEX
  8
1
  10
4715.236511
  20
913.383865
  0
VERTEX
  8
1
  10
4719.857178
  20
913.383865
  0
VERTEX
  8
1
  10
4725.365295
  20
913.383865
  0
VERTEX
  8
1
  10
4734.856567
  20
913.383865
  0
VERTEX
  8
1
  10
4734.856567
  20
910.665436
  0
VERTEX
  8
1
  10
4734.856567
  20
900.643158
  0
VERTEX
  8
1
  10
4734.856567
  20
890.174179
  0
VERTEX
  8
1
  10
4734.856567
  20
879.818878
  0
VERTEX
  8
1
  10
4734.856567
  20
869.484482
  0
VERTEX
  8
1
  10
4734.856567
  20
858.274078
  0
VERTEX
  8
1
  10
4734.856567
  20
847.887726
  0
VERTEX
  8
1
  10
4734.856567
  20
837.088623
  0
VERTEX
  8
1
  10
4734.856567
  20
825.997162
  0
VERTEX
  8
1
  10
4734.856567
  20
814.733810
  0
VERTEX
  8
1
  10
4734.856567
  20
803.418808
  0
VERTEX
  8
1
  10
4734.856567
  20
792.172546
  0
VERTEX
  8
1
  10
4734.856567
  20
781.115570
  0
VERTEX
  8
1
  10
4734.856567
  20
770.368042
  0
VERTEX
  8
1
  10
4734.856567
  20
760.050430
  0
VERTEX
  8
1
  10
4734.856567
  20
748.939743
  0
VERTEX
  8
1
  10
4734.856567
  20
738.727493
  0
VERTEX
  8
1
  10
4734.856567
  20
728.536377
  0
VERTEX
  8
1
  10
4734.856567
  20
717.512970
  0
VERTEX
  8
1
  10
4734.856567
  20
706.383743
  0
VERTEX
  8
1
  10
4802.356567
  20
706.383743
  0
VERTEX
  8
1
  10
4817.356567
  20
691.383743
  0
VERTEX
  8
1
  10
4817.356567
  20
586.383743
  0
VERTEX
  8
1
  10
4802.356567
  20
586.383743
  0
VERTEX
  8
1
  10
4802.356567
  20
493.383865
  0
VERTEX
  8
1
  10
4719.856567
  20
458.383865
  0
SEQEND
  8
1
  0
POINT
  8
2
 10
4637.356567
 20
493.383865
  0
TEXT
  8
2
 10
4637.356567
 20
493.383865
 40
0.000000
 50
0.000000
  1
# 563
  0
POINT
  8
2
 10
4637.356567
 20
586.383743
  0
TEXT
  8
2
 10
4637.356567
 20
586.383743
 40
0.000000
 50
0.000000
  1
# 564
  0
POINT
  8
2
 10
4622.356567
 20
586.383743
  0
TEXT
  8
2
 10
4622.356567
 20
586.383743
 40
0.000000
 50
0.000000
  1
# 565
  0
POINT
  8
2
 10
4622.356567
 20
691.383743
  0
TEXT
  8
2
 10
4622.356567
 20
691.383743
 40
0.000000
 50
0.000000
  1
# 566
  0
POINT
  8
2
 10
4637.356567
 20
706.383743
  0
TEXT
  8
2
 10
4637.356567
 20
706.383743
 40
0.000000
 50
0.000000
  1
# 567
  0
POINT
  8
2
 10
4704.856567
 20
706.383743
  0
TEXT
  8
2
 10
4704.856567
 20
706.383743
 40
0.000000
 50
0.000000
  1
# 568
  0
POINT
  8
2
 10
4704.856567
 20
913.383865
  0
TEXT
  8
2
 10
4704.856567
 20
913.383865
 40
0.000000
 50
0.000000
  1
# 569
  0
POINT
  8
2
 10
4734.856567
 20
913.383865
  0
TEXT
  8
2
 10
4734.856567
 20
913.383865
 40
0.000000
 50
0.000000
  1
# 570
  0
POINT
  8
2
 10
4734.856567
 20
706.383743
  0
TEXT
  8
2
 10
4734.856567
 20
706.383743
 40
0.000000
 50
0.000000
  1
# 571
  0
POINT
  8
2
 10
4802.356567
 20
706.383743
  0
TEXT
  8
2
 10
4802.356567
 20
706.383743
 40
0.000000
 50
0.000000
  1
# 572
  0
POINT
  8
2
 10
4817.356567
 20
691.383743
  0
TEXT
  8
2
 10
4817.356567
 20
691.383743
 40
0.000000
 50
0.000000
  1
# 573
  0
POINT
  8
2
 10
4817.356567
 20
586.383743
  0
TEXT
  8
2
 10
4817.356567
 20
586.383743
 40
0.000000
 50
0.000000
  1
# 574
  0
POINT
  8
2
 10
4802.356567
 20
586.383743
  0
TEXT
  8
2
 10
4802.356567
 20
586.383743
 40
0.000000
 50
0.000000
  1
# 575
  0
POINT
  8
2
 10
4802.356567
 20
493.383865
  0
TEXT
  8
2
 10
4802.356567
 20
493.383865
 40
0.000000
 50
0.000000
  1
# 576
  0
POINT
  8
2
 10
4719.856567
 20
458.383865
  0
TEXT
  8
2
 10
4719.856567
 20
458.383865
 40
0.000000
 50
0.000000
  1
# 577
  0
POINT
  8
3
 10
4647.903442
 20
706.383743
  0
POINT
  8
3
 10
4658.221130
 20
706.383743
  0
POINT
  8
3
 10
4668.472290
 20
706.383743
  0
POINT
  8
3
 10
4678.952026
 20
706.383743
  0
POINT
  8
3
 10
4689.200745
 20
706.383743
  0
POINT
  8
3
 10
4699.255981
 20
706.383743
  0
POINT
  8
3
 10
4704.856567
 20
717.512970
  0
POINT
  8
3
 10
4704.856567
 20
728.536377
  0
POINT
  8
3
 10
4704.856567
 20
738.727493
  0
POINT
  8
3
 10
4704.856567
 20
748.939743
  0
POINT
  8
3
 10
4704.856567
 20
760.050430
  0
POINT
  8
3
 10
4704.856567
 20
770.368042
  0
POINT
  8
3
 10
4704.856567
 20
781.115570
  0
POINT
  8
3
 10
4704.856567
 20
792.172546
  0
POINT
  8
3
 10
4704.856567
 20
803.418808
  0
POINT
  8
3
 10
4704.856567
 20
814.733810
  0
POINT
  8
3
 10
4704.856567
 20
825.997162
  0
POINT
  8
3
 10
4704.856567
 20
837.088623
  0
POINT
  8
3
 10
4704.856567
 20
847.887726
  0
POINT
  8
3
 10
4704.856567
 20
858.274078
  0
POINT
  8
3
 10
4704.856567
 20
869.484482
  0
POINT
  8
3
 10
4704.856567
 20
879.818878
  0
POINT
  8
3
 10
4704.856567
 20
890.174179
  0
POINT
  8
3
 10
4704.856567
 20
900.643158
  0
POINT
  8
3
 10
4704.856567
 20
910.665436
  0
POINT
  8
3
 10
4715.236511
 20
913.383865
  0
POINT
  8
3
 10
4719.857178
 20
913.383865
  0
POINT
  8
3
 10
4725.365295
 20
913.383865
  0
POINT
  8
3
 10
4734.856567
 20
910.665436
  0
POINT
  8
3
 10
4734.856567
 20
900.643158
  0
POINT
  8
3
 10
4734.856567
 20
890.174179
  0
POINT
  8
3
 10
4734.856567
 20
879.818878
  0
POINT
  8
3
 10
4734.856567
 20
869.484482
  0
POINT
  8
3
 10
4734.856567
 20
858.274078
  0
POINT
  8
3
 10
4734.856567
 20
847.887726
  0
POINT
  8
3
 10
4734.856567
 20
837.088623
  0
POINT
  8
3
 10
4734.856567
 20
825.997162
  0
POINT
  8
3
 10
4734.856567
 20
814.733810
  0
POINT
  8
3
 10
4734.856567
 20
803.418808
  0
POINT
  8
3
 10
4734.856567
 20
792.172546
  0
POINT
  8
3
 10
4734.856567
 20
781.115570
  0
POINT
  8
3
 10
4734.856567
 20
770.368042
  0
POINT
  8
3
 10
4734.856567
 20
760.050430
  0
POINT
  8
3
 10
4734.856567
 20
748.939743
  0
POINT
  8
3
 10
4734.856567
 20
738.727493
  0
POINT
  8
3
 10
4734.856567
 20
728.536377
  0
POINT
  8
3
 10
4734.856567
 20
717.512970
  0
POINT
  8
4
 10
4719.857178
 20
913.383865
 30
1.000000
 50
270.00
  0
TEXT
  8
4
 10
4719.857178
 20
913.383865
 40
0.000000
 50
0.000000
  1
# 578
  0
POLYLINE
  8
8
  66
1
  70
0
  0
VERTEX
  8
8
  10
4649.856567
  20
598.383865
  0
VERTEX
  8
8
  10
4637.356567
  20
610.883865
  0
SEQEND
  8
8
  0
POINT
  8
2
 10
4649.856567
 20
598.383865
  0
TEXT
  8
2
 10
4649.856567
 20
598.383865
 40
0.000000
 50
0.000000
  1
# 579
  0
POINT
  8
2
 10
4637.356567
 20
610.883865
  0
TEXT
  8
2
 10
4637.356567
 20
610.883865
 40
0.000000
 50
0.000000
  1
# 580
  0
POLYLINE
  8
8
  66
1
  70
0
  0
VERTEX
  8
8
  10
4637.356567
  20
610.883865
  0
VERTEX
  8
8
  10
4637.356567
  20
653.383865
  0
SEQEND
  8
8
  0
POINT
  8
2
 10
4637.356567
 20
610.883865
  0
TEXT
  8
2
 10
4637.356567
 20
610.883865
 40
0.000000
 50
0.000000
  1
# 581
  0
POINT
  8
2
 10
4637.356567
 20
653.383865
  0
TEXT
  8
2
 10
4637.356567
 20
653.383865
 40
0.000000
 50
0.000000
  1
# 582
  0
POLYLINE
  8
8
  66
1
  70
0
  0
VERTEX
  8
8
  10
4637.356567
  20
653.383865
  0
VERTEX
  8
8
  10
4802.356567
  20
653.383865
  0
SEQEND
  8
8
  0
POINT
  8
2
 10
4637.356567
 20
653.383865
  0
TEXT
  8
2
 10
4637.356567
 20
653.383865
 40
0.000000
 50
0.000000
  1
# 583
  0
POINT
  8
2
 10
4802.356567
 20
653.383865
  0
TEXT
  8
2
 10
4802.356567
 20
653.383865
 40
0.000000
 50
0.000000
  1
# 584
  0
POLYLINE
  8
8
  66
1
  70
0
  0
VERTEX
  8
8
  10
4802.356567
  20
653.383865
  0
VERTEX
  8
8
  10
4802.356567
  20
610.883865
  0
SEQEND
  8
8
  0
POINT
  8
2
 10
4802.356567
 20
653.383865
  0
TEXT
  8
2
 10
4802.356567
 20
653.383865
 40
0.000000
 50
0.000000
  1
# 585
  0
POINT
  8
2
 10
4802.356567
 20
610.883865
  0
TEXT
  8
2
 10
4802.356567
 20
610.883865
 40
0.000000
 50
0.000000
  1
# 586
  0
POLYLINE
  8
8
  66
1
  70
0
  0
VERTEX
  8
8
  10
4802.356567
  20
610.883865
  0
VERTEX
  8
8
  10
4789.856567
  20
598.383865
  0
SEQEND
  8
8
  0
POINT
  8
2
 10
4802.356567
 20
610.883865
  0
TEXT
  8
2
 10
4802.356567
 20
610.883865
 40
0.000000
 50
0.000000
  1
# 587
  0
POINT
  8
2
 10
4789.856567
 20
598.383865
  0
TEXT
  8
2
 10
4789.856567
 20
598.383865
 40
0.000000
 50
0.000000
  1
# 588
  0
POLYLINE
  8
8
  66
1
  70
0
  0
VERTEX
  8
8
  10
4789.856567
  20
598.383865
  0
VERTEX
  8
8
  10
4649.856567
  20
598.383865
  0
SEQEND
  8
8
  0
POINT
  8
2
 10
4789.856567
 20
598.383865
  0
TEXT
  8
2
 10
4789.856567
 20
598.383865
 40
0.000000
 50
0.000000
  1
# 589
  0
POINT
  8
2
 10
4649.856567
 20
598.383865
  0
TEXT
  8
2
 10
4649.856567
 20
598.383865
 40
0.000000
 50
0.000000
  1
# 590
  0
POLYLINE
  8
8
  66
1
  70
0
  0
VERTEX
  8
8
  10
4802.356567
  20
586.383743
  0
VERTEX
  8
8
  10
4637.356567
  20
586.383743
  0
SEQEND
  8
8
  0
POINT
  8
2
 10
4802.356567
 20
586.383743
  0
TEXT
  8
2
 10
4802.356567
 20
586.383743
 40
0.000000
 50
0.000000
  1
# 591
  0
POINT
  8
2
 10
4637.356567
 20
586.383743
  0
TEXT
  8
2
 10
4637.356567
 20
586.383743
 40
0.000000
 50
0.000000
  1
# 592
  0
POLYLINE
  8
8
  66
1
  70
0
  0
VERTEX
  8
8
  10
4637.356567
  20
586.383743
  0
VERTEX
  8
8
  10
4637.356567
  20
610.883865
  0
SEQEND
  8
8
  0
POINT
  8
2
 10
4637.356567
 20
586.383743
  0
TEXT
  8
2
 10
4637.356567
 20
586.383743
 40
0.000000
 50
0.000000
  1
# 593
  0
POINT
  8
2
 10
4637.356567
 20
610.883865
  0
TEXT
  8
2
 10
4637.356567
 20
610.883865
 40
0.000000
 50
0.000000
  1
# 594
  0
POLYLINE
  8
8
  66
1
  70
0
  0
VERTEX
  8
8
  10
4637.356567
  20
610.883865
  0
VERTEX
  8
8
  10
4634.856567
  20
613.383865
  0
SEQEND
  8
8
  0
POINT
  8
2
 10
4637.356567
 20
610.883865
  0
TEXT
  8
2
 10
4637.356567
 20
610.883865
 40
0.000000
 50
0.000000
  1
# 595
  0
POINT
  8
2
 10
4634.856567
 20
613.383865
  0
TEXT
  8
2
 10
4634.856567
 20
613.383865
 40
0.000000
 50
0.000000
  1
# 596
  0
POLYLINE
  8
8
  66
1
  70
0
  0
VERTEX
  8
8
  10
4634.856567
  20
613.383865
  0
VERTEX
  8
8
  10
4634.856567
  20
668.383865
  0
SEQEND
  8
8
  0
POINT
  8
2
 10
4634.856567
 20
613.383865
  0
TEXT
  8
2
 10
4634.856567
 20
613.383865
 40
0.000000
 50
0.000000
  1
# 597
  0
POINT
  8
2
 10
4634.856567
 20
668.383865
  0
TEXT
  8
2
 10
4634.856567
 20
668.383865
 40
0.000000
 50
0.000000
  1
# 598
  0
POLYLINE
  8
8
  66
1
  70
0
  0
VERTEX
  8
8
  10
4634.856567
  20
668.383865
  0
VERTEX
  8
8
  10
4704.856567
  20
668.383865
  0
SEQEND
  8
8
  0
POINT
  8
2
 10
4634.856567
 20
668.383865
  0
TEXT
  8
2
 10
4634.856567
 20
668.383865
 40
0.000000
 50
0.000000
  1
# 599
  0
POINT
  8
2
 10
4704.856567
 20
668.383865
  0
TEXT
  8
2
 10
4704.856567
 20
668.383865
 40
0.000000
 50
0.000000
  1
# 600
  0
POLYLINE
  8
8
  66
1
  70
0
  0
VERTEX
  8
8
  10
4704.856567
  20
668.383865
  0
VERTEX
  8
8
  10
4704.856567
  20
706.383743
  0
SEQEND
  8
8
  0
POINT
  8
2
 10
4704.856567
 20
668.383865
  0
TEXT
  8
2
 10
4704.856567
 20
668.383865
 40
0.000000
 50
0.000000
  1
# 601
  0
POINT
  8
2
 10
4704.856567
 20
706.383743
  0
TEXT
  8
2
 10
4704.856567
 20
706.383743
 40
0.000000
 50
0.000000
  1
# 602
  0
POLYLINE
  8
8
  66
1
  70
0
  0
VERTEX
  8
8
  10
4704.856567
  20
706.383743
  0
VERTEX
  8
8
  10
4734.856567
  20
706.383743
  0
SEQEND
  8
8
  0
POINT
  8
2
 10
4704.856567
 20
706.383743
  0
TEXT
  8
2
 10
4704.856567
 20
706.383743
 40
0.000000
 50
0.000000
  1
# 603
  0
POINT
  8
2
 10
4734.856567
 20
706.383743
  0
TEXT
  8
2
 10
4734.856567
 20
706.383743
 40
0.000000
 50
0.000000
  1
# 604
  0
POLYLINE
  8
8
  66
1
  70
0
  0
VERTEX
  8
8
  10
4734.856567
  20
668.383865
  0
VERTEX
  8
8
  10
4734.856567
  20
706.383743
  0
SEQEND
  8
8
  0
POINT
  8
2
 10
4734.856567
 20
668.383865
  0
TEXT
  8
2
 10
4734.856567
 20
668.383865
 40
0.000000
 50
0.000000
  1
# 605
  0
POINT
  8
2
 10
4734.856567
 20
706.383743
  0
TEXT
  8
2
 10
4734.856567
 20
706.383743
 40
0.000000
 50
0.000000
  1
# 606
  0
POLYLINE
  8
8
  66
1
  70
0
  0
VERTEX
  8
8
  10
4734.856567
  20
668.383865
  0
VERTEX
  8
8
  10
4804.856567
  20
668.383865
  0
SEQEND
  8
8
  0
POINT
  8
2
 10
4734.856567
 20
668.383865
  0
TEXT
  8
2
 10
4734.856567
 20
668.383865
 40
0.000000
 50
0.000000
  1
# 607
  0
POINT
  8
2
 10
4804.856567
 20
668.383865
  0
TEXT
  8
2
 10
4804.856567
 20
668.383865
 40
0.000000
 50
0.000000
  1
# 608
  0
POLYLINE
  8
8
  66
1
  70
0
  0
VERTEX
  8
8
  10
4804.856567
  20
668.383865
  0
VERTEX
  8
8
  10
4804.856567
  20
613.383865
  0
SEQEND
  8
8
  0
POINT
  8
2
 10
4804.856567
 20
668.383865
  0
TEXT
  8
2
 10
4804.856567
 20
668.383865
 40
0.000000
 50
0.000000
  1
# 609
  0
POINT
  8
2
 10
4804.856567
 20
613.383865
  0
TEXT
  8
2
 10
4804.856567
 20
613.383865
 40
0.000000
 50
0.000000
  1
# 610
  0
POLYLINE
  8
8
  66
1
  70
0
  0
VERTEX
  8
8
  10
4804.856567
  20
613.383865
  0
VERTEX
  8
8
  10
4802.356567
  20
610.883865
  0
SEQEND
  8
8
  0
POINT
  8
2
 10
4804.856567
 20
613.383865
  0
TEXT
  8
2
 10
4804.856567
 20
613.383865
 40
0.000000
 50
0.000000
  1
# 611
  0
POINT
  8
2
 10
4802.356567
 20
610.883865
  0
TEXT
  8
2
 10
4802.356567
 20
610.883865
 40
0.000000
 50
0.000000
  1
# 612
  0
POLYLINE
  8
8
  66
1
  70
0
  0
VERTEX
  8
8
  10
4802.356567
  20
610.883865
  0
VERTEX
  8
8
  10
4802.356567
  20
586.383743
  0
SEQEND
  8
8
  0
POINT
  8
2
 10
4802.356567
 20
610.883865
  0
TEXT
  8
2
 10
4802.356567
 20
610.883865
 40
0.000000
 50
0.000000
  1
# 613
  0
POINT
  8
2
 10
4802.356567
 20
586.383743
  0
TEXT
  8
2
 10
4802.356567
 20
586.383743
 40
0.000000
 50
0.000000
  1
# 614
  0
POLYLINE
  8
8
  66
1
  70
0
  0
VERTEX
  8
8
  10
4677.356567
  20
476.414261
  0
VERTEX
  8
8
  10
4677.356567
  20
653.383865
  0
SEQEND
  8
8
  0
POINT
  8
2
 10
4677.356567
 20
476.414261
  0
TEXT
  8
2
 10
4677.356567
 20
476.414261
 40
0.000000
 50
0.000000
  1
# 615
  0
POINT
  8
2
 10
4677.356567
 20
653.383865
  0
TEXT
  8
2
 10
4677.356567
 20
653.383865
 40
0.000000
 50
0.000000
  1
# 616
  0
POLYLINE
  8
8
  66
1
  70
0
  0
VERTEX
  8
8
  10
4762.356567
  20
476.414261
  0
VERTEX
  8
8
  10
4762.356567
  20
486.929672
  0
VERTEX
  8
8
  10
4762.356567
  20
497.086213
  0
VERTEX
  8
8
  10
4762.356567
  20
507.167930
  0
VERTEX
  8
8
  10
4762.356567
  20
517.289194
  0
VERTEX
  8
8
  10
4762.356567
  20
527.562840
  0
VERTEX
  8
8
  10
4762.356567
  20
537.836488
  0
VERTEX
  8
8
  10
4762.356567
  20
548.130567
  0
VERTEX
  8
8
  10
4762.356567
  20
558.404220
  0
VERTEX
  8
8
  10
4762.356567
  20
568.677872
  0
VERTEX
  8
8
  10
4762.356567
  20
578.968851
  0
VERTEX
  8
8
  10
4762.356567
  20
589.242498
  0
VERTEX
  8
8
  10
4762.356567
  20
599.516153
  0
VERTEX
  8
8
  10
4762.356567
  20
609.780916
  0
VERTEX
  8
8
  10
4762.356567
  20
620.054558
  0
VERTEX
  8
8
  10
4762.356567
  20
630.328212
  0
VERTEX
  8
8
  10
4762.356567
  20
640.487321
  0
VERTEX
  8
8
  10
4762.356567
  20
650.466678
  0
VERTEX
  8
8
  10
4762.356567
  20
653.383865
  0
SEQEND
  8
8
  0
POINT
  8
2
 10
4762.356567
 20
476.414261
  0
TEXT
  8
2
 10
4762.356567
 20
476.414261
 40
0.000000
 50
0.000000
  1
# 617
  0
POINT
  8
2
 10
4762.356567
 20
653.383865
  0
TEXT
  8
2
 10
4762.356567
 20
653.383865
 40
0.000000
 50
0.000000
  1
# 618
  0
POINT
  8
3
 10
4762.356567
 20
486.929672
  0
POINT
  8
3
 10
4762.356567
 20
497.086213
  0
POINT
  8
3
 10
4762.356567
 20
507.167930
  0
POINT
  8
3
 10
4762.356567
 20
517.289194
  0
POINT
  8
3
 10
4762.356567
 20
527.562840
  0
POINT
  8
3
 10
4762.356567
 20
537.836488
  0
POINT
  8
3
 10
4762.356567
 20
548.130567
  0
POINT
  8
3
 10
4762.356567
 20
558.404220
  0
POINT
  8
3
 10
4762.356567
 20
568.677872
  0
POINT
  8
3
 10
4762.356567
 20
578.968851
  0
POINT
  8
3
 10
4762.356567
 20
589.242498
  0
POINT
  8
3
 10
4762.356567
 20
599.516153
  0
POINT
  8
3
 10
4762.356567
 20
609.780916
  0
POINT
  8
3
 10
4762.356567
 20
620.054558
  0
POINT
  8
3
 10
4762.356567
 20
630.328212
  0
POINT
  8
3
 10
4762.356567
 20
640.487321
  0
POINT
  8
3
 10
4762.356567
 20
650.466678
  0
POLYLINE
  8
8
  66
1
  70
0
  0
VERTEX
  8
8
  10
4704.856567
  20
668.383865
  0
VERTEX
  8
8
  10
4734.856567
  20
668.383865
  0
SEQEND
  8
8
  0
POINT
  8
2
 10
4704.856567
 20
668.383865
  0
TEXT
  8
2
 10
4704.856567
 20
668.383865
 40
0.000000
 50
0.000000
  1
# 619
  0
POINT
  8
2
 10
4734.856567
 20
668.383865
  0
TEXT
  8
2
 10
4734.856567
 20
668.383865
 40
0.000000
 50
0.000000
  1
# 620
  0
POLYLINE
  8
8
  66
1
  70
0
  0
VERTEX
  8
8
  10
4647.356567
  20
691.383743
  0
VERTEX
  8
8
  10
4647.356567
  20
679.383698
  0
SEQEND
  8
8
  0
POINT
  8
2
 10
4647.356567
 20
691.383743
  0
TEXT
  8
2
 10
4647.356567
 20
691.383743
 40
0.000000
 50
0.000000
  1
# 621
  0
POINT
  8
2
 10
4647.356567
 20
679.383698
  0
TEXT
  8
2
 10
4647.356567
 20
679.383698
 40
0.000000
 50
0.000000
  1
# 622
  0
POLYLINE
  8
8
  66
1
  70
0
  0
VERTEX
  8
8
  10
4647.356567
  20
691.383743
  0
VERTEX
  8
8
  10
4657.653679
  20
691.383743
  0
VERTEX
  8
8
  10
4667.937652
  20
691.383743
  0
VERTEX
  8
8
  10
4678.158026
  20
691.383743
  0
VERTEX
  8
8
  10
4688.331877
  20
691.383743
  0
VERTEX
  8
8
  10
4698.374477
  20
691.383743
  0
VERTEX
  8
8
  10
4708.417062
  20
691.383743
  0
VERTEX
  8
8
  10
4718.516481
  20
691.383743
  0
VERTEX
  8
8
  10
4728.559051
  20
691.383743
  0
VERTEX
  8
8
  10
4738.601641
  20
691.383743
  0
VERTEX
  8
8
  10
4748.762124
  20
691.383743
  0
VERTEX
  8
8
  10
4758.804729
  20
691.383743
  0
VERTEX
  8
8
  10
4768.847335
  20
691.383743
  0
VERTEX
  8
8
  10
4779.068016
  20
691.383743
  0
VERTEX
  8
8
  10
4789.049914
  20
691.383743
  0
VERTEX
  8
8
  10
4792.356567
  20
691.383743
  0
SEQEND
  8
8
  0
POINT
  8
2
 10
4647.356567
 20
691.383743
  0
TEXT
  8
2
 10
4647.356567
 20
691.383743
 40
0.000000
 50
0.000000
  1
# 623
  0
POINT
  8
2
 10
4792.356567
 20
691.383743
  0
TEXT
  8
2
 10
4792.356567
 20
691.383743
 40
0.000000
 50
0.000000
  1
# 624
  0
POINT
  8
3
 10
4657.653679
 20
691.383743
  0
POINT
  8
3
 10
4667.937652
 20
691.383743
  0
POINT
  8
3
 10
4678.158026
 20
691.383743
  0
POINT
  8
3
 10
4688.331877
 20
691.383743
  0
POINT
  8
3
 10
4698.374477
 20
691.383743
  0
POINT
  8
3
 10
4708.417062
 20
691.383743
  0
POINT
  8
3
 10
4718.516481
 20
691.383743
  0
POINT
  8
3
 10
4728.559051
 20
691.383743
  0
POINT
  8
3
 10
4738.601641
 20
691.383743
  0
POINT
  8
3
 10
4748.762124
 20
691.383743
  0
POINT
  8
3
 10
4758.804729
 20
691.383743
  0
POINT
  8
3
 10
4768.847335
 20
691.383743
  0
POINT
  8
3
 10
4779.068016
 20
691.383743
  0
POINT
  8
3
 10
4789.049914
 20
691.383743
  0
POLYLINE
  8
8
  66
1
  70
0
  0
VERTEX
  8
8
  10
4792.356567
  20
691.383743
  0
VERTEX
  8
8
  10
4792.356567
  20
679.383698
  0
SEQEND
  8
8
  0
POINT
  8
2
 10
4792.356567
 20
691.383743
  0
TEXT
  8
2
 10
4792.356567
 20
691.383743
 40
0.000000
 50
0.000000
  1
# 625
  0
POINT
  8
2
 10
4792.356567
 20
679.383698
  0
TEXT
  8
2
 10
4792.356567
 20
679.383698
 40
0.000000
 50
0.000000
  1
# 626
  0
POLYLINE
  8
8
  66
1
  70
0
  0
VERTEX
  8
8
  10
4647.356567
  20
679.383698
  0
VERTEX
  8
8
  10
4657.653679
  20
679.383698
  0
VERTEX
  8
8
  10
4667.937652
  20
679.383698
  0
VERTEX
  8
8
  10
4678.158026
  20
679.383698
  0
VERTEX
  8
8
  10
4688.331877
  20
679.383698
  0
VERTEX
  8
8
  10
4698.374477
  20
679.383698
  0
VERTEX
  8
8
  10
4708.417062
  20
679.383698
  0
VERTEX
  8
8
  10
4718.516481
  20
679.383698
  0
VERTEX
  8
8
  10
4728.559051
  20
679.383698
  0
VERTEX
  8
8
  10
4738.601641
  20
679.383698
  0
VERTEX
  8
8
  10
4748.762124
  20
679.383698
  0
VERTEX
  8
8
  10
4758.804729
  20
679.383698
  0
VERTEX
  8
8
  10
4768.847335
  20
679.383698
  0
VERTEX
  8
8
  10
4779.068016
  20
679.383698
  0
VERTEX
  8
8
  10
4789.049914
  20
679.383698
  0
VERTEX
  8
8
  10
4792.356567
  20
679.383698
  0
SEQEND
  8
8
  0
POINT
  8
2
 10
4647.356567
 20
679.383698
  0
TEXT
  8
2
 10
4647.356567
 20
679.383698
 40
0.000000
 50
0.000000
  1
# 627
  0
POINT
  8
2
 10
4792.356567
 20
679.383698
  0
TEXT
  8
2
 10
4792.356567
 20
679.383698
 40
0.000000
 50
0.000000
  1
# 628
  0
POINT
  8
3
 10
4657.653679
 20
679.383698
  0
POINT
  8
3
 10
4667.937652
 20
679.383698
  0
POINT
  8
3
 10
4678.158026
 20
679.383698
  0
POINT
  8
3
 10
4688.331877
 20
679.383698
  0
POINT
  8
3
 10
4698.374477
 20
679.383698
  0
POINT
  8
3
 10
4708.417062
 20
679.383698
  0
POINT
  8
3
 10
4718.516481
 20
679.383698
  0
POINT
  8
3
 10
4728.559051
 20
679.383698
  0
POINT
  8
3
 10
4738.601641
 20
679.383698
  0
POINT
  8
3
 10
4748.762124
 20
679.383698
  0
POINT
  8
3
 10
4758.804729
 20
679.383698
  0
POINT
  8
3
 10
4768.847335
 20
679.383698
  0
POINT
  8
3
 10
4779.068016
 20
679.383698
  0
POINT
  8
3
 10
4789.049914
 20
679.383698
 0
LINE
 8
7
 10
4720.186462
 20
787.302322
 11
4720.186462
 21
535.265579
  0
TEXT
  8
1
 10
4719.856567
 20
685.883865
 40
10.000000
 50
0.000000
  1
Piece Name: 26SMC-WP130M 展_腿袋定_175/84
  0
TEXT
  8
1
 10
4719.856567
 20
700.883865
 40
10.000000
 50
0.000000
  1
Size: 175/84
  0
TEXT
  8
1
 10
4719.856567
 20
715.883865
 40
10.000000
 50
0.000000
  1
Annotation: 
  0
TEXT
  8
1
 10
4719.856567
 20
730.883865
 40
10.000000
 50
0.000000
  1
Quantity: 1
  0
TEXT
  8
1
 10
4719.856567
 20
745.883865
 40
10.000000
 50
0.000000
  1
Material: 净
  0
TEXT
  8
1
 10
4719.856567
 20
745.883865
 40
10.000000
 50
0.000000
  1
Category: 23
0
ENDBLK
0
BLOCK
  8
1
  2
26SMC-WP130M 展_腿袋贴布_175/84
 70
0
 10
0.0
 20
0.0
  0
POLYLINE
  8
1
  66
1
  70
1
  0
VERTEX
  8
1
  10
3956.384888
  20
465.561562
  0
VERTEX
  8
1
  10
3956.384888
  20
415.561562
  0
VERTEX
  8
1
  10
3767.384644
  20
415.561562
  0
VERTEX
  8
1
  10
3767.384644
  20
465.561562
  0
SEQEND
  8
1
  0
POINT
  8
2
 10
3956.384888
 20
465.561562
  0
TEXT
  8
2
 10
3956.384888
 20
465.561562
 40
0.000000
 50
0.000000
  1
# 629
  0
POINT
  8
2
 10
3956.384888
 20
415.561562
  0
TEXT
  8
2
 10
3956.384888
 20
415.561562
 40
0.000000
 50
0.000000
  1
# 630
  0
POINT
  8
2
 10
3767.384644
 20
415.561562
  0
TEXT
  8
2
 10
3767.384644
 20
415.561562
 40
0.000000
 50
0.000000
  1
# 631
  0
POINT
  8
2
 10
3767.384644
 20
465.561562
  0
TEXT
  8
2
 10
3767.384644
 20
465.561562
 40
0.000000
 50
0.000000
  1
# 632
  0
POLYLINE
  8
14
  66
1
  70
1
  0
VERTEX
  8
14
  10
3944.384766
  20
455.561562
  0
VERTEX
  8
14
  10
3944.384766
  20
415.561562
  0
VERTEX
  8
14
  10
3779.384766
  20
415.561562
  0
VERTEX
  8
14
  10
3779.384766
  20
455.561562
  0
SEQEND
  8
14
  0
POINT
  8
2
 10
3944.384766
 20
455.561562
  0
TEXT
  8
2
 10
3944.384766
 20
455.561562
 40
0.000000
 50
0.000000
  1
# 633
  0
POINT
  8
2
 10
3944.384766
 20
415.561562
  0
TEXT
  8
2
 10
3944.384766
 20
415.561562
 40
0.000000
 50
0.000000
  1
# 634
  0
POINT
  8
2
 10
3779.384766
 20
415.561562
  0
TEXT
  8
2
 10
3779.384766
 20
415.561562
 40
0.000000
 50
0.000000
  1
# 635
  0
POINT
  8
2
 10
3779.384766
 20
455.561562
  0
TEXT
  8
2
 10
3779.384766
 20
455.561562
 40
0.000000
 50
0.000000
  1
# 636
 0
LINE
 8
7
 10
3859.189758
 20
449.585304
 11
3859.189758
 21
427.961464
  0
TEXT
  8
1
 10
3861.884766
 20
440.561562
 40
10.000000
 50
0.000000
  1
Piece Name: 26SMC-WP130M 展_腿袋贴布_175/84
  0
TEXT
  8
1
 10
3861.884766
 20
455.561562
 40
10.000000
 50
0.000000
  1
Size: 175/84
  0
TEXT
  8
1
 10
3861.884766
 20
470.561562
 40
10.000000
 50
0.000000
  1
Annotation: 
  0
TEXT
  8
1
 10
3861.884766
 20
485.561562
 40
10.000000
 50
0.000000
  1
Quantity: 1,1
  0
TEXT
  8
1
 10
3861.884766
 20
500.561562
 40
10.000000
 50
0.000000
  1
Material: 面
  0
TEXT
  8
1
 10
3861.884766
 20
500.561562
 40
10.000000
 50
0.000000
  1
Category: 24
0
ENDBLK
0
BLOCK
  8
1
  2
26SMC-WP130M 展_腿袋盖_175/84
 70
0
 10
0.0
 20
0.0
  0
POLYLINE
  8
1
  66
1
  70
1
  0
VERTEX
  8
1
  10
4351.660156
  20
739.626083
  0
VERTEX
  8
1
  10
4521.660156
  20
739.626083
  0
VERTEX
  8
1
  10
4521.660156
  20
684.626083
  0
VERTEX
  8
1
  10
4506.660156
  20
669.626083
  0
VERTEX
  8
1
  10
4366.660156
  20
669.626083
  0
VERTEX
  8
1
  10
4351.660156
  20
684.626083
  0
SEQEND
  8
1
  0
POINT
  8
2
 10
4351.660156
 20
739.626083
  0
TEXT
  8
2
 10
4351.660156
 20
739.626083
 40
0.000000
 50
0.000000
  1
# 637
  0
POINT
  8
2
 10
4521.660156
 20
739.626083
  0
TEXT
  8
2
 10
4521.660156
 20
739.626083
 40
0.000000
 50
0.000000
  1
# 638
  0
POINT
  8
2
 10
4521.660156
 20
684.626083
  0
TEXT
  8
2
 10
4521.660156
 20
684.626083
 40
0.000000
 50
0.000000
  1
# 639
  0
POINT
  8
2
 10
4506.660156
 20
669.626083
  0
TEXT
  8
2
 10
4506.660156
 20
669.626083
 40
0.000000
 50
0.000000
  1
# 640
  0
POINT
  8
2
 10
4366.660156
 20
669.626083
  0
TEXT
  8
2
 10
4366.660156
 20
669.626083
 40
0.000000
 50
0.000000
  1
# 641
  0
POINT
  8
2
 10
4351.660156
 20
684.626083
  0
TEXT
  8
2
 10
4351.660156
 20
684.626083
 40
0.000000
 50
0.000000
  1
# 642
 0
LINE
 8
7
 10
4440.703735
 20
724.393234
 11
4440.703735
 21
679.722519
  0
TEXT
  8
1
 10
4436.660156
 20
704.626083
 40
10.000000
 50
0.000000
  1
Piece Name: 26SMC-WP130M 展_腿袋盖_175/84
  0
TEXT
  8
1
 10
4436.660156
 20
719.626083
 40
10.000000
 50
0.000000
  1
Size: 175/84
  0
TEXT
  8
1
 10
4436.660156
 20
734.626083
 40
10.000000
 50
0.000000
  1
Annotation: 
  0
TEXT
  8
1
 10
4436.660156
 20
749.626083
 40
10.000000
 50
0.000000
  1
Quantity: 1
  0
TEXT
  8
1
 10
4436.660156
 20
764.626083
 40
10.000000
 50
0.000000
  1
Material: 净
  0
TEXT
  8
1
 10
4436.660156
 20
764.626083
 40
10.000000
 50
0.000000
  1
Category: 25
0
ENDBLK
0
BLOCK
  8
1
  2
26SMC-WP130M 展_表袋_175/84
 70
0
 10
0.0
 20
0.0
  0
POLYLINE
  8
1
  66
1
  70
1
  0
VERTEX
  8
1
  10
3494.891968
  20
1114.937363
  0
VERTEX
  8
1
  10
3513.103943
  20
1113.240509
  0
VERTEX
  8
1
  10
3523.138733
  20
1112.327118
  0
VERTEX
  8
1
  10
3533.326721
  20
1111.431580
  0
VERTEX
  8
1
  10
3543.444214
  20
1110.584488
  0
VERTEX
  8
1
  10
3553.403015
  20
1109.796829
  0
VERTEX
  8
1
  10
3563.289185
  20
1109.062881
  0
VERTEX
  8
1
  10
3573.353577
  20
1108.363113
  0
VERTEX
  8
1
  10
3583.223267
  20
1107.711105
  0
VERTEX
  8
1
  10
3602.925110
  20
1106.426163
  0
VERTEX
  8
1
  10
3564.811401
  20
940.506744
  0
VERTEX
  8
1
  10
3547.100525
  20
941.813583
  0
VERTEX
  8
1
  10
3537.103882
  20
942.579422
  0
VERTEX
  8
1
  10
3527.047729
  20
943.380432
  0
VERTEX
  8
1
  10
3516.773682
  20
944.236526
  0
VERTEX
  8
1
  10
3506.739502
  20
945.116653
  0
VERTEX
  8
1
  10
3496.158752
  20
946.083221
  0
VERTEX
  8
1
  10
3475.251160
  20
948.060989
  0
VERTEX
  8
1
  10
3475.465393
  20
956.509628
  0
VERTEX
  8
1
  10
3475.581055
  20
961.427155
  0
VERTEX
  8
1
  10
3475.843506
  20
971.008606
  0
VERTEX
  8
1
  10
3476.170349
  20
980.066833
  0
VERTEX
  8
1
  10
3476.530151
  20
987.917328
  0
VERTEX
  8
1
  10
3476.950378
  20
995.312805
  0
VERTEX
  8
1
  10
3477.453613
  20
1002.705383
  0
VERTEX
  8
1
  10
3478.040771
  20
1010.094070
  0
VERTEX
  8
1
  10
3478.702698
  20
1017.370834
  0
VERTEX
  8
1
  10
3479.460754
  20
1024.750595
  0
VERTEX
  8
1
  10
3480.259705
  20
1031.716385
  0
VERTEX
  8
1
  10
3481.142578
  20
1038.676682
  0
VERTEX
  8
1
  10
3482.112732
  20
1045.629807
  0
VERTEX
  8
1
  10
3483.121033
  20
1052.249680
  0
VERTEX
  8
1
  10
3484.321594
  20
1059.513855
  0
VERTEX
  8
1
  10
3485.735779
  20
1067.500916
  0
VERTEX
  8
1
  10
3487.322998
  20
1075.960922
  0
VERTEX
  8
1
  10
3490.061340
  20
1089.969635
  0
SEQEND
  8
1
  0
POINT
  8
2
 10
3494.891968
 20
1114.937363
  0
TEXT
  8
2
 10
3494.891968
 20
1114.937363
 40
0.000000
 50
0.000000
  1
# 643
  0
POINT
  8
2
 10
3602.925110
 20
1106.426163
  0
TEXT
  8
2
 10
3602.925110
 20
1106.426163
 40
0.000000
 50
0.000000
  1
# 644
  0
POINT
  8
2
 10
3564.811401
 20
940.506744
  0
TEXT
  8
2
 10
3564.811401
 20
940.506744
 40
0.000000
 50
0.000000
  1
# 645
  0
POINT
  8
2
 10
3475.251160
 20
948.060989
  0
TEXT
  8
2
 10
3475.251160
 20
948.060989
 40
0.000000
 50
0.000000
  1
# 646
  0
POINT
  8
3
 10
3513.103943
 20
1113.240509
  0
POINT
  8
3
 10
3523.138733
 20
1112.327118
  0
POINT
  8
3
 10
3533.326721
 20
1111.431580
  0
POINT
  8
3
 10
3543.444214
 20
1110.584488
  0
POINT
  8
3
 10
3553.403015
 20
1109.796829
  0
POINT
  8
3
 10
3563.289185
 20
1109.062881
  0
POINT
  8
3
 10
3573.353577
 20
1108.363113
  0
POINT
  8
3
 10
3583.223267
 20
1107.711105
  0
POINT
  8
3
 10
3547.100525
 20
941.813583
  0
POINT
  8
3
 10
3537.103882
 20
942.579422
  0
POINT
  8
3
 10
3527.047729
 20
943.380432
  0
POINT
  8
3
 10
3516.773682
 20
944.236526
  0
POINT
  8
3
 10
3506.739502
 20
945.116653
  0
POINT
  8
3
 10
3496.158752
 20
946.083221
  0
POINT
  8
3
 10
3475.465393
 20
956.509628
  0
POINT
  8
3
 10
3475.581055
 20
961.427155
  0
POINT
  8
3
 10
3475.843506
 20
971.008606
  0
POINT
  8
3
 10
3476.170349
 20
980.066833
  0
POINT
  8
3
 10
3476.530151
 20
987.917328
  0
POINT
  8
3
 10
3476.950378
 20
995.312805
  0
POINT
  8
3
 10
3477.453613
 20
1002.705383
  0
POINT
  8
3
 10
3478.040771
 20
1010.094070
  0
POINT
  8
3
 10
3478.702698
 20
1017.370834
  0
POINT
  8
3
 10
3479.460754
 20
1024.750595
  0
POINT
  8
3
 10
3480.259705
 20
1031.716385
  0
POINT
  8
3
 10
3481.142578
 20
1038.676682
  0
POINT
  8
3
 10
3482.112732
 20
1045.629807
  0
POINT
  8
3
 10
3483.121033
 20
1052.249680
  0
POINT
  8
3
 10
3484.321594
 20
1059.513855
  0
POINT
  8
3
 10
3485.735779
 20
1067.500916
  0
POINT
  8
3
 10
3487.322998
 20
1075.960922
  0
POINT
  8
3
 10
3490.061340
 20
1089.969635
  0
POLYLINE
  8
14
  66
1
  70
1
  0
VERTEX
  8
14
  10
3499.823608
  20
1082.345352
  0
VERTEX
  8
14
  10
3510.161176
  20
1081.376088
  0
VERTEX
  8
14
  10
3520.282698
  20
1080.454813
  0
VERTEX
  8
14
  10
3530.585732
  20
1079.549213
  0
VERTEX
  8
14
  10
3540.846723
  20
1078.690092
  0
VERTEX
  8
14
  10
3550.955600
  20
1077.890539
  0
VERTEX
  8
14
  10
3560.999507
  20
1077.144876
  0
VERTEX
  8
14
  10
3571.194666
  20
1076.436036
  0
VERTEX
  8
14
  10
3581.162871
  20
1075.777520
  0
VERTEX
  8
14
  10
3584.548645
  20
1075.561295
  0
VERTEX
  8
14
  10
3556.204529
  20
952.171707
  0
VERTEX
  8
14
  10
3547.924996
  20
952.782609
  0
VERTEX
  8
14
  10
3537.960085
  20
953.546085
  0
VERTEX
  8
14
  10
3527.939416
  20
954.344226
  0
VERTEX
  8
14
  10
3517.711010
  20
955.196523
  0
VERTEX
  8
14
  10
3507.721764
  20
956.072708
  0
VERTEX
  8
14
  10
3497.176809
  20
957.036024
  0
VERTEX
  8
14
  10
3486.512451
  20
958.044205
  0
VERTEX
  8
14
  10
3486.578195
  20
961.174727
  0
VERTEX
  8
14
  10
3486.837987
  20
970.660202
  0
VERTEX
  8
14
  10
3487.161268
  20
979.617936
  0
VERTEX
  8
14
  10
3487.515671
  20
987.353758
  0
VERTEX
  8
14
  10
3487.929154
  20
994.627511
  0
VERTEX
  8
14
  10
3488.423858
  20
1001.896616
  0
VERTEX
  8
14
  10
3489.000970
  20
1009.160059
  0
VERTEX
  8
14
  10
3489.651489
  20
1016.311638
  0
VERTEX
  8
14
  10
3490.396166
  20
1023.560710
  0
VERTEX
  8
14
  10
3491.180516
  20
1030.398232
  0
VERTEX
  8
14
  10
3492.046576
  20
1037.225483
  0
VERTEX
  8
14
  10
3492.997270
  20
1044.040818
  0
VERTEX
  8
14
  10
3493.984994
  20
1050.524925
  0
VERTEX
  8
14
  10
3495.163803
  20
1057.656509
  0
VERTEX
  8
14
  10
3496.557149
  20
1065.526966
  0
VERTEX
  8
14
  10
3498.124209
  20
1073.879413
  0
SEQEND
  8
14
  0
POINT
  8
2
 10
3499.823608
 20
1082.345352
  0
TEXT
  8
2
 10
3499.823608
 20
1082.345352
 40
0.000000
 50
0.000000
  1
# 647
  0
POINT
  8
2
 10
3584.548645
 20
1075.561295
  0
TEXT
  8
2
 10
3584.548645
 20
1075.561295
 40
0.000000
 50
0.000000
  1
# 648
  0
POINT
  8
2
 10
3556.204529
 20
952.171707
  0
TEXT
  8
2
 10
3556.204529
 20
952.171707
 40
0.000000
 50
0.000000
  1
# 649
  0
POINT
  8
2
 10
3486.512451
 20
958.044205
  0
TEXT
  8
2
 10
3486.512451
 20
958.044205
 40
0.000000
 50
0.000000
  1
# 650
  0
POINT
  8
3
 10
3510.161176
 20
1081.376088
  0
POINT
  8
3
 10
3520.282698
 20
1080.454813
  0
POINT
  8
3
 10
3530.585732
 20
1079.549213
  0
POINT
  8
3
 10
3540.846723
 20
1078.690092
  0
POINT
  8
3
 10
3550.955600
 20
1077.890539
  0
POINT
  8
3
 10
3560.999507
 20
1077.144876
  0
POINT
  8
3
 10
3571.194666
 20
1076.436036
  0
POINT
  8
3
 10
3581.162871
 20
1075.777520
  0
POINT
  8
3
 10
3547.924996
 20
952.782609
  0
POINT
  8
3
 10
3537.960085
 20
953.546085
  0
POINT
  8
3
 10
3527.939416
 20
954.344226
  0
POINT
  8
3
 10
3517.711010
 20
955.196523
  0
POINT
  8
3
 10
3507.721764
 20
956.072708
  0
POINT
  8
3
 10
3497.176809
 20
957.036024
  0
POINT
  8
3
 10
3486.578195
 20
961.174727
  0
POINT
  8
3
 10
3486.837987
 20
970.660202
  0
POINT
  8
3
 10
3487.161268
 20
979.617936
  0
POINT
  8
3
 10
3487.515671
 20
987.353758
  0
POINT
  8
3
 10
3487.929154
 20
994.627511
  0
POINT
  8
3
 10
3488.423858
 20
1001.896616
  0
POINT
  8
3
 10
3489.000970
 20
1009.160059
  0
POINT
  8
3
 10
3489.651489
 20
1016.311638
  0
POINT
  8
3
 10
3490.396166
 20
1023.560710
  0
POINT
  8
3
 10
3491.180516
 20
1030.398232
  0
POINT
  8
3
 10
3492.046576
 20
1037.225483
  0
POINT
  8
3
 10
3492.997270
 20
1044.040818
  0
POINT
  8
3
 10
3493.984994
 20
1050.524925
  0
POINT
  8
3
 10
3495.163803
 20
1057.656509
  0
POINT
  8
3
 10
3496.557149
 20
1065.526966
  0
POINT
  8
3
 10
3498.124209
 20
1073.879413
  0
POLYLINE
  8
8
  66
1
  70
0
  0
VERTEX
  8
8
  10
3496.057129
  20
1062.610703
  0
VERTEX
  8
8
  10
3506.486573
  20
1061.629921
  0
VERTEX
  8
8
  10
3516.871520
  20
1060.680415
  0
VERTEX
  8
8
  10
3526.958571
  20
1059.787859
  0
VERTEX
  8
8
  10
3537.334157
  20
1058.910547
  0
VERTEX
  8
8
  10
3547.329148
  20
1058.110373
  0
VERTEX
  8
8
  10
3557.327785
  20
1057.358097
  0
VERTEX
  8
8
  10
3567.491541
  20
1056.642205
  0
VERTEX
  8
8
  10
3577.341028
  20
1055.983131
  0
VERTEX
  8
8
  10
3580.012817
  20
1055.810089
  0
SEQEND
  8
8
  0
POINT
  8
2
 10
3496.057129
 20
1062.610703
  0
TEXT
  8
2
 10
3496.057129
 20
1062.610703
 40
0.000000
 50
0.000000
  1
# 651
  0
POINT
  8
2
 10
3580.012817
 20
1055.810089
  0
TEXT
  8
2
 10
3580.012817
 20
1055.810089
 40
0.000000
 50
0.000000
  1
# 652
  0
POINT
  8
3
 10
3506.486573
 20
1061.629921
  0
POINT
  8
3
 10
3516.871520
 20
1060.680415
  0
POINT
  8
3
 10
3526.958571
 20
1059.787859
  0
POINT
  8
3
 10
3537.334157
 20
1058.910547
  0
POINT
  8
3
 10
3547.329148
 20
1058.110373
  0
POINT
  8
3
 10
3557.327785
 20
1057.358097
  0
POINT
  8
3
 10
3567.491541
 20
1056.642205
  0
POINT
  8
3
 10
3577.341028
 20
1055.983131
 0
LINE
 8
7
 10
3531.168518
 20
1054.914017
 11
3531.168518
 21
981.573105
  0
TEXT
  8
1
 10
3539.088135
 20
1027.722054
 40
10.000000
 50
0.000000
  1
Piece Name: 26SMC-WP130M 展_表袋_175/84
  0
TEXT
  8
1
 10
3539.088135
 20
1042.722054
 40
10.000000
 50
0.000000
  1
Size: 175/84
  0
TEXT
  8
1
 10
3539.088135
 20
1057.722054
 40
10.000000
 50
0.000000
  1
Annotation: 
  0
TEXT
  8
1
 10
3539.088135
 20
1072.722054
 40
10.000000
 50
0.000000
  1
Quantity: 1
  0
TEXT
  8
1
 10
3539.088135
 20
1087.722054
 40
10.000000
 50
0.000000
  1
Material: 面
  0
TEXT
  8
1
 10
3539.088135
 20
1087.722054
 40
10.000000
 50
0.000000
  1
Category: 26
0
ENDBLK
0
BLOCK
  8
1
  2
26SMC-WP130M 展_后袋盖_175/84
 70
0
 10
0.0
 20
0.0
  0
POLYLINE
  8
1
  66
1
  70
1
  0
VERTEX
  8
1
  10
1620.908203
  20
990.340652
  0
VERTEX
  8
1
  10
1600.050354
  20
1011.198502
  0
VERTEX
  8
1
  10
1600.050354
  20
1070.340652
  0
VERTEX
  8
1
  10
1770.050201
  20
1070.340652
  0
VERTEX
  8
1
  10
1770.050201
  20
1011.198502
  0
VERTEX
  8
1
  10
1749.192352
  20
990.340652
  0
SEQEND
  8
1
  0
POINT
  8
2
 10
1620.908203
 20
990.340652
  0
TEXT
  8
2
 10
1620.908203
 20
990.340652
 40
0.000000
 50
0.000000
  1
# 653
  0
POINT
  8
2
 10
1600.050354
 20
1011.198502
  0
TEXT
  8
2
 10
1600.050354
 20
1011.198502
 40
0.000000
 50
0.000000
  1
# 654
  0
POINT
  8
2
 10
1600.050354
 20
1070.340652
  0
TEXT
  8
2
 10
1600.050354
 20
1070.340652
 40
0.000000
 50
0.000000
  1
# 655
  0
POINT
  8
2
 10
1770.050201
 20
1070.340652
  0
TEXT
  8
2
 10
1770.050201
 20
1070.340652
 40
0.000000
 50
0.000000
  1
# 656
  0
POINT
  8
2
 10
1770.050201
 20
1011.198502
  0
TEXT
  8
2
 10
1770.050201
 20
1011.198502
 40
0.000000
 50
0.000000
  1
# 657
  0
POINT
  8
2
 10
1749.192352
 20
990.340652
  0
TEXT
  8
2
 10
1749.192352
 20
990.340652
 40
0.000000
 50
0.000000
  1
# 658
  0
POLYLINE
  8
14
  66
1
  70
1
  0
VERTEX
  8
14
  10
1625.050354
  20
1000.340652
  0
VERTEX
  8
14
  10
1610.050354
  20
1015.340652
  0
VERTEX
  8
14
  10
1610.050354
  20
1060.340652
  0
VERTEX
  8
14
  10
1760.050201
  20
1060.340652
  0
VERTEX
  8
14
  10
1760.050201
  20
1015.340652
  0
VERTEX
  8
14
  10
1745.050201
  20
1000.340652
  0
SEQEND
  8
14
  0
POINT
  8
2
 10
1625.050354
 20
1000.340652
  0
TEXT
  8
2
 10
1625.050354
 20
1000.340652
 40
0.000000
 50
0.000000
  1
# 659
  0
POINT
  8
2
 10
1610.050354
 20
1015.340652
  0
TEXT
  8
2
 10
1610.050354
 20
1015.340652
 40
0.000000
 50
0.000000
  1
# 660
  0
POINT
  8
2
 10
1610.050354
 20
1060.340652
  0
TEXT
  8
2
 10
1610.050354
 20
1060.340652
 40
0.000000
 50
0.000000
  1
# 661
  0
POINT
  8
2
 10
1760.050201
 20
1060.340652
  0
TEXT
  8
2
 10
1760.050201
 20
1060.340652
 40
0.000000
 50
0.000000
  1
# 662
  0
POINT
  8
2
 10
1760.050201
 20
1015.340652
  0
TEXT
  8
2
 10
1760.050201
 20
1015.340652
 40
0.000000
 50
0.000000
  1
# 663
  0
POINT
  8
2
 10
1745.050201
 20
1000.340652
  0
TEXT
  8
2
 10
1745.050201
 20
1000.340652
 40
0.000000
 50
0.000000
  1
# 664
  0
POLYLINE
  8
8
  66
1
  70
0
  0
VERTEX
  8
8
  10
1617.550354
  20
1007.840652
  0
VERTEX
  8
8
  10
1624.723551
  20
1015.013985
  0
VERTEX
  8
8
  10
1628.156891
  20
1018.447342
  0
SEQEND
  8
8
  0
POINT
  8
2
 10
1617.550354
 20
1007.840652
  0
TEXT
  8
2
 10
1617.550354
 20
1007.840652
 40
0.000000
 50
0.000000
  1
# 665
  0
POINT
  8
2
 10
1628.156891
 20
1018.447342
  0
TEXT
  8
2
 10
1628.156891
 20
1018.447342
 40
0.000000
 50
0.000000
  1
# 666
  0
POINT
  8
3
 10
1624.723551
 20
1015.013985
  0
POLYLINE
  8
8
  66
1
  70
0
  0
VERTEX
  8
8
  10
1752.550201
  20
1007.840652
  0
VERTEX
  8
8
  10
1741.943512
  20
1018.447342
  0
SEQEND
  8
8
  0
POINT
  8
2
 10
1752.550201
 20
1007.840652
  0
TEXT
  8
2
 10
1752.550201
 20
1007.840652
 40
0.000000
 50
0.000000
  1
# 667
  0
POINT
  8
2
 10
1741.943512
 20
1018.447342
  0
TEXT
  8
2
 10
1741.943512
 20
1018.447342
 40
0.000000
 50
0.000000
  1
# 668
  0
POLYLINE
  8
8
  66
1
  70
0
  0
VERTEX
  8
8
  10
1739.355621
  20
1015.859451
  0
VERTEX
  8
8
  10
1744.531708
  20
1021.035538
  0
SEQEND
  8
8
  0
POINT
  8
2
 10
1739.355621
 20
1015.859451
  0
TEXT
  8
2
 10
1739.355621
 20
1015.859451
 40
0.000000
 50
0.000000
  1
# 669
  0
POINT
  8
2
 10
1744.531708
 20
1021.035538
  0
TEXT
  8
2
 10
1744.531708
 20
1021.035538
 40
0.000000
 50
0.000000
  1
# 670
  0
POLYLINE
  8
8
  66
1
  70
0
  0
VERTEX
  8
8
  10
1743.192902
  20
1017.198257
  0
VERTEX
  8
8
  10
1744.209900
  20
1018.215103
  0
SEQEND
  8
8
  0
POINT
  8
2
 10
1743.192902
 20
1017.198257
  0
TEXT
  8
2
 10
1743.192902
 20
1017.198257
 40
0.000000
 50
0.000000
  1
# 671
  0
POINT
  8
2
 10
1744.209900
 20
1018.215103
  0
TEXT
  8
2
 10
1744.209900
 20
1018.215103
 40
0.000000
 50
0.000000
  1
# 672
  0
POLYLINE
  8
8
  66
1
  70
0
  0
VERTEX
  8
8
  10
1744.209900
  20
1018.215103
  0
VERTEX
  8
8
  10
1734.451752
  20
1027.973099
  0
SEQEND
  8
8
  0
POINT
  8
2
 10
1744.209900
 20
1018.215103
  0
TEXT
  8
2
 10
1744.209900
 20
1018.215103
 40
0.000000
 50
0.000000
  1
# 673
  0
POINT
  8
2
 10
1734.451752
 20
1027.973099
  0
TEXT
  8
2
 10
1734.451752
 20
1027.973099
 40
0.000000
 50
0.000000
  1
# 674
  0
POLYLINE
  8
8
  66
1
  70
0
  0
VERTEX
  8
8
  10
1734.451752
  20
1027.973099
  0
VERTEX
  8
8
  10
1733.434753
  20
1026.956253
  0
SEQEND
  8
8
  0
POINT
  8
2
 10
1734.451752
 20
1027.973099
  0
TEXT
  8
2
 10
1734.451752
 20
1027.973099
 40
0.000000
 50
0.000000
  1
# 675
  0
POINT
  8
2
 10
1733.434753
 20
1026.956253
  0
TEXT
  8
2
 10
1733.434753
 20
1026.956253
 40
0.000000
 50
0.000000
  1
# 676
  0
POLYLINE
  8
8
  66
1
  70
0
  0
VERTEX
  8
8
  10
1733.434753
  20
1026.956253
  0
VERTEX
  8
8
  10
1743.192902
  20
1017.198257
  0
SEQEND
  8
8
  0
POINT
  8
2
 10
1733.434753
 20
1026.956253
  0
TEXT
  8
2
 10
1733.434753
 20
1026.956253
 40
0.000000
 50
0.000000
  1
# 677
  0
POINT
  8
2
 10
1743.192902
 20
1017.198257
  0
TEXT
  8
2
 10
1743.192902
 20
1017.198257
 40
0.000000
 50
0.000000
  1
# 678
  0
POLYLINE
  8
8
  66
1
  70
0
  0
VERTEX
  8
8
  10
1743.192902
  20
1017.198257
  0
VERTEX
  8
8
  10
1742.175903
  20
1016.181107
  0
SEQEND
  8
8
  0
POINT
  8
2
 10
1743.192902
 20
1017.198257
  0
TEXT
  8
2
 10
1743.192902
 20
1017.198257
 40
0.000000
 50
0.000000
  1
# 679
  0
POINT
  8
2
 10
1742.175903
 20
1016.181107
  0
TEXT
  8
2
 10
1742.175903
 20
1016.181107
 40
0.000000
 50
0.000000
  1
# 680
  0
POLYLINE
  8
8
  66
1
  70
0
  0
VERTEX
  8
8
  10
1742.175903
  20
1016.181107
  0
VERTEX
  8
8
  10
1732.417908
  20
1025.939407
  0
SEQEND
  8
8
  0
POINT
  8
2
 10
1742.175903
 20
1016.181107
  0
TEXT
  8
2
 10
1742.175903
 20
1016.181107
 40
0.000000
 50
0.000000
  1
# 681
  0
POINT
  8
2
 10
1732.417908
 20
1025.939407
  0
TEXT
  8
2
 10
1732.417908
 20
1025.939407
 40
0.000000
 50
0.000000
  1
# 682
  0
POLYLINE
  8
8
  66
1
  70
0
  0
VERTEX
  8
8
  10
1732.417908
  20
1025.939407
  0
VERTEX
  8
8
  10
1733.434753
  20
1026.956253
  0
SEQEND
  8
8
  0
POINT
  8
2
 10
1732.417908
 20
1025.939407
  0
TEXT
  8
2
 10
1732.417908
 20
1025.939407
 40
0.000000
 50
0.000000
  1
# 683
  0
POINT
  8
2
 10
1733.434753
 20
1026.956253
  0
TEXT
  8
2
 10
1733.434753
 20
1026.956253
 40
0.000000
 50
0.000000
  1
# 684
  0
POLYLINE
  8
8
  66
1
  70
0
  0
VERTEX
  8
8
  10
1625.568848
  20
1021.035538
  0
VERTEX
  8
8
  10
1630.744781
  20
1015.859451
  0
SEQEND
  8
8
  0
POINT
  8
2
 10
1625.568848
 20
1021.035538
  0
TEXT
  8
2
 10
1625.568848
 20
1021.035538
 40
0.000000
 50
0.000000
  1
# 685
  0
POINT
  8
2
 10
1630.744781
 20
1015.859451
  0
TEXT
  8
2
 10
1630.744781
 20
1015.859451
 40
0.000000
 50
0.000000
  1
# 686
  0
POLYLINE
  8
8
  66
1
  70
0
  0
VERTEX
  8
8
  10
1626.907501
  20
1017.198257
  0
VERTEX
  8
8
  10
1627.924500
  20
1016.181412
  0
SEQEND
  8
8
  0
POINT
  8
2
 10
1626.907501
 20
1017.198257
  0
TEXT
  8
2
 10
1626.907501
 20
1017.198257
 40
0.000000
 50
0.000000
  1
# 687
  0
POINT
  8
2
 10
1627.924500
 20
1016.181412
  0
TEXT
  8
2
 10
1627.924500
 20
1016.181412
 40
0.000000
 50
0.000000
  1
# 688
  0
POLYLINE
  8
8
  66
1
  70
0
  0
VERTEX
  8
8
  10
1627.924500
  20
1016.181412
  0
VERTEX
  8
8
  10
1637.682648
  20
1025.939407
  0
SEQEND
  8
8
  0
POINT
  8
2
 10
1627.924500
 20
1016.181412
  0
TEXT
  8
2
 10
1627.924500
 20
1016.181412
 40
0.000000
 50
0.000000
  1
# 689
  0
POINT
  8
2
 10
1637.682648
 20
1025.939407
  0
TEXT
  8
2
 10
1637.682648
 20
1025.939407
 40
0.000000
 50
0.000000
  1
# 690
  0
POLYLINE
  8
8
  66
1
  70
0
  0
VERTEX
  8
8
  10
1637.682648
  20
1025.939407
  0
VERTEX
  8
8
  10
1636.665649
  20
1026.956253
  0
SEQEND
  8
8
  0
POINT
  8
2
 10
1637.682648
 20
1025.939407
  0
TEXT
  8
2
 10
1637.682648
 20
1025.939407
 40
0.000000
 50
0.000000
  1
# 691
  0
POINT
  8
2
 10
1636.665649
 20
1026.956253
  0
TEXT
  8
2
 10
1636.665649
 20
1026.956253
 40
0.000000
 50
0.000000
  1
# 692
  0
POLYLINE
  8
8
  66
1
  70
0
  0
VERTEX
  8
8
  10
1636.665649
  20
1026.956253
  0
VERTEX
  8
8
  10
1626.907501
  20
1017.198257
  0
SEQEND
  8
8
  0
POINT
  8
2
 10
1636.665649
 20
1026.956253
  0
TEXT
  8
2
 10
1636.665649
 20
1026.956253
 40
0.000000
 50
0.000000
  1
# 693
  0
POINT
  8
2
 10
1626.907501
 20
1017.198257
  0
TEXT
  8
2
 10
1626.907501
 20
1017.198257
 40
0.000000
 50
0.000000
  1
# 694
  0
POLYLINE
  8
8
  66
1
  70
0
  0
VERTEX
  8
8
  10
1626.907501
  20
1017.198257
  0
VERTEX
  8
8
  10
1625.890656
  20
1018.215103
  0
SEQEND
  8
8
  0
POINT
  8
2
 10
1626.907501
 20
1017.198257
  0
TEXT
  8
2
 10
1626.907501
 20
1017.198257
 40
0.000000
 50
0.000000
  1
# 695
  0
POINT
  8
2
 10
1625.890656
 20
1018.215103
  0
TEXT
  8
2
 10
1625.890656
 20
1018.215103
 40
0.000000
 50
0.000000
  1
# 696
  0
POLYLINE
  8
8
  66
1
  70
0
  0
VERTEX
  8
8
  10
1625.890656
  20
1018.215103
  0
VERTEX
  8
8
  10
1635.648651
  20
1027.973404
  0
SEQEND
  8
8
  0
POINT
  8
2
 10
1625.890656
 20
1018.215103
  0
TEXT
  8
2
 10
1625.890656
 20
1018.215103
 40
0.000000
 50
0.000000
  1
# 697
  0
POINT
  8
2
 10
1635.648651
 20
1027.973404
  0
TEXT
  8
2
 10
1635.648651
 20
1027.973404
 40
0.000000
 50
0.000000
  1
# 698
  0
POLYLINE
  8
8
  66
1
  70
0
  0
VERTEX
  8
8
  10
1635.648651
  20
1027.973404
  0
VERTEX
  8
8
  10
1636.665649
  20
1026.956253
  0
SEQEND
  8
8
  0
POINT
  8
2
 10
1635.648651
 20
1027.973404
  0
TEXT
  8
2
 10
1635.648651
 20
1027.973404
 40
0.000000
 50
0.000000
  1
# 699
  0
POINT
  8
2
 10
1636.665649
 20
1026.956253
  0
TEXT
  8
2
 10
1636.665649
 20
1026.956253
 40
0.000000
 50
0.000000
  1
# 700
 0
LINE
 8
7
 10
1686.523743
 20
1050.393982
 11
1686.523743
 21
1011.502914
  0
TEXT
  8
1
 10
1685.050278
 20
1030.340652
 40
10.000000
 50
0.000000
  1
Piece Name: 26SMC-WP130M 展_后袋盖_175/84
  0
TEXT
  8
1
 10
1685.050278
 20
1045.340652
 40
10.000000
 50
0.000000
  1
Size: 175/84
  0
TEXT
  8
1
 10
1685.050278
 20
1060.340652
 40
10.000000
 50
0.000000
  1
Annotation: 
  0
TEXT
  8
1
 10
1685.050278
 20
1075.340652
 40
10.000000
 50
0.000000
  1
Quantity: 2,2
  0
TEXT
  8
1
 10
1685.050278
 20
1090.340652
 40
10.000000
 50
0.000000
  1
Material: 面
  0
TEXT
  8
1
 10
1685.050278
 20
1090.340652
 40
10.000000
 50
0.000000
  1
Category: 27
0
ENDBLK
0
BLOCK
  8
1
  2
26SMC-WP130M 展_前下_175/84
 70
0
 10
0.0
 20
0.0
  0
POLYLINE
  8
1
  66
1
  70
1
  0
VERTEX
  8
1
  10
3001.717529
  20
177.776203
  0
VERTEX
  8
1
  10
3009.366760
  20
184.217548
  0
VERTEX
  8
1
  10
3056.988220
  20
127.666912
  0
VERTEX
  8
1
  10
3177.683411
  20
127.666912
  0
VERTEX
  8
1
  10
3225.305176
  20
184.217911
  0
VERTEX
  8
1
  10
3232.954407
  20
177.776546
  0
VERTEX
  8
1
  10
3232.647095
  20
174.152145
  0
VERTEX
  8
1
  10
3232.210083
  20
168.151264
  0
VERTEX
  8
1
  10
3231.878357
  20
162.526207
  0
VERTEX
  8
1
  10
3231.655579
  20
157.468567
  0
VERTEX
  8
1
  10
3231.516724
  20
152.240419
  0
VERTEX
  8
1
  10
3231.445007
  20
145.387678
  0
VERTEX
  8
1
  10
3231.413269
  20
135.051775
  0
VERTEX
  8
1
  10
3231.329956
  20
124.771776
  0
VERTEX
  8
1
  10
3231.206360
  20
114.493256
  0
VERTEX
  8
1
  10
3231.074219
  20
104.160995
  0
VERTEX
  8
1
  10
3230.958557
  20
93.882179
  0
VERTEX
  8
1
  10
3230.855103
  20
83.602924
  0
VERTEX
  8
1
  10
3230.751343
  20
72.980905
  0
VERTEX
  8
1
  10
3230.650024
  20
62.990294
  0
VERTEX
  8
1
  10
3230.542297
  20
52.711186
  0
VERTEX
  8
1
  10
3230.433350
  20
42.432127
  0
VERTEX
  8
1
  10
3230.324707
  20
32.099011
  0
VERTEX
  8
1
  10
3230.217590
  20
21.819880
  0
VERTEX
  8
1
  10
3230.111084
  20
11.540735
  0
VERTEX
  8
1
  10
3230.003662
  20
1.207574
  0
VERTEX
  8
1
  10
3229.896545
  20
-9.071554
  0
VERTEX
  8
1
  10
3229.789429
  20
-19.350677
  0
VERTEX
  8
1
  10
3229.682922
  20
-29.562175
  0
VERTEX
  8
1
  10
3229.575806
  20
-39.841301
  0
VERTEX
  8
1
  10
3229.468994
  20
-50.120430
  0
VERTEX
  8
1
  10
3229.364014
  20
-60.191483
  0
VERTEX
  8
1
  10
3229.256897
  20
-70.470614
  0
VERTEX
  8
1
  10
3229.149780
  20
-80.749741
  0
VERTEX
  8
1
  10
3229.043579
  20
-90.945501
  0
VERTEX
  8
1
  10
3228.936462
  20
-101.224623
  0
VERTEX
  8
1
  10
3228.829346
  20
-111.503754
  0
VERTEX
  8
1
  10
3228.722839
  20
-121.750793
  0
VERTEX
  8
1
  10
3228.615723
  20
-132.029924
  0
VERTEX
  8
1
  10
3228.508606
  20
-142.309055
  0
VERTEX
  8
1
  10
3228.401489
  20
-152.588177
  0
VERTEX
  8
1
  10
3228.296204
  20
-162.692623
  0
VERTEX
  8
1
  10
3228.189087
  20
-172.971745
  0
VERTEX
  8
1
  10
3228.081970
  20
-183.250866
  0
VERTEX
  8
1
  10
3227.976379
  20
-193.400135
  0
VERTEX
  8
1
  10
3227.869263
  20
-203.679256
  0
VERTEX
  8
1
  10
3227.762146
  20
-213.958397
  0
VERTEX
  8
1
  10
3227.657166
  20
-224.026794
  0
VERTEX
  8
1
  10
3227.550049
  20
-234.315453
  0
VERTEX
  8
1
  10
3227.444458
  20
-244.451828
  0
VERTEX
  8
1
  10
3227.336426
  20
-254.833088
  0
VERTEX
  8
1
  10
3227.336426
  20
-254.833088
  0
VERTEX
  8
1
  10
3227.444458
  20
-265.214348
  0
VERTEX
  8
1
  10
3227.550049
  20
-275.350723
  0
VERTEX
  8
1
  10
3227.657166
  20
-285.639381
  0
VERTEX
  8
1
  10
3227.752991
  20
-294.833088
  0
VERTEX
  8
1
  10
3006.918640
  20
-294.833088
  0
VERTEX
  8
1
  10
3007.014465
  20
-285.639343
  0
VERTEX
  8
1
  10
3007.121582
  20
-275.350704
  0
VERTEX
  8
1
  10
3007.227173
  20
-265.214329
  0
VERTEX
  8
1
  10
3007.335205
  20
-254.833088
  0
VERTEX
  8
1
  10
3007.335205
  20
-254.833088
  0
VERTEX
  8
1
  10
3007.227173
  20
-244.451847
  0
VERTEX
  8
1
  10
3007.121582
  20
-234.315472
  0
VERTEX
  8
1
  10
3007.014465
  20
-224.026833
  0
VERTEX
  8
1
  10
3006.909485
  20
-213.958416
  0
VERTEX
  8
1
  10
3006.802368
  20
-203.679295
  0
VERTEX
  8
1
  10
3006.695251
  20
-193.400173
  0
VERTEX
  8
1
  10
3006.589661
  20
-183.250904
  0
VERTEX
  8
1
  10
3006.482544
  20
-172.971783
  0
VERTEX
  8
1
  10
3006.375427
  20
-162.692680
  0
VERTEX
  8
1
  10
3006.270142
  20
-152.588234
  0
VERTEX
  8
1
  10
3006.163025
  20
-142.309113
  0
VERTEX
  8
1
  10
3006.056213
  20
-132.030001
  0
VERTEX
  8
1
  10
3005.949097
  20
-121.750879
  0
VERTEX
  8
1
  10
3005.842285
  20
-111.503830
  0
VERTEX
  8
1
  10
3005.735168
  20
-101.224709
  0
VERTEX
  8
1
  10
3005.628052
  20
-90.945597
  0
VERTEX
  8
1
  10
3005.521851
  20
-80.749826
  0
VERTEX
  8
1
  10
3005.414734
  20
-70.470710
  0
VERTEX
  8
1
  10
3005.307922
  20
-60.191593
  0
VERTEX
  8
1
  10
3005.202942
  20
-50.120530
  0
VERTEX
  8
1
  10
3005.095825
  20
-39.841409
  0
VERTEX
  8
1
  10
3004.988708
  20
-29.562292
  0
VERTEX
  8
1
  10
3004.882202
  20
-19.350681
  0
VERTEX
  8
1
  10
3004.775085
  20
-9.071569
  0
VERTEX
  8
1
  10
3004.667969
  20
1.207549
  0
VERTEX
  8
1
  10
3004.560852
  20
11.540722
  0
VERTEX
  8
1
  10
3004.454041
  20
21.819856
  0
VERTEX
  8
1
  10
3004.347229
  20
32.098978
  0
VERTEX
  8
1
  10
3004.238586
  20
42.432103
  0
VERTEX
  8
1
  10
3004.129639
  20
52.711153
  0
VERTEX
  8
1
  10
3004.021912
  20
62.990251
  0
VERTEX
  8
1
  10
3003.920593
  20
72.980871
  0
VERTEX
  8
1
  10
3003.816833
  20
83.602877
  0
VERTEX
  8
1
  10
3003.713379
  20
93.882122
  0
VERTEX
  8
1
  10
3003.597717
  20
104.160929
  0
VERTEX
  8
1
  10
3003.465576
  20
114.493208
  0
VERTEX
  8
1
  10
3003.341980
  20
124.771719
  0
VERTEX
  8
1
  10
3003.258667
  20
135.051699
  0
VERTEX
  8
1
  10
3003.226929
  20
145.387621
  0
VERTEX
  8
1
  10
3003.154907
  20
152.240353
  0
VERTEX
  8
1
  10
3003.016357
  20
157.468405
  0
VERTEX
  8
1
  10
3002.793579
  20
162.526054
  0
VERTEX
  8
1
  10
3002.461853
  20
168.151073
  0
VERTEX
  8
1
  10
3002.024841
  20
174.151917
  0
SEQEND
  8
1
  0
POINT
  8
2
 10
3001.717529
 20
177.776203
  0
TEXT
  8
2
 10
3001.717529
 20
177.776203
 40
0.000000
 50
0.000000
  1
# 701
  0
POINT
  8
2
 10
3009.366760
 20
184.217548
  0
TEXT
  8
2
 10
3009.366760
 20
184.217548
 40
0.000000
 50
0.000000
  1
# 702
  0
POINT
  8
2
 10
3056.988220
 20
127.666912
  0
TEXT
  8
2
 10
3056.988220
 20
127.666912
 40
0.000000
 50
0.000000
  1
# 703
  0
POINT
  8
2
 10
3177.683411
 20
127.666912
  0
TEXT
  8
2
 10
3177.683411
 20
127.666912
 40
0.000000
 50
0.000000
  1
# 704
  0
POINT
  8
2
 10
3225.305176
 20
184.217911
  0
TEXT
  8
2
 10
3225.305176
 20
184.217911
 40
0.000000
 50
0.000000
  1
# 705
  0
POINT
  8
2
 10
3232.954407
 20
177.776546
  0
TEXT
  8
2
 10
3232.954407
 20
177.776546
 40
0.000000
 50
0.000000
  1
# 706
  0
POINT
  8
2
 10
3227.336426
 20
-254.833088
  0
TEXT
  8
2
 10
3227.336426
 20
-254.833088
 40
0.000000
 50
0.000000
  1
# 707
  0
POINT
  8
2
 10
3227.752991
 20
-294.833088
  0
TEXT
  8
2
 10
3227.752991
 20
-294.833088
 40
0.000000
 50
0.000000
  1
# 708
  0
POINT
  8
2
 10
3006.918640
 20
-294.833088
  0
TEXT
  8
2
 10
3006.918640
 20
-294.833088
 40
0.000000
 50
0.000000
  1
# 709
  0
POINT
  8
2
 10
3007.335205
 20
-254.833088
  0
TEXT
  8
2
 10
3007.335205
 20
-254.833088
 40
0.000000
 50
0.000000
  1
# 710
  0
POINT
  8
3
 10
3232.647095
 20
174.152145
  0
POINT
  8
3
 10
3232.210083
 20
168.151264
  0
POINT
  8
3
 10
3231.878357
 20
162.526207
  0
POINT
  8
3
 10
3231.655579
 20
157.468567
  0
POINT
  8
3
 10
3231.516724
 20
152.240419
  0
POINT
  8
3
 10
3231.445007
 20
145.387678
  0
POINT
  8
3
 10
3231.413269
 20
135.051775
  0
POINT
  8
3
 10
3231.329956
 20
124.771776
  0
POINT
  8
3
 10
3231.206360
 20
114.493256
  0
POINT
  8
3
 10
3231.074219
 20
104.160995
  0
POINT
  8
3
 10
3230.958557
 20
93.882179
  0
POINT
  8
3
 10
3230.855103
 20
83.602924
  0
POINT
  8
3
 10
3230.751343
 20
72.980905
  0
POINT
  8
3
 10
3230.650024
 20
62.990294
  0
POINT
  8
3
 10
3230.542297
 20
52.711186
  0
POINT
  8
3
 10
3230.433350
 20
42.432127
  0
POINT
  8
3
 10
3230.324707
 20
32.099011
  0
POINT
  8
3
 10
3230.217590
 20
21.819880
  0
POINT
  8
3
 10
3230.111084
 20
11.540735
  0
POINT
  8
3
 10
3230.003662
 20
1.207574
  0
POINT
  8
3
 10
3229.896545
 20
-9.071554
  0
POINT
  8
3
 10
3229.789429
 20
-19.350677
  0
POINT
  8
3
 10
3229.682922
 20
-29.562175
  0
POINT
  8
3
 10
3229.575806
 20
-39.841301
  0
POINT
  8
3
 10
3229.468994
 20
-50.120430
  0
POINT
  8
3
 10
3229.364014
 20
-60.191483
  0
POINT
  8
3
 10
3229.256897
 20
-70.470614
  0
POINT
  8
3
 10
3229.149780
 20
-80.749741
  0
POINT
  8
3
 10
3229.043579
 20
-90.945501
  0
POINT
  8
3
 10
3228.936462
 20
-101.224623
  0
POINT
  8
3
 10
3228.829346
 20
-111.503754
  0
POINT
  8
3
 10
3228.722839
 20
-121.750793
  0
POINT
  8
3
 10
3228.615723
 20
-132.029924
  0
POINT
  8
3
 10
3228.508606
 20
-142.309055
  0
POINT
  8
3
 10
3228.401489
 20
-152.588177
  0
POINT
  8
3
 10
3228.296204
 20
-162.692623
  0
POINT
  8
3
 10
3228.189087
 20
-172.971745
  0
POINT
  8
3
 10
3228.081970
 20
-183.250866
  0
POINT
  8
3
 10
3227.976379
 20
-193.400135
  0
POINT
  8
3
 10
3227.869263
 20
-203.679256
  0
POINT
  8
3
 10
3227.762146
 20
-213.958397
  0
POINT
  8
3
 10
3227.657166
 20
-224.026794
  0
POINT
  8
3
 10
3227.550049
 20
-234.315453
  0
POINT
  8
3
 10
3227.444458
 20
-244.451828
  0
POINT
  8
3
 10
3227.336426
 20
-254.833088
  0
POINT
  8
3
 10
3227.444458
 20
-265.214348
  0
POINT
  8
3
 10
3227.550049
 20
-275.350723
  0
POINT
  8
3
 10
3227.657166
 20
-285.639381
  0
POINT
  8
3
 10
3007.014465
 20
-285.639343
  0
POINT
  8
3
 10
3007.121582
 20
-275.350704
  0
POINT
  8
3
 10
3007.227173
 20
-265.214329
  0
POINT
  8
3
 10
3007.335205
 20
-254.833088
  0
POINT
  8
3
 10
3007.227173
 20
-244.451847
  0
POINT
  8
3
 10
3007.121582
 20
-234.315472
  0
POINT
  8
3
 10
3007.014465
 20
-224.026833
  0
POINT
  8
3
 10
3006.909485
 20
-213.958416
  0
POINT
  8
3
 10
3006.802368
 20
-203.679295
  0
POINT
  8
3
 10
3006.695251
 20
-193.400173
  0
POINT
  8
3
 10
3006.589661
 20
-183.250904
  0
POINT
  8
3
 10
3006.482544
 20
-172.971783
  0
POINT
  8
3
 10
3006.375427
 20
-162.692680
  0
POINT
  8
3
 10
3006.270142
 20
-152.588234
  0
POINT
  8
3
 10
3006.163025
 20
-142.309113
  0
POINT
  8
3
 10
3006.056213
 20
-132.030001
  0
POINT
  8
3
 10
3005.949097
 20
-121.750879
  0
POINT
  8
3
 10
3005.842285
 20
-111.503830
  0
POINT
  8
3
 10
3005.735168
 20
-101.224709
  0
POINT
  8
3
 10
3005.628052
 20
-90.945597
  0
POINT
  8
3
 10
3005.521851
 20
-80.749826
  0
POINT
  8
3
 10
3005.414734
 20
-70.470710
  0
POINT
  8
3
 10
3005.307922
 20
-60.191593
  0
POINT
  8
3
 10
3005.202942
 20
-50.120530
  0
POINT
  8
3
 10
3005.095825
 20
-39.841409
  0
POINT
  8
3
 10
3004.988708
 20
-29.562292
  0
POINT
  8
3
 10
3004.882202
 20
-19.350681
  0
POINT
  8
3
 10
3004.775085
 20
-9.071569
  0
POINT
  8
3
 10
3004.667969
 20
1.207549
  0
POINT
  8
3
 10
3004.560852
 20
11.540722
  0
POINT
  8
3
 10
3004.454041
 20
21.819856
  0
POINT
  8
3
 10
3004.347229
 20
32.098978
  0
POINT
  8
3
 10
3004.238586
 20
42.432103
  0
POINT
  8
3
 10
3004.129639
 20
52.711153
  0
POINT
  8
3
 10
3004.021912
 20
62.990251
  0
POINT
  8
3
 10
3003.920593
 20
72.980871
  0
POINT
  8
3
 10
3003.816833
 20
83.602877
  0
POINT
  8
3
 10
3003.713379
 20
93.882122
  0
POINT
  8
3
 10
3003.597717
 20
104.160929
  0
POINT
  8
3
 10
3003.465576
 20
114.493208
  0
POINT
  8
3
 10
3003.341980
 20
124.771719
  0
POINT
  8
3
 10
3003.258667
 20
135.051699
  0
POINT
  8
3
 10
3003.226929
 20
145.387621
  0
POINT
  8
3
 10
3003.154907
 20
152.240353
  0
POINT
  8
3
 10
3003.016357
 20
157.468405
  0
POINT
  8
3
 10
3002.793579
 20
162.526054
  0
POINT
  8
3
 10
3002.461853
 20
168.151073
  0
POINT
  8
3
 10
3002.024841
 20
174.151917
  0
POINT
  8
4
 10
3227.336426
 20
-254.833088
 30
1.000000
 50
180.00
  0
TEXT
  8
4
 10
3227.336426
 20
-254.833088
 40
0.000000
 50
0.000000
  1
# 711
  0
POINT
  8
4
 10
3007.335205
 20
-254.833088
 30
1.000000
 50
  0.00
  0
TEXT
  8
4
 10
3007.335205
 20
-254.833088
 40
0.000000
 50
0.000000
  1
# 712
  0
POLYLINE
  8
14
  66
1
  70
1
  0
VERTEX
  8
14
  10
3012.968750
  20
164.415417
  0
VERTEX
  8
14
  10
3052.335815
  20
117.666912
  0
VERTEX
  8
14
  10
3182.335815
  20
117.666912
  0
VERTEX
  8
14
  10
3221.703186
  20
164.415550
  0
VERTEX
  8
14
  10
3217.335815
  20
-254.833088
  0
VERTEX
  8
14
  10
3217.335815
  20
-254.833088
  0
VERTEX
  8
14
  10
3017.335815
  20
-254.833088
  0
VERTEX
  8
14
  10
3017.335815
  20
-254.833088
  0
SEQEND
  8
14
  0
POINT
  8
2
 10
3012.968750
 20
164.415417
  0
TEXT
  8
2
 10
3012.968750
 20
164.415417
 40
0.000000
 50
0.000000
  1
# 713
  0
POINT
  8
2
 10
3052.335815
 20
117.666912
  0
TEXT
  8
2
 10
3052.335815
 20
117.666912
 40
0.000000
 50
0.000000
  1
# 714
  0
POINT
  8
2
 10
3182.335815
 20
117.666912
  0
TEXT
  8
2
 10
3182.335815
 20
117.666912
 40
0.000000
 50
0.000000
  1
# 715
  0
POINT
  8
2
 10
3221.703186
 20
164.415550
  0
TEXT
  8
2
 10
3221.703186
 20
164.415550
 40
0.000000
 50
0.000000
  1
# 716
  0
POINT
  8
2
 10
3217.335815
 20
-254.833088
  0
TEXT
  8
2
 10
3217.335815
 20
-254.833088
 40
0.000000
 50
0.000000
  1
# 717
  0
POINT
  8
2
 10
3017.335815
 20
-254.833088
  0
TEXT
  8
2
 10
3017.335815
 20
-254.833088
 40
0.000000
 50
0.000000
  1
# 718
  0
POINT
  8
3
 10
3217.335815
 20
-254.833088
  0
POINT
  8
3
 10
3017.335815
 20
-254.833088
  0
POINT
  8
4
 10
3217.335815
 20
-254.833088
 30
1.000000
 50
180.00
  0
TEXT
  8
4
 10
3217.335815
 20
-254.833088
 40
0.000000
 50
0.000000
  1
# 719
  0
POINT
  8
4
 10
3017.335815
 20
-254.833088
 30
1.000000
 50
  0.00
  0
TEXT
  8
4
 10
3017.335815
 20
-254.833088
 40
0.000000
 50
0.000000
  1
# 720
  0
POLYLINE
  8
8
  66
1
  70
0
  0
VERTEX
  8
8
  10
3217.648315
  20
-224.833088
  0
VERTEX
  8
8
  10
3017.023315
  20
-224.833088
  0
SEQEND
  8
8
  0
POINT
  8
2
 10
3217.648315
 20
-224.833088
  0
TEXT
  8
2
 10
3217.648315
 20
-224.833088
 40
0.000000
 50
0.000000
  1
# 721
  0
POINT
  8
2
 10
3017.023315
 20
-224.833088
  0
TEXT
  8
2
 10
3017.023315
 20
-224.833088
 40
0.000000
 50
0.000000
  1
# 722
  0
POLYLINE
  8
8
  66
1
  70
0
  0
VERTEX
  8
8
  10
3117.335815
  20
117.666912
  0
VERTEX
  8
8
  10
3117.335815
  20
-254.833088
  0
SEQEND
  8
8
  0
POINT
  8
2
 10
3117.335815
 20
117.666912
  0
TEXT
  8
2
 10
3117.335815
 20
117.666912
 40
0.000000
 50
0.000000
  1
# 723
  0
POINT
  8
2
 10
3117.335815
 20
-254.833088
  0
TEXT
  8
2
 10
3117.335815
 20
-254.833088
 40
0.000000
 50
0.000000
  1
# 724
 0
LINE
 8
7
 10
3093.297424
 20
47.056575
 11
3093.297424
 21
-156.850653
  0
TEXT
  8
1
 10
3117.335968
 20
-55.307589
 40
10.000000
 50
0.000000
  1
Piece Name: 26SMC-WP130M 展_前下_175/84
  0
TEXT
  8
1
 10
3117.335968
 20
-40.307589
 40
10.000000
 50
0.000000
  1
Size: 175/84
  0
TEXT
  8
1
 10
3117.335968
 20
-25.307589
 40
10.000000
 50
0.000000
  1
Annotation: 
  0
TEXT
  8
1
 10
3117.335968
 20
-10.307589
 40
10.000000
 50
0.000000
  1
Quantity: 1,1
  0
TEXT
  8
1
 10
3117.335968
 20
4.692411
 40
10.000000
 50
0.000000
  1
Material: 面
  0
TEXT
  8
1
 10
3117.335968
 20
4.692411
 40
10.000000
 50
0.000000
  1
Category: 28
0
ENDBLK
0
BLOCK
  8
1
  2
26SMC-WP130M 展_腿袋布_175/84
 70
0
 10
0.0
 20
0.0
  0
POLYLINE
  8
1
  66
1
  70
1
  0
VERTEX
  8
1
  10
3759.595337
  20
516.250000
  0
VERTEX
  8
1
  10
3759.277954
  20
516.261520
  0
VERTEX
  8
1
  10
3758.567810
  20
516.285591
  0
VERTEX
  8
1
  10
3757.911377
  20
516.322289
  0
VERTEX
  8
1
  10
3757.278137
  20
516.368484
  0
VERTEX
  8
1
  10
3756.648254
  20
516.425552
  0
VERTEX
  8
1
  10
3756.043701
  20
516.491699
  0
VERTEX
  8
1
  10
3755.439148
  20
516.569939
  0
VERTEX
  8
1
  10
3754.832458
  20
516.661987
  0
VERTEX
  8
1
  10
3754.245605
  20
516.764565
  0
VERTEX
  8
1
  10
3753.666077
  20
516.878662
  0
VERTEX
  8
1
  10
3753.054199
  20
517.013092
  0
VERTEX
  8
1
  10
3752.451172
  20
517.159424
  0
VERTEX
  8
1
  10
3751.856995
  20
517.317009
  0
VERTEX
  8
1
  10
3751.271973
  20
517.485199
  0
VERTEX
  8
1
  10
3750.657654
  20
517.675667
  0
VERTEX
  8
1
  10
3750.075684
  20
517.869263
  0
VERTEX
  8
1
  10
3749.472351
  20
518.083534
  0
VERTEX
  8
1
  10
3748.872375
  20
518.310928
  0
VERTEX
  8
1
  10
3748.275757
  20
518.551521
  0
VERTEX
  8
1
  10
3747.719727
  20
518.789139
  0
VERTEX
  8
1
  10
3747.167053
  20
519.038544
  0
VERTEX
  8
1
  10
3746.618347
  20
519.299774
  0
VERTEX
  8
1
  10
3746.060181
  20
519.579659
  0
VERTEX
  8
1
  10
3745.520935
  20
519.864197
  0
VERTEX
  8
1
  10
3744.988098
  20
520.159416
  0
VERTEX
  8
1
  10
3744.461975
  20
520.465164
  0
VERTEX
  8
1
  10
3743.942566
  20
520.781326
  0
VERTEX
  8
1
  10
3743.429871
  20
521.107788
  0
VERTEX
  8
1
  10
3742.923889
  20
521.444435
  0
VERTEX
  8
1
  10
3742.425232
  20
521.791153
  0
VERTEX
  8
1
  10
3741.921997
  20
522.156639
  0
VERTEX
  8
1
  10
3741.437988
  20
522.523346
  0
VERTEX
  8
1
  10
3740.961609
  20
522.899704
  0
VERTEX
  8
1
  10
3740.493164
  20
523.285561
  0
VERTEX
  8
1
  10
3740.032349
  20
523.680916
  0
VERTEX
  8
1
  10
3739.579468
  20
524.085541
  0
VERTEX
  8
1
  10
3739.134827
  20
524.499474
  0
VERTEX
  8
1
  10
3738.698425
  20
524.922523
  0
VERTEX
  8
1
  10
3738.260498
  20
525.365028
  0
VERTEX
  8
1
  10
3737.841797
  20
525.805511
  0
VERTEX
  8
1
  10
3737.432556
  20
526.254158
  0
VERTEX
  8
1
  10
3737.032471
  20
526.710892
  0
VERTEX
  8
1
  10
3736.641846
  20
527.175484
  0
VERTEX
  8
1
  10
3736.260376
  20
527.647896
  0
VERTEX
  8
1
  10
3735.888977
  20
528.127899
  0
VERTEX
  8
1
  10
3735.518494
  20
528.627357
  0
VERTEX
  8
1
  10
3735.166626
  20
529.122391
  0
VERTEX
  8
1
  10
3734.824829
  20
529.624557
  0
VERTEX
  8
1
  10
3734.493103
  20
530.133743
  0
VERTEX
  8
1
  10
3734.171753
  20
530.649757
  0
VERTEX
  8
1
  10
3733.860779
  20
531.172562
  0
VERTEX
  8
1
  10
3733.560181
  20
531.702003
  0
VERTEX
  8
1
  10
3733.269958
  20
532.238007
  0
VERTEX
  8
1
  10
3732.984314
  20
532.793541
  0
VERTEX
  8
1
  10
3732.716980
  20
533.340569
  0
VERTEX
  8
1
  10
3732.461548
  20
533.891335
  0
VERTEX
  8
1
  10
3732.218018
  20
534.445686
  0
VERTEX
  8
1
  10
3731.986084
  20
535.003319
  0
VERTEX
  8
1
  10
3731.751404
  20
535.601578
  0
VERTEX
  8
1
  10
3731.530151
  20
536.203041
  0
VERTEX
  8
1
  10
3731.322021
  20
536.807556
  0
VERTEX
  8
1
  10
3731.133423
  20
537.392502
  0
VERTEX
  8
1
  10
3730.959473
  20
537.972412
  0
VERTEX
  8
1
  10
3730.795898
  20
538.561249
  0
VERTEX
  8
1
  10
3730.643005
  20
539.159050
  0
VERTEX
  8
1
  10
3730.501404
  20
539.765854
  0
VERTEX
  8
1
  10
3730.372314
  20
540.381622
  0
VERTEX
  8
1
  10
3730.263367
  20
540.964470
  0
VERTEX
  8
1
  10
3730.166321
  20
541.555023
  0
VERTEX
  8
1
  10
3730.080566
  20
542.160454
  0
VERTEX
  8
1
  10
3730.005493
  20
542.786942
  0
VERTEX
  8
1
  10
3729.940186
  20
543.442078
  0
VERTEX
  8
1
  10
3729.886780
  20
544.105453
  0
VERTEX
  8
1
  10
3729.844666
  20
544.776192
  0
VERTEX
  8
1
  10
3729.814758
  20
545.440941
  0
VERTEX
  8
1
  10
3729.802856
  20
545.876465
  0
VERTEX
  8
1
  10
3729.796753
  20
546.082382
  0
VERTEX
  8
1
  10
3729.796753
  20
716.250000
  0
VERTEX
  8
1
  10
3929.796753
  20
716.250000
  0
VERTEX
  8
1
  10
3929.796753
  20
546.082458
  0
VERTEX
  8
1
  10
3929.789734
  20
545.852623
  0
VERTEX
  8
1
  10
3929.776001
  20
545.349770
  0
VERTEX
  8
1
  10
3929.746399
  20
544.703331
  0
VERTEX
  8
1
  10
3929.706421
  20
544.065819
  0
VERTEX
  8
1
  10
3929.656677
  20
543.442345
  0
VERTEX
  8
1
  10
3929.596252
  20
542.830353
  0
VERTEX
  8
1
  10
3929.522400
  20
542.208939
  0
VERTEX
  8
1
  10
3929.439392
  20
541.623077
  0
VERTEX
  8
1
  10
3929.340210
  20
541.018562
  0
VERTEX
  8
1
  10
3929.229126
  20
540.422668
  0
VERTEX
  8
1
  10
3929.106445
  20
539.835434
  0
VERTEX
  8
1
  10
3928.964233
  20
539.221001
  0
VERTEX
  8
1
  10
3928.810730
  20
538.616333
  0
VERTEX
  8
1
  10
3928.646545
  20
538.021393
  0
VERTEX
  8
1
  10
3928.468323
  20
537.423325
  0
VERTEX
  8
1
  10
3928.281860
  20
536.839485
  0
VERTEX
  8
1
  10
3928.082886
  20
536.257896
  0
VERTEX
  8
1
  10
3927.871704
  20
535.678825
  0
VERTEX
  8
1
  10
3927.648010
  20
535.102463
  0
VERTEX
  8
1
  10
3927.412109
  20
534.529076
  0
VERTEX
  8
1
  10
3927.163391
  20
533.958893
  0
VERTEX
  8
1
  10
3926.912537
  20
533.414955
  0
VERTEX
  8
1
  10
3926.640320
  20
532.854843
  0
VERTEX
  8
1
  10
3926.356812
  20
532.301102
  0
VERTEX
  8
1
  10
3926.062317
  20
531.753883
  0
VERTEX
  8
1
  10
3925.756531
  20
531.213303
  0
VERTEX
  8
1
  10
3925.439758
  20
530.679512
  0
VERTEX
  8
1
  10
3925.112305
  20
530.152588
  0
VERTEX
  8
1
  10
3924.767151
  20
529.622574
  0
VERTEX
  8
1
  10
3924.418335
  20
529.109993
  0
VERTEX
  8
1
  10
3924.058533
  20
528.604698
  0
VERTEX
  8
1
  10
3923.688660
  20
528.106880
  0
VERTEX
  8
1
  10
3923.308411
  20
527.616692
  0
VERTEX
  8
1
  10
3922.917786
  20
527.134247
  0
VERTEX
  8
1
  10
3922.517395
  20
526.659737
  0
VERTEX
  8
1
  10
3922.098694
  20
526.184464
  0
VERTEX
  8
1
  10
3921.678772
  20
525.727234
  0
VERTEX
  8
1
  10
3921.249390
  20
525.278893
  0
VERTEX
  8
1
  10
3920.810852
  20
524.839592
  0
VERTEX
  8
1
  10
3920.363464
  20
524.409447
  0
VERTEX
  8
1
  10
3919.907227
  20
523.988571
  0
VERTEX
  8
1
  10
3919.432983
  20
523.569107
  0
VERTEX
  8
1
  10
3918.959351
  20
523.167572
  0
VERTEX
  8
1
  10
3918.477783
  20
522.776146
  0
VERTEX
  8
1
  10
3917.988281
  20
522.394867
  0
VERTEX
  8
1
  10
3917.491150
  20
522.023888
  0
VERTEX
  8
1
  10
3916.986389
  20
521.663246
  0
VERTEX
  8
1
  10
3916.474609
  20
521.313095
  0
VERTEX
  8
1
  10
3915.945129
  20
520.966949
  0
VERTEX
  8
1
  10
3915.418701
  20
520.638313
  0
VERTEX
  8
1
  10
3914.885559
  20
520.320473
  0
VERTEX
  8
1
  10
3914.345398
  20
520.013657
  0
VERTEX
  8
1
  10
3913.798828
  20
519.717865
  0
VERTEX
  8
1
  10
3913.245850
  20
519.433289
  0
VERTEX
  8
1
  10
3912.686462
  20
519.160080
  0
VERTEX
  8
1
  10
3912.109680
  20
518.893318
  0
VERTEX
  8
1
  10
3911.539917
  20
518.644180
  0
VERTEX
  8
1
  10
3910.966797
  20
518.407669
  0
VERTEX
  8
1
  10
3910.390625
  20
518.183632
  0
VERTEX
  8
1
  10
3909.811707
  20
517.971992
  0
VERTEX
  8
1
  10
3909.230042
  20
517.772636
  0
VERTEX
  8
1
  10
3908.646240
  20
517.585449
  0
VERTEX
  8
1
  10
3908.048401
  20
517.406845
  0
VERTEX
  8
1
  10
3907.453918
  20
517.242203
  0
VERTEX
  8
1
  10
3906.849365
  20
517.088242
  0
VERTEX
  8
1
  10
3906.235352
  20
516.945648
  0
VERTEX
  8
1
  10
3905.648499
  20
516.822510
  0
VERTEX
  8
1
  10
3905.052795
  20
516.710777
  0
VERTEX
  8
1
  10
3904.448853
  20
516.611099
  0
VERTEX
  8
1
  10
3903.837585
  20
516.524391
  0
VERTEX
  8
1
  10
3903.215942
  20
516.450424
  0
VERTEX
  8
1
  10
3902.571411
  20
516.387215
  0
VERTEX
  8
1
  10
3901.921692
  20
516.336060
  0
VERTEX
  8
1
  10
3901.266785
  20
516.296196
  0
VERTEX
  8
1
  10
3900.597839
  20
516.267128
  0
VERTEX
  8
1
  10
3900.159607
  20
516.255798
  0
VERTEX
  8
1
  10
3899.956665
  20
516.250000
  0
SEQEND
  8
1
  0
POINT
  8
2
 10
3759.595337
 20
516.250000
  0
TEXT
  8
2
 10
3759.595337
 20
516.250000
 40
0.000000
 50
0.000000
  1
# 725
  0
POINT
  8
2
 10
3729.796753
 20
546.082382
  0
TEXT
  8
2
 10
3729.796753
 20
546.082382
 40
0.000000
 50
0.000000
  1
# 726
  0
POINT
  8
2
 10
3729.796753
 20
716.250000
  0
TEXT
  8
2
 10
3729.796753
 20
716.250000
 40
0.000000
 50
0.000000
  1
# 727
  0
POINT
  8
2
 10
3929.796753
 20
716.250000
  0
TEXT
  8
2
 10
3929.796753
 20
716.250000
 40
0.000000
 50
0.000000
  1
# 728
  0
POINT
  8
2
 10
3929.796753
 20
546.082458
  0
TEXT
  8
2
 10
3929.796753
 20
546.082458
 40
0.000000
 50
0.000000
  1
# 729
  0
POINT
  8
2
 10
3899.956665
 20
516.250000
  0
TEXT
  8
2
 10
3899.956665
 20
516.250000
 40
0.000000
 50
0.000000
  1
# 730
  0
POINT
  8
3
 10
3759.277954
 20
516.261520
  0
POINT
  8
3
 10
3758.567810
 20
516.285591
  0
POINT
  8
3
 10
3757.911377
 20
516.322289
  0
POINT
  8
3
 10
3757.278137
 20
516.368484
  0
POINT
  8
3
 10
3756.648254
 20
516.425552
  0
POINT
  8
3
 10
3756.043701
 20
516.491699
  0
POINT
  8
3
 10
3755.439148
 20
516.569939
  0
POINT
  8
3
 10
3754.832458
 20
516.661987
  0
POINT
  8
3
 10
3754.245605
 20
516.764565
  0
POINT
  8
3
 10
3753.666077
 20
516.878662
  0
POINT
  8
3
 10
3753.054199
 20
517.013092
  0
POINT
  8
3
 10
3752.451172
 20
517.159424
  0
POINT
  8
3
 10
3751.856995
 20
517.317009
  0
POINT
  8
3
 10
3751.271973
 20
517.485199
  0
POINT
  8
3
 10
3750.657654
 20
517.675667
  0
POINT
  8
3
 10
3750.075684
 20
517.869263
  0
POINT
  8
3
 10
3749.472351
 20
518.083534
  0
POINT
  8
3
 10
3748.872375
 20
518.310928
  0
POINT
  8
3
 10
3748.275757
 20
518.551521
  0
POINT
  8
3
 10
3747.719727
 20
518.789139
  0
POINT
  8
3
 10
3747.167053
 20
519.038544
  0
POINT
  8
3
 10
3746.618347
 20
519.299774
  0
POINT
  8
3
 10
3746.060181
 20
519.579659
  0
POINT
  8
3
 10
3745.520935
 20
519.864197
  0
POINT
  8
3
 10
3744.988098
 20
520.159416
  0
POINT
  8
3
 10
3744.461975
 20
520.465164
  0
POINT
  8
3
 10
3743.942566
 20
520.781326
  0
POINT
  8
3
 10
3743.429871
 20
521.107788
  0
POINT
  8
3
 10
3742.923889
 20
521.444435
  0
POINT
  8
3
 10
3742.425232
 20
521.791153
  0
POINT
  8
3
 10
3741.921997
 20
522.156639
  0
POINT
  8
3
 10
3741.437988
 20
522.523346
  0
POINT
  8
3
 10
3740.961609
 20
522.899704
  0
POINT
  8
3
 10
3740.493164
 20
523.285561
  0
POINT
  8
3
 10
3740.032349
 20
523.680916
  0
POINT
  8
3
 10
3739.579468
 20
524.085541
  0
POINT
  8
3
 10
3739.134827
 20
524.499474
  0
POINT
  8
3
 10
3738.698425
 20
524.922523
  0
POINT
  8
3
 10
3738.260498
 20
525.365028
  0
POINT
  8
3
 10
3737.841797
 20
525.805511
  0
POINT
  8
3
 10
3737.432556
 20
526.254158
  0
POINT
  8
3
 10
3737.032471
 20
526.710892
  0
POINT
  8
3
 10
3736.641846
 20
527.175484
  0
POINT
  8
3
 10
3736.260376
 20
527.647896
  0
POINT
  8
3
 10
3735.888977
 20
528.127899
  0
POINT
  8
3
 10
3735.518494
 20
528.627357
  0
POINT
  8
3
 10
3735.166626
 20
529.122391
  0
POINT
  8
3
 10
3734.824829
 20
529.624557
  0
POINT
  8
3
 10
3734.493103
 20
530.133743
  0
POINT
  8
3
 10
3734.171753
 20
530.649757
  0
POINT
  8
3
 10
3733.860779
 20
531.172562
  0
POINT
  8
3
 10
3733.560181
 20
531.702003
  0
POINT
  8
3
 10
3733.269958
 20
532.238007
  0
POINT
  8
3
 10
3732.984314
 20
532.793541
  0
POINT
  8
3
 10
3732.716980
 20
533.340569
  0
POINT
  8
3
 10
3732.461548
 20
533.891335
  0
POINT
  8
3
 10
3732.218018
 20
534.445686
  0
POINT
  8
3
 10
3731.986084
 20
535.003319
  0
POINT
  8
3
 10
3731.751404
 20
535.601578
  0
POINT
  8
3
 10
3731.530151
 20
536.203041
  0
POINT
  8
3
 10
3731.322021
 20
536.807556
  0
POINT
  8
3
 10
3731.133423
 20
537.392502
  0
POINT
  8
3
 10
3730.959473
 20
537.972412
  0
POINT
  8
3
 10
3730.795898
 20
538.561249
  0
POINT
  8
3
 10
3730.643005
 20
539.159050
  0
POINT
  8
3
 10
3730.501404
 20
539.765854
  0
POINT
  8
3
 10
3730.372314
 20
540.381622
  0
POINT
  8
3
 10
3730.263367
 20
540.964470
  0
POINT
  8
3
 10
3730.166321
 20
541.555023
  0
POINT
  8
3
 10
3730.080566
 20
542.160454
  0
POINT
  8
3
 10
3730.005493
 20
542.786942
  0
POINT
  8
3
 10
3729.940186
 20
543.442078
  0
POINT
  8
3
 10
3729.886780
 20
544.105453
  0
POINT
  8
3
 10
3729.844666
 20
544.776192
  0
POINT
  8
3
 10
3729.814758
 20
545.440941
  0
POINT
  8
3
 10
3729.802856
 20
545.876465
  0
POINT
  8
3
 10
3929.789734
 20
545.852623
  0
POINT
  8
3
 10
3929.776001
 20
545.349770
  0
POINT
  8
3
 10
3929.746399
 20
544.703331
  0
POINT
  8
3
 10
3929.706421
 20
544.065819
  0
POINT
  8
3
 10
3929.656677
 20
543.442345
  0
POINT
  8
3
 10
3929.596252
 20
542.830353
  0
POINT
  8
3
 10
3929.522400
 20
542.208939
  0
POINT
  8
3
 10
3929.439392
 20
541.623077
  0
POINT
  8
3
 10
3929.340210
 20
541.018562
  0
POINT
  8
3
 10
3929.229126
 20
540.422668
  0
POINT
  8
3
 10
3929.106445
 20
539.835434
  0
POINT
  8
3
 10
3928.964233
 20
539.221001
  0
POINT
  8
3
 10
3928.810730
 20
538.616333
  0
POINT
  8
3
 10
3928.646545
 20
538.021393
  0
POINT
  8
3
 10
3928.468323
 20
537.423325
  0
POINT
  8
3
 10
3928.281860
 20
536.839485
  0
POINT
  8
3
 10
3928.082886
 20
536.257896
  0
POINT
  8
3
 10
3927.871704
 20
535.678825
  0
POINT
  8
3
 10
3927.648010
 20
535.102463
  0
POINT
  8
3
 10
3927.412109
 20
534.529076
  0
POINT
  8
3
 10
3927.163391
 20
533.958893
  0
POINT
  8
3
 10
3926.912537
 20
533.414955
  0
POINT
  8
3
 10
3926.640320
 20
532.854843
  0
POINT
  8
3
 10
3926.356812
 20
532.301102
  0
POINT
  8
3
 10
3926.062317
 20
531.753883
  0
POINT
  8
3
 10
3925.756531
 20
531.213303
  0
POINT
  8
3
 10
3925.439758
 20
530.679512
  0
POINT
  8
3
 10
3925.112305
 20
530.152588
  0
POINT
  8
3
 10
3924.767151
 20
529.622574
  0
POINT
  8
3
 10
3924.418335
 20
529.109993
  0
POINT
  8
3
 10
3924.058533
 20
528.604698
  0
POINT
  8
3
 10
3923.688660
 20
528.106880
  0
POINT
  8
3
 10
3923.308411
 20
527.616692
  0
POINT
  8
3
 10
3922.917786
 20
527.134247
  0
POINT
  8
3
 10
3922.517395
 20
526.659737
  0
POINT
  8
3
 10
3922.098694
 20
526.184464
  0
POINT
  8
3
 10
3921.678772
 20
525.727234
  0
POINT
  8
3
 10
3921.249390
 20
525.278893
  0
POINT
  8
3
 10
3920.810852
 20
524.839592
  0
POINT
  8
3
 10
3920.363464
 20
524.409447
  0
POINT
  8
3
 10
3919.907227
 20
523.988571
  0
POINT
  8
3
 10
3919.432983
 20
523.569107
  0
POINT
  8
3
 10
3918.959351
 20
523.167572
  0
POINT
  8
3
 10
3918.477783
 20
522.776146
  0
POINT
  8
3
 10
3917.988281
 20
522.394867
  0
POINT
  8
3
 10
3917.491150
 20
522.023888
  0
POINT
  8
3
 10
3916.986389
 20
521.663246
  0
POINT
  8
3
 10
3916.474609
 20
521.313095
  0
POINT
  8
3
 10
3915.945129
 20
520.966949
  0
POINT
  8
3
 10
3915.418701
 20
520.638313
  0
POINT
  8
3
 10
3914.885559
 20
520.320473
  0
POINT
  8
3
 10
3914.345398
 20
520.013657
  0
POINT
  8
3
 10
3913.798828
 20
519.717865
  0
POINT
  8
3
 10
3913.245850
 20
519.433289
  0
POINT
  8
3
 10
3912.686462
 20
519.160080
  0
POINT
  8
3
 10
3912.109680
 20
518.893318
  0
POINT
  8
3
 10
3911.539917
 20
518.644180
  0
POINT
  8
3
 10
3910.966797
 20
518.407669
  0
POINT
  8
3
 10
3910.390625
 20
518.183632
  0
POINT
  8
3
 10
3909.811707
 20
517.971992
  0
POINT
  8
3
 10
3909.230042
 20
517.772636
  0
POINT
  8
3
 10
3908.646240
 20
517.585449
  0
POINT
  8
3
 10
3908.048401
 20
517.406845
  0
POINT
  8
3
 10
3907.453918
 20
517.242203
  0
POINT
  8
3
 10
3906.849365
 20
517.088242
  0
POINT
  8
3
 10
3906.235352
 20
516.945648
  0
POINT
  8
3
 10
3905.648499
 20
516.822510
  0
POINT
  8
3
 10
3905.052795
 20
516.710777
  0
POINT
  8
3
 10
3904.448853
 20
516.611099
  0
POINT
  8
3
 10
3903.837585
 20
516.524391
  0
POINT
  8
3
 10
3903.215942
 20
516.450424
  0
POINT
  8
3
 10
3902.571411
 20
516.387215
  0
POINT
  8
3
 10
3901.921692
 20
516.336060
  0
POINT
  8
3
 10
3901.266785
 20
516.296196
  0
POINT
  8
3
 10
3900.597839
 20
516.267128
  0
POINT
  8
3
 10
3900.159607
 20
516.255798
  0
POLYLINE
  8
14
  66
1
  70
1
  0
VERTEX
  8
14
  10
3759.796753
  20
526.250000
  0
VERTEX
  8
14
  10
3759.040100
  20
526.274429
  0
VERTEX
  8
14
  10
3758.554763
  20
526.301548
  0
VERTEX
  8
14
  10
3758.091844
  20
526.335318
  0
VERTEX
  8
14
  10
3757.642571
  20
526.376023
  0
VERTEX
  8
14
  10
3757.226119
  20
526.421533
  0
VERTEX
  8
14
  10
3756.827962
  20
526.473048
  0
VERTEX
  8
14
  10
3756.445283
  20
526.531107
  0
VERTEX
  8
14
  10
3756.073378
  20
526.596077
  0
VERTEX
  8
14
  10
3755.702755
  20
526.669089
  0
VERTEX
  8
14
  10
3755.307235
  20
526.755971
  0
VERTEX
  8
14
  10
3754.913523
  20
526.851519
  0
VERTEX
  8
14
  10
3754.521787
  20
526.955443
  0
VERTEX
  8
14
  10
3754.132207
  20
527.067446
  0
VERTEX
  8
14
  10
3753.719224
  20
527.195496
  0
VERTEX
  8
14
  10
3753.325354
  20
527.326483
  0
VERTEX
  8
14
  10
3752.918153
  20
527.471152
  0
VERTEX
  8
14
  10
3752.514179
  20
527.624247
  0
VERTEX
  8
14
  10
3752.113608
  20
527.785775
  0
VERTEX
  8
14
  10
3751.741327
  20
527.944871
  0
VERTEX
  8
14
  10
3751.372351
  20
528.111388
  0
VERTEX
  8
14
  10
3751.006825
  20
528.285331
  0
VERTEX
  8
14
  10
3750.636174
  20
528.471193
  0
VERTEX
  8
14
  10
3750.278095
  20
528.660146
  0
VERTEX
  8
14
  10
3749.923911
  20
528.856406
  0
VERTEX
  8
14
  10
3749.573770
  20
529.059865
  0
VERTEX
  8
14
  10
3749.227810
  20
529.270418
  0
VERTEX
  8
14
  10
3748.886179
  20
529.487960
  0
VERTEX
  8
14
  10
3748.549016
  20
529.712387
  0
VERTEX
  8
14
  10
3748.216468
  20
529.943591
  0
VERTEX
  8
14
  10
3747.880789
  20
530.187318
  0
VERTEX
  8
14
  10
3747.558008
  20
530.431924
  0
VERTEX
  8
14
  10
3747.240249
  20
530.682992
  0
VERTEX
  8
14
  10
3746.927640
  20
530.940421
  0
VERTEX
  8
14
  10
3746.620306
  20
531.204108
  0
VERTEX
  8
14
  10
3746.318374
  20
531.473949
  0
VERTEX
  8
14
  10
3746.021972
  20
531.749842
  0
VERTEX
  8
14
  10
3745.731225
  20
532.031683
  0
VERTEX
  8
14
  10
3745.439425
  20
532.326414
  0
VERTEX
  8
14
  10
3745.160496
  20
532.619961
  0
VERTEX
  8
14
  10
3744.887565
  20
532.919103
  0
VERTEX
  8
14
  10
3744.620736
  20
533.223711
  0
VERTEX
  8
14
  10
3744.360111
  20
533.533658
  0
VERTEX
  8
14
  10
3744.105794
  20
533.848816
  0
VERTEX
  8
14
  10
3743.857888
  20
534.169059
  0
VERTEX
  8
14
  10
3743.610726
  20
534.502202
  0
VERTEX
  8
14
  10
3743.376114
  20
534.832344
  0
VERTEX
  8
14
  10
3743.148227
  20
535.167169
  0
VERTEX
  8
14
  10
3742.927171
  20
535.506535
  0
VERTEX
  8
14
  10
3742.713051
  20
535.850300
  0
VERTEX
  8
14
  10
3742.505971
  20
536.198322
  0
VERTEX
  8
14
  10
3742.306039
  20
536.550458
  0
VERTEX
  8
14
  10
3742.113357
  20
536.906568
  0
VERTEX
  8
14
  10
3741.923633
  20
537.275277
  0
VERTEX
  8
14
  10
3741.745914
  20
537.638988
  0
VERTEX
  8
14
  10
3741.575623
  20
538.006232
  0
VERTEX
  8
14
  10
3741.412756
  20
538.376855
  0
VERTEX
  8
14
  10
3741.257307
  20
538.750711
  0
VERTEX
  8
14
  10
3741.099665
  20
539.152882
  0
VERTEX
  8
14
  10
3740.950453
  20
539.558377
  0
VERTEX
  8
14
  10
3740.809664
  20
539.967012
  0
VERTEX
  8
14
  10
3740.682418
  20
540.362180
  0
VERTEX
  8
14
  10
3740.565893
  20
540.750454
  0
VERTEX
  8
14
  10
3740.457279
  20
541.140981
  0
VERTEX
  8
14
  10
3740.356868
  20
541.533587
  0
VERTEX
  8
14
  10
3740.264955
  20
541.928097
  0
VERTEX
  8
14
  10
3740.181831
  20
542.324335
  0
VERTEX
  8
14
  10
3740.112437
  20
542.695564
  0
VERTEX
  8
14
  10
3740.051192
  20
543.068005
  0
VERTEX
  8
14
  10
3739.996344
  20
543.455508
  0
VERTEX
  8
14
  10
3739.945777
  20
543.877301
  0
VERTEX
  8
14
  10
3739.899979
  20
544.337268
  0
VERTEX
  8
14
  10
3739.861289
  20
544.817884
  0
VERTEX
  8
14
  10
3739.830351
  20
545.312749
  0
VERTEX
  8
14
  10
3739.808371
  20
545.801070
  0
VERTEX
  8
14
  10
3739.796753
  20
546.250000
  0
VERTEX
  8
14
  10
3739.796753
  20
706.250000
  0
VERTEX
  8
14
  10
3919.796753
  20
706.250000
  0
VERTEX
  8
14
  10
3919.796753
  20
546.250000
  0
VERTEX
  8
14
  10
3919.782972
  20
545.721914
  0
VERTEX
  8
14
  10
3919.761128
  20
545.244808
  0
VERTEX
  8
14
  10
3919.731801
  20
544.776708
  0
VERTEX
  8
14
  10
3919.696060
  20
544.330091
  0
VERTEX
  8
14
  10
3919.654455
  20
543.907785
  0
VERTEX
  8
14
  10
3919.605938
  20
543.499962
  0
VERTEX
  8
14
  10
3919.553780
  20
543.130921
  0
VERTEX
  8
14
  10
3919.490788
  20
542.746917
  0
VERTEX
  8
14
  10
3919.419320
  20
542.364194
  0
VERTEX
  8
14
  10
3919.339658
  20
541.982907
  0
VERTEX
  8
14
  10
3919.246349
  20
541.579538
  0
VERTEX
  8
14
  10
3919.144440
  20
541.178156
  0
VERTEX
  8
14
  10
3919.034266
  20
540.778946
  0
VERTEX
  8
14
  10
3918.913755
  20
540.374339
  0
VERTEX
  8
14
  10
3918.787679
  20
539.980075
  0
VERTEX
  8
14
  10
3918.653779
  20
539.588508
  0
VERTEX
  8
14
  10
3918.512038
  20
539.199803
  0
VERTEX
  8
14
  10
3918.362435
  20
538.814119
  0
VERTEX
  8
14
  10
3918.204953
  20
538.431622
  0
VERTEX
  8
14
  10
3918.039569
  20
538.052469
  0
VERTEX
  8
14
  10
3917.873219
  20
537.691488
  0
VERTEX
  8
14
  10
3917.692382
  20
537.319364
  0
VERTEX
  8
14
  10
3917.503802
  20
536.951059
  0
VERTEX
  8
14
  10
3917.307587
  20
536.586726
  0
VERTEX
  8
14
  10
3917.103846
  20
536.226527
  0
VERTEX
  8
14
  10
3916.892686
  20
535.870614
  0
VERTEX
  8
14
  10
3916.674218
  20
535.519147
  0
VERTEX
  8
14
  10
3916.444054
  20
535.165528
  0
VERTEX
  8
14
  10
3916.211147
  20
534.823502
  0
VERTEX
  8
14
  10
3915.971240
  20
534.486366
  0
VERTEX
  8
14
  10
3915.724434
  20
534.154264
  0
VERTEX
  8
14
  10
3915.470823
  20
533.827334
  0
VERTEX
  8
14
  10
3915.210507
  20
533.505716
  0
VERTEX
  8
14
  10
3914.943585
  20
533.189554
  0
VERTEX
  8
14
  10
3914.664732
  20
532.872954
  0
VERTEX
  8
14
  10
3914.384797
  20
532.568224
  0
VERTEX
  8
14
  10
3914.098607
  20
532.269347
  0
VERTEX
  8
14
  10
3913.806294
  20
531.976452
  0
VERTEX
  8
14
  10
3913.507985
  20
531.689666
  0
VERTEX
  8
14
  10
3913.203808
  20
531.409115
  0
VERTEX
  8
14
  10
3912.887757
  20
531.129615
  0
VERTEX
  8
14
  10
3912.572123
  20
530.862040
  0
VERTEX
  8
14
  10
3912.251021
  20
530.601058
  0
VERTEX
  8
14
  10
3911.924592
  20
530.346768
  0
VERTEX
  8
14
  10
3911.592978
  20
530.099273
  0
VERTEX
  8
14
  10
3911.256320
  20
529.858672
  0
VERTEX
  8
14
  10
3910.914757
  20
529.625066
  0
VERTEX
  8
14
  10
3910.561594
  20
529.394185
  0
VERTEX
  8
14
  10
3910.210562
  20
529.175015
  0
VERTEX
  8
14
  10
3909.855070
  20
528.963150
  0
VERTEX
  8
14
  10
3909.495275
  20
528.758696
  0
VERTEX
  8
14
  10
3909.131334
  20
528.561760
  0
VERTEX
  8
14
  10
3908.763404
  20
528.372447
  0
VERTEX
  8
14
  10
3908.391644
  20
528.190864
  0
VERTEX
  8
14
  10
3908.008811
  20
528.013789
  0
VERTEX
  8
14
  10
3907.629793
  20
527.848100
  0
VERTEX
  8
14
  10
3907.247423
  20
527.690306
  0
VERTEX
  8
14
  10
3906.861863
  20
527.540389
  0
VERTEX
  8
14
  10
3906.473276
  20
527.398331
  0
VERTEX
  8
14
  10
3906.081823
  20
527.264114
  0
VERTEX
  8
14
  10
3905.687665
  20
527.137721
  0
VERTEX
  8
14
  10
3905.283163
  20
527.016889
  0
VERTEX
  8
14
  10
3904.884048
  20
526.906391
  0
VERTEX
  8
14
  10
3904.482754
  20
526.804148
  0
VERTEX
  8
14
  10
3904.079466
  20
526.710495
  0
VERTEX
  8
14
  10
3903.698250
  20
526.630499
  0
VERTEX
  8
14
  10
3903.315591
  20
526.558688
  0
VERTEX
  8
14
  10
3902.931647
  20
526.495343
  0
VERTEX
  8
14
  10
3902.546592
  20
526.440740
  0
VERTEX
  8
14
  10
3902.138784
  20
526.392231
  0
VERTEX
  8
14
  10
3901.693503
  20
526.348599
  0
VERTEX
  8
14
  10
3901.227018
  20
526.311887
  0
VERTEX
  8
14
  10
3900.745325
  20
526.282587
  0
VERTEX
  8
14
  10
3900.252751
  20
526.261180
  0
VERTEX
  8
14
  10
3899.796753
  20
526.250000
  0
SEQEND
  8
14
  0
POINT
  8
2
 10
3759.796753
 20
526.250000
  0
TEXT
  8
2
 10
3759.796753
 20
526.250000
 40
0.000000
 50
0.000000
  1
# 731
  0
POINT
  8
2
 10
3739.796753
 20
546.250000
  0
TEXT
  8
2
 10
3739.796753
 20
546.250000
 40
0.000000
 50
0.000000
  1
# 732
  0
POINT
  8
2
 10
3739.796753
 20
706.250000
  0
TEXT
  8
2
 10
3739.796753
 20
706.250000
 40
0.000000
 50
0.000000
  1
# 733
  0
POINT
  8
2
 10
3919.796753
 20
706.250000
  0
TEXT
  8
2
 10
3919.796753
 20
706.250000
 40
0.000000
 50
0.000000
  1
# 734
  0
POINT
  8
2
 10
3919.796753
 20
546.250000
  0
TEXT
  8
2
 10
3919.796753
 20
546.250000
 40
0.000000
 50
0.000000
  1
# 735
  0
POINT
  8
2
 10
3899.796753
 20
526.250000
  0
TEXT
  8
2
 10
3899.796753
 20
526.250000
 40
0.000000
 50
0.000000
  1
# 736
  0
POINT
  8
3
 10
3759.040100
 20
526.274429
  0
POINT
  8
3
 10
3758.554763
 20
526.301548
  0
POINT
  8
3
 10
3758.091844
 20
526.335318
  0
POINT
  8
3
 10
3757.642571
 20
526.376023
  0
POINT
  8
3
 10
3757.226119
 20
526.421533
  0
POINT
  8
3
 10
3756.827962
 20
526.473048
  0
POINT
  8
3
 10
3756.445283
 20
526.531107
  0
POINT
  8
3
 10
3756.073378
 20
526.596077
  0
POINT
  8
3
 10
3755.702755
 20
526.669089
  0
POINT
  8
3
 10
3755.307235
 20
526.755971
  0
POINT
  8
3
 10
3754.913523
 20
526.851519
  0
POINT
  8
3
 10
3754.521787
 20
526.955443
  0
POINT
  8
3
 10
3754.132207
 20
527.067446
  0
POINT
  8
3
 10
3753.719224
 20
527.195496
  0
POINT
  8
3
 10
3753.325354
 20
527.326483
  0
POINT
  8
3
 10
3752.918153
 20
527.471152
  0
POINT
  8
3
 10
3752.514179
 20
527.624247
  0
POINT
  8
3
 10
3752.113608
 20
527.785775
  0
POINT
  8
3
 10
3751.741327
 20
527.944871
  0
POINT
  8
3
 10
3751.372351
 20
528.111388
  0
POINT
  8
3
 10
3751.006825
 20
528.285331
  0
POINT
  8
3
 10
3750.636174
 20
528.471193
  0
POINT
  8
3
 10
3750.278095
 20
528.660146
  0
POINT
  8
3
 10
3749.923911
 20
528.856406
  0
POINT
  8
3
 10
3749.573770
 20
529.059865
  0
POINT
  8
3
 10
3749.227810
 20
529.270418
  0
POINT
  8
3
 10
3748.886179
 20
529.487960
  0
POINT
  8
3
 10
3748.549016
 20
529.712387
  0
POINT
  8
3
 10
3748.216468
 20
529.943591
  0
POINT
  8
3
 10
3747.880789
 20
530.187318
  0
POINT
  8
3
 10
3747.558008
 20
530.431924
  0
POINT
  8
3
 10
3747.240249
 20
530.682992
  0
POINT
  8
3
 10
3746.927640
 20
530.940421
  0
POINT
  8
3
 10
3746.620306
 20
531.204108
  0
POINT
  8
3
 10
3746.318374
 20
531.473949
  0
POINT
  8
3
 10
3746.021972
 20
531.749842
  0
POINT
  8
3
 10
3745.731225
 20
532.031683
  0
POINT
  8
3
 10
3745.439425
 20
532.326414
  0
POINT
  8
3
 10
3745.160496
 20
532.619961
  0
POINT
  8
3
 10
3744.887565
 20
532.919103
  0
POINT
  8
3
 10
3744.620736
 20
533.223711
  0
POINT
  8
3
 10
3744.360111
 20
533.533658
  0
POINT
  8
3
 10
3744.105794
 20
533.848816
  0
POINT
  8
3
 10
3743.857888
 20
534.169059
  0
POINT
  8
3
 10
3743.610726
 20
534.502202
  0
POINT
  8
3
 10
3743.376114
 20
534.832344
  0
POINT
  8
3
 10
3743.148227
 20
535.167169
  0
POINT
  8
3
 10
3742.927171
 20
535.506535
  0
POINT
  8
3
 10
3742.713051
 20
535.850300
  0
POINT
  8
3
 10
3742.505971
 20
536.198322
  0
POINT
  8
3
 10
3742.306039
 20
536.550458
  0
POINT
  8
3
 10
3742.113357
 20
536.906568
  0
POINT
  8
3
 10
3741.923633
 20
537.275277
  0
POINT
  8
3
 10
3741.745914
 20
537.638988
  0
POINT
  8
3
 10
3741.575623
 20
538.006232
  0
POINT
  8
3
 10
3741.412756
 20
538.376855
  0
POINT
  8
3
 10
3741.257307
 20
538.750711
  0
POINT
  8
3
 10
3741.099665
 20
539.152882
  0
POINT
  8
3
 10
3740.950453
 20
539.558377
  0
POINT
  8
3
 10
3740.809664
 20
539.967012
  0
POINT
  8
3
 10
3740.682418
 20
540.362180
  0
POINT
  8
3
 10
3740.565893
 20
540.750454
  0
POINT
  8
3
 10
3740.457279
 20
541.140981
  0
POINT
  8
3
 10
3740.356868
 20
541.533587
  0
POINT
  8
3
 10
3740.264955
 20
541.928097
  0
POINT
  8
3
 10
3740.181831
 20
542.324335
  0
POINT
  8
3
 10
3740.112437
 20
542.695564
  0
POINT
  8
3
 10
3740.051192
 20
543.068005
  0
POINT
  8
3
 10
3739.996344
 20
543.455508
  0
POINT
  8
3
 10
3739.945777
 20
543.877301
  0
POINT
  8
3
 10
3739.899979
 20
544.337268
  0
POINT
  8
3
 10
3739.861289
 20
544.817884
  0
POINT
  8
3
 10
3739.830351
 20
545.312749
  0
POINT
  8
3
 10
3739.808371
 20
545.801070
  0
POINT
  8
3
 10
3919.782972
 20
545.721914
  0
POINT
  8
3
 10
3919.761128
 20
545.244808
  0
POINT
  8
3
 10
3919.731801
 20
544.776708
  0
POINT
  8
3
 10
3919.696060
 20
544.330091
  0
POINT
  8
3
 10
3919.654455
 20
543.907785
  0
POINT
  8
3
 10
3919.605938
 20
543.499962
  0
POINT
  8
3
 10
3919.553780
 20
543.130921
  0
POINT
  8
3
 10
3919.490788
 20
542.746917
  0
POINT
  8
3
 10
3919.419320
 20
542.364194
  0
POINT
  8
3
 10
3919.339658
 20
541.982907
  0
POINT
  8
3
 10
3919.246349
 20
541.579538
  0
POINT
  8
3
 10
3919.144440
 20
541.178156
  0
POINT
  8
3
 10
3919.034266
 20
540.778946
  0
POINT
  8
3
 10
3918.913755
 20
540.374339
  0
POINT
  8
3
 10
3918.787679
 20
539.980075
  0
POINT
  8
3
 10
3918.653779
 20
539.588508
  0
POINT
  8
3
 10
3918.512038
 20
539.199803
  0
POINT
  8
3
 10
3918.362435
 20
538.814119
  0
POINT
  8
3
 10
3918.204953
 20
538.431622
  0
POINT
  8
3
 10
3918.039569
 20
538.052469
  0
POINT
  8
3
 10
3917.873219
 20
537.691488
  0
POINT
  8
3
 10
3917.692382
 20
537.319364
  0
POINT
  8
3
 10
3917.503802
 20
536.951059
  0
POINT
  8
3
 10
3917.307587
 20
536.586726
  0
POINT
  8
3
 10
3917.103846
 20
536.226527
  0
POINT
  8
3
 10
3916.892686
 20
535.870614
  0
POINT
  8
3
 10
3916.674218
 20
535.519147
  0
POINT
  8
3
 10
3916.444054
 20
535.165528
  0
POINT
  8
3
 10
3916.211147
 20
534.823502
  0
POINT
  8
3
 10
3915.971240
 20
534.486366
  0
POINT
  8
3
 10
3915.724434
 20
534.154264
  0
POINT
  8
3
 10
3915.470823
 20
533.827334
  0
POINT
  8
3
 10
3915.210507
 20
533.505716
  0
POINT
  8
3
 10
3914.943585
 20
533.189554
  0
POINT
  8
3
 10
3914.664732
 20
532.872954
  0
POINT
  8
3
 10
3914.384797
 20
532.568224
  0
POINT
  8
3
 10
3914.098607
 20
532.269347
  0
POINT
  8
3
 10
3913.806294
 20
531.976452
  0
POINT
  8
3
 10
3913.507985
 20
531.689666
  0
POINT
  8
3
 10
3913.203808
 20
531.409115
  0
POINT
  8
3
 10
3912.887757
 20
531.129615
  0
POINT
  8
3
 10
3912.572123
 20
530.862040
  0
POINT
  8
3
 10
3912.251021
 20
530.601058
  0
POINT
  8
3
 10
3911.924592
 20
530.346768
  0
POINT
  8
3
 10
3911.592978
 20
530.099273
  0
POINT
  8
3
 10
3911.256320
 20
529.858672
  0
POINT
  8
3
 10
3910.914757
 20
529.625066
  0
POINT
  8
3
 10
3910.561594
 20
529.394185
  0
POINT
  8
3
 10
3910.210562
 20
529.175015
  0
POINT
  8
3
 10
3909.855070
 20
528.963150
  0
POINT
  8
3
 10
3909.495275
 20
528.758696
  0
POINT
  8
3
 10
3909.131334
 20
528.561760
  0
POINT
  8
3
 10
3908.763404
 20
528.372447
  0
POINT
  8
3
 10
3908.391644
 20
528.190864
  0
POINT
  8
3
 10
3908.008811
 20
528.013789
  0
POINT
  8
3
 10
3907.629793
 20
527.848100
  0
POINT
  8
3
 10
3907.247423
 20
527.690306
  0
POINT
  8
3
 10
3906.861863
 20
527.540389
  0
POINT
  8
3
 10
3906.473276
 20
527.398331
  0
POINT
  8
3
 10
3906.081823
 20
527.264114
  0
POINT
  8
3
 10
3905.687665
 20
527.137721
  0
POINT
  8
3
 10
3905.283163
 20
527.016889
  0
POINT
  8
3
 10
3904.884048
 20
526.906391
  0
POINT
  8
3
 10
3904.482754
 20
526.804148
  0
POINT
  8
3
 10
3904.079466
 20
526.710495
  0
POINT
  8
3
 10
3903.698250
 20
526.630499
  0
POINT
  8
3
 10
3903.315591
 20
526.558688
  0
POINT
  8
3
 10
3902.931647
 20
526.495343
  0
POINT
  8
3
 10
3902.546592
 20
526.440740
  0
POINT
  8
3
 10
3902.138784
 20
526.392231
  0
POINT
  8
3
 10
3901.693503
 20
526.348599
  0
POINT
  8
3
 10
3901.227018
 20
526.311887
  0
POINT
  8
3
 10
3900.745325
 20
526.282587
  0
POINT
  8
3
 10
3900.252751
 20
526.261180
  0
POLYLINE
  8
8
  66
1
  70
0
  0
VERTEX
  8
8
  10
3739.796753
  20
656.250000
  0
VERTEX
  8
8
  10
3919.796753
  20
656.250000
  0
SEQEND
  8
8
  0
POINT
  8
2
 10
3739.796753
 20
656.250000
  0
TEXT
  8
2
 10
3739.796753
 20
656.250000
 40
0.000000
 50
0.000000
  1
# 737
  0
POINT
  8
2
 10
3919.796753
 20
656.250000
  0
TEXT
  8
2
 10
3919.796753
 20
656.250000
 40
0.000000
 50
0.000000
  1
# 738
 0
LINE
 8
7
 10
3818.966980
 20
679.959946
 11
3818.966980
 21
532.742767
  0
TEXT
  8
1
 10
3829.796753
 20
616.250000
 40
10.000000
 50
0.000000
  1
Piece Name: 26SMC-WP130M 展_腿袋布_175/84
  0
TEXT
  8
1
 10
3829.796753
 20
631.250000
 40
10.000000
 50
0.000000
  1
Size: 175/84
  0
TEXT
  8
1
 10
3829.796753
 20
646.250000
 40
10.000000
 50
0.000000
  1
Annotation: 
  0
TEXT
  8
1
 10
3829.796753
 20
661.250000
 40
10.000000
 50
0.000000
  1
Quantity: 1,1
  0
TEXT
  8
1
 10
3829.796753
 20
676.250000
 40
10.000000
 50
0.000000
  1
Material: TC
  0
TEXT
  8
1
 10
3829.796753
 20
676.250000
 40
10.000000
 50
0.000000
  1
Category: 29
0
ENDBLK
0
BLOCK
  8
1
  2
26SMC-WP130M 展_腿袋开线_175/84
 70
0
 10
0.0
 20
0.0
  0
POLYLINE
  8
1
  66
1
  70
1
  0
VERTEX
  8
1
  10
3727.682800
  20
802.302322
  0
VERTEX
  8
1
  10
3739.257202
  20
802.302322
  0
VERTEX
  8
1
  10
3749.980164
  20
802.302322
  0
VERTEX
  8
1
  10
3760.263977
  20
802.302322
  0
VERTEX
  8
1
  10
3770.484314
  20
802.302322
  0
VERTEX
  8
1
  10
3780.658264
  20
802.302322
  0
VERTEX
  8
1
  10
3790.700989
  20
802.302322
  0
VERTEX
  8
1
  10
3800.743408
  20
802.302322
  0
VERTEX
  8
1
  10
3810.842590
  20
802.302322
  0
VERTEX
  8
1
  10
3820.885315
  20
802.302322
  0
VERTEX
  8
1
  10
3830.928040
  20
802.302322
  0
VERTEX
  8
1
  10
3841.088257
  20
802.302322
  0
VERTEX
  8
1
  10
3851.130981
  20
802.302322
  0
VERTEX
  8
1
  10
3861.173401
  20
802.302322
  0
VERTEX
  8
1
  10
3871.394348
  20
802.302322
  0
VERTEX
  8
1
  10
3881.376343
  20
802.302322
  0
VERTEX
  8
1
  10
3886.856384
  20
802.302322
  0
VERTEX
  8
1
  10
3896.683044
  20
802.302322
  0
VERTEX
  8
1
  10
3896.683044
  20
766.302338
  0
VERTEX
  8
1
  10
3886.856384
  20
766.302338
  0
VERTEX
  8
1
  10
3881.376343
  20
766.302338
  0
VERTEX
  8
1
  10
3871.394348
  20
766.302338
  0
VERTEX
  8
1
  10
3861.173401
  20
766.302338
  0
VERTEX
  8
1
  10
3851.130981
  20
766.302338
  0
VERTEX
  8
1
  10
3841.088257
  20
766.302338
  0
VERTEX
  8
1
  10
3830.928040
  20
766.302338
  0
VERTEX
  8
1
  10
3820.885315
  20
766.302338
  0
VERTEX
  8
1
  10
3810.842590
  20
766.302338
  0
VERTEX
  8
1
  10
3800.743408
  20
766.302338
  0
VERTEX
  8
1
  10
3790.700989
  20
766.302338
  0
VERTEX
  8
1
  10
3780.658264
  20
766.302338
  0
VERTEX
  8
1
  10
3770.484314
  20
766.302338
  0
VERTEX
  8
1
  10
3760.263977
  20
766.302338
  0
VERTEX
  8
1
  10
3749.980164
  20
766.302338
  0
VERTEX
  8
1
  10
3739.257202
  20
766.302338
  0
VERTEX
  8
1
  10
3727.682800
  20
766.302338
  0
SEQEND
  8
1
  0
POINT
  8
2
 10
3727.682800
 20
802.302322
  0
TEXT
  8
2
 10
3727.682800
 20
802.302322
 40
0.000000
 50
0.000000
  1
# 739
  0
POINT
  8
2
 10
3896.683044
 20
802.302322
  0
TEXT
  8
2
 10
3896.683044
 20
802.302322
 40
0.000000
 50
0.000000
  1
# 740
  0
POINT
  8
2
 10
3896.683044
 20
766.302338
  0
TEXT
  8
2
 10
3896.683044
 20
766.302338
 40
0.000000
 50
0.000000
  1
# 741
  0
POINT
  8
2
 10
3727.682800
 20
766.302338
  0
TEXT
  8
2
 10
3727.682800
 20
766.302338
 40
0.000000
 50
0.000000
  1
# 742
  0
POINT
  8
3
 10
3739.257202
 20
802.302322
  0
POINT
  8
3
 10
3749.980164
 20
802.302322
  0
POINT
  8
3
 10
3760.263977
 20
802.302322
  0
POINT
  8
3
 10
3770.484314
 20
802.302322
  0
POINT
  8
3
 10
3780.658264
 20
802.302322
  0
POINT
  8
3
 10
3790.700989
 20
802.302322
  0
POINT
  8
3
 10
3800.743408
 20
802.302322
  0
POINT
  8
3
 10
3810.842590
 20
802.302322
  0
POINT
  8
3
 10
3820.885315
 20
802.302322
  0
POINT
  8
3
 10
3830.928040
 20
802.302322
  0
POINT
  8
3
 10
3841.088257
 20
802.302322
  0
POINT
  8
3
 10
3851.130981
 20
802.302322
  0
POINT
  8
3
 10
3861.173401
 20
802.302322
  0
POINT
  8
3
 10
3871.394348
 20
802.302322
  0
POINT
  8
3
 10
3881.376343
 20
802.302322
  0
POINT
  8
3
 10
3886.856384
 20
802.302322
  0
POINT
  8
3
 10
3886.856384
 20
766.302338
  0
POINT
  8
3
 10
3881.376343
 20
766.302338
  0
POINT
  8
3
 10
3871.394348
 20
766.302338
  0
POINT
  8
3
 10
3861.173401
 20
766.302338
  0
POINT
  8
3
 10
3851.130981
 20
766.302338
  0
POINT
  8
3
 10
3841.088257
 20
766.302338
  0
POINT
  8
3
 10
3830.928040
 20
766.302338
  0
POINT
  8
3
 10
3820.885315
 20
766.302338
  0
POINT
  8
3
 10
3810.842590
 20
766.302338
  0
POINT
  8
3
 10
3800.743408
 20
766.302338
  0
POINT
  8
3
 10
3790.700989
 20
766.302338
  0
POINT
  8
3
 10
3780.658264
 20
766.302338
  0
POINT
  8
3
 10
3770.484314
 20
766.302338
  0
POINT
  8
3
 10
3760.263977
 20
766.302338
  0
POINT
  8
3
 10
3749.980164
 20
766.302338
  0
POINT
  8
3
 10
3739.257202
 20
766.302338
  0
POLYLINE
  8
14
  66
1
  70
1
  0
VERTEX
  8
14
  10
3739.682922
  20
790.302353
  0
VERTEX
  8
14
  10
3749.980056
  20
790.302353
  0
VERTEX
  8
14
  10
3760.264045
  20
790.302353
  0
VERTEX
  8
14
  10
3770.484433
  20
790.302353
  0
VERTEX
  8
14
  10
3780.658251
  20
790.302353
  0
VERTEX
  8
14
  10
3790.700861
  20
790.302353
  0
VERTEX
  8
14
  10
3800.743460
  20
790.302353
  0
VERTEX
  8
14
  10
3810.842739
  20
790.302353
  0
VERTEX
  8
14
  10
3820.885322
  20
790.302353
  0
VERTEX
  8
14
  10
3830.927906
  20
790.302353
  0
VERTEX
  8
14
  10
3841.088330
  20
790.302353
  0
VERTEX
  8
14
  10
3851.130917
  20
790.302353
  0
VERTEX
  8
14
  10
3861.173524
  20
790.302353
  0
VERTEX
  8
14
  10
3871.394312
  20
790.302353
  0
VERTEX
  8
14
  10
3881.376342
  20
790.302353
  0
VERTEX
  8
14
  10
3884.682922
  20
790.302353
  0
VERTEX
  8
14
  10
3884.683228
  20
778.302307
  0
VERTEX
  8
14
  10
3881.376342
  20
778.302307
  0
VERTEX
  8
14
  10
3871.394312
  20
778.302307
  0
VERTEX
  8
14
  10
3861.173524
  20
778.302307
  0
VERTEX
  8
14
  10
3851.130917
  20
778.302307
  0
VERTEX
  8
14
  10
3841.088330
  20
778.302307
  0
VERTEX
  8
14
  10
3830.927906
  20
778.302307
  0
VERTEX
  8
14
  10
3820.885322
  20
778.302307
  0
VERTEX
  8
14
  10
3810.842739
  20
778.302307
  0
VERTEX
  8
14
  10
3800.743460
  20
778.302307
  0
VERTEX
  8
14
  10
3790.700861
  20
778.302307
  0
VERTEX
  8
14
  10
3780.658251
  20
778.302307
  0
VERTEX
  8
14
  10
3770.484433
  20
778.302307
  0
VERTEX
  8
14
  10
3760.264045
  20
778.302307
  0
VERTEX
  8
14
  10
3749.980056
  20
778.302307
  0
VERTEX
  8
14
  10
3739.682922
  20
778.302307
  0
SEQEND
  8
14
  0
POINT
  8
2
 10
3739.682922
 20
790.302353
  0
TEXT
  8
2
 10
3739.682922
 20
790.302353
 40
0.000000
 50
0.000000
  1
# 743
  0
POINT
  8
2
 10
3884.682922
 20
790.302353
  0
TEXT
  8
2
 10
3884.682922
 20
790.302353
 40
0.000000
 50
0.000000
  1
# 744
  0
POINT
  8
2
 10
3884.683228
 20
778.302307
  0
TEXT
  8
2
 10
3884.683228
 20
778.302307
 40
0.000000
 50
0.000000
  1
# 745
  0
POINT
  8
2
 10
3739.682922
 20
778.302307
  0
TEXT
  8
2
 10
3739.682922
 20
778.302307
 40
0.000000
 50
0.000000
  1
# 746
  0
POINT
  8
3
 10
3749.980056
 20
790.302353
  0
POINT
  8
3
 10
3760.264045
 20
790.302353
  0
POINT
  8
3
 10
3770.484433
 20
790.302353
  0
POINT
  8
3
 10
3780.658251
 20
790.302353
  0
POINT
  8
3
 10
3790.700861
 20
790.302353
  0
POINT
  8
3
 10
3800.743460
 20
790.302353
  0
POINT
  8
3
 10
3810.842739
 20
790.302353
  0
POINT
  8
3
 10
3820.885322
 20
790.302353
  0
POINT
  8
3
 10
3830.927906
 20
790.302353
  0
POINT
  8
3
 10
3841.088330
 20
790.302353
  0
POINT
  8
3
 10
3851.130917
 20
790.302353
  0
POINT
  8
3
 10
3861.173524
 20
790.302353
  0
POINT
  8
3
 10
3871.394312
 20
790.302353
  0
POINT
  8
3
 10
3881.376342
 20
790.302353
  0
POINT
  8
3
 10
3881.376342
 20
778.302307
  0
POINT
  8
3
 10
3871.394312
 20
778.302307
  0
POINT
  8
3
 10
3861.173524
 20
778.302307
  0
POINT
  8
3
 10
3851.130917
 20
778.302307
  0
POINT
  8
3
 10
3841.088330
 20
778.302307
  0
POINT
  8
3
 10
3830.927906
 20
778.302307
  0
POINT
  8
3
 10
3820.885322
 20
778.302307
  0
POINT
  8
3
 10
3810.842739
 20
778.302307
  0
POINT
  8
3
 10
3800.743460
 20
778.302307
  0
POINT
  8
3
 10
3790.700861
 20
778.302307
  0
POINT
  8
3
 10
3780.658251
 20
778.302307
  0
POINT
  8
3
 10
3770.484433
 20
778.302307
  0
POINT
  8
3
 10
3760.264045
 20
778.302307
  0
POINT
  8
3
 10
3749.980056
 20
778.302307
 0
LINE
 8
7
 10
3754.663086
 20
784.840164
 11
3860.608215
 21
784.840164
  0
TEXT
  8
1
 10
3812.182922
 20
784.302330
 40
10.000000
 50
0.000000
  1
Piece Name: 26SMC-WP130M 展_腿袋开线_175/84
  0
TEXT
  8
1
 10
3812.182922
 20
799.302330
 40
10.000000
 50
0.000000
  1
Size: 175/84
  0
TEXT
  8
1
 10
3812.182922
 20
814.302330
 40
10.000000
 50
0.000000
  1
Annotation: 
  0
TEXT
  8
1
 10
3812.182922
 20
829.302330
 40
10.000000
 50
0.000000
  1
Quantity: 1
  0
TEXT
  8
1
 10
3812.182922
 20
844.302330
 40
10.000000
 50
0.000000
  1
Material: 面
  0
TEXT
  8
1
 10
3812.182922
 20
844.302330
 40
10.000000
 50
0.000000
  1
Category: 30
0
ENDBLK
0
BLOCK
  8
1
  2
26SMC-WP130M 展_前袋垫_175/84
 70
0
 10
0.0
 20
0.0
  0
POLYLINE
  8
1
  66
1
  70
1
  0
VERTEX
  8
1
  10
3900.837402
  20
1116.801758
  0
VERTEX
  8
1
  10
3899.707642
  20
1107.529373
  0
VERTEX
  8
1
  10
3898.920898
  20
1100.834656
  0
VERTEX
  8
1
  10
3898.082886
  20
1094.449997
  0
VERTEX
  8
1
  10
3897.058716
  20
1087.444916
  0
VERTEX
  8
1
  10
3895.986328
  20
1080.742264
  0
VERTEX
  8
1
  10
3894.687195
  20
1073.261261
  0
VERTEX
  8
1
  10
3893.330383
  20
1066.030273
  0
VERTEX
  8
1
  10
3891.978455
  20
1059.305496
  0
VERTEX
  8
1
  10
3890.465393
  20
1052.253494
  0
VERTEX
  8
1
  10
3888.784485
  20
1044.915924
  0
VERTEX
  8
1
  10
3887.203979
  20
1038.430710
  0
VERTEX
  8
1
  10
3885.489807
  20
1031.792374
  0
VERTEX
  8
1
  10
3883.637695
  20
1025.026932
  0
VERTEX
  8
1
  10
3881.642151
  20
1018.160477
  0
VERTEX
  8
1
  10
3879.498291
  20
1011.218796
  0
VERTEX
  8
1
  10
3877.595215
  20
1005.395355
  0
VERTEX
  8
1
  10
3875.713196
  20
999.924927
  0
VERTEX
  8
1
  10
3873.575134
  20
994.057617
  0
VERTEX
  8
1
  10
3871.758118
  20
989.368286
  0
VERTEX
  8
1
  10
3869.835205
  20
984.700317
  0
VERTEX
  8
1
  10
3867.796326
  20
980.069809
  0
VERTEX
  8
1
  10
3865.630493
  20
975.492706
  0
VERTEX
  8
1
  10
3863.326111
  20
970.985184
  0
VERTEX
  8
1
  10
3861.499634
  20
967.659988
  0
VERTEX
  8
1
  10
3859.583435
  20
964.390182
  0
VERTEX
  8
1
  10
3857.571716
  20
961.183167
  0
VERTEX
  8
1
  10
3855.458679
  20
958.046494
  0
VERTEX
  8
1
  10
3853.238831
  20
954.988174
  0
VERTEX
  8
1
  10
3850.906067
  20
952.016602
  0
VERTEX
  8
1
  10
3848.454895
  20
949.140701
  0
VERTEX
  8
1
  10
3845.879211
  20
946.370010
  0
VERTEX
  8
1
  10
3843.173828
  20
943.714905
  0
VERTEX
  8
1
  10
3841.093140
  20
941.837387
  0
VERTEX
  8
1
  10
3838.190918
  20
939.432220
  0
VERTEX
  8
1
  10
3835.210571
  20
937.185516
  0
VERTEX
  8
1
  10
3832.165222
  20
935.090714
  0
VERTEX
  8
1
  10
3829.066772
  20
933.141403
  0
VERTEX
  8
1
  10
3825.928040
  20
931.330948
  0
VERTEX
  8
1
  10
3822.759705
  20
929.652939
  0
VERTEX
  8
1
  10
3819.573059
  20
928.101044
  0
VERTEX
  8
1
  10
3816.379089
  20
926.669159
  0
VERTEX
  8
1
  10
3813.188477
  20
925.351334
  0
VERTEX
  8
1
  10
3808.956604
  20
923.761902
  0
VERTEX
  8
1
  10
3804.773254
  20
922.352142
  0
VERTEX
  8
1
  10
3800.662231
  20
921.109695
  0
VERTEX
  8
1
  10
3796.647644
  20
920.022583
  0
VERTEX
  8
1
  10
3792.752991
  20
919.079437
  0
VERTEX
  8
1
  10
3789.002991
  20
918.269043
  0
VERTEX
  8
1
  10
3784.554749
  20
917.426529
  0
VERTEX
  8
1
  10
3780.416870
  20
916.754379
  0
VERTEX
  8
1
  10
3776.636353
  20
916.232605
  0
VERTEX
  8
1
  10
3772.638550
  20
915.777664
  0
VERTEX
  8
1
  10
3768.822327
  20
915.441132
  0
VERTEX
  8
1
  10
3765.460205
  20
915.236664
  0
VERTEX
  8
1
  10
3762.050171
  20
915.067596
  0
VERTEX
  8
1
  10
3754.211121
  20
914.646912
  0
VERTEX
  8
1
  10
3753.895874
  20
924.382935
  0
VERTEX
  8
1
  10
3753.585815
  20
933.241425
  0
VERTEX
  8
1
  10
3753.376160
  20
941.356430
  0
VERTEX
  8
1
  10
3753.255920
  20
949.028473
  0
VERTEX
  8
1
  10
3753.223572
  20
956.039658
  0
VERTEX
  8
1
  10
3753.273010
  20
962.281494
  0
VERTEX
  8
1
  10
3753.276062
  20
962.660980
  0
VERTEX
  8
1
  10
3753.423462
  20
969.776001
  0
VERTEX
  8
1
  10
3753.517761
  20
972.668610
  0
VERTEX
  8
1
  10
3753.667297
  20
977.266388
  0
VERTEX
  8
1
  10
3754.025269
  20
985.520477
  0
VERTEX
  8
1
  10
3754.497681
  20
994.439774
  0
VERTEX
  8
1
  10
3755.014648
  20
1002.684555
  0
VERTEX
  8
1
  10
3755.592957
  20
1010.545959
  0
VERTEX
  8
1
  10
3756.195068
  20
1017.627716
  0
VERTEX
  8
1
  10
3756.852417
  20
1024.411621
  0
VERTEX
  8
1
  10
3757.625427
  20
1031.486435
  0
VERTEX
  8
1
  10
3758.484802
  20
1038.549500
  0
VERTEX
  8
1
  10
3759.429321
  20
1045.599976
  0
VERTEX
  8
1
  10
3760.457153
  20
1052.636795
  0
VERTEX
  8
1
  10
3761.564636
  20
1059.648972
  0
VERTEX
  8
1
  10
3762.821350
  20
1067.043152
  0
VERTEX
  8
1
  10
3764.163208
  20
1074.418488
  0
VERTEX
  8
1
  10
3765.587769
  20
1081.774445
  0
VERTEX
  8
1
  10
3766.572876
  20
1086.574402
  0
VERTEX
  8
1
  10
3767.149658
  20
1089.384918
  0
VERTEX
  8
1
  10
3769.005127
  20
1097.969131
  0
VERTEX
  8
1
  10
3771.150818
  20
1107.474976
  0
VERTEX
  8
1
  10
3773.395691
  20
1117.062454
  0
VERTEX
  8
1
  10
3775.445251
  20
1125.902100
  0
VERTEX
  8
1
  10
3784.575806
  20
1125.061264
  0
VERTEX
  8
1
  10
3794.546509
  20
1124.135208
  0
VERTEX
  8
1
  10
3804.620056
  20
1123.228531
  0
VERTEX
  8
1
  10
3814.719543
  20
1122.355881
  0
VERTEX
  8
1
  10
3824.843445
  20
1121.528549
  0
VERTEX
  8
1
  10
3834.821472
  20
1120.760269
  0
VERTEX
  8
1
  10
3844.806519
  20
1120.034714
  0
VERTEX
  8
1
  10
3855.026245
  20
1119.334335
  0
VERTEX
  8
1
  10
3863.610535
  20
1118.786621
  0
VERTEX
  8
1
  10
3865.007324
  20
1118.697510
  0
VERTEX
  8
1
  10
3874.982605
  20
1118.116837
  0
VERTEX
  8
1
  10
3884.957275
  20
1117.597427
  0
VERTEX
  8
1
  10
3891.490784
  20
1117.274170
  0
SEQEND
  8
1
  0
POINT
  8
2
 10
3900.837402
 20
1116.801758
  0
TEXT
  8
2
 10
3900.837402
 20
1116.801758
 40
0.000000
 50
0.000000
  1
# 747
  0
POINT
  8
2
 10
3754.211121
 20
914.646912
  0
TEXT
  8
2
 10
3754.211121
 20
914.646912
 40
0.000000
 50
0.000000
  1
# 748
  0
POINT
  8
2
 10
3775.445251
 20
1125.902100
  0
TEXT
  8
2
 10
3775.445251
 20
1125.902100
 40
0.000000
 50
0.000000
  1
# 749
  0
POINT
  8
3
 10
3899.707642
 20
1107.529373
  0
POINT
  8
3
 10
3898.920898
 20
1100.834656
  0
POINT
  8
3
 10
3898.082886
 20
1094.449997
  0
POINT
  8
3
 10
3897.058716
 20
1087.444916
  0
POINT
  8
3
 10
3895.986328
 20
1080.742264
  0
POINT
  8
3
 10
3894.687195
 20
1073.261261
  0
POINT
  8
3
 10
3893.330383
 20
1066.030273
  0
POINT
  8
3
 10
3891.978455
 20
1059.305496
  0
POINT
  8
3
 10
3890.465393
 20
1052.253494
  0
POINT
  8
3
 10
3888.784485
 20
1044.915924
  0
POINT
  8
3
 10
3887.203979
 20
1038.430710
  0
POINT
  8
3
 10
3885.489807
 20
1031.792374
  0
POINT
  8
3
 10
3883.637695
 20
1025.026932
  0
POINT
  8
3
 10
3881.642151
 20
1018.160477
  0
POINT
  8
3
 10
3879.498291
 20
1011.218796
  0
POINT
  8
3
 10
3877.595215
 20
1005.395355
  0
POINT
  8
3
 10
3875.713196
 20
999.924927
  0
POINT
  8
3
 10
3873.575134
 20
994.057617
  0
POINT
  8
3
 10
3871.758118
 20
989.368286
  0
POINT
  8
3
 10
3869.835205
 20
984.700317
  0
POINT
  8
3
 10
3867.796326
 20
980.069809
  0
POINT
  8
3
 10
3865.630493
 20
975.492706
  0
POINT
  8
3
 10
3863.326111
 20
970.985184
  0
POINT
  8
3
 10
3861.499634
 20
967.659988
  0
POINT
  8
3
 10
3859.583435
 20
964.390182
  0
POINT
  8
3
 10
3857.571716
 20
961.183167
  0
POINT
  8
3
 10
3855.458679
 20
958.046494
  0
POINT
  8
3
 10
3853.238831
 20
954.988174
  0
POINT
  8
3
 10
3850.906067
 20
952.016602
  0
POINT
  8
3
 10
3848.454895
 20
949.140701
  0
POINT
  8
3
 10
3845.879211
 20
946.370010
  0
POINT
  8
3
 10
3843.173828
 20
943.714905
  0
POINT
  8
3
 10
3841.093140
 20
941.837387
  0
POINT
  8
3
 10
3838.190918
 20
939.432220
  0
POINT
  8
3
 10
3835.210571
 20
937.185516
  0
POINT
  8
3
 10
3832.165222
 20
935.090714
  0
POINT
  8
3
 10
3829.066772
 20
933.141403
  0
POINT
  8
3
 10
3825.928040
 20
931.330948
  0
POINT
  8
3
 10
3822.759705
 20
929.652939
  0
POINT
  8
3
 10
3819.573059
 20
928.101044
  0
POINT
  8
3
 10
3816.379089
 20
926.669159
  0
POINT
  8
3
 10
3813.188477
 20
925.351334
  0
POINT
  8
3
 10
3808.956604
 20
923.761902
  0
POINT
  8
3
 10
3804.773254
 20
922.352142
  0
POINT
  8
3
 10
3800.662231
 20
921.109695
  0
POINT
  8
3
 10
3796.647644
 20
920.022583
  0
POINT
  8
3
 10
3792.752991
 20
919.079437
  0
POINT
  8
3
 10
3789.002991
 20
918.269043
  0
POINT
  8
3
 10
3784.554749
 20
917.426529
  0
POINT
  8
3
 10
3780.416870
 20
916.754379
  0
POINT
  8
3
 10
3776.636353
 20
916.232605
  0
POINT
  8
3
 10
3772.638550
 20
915.777664
  0
POINT
  8
3
 10
3768.822327
 20
915.441132
  0
POINT
  8
3
 10
3765.460205
 20
915.236664
  0
POINT
  8
3
 10
3762.050171
 20
915.067596
  0
POINT
  8
3
 10
3753.895874
 20
924.382935
  0
POINT
  8
3
 10
3753.585815
 20
933.241425
  0
POINT
  8
3
 10
3753.376160
 20
941.356430
  0
POINT
  8
3
 10
3753.255920
 20
949.028473
  0
POINT
  8
3
 10
3753.223572
 20
956.039658
  0
POINT
  8
3
 10
3753.273010
 20
962.281494
  0
POINT
  8
3
 10
3753.276062
 20
962.660980
  0
POINT
  8
3
 10
3753.423462
 20
969.776001
  0
POINT
  8
3
 10
3753.517761
 20
972.668610
  0
POINT
  8
3
 10
3753.667297
 20
977.266388
  0
POINT
  8
3
 10
3754.025269
 20
985.520477
  0
POINT
  8
3
 10
3754.497681
 20
994.439774
  0
POINT
  8
3
 10
3755.014648
 20
1002.684555
  0
POINT
  8
3
 10
3755.592957
 20
1010.545959
  0
POINT
  8
3
 10
3756.195068
 20
1017.627716
  0
POINT
  8
3
 10
3756.852417
 20
1024.411621
  0
POINT
  8
3
 10
3757.625427
 20
1031.486435
  0
POINT
  8
3
 10
3758.484802
 20
1038.549500
  0
POINT
  8
3
 10
3759.429321
 20
1045.599976
  0
POINT
  8
3
 10
3760.457153
 20
1052.636795
  0
POINT
  8
3
 10
3761.564636
 20
1059.648972
  0
POINT
  8
3
 10
3762.821350
 20
1067.043152
  0
POINT
  8
3
 10
3764.163208
 20
1074.418488
  0
POINT
  8
3
 10
3765.587769
 20
1081.774445
  0
POINT
  8
3
 10
3766.572876
 20
1086.574402
  0
POINT
  8
3
 10
3767.149658
 20
1089.384918
  0
POINT
  8
3
 10
3769.005127
 20
1097.969131
  0
POINT
  8
3
 10
3771.150818
 20
1107.474976
  0
POINT
  8
3
 10
3773.395691
 20
1117.062454
  0
POINT
  8
3
 10
3784.575806
 20
1125.061264
  0
POINT
  8
3
 10
3794.546509
 20
1124.135208
  0
POINT
  8
3
 10
3804.620056
 20
1123.228531
  0
POINT
  8
3
 10
3814.719543
 20
1122.355881
  0
POINT
  8
3
 10
3824.843445
 20
1121.528549
  0
POINT
  8
3
 10
3834.821472
 20
1120.760269
  0
POINT
  8
3
 10
3844.806519
 20
1120.034714
  0
POINT
  8
3
 10
3855.026245
 20
1119.334335
  0
POINT
  8
3
 10
3863.610535
 20
1118.786621
  0
POINT
  8
3
 10
3865.007324
 20
1118.697510
  0
POINT
  8
3
 10
3874.982605
 20
1118.116837
  0
POINT
  8
3
 10
3884.957275
 20
1117.597427
  0
POINT
  8
3
 10
3891.490784
 20
1117.274170
  0
POINT
  8
4
 10
3753.273010
 20
962.281494
 30
1.000000
 50
354.60
  0
TEXT
  8
4
 10
3753.273010
 20
962.281494
 40
0.000000
 50
0.000000
  1
# 750
  0
POINT
  8
4
 10
3753.517761
 20
972.668610
 30
1.000000
 50
358.13
  0
TEXT
  8
4
 10
3753.517761
 20
972.668610
 40
0.000000
 50
0.000000
  1
# 751
  0
POINT
  8
4
 10
3766.572876
 20
1086.574402
 30
1.000000
 50
354.65
  0
TEXT
  8
4
 10
3766.572876
 20
1086.574402
 40
0.000000
 50
0.000000
  1
# 752
  0
POINT
  8
4
 10
3863.610535
 20
1118.786621
 30
1.000000
 50
266.35
  0
TEXT
  8
4
 10
3863.610535
 20
1118.786621
 40
0.000000
 50
0.000000
  1
# 753
  0
POLYLINE
  8
14
  66
1
  70
1
  0
VERTEX
  8
14
  10
3889.599915
  20
1107.369919
  0
VERTEX
  8
14
  10
3888.996047
  20
1102.057151
  0
VERTEX
  8
14
  10
3888.177826
  20
1095.824541
  0
VERTEX
  8
14
  10
3887.174333
  20
1088.961226
  0
VERTEX
  8
14
  10
3886.122102
  20
1082.384657
  0
VERTEX
  8
14
  10
3884.846740
  20
1075.040102
  0
VERTEX
  8
14
  10
3883.514427
  20
1067.939893
  0
VERTEX
  8
14
  10
3882.187201
  20
1061.337868
  0
VERTEX
  8
14
  10
3880.702374
  20
1054.416976
  0
VERTEX
  8
14
  10
3879.053350
  20
1047.219719
  0
VERTEX
  8
14
  10
3877.504211
  20
1040.862895
  0
VERTEX
  8
14
  10
3875.825432
  20
1034.361009
  0
VERTEX
  8
14
  10
3874.012864
  20
1027.740843
  0
VERTEX
  8
14
  10
3872.062350
  20
1021.029154
  0
VERTEX
  8
14
  10
3869.969734
  20
1014.252707
  0
VERTEX
  8
14
  10
3868.114342
  20
1008.575509
  0
VERTEX
  8
14
  10
3866.283939
  20
1003.254570
  0
VERTEX
  8
14
  10
3864.216694
  20
997.581462
  0
VERTEX
  8
14
  10
3862.470407
  20
993.075015
  0
VERTEX
  8
14
  10
3860.633339
  20
988.615208
  0
VERTEX
  8
14
  10
3858.697583
  20
984.218802
  0
VERTEX
  8
14
  10
3856.655229
  20
979.902558
  0
VERTEX
  8
14
  10
3854.498362
  20
975.683222
  0
VERTEX
  8
14
  10
3852.800822
  20
972.592432
  0
VERTEX
  8
14
  10
3851.031079
  20
969.572645
  0
VERTEX
  8
14
  10
3849.185817
  20
966.630967
  0
VERTEX
  8
14
  10
3847.261679
  20
963.774435
  0
VERTEX
  8
14
  10
3845.255351
  20
961.010153
  0
VERTEX
  8
14
  10
3843.163474
  20
958.345163
  0
VERTEX
  8
14
  10
3840.982735
  20
955.786564
  0
VERTEX
  8
14
  10
3838.709773
  20
953.341400
  0
VERTEX
  8
14
  10
3836.341265
  20
951.016756
  0
VERTEX
  8
14
  10
3834.529755
  20
949.382178
  0
VERTEX
  8
14
  10
3831.992701
  20
947.279602
  0
VERTEX
  8
14
  10
3829.369730
  20
945.302364
  0
VERTEX
  8
14
  10
3826.671540
  20
943.446597
  0
VERTEX
  8
14
  10
3823.908885
  20
941.708475
  0
VERTEX
  8
14
  10
3821.092463
  20
940.084133
  0
VERTEX
  8
14
  10
3818.233013
  20
938.569736
  0
VERTEX
  8
14
  10
3815.341278
  20
937.161445
  0
VERTEX
  8
14
  10
3812.427953
  20
935.855400
  0
VERTEX
  8
14
  10
3809.503796
  20
934.647768
  0
VERTEX
  8
14
  10
3805.606572
  20
933.184018
  0
VERTEX
  8
14
  10
3801.734555
  20
931.879261
  0
VERTEX
  8
14
  10
3797.913171
  20
930.724382
  0
VERTEX
  8
14
  10
3794.167844
  20
929.710264
  0
VERTEX
  8
14
  10
3790.523983
  20
928.827788
  0
VERTEX
  8
14
  10
3787.007045
  20
928.067847
  0
VERTEX
  8
14
  10
3782.828074
  20
927.276342
  0
VERTEX
  8
14
  10
3778.936766
  20
926.644240
  0
VERTEX
  8
14
  10
3775.382804
  20
926.153742
  0
VERTEX
  8
14
  10
3771.633242
  20
925.726989
  0
VERTEX
  8
14
  10
3768.077551
  20
925.413377
  0
VERTEX
  8
14
  10
3765.011400
  20
925.226544
  0
VERTEX
  8
14
  10
3763.886414
  20
925.186386
  0
VERTEX
  8
14
  10
3763.581198
  20
933.549096
  0
VERTEX
  8
14
  10
3763.374022
  20
941.564674
  0
VERTEX
  8
14
  10
3763.255268
  20
949.131118
  0
VERTEX
  8
14
  10
3763.223445
  20
956.024970
  0
VERTEX
  8
14
  10
3763.273315
  20
961.335678
  0
VERTEX
  8
14
  10
3763.275040
  20
962.517515
  0
VERTEX
  8
14
  10
3763.419812
  20
969.508220
  0
VERTEX
  8
14
  10
3763.502197
  20
972.343369
  0
VERTEX
  8
14
  10
3763.660175
  20
976.886093
  0
VERTEX
  8
14
  10
3764.013689
  20
985.038188
  0
VERTEX
  8
14
  10
3764.481043
  20
993.863316
  0
VERTEX
  8
14
  10
3764.991737
  20
1002.006263
  0
VERTEX
  8
14
  10
3765.561519
  20
1009.755022
  0
VERTEX
  8
14
  10
3766.153913
  20
1016.722268
  0
VERTEX
  8
14
  10
3766.799890
  20
1023.387280
  0
VERTEX
  8
14
  10
3767.559380
  20
1030.339032
  0
VERTEX
  8
14
  10
3768.404183
  20
1037.281354
  0
VERTEX
  8
14
  10
3769.332719
  20
1044.213229
  0
VERTEX
  8
14
  10
3770.343413
  20
1051.133669
  0
VERTEX
  8
14
  10
3771.433077
  20
1058.032100
  0
VERTEX
  8
14
  10
3772.669912
  20
1065.309688
  0
VERTEX
  8
14
  10
3773.991423
  20
1072.572119
  0
VERTEX
  8
14
  10
3775.394841
  20
1079.818849
  0
VERTEX
  8
14
  10
3776.621704
  20
1085.632553
  0
VERTEX
  8
14
  10
3776.934683
  20
1087.322166
  0
VERTEX
  8
14
  10
3778.769418
  20
1095.811119
  0
VERTEX
  8
14
  10
3780.895792
  20
1105.231403
  0
VERTEX
  8
14
  10
3783.227844
  20
1115.147018
  0
VERTEX
  8
14
  10
3793.634566
  20
1114.176859
  0
VERTEX
  8
14
  10
3803.739758
  20
1113.267368
  0
VERTEX
  8
14
  10
3813.880395
  20
1112.391155
  0
VERTEX
  8
14
  10
3824.053065
  20
1111.559795
  0
VERTEX
  8
14
  10
3834.075911
  20
1110.788092
  0
VERTEX
  8
14
  10
3844.102120
  20
1110.059552
  0
VERTEX
  8
14
  10
3854.364685
  20
1109.356269
  0
VERTEX
  8
14
  10
3862.973633
  20
1108.803635
  0
VERTEX
  8
14
  10
3864.396912
  20
1108.716143
  0
VERTEX
  8
14
  10
3874.432370
  20
1108.131997
  0
VERTEX
  8
14
  10
3884.461940
  20
1107.609699
  0
SEQEND
  8
14
  0
POINT
  8
2
 10
3889.599915
 20
1107.369919
  0
TEXT
  8
2
 10
3889.599915
 20
1107.369919
 40
0.000000
 50
0.000000
  1
# 754
  0
POINT
  8
2
 10
3763.886414
 20
925.186386
  0
TEXT
  8
2
 10
3763.886414
 20
925.186386
 40
0.000000
 50
0.000000
  1
# 755
  0
POINT
  8
2
 10
3783.227844
 20
1115.147018
  0
TEXT
  8
2
 10
3783.227844
 20
1115.147018
 40
0.000000
 50
0.000000
  1
# 756
  0
POINT
  8
3
 10
3888.996047
 20
1102.057151
  0
POINT
  8
3
 10
3888.177826
 20
1095.824541
  0
POINT
  8
3
 10
3887.174333
 20
1088.961226
  0
POINT
  8
3
 10
3886.122102
 20
1082.384657
  0
POINT
  8
3
 10
3884.846740
 20
1075.040102
  0
POINT
  8
3
 10
3883.514427
 20
1067.939893
  0
POINT
  8
3
 10
3882.187201
 20
1061.337868
  0
POINT
  8
3
 10
3880.702374
 20
1054.416976
  0
POINT
  8
3
 10
3879.053350
 20
1047.219719
  0
POINT
  8
3
 10
3877.504211
 20
1040.862895
  0
POINT
  8
3
 10
3875.825432
 20
1034.361009
  0
POINT
  8
3
 10
3874.012864
 20
1027.740843
  0
POINT
  8
3
 10
3872.062350
 20
1021.029154
  0
POINT
  8
3
 10
3869.969734
 20
1014.252707
  0
POINT
  8
3
 10
3868.114342
 20
1008.575509
  0
POINT
  8
3
 10
3866.283939
 20
1003.254570
  0
POINT
  8
3
 10
3864.216694
 20
997.581462
  0
POINT
  8
3
 10
3862.470407
 20
993.075015
  0
POINT
  8
3
 10
3860.633339
 20
988.615208
  0
POINT
  8
3
 10
3858.697583
 20
984.218802
  0
POINT
  8
3
 10
3856.655229
 20
979.902558
  0
POINT
  8
3
 10
3854.498362
 20
975.683222
  0
POINT
  8
3
 10
3852.800822
 20
972.592432
  0
POINT
  8
3
 10
3851.031079
 20
969.572645
  0
POINT
  8
3
 10
3849.185817
 20
966.630967
  0
POINT
  8
3
 10
3847.261679
 20
963.774435
  0
POINT
  8
3
 10
3845.255351
 20
961.010153
  0
POINT
  8
3
 10
3843.163474
 20
958.345163
  0
POINT
  8
3
 10
3840.982735
 20
955.786564
  0
POINT
  8
3
 10
3838.709773
 20
953.341400
  0
POINT
  8
3
 10
3836.341265
 20
951.016756
  0
POINT
  8
3
 10
3834.529755
 20
949.382178
  0
POINT
  8
3
 10
3831.992701
 20
947.279602
  0
POINT
  8
3
 10
3829.369730
 20
945.302364
  0
POINT
  8
3
 10
3826.671540
 20
943.446597
  0
POINT
  8
3
 10
3823.908885
 20
941.708475
  0
POINT
  8
3
 10
3821.092463
 20
940.084133
  0
POINT
  8
3
 10
3818.233013
 20
938.569736
  0
POINT
  8
3
 10
3815.341278
 20
937.161445
  0
POINT
  8
3
 10
3812.427953
 20
935.855400
  0
POINT
  8
3
 10
3809.503796
 20
934.647768
  0
POINT
  8
3
 10
3805.606572
 20
933.184018
  0
POINT
  8
3
 10
3801.734555
 20
931.879261
  0
POINT
  8
3
 10
3797.913171
 20
930.724382
  0
POINT
  8
3
 10
3794.167844
 20
929.710264
  0
POINT
  8
3
 10
3790.523983
 20
928.827788
  0
POINT
  8
3
 10
3787.007045
 20
928.067847
  0
POINT
  8
3
 10
3782.828074
 20
927.276342
  0
POINT
  8
3
 10
3778.936766
 20
926.644240
  0
POINT
  8
3
 10
3775.382804
 20
926.153742
  0
POINT
  8
3
 10
3771.633242
 20
925.726989
  0
POINT
  8
3
 10
3768.077551
 20
925.413377
  0
POINT
  8
3
 10
3765.011400
 20
925.226544
  0
POINT
  8
3
 10
3763.581198
 20
933.549096
  0
POINT
  8
3
 10
3763.374022
 20
941.564674
  0
POINT
  8
3
 10
3763.255268
 20
949.131118
  0
POINT
  8
3
 10
3763.223445
 20
956.024970
  0
POINT
  8
3
 10
3763.273315
 20
961.335678
  0
POINT
  8
3
 10
3763.275040
 20
962.517515
  0
POINT
  8
3
 10
3763.419812
 20
969.508220
  0
POINT
  8
3
 10
3763.502197
 20
972.343369
  0
POINT
  8
3
 10
3763.660175
 20
976.886093
  0
POINT
  8
3
 10
3764.013689
 20
985.038188
  0
POINT
  8
3
 10
3764.481043
 20
993.863316
  0
POINT
  8
3
 10
3764.991737
 20
1002.006263
  0
POINT
  8
3
 10
3765.561519
 20
1009.755022
  0
POINT
  8
3
 10
3766.153913
 20
1016.722268
  0
POINT
  8
3
 10
3766.799890
 20
1023.387280
  0
POINT
  8
3
 10
3767.559380
 20
1030.339032
  0
POINT
  8
3
 10
3768.404183
 20
1037.281354
  0
POINT
  8
3
 10
3769.332719
 20
1044.213229
  0
POINT
  8
3
 10
3770.343413
 20
1051.133669
  0
POINT
  8
3
 10
3771.433077
 20
1058.032100
  0
POINT
  8
3
 10
3772.669912
 20
1065.309688
  0
POINT
  8
3
 10
3773.991423
 20
1072.572119
  0
POINT
  8
3
 10
3775.394841
 20
1079.818849
  0
POINT
  8
3
 10
3776.621704
 20
1085.632553
  0
POINT
  8
3
 10
3776.934683
 20
1087.322166
  0
POINT
  8
3
 10
3778.769418
 20
1095.811119
  0
POINT
  8
3
 10
3780.895792
 20
1105.231403
  0
POINT
  8
3
 10
3793.634566
 20
1114.176859
  0
POINT
  8
3
 10
3803.739758
 20
1113.267368
  0
POINT
  8
3
 10
3813.880395
 20
1112.391155
  0
POINT
  8
3
 10
3824.053065
 20
1111.559795
  0
POINT
  8
3
 10
3834.075911
 20
1110.788092
  0
POINT
  8
3
 10
3844.102120
 20
1110.059552
  0
POINT
  8
3
 10
3854.364685
 20
1109.356269
  0
POINT
  8
3
 10
3862.973633
 20
1108.803635
  0
POINT
  8
3
 10
3864.396912
 20
1108.716143
  0
POINT
  8
3
 10
3874.432370
 20
1108.131997
  0
POINT
  8
3
 10
3884.461940
 20
1107.609699
  0
POINT
  8
4
 10
3763.273315
 20
961.335678
 30
1.000000
 50
354.60
  0
TEXT
  8
4
 10
3763.273315
 20
961.335678
 40
0.000000
 50
0.000000
  1
# 757
  0
POINT
  8
4
 10
3763.502197
 20
972.343369
 30
1.000000
 50
358.20
  0
TEXT
  8
4
 10
3763.502197
 20
972.343369
 40
0.000000
 50
0.000000
  1
# 758
  0
POINT
  8
4
 10
3776.621704
 20
1085.632553
 30
1.000000
 50
354.65
  0
TEXT
  8
4
 10
3776.621704
 20
1085.632553
 40
0.000000
 50
0.000000
  1
# 759
  0
POINT
  8
4
 10
3862.973633
 20
1108.803635
 30
1.000000
 50
266.46
  0
TEXT
  8
4
 10
3862.973633
 20
1108.803635
 40
0.000000
 50
0.000000
  1
# 760
  0
POLYLINE
  8
8
  66
1
  70
0
  0
VERTEX
  8
8
  10
3812.909851
  20
999.443893
  0
VERTEX
  8
8
  10
3862.973938
  20
1108.810349
  0
SEQEND
  8
8
  0
POINT
  8
2
 10
3812.909851
 20
999.443893
  0
TEXT
  8
2
 10
3812.909851
 20
999.443893
 40
0.000000
 50
0.000000
  1
# 761
  0
POINT
  8
2
 10
3862.973938
 20
1108.810349
  0
TEXT
  8
2
 10
3862.973938
 20
1108.810349
 40
0.000000
 50
0.000000
  1
# 762
  0
POLYLINE
  8
8
  66
1
  70
0
  0
VERTEX
  8
8
  10
3763.533936
  20
972.340927
  0
VERTEX
  8
8
  10
3772.656652
  20
977.348503
  0
VERTEX
  8
8
  10
3781.593603
  20
982.254103
  0
VERTEX
  8
8
  10
3790.453932
  20
987.117634
  0
VERTEX
  8
8
  10
3799.364845
  20
992.008922
  0
VERTEX
  8
8
  10
3808.109622
  20
996.809008
  0
VERTEX
  8
8
  10
3812.909851
  20
999.443893
  0
SEQEND
  8
8
  0
POINT
  8
2
 10
3763.533936
 20
972.340927
  0
TEXT
  8
2
 10
3763.533936
 20
972.340927
 40
0.000000
 50
0.000000
  1
# 763
  0
POINT
  8
2
 10
3812.909851
 20
999.443893
  0
TEXT
  8
2
 10
3812.909851
 20
999.443893
 40
0.000000
 50
0.000000
  1
# 764
  0
POINT
  8
3
 10
3772.656652
 20
977.348503
  0
POINT
  8
3
 10
3781.593603
 20
982.254103
  0
POINT
  8
3
 10
3790.453932
 20
987.117634
  0
POINT
  8
3
 10
3799.364845
 20
992.008922
  0
POINT
  8
3
 10
3808.109622
 20
996.809008
  0
POLYLINE
  8
8
  66
1
  70
0
  0
VERTEX
  8
8
  10
3776.621399
  20
1085.632553
  0
VERTEX
  8
8
  10
3787.031458
  20
1084.656826
  0
VERTEX
  8
8
  10
3797.196658
  20
1083.731908
  0
VERTEX
  8
8
  10
3807.222617
  20
1082.850631
  0
VERTEX
  8
8
  10
3817.709668
  20
1081.972483
  0
VERTEX
  8
8
  10
3827.812149
  20
1081.173803
  0
VERTEX
  8
8
  10
3837.548572
  20
1080.450664
  0
VERTEX
  8
8
  10
3848.097272
  20
1079.716970
  0
VERTEX
  8
8
  10
3857.984443
  20
1079.064024
  0
VERTEX
  8
8
  10
3861.321716
  20
1078.850937
  0
SEQEND
  8
8
  0
POINT
  8
2
 10
3776.621399
 20
1085.632553
  0
TEXT
  8
2
 10
3776.621399
 20
1085.632553
 40
0.000000
 50
0.000000
  1
# 765
  0
POINT
  8
2
 10
3861.321716
 20
1078.850937
  0
TEXT
  8
2
 10
3861.321716
 20
1078.850937
 40
0.000000
 50
0.000000
  1
# 766
  0
POINT
  8
3
 10
3787.031458
 20
1084.656826
  0
POINT
  8
3
 10
3797.196658
 20
1083.731908
  0
POINT
  8
3
 10
3807.222617
 20
1082.850631
  0
POINT
  8
3
 10
3817.709668
 20
1081.972483
  0
POINT
  8
3
 10
3827.812149
 20
1081.173803
  0
POINT
  8
3
 10
3837.548572
 20
1080.450664
  0
POINT
  8
3
 10
3848.097272
 20
1079.716970
  0
POINT
  8
3
 10
3857.984443
 20
1079.064024
  0
POLYLINE
  8
8
  66
1
  70
0
  0
VERTEX
  8
8
  10
3832.977600
  20
955.461349
  0
VERTEX
  8
8
  10
3861.321716
  20
1078.850937
  0
SEQEND
  8
8
  0
POINT
  8
2
 10
3832.977600
 20
955.461349
  0
TEXT
  8
2
 10
3832.977600
 20
955.461349
 40
0.000000
 50
0.000000
  1
# 767
  0
POINT
  8
2
 10
3861.321716
 20
1078.850937
  0
TEXT
  8
2
 10
3861.321716
 20
1078.850937
 40
0.000000
 50
0.000000
  1
# 768
  0
POLYLINE
  8
8
  66
1
  70
0
  0
VERTEX
  8
8
  10
3763.273315
  20
961.335678
  0
VERTEX
  8
8
  10
3773.995633
  20
960.321544
  0
VERTEX
  8
8
  10
3784.538023
  20
959.358604
  0
VERTEX
  8
8
  10
3795.028111
  20
958.439809
  0
VERTEX
  8
8
  10
3805.230445
  20
957.591874
  0
VERTEX
  8
8
  10
3815.188289
  20
956.800278
  0
VERTEX
  8
8
  10
3825.374568
  20
956.021489
  0
VERTEX
  8
8
  10
3832.977600
  20
955.461349
  0
SEQEND
  8
8
  0
POINT
  8
2
 10
3763.273315
 20
961.335678
  0
TEXT
  8
2
 10
3763.273315
 20
961.335678
 40
0.000000
 50
0.000000
  1
# 769
  0
POINT
  8
2
 10
3832.977600
 20
955.461349
  0
TEXT
  8
2
 10
3832.977600
 20
955.461349
 40
0.000000
 50
0.000000
  1
# 770
  0
POINT
  8
3
 10
3773.995633
 20
960.321544
  0
POINT
  8
3
 10
3784.538023
 20
959.358604
  0
POINT
  8
3
 10
3795.028111
 20
958.439809
  0
POINT
  8
3
 10
3805.230445
 20
957.591874
  0
POINT
  8
3
 10
3815.188289
 20
956.800278
  0
POINT
  8
3
 10
3825.374568
 20
956.021489
 0
LINE
 8
7
 10
3809.747925
 20
1084.197006
 11
3809.747925
 21
967.297668
  0
TEXT
  8
1
 10
3827.030487
 20
1020.274506
 40
10.000000
 50
0.000000
  1
Piece Name: 26SMC-WP130M 展_前袋垫_175/84
  0
TEXT
  8
1
 10
3827.030487
 20
1035.274506
 40
10.000000
 50
0.000000
  1
Size: 175/84
  0
TEXT
  8
1
 10
3827.030487
 20
1050.274506
 40
10.000000
 50
0.000000
  1
Annotation: 
  0
TEXT
  8
1
 10
3827.030487
 20
1065.274506
 40
10.000000
 50
0.000000
  1
Quantity: 1
  0
TEXT
  8
1
 10
3827.030487
 20
1080.274506
 40
10.000000
 50
0.000000
  1
Material: 净
  0
TEXT
  8
1
 10
3827.030487
 20
1080.274506
 40
10.000000
 50
0.000000
  1
Category: 31
0
ENDBLK
0
BLOCK
  8
1
  2
26SMC-WP130M 展_腰_175/84
 70
0
 10
0.0
 20
0.0
  0
POLYLINE
  8
1
  66
1
  70
1
  0
VERTEX
  8
1
  10
2545.870056
  20
1343.465576
  0
VERTEX
  8
1
  10
2545.870056
  20
1351.872101
  0
VERTEX
  8
1
  10
2545.870056
  20
1362.273407
  0
VERTEX
  8
1
  10
2545.870056
  20
1372.357635
  0
VERTEX
  8
1
  10
2545.870056
  20
1382.534027
  0
VERTEX
  8
1
  10
2545.870056
  20
1393.465576
  0
VERTEX
  8
1
  10
2547.121429
  20
1393.465576
  0
VERTEX
  8
1
  10
2556.653290
  20
1393.465576
  0
VERTEX
  8
1
  10
2567.701721
  20
1393.465576
  0
VERTEX
  8
1
  10
2578.183289
  20
1393.465576
  0
VERTEX
  8
1
  10
2590.368652
  20
1393.465576
  0
VERTEX
  8
1
  10
2604.098511
  20
1393.465576
  0
VERTEX
  8
1
  10
2614.030762
  20
1393.465576
  0
VERTEX
  8
1
  10
2624.530945
  20
1393.465576
  0
VERTEX
  8
1
  10
2635.551758
  20
1393.465576
  0
VERTEX
  8
1
  10
2647.045898
  20
1393.465576
  0
VERTEX
  8
1
  10
2658.966064
  20
1393.465576
  0
VERTEX
  8
1
  10
2671.264954
  20
1393.465576
  0
VERTEX
  8
1
  10
2683.895264
  20
1393.465576
  0
VERTEX
  8
1
  10
2696.809387
  20
1393.465576
  0
VERTEX
  8
1
  10
2709.960327
  20
1393.465576
  0
VERTEX
  8
1
  10
2723.300781
  20
1393.465576
  0
VERTEX
  8
1
  10
2736.782837
  20
1393.465576
  0
VERTEX
  8
1
  10
2750.359802
  20
1393.465576
  0
VERTEX
  8
1
  10
2763.984070
  20
1393.465576
  0
VERTEX
  8
1
  10
2777.608337
  20
1393.465576
  0
VERTEX
  8
1
  10
2791.185303
  20
1393.465576
  0
VERTEX
  8
1
  10
2804.667358
  20
1393.465576
  0
VERTEX
  8
1
  10
2818.007813
  20
1393.465576
  0
VERTEX
  8
1
  10
2831.158447
  20
1393.465576
  0
VERTEX
  8
1
  10
2844.072876
  20
1393.465576
  0
VERTEX
  8
1
  10
2856.702881
  20
1393.465576
  0
VERTEX
  8
1
  10
2869.001770
  20
1393.465576
  0
VERTEX
  8
1
  10
2880.922241
  20
1393.465576
  0
VERTEX
  8
1
  10
2892.416382
  20
1393.465576
  0
VERTEX
  8
1
  10
2903.437195
  20
1393.465576
  0
VERTEX
  8
1
  10
2918.977356
  20
1393.465576
  0
VERTEX
  8
1
  10
2933.186646
  20
1393.465576
  0
VERTEX
  8
1
  10
2945.904541
  20
1393.465576
  0
VERTEX
  8
1
  10
2956.971741
  20
1393.465576
  0
VERTEX
  8
1
  10
2968.883972
  20
1393.465576
  0
VERTEX
  8
1
  10
2982.098083
  20
1393.465576
  0
VERTEX
  8
1
  10
2995.312195
  20
1393.465576
  0
VERTEX
  8
1
  10
3007.224426
  20
1393.465576
  0
VERTEX
  8
1
  10
3018.291626
  20
1393.465576
  0
VERTEX
  8
1
  10
3031.009521
  20
1393.465576
  0
VERTEX
  8
1
  10
3045.218811
  20
1393.465576
  0
VERTEX
  8
1
  10
3060.758972
  20
1393.465576
  0
VERTEX
  8
1
  10
3071.779785
  20
1393.465576
  0
VERTEX
  8
1
  10
3083.273926
  20
1393.465576
  0
VERTEX
  8
1
  10
3095.194397
  20
1393.465576
  0
VERTEX
  8
1
  10
3107.493286
  20
1393.465576
  0
VERTEX
  8
1
  10
3120.123291
  20
1393.465576
  0
VERTEX
  8
1
  10
3133.037720
  20
1393.465576
  0
VERTEX
  8
1
  10
3146.188354
  20
1393.465576
  0
VERTEX
  8
1
  10
3159.528809
  20
1393.465576
  0
VERTEX
  8
1
  10
3173.010864
  20
1393.465576
  0
VERTEX
  8
1
  10
3186.587830
  20
1393.465576
  0
VERTEX
  8
1
  10
3200.212097
  20
1393.465576
  0
VERTEX
  8
1
  10
3213.836365
  20
1393.465576
  0
VERTEX
  8
1
  10
3227.413330
  20
1393.465576
  0
VERTEX
  8
1
  10
3240.895386
  20
1393.465576
  0
VERTEX
  8
1
  10
3254.235840
  20
1393.465576
  0
VERTEX
  8
1
  10
3267.386780
  20
1393.465576
  0
VERTEX
  8
1
  10
3280.300903
  20
1393.465576
  0
VERTEX
  8
1
  10
3292.931213
  20
1393.465576
  0
VERTEX
  8
1
  10
3305.230103
  20
1393.465576
  0
VERTEX
  8
1
  10
3317.150269
  20
1393.465576
  0
VERTEX
  8
1
  10
3328.644409
  20
1393.465576
  0
VERTEX
  8
1
  10
3339.665222
  20
1393.465576
  0
VERTEX
  8
1
  10
3350.165405
  20
1393.465576
  0
VERTEX
  8
1
  10
3360.097656
  20
1393.465576
  0
VERTEX
  8
1
  10
3373.827515
  20
1393.465576
  0
VERTEX
  8
1
  10
3386.012878
  20
1393.465576
  0
VERTEX
  8
1
  10
3396.494446
  20
1393.465576
  0
VERTEX
  8
1
  10
3407.543030
  20
1393.465576
  0
VERTEX
  8
1
  10
3417.074585
  20
1393.465576
  0
VERTEX
  8
1
  10
3418.326111
  20
1393.465576
  0
VERTEX
  8
1
  10
3469.326172
  20
1393.465576
  0
VERTEX
  8
1
  10
3469.326172
  20
1383.092346
  0
VERTEX
  8
1
  10
3469.326172
  20
1372.929688
  0
VERTEX
  8
1
  10
3469.326172
  20
1362.577209
  0
VERTEX
  8
1
  10
3469.326172
  20
1352.556000
  0
VERTEX
  8
1
  10
3469.326172
  20
1343.465576
  0
VERTEX
  8
1
  10
3424.326172
  20
1343.465576
  0
VERTEX
  8
1
  10
3418.326111
  20
1343.465576
  0
VERTEX
  8
1
  10
3418.326111
  20
1343.465576
  0
VERTEX
  8
1
  10
3405.112000
  20
1343.465576
  0
VERTEX
  8
1
  10
3393.199768
  20
1343.465576
  0
VERTEX
  8
1
  10
3382.132568
  20
1343.465576
  0
VERTEX
  8
1
  10
3369.414673
  20
1343.465576
  0
VERTEX
  8
1
  10
3355.205383
  20
1343.465576
  0
VERTEX
  8
1
  10
3339.665222
  20
1343.465576
  0
VERTEX
  8
1
  10
3328.644409
  20
1343.465576
  0
VERTEX
  8
1
  10
3317.150269
  20
1343.465576
  0
VERTEX
  8
1
  10
3305.229797
  20
1343.465576
  0
VERTEX
  8
1
  10
3292.930908
  20
1343.465576
  0
VERTEX
  8
1
  10
3280.300903
  20
1343.465576
  0
VERTEX
  8
1
  10
3267.386475
  20
1343.465576
  0
VERTEX
  8
1
  10
3254.235840
  20
1343.465576
  0
VERTEX
  8
1
  10
3240.895386
  20
1343.465576
  0
VERTEX
  8
1
  10
3227.413330
  20
1343.465576
  0
VERTEX
  8
1
  10
3215.098572
  20
1343.465576
  0
VERTEX
  8
1
  10
3213.836365
  20
1343.465576
  0
VERTEX
  8
1
  10
3200.212097
  20
1343.465576
  0
VERTEX
  8
1
  10
3186.587830
  20
1343.465576
  0
VERTEX
  8
1
  10
3173.010864
  20
1343.465576
  0
VERTEX
  8
1
  10
3159.528809
  20
1343.465576
  0
VERTEX
  8
1
  10
3146.188354
  20
1343.465576
  0
VERTEX
  8
1
  10
3133.037415
  20
1343.465576
  0
VERTEX
  8
1
  10
3120.123291
  20
1343.465576
  0
VERTEX
  8
1
  10
3107.492981
  20
1343.465576
  0
VERTEX
  8
1
  10
3095.194092
  20
1343.465576
  0
VERTEX
  8
1
  10
3083.273926
  20
1343.465576
  0
VERTEX
  8
1
  10
3071.779785
  20
1343.465576
  0
VERTEX
  8
1
  10
3060.758972
  20
1343.465576
  0
VERTEX
  8
1
  10
3050.258789
  20
1343.465576
  0
VERTEX
  8
1
  10
3040.326538
  20
1343.465576
  0
VERTEX
  8
1
  10
3026.596680
  20
1343.465576
  0
VERTEX
  8
1
  10
3014.411316
  20
1343.465576
  0
VERTEX
  8
1
  10
3003.929749
  20
1343.465576
  0
VERTEX
  8
1
  10
2992.881165
  20
1343.465576
  0
VERTEX
  8
1
  10
2983.349609
  20
1343.465576
  0
VERTEX
  8
1
  10
2982.098083
  20
1343.465576
  0
VERTEX
  8
1
  10
2982.098083
  20
1343.465576
  0
VERTEX
  8
1
  10
2980.846558
  20
1343.465576
  0
VERTEX
  8
1
  10
2971.315002
  20
1343.465576
  0
VERTEX
  8
1
  10
2960.266418
  20
1343.465576
  0
VERTEX
  8
1
  10
2949.784851
  20
1343.465576
  0
VERTEX
  8
1
  10
2937.599487
  20
1343.465576
  0
VERTEX
  8
1
  10
2923.869629
  20
1343.465576
  0
VERTEX
  8
1
  10
2913.937378
  20
1343.465576
  0
VERTEX
  8
1
  10
2903.437195
  20
1343.465576
  0
VERTEX
  8
1
  10
2892.416382
  20
1343.465576
  0
VERTEX
  8
1
  10
2880.922241
  20
1343.465576
  0
VERTEX
  8
1
  10
2869.002075
  20
1343.465576
  0
VERTEX
  8
1
  10
2856.703186
  20
1343.465576
  0
VERTEX
  8
1
  10
2844.072876
  20
1343.465576
  0
VERTEX
  8
1
  10
2831.158752
  20
1343.465576
  0
VERTEX
  8
1
  10
2818.007813
  20
1343.465576
  0
VERTEX
  8
1
  10
2804.667358
  20
1343.465576
  0
VERTEX
  8
1
  10
2791.185303
  20
1343.465576
  0
VERTEX
  8
1
  10
2777.608337
  20
1343.465576
  0
VERTEX
  8
1
  10
2763.984070
  20
1343.465576
  0
VERTEX
  8
1
  10
2750.359802
  20
1343.465576
  0
VERTEX
  8
1
  10
2749.097595
  20
1343.465576
  0
VERTEX
  8
1
  10
2736.782837
  20
1343.465576
  0
VERTEX
  8
1
  10
2723.300781
  20
1343.465576
  0
VERTEX
  8
1
  10
2709.960327
  20
1343.465576
  0
VERTEX
  8
1
  10
2696.809692
  20
1343.465576
  0
VERTEX
  8
1
  10
2683.895264
  20
1343.465576
  0
VERTEX
  8
1
  10
2671.265259
  20
1343.465576
  0
VERTEX
  8
1
  10
2658.966370
  20
1343.465576
  0
VERTEX
  8
1
  10
2647.045898
  20
1343.465576
  0
VERTEX
  8
1
  10
2635.551758
  20
1343.465576
  0
VERTEX
  8
1
  10
2624.530945
  20
1343.465576
  0
VERTEX
  8
1
  10
2608.990784
  20
1343.465576
  0
VERTEX
  8
1
  10
2594.781494
  20
1343.465576
  0
VERTEX
  8
1
  10
2582.063599
  20
1343.465576
  0
VERTEX
  8
1
  10
2570.996399
  20
1343.465576
  0
VERTEX
  8
1
  10
2559.084015
  20
1343.465576
  0
SEQEND
  8
1
  0
POINT
  8
2
 10
2545.870056
 20
1343.465576
  0
TEXT
  8
2
 10
2545.870056
 20
1343.465576
 40
0.000000
 50
0.000000
  1
# 771
  0
POINT
  8
2
 10
2545.870056
 20
1393.465576
  0
TEXT
  8
2
 10
2545.870056
 20
1393.465576
 40
0.000000
 50
0.000000
  1
# 772
  0
POINT
  8
2
 10
2982.098083
 20
1393.465576
  0
TEXT
  8
2
 10
2982.098083
 20
1393.465576
 40
0.000000
 50
0.000000
  1
# 773
  0
POINT
  8
2
 10
3418.326111
 20
1393.465576
  0
TEXT
  8
2
 10
3418.326111
 20
1393.465576
 40
0.000000
 50
0.000000
  1
# 774
  0
POINT
  8
2
 10
3469.326172
 20
1393.465576
  0
TEXT
  8
2
 10
3469.326172
 20
1393.465576
 40
0.000000
 50
0.000000
  1
# 775
  0
POINT
  8
2
 10
3469.326172
 20
1343.465576
  0
TEXT
  8
2
 10
3469.326172
 20
1343.465576
 40
0.000000
 50
0.000000
  1
# 776
  0
POINT
  8
2
 10
3418.326111
 20
1343.465576
  0
TEXT
  8
2
 10
3418.326111
 20
1343.465576
 40
0.000000
 50
0.000000
  1
# 777
  0
POINT
  8
2
 10
2982.098083
 20
1343.465576
  0
TEXT
  8
2
 10
2982.098083
 20
1343.465576
 40
0.000000
 50
0.000000
  1
# 778
  0
POINT
  8
3
 10
2545.870056
 20
1351.872101
  0
POINT
  8
3
 10
2545.870056
 20
1362.273407
  0
POINT
  8
3
 10
2545.870056
 20
1372.357635
  0
POINT
  8
3
 10
2545.870056
 20
1382.534027
  0
POINT
  8
3
 10
2547.121429
 20
1393.465576
  0
POINT
  8
3
 10
2556.653290
 20
1393.465576
  0
POINT
  8
3
 10
2567.701721
 20
1393.465576
  0
POINT
  8
3
 10
2578.183289
 20
1393.465576
  0
POINT
  8
3
 10
2590.368652
 20
1393.465576
  0
POINT
  8
3
 10
2604.098511
 20
1393.465576
  0
POINT
  8
3
 10
2614.030762
 20
1393.465576
  0
POINT
  8
3
 10
2624.530945
 20
1393.465576
  0
POINT
  8
3
 10
2635.551758
 20
1393.465576
  0
POINT
  8
3
 10
2647.045898
 20
1393.465576
  0
POINT
  8
3
 10
2658.966064
 20
1393.465576
  0
POINT
  8
3
 10
2671.264954
 20
1393.465576
  0
POINT
  8
3
 10
2683.895264
 20
1393.465576
  0
POINT
  8
3
 10
2696.809387
 20
1393.465576
  0
POINT
  8
3
 10
2709.960327
 20
1393.465576
  0
POINT
  8
3
 10
2723.300781
 20
1393.465576
  0
POINT
  8
3
 10
2736.782837
 20
1393.465576
  0
POINT
  8
3
 10
2750.359802
 20
1393.465576
  0
POINT
  8
3
 10
2763.984070
 20
1393.465576
  0
POINT
  8
3
 10
2777.608337
 20
1393.465576
  0
POINT
  8
3
 10
2791.185303
 20
1393.465576
  0
POINT
  8
3
 10
2804.667358
 20
1393.465576
  0
POINT
  8
3
 10
2818.007813
 20
1393.465576
  0
POINT
  8
3
 10
2831.158447
 20
1393.465576
  0
POINT
  8
3
 10
2844.072876
 20
1393.465576
  0
POINT
  8
3
 10
2856.702881
 20
1393.465576
  0
POINT
  8
3
 10
2869.001770
 20
1393.465576
  0
POINT
  8
3
 10
2880.922241
 20
1393.465576
  0
POINT
  8
3
 10
2892.416382
 20
1393.465576
  0
POINT
  8
3
 10
2903.437195
 20
1393.465576
  0
POINT
  8
3
 10
2918.977356
 20
1393.465576
  0
POINT
  8
3
 10
2933.186646
 20
1393.465576
  0
POINT
  8
3
 10
2945.904541
 20
1393.465576
  0
POINT
  8
3
 10
2956.971741
 20
1393.465576
  0
POINT
  8
3
 10
2968.883972
 20
1393.465576
  0
POINT
  8
3
 10
2995.312195
 20
1393.465576
  0
POINT
  8
3
 10
3007.224426
 20
1393.465576
  0
POINT
  8
3
 10
3018.291626
 20
1393.465576
  0
POINT
  8
3
 10
3031.009521
 20
1393.465576
  0
POINT
  8
3
 10
3045.218811
 20
1393.465576
  0
POINT
  8
3
 10
3060.758972
 20
1393.465576
  0
POINT
  8
3
 10
3071.779785
 20
1393.465576
  0
POINT
  8
3
 10
3083.273926
 20
1393.465576
  0
POINT
  8
3
 10
3095.194397
 20
1393.465576
  0
POINT
  8
3
 10
3107.493286
 20
1393.465576
  0
POINT
  8
3
 10
3120.123291
 20
1393.465576
  0
POINT
  8
3
 10
3133.037720
 20
1393.465576
  0
POINT
  8
3
 10
3146.188354
 20
1393.465576
  0
POINT
  8
3
 10
3159.528809
 20
1393.465576
  0
POINT
  8
3
 10
3173.010864
 20
1393.465576
  0
POINT
  8
3
 10
3186.587830
 20
1393.465576
  0
POINT
  8
3
 10
3200.212097
 20
1393.465576
  0
POINT
  8
3
 10
3213.836365
 20
1393.465576
  0
POINT
  8
3
 10
3227.413330
 20
1393.465576
  0
POINT
  8
3
 10
3240.895386
 20
1393.465576
  0
POINT
  8
3
 10
3254.235840
 20
1393.465576
  0
POINT
  8
3
 10
3267.386780
 20
1393.465576
  0
POINT
  8
3
 10
3280.300903
 20
1393.465576
  0
POINT
  8
3
 10
3292.931213
 20
1393.465576
  0
POINT
  8
3
 10
3305.230103
 20
1393.465576
  0
POINT
  8
3
 10
3317.150269
 20
1393.465576
  0
POINT
  8
3
 10
3328.644409
 20
1393.465576
  0
POINT
  8
3
 10
3339.665222
 20
1393.465576
  0
POINT
  8
3
 10
3350.165405
 20
1393.465576
  0
POINT
  8
3
 10
3360.097656
 20
1393.465576
  0
POINT
  8
3
 10
3373.827515
 20
1393.465576
  0
POINT
  8
3
 10
3386.012878
 20
1393.465576
  0
POINT
  8
3
 10
3396.494446
 20
1393.465576
  0
POINT
  8
3
 10
3407.543030
 20
1393.465576
  0
POINT
  8
3
 10
3417.074585
 20
1393.465576
  0
POINT
  8
3
 10
3469.326172
 20
1383.092346
  0
POINT
  8
3
 10
3469.326172
 20
1372.929688
  0
POINT
  8
3
 10
3469.326172
 20
1362.577209
  0
POINT
  8
3
 10
3469.326172
 20
1352.556000
  0
POINT
  8
3
 10
3424.326172
 20
1343.465576
  0
POINT
  8
3
 10
3418.326111
 20
1343.465576
  0
POINT
  8
3
 10
3405.112000
 20
1343.465576
  0
POINT
  8
3
 10
3393.199768
 20
1343.465576
  0
POINT
  8
3
 10
3382.132568
 20
1343.465576
  0
POINT
  8
3
 10
3369.414673
 20
1343.465576
  0
POINT
  8
3
 10
3355.205383
 20
1343.465576
  0
POINT
  8
3
 10
3339.665222
 20
1343.465576
  0
POINT
  8
3
 10
3328.644409
 20
1343.465576
  0
POINT
  8
3
 10
3317.150269
 20
1343.465576
  0
POINT
  8
3
 10
3305.229797
 20
1343.465576
  0
POINT
  8
3
 10
3292.930908
 20
1343.465576
  0
POINT
  8
3
 10
3280.300903
 20
1343.465576
  0
POINT
  8
3
 10
3267.386475
 20
1343.465576
  0
POINT
  8
3
 10
3254.235840
 20
1343.465576
  0
POINT
  8
3
 10
3240.895386
 20
1343.465576
  0
POINT
  8
3
 10
3227.413330
 20
1343.465576
  0
POINT
  8
3
 10
3215.098572
 20
1343.465576
  0
POINT
  8
3
 10
3213.836365
 20
1343.465576
  0
POINT
  8
3
 10
3200.212097
 20
1343.465576
  0
POINT
  8
3
 10
3186.587830
 20
1343.465576
  0
POINT
  8
3
 10
3173.010864
 20
1343.465576
  0
POINT
  8
3
 10
3159.528809
 20
1343.465576
  0
POINT
  8
3
 10
3146.188354
 20
1343.465576
  0
POINT
  8
3
 10
3133.037415
 20
1343.465576
  0
POINT
  8
3
 10
3120.123291
 20
1343.465576
  0
POINT
  8
3
 10
3107.492981
 20
1343.465576
  0
POINT
  8
3
 10
3095.194092
 20
1343.465576
  0
POINT
  8
3
 10
3083.273926
 20
1343.465576
  0
POINT
  8
3
 10
3071.779785
 20
1343.465576
  0
POINT
  8
3
 10
3060.758972
 20
1343.465576
  0
POINT
  8
3
 10
3050.258789
 20
1343.465576
  0
POINT
  8
3
 10
3040.326538
 20
1343.465576
  0
POINT
  8
3
 10
3026.596680
 20
1343.465576
  0
POINT
  8
3
 10
3014.411316
 20
1343.465576
  0
POINT
  8
3
 10
3003.929749
 20
1343.465576
  0
POINT
  8
3
 10
2992.881165
 20
1343.465576
  0
POINT
  8
3
 10
2983.349609
 20
1343.465576
  0
POINT
  8
3
 10
2982.098083
 20
1343.465576
  0
POINT
  8
3
 10
2980.846558
 20
1343.465576
  0
POINT
  8
3
 10
2971.315002
 20
1343.465576
  0
POINT
  8
3
 10
2960.266418
 20
1343.465576
  0
POINT
  8
3
 10
2949.784851
 20
1343.465576
  0
POINT
  8
3
 10
2937.599487
 20
1343.465576
  0
POINT
  8
3
 10
2923.869629
 20
1343.465576
  0
POINT
  8
3
 10
2913.937378
 20
1343.465576
  0
POINT
  8
3
 10
2903.437195
 20
1343.465576
  0
POINT
  8
3
 10
2892.416382
 20
1343.465576
  0
POINT
  8
3
 10
2880.922241
 20
1343.465576
  0
POINT
  8
3
 10
2869.002075
 20
1343.465576
  0
POINT
  8
3
 10
2856.703186
 20
1343.465576
  0
POINT
  8
3
 10
2844.072876
 20
1343.465576
  0
POINT
  8
3
 10
2831.158752
 20
1343.465576
  0
POINT
  8
3
 10
2818.007813
 20
1343.465576
  0
POINT
  8
3
 10
2804.667358
 20
1343.465576
  0
POINT
  8
3
 10
2791.185303
 20
1343.465576
  0
POINT
  8
3
 10
2777.608337
 20
1343.465576
  0
POINT
  8
3
 10
2763.984070
 20
1343.465576
  0
POINT
  8
3
 10
2750.359802
 20
1343.465576
  0
POINT
  8
3
 10
2749.097595
 20
1343.465576
  0
POINT
  8
3
 10
2736.782837
 20
1343.465576
  0
POINT
  8
3
 10
2723.300781
 20
1343.465576
  0
POINT
  8
3
 10
2709.960327
 20
1343.465576
  0
POINT
  8
3
 10
2696.809692
 20
1343.465576
  0
POINT
  8
3
 10
2683.895264
 20
1343.465576
  0
POINT
  8
3
 10
2671.265259
 20
1343.465576
  0
POINT
  8
3
 10
2658.966370
 20
1343.465576
  0
POINT
  8
3
 10
2647.045898
 20
1343.465576
  0
POINT
  8
3
 10
2635.551758
 20
1343.465576
  0
POINT
  8
3
 10
2624.530945
 20
1343.465576
  0
POINT
  8
3
 10
2608.990784
 20
1343.465576
  0
POINT
  8
3
 10
2594.781494
 20
1343.465576
  0
POINT
  8
3
 10
2582.063599
 20
1343.465576
  0
POINT
  8
3
 10
2570.996399
 20
1343.465576
  0
POINT
  8
3
 10
2559.084015
 20
1343.465576
  0
POINT
  8
4
 10
3424.326172
 20
1343.465576
 30
1.000000
 50
 90.00
  0
TEXT
  8
4
 10
3424.326172
 20
1343.465576
 40
0.000000
 50
0.000000
  1
# 779
  0
POINT
  8
4
 10
3418.326111
 20
1343.465576
 30
1.000000
 50
 90.00
  0
TEXT
  8
4
 10
3418.326111
 20
1343.465576
 40
0.000000
 50
0.000000
  1
# 780
  0
POINT
  8
4
 10
3215.098572
 20
1343.465576
 30
1.000000
 50
 90.00
  0
TEXT
  8
4
 10
3215.098572
 20
1343.465576
 40
0.000000
 50
0.000000
  1
# 781
  0
POINT
  8
4
 10
2982.098083
 20
1343.465576
 30
1.000000
 50
 90.00
  0
TEXT
  8
4
 10
2982.098083
 20
1343.465576
 40
0.000000
 50
0.000000
  1
# 782
  0
POINT
  8
4
 10
2749.097595
 20
1343.465576
 30
1.000000
 50
 90.00
  0
TEXT
  8
4
 10
2749.097595
 20
1343.465576
 40
0.000000
 50
0.000000
  1
# 783
  0
POLYLINE
  8
8
  66
1
  70
0
  0
VERTEX
  8
8
  10
2982.098083
  20
1343.465576
  0
VERTEX
  8
8
  10
2982.098083
  20
1354.397086
  0
VERTEX
  8
8
  10
2982.098083
  20
1364.573455
  0
VERTEX
  8
8
  10
2982.098083
  20
1374.657706
  0
VERTEX
  8
8
  10
2982.098083
  20
1385.059114
  0
VERTEX
  8
8
  10
2982.098083
  20
1393.465576
  0
SEQEND
  8
8
  0
POINT
  8
2
 10
2982.098083
 20
1343.465576
  0
TEXT
  8
2
 10
2982.098083
 20
1343.465576
 40
0.000000
 50
0.000000
  1
# 784
  0
POINT
  8
2
 10
2982.098083
 20
1393.465576
  0
TEXT
  8
2
 10
2982.098083
 20
1393.465576
 40
0.000000
 50
0.000000
  1
# 785
  0
POINT
  8
3
 10
2982.098083
 20
1354.397086
  0
POINT
  8
3
 10
2982.098083
 20
1364.573455
  0
POINT
  8
3
 10
2982.098083
 20
1374.657706
  0
POINT
  8
3
 10
2982.098083
 20
1385.059114
  0
POLYLINE
  8
8
  66
1
  70
0
  0
VERTEX
  8
8
  10
3418.326111
  20
1393.465576
  0
VERTEX
  8
8
  10
3418.326111
  20
1382.534067
  0
VERTEX
  8
8
  10
3418.326111
  20
1372.357698
  0
VERTEX
  8
8
  10
3418.326111
  20
1362.273447
  0
VERTEX
  8
8
  10
3418.326111
  20
1351.872039
  0
VERTEX
  8
8
  10
3418.326111
  20
1343.465576
  0
SEQEND
  8
8
  0
POINT
  8
2
 10
3418.326111
 20
1393.465576
  0
TEXT
  8
2
 10
3418.326111
 20
1393.465576
 40
0.000000
 50
0.000000
  1
# 786
  0
POINT
  8
2
 10
3418.326111
 20
1343.465576
  0
TEXT
  8
2
 10
3418.326111
 20
1343.465576
 40
0.000000
 50
0.000000
  1
# 787
  0
POINT
  8
3
 10
3418.326111
 20
1382.534067
  0
POINT
  8
3
 10
3418.326111
 20
1372.357698
  0
POINT
  8
3
 10
3418.326111
 20
1362.273447
  0
POINT
  8
3
 10
3418.326111
 20
1351.872039
  0
POLYLINE
  8
8
  66
1
  70
0
  0
VERTEX
  8
8
  10
3424.326172
  20
1393.465576
  0
VERTEX
  8
8
  10
3424.326172
  20
1383.011833
  0
VERTEX
  8
8
  10
3424.326172
  20
1372.797844
  0
VERTEX
  8
8
  10
3424.326172
  20
1362.577286
  0
VERTEX
  8
8
  10
3424.326172
  20
1352.170482
  0
VERTEX
  8
8
  10
3424.326172
  20
1343.465576
  0
SEQEND
  8
8
  0
POINT
  8
2
 10
3424.326172
 20
1393.465576
  0
TEXT
  8
2
 10
3424.326172
 20
1393.465576
 40
0.000000
 50
0.000000
  1
# 788
  0
POINT
  8
2
 10
3424.326172
 20
1343.465576
  0
TEXT
  8
2
 10
3424.326172
 20
1343.465576
 40
0.000000
 50
0.000000
  1
# 789
  0
POINT
  8
3
 10
3424.326172
 20
1383.011833
  0
POINT
  8
3
 10
3424.326172
 20
1372.797844
  0
POINT
  8
3
 10
3424.326172
 20
1362.577286
  0
POINT
  8
3
 10
3424.326172
 20
1352.170482
 0
LINE
 8
7
 10
2709.544983
 20
1364.158630
 11
3260.532532
 21
1364.158630
  0
TEXT
  8
1
 10
3007.598114
 20
1368.465576
 40
10.000000
 50
0.000000
  1
Piece Name: 26SMC-WP130M 展_腰_175/84
  0
TEXT
  8
1
 10
3007.598114
 20
1383.465576
 40
10.000000
 50
0.000000
  1
Size: 175/84
  0
TEXT
  8
1
 10
3007.598114
 20
1398.465576
 40
10.000000
 50
0.000000
  1
Annotation: 
  0
TEXT
  8
1
 10
3007.598114
 20
1413.465576
 40
10.000000
 50
0.000000
  1
Quantity: 1
  0
TEXT
  8
1
 10
3007.598114
 20
1428.465576
 40
10.000000
 50
0.000000
  1
Material: 净
  0
TEXT
  8
1
 10
3007.598114
 20
1428.465576
 40
10.000000
 50
0.000000
  1
Category: 32
0
ENDBLK
0
BLOCK
  8
1
  2
26SMC-WP130M 展_后袋盖_175/84
 70
0
 10
0.0
 20
0.0
  0
POLYLINE
  8
1
  66
1
  70
1
  0
VERTEX
  8
1
  10
27.467659
  20
1165.328369
  0
VERTEX
  8
1
  10
9.538727
  20
1183.257294
  0
VERTEX
  8
1
  10
9.538727
  20
1235.328369
  0
VERTEX
  8
1
  10
169.538574
  20
1235.328369
  0
VERTEX
  8
1
  10
169.538574
  20
1183.257294
  0
VERTEX
  8
1
  10
151.609640
  20
1165.328369
  0
SEQEND
  8
1
  0
POINT
  8
2
 10
27.467659
 20
1165.328369
  0
TEXT
  8
2
 10
27.467659
 20
1165.328369
 40
0.000000
 50
0.000000
  1
# 790
  0
POINT
  8
2
 10
9.538727
 20
1183.257294
  0
TEXT
  8
2
 10
9.538727
 20
1183.257294
 40
0.000000
 50
0.000000
  1
# 791
  0
POINT
  8
2
 10
9.538727
 20
1235.328369
  0
TEXT
  8
2
 10
9.538727
 20
1235.328369
 40
0.000000
 50
0.000000
  1
# 792
  0
POINT
  8
2
 10
169.538574
 20
1235.328369
  0
TEXT
  8
2
 10
169.538574
 20
1235.328369
 40
0.000000
 50
0.000000
  1
# 793
  0
POINT
  8
2
 10
169.538574
 20
1183.257294
  0
TEXT
  8
2
 10
169.538574
 20
1183.257294
 40
0.000000
 50
0.000000
  1
# 794
  0
POINT
  8
2
 10
151.609640
 20
1165.328369
  0
TEXT
  8
2
 10
151.609640
 20
1165.328369
 40
0.000000
 50
0.000000
  1
# 795
  0
POLYLINE
  8
14
  66
1
  70
1
  0
VERTEX
  8
14
  10
29.538727
  20
1170.328369
  0
VERTEX
  8
14
  10
14.538727
  20
1185.328369
  0
VERTEX
  8
14
  10
14.538727
  20
1230.328369
  0
VERTEX
  8
14
  10
164.538574
  20
1230.328369
  0
VERTEX
  8
14
  10
164.538574
  20
1185.328369
  0
VERTEX
  8
14
  10
149.538574
  20
1170.328369
  0
SEQEND
  8
14
  0
POINT
  8
2
 10
29.538727
 20
1170.328369
  0
TEXT
  8
2
 10
29.538727
 20
1170.328369
 40
0.000000
 50
0.000000
  1
# 796
  0
POINT
  8
2
 10
14.538727
 20
1185.328369
  0
TEXT
  8
2
 10
14.538727
 20
1185.328369
 40
0.000000
 50
0.000000
  1
# 797
  0
POINT
  8
2
 10
14.538727
 20
1230.328369
  0
TEXT
  8
2
 10
14.538727
 20
1230.328369
 40
0.000000
 50
0.000000
  1
# 798
  0
POINT
  8
2
 10
164.538574
 20
1230.328369
  0
TEXT
  8
2
 10
164.538574
 20
1230.328369
 40
0.000000
 50
0.000000
  1
# 799
  0
POINT
  8
2
 10
164.538574
 20
1185.328369
  0
TEXT
  8
2
 10
164.538574
 20
1185.328369
 40
0.000000
 50
0.000000
  1
# 800
  0
POINT
  8
2
 10
149.538574
 20
1170.328369
  0
TEXT
  8
2
 10
149.538574
 20
1170.328369
 40
0.000000
 50
0.000000
  1
# 801
  0
POLYLINE
  8
8
  66
1
  70
0
  0
VERTEX
  8
8
  10
22.038727
  20
1177.828369
  0
VERTEX
  8
8
  10
29.211924
  20
1185.001702
  0
VERTEX
  8
8
  10
32.645264
  20
1188.435059
  0
SEQEND
  8
8
  0
POINT
  8
2
 10
22.038727
 20
1177.828369
  0
TEXT
  8
2
 10
22.038727
 20
1177.828369
 40
0.000000
 50
0.000000
  1
# 802
  0
POINT
  8
2
 10
32.645264
 20
1188.435059
  0
TEXT
  8
2
 10
32.645264
 20
1188.435059
 40
0.000000
 50
0.000000
  1
# 803
  0
POINT
  8
3
 10
29.211924
 20
1185.001702
  0
POLYLINE
  8
8
  66
1
  70
0
  0
VERTEX
  8
8
  10
157.038574
  20
1177.828369
  0
VERTEX
  8
8
  10
146.431885
  20
1188.435059
  0
SEQEND
  8
8
  0
POINT
  8
2
 10
157.038574
 20
1177.828369
  0
TEXT
  8
2
 10
157.038574
 20
1177.828369
 40
0.000000
 50
0.000000
  1
# 804
  0
POINT
  8
2
 10
146.431885
 20
1188.435059
  0
TEXT
  8
2
 10
146.431885
 20
1188.435059
 40
0.000000
 50
0.000000
  1
# 805
  0
POLYLINE
  8
8
  66
1
  70
0
  0
VERTEX
  8
8
  10
143.843994
  20
1185.847168
  0
VERTEX
  8
8
  10
149.020081
  20
1191.023254
  0
SEQEND
  8
8
  0
POINT
  8
2
 10
143.843994
 20
1185.847168
  0
TEXT
  8
2
 10
143.843994
 20
1185.847168
 40
0.000000
 50
0.000000
  1
# 806
  0
POINT
  8
2
 10
149.020081
 20
1191.023254
  0
TEXT
  8
2
 10
149.020081
 20
1191.023254
 40
0.000000
 50
0.000000
  1
# 807
  0
POLYLINE
  8
8
  66
1
  70
0
  0
VERTEX
  8
8
  10
147.681274
  20
1187.185974
  0
VERTEX
  8
8
  10
148.698273
  20
1188.202820
  0
SEQEND
  8
8
  0
POINT
  8
2
 10
147.681274
 20
1187.185974
  0
TEXT
  8
2
 10
147.681274
 20
1187.185974
 40
0.000000
 50
0.000000
  1
# 808
  0
POINT
  8
2
 10
148.698273
 20
1188.202820
  0
TEXT
  8
2
 10
148.698273
 20
1188.202820
 40
0.000000
 50
0.000000
  1
# 809
  0
POLYLINE
  8
8
  66
1
  70
0
  0
VERTEX
  8
8
  10
148.698273
  20
1188.202820
  0
VERTEX
  8
8
  10
138.940125
  20
1197.960815
  0
SEQEND
  8
8
  0
POINT
  8
2
 10
148.698273
 20
1188.202820
  0
TEXT
  8
2
 10
148.698273
 20
1188.202820
 40
0.000000
 50
0.000000
  1
# 810
  0
POINT
  8
2
 10
138.940125
 20
1197.960815
  0
TEXT
  8
2
 10
138.940125
 20
1197.960815
 40
0.000000
 50
0.000000
  1
# 811
  0
POLYLINE
  8
8
  66
1
  70
0
  0
VERTEX
  8
8
  10
138.940125
  20
1197.960815
  0
VERTEX
  8
8
  10
137.923126
  20
1196.943970
  0
SEQEND
  8
8
  0
POINT
  8
2
 10
138.940125
 20
1197.960815
  0
TEXT
  8
2
 10
138.940125
 20
1197.960815
 40
0.000000
 50
0.000000
  1
# 812
  0
POINT
  8
2
 10
137.923126
 20
1196.943970
  0
TEXT
  8
2
 10
137.923126
 20
1196.943970
 40
0.000000
 50
0.000000
  1
# 813
  0
POLYLINE
  8
8
  66
1
  70
0
  0
VERTEX
  8
8
  10
137.923126
  20
1196.943970
  0
VERTEX
  8
8
  10
147.681274
  20
1187.185974
  0
SEQEND
  8
8
  0
POINT
  8
2
 10
137.923126
 20
1196.943970
  0
TEXT
  8
2
 10
137.923126
 20
1196.943970
 40
0.000000
 50
0.000000
  1
# 814
  0
POINT
  8
2
 10
147.681274
 20
1187.185974
  0
TEXT
  8
2
 10
147.681274
 20
1187.185974
 40
0.000000
 50
0.000000
  1
# 815
  0
POLYLINE
  8
8
  66
1
  70
0
  0
VERTEX
  8
8
  10
147.681274
  20
1187.185974
  0
VERTEX
  8
8
  10
146.664276
  20
1186.168823
  0
SEQEND
  8
8
  0
POINT
  8
2
 10
147.681274
 20
1187.185974
  0
TEXT
  8
2
 10
147.681274
 20
1187.185974
 40
0.000000
 50
0.000000
  1
# 816
  0
POINT
  8
2
 10
146.664276
 20
1186.168823
  0
TEXT
  8
2
 10
146.664276
 20
1186.168823
 40
0.000000
 50
0.000000
  1
# 817
  0
POLYLINE
  8
8
  66
1
  70
0
  0
VERTEX
  8
8
  10
146.664276
  20
1186.168823
  0
VERTEX
  8
8
  10
136.906281
  20
1195.927124
  0
SEQEND
  8
8
  0
POINT
  8
2
 10
146.664276
 20
1186.168823
  0
TEXT
  8
2
 10
146.664276
 20
1186.168823
 40
0.000000
 50
0.000000
  1
# 818
  0
POINT
  8
2
 10
136.906281
 20
1195.927124
  0
TEXT
  8
2
 10
136.906281
 20
1195.927124
 40
0.000000
 50
0.000000
  1
# 819
  0
POLYLINE
  8
8
  66
1
  70
0
  0
VERTEX
  8
8
  10
136.906281
  20
1195.927124
  0
VERTEX
  8
8
  10
137.923126
  20
1196.943970
  0
SEQEND
  8
8
  0
POINT
  8
2
 10
136.906281
 20
1195.927124
  0
TEXT
  8
2
 10
136.906281
 20
1195.927124
 40
0.000000
 50
0.000000
  1
# 820
  0
POINT
  8
2
 10
137.923126
 20
1196.943970
  0
TEXT
  8
2
 10
137.923126
 20
1196.943970
 40
0.000000
 50
0.000000
  1
# 821
  0
POLYLINE
  8
8
  66
1
  70
0
  0
VERTEX
  8
8
  10
30.057220
  20
1191.023254
  0
VERTEX
  8
8
  10
35.233154
  20
1185.847168
  0
SEQEND
  8
8
  0
POINT
  8
2
 10
30.057220
 20
1191.023254
  0
TEXT
  8
2
 10
30.057220
 20
1191.023254
 40
0.000000
 50
0.000000
  1
# 822
  0
POINT
  8
2
 10
35.233154
 20
1185.847168
  0
TEXT
  8
2
 10
35.233154
 20
1185.847168
 40
0.000000
 50
0.000000
  1
# 823
  0
POLYLINE
  8
8
  66
1
  70
0
  0
VERTEX
  8
8
  10
31.395874
  20
1187.185974
  0
VERTEX
  8
8
  10
32.412872
  20
1186.169128
  0
SEQEND
  8
8
  0
POINT
  8
2
 10
31.395874
 20
1187.185974
  0
TEXT
  8
2
 10
31.395874
 20
1187.185974
 40
0.000000
 50
0.000000
  1
# 824
  0
POINT
  8
2
 10
32.412872
 20
1186.169128
  0
TEXT
  8
2
 10
32.412872
 20
1186.169128
 40
0.000000
 50
0.000000
  1
# 825
  0
POLYLINE
  8
8
  66
1
  70
0
  0
VERTEX
  8
8
  10
32.412872
  20
1186.169128
  0
VERTEX
  8
8
  10
42.171021
  20
1195.927124
  0
SEQEND
  8
8
  0
POINT
  8
2
 10
32.412872
 20
1186.169128
  0
TEXT
  8
2
 10
32.412872
 20
1186.169128
 40
0.000000
 50
0.000000
  1
# 826
  0
POINT
  8
2
 10
42.171021
 20
1195.927124
  0
TEXT
  8
2
 10
42.171021
 20
1195.927124
 40
0.000000
 50
0.000000
  1
# 827
  0
POLYLINE
  8
8
  66
1
  70
0
  0
VERTEX
  8
8
  10
42.171021
  20
1195.927124
  0
VERTEX
  8
8
  10
41.154022
  20
1196.943970
  0
SEQEND
  8
8
  0
POINT
  8
2
 10
42.171021
 20
1195.927124
  0
TEXT
  8
2
 10
42.171021
 20
1195.927124
 40
0.000000
 50
0.000000
  1
# 828
  0
POINT
  8
2
 10
41.154022
 20
1196.943970
  0
TEXT
  8
2
 10
41.154022
 20
1196.943970
 40
0.000000
 50
0.000000
  1
# 829
  0
POLYLINE
  8
8
  66
1
  70
0
  0
VERTEX
  8
8
  10
41.154022
  20
1196.943970
  0
VERTEX
  8
8
  10
31.395874
  20
1187.185974
  0
SEQEND
  8
8
  0
POINT
  8
2
 10
41.154022
 20
1196.943970
  0
TEXT
  8
2
 10
41.154022
 20
1196.943970
 40
0.000000
 50
0.000000
  1
# 830
  0
POINT
  8
2
 10
31.395874
 20
1187.185974
  0
TEXT
  8
2
 10
31.395874
 20
1187.185974
 40
0.000000
 50
0.000000
  1
# 831
  0
POLYLINE
  8
8
  66
1
  70
0
  0
VERTEX
  8
8
  10
31.395874
  20
1187.185974
  0
VERTEX
  8
8
  10
30.379028
  20
1188.202820
  0
SEQEND
  8
8
  0
POINT
  8
2
 10
31.395874
 20
1187.185974
  0
TEXT
  8
2
 10
31.395874
 20
1187.185974
 40
0.000000
 50
0.000000
  1
# 832
  0
POINT
  8
2
 10
30.379028
 20
1188.202820
  0
TEXT
  8
2
 10
30.379028
 20
1188.202820
 40
0.000000
 50
0.000000
  1
# 833
  0
POLYLINE
  8
8
  66
1
  70
0
  0
VERTEX
  8
8
  10
30.379028
  20
1188.202820
  0
VERTEX
  8
8
  10
40.137024
  20
1197.961121
  0
SEQEND
  8
8
  0
POINT
  8
2
 10
30.379028
 20
1188.202820
  0
TEXT
  8
2
 10
30.379028
 20
1188.202820
 40
0.000000
 50
0.000000
  1
# 834
  0
POINT
  8
2
 10
40.137024
 20
1197.961121
  0
TEXT
  8
2
 10
40.137024
 20
1197.961121
 40
0.000000
 50
0.000000
  1
# 835
  0
POLYLINE
  8
8
  66
1
  70
0
  0
VERTEX
  8
8
  10
40.137024
  20
1197.961121
  0
VERTEX
  8
8
  10
41.154022
  20
1196.943970
  0
SEQEND
  8
8
  0
POINT
  8
2
 10
40.137024
 20
1197.961121
  0
TEXT
  8
2
 10
40.137024
 20
1197.961121
 40
0.000000
 50
0.000000
  1
# 836
  0
POINT
  8
2
 10
41.154022
 20
1196.943970
  0
TEXT
  8
2
 10
41.154022
 20
1196.943970
 40
0.000000
 50
0.000000
  1
# 837
 0
LINE
 8
7
 10
86.319208
 20
1212.632141
 11
86.319208
 21
1179.852371
  0
TEXT
  8
1
 10
89.538651
 20
1200.328369
 40
10.000000
 50
0.000000
  1
Piece Name: 26SMC-WP130M 展_后袋盖_175/84
  0
TEXT
  8
1
 10
89.538651
 20
1215.328369
 40
10.000000
 50
0.000000
  1
Size: 175/84
  0
TEXT
  8
1
 10
89.538651
 20
1230.328369
 40
10.000000
 50
0.000000
  1
Annotation: 
  0
TEXT
  8
1
 10
89.538651
 20
1245.328369
 40
10.000000
 50
0.000000
  1
Quantity: 1,1
  0
TEXT
  8
1
 10
89.538651
 20
1260.328369
 40
10.000000
 50
0.000000
  1
Material: 衬
  0
TEXT
  8
1
 10
89.538651
 20
1260.328369
 40
10.000000
 50
0.000000
  1
Category: 33
0
ENDBLK
0
BLOCK
  8
1
  2
26SMC-WP130M 展_腰_175/84
 70
0
 10
0.0
 20
0.0
  0
POLYLINE
  8
1
  66
1
  70
1
  0
VERTEX
  8
1
  10
-203.158875
  20
1061.529388
  0
VERTEX
  8
1
  10
-203.158875
  20
1074.935837
  0
VERTEX
  8
1
  10
-203.158875
  20
1085.337296
  0
VERTEX
  8
1
  10
-203.158875
  20
1095.421524
  0
VERTEX
  8
1
  10
-203.158875
  20
1105.597916
  0
VERTEX
  8
1
  10
-203.158875
  20
1121.529388
  0
VERTEX
  8
1
  10
-191.596031
  20
1121.529388
  0
VERTEX
  8
1
  10
-186.907482
  20
1121.529388
  0
VERTEX
  8
1
  10
-177.375641
  20
1121.529388
  0
VERTEX
  8
1
  10
-166.327152
  20
1121.529388
  0
VERTEX
  8
1
  10
-155.845680
  20
1121.529388
  0
VERTEX
  8
1
  10
-143.660192
  20
1121.529388
  0
VERTEX
  8
1
  10
-129.930439
  20
1121.529388
  0
VERTEX
  8
1
  10
-119.998236
  20
1121.529388
  0
VERTEX
  8
1
  10
-109.498024
  20
1121.529388
  0
VERTEX
  8
1
  10
-98.477144
  20
1121.529388
  0
VERTEX
  8
1
  10
-86.982927
  20
1121.529388
  0
VERTEX
  8
1
  10
-75.062709
  20
1121.529388
  0
VERTEX
  8
1
  10
-62.763820
  20
1121.529388
  0
VERTEX
  8
1
  10
-50.133591
  20
1121.529388
  0
VERTEX
  8
1
  10
-37.219360
  20
1121.529388
  0
VERTEX
  8
1
  10
-24.068460
  20
1121.529388
  0
VERTEX
  8
1
  10
-10.728227
  20
1121.529388
  0
VERTEX
  8
1
  10
2.754009
  20
1121.529388
  0
VERTEX
  8
1
  10
16.330912
  20
1121.529388
  0
VERTEX
  8
1
  10
29.955149
  20
1121.529388
  0
VERTEX
  8
1
  10
43.579407
  20
1121.529388
  0
VERTEX
  8
1
  10
57.156310
  20
1121.529388
  0
VERTEX
  8
1
  10
70.638542
  20
1121.529388
  0
VERTEX
  8
1
  10
83.978777
  20
1121.529388
  0
VERTEX
  8
1
  10
97.129679
  20
1121.529388
  0
VERTEX
  8
1
  10
110.043907
  20
1121.529388
  0
VERTEX
  8
1
  10
122.674131
  20
1121.529388
  0
VERTEX
  8
1
  10
134.973030
  20
1121.529388
  0
VERTEX
  8
1
  10
146.893244
  20
1121.529388
  0
VERTEX
  8
1
  10
158.387461
  20
1121.529388
  0
VERTEX
  8
1
  10
169.408340
  20
1121.529388
  0
VERTEX
  8
1
  10
184.948616
  20
1121.529388
  0
VERTEX
  8
1
  10
199.157619
  20
1121.529388
  0
VERTEX
  8
1
  10
211.875610
  20
1121.529388
  0
VERTEX
  8
1
  10
222.942848
  20
1121.529388
  0
VERTEX
  8
1
  10
234.855175
  20
1121.529388
  0
VERTEX
  8
1
  10
248.069191
  20
1121.529388
  0
VERTEX
  8
1
  10
261.283207
  20
1121.529388
  0
VERTEX
  8
1
  10
273.195534
  20
1121.529388
  0
VERTEX
  8
1
  10
284.262772
  20
1121.529388
  0
VERTEX
  8
1
  10
296.980762
  20
1121.529388
  0
VERTEX
  8
1
  10
311.189766
  20
1121.529388
  0
VERTEX
  8
1
  10
326.730042
  20
1121.529388
  0
VERTEX
  8
1
  10
337.750931
  20
1121.529388
  0
VERTEX
  8
1
  10
349.245148
  20
1121.529388
  0
VERTEX
  8
1
  10
361.165352
  20
1121.529388
  0
VERTEX
  8
1
  10
373.464241
  20
1121.529388
  0
VERTEX
  8
1
  10
386.094475
  20
1121.529388
  0
VERTEX
  8
1
  10
399.008713
  20
1121.529388
  0
VERTEX
  8
1
  10
412.159615
  20
1121.529388
  0
VERTEX
  8
1
  10
425.499840
  20
1121.529388
  0
VERTEX
  8
1
  10
438.982086
  20
1121.529388
  0
VERTEX
  8
1
  10
452.558975
  20
1121.529388
  0
VERTEX
  8
1
  10
466.183243
  20
1121.529388
  0
VERTEX
  8
1
  10
479.807472
  20
1121.529388
  0
VERTEX
  8
1
  10
493.384361
  20
1121.529388
  0
VERTEX
  8
1
  10
506.866608
  20
1121.529388
  0
VERTEX
  8
1
  10
520.206833
  20
1121.529388
  0
VERTEX
  8
1
  10
533.357735
  20
1121.529388
  0
VERTEX
  8
1
  10
546.271973
  20
1121.529388
  0
VERTEX
  8
1
  10
558.902206
  20
1121.529388
  0
VERTEX
  8
1
  10
571.201096
  20
1121.529388
  0
VERTEX
  8
1
  10
583.121300
  20
1121.529388
  0
VERTEX
  8
1
  10
594.615517
  20
1121.529388
  0
VERTEX
  8
1
  10
605.636406
  20
1121.529388
  0
VERTEX
  8
1
  10
616.136627
  20
1121.529388
  0
VERTEX
  8
1
  10
626.068802
  20
1121.529388
  0
VERTEX
  8
1
  10
639.798584
  20
1121.529388
  0
VERTEX
  8
1
  10
651.984024
  20
1121.529388
  0
VERTEX
  8
1
  10
662.465515
  20
1121.529388
  0
VERTEX
  8
1
  10
673.514023
  20
1121.529388
  0
VERTEX
  8
1
  10
683.045883
  20
1121.529388
  0
VERTEX
  8
1
  10
684.297256
  20
1121.529388
  0
VERTEX
  8
1
  10
750.297241
  20
1121.529388
  0
VERTEX
  8
1
  10
750.297241
  20
1106.156158
  0
VERTEX
  8
1
  10
750.297241
  20
1095.993423
  0
VERTEX
  8
1
  10
750.297241
  20
1085.641022
  0
VERTEX
  8
1
  10
750.297241
  20
1075.619736
  0
VERTEX
  8
1
  10
750.297241
  20
1061.529388
  0
VERTEX
  8
1
  10
684.297256
  20
1061.529388
  0
VERTEX
  8
1
  10
671.083221
  20
1061.529388
  0
VERTEX
  8
1
  10
659.170914
  20
1061.529388
  0
VERTEX
  8
1
  10
648.103714
  20
1061.529388
  0
VERTEX
  8
1
  10
635.385704
  20
1061.529388
  0
VERTEX
  8
1
  10
621.176682
  20
1061.529388
  0
VERTEX
  8
1
  10
605.636406
  20
1061.529388
  0
VERTEX
  8
1
  10
594.615517
  20
1061.529388
  0
VERTEX
  8
1
  10
583.121300
  20
1061.529388
  0
VERTEX
  8
1
  10
571.201096
  20
1061.529388
  0
VERTEX
  8
1
  10
558.902206
  20
1061.529388
  0
VERTEX
  8
1
  10
546.271973
  20
1061.529388
  0
VERTEX
  8
1
  10
533.357735
  20
1061.529388
  0
VERTEX
  8
1
  10
520.206833
  20
1061.529388
  0
VERTEX
  8
1
  10
506.866608
  20
1061.529388
  0
VERTEX
  8
1
  10
493.384361
  20
1061.529388
  0
VERTEX
  8
1
  10
479.807472
  20
1061.529388
  0
VERTEX
  8
1
  10
466.183205
  20
1061.529388
  0
VERTEX
  8
1
  10
452.558975
  20
1061.529388
  0
VERTEX
  8
1
  10
438.982086
  20
1061.529388
  0
VERTEX
  8
1
  10
425.499840
  20
1061.529388
  0
VERTEX
  8
1
  10
412.159615
  20
1061.529388
  0
VERTEX
  8
1
  10
399.008713
  20
1061.529388
  0
VERTEX
  8
1
  10
386.094475
  20
1061.529388
  0
VERTEX
  8
1
  10
373.464241
  20
1061.529388
  0
VERTEX
  8
1
  10
361.165352
  20
1061.529388
  0
VERTEX
  8
1
  10
349.245148
  20
1061.529388
  0
VERTEX
  8
1
  10
337.750931
  20
1061.529388
  0
VERTEX
  8
1
  10
326.730042
  20
1061.529388
  0
VERTEX
  8
1
  10
316.229839
  20
1061.529388
  0
VERTEX
  8
1
  10
306.297626
  20
1061.529388
  0
VERTEX
  8
1
  10
292.567883
  20
1061.529388
  0
VERTEX
  8
1
  10
280.382385
  20
1061.529388
  0
VERTEX
  8
1
  10
269.900913
  20
1061.529388
  0
VERTEX
  8
1
  10
258.852425
  20
1061.529388
  0
VERTEX
  8
1
  10
249.320583
  20
1061.529388
  0
VERTEX
  8
1
  10
248.069191
  20
1061.529388
  0
VERTEX
  8
1
  10
246.817799
  20
1061.529388
  0
VERTEX
  8
1
  10
237.285957
  20
1061.529388
  0
VERTEX
  8
1
  10
226.237469
  20
1061.529388
  0
VERTEX
  8
1
  10
215.755997
  20
1061.529388
  0
VERTEX
  8
1
  10
203.570499
  20
1061.529388
  0
VERTEX
  8
1
  10
189.840755
  20
1061.529388
  0
VERTEX
  8
1
  10
179.908543
  20
1061.529388
  0
VERTEX
  8
1
  10
169.408340
  20
1061.529388
  0
VERTEX
  8
1
  10
158.387461
  20
1061.529388
  0
VERTEX
  8
1
  10
146.893244
  20
1061.529388
  0
VERTEX
  8
1
  10
134.973030
  20
1061.529388
  0
VERTEX
  8
1
  10
122.674131
  20
1061.529388
  0
VERTEX
  8
1
  10
110.043907
  20
1061.529388
  0
VERTEX
  8
1
  10
97.129679
  20
1061.529388
  0
VERTEX
  8
1
  10
83.978777
  20
1061.529388
  0
VERTEX
  8
1
  10
70.638542
  20
1061.529388
  0
VERTEX
  8
1
  10
57.156310
  20
1061.529388
  0
VERTEX
  8
1
  10
43.579407
  20
1061.529388
  0
VERTEX
  8
1
  10
29.955168
  20
1061.529388
  0
VERTEX
  8
1
  10
16.330912
  20
1061.529388
  0
VERTEX
  8
1
  10
2.754009
  20
1061.529388
  0
VERTEX
  8
1
  10
-10.728227
  20
1061.529388
  0
VERTEX
  8
1
  10
-24.068460
  20
1061.529388
  0
VERTEX
  8
1
  10
-37.219360
  20
1061.529388
  0
VERTEX
  8
1
  10
-50.133591
  20
1061.529388
  0
VERTEX
  8
1
  10
-62.763820
  20
1061.529388
  0
VERTEX
  8
1
  10
-75.062709
  20
1061.529388
  0
VERTEX
  8
1
  10
-86.982927
  20
1061.529388
  0
VERTEX
  8
1
  10
-98.477144
  20
1061.529388
  0
VERTEX
  8
1
  10
-109.498024
  20
1061.529388
  0
VERTEX
  8
1
  10
-125.038300
  20
1061.529388
  0
VERTEX
  8
1
  10
-139.247313
  20
1061.529388
  0
VERTEX
  8
1
  10
-151.965303
  20
1061.529388
  0
VERTEX
  8
1
  10
-163.032532
  20
1061.529388
  0
VERTEX
  8
1
  10
-174.944859
  20
1061.529388
  0
VERTEX
  8
1
  10
-188.605366
  20
1061.529388
  0
SEQEND
  8
1
  0
POINT
  8
2
 10
-203.158875
 20
1061.529388
  0
TEXT
  8
2
 10
-203.158875
 20
1061.529388
 40
0.000000
 50
0.000000
  1
# 838
  0
POINT
  8
2
 10
-203.158875
 20
1121.529388
  0
TEXT
  8
2
 10
-203.158875
 20
1121.529388
 40
0.000000
 50
0.000000
  1
# 839
  0
POINT
  8
2
 10
248.069191
 20
1121.529388
  0
TEXT
  8
2
 10
248.069191
 20
1121.529388
 40
0.000000
 50
0.000000
  1
# 840
  0
POINT
  8
2
 10
684.297256
 20
1121.529388
  0
TEXT
  8
2
 10
684.297256
 20
1121.529388
 40
0.000000
 50
0.000000
  1
# 841
  0
POINT
  8
2
 10
750.297241
 20
1121.529388
  0
TEXT
  8
2
 10
750.297241
 20
1121.529388
 40
0.000000
 50
0.000000
  1
# 842
  0
POINT
  8
2
 10
750.297241
 20
1061.529388
  0
TEXT
  8
2
 10
750.297241
 20
1061.529388
 40
0.000000
 50
0.000000
  1
# 843
  0
POINT
  8
2
 10
684.297256
 20
1061.529388
  0
TEXT
  8
2
 10
684.297256
 20
1061.529388
 40
0.000000
 50
0.000000
  1
# 844
  0
POINT
  8
2
 10
248.069191
 20
1061.529388
  0
TEXT
  8
2
 10
248.069191
 20
1061.529388
 40
0.000000
 50
0.000000
  1
# 845
  0
POINT
  8
3
 10
-203.158875
 20
1074.935837
  0
POINT
  8
3
 10
-203.158875
 20
1085.337296
  0
POINT
  8
3
 10
-203.158875
 20
1095.421524
  0
POINT
  8
3
 10
-203.158875
 20
1105.597916
  0
POINT
  8
3
 10
-191.596031
 20
1121.529388
  0
POINT
  8
3
 10
-186.907482
 20
1121.529388
  0
POINT
  8
3
 10
-177.375641
 20
1121.529388
  0
POINT
  8
3
 10
-166.327152
 20
1121.529388
  0
POINT
  8
3
 10
-155.845680
 20
1121.529388
  0
POINT
  8
3
 10
-143.660192
 20
1121.529388
  0
POINT
  8
3
 10
-129.930439
 20
1121.529388
  0
POINT
  8
3
 10
-119.998236
 20
1121.529388
  0
POINT
  8
3
 10
-109.498024
 20
1121.529388
  0
POINT
  8
3
 10
-98.477144
 20
1121.529388
  0
POINT
  8
3
 10
-86.982927
 20
1121.529388
  0
POINT
  8
3
 10
-75.062709
 20
1121.529388
  0
POINT
  8
3
 10
-62.763820
 20
1121.529388
  0
POINT
  8
3
 10
-50.133591
 20
1121.529388
  0
POINT
  8
3
 10
-37.219360
 20
1121.529388
  0
POINT
  8
3
 10
-24.068460
 20
1121.529388
  0
POINT
  8
3
 10
-10.728227
 20
1121.529388
  0
POINT
  8
3
 10
2.754009
 20
1121.529388
  0
POINT
  8
3
 10
16.330912
 20
1121.529388
  0
POINT
  8
3
 10
29.955149
 20
1121.529388
  0
POINT
  8
3
 10
43.579407
 20
1121.529388
  0
POINT
  8
3
 10
57.156310
 20
1121.529388
  0
POINT
  8
3
 10
70.638542
 20
1121.529388
  0
POINT
  8
3
 10
83.978777
 20
1121.529388
  0
POINT
  8
3
 10
97.129679
 20
1121.529388
  0
POINT
  8
3
 10
110.043907
 20
1121.529388
  0
POINT
  8
3
 10
122.674131
 20
1121.529388
  0
POINT
  8
3
 10
134.973030
 20
1121.529388
  0
POINT
  8
3
 10
146.893244
 20
1121.529388
  0
POINT
  8
3
 10
158.387461
 20
1121.529388
  0
POINT
  8
3
 10
169.408340
 20
1121.529388
  0
POINT
  8
3
 10
184.948616
 20
1121.529388
  0
POINT
  8
3
 10
199.157619
 20
1121.529388
  0
POINT
  8
3
 10
211.875610
 20
1121.529388
  0
POINT
  8
3
 10
222.942848
 20
1121.529388
  0
POINT
  8
3
 10
234.855175
 20
1121.529388
  0
POINT
  8
3
 10
261.283207
 20
1121.529388
  0
POINT
  8
3
 10
273.195534
 20
1121.529388
  0
POINT
  8
3
 10
284.262772
 20
1121.529388
  0
POINT
  8
3
 10
296.980762
 20
1121.529388
  0
POINT
  8
3
 10
311.189766
 20
1121.529388
  0
POINT
  8
3
 10
326.730042
 20
1121.529388
  0
POINT
  8
3
 10
337.750931
 20
1121.529388
  0
POINT
  8
3
 10
349.245148
 20
1121.529388
  0
POINT
  8
3
 10
361.165352
 20
1121.529388
  0
POINT
  8
3
 10
373.464241
 20
1121.529388
  0
POINT
  8
3
 10
386.094475
 20
1121.529388
  0
POINT
  8
3
 10
399.008713
 20
1121.529388
  0
POINT
  8
3
 10
412.159615
 20
1121.529388
  0
POINT
  8
3
 10
425.499840
 20
1121.529388
  0
POINT
  8
3
 10
438.982086
 20
1121.529388
  0
POINT
  8
3
 10
452.558975
 20
1121.529388
  0
POINT
  8
3
 10
466.183243
 20
1121.529388
  0
POINT
  8
3
 10
479.807472
 20
1121.529388
  0
POINT
  8
3
 10
493.384361
 20
1121.529388
  0
POINT
  8
3
 10
506.866608
 20
1121.529388
  0
POINT
  8
3
 10
520.206833
 20
1121.529388
  0
POINT
  8
3
 10
533.357735
 20
1121.529388
  0
POINT
  8
3
 10
546.271973
 20
1121.529388
  0
POINT
  8
3
 10
558.902206
 20
1121.529388
  0
POINT
  8
3
 10
571.201096
 20
1121.529388
  0
POINT
  8
3
 10
583.121300
 20
1121.529388
  0
POINT
  8
3
 10
594.615517
 20
1121.529388
  0
POINT
  8
3
 10
605.636406
 20
1121.529388
  0
POINT
  8
3
 10
616.136627
 20
1121.529388
  0
POINT
  8
3
 10
626.068802
 20
1121.529388
  0
POINT
  8
3
 10
639.798584
 20
1121.529388
  0
POINT
  8
3
 10
651.984024
 20
1121.529388
  0
POINT
  8
3
 10
662.465515
 20
1121.529388
  0
POINT
  8
3
 10
673.514023
 20
1121.529388
  0
POINT
  8
3
 10
683.045883
 20
1121.529388
  0
POINT
  8
3
 10
750.297241
 20
1106.156158
  0
POINT
  8
3
 10
750.297241
 20
1095.993423
  0
POINT
  8
3
 10
750.297241
 20
1085.641022
  0
POINT
  8
3
 10
750.297241
 20
1075.619736
  0
POINT
  8
3
 10
671.083221
 20
1061.529388
  0
POINT
  8
3
 10
659.170914
 20
1061.529388
  0
POINT
  8
3
 10
648.103714
 20
1061.529388
  0
POINT
  8
3
 10
635.385704
 20
1061.529388
  0
POINT
  8
3
 10
621.176682
 20
1061.529388
  0
POINT
  8
3
 10
605.636406
 20
1061.529388
  0
POINT
  8
3
 10
594.615517
 20
1061.529388
  0
POINT
  8
3
 10
583.121300
 20
1061.529388
  0
POINT
  8
3
 10
571.201096
 20
1061.529388
  0
POINT
  8
3
 10
558.902206
 20
1061.529388
  0
POINT
  8
3
 10
546.271973
 20
1061.529388
  0
POINT
  8
3
 10
533.357735
 20
1061.529388
  0
POINT
  8
3
 10
520.206833
 20
1061.529388
  0
POINT
  8
3
 10
506.866608
 20
1061.529388
  0
POINT
  8
3
 10
493.384361
 20
1061.529388
  0
POINT
  8
3
 10
479.807472
 20
1061.529388
  0
POINT
  8
3
 10
466.183205
 20
1061.529388
  0
POINT
  8
3
 10
452.558975
 20
1061.529388
  0
POINT
  8
3
 10
438.982086
 20
1061.529388
  0
POINT
  8
3
 10
425.499840
 20
1061.529388
  0
POINT
  8
3
 10
412.159615
 20
1061.529388
  0
POINT
  8
3
 10
399.008713
 20
1061.529388
  0
POINT
  8
3
 10
386.094475
 20
1061.529388
  0
POINT
  8
3
 10
373.464241
 20
1061.529388
  0
POINT
  8
3
 10
361.165352
 20
1061.529388
  0
POINT
  8
3
 10
349.245148
 20
1061.529388
  0
POINT
  8
3
 10
337.750931
 20
1061.529388
  0
POINT
  8
3
 10
326.730042
 20
1061.529388
  0
POINT
  8
3
 10
316.229839
 20
1061.529388
  0
POINT
  8
3
 10
306.297626
 20
1061.529388
  0
POINT
  8
3
 10
292.567883
 20
1061.529388
  0
POINT
  8
3
 10
280.382385
 20
1061.529388
  0
POINT
  8
3
 10
269.900913
 20
1061.529388
  0
POINT
  8
3
 10
258.852425
 20
1061.529388
  0
POINT
  8
3
 10
249.320583
 20
1061.529388
  0
POINT
  8
3
 10
246.817799
 20
1061.529388
  0
POINT
  8
3
 10
237.285957
 20
1061.529388
  0
POINT
  8
3
 10
226.237469
 20
1061.529388
  0
POINT
  8
3
 10
215.755997
 20
1061.529388
  0
POINT
  8
3
 10
203.570499
 20
1061.529388
  0
POINT
  8
3
 10
189.840755
 20
1061.529388
  0
POINT
  8
3
 10
179.908543
 20
1061.529388
  0
POINT
  8
3
 10
169.408340
 20
1061.529388
  0
POINT
  8
3
 10
158.387461
 20
1061.529388
  0
POINT
  8
3
 10
146.893244
 20
1061.529388
  0
POINT
  8
3
 10
134.973030
 20
1061.529388
  0
POINT
  8
3
 10
122.674131
 20
1061.529388
  0
POINT
  8
3
 10
110.043907
 20
1061.529388
  0
POINT
  8
3
 10
97.129679
 20
1061.529388
  0
POINT
  8
3
 10
83.978777
 20
1061.529388
  0
POINT
  8
3
 10
70.638542
 20
1061.529388
  0
POINT
  8
3
 10
57.156310
 20
1061.529388
  0
POINT
  8
3
 10
43.579407
 20
1061.529388
  0
POINT
  8
3
 10
29.955168
 20
1061.529388
  0
POINT
  8
3
 10
16.330912
 20
1061.529388
  0
POINT
  8
3
 10
2.754009
 20
1061.529388
  0
POINT
  8
3
 10
-10.728227
 20
1061.529388
  0
POINT
  8
3
 10
-24.068460
 20
1061.529388
  0
POINT
  8
3
 10
-37.219360
 20
1061.529388
  0
POINT
  8
3
 10
-50.133591
 20
1061.529388
  0
POINT
  8
3
 10
-62.763820
 20
1061.529388
  0
POINT
  8
3
 10
-75.062709
 20
1061.529388
  0
POINT
  8
3
 10
-86.982927
 20
1061.529388
  0
POINT
  8
3
 10
-98.477144
 20
1061.529388
  0
POINT
  8
3
 10
-109.498024
 20
1061.529388
  0
POINT
  8
3
 10
-125.038300
 20
1061.529388
  0
POINT
  8
3
 10
-139.247313
 20
1061.529388
  0
POINT
  8
3
 10
-151.965303
 20
1061.529388
  0
POINT
  8
3
 10
-163.032532
 20
1061.529388
  0
POINT
  8
3
 10
-174.944859
 20
1061.529388
  0
POINT
  8
3
 10
-188.605366
 20
1061.529388
  0
POLYLINE
  8
14
  66
1
  70
1
  0
VERTEX
  8
14
  10
-188.158875
  20
1066.529388
  0
VERTEX
  8
14
  10
-188.158875
  20
1074.935851
  0
VERTEX
  8
14
  10
-188.158875
  20
1085.337259
  0
VERTEX
  8
14
  10
-188.158875
  20
1095.421510
  0
VERTEX
  8
14
  10
-188.158875
  20
1105.597879
  0
VERTEX
  8
14
  10
-188.158875
  20
1116.529388
  0
VERTEX
  8
14
  10
-186.907486
  20
1116.529388
  0
VERTEX
  8
14
  10
-177.375644
  20
1116.529388
  0
VERTEX
  8
14
  10
-166.327152
  20
1116.529388
  0
VERTEX
  8
14
  10
-155.845679
  20
1116.529388
  0
VERTEX
  8
14
  10
-143.660191
  20
1116.529388
  0
VERTEX
  8
14
  10
-129.930439
  20
1116.529388
  0
VERTEX
  8
14
  10
-119.998236
  20
1116.529388
  0
VERTEX
  8
14
  10
-109.498027
  20
1116.529388
  0
VERTEX
  8
14
  10
-98.477148
  20
1116.529388
  0
VERTEX
  8
14
  10
-86.982931
  20
1116.529388
  0
VERTEX
  8
14
  10
-75.062709
  20
1116.529388
  0
VERTEX
  8
14
  10
-62.763818
  20
1116.529388
  0
VERTEX
  8
14
  10
-50.133590
  20
1116.529388
  0
VERTEX
  8
14
  10
-37.219360
  20
1116.529388
  0
VERTEX
  8
14
  10
-24.068461
  20
1116.529388
  0
VERTEX
  8
14
  10
-10.728227
  20
1116.529388
  0
VERTEX
  8
14
  10
2.754009
  20
1116.529388
  0
VERTEX
  8
14
  10
16.330912
  20
1116.529388
  0
VERTEX
  8
14
  10
29.955149
  20
1116.529388
  0
VERTEX
  8
14
  10
43.579405
  20
1116.529388
  0
VERTEX
  8
14
  10
57.156308
  20
1116.529388
  0
VERTEX
  8
14
  10
70.638543
  20
1116.529388
  0
VERTEX
  8
14
  10
83.978777
  20
1116.529388
  0
VERTEX
  8
14
  10
97.129677
  20
1116.529388
  0
VERTEX
  8
14
  10
110.043907
  20
1116.529388
  0
VERTEX
  8
14
  10
122.674135
  20
1116.529388
  0
VERTEX
  8
14
  10
134.973026
  20
1116.529388
  0
VERTEX
  8
14
  10
146.893247
  20
1116.529388
  0
VERTEX
  8
14
  10
158.387464
  20
1116.529388
  0
VERTEX
  8
14
  10
169.408344
  20
1116.529388
  0
VERTEX
  8
14
  10
184.948620
  20
1116.529388
  0
VERTEX
  8
14
  10
199.157626
  20
1116.529388
  0
VERTEX
  8
14
  10
211.875618
  20
1116.529388
  0
VERTEX
  8
14
  10
222.942845
  20
1116.529388
  0
VERTEX
  8
14
  10
234.855179
  20
1116.529388
  0
VERTEX
  8
14
  10
248.069191
  20
1116.529388
  0
VERTEX
  8
14
  10
261.283203
  20
1116.529388
  0
VERTEX
  8
14
  10
273.195537
  20
1116.529388
  0
VERTEX
  8
14
  10
284.262764
  20
1116.529388
  0
VERTEX
  8
14
  10
296.980756
  20
1116.529388
  0
VERTEX
  8
14
  10
311.189762
  20
1116.529388
  0
VERTEX
  8
14
  10
326.730038
  20
1116.529388
  0
VERTEX
  8
14
  10
337.750918
  20
1116.529388
  0
VERTEX
  8
14
  10
349.245135
  20
1116.529388
  0
VERTEX
  8
14
  10
361.165356
  20
1116.529388
  0
VERTEX
  8
14
  10
373.464247
  20
1116.529388
  0
VERTEX
  8
14
  10
386.094475
  20
1116.529388
  0
VERTEX
  8
14
  10
399.008705
  20
1116.529388
  0
VERTEX
  8
14
  10
412.159604
  20
1116.529388
  0
VERTEX
  8
14
  10
425.499839
  20
1116.529388
  0
VERTEX
  8
14
  10
438.982074
  20
1116.529388
  0
VERTEX
  8
14
  10
452.558977
  20
1116.529388
  0
VERTEX
  8
14
  10
466.183233
  20
1116.529388
  0
VERTEX
  8
14
  10
479.807470
  20
1116.529388
  0
VERTEX
  8
14
  10
493.384373
  20
1116.529388
  0
VERTEX
  8
14
  10
506.866609
  20
1116.529388
  0
VERTEX
  8
14
  10
520.206843
  20
1116.529388
  0
VERTEX
  8
14
  10
533.357742
  20
1116.529388
  0
VERTEX
  8
14
  10
546.271972
  20
1116.529388
  0
VERTEX
  8
14
  10
558.902200
  20
1116.529388
  0
VERTEX
  8
14
  10
571.201091
  20
1116.529388
  0
VERTEX
  8
14
  10
583.121313
  20
1116.529388
  0
VERTEX
  8
14
  10
594.615530
  20
1116.529388
  0
VERTEX
  8
14
  10
605.636409
  20
1116.529388
  0
VERTEX
  8
14
  10
616.136618
  20
1116.529388
  0
VERTEX
  8
14
  10
626.068821
  20
1116.529388
  0
VERTEX
  8
14
  10
639.798573
  20
1116.529388
  0
VERTEX
  8
14
  10
651.984061
  20
1116.529388
  0
VERTEX
  8
14
  10
662.465534
  20
1116.529388
  0
VERTEX
  8
14
  10
673.514026
  20
1116.529388
  0
VERTEX
  8
14
  10
683.045868
  20
1116.529388
  0
VERTEX
  8
14
  10
684.297256
  20
1116.529388
  0
VERTEX
  8
14
  10
735.297241
  20
1116.529388
  0
VERTEX
  8
14
  10
735.297241
  20
1106.156167
  0
VERTEX
  8
14
  10
735.297241
  20
1095.993411
  0
VERTEX
  8
14
  10
735.297241
  20
1085.641056
  0
VERTEX
  8
14
  10
735.297241
  20
1075.619744
  0
VERTEX
  8
14
  10
735.297241
  20
1066.529388
  0
VERTEX
  8
14
  10
684.297256
  20
1066.529388
  0
VERTEX
  8
14
  10
671.083245
  20
1066.529388
  0
VERTEX
  8
14
  10
659.170911
  20
1066.529388
  0
VERTEX
  8
14
  10
648.103683
  20
1066.529388
  0
VERTEX
  8
14
  10
635.385691
  20
1066.529388
  0
VERTEX
  8
14
  10
621.176685
  20
1066.529388
  0
VERTEX
  8
14
  10
605.636409
  20
1066.529388
  0
VERTEX
  8
14
  10
594.615530
  20
1066.529388
  0
VERTEX
  8
14
  10
583.121313
  20
1066.529388
  0
VERTEX
  8
14
  10
571.201091
  20
1066.529388
  0
VERTEX
  8
14
  10
558.902200
  20
1066.529388
  0
VERTEX
  8
14
  10
546.271972
  20
1066.529388
  0
VERTEX
  8
14
  10
533.357742
  20
1066.529388
  0
VERTEX
  8
14
  10
520.206843
  20
1066.529388
  0
VERTEX
  8
14
  10
506.866609
  20
1066.529388
  0
VERTEX
  8
14
  10
493.384373
  20
1066.529388
  0
VERTEX
  8
14
  10
479.807470
  20
1066.529388
  0
VERTEX
  8
14
  10
466.183214
  20
1066.529388
  0
VERTEX
  8
14
  10
452.558977
  20
1066.529388
  0
VERTEX
  8
14
  10
438.982074
  20
1066.529388
  0
VERTEX
  8
14
  10
425.499839
  20
1066.529388
  0
VERTEX
  8
14
  10
412.159604
  20
1066.529388
  0
VERTEX
  8
14
  10
399.008705
  20
1066.529388
  0
VERTEX
  8
14
  10
386.094475
  20
1066.529388
  0
VERTEX
  8
14
  10
373.464247
  20
1066.529388
  0
VERTEX
  8
14
  10
361.165356
  20
1066.529388
  0
VERTEX
  8
14
  10
349.245135
  20
1066.529388
  0
VERTEX
  8
14
  10
337.750918
  20
1066.529388
  0
VERTEX
  8
14
  10
326.730038
  20
1066.529388
  0
VERTEX
  8
14
  10
316.229830
  20
1066.529388
  0
VERTEX
  8
14
  10
306.297627
  20
1066.529388
  0
VERTEX
  8
14
  10
292.567875
  20
1066.529388
  0
VERTEX
  8
14
  10
280.382386
  20
1066.529388
  0
VERTEX
  8
14
  10
269.900914
  20
1066.529388
  0
VERTEX
  8
14
  10
258.852421
  20
1066.529388
  0
VERTEX
  8
14
  10
249.320580
  20
1066.529388
  0
VERTEX
  8
14
  10
248.069191
  20
1066.529388
  0
VERTEX
  8
14
  10
246.817802
  20
1066.529388
  0
VERTEX
  8
14
  10
237.285961
  20
1066.529388
  0
VERTEX
  8
14
  10
226.237468
  20
1066.529388
  0
VERTEX
  8
14
  10
215.755996
  20
1066.529388
  0
VERTEX
  8
14
  10
203.570507
  20
1066.529388
  0
VERTEX
  8
14
  10
189.840755
  20
1066.529388
  0
VERTEX
  8
14
  10
179.908552
  20
1066.529388
  0
VERTEX
  8
14
  10
169.408344
  20
1066.529388
  0
VERTEX
  8
14
  10
158.387464
  20
1066.529388
  0
VERTEX
  8
14
  10
146.893247
  20
1066.529388
  0
VERTEX
  8
14
  10
134.973026
  20
1066.529388
  0
VERTEX
  8
14
  10
122.674135
  20
1066.529388
  0
VERTEX
  8
14
  10
110.043907
  20
1066.529388
  0
VERTEX
  8
14
  10
97.129677
  20
1066.529388
  0
VERTEX
  8
14
  10
83.978777
  20
1066.529388
  0
VERTEX
  8
14
  10
70.638543
  20
1066.529388
  0
VERTEX
  8
14
  10
57.156308
  20
1066.529388
  0
VERTEX
  8
14
  10
43.579405
  20
1066.529388
  0
VERTEX
  8
14
  10
29.955168
  20
1066.529388
  0
VERTEX
  8
14
  10
16.330912
  20
1066.529388
  0
VERTEX
  8
14
  10
2.754009
  20
1066.529388
  0
VERTEX
  8
14
  10
-10.728227
  20
1066.529388
  0
VERTEX
  8
14
  10
-24.068461
  20
1066.529388
  0
VERTEX
  8
14
  10
-37.219360
  20
1066.529388
  0
VERTEX
  8
14
  10
-50.133590
  20
1066.529388
  0
VERTEX
  8
14
  10
-62.763818
  20
1066.529388
  0
VERTEX
  8
14
  10
-75.062709
  20
1066.529388
  0
VERTEX
  8
14
  10
-86.982931
  20
1066.529388
  0
VERTEX
  8
14
  10
-98.477148
  20
1066.529388
  0
VERTEX
  8
14
  10
-109.498027
  20
1066.529388
  0
VERTEX
  8
14
  10
-125.038303
  20
1066.529388
  0
VERTEX
  8
14
  10
-139.247309
  20
1066.529388
  0
VERTEX
  8
14
  10
-151.965301
  20
1066.529388
  0
VERTEX
  8
14
  10
-163.032529
  20
1066.529388
  0
VERTEX
  8
14
  10
-174.944863
  20
1066.529388
  0
SEQEND
  8
14
  0
POINT
  8
2
 10
-188.158875
 20
1066.529388
  0
TEXT
  8
2
 10
-188.158875
 20
1066.529388
 40
0.000000
 50
0.000000
  1
# 846
  0
POINT
  8
2
 10
-188.158875
 20
1116.529388
  0
TEXT
  8
2
 10
-188.158875
 20
1116.529388
 40
0.000000
 50
0.000000
  1
# 847
  0
POINT
  8
2
 10
248.069191
 20
1116.529388
  0
TEXT
  8
2
 10
248.069191
 20
1116.529388
 40
0.000000
 50
0.000000
  1
# 848
  0
POINT
  8
2
 10
684.297256
 20
1116.529388
  0
TEXT
  8
2
 10
684.297256
 20
1116.529388
 40
0.000000
 50
0.000000
  1
# 849
  0
POINT
  8
2
 10
735.297241
 20
1116.529388
  0
TEXT
  8
2
 10
735.297241
 20
1116.529388
 40
0.000000
 50
0.000000
  1
# 850
  0
POINT
  8
2
 10
735.297241
 20
1066.529388
  0
TEXT
  8
2
 10
735.297241
 20
1066.529388
 40
0.000000
 50
0.000000
  1
# 851
  0
POINT
  8
2
 10
684.297256
 20
1066.529388
  0
TEXT
  8
2
 10
684.297256
 20
1066.529388
 40
0.000000
 50
0.000000
  1
# 852
  0
POINT
  8
2
 10
248.069191
 20
1066.529388
  0
TEXT
  8
2
 10
248.069191
 20
1066.529388
 40
0.000000
 50
0.000000
  1
# 853
  0
POINT
  8
3
 10
-188.158875
 20
1074.935851
  0
POINT
  8
3
 10
-188.158875
 20
1085.337259
  0
POINT
  8
3
 10
-188.158875
 20
1095.421510
  0
POINT
  8
3
 10
-188.158875
 20
1105.597879
  0
POINT
  8
3
 10
-186.907486
 20
1116.529388
  0
POINT
  8
3
 10
-177.375644
 20
1116.529388
  0
POINT
  8
3
 10
-166.327152
 20
1116.529388
  0
POINT
  8
3
 10
-155.845679
 20
1116.529388
  0
POINT
  8
3
 10
-143.660191
 20
1116.529388
  0
POINT
  8
3
 10
-129.930439
 20
1116.529388
  0
POINT
  8
3
 10
-119.998236
 20
1116.529388
  0
POINT
  8
3
 10
-109.498027
 20
1116.529388
  0
POINT
  8
3
 10
-98.477148
 20
1116.529388
  0
POINT
  8
3
 10
-86.982931
 20
1116.529388
  0
POINT
  8
3
 10
-75.062709
 20
1116.529388
  0
POINT
  8
3
 10
-62.763818
 20
1116.529388
  0
POINT
  8
3
 10
-50.133590
 20
1116.529388
  0
POINT
  8
3
 10
-37.219360
 20
1116.529388
  0
POINT
  8
3
 10
-24.068461
 20
1116.529388
  0
POINT
  8
3
 10
-10.728227
 20
1116.529388
  0
POINT
  8
3
 10
2.754009
 20
1116.529388
  0
POINT
  8
3
 10
16.330912
 20
1116.529388
  0
POINT
  8
3
 10
29.955149
 20
1116.529388
  0
POINT
  8
3
 10
43.579405
 20
1116.529388
  0
POINT
  8
3
 10
57.156308
 20
1116.529388
  0
POINT
  8
3
 10
70.638543
 20
1116.529388
  0
POINT
  8
3
 10
83.978777
 20
1116.529388
  0
POINT
  8
3
 10
97.129677
 20
1116.529388
  0
POINT
  8
3
 10
110.043907
 20
1116.529388
  0
POINT
  8
3
 10
122.674135
 20
1116.529388
  0
POINT
  8
3
 10
134.973026
 20
1116.529388
  0
POINT
  8
3
 10
146.893247
 20
1116.529388
  0
POINT
  8
3
 10
158.387464
 20
1116.529388
  0
POINT
  8
3
 10
169.408344
 20
1116.529388
  0
POINT
  8
3
 10
184.948620
 20
1116.529388
  0
POINT
  8
3
 10
199.157626
 20
1116.529388
  0
POINT
  8
3
 10
211.875618
 20
1116.529388
  0
POINT
  8
3
 10
222.942845
 20
1116.529388
  0
POINT
  8
3
 10
234.855179
 20
1116.529388
  0
POINT
  8
3
 10
261.283203
 20
1116.529388
  0
POINT
  8
3
 10
273.195537
 20
1116.529388
  0
POINT
  8
3
 10
284.262764
 20
1116.529388
  0
POINT
  8
3
 10
296.980756
 20
1116.529388
  0
POINT
  8
3
 10
311.189762
 20
1116.529388
  0
POINT
  8
3
 10
326.730038
 20
1116.529388
  0
POINT
  8
3
 10
337.750918
 20
1116.529388
  0
POINT
  8
3
 10
349.245135
 20
1116.529388
  0
POINT
  8
3
 10
361.165356
 20
1116.529388
  0
POINT
  8
3
 10
373.464247
 20
1116.529388
  0
POINT
  8
3
 10
386.094475
 20
1116.529388
  0
POINT
  8
3
 10
399.008705
 20
1116.529388
  0
POINT
  8
3
 10
412.159604
 20
1116.529388
  0
POINT
  8
3
 10
425.499839
 20
1116.529388
  0
POINT
  8
3
 10
438.982074
 20
1116.529388
  0
POINT
  8
3
 10
452.558977
 20
1116.529388
  0
POINT
  8
3
 10
466.183233
 20
1116.529388
  0
POINT
  8
3
 10
479.807470
 20
1116.529388
  0
POINT
  8
3
 10
493.384373
 20
1116.529388
  0
POINT
  8
3
 10
506.866609
 20
1116.529388
  0
POINT
  8
3
 10
520.206843
 20
1116.529388
  0
POINT
  8
3
 10
533.357742
 20
1116.529388
  0
POINT
  8
3
 10
546.271972
 20
1116.529388
  0
POINT
  8
3
 10
558.902200
 20
1116.529388
  0
POINT
  8
3
 10
571.201091
 20
1116.529388
  0
POINT
  8
3
 10
583.121313
 20
1116.529388
  0
POINT
  8
3
 10
594.615530
 20
1116.529388
  0
POINT
  8
3
 10
605.636409
 20
1116.529388
  0
POINT
  8
3
 10
616.136618
 20
1116.529388
  0
POINT
  8
3
 10
626.068821
 20
1116.529388
  0
POINT
  8
3
 10
639.798573
 20
1116.529388
  0
POINT
  8
3
 10
651.984061
 20
1116.529388
  0
POINT
  8
3
 10
662.465534
 20
1116.529388
  0
POINT
  8
3
 10
673.514026
 20
1116.529388
  0
POINT
  8
3
 10
683.045868
 20
1116.529388
  0
POINT
  8
3
 10
735.297241
 20
1106.156167
  0
POINT
  8
3
 10
735.297241
 20
1095.993411
  0
POINT
  8
3
 10
735.297241
 20
1085.641056
  0
POINT
  8
3
 10
735.297241
 20
1075.619744
  0
POINT
  8
3
 10
671.083245
 20
1066.529388
  0
POINT
  8
3
 10
659.170911
 20
1066.529388
  0
POINT
  8
3
 10
648.103683
 20
1066.529388
  0
POINT
  8
3
 10
635.385691
 20
1066.529388
  0
POINT
  8
3
 10
621.176685
 20
1066.529388
  0
POINT
  8
3
 10
605.636409
 20
1066.529388
  0
POINT
  8
3
 10
594.615530
 20
1066.529388
  0
POINT
  8
3
 10
583.121313
 20
1066.529388
  0
POINT
  8
3
 10
571.201091
 20
1066.529388
  0
POINT
  8
3
 10
558.902200
 20
1066.529388
  0
POINT
  8
3
 10
546.271972
 20
1066.529388
  0
POINT
  8
3
 10
533.357742
 20
1066.529388
  0
POINT
  8
3
 10
520.206843
 20
1066.529388
  0
POINT
  8
3
 10
506.866609
 20
1066.529388
  0
POINT
  8
3
 10
493.384373
 20
1066.529388
  0
POINT
  8
3
 10
479.807470
 20
1066.529388
  0
POINT
  8
3
 10
466.183214
 20
1066.529388
  0
POINT
  8
3
 10
452.558977
 20
1066.529388
  0
POINT
  8
3
 10
438.982074
 20
1066.529388
  0
POINT
  8
3
 10
425.499839
 20
1066.529388
  0
POINT
  8
3
 10
412.159604
 20
1066.529388
  0
POINT
  8
3
 10
399.008705
 20
1066.529388
  0
POINT
  8
3
 10
386.094475
 20
1066.529388
  0
POINT
  8
3
 10
373.464247
 20
1066.529388
  0
POINT
  8
3
 10
361.165356
 20
1066.529388
  0
POINT
  8
3
 10
349.245135
 20
1066.529388
  0
POINT
  8
3
 10
337.750918
 20
1066.529388
  0
POINT
  8
3
 10
326.730038
 20
1066.529388
  0
POINT
  8
3
 10
316.229830
 20
1066.529388
  0
POINT
  8
3
 10
306.297627
 20
1066.529388
  0
POINT
  8
3
 10
292.567875
 20
1066.529388
  0
POINT
  8
3
 10
280.382386
 20
1066.529388
  0
POINT
  8
3
 10
269.900914
 20
1066.529388
  0
POINT
  8
3
 10
258.852421
 20
1066.529388
  0
POINT
  8
3
 10
249.320580
 20
1066.529388
  0
POINT
  8
3
 10
246.817802
 20
1066.529388
  0
POINT
  8
3
 10
237.285961
 20
1066.529388
  0
POINT
  8
3
 10
226.237468
 20
1066.529388
  0
POINT
  8
3
 10
215.755996
 20
1066.529388
  0
POINT
  8
3
 10
203.570507
 20
1066.529388
  0
POINT
  8
3
 10
189.840755
 20
1066.529388
  0
POINT
  8
3
 10
179.908552
 20
1066.529388
  0
POINT
  8
3
 10
169.408344
 20
1066.529388
  0
POINT
  8
3
 10
158.387464
 20
1066.529388
  0
POINT
  8
3
 10
146.893247
 20
1066.529388
  0
POINT
  8
3
 10
134.973026
 20
1066.529388
  0
POINT
  8
3
 10
122.674135
 20
1066.529388
  0
POINT
  8
3
 10
110.043907
 20
1066.529388
  0
POINT
  8
3
 10
97.129677
 20
1066.529388
  0
POINT
  8
3
 10
83.978777
 20
1066.529388
  0
POINT
  8
3
 10
70.638543
 20
1066.529388
  0
POINT
  8
3
 10
57.156308
 20
1066.529388
  0
POINT
  8
3
 10
43.579405
 20
1066.529388
  0
POINT
  8
3
 10
29.955168
 20
1066.529388
  0
POINT
  8
3
 10
16.330912
 20
1066.529388
  0
POINT
  8
3
 10
2.754009
 20
1066.529388
  0
POINT
  8
3
 10
-10.728227
 20
1066.529388
  0
POINT
  8
3
 10
-24.068461
 20
1066.529388
  0
POINT
  8
3
 10
-37.219360
 20
1066.529388
  0
POINT
  8
3
 10
-50.133590
 20
1066.529388
  0
POINT
  8
3
 10
-62.763818
 20
1066.529388
  0
POINT
  8
3
 10
-75.062709
 20
1066.529388
  0
POINT
  8
3
 10
-86.982931
 20
1066.529388
  0
POINT
  8
3
 10
-98.477148
 20
1066.529388
  0
POINT
  8
3
 10
-109.498027
 20
1066.529388
  0
POINT
  8
3
 10
-125.038303
 20
1066.529388
  0
POINT
  8
3
 10
-139.247309
 20
1066.529388
  0
POINT
  8
3
 10
-151.965301
 20
1066.529388
  0
POINT
  8
3
 10
-163.032529
 20
1066.529388
  0
POINT
  8
3
 10
-174.944863
 20
1066.529388
  0
POLYLINE
  8
8
  66
1
  70
0
  0
VERTEX
  8
8
  10
248.069191
  20
1066.529388
  0
VERTEX
  8
8
  10
248.069191
  20
1077.460898
  0
VERTEX
  8
8
  10
248.069191
  20
1087.637267
  0
VERTEX
  8
8
  10
248.069191
  20
1097.721518
  0
VERTEX
  8
8
  10
248.069191
  20
1108.122926
  0
VERTEX
  8
8
  10
248.069191
  20
1116.529388
  0
SEQEND
  8
8
  0
POINT
  8
2
 10
248.069191
 20
1066.529388
  0
TEXT
  8
2
 10
248.069191
 20
1066.529388
 40
0.000000
 50
0.000000
  1
# 854
  0
POINT
  8
2
 10
248.069191
 20
1116.529388
  0
TEXT
  8
2
 10
248.069191
 20
1116.529388
 40
0.000000
 50
0.000000
  1
# 855
  0
POINT
  8
3
 10
248.069191
 20
1077.460898
  0
POINT
  8
3
 10
248.069191
 20
1087.637267
  0
POINT
  8
3
 10
248.069191
 20
1097.721518
  0
POINT
  8
3
 10
248.069191
 20
1108.122926
  0
POLYLINE
  8
8
  66
1
  70
0
  0
VERTEX
  8
8
  10
684.297256
  20
1116.529388
  0
VERTEX
  8
8
  10
684.297256
  20
1105.597879
  0
VERTEX
  8
8
  10
684.297256
  20
1095.421510
  0
VERTEX
  8
8
  10
684.297256
  20
1085.337259
  0
VERTEX
  8
8
  10
684.297256
  20
1074.935851
  0
VERTEX
  8
8
  10
684.297256
  20
1066.529388
  0
SEQEND
  8
8
  0
POINT
  8
2
 10
684.297256
 20
1116.529388
  0
TEXT
  8
2
 10
684.297256
 20
1116.529388
 40
0.000000
 50
0.000000
  1
# 856
  0
POINT
  8
2
 10
684.297256
 20
1066.529388
  0
TEXT
  8
2
 10
684.297256
 20
1066.529388
 40
0.000000
 50
0.000000
  1
# 857
  0
POINT
  8
3
 10
684.297256
 20
1105.597879
  0
POINT
  8
3
 10
684.297256
 20
1095.421510
  0
POINT
  8
3
 10
684.297256
 20
1085.337259
  0
POINT
  8
3
 10
684.297256
 20
1074.935851
  0
POLYLINE
  8
8
  66
1
  70
0
  0
VERTEX
  8
8
  10
690.297241
  20
1116.529388
  0
VERTEX
  8
8
  10
690.297241
  20
1106.075624
  0
VERTEX
  8
8
  10
690.297241
  20
1095.861623
  0
VERTEX
  8
8
  10
690.297241
  20
1085.641060
  0
VERTEX
  8
8
  10
690.297241
  20
1075.234268
  0
VERTEX
  8
8
  10
690.297241
  20
1066.529388
  0
SEQEND
  8
8
  0
POINT
  8
2
 10
690.297241
 20
1116.529388
  0
TEXT
  8
2
 10
690.297241
 20
1116.529388
 40
0.000000
 50
0.000000
  1
# 858
  0
POINT
  8
2
 10
690.297241
 20
1066.529388
  0
TEXT
  8
2
 10
690.297241
 20
1066.529388
 40
0.000000
 50
0.000000
  1
# 859
  0
POINT
  8
3
 10
690.297241
 20
1106.075624
  0
POINT
  8
3
 10
690.297241
 20
1095.861623
  0
POINT
  8
3
 10
690.297241
 20
1085.641060
  0
POINT
  8
3
 10
690.297241
 20
1075.234268
 0
LINE
 8
7
 10
30.449636
 20
1086.381454
 11
395.418701
 21
1086.381454
  0
TEXT
  8
1
 10
273.569183
 20
1091.529388
 40
10.000000
 50
0.000000
  1
Piece Name: 26SMC-WP130M 展_腰_175/84
  0
TEXT
  8
1
 10
273.569183
 20
1106.529388
 40
10.000000
 50
0.000000
  1
Size: 175/84
  0
TEXT
  8
1
 10
273.569183
 20
1121.529388
 40
10.000000
 50
0.000000
  1
Annotation: 
  0
TEXT
  8
1
 10
273.569183
 20
1136.529388
 40
10.000000
 50
0.000000
  1
Quantity: 1,1
  0
TEXT
  8
1
 10
273.569183
 20
1151.529388
 40
10.000000
 50
0.000000
  1
Material: 衬
  0
TEXT
  8
1
 10
273.569183
 20
1151.529388
 40
10.000000
 50
0.000000
  1
Category: 34
0
ENDBLK
0
BLOCK
  8
1
  2
26SMC-WP130M 展_腿袋盖_175/84
 70
0
 10
0.0
 20
0.0
  0
POLYLINE
  8
1
  66
1
  70
1
  0
VERTEX
  8
1
  10
284.219055
  20
1281.949768
  0
VERTEX
  8
1
  10
464.219055
  20
1281.949768
  0
VERTEX
  8
1
  10
464.219055
  20
1219.878616
  0
VERTEX
  8
1
  10
446.290131
  20
1201.949692
  0
VERTEX
  8
1
  10
302.147980
  20
1201.949692
  0
VERTEX
  8
1
  10
284.219055
  20
1219.878616
  0
SEQEND
  8
1
  0
POINT
  8
2
 10
284.219055
 20
1281.949768
  0
TEXT
  8
2
 10
284.219055
 20
1281.949768
 40
0.000000
 50
0.000000
  1
# 860
  0
POINT
  8
2
 10
464.219055
 20
1281.949768
  0
TEXT
  8
2
 10
464.219055
 20
1281.949768
 40
0.000000
 50
0.000000
  1
# 861
  0
POINT
  8
2
 10
464.219055
 20
1219.878616
  0
TEXT
  8
2
 10
464.219055
 20
1219.878616
 40
0.000000
 50
0.000000
  1
# 862
  0
POINT
  8
2
 10
446.290131
 20
1201.949692
  0
TEXT
  8
2
 10
446.290131
 20
1201.949692
 40
0.000000
 50
0.000000
  1
# 863
  0
POINT
  8
2
 10
302.147980
 20
1201.949692
  0
TEXT
  8
2
 10
302.147980
 20
1201.949692
 40
0.000000
 50
0.000000
  1
# 864
  0
POINT
  8
2
 10
284.219055
 20
1219.878616
  0
TEXT
  8
2
 10
284.219055
 20
1219.878616
 40
0.000000
 50
0.000000
  1
# 865
  0
POLYLINE
  8
14
  66
1
  70
1
  0
VERTEX
  8
14
  10
289.219055
  20
1276.949692
  0
VERTEX
  8
14
  10
459.219055
  20
1276.949692
  0
VERTEX
  8
14
  10
459.219055
  20
1221.949692
  0
VERTEX
  8
14
  10
444.219055
  20
1206.949692
  0
VERTEX
  8
14
  10
304.219055
  20
1206.949692
  0
VERTEX
  8
14
  10
289.219055
  20
1221.949692
  0
SEQEND
  8
14
  0
POINT
  8
2
 10
289.219055
 20
1276.949692
  0
TEXT
  8
2
 10
289.219055
 20
1276.949692
 40
0.000000
 50
0.000000
  1
# 866
  0
POINT
  8
2
 10
459.219055
 20
1276.949692
  0
TEXT
  8
2
 10
459.219055
 20
1276.949692
 40
0.000000
 50
0.000000
  1
# 867
  0
POINT
  8
2
 10
459.219055
 20
1221.949692
  0
TEXT
  8
2
 10
459.219055
 20
1221.949692
 40
0.000000
 50
0.000000
  1
# 868
  0
POINT
  8
2
 10
444.219055
 20
1206.949692
  0
TEXT
  8
2
 10
444.219055
 20
1206.949692
 40
0.000000
 50
0.000000
  1
# 869
  0
POINT
  8
2
 10
304.219055
 20
1206.949692
  0
TEXT
  8
2
 10
304.219055
 20
1206.949692
 40
0.000000
 50
0.000000
  1
# 870
  0
POINT
  8
2
 10
289.219055
 20
1221.949692
  0
TEXT
  8
2
 10
289.219055
 20
1221.949692
 40
0.000000
 50
0.000000
  1
# 871
 0
LINE
 8
7
 10
372.197266
 20
1261.245956
 11
372.197266
 21
1220.607071
  0
TEXT
  8
1
 10
374.219055
 20
1241.949730
 40
10.000000
 50
0.000000
  1
Piece Name: 26SMC-WP130M 展_腿袋盖_175/84
  0
TEXT
  8
1
 10
374.219055
 20
1256.949730
 40
10.000000
 50
0.000000
  1
Size: 175/84
  0
TEXT
  8
1
 10
374.219055
 20
1271.949730
 40
10.000000
 50
0.000000
  1
Annotation: 
  0
TEXT
  8
1
 10
374.219055
 20
1286.949730
 40
10.000000
 50
0.000000
  1
Quantity: 1,1
  0
TEXT
  8
1
 10
374.219055
 20
1301.949730
 40
10.000000
 50
0.000000
  1
Material: 衬
  0
TEXT
  8
1
 10
374.219055
 20
1301.949730
 40
10.000000
 50
0.000000
  1
Category: 35
0
ENDBLK
0
BLOCK
  8
1
  2
26SMC-WP130M 展_扣袢_175/84
 70
0
 10
0.0
 20
0.0
  0
POLYLINE
  8
1
  66
1
  70
1
  0
VERTEX
  8
1
  10
3809.162598
  20
1420.847473
  0
VERTEX
  8
1
  10
3809.162598
  20
1448.847504
  0
VERTEX
  8
1
  10
3909.162598
  20
1448.847504
  0
VERTEX
  8
1
  10
3909.162598
  20
1420.847473
  0
SEQEND
  8
1
  0
POINT
  8
2
 10
3809.162598
 20
1420.847473
  0
TEXT
  8
2
 10
3809.162598
 20
1420.847473
 40
0.000000
 50
0.000000
  1
# 872
  0
POINT
  8
2
 10
3809.162598
 20
1448.847504
  0
TEXT
  8
2
 10
3809.162598
 20
1448.847504
 40
0.000000
 50
0.000000
  1
# 873
  0
POINT
  8
2
 10
3909.162598
 20
1448.847504
  0
TEXT
  8
2
 10
3909.162598
 20
1448.847504
 40
0.000000
 50
0.000000
  1
# 874
  0
POINT
  8
2
 10
3909.162598
 20
1420.847473
  0
TEXT
  8
2
 10
3909.162598
 20
1420.847473
 40
0.000000
 50
0.000000
  1
# 875
 0
LINE
 8
7
 10
3829.927979
 20
1432.336121
 11
3891.535339
 21
1432.336121
  0
TEXT
  8
1
 10
3859.162598
 20
1434.847488
 40
10.000000
 50
0.000000
  1
Piece Name: 26SMC-WP130M 展_扣袢_175/84
  0
TEXT
  8
1
 10
3859.162598
 20
1449.847488
 40
10.000000
 50
0.000000
  1
Size: 175/84
  0
TEXT
  8
1
 10
3859.162598
 20
1464.847488
 40
10.000000
 50
0.000000
  1
Annotation: 
  0
TEXT
  8
1
 10
3859.162598
 20
1479.847488
 40
10.000000
 50
0.000000
  1
Quantity: 1
  0
TEXT
  8
1
 10
3859.162598
 20
1494.847488
 40
10.000000
 50
0.000000
  1
Material: TC
  0
TEXT
  8
1
 10
3859.162598
 20
1494.847488
 40
10.000000
 50
0.000000
  1
Category: 36
0
ENDBLK
0
BLOCK
  8
1
  2
26SMC-WP130M 展_表袋_175/84
 70
0
 10
0.0
 20
0.0
  0
POLYLINE
  8
1
  66
1
  70
1
  0
VERTEX
  8
1
  10
3936.995239
  20
1086.618042
  0
VERTEX
  8
1
  10
3947.332764
  20
1085.648804
  0
VERTEX
  8
1
  10
3957.454224
  20
1084.727478
  0
VERTEX
  8
1
  10
3967.757263
  20
1083.821869
  0
VERTEX
  8
1
  10
3978.018494
  20
1082.962799
  0
VERTEX
  8
1
  10
3988.127136
  20
1082.163239
  0
VERTEX
  8
1
  10
3998.171082
  20
1081.417542
  0
VERTEX
  8
1
  10
4008.366394
  20
1080.708694
  0
VERTEX
  8
1
  10
4018.334351
  20
1080.050201
  0
VERTEX
  8
1
  10
4021.720276
  20
1079.833984
  0
VERTEX
  8
1
  10
3993.376160
  20
956.444397
  0
VERTEX
  8
1
  10
3985.096741
  20
957.055283
  0
VERTEX
  8
1
  10
3975.131836
  20
957.818756
  0
VERTEX
  8
1
  10
3965.111084
  20
958.616943
  0
VERTEX
  8
1
  10
3954.882507
  20
959.469223
  0
VERTEX
  8
1
  10
3944.893494
  20
960.345383
  0
VERTEX
  8
1
  10
3934.348450
  20
961.308746
  0
VERTEX
  8
1
  10
3923.684082
  20
962.317505
  0
VERTEX
  8
1
  10
3923.749695
  20
965.447388
  0
VERTEX
  8
1
  10
3924.009705
  20
974.932861
  0
VERTEX
  8
1
  10
3924.332886
  20
983.890610
  0
VERTEX
  8
1
  10
3924.687195
  20
991.626434
  0
VERTEX
  8
1
  10
3925.100708
  20
998.900223
  0
VERTEX
  8
1
  10
3925.595398
  20
1006.169281
  0
VERTEX
  8
1
  10
3926.172485
  20
1013.432770
  0
VERTEX
  8
1
  10
3926.823120
  20
1020.584335
  0
VERTEX
  8
1
  10
3927.567749
  20
1027.833405
  0
VERTEX
  8
1
  10
3928.352051
  20
1034.670944
  0
VERTEX
  8
1
  10
3929.218140
  20
1041.498184
  0
VERTEX
  8
1
  10
3930.168762
  20
1048.313522
  0
VERTEX
  8
1
  10
3931.156616
  20
1054.797592
  0
VERTEX
  8
1
  10
3932.335510
  20
1061.929169
  0
VERTEX
  8
1
  10
3933.728638
  20
1069.799652
  0
VERTEX
  8
1
  10
3935.295715
  20
1078.152084
  0
SEQEND
  8
1
  0
POINT
  8
2
 10
3936.995239
 20
1086.618042
  0
TEXT
  8
2
 10
3936.995239
 20
1086.618042
 40
0.000000
 50
0.000000
  1
# 876
  0
POINT
  8
2
 10
4021.720276
 20
1079.833984
  0
TEXT
  8
2
 10
4021.720276
 20
1079.833984
 40
0.000000
 50
0.000000
  1
# 877
  0
POINT
  8
2
 10
3993.376160
 20
956.444397
  0
TEXT
  8
2
 10
3993.376160
 20
956.444397
 40
0.000000
 50
0.000000
  1
# 878
  0
POINT
  8
2
 10
3923.684082
 20
962.317505
  0
TEXT
  8
2
 10
3923.684082
 20
962.317505
 40
0.000000
 50
0.000000
  1
# 879
  0
POINT
  8
3
 10
3947.332764
 20
1085.648804
  0
POINT
  8
3
 10
3957.454224
 20
1084.727478
  0
POINT
  8
3
 10
3967.757263
 20
1083.821869
  0
POINT
  8
3
 10
3978.018494
 20
1082.962799
  0
POINT
  8
3
 10
3988.127136
 20
1082.163239
  0
POINT
  8
3
 10
3998.171082
 20
1081.417542
  0
POINT
  8
3
 10
4008.366394
 20
1080.708694
  0
POINT
  8
3
 10
4018.334351
 20
1080.050201
  0
POINT
  8
3
 10
3985.096741
 20
957.055283
  0
POINT
  8
3
 10
3975.131836
 20
957.818756
  0
POINT
  8
3
 10
3965.111084
 20
958.616943
  0
POINT
  8
3
 10
3954.882507
 20
959.469223
  0
POINT
  8
3
 10
3944.893494
 20
960.345383
  0
POINT
  8
3
 10
3934.348450
 20
961.308746
  0
POINT
  8
3
 10
3923.749695
 20
965.447388
  0
POINT
  8
3
 10
3924.009705
 20
974.932861
  0
POINT
  8
3
 10
3924.332886
 20
983.890610
  0
POINT
  8
3
 10
3924.687195
 20
991.626434
  0
POINT
  8
3
 10
3925.100708
 20
998.900223
  0
POINT
  8
3
 10
3925.595398
 20
1006.169281
  0
POINT
  8
3
 10
3926.172485
 20
1013.432770
  0
POINT
  8
3
 10
3926.823120
 20
1020.584335
  0
POINT
  8
3
 10
3927.567749
 20
1027.833405
  0
POINT
  8
3
 10
3928.352051
 20
1034.670944
  0
POINT
  8
3
 10
3929.218140
 20
1041.498184
  0
POINT
  8
3
 10
3930.168762
 20
1048.313522
  0
POINT
  8
3
 10
3931.156616
 20
1054.797592
  0
POINT
  8
3
 10
3932.335510
 20
1061.929169
  0
POINT
  8
3
 10
3933.728638
 20
1069.799652
  0
POINT
  8
3
 10
3935.295715
 20
1078.152084
  0
POLYLINE
  8
8
  66
1
  70
0
  0
VERTEX
  8
8
  10
3933.228760
  20
1066.883392
  0
VERTEX
  8
8
  10
3943.658204
  20
1065.902611
  0
VERTEX
  8
8
  10
3954.043151
  20
1064.953105
  0
VERTEX
  8
8
  10
3964.130201
  20
1064.060549
  0
VERTEX
  8
8
  10
3974.505788
  20
1063.183237
  0
VERTEX
  8
8
  10
3984.500779
  20
1062.383063
  0
VERTEX
  8
8
  10
3994.499416
  20
1061.630787
  0
VERTEX
  8
8
  10
4004.663172
  20
1060.914895
  0
VERTEX
  8
8
  10
4014.512659
  20
1060.255821
  0
VERTEX
  8
8
  10
4017.184448
  20
1060.082779
  0
SEQEND
  8
8
  0
POINT
  8
2
 10
3933.228760
 20
1066.883392
  0
TEXT
  8
2
 10
3933.228760
 20
1066.883392
 40
0.000000
 50
0.000000
  1
# 880
  0
POINT
  8
2
 10
4017.184448
 20
1060.082779
  0
TEXT
  8
2
 10
4017.184448
 20
1060.082779
 40
0.000000
 50
0.000000
  1
# 881
  0
POINT
  8
3
 10
3943.658204
 20
1065.902611
  0
POINT
  8
3
 10
3954.043151
 20
1064.953105
  0
POINT
  8
3
 10
3964.130201
 20
1064.060549
  0
POINT
  8
3
 10
3974.505788
 20
1063.183237
  0
POINT
  8
3
 10
3984.500779
 20
1062.383063
  0
POINT
  8
3
 10
3994.499416
 20
1061.630787
  0
POINT
  8
3
 10
4004.663172
 20
1060.914895
  0
POINT
  8
3
 10
4014.512659
 20
1060.255821
 0
LINE
 8
7
 10
3969.935608
 20
1057.115860
 11
3969.935608
 21
968.210983
  0
TEXT
  8
1
 10
3972.673187
 20
1021.533203
 40
10.000000
 50
0.000000
  1
Piece Name: 26SMC-WP130M 展_表袋_175/84
  0
TEXT
  8
1
 10
3972.673187
 20
1036.533203
 40
10.000000
 50
0.000000
  1
Size: 175/84
  0
TEXT
  8
1
 10
3972.673187
 20
1051.533203
 40
10.000000
 50
0.000000
  1
Annotation: 
  0
TEXT
  8
1
 10
3972.673187
 20
1066.533203
 40
10.000000
 50
0.000000
  1
Quantity: 1
  0
TEXT
  8
1
 10
3972.673187
 20
1081.533203
 40
10.000000
 50
0.000000
  1
Material: 净
  0
TEXT
  8
1
 10
3972.673187
 20
1081.533203
 40
10.000000
 50
0.000000
  1
Category: 37
0
ENDBLK
0
BLOCK
  8
1
  2
26SMC-WP130M 展_前袋口拼布_175/84
 70
0
 10
0.0
 20
0.0
  0
POLYLINE
  8
1
  66
1
  70
1
  0
VERTEX
  8
1
  10
4162.099915
  20
1120.806046
  0
VERTEX
  8
1
  10
4213.630676
  20
1008.236084
  0
VERTEX
  8
1
  10
4215.023193
  20
1007.471695
  0
VERTEX
  8
1
  10
4223.820496
  20
1002.642746
  0
VERTEX
  8
1
  10
4232.813721
  20
997.706223
  0
VERTEX
  8
1
  10
4241.781006
  20
992.784042
  0
VERTEX
  8
1
  10
4250.895996
  20
987.780762
  0
VERTEX
  8
1
  10
4265.190430
  20
979.934311
  0
VERTEX
  8
1
  10
4265.339966
  20
971.630478
  0
VERTEX
  8
1
  10
4265.444946
  20
962.863541
  0
VERTEX
  8
1
  10
4265.456238
  20
955.259857
  0
VERTEX
  8
1
  10
4265.212402
  20
928.588638
  0
VERTEX
  8
1
  10
4241.284180
  20
941.723022
  0
VERTEX
  8
1
  10
4232.229004
  20
946.693497
  0
VERTEX
  8
1
  10
4223.208008
  20
951.645279
  0
VERTEX
  8
1
  10
4214.187012
  20
956.597061
  0
VERTEX
  8
1
  10
4205.349426
  20
961.447983
  0
VERTEX
  8
1
  10
4196.608276
  20
966.246109
  0
VERTEX
  8
1
  10
4187.793579
  20
971.084595
  0
VERTEX
  8
1
  10
4178.915405
  20
975.957870
  0
VERTEX
  8
1
  10
4113.785095
  20
1118.236847
  0
VERTEX
  8
1
  10
4134.915466
  20
1119.280777
  0
VERTEX
  8
1
  10
4145.003662
  20
1119.815903
  0
SEQEND
  8
1
  0
POINT
  8
2
 10
4162.099915
 20
1120.806046
  0
TEXT
  8
2
 10
4162.099915
 20
1120.806046
 40
0.000000
 50
0.000000
  1
# 882
  0
POINT
  8
2
 10
4213.630676
 20
1008.236084
  0
TEXT
  8
2
 10
4213.630676
 20
1008.236084
 40
0.000000
 50
0.000000
  1
# 883
  0
POINT
  8
2
 10
4265.190430
 20
979.934311
  0
TEXT
  8
2
 10
4265.190430
 20
979.934311
 40
0.000000
 50
0.000000
  1
# 884
  0
POINT
  8
2
 10
4265.212402
 20
928.588638
  0
TEXT
  8
2
 10
4265.212402
 20
928.588638
 40
0.000000
 50
0.000000
  1
# 885
  0
POINT
  8
2
 10
4178.915405
 20
975.957870
  0
TEXT
  8
2
 10
4178.915405
 20
975.957870
 40
0.000000
 50
0.000000
  1
# 886
  0
POINT
  8
2
 10
4113.785095
 20
1118.236847
  0
TEXT
  8
2
 10
4113.785095
 20
1118.236847
 40
0.000000
 50
0.000000
  1
# 887
  0
POINT
  8
3
 10
4215.023193
 20
1007.471695
  0
POINT
  8
3
 10
4223.820496
 20
1002.642746
  0
POINT
  8
3
 10
4232.813721
 20
997.706223
  0
POINT
  8
3
 10
4241.781006
 20
992.784042
  0
POINT
  8
3
 10
4250.895996
 20
987.780762
  0
POINT
  8
3
 10
4265.339966
 20
971.630478
  0
POINT
  8
3
 10
4265.444946
 20
962.863541
  0
POINT
  8
3
 10
4265.456238
 20
955.259857
  0
POINT
  8
3
 10
4241.284180
 20
941.723022
  0
POINT
  8
3
 10
4232.229004
 20
946.693497
  0
POINT
  8
3
 10
4223.208008
 20
951.645279
  0
POINT
  8
3
 10
4214.187012
 20
956.597061
  0
POINT
  8
3
 10
4205.349426
 20
961.447983
  0
POINT
  8
3
 10
4196.608276
 20
966.246109
  0
POINT
  8
3
 10
4187.793579
 20
971.084595
  0
POINT
  8
3
 10
4134.915466
 20
1119.280777
  0
POINT
  8
3
 10
4145.003662
 20
1119.815903
  0
POLYLINE
  8
14
  66
1
  70
1
  0
VERTEX
  8
14
  10
4155.852051
  20
1110.429611
  0
VERTEX
  8
14
  10
4205.916138
  20
1001.063156
  0
VERTEX
  8
14
  10
4210.211316
  20
998.705498
  0
VERTEX
  8
14
  10
4219.008679
  20
993.876548
  0
VERTEX
  8
14
  10
4228.001936
  20
988.940061
  0
VERTEX
  8
14
  10
4236.969104
  20
984.017884
  0
VERTEX
  8
14
  10
4246.084072
  20
979.014567
  0
VERTEX
  8
14
  10
4255.296326
  20
973.965607
  0
VERTEX
  8
14
  10
4255.341340
  20
971.465692
  0
VERTEX
  8
14
  10
4255.445071
  20
962.793149
  0
VERTEX
  8
14
  10
4255.456311
  20
955.297808
  0
VERTEX
  8
14
  10
4255.328979
  20
945.421219
  0
VERTEX
  8
14
  10
4246.096091
  20
950.489234
  0
VERTEX
  8
14
  10
4237.040925
  20
955.459716
  0
VERTEX
  8
14
  10
4228.019892
  20
960.411474
  0
VERTEX
  8
14
  10
4218.998850
  20
965.363236
  0
VERTEX
  8
14
  10
4210.161411
  20
970.214200
  0
VERTEX
  8
14
  10
4201.420245
  20
975.012303
  0
VERTEX
  8
14
  10
4192.605433
  20
979.850817
  0
VERTEX
  8
14
  10
4186.629944
  20
983.130798
  0
VERTEX
  8
14
  10
4129.010315
  20
1108.976822
  0
VERTEX
  8
14
  10
4135.421286
  20
1109.293546
  0
VERTEX
  8
14
  10
4145.560263
  20
1109.831442
  0
SEQEND
  8
14
  0
POINT
  8
2
 10
4155.852051
 20
1110.429611
  0
TEXT
  8
2
 10
4155.852051
 20
1110.429611
 40
0.000000
 50
0.000000
  1
# 888
  0
POINT
  8
2
 10
4205.916138
 20
1001.063156
  0
TEXT
  8
2
 10
4205.916138
 20
1001.063156
 40
0.000000
 50
0.000000
  1
# 889
  0
POINT
  8
2
 10
4255.296326
 20
973.965607
  0
TEXT
  8
2
 10
4255.296326
 20
973.965607
 40
0.000000
 50
0.000000
  1
# 890
  0
POINT
  8
2
 10
4255.328979
 20
945.421219
  0
TEXT
  8
2
 10
4255.328979
 20
945.421219
 40
0.000000
 50
0.000000
  1
# 891
  0
POINT
  8
2
 10
4186.629944
 20
983.130798
  0
TEXT
  8
2
 10
4186.629944
 20
983.130798
 40
0.000000
 50
0.000000
  1
# 892
  0
POINT
  8
2
 10
4129.010315
 20
1108.976822
  0
TEXT
  8
2
 10
4129.010315
 20
1108.976822
 40
0.000000
 50
0.000000
  1
# 893
  0
POINT
  8
3
 10
4210.211316
 20
998.705498
  0
POINT
  8
3
 10
4219.008679
 20
993.876548
  0
POINT
  8
3
 10
4228.001936
 20
988.940061
  0
POINT
  8
3
 10
4236.969104
 20
984.017884
  0
POINT
  8
3
 10
4246.084072
 20
979.014567
  0
POINT
  8
3
 10
4255.341340
 20
971.465692
  0
POINT
  8
3
 10
4255.445071
 20
962.793149
  0
POINT
  8
3
 10
4255.456311
 20
955.297808
  0
POINT
  8
3
 10
4246.096091
 20
950.489234
  0
POINT
  8
3
 10
4237.040925
 20
955.459716
  0
POINT
  8
3
 10
4228.019892
 20
960.411474
  0
POINT
  8
3
 10
4218.998850
 20
965.363236
  0
POINT
  8
3
 10
4210.161411
 20
970.214200
  0
POINT
  8
3
 10
4201.420245
 20
975.012303
  0
POINT
  8
3
 10
4192.605433
 20
979.850817
  0
POINT
  8
3
 10
4135.421286
 20
1109.293546
  0
POINT
  8
3
 10
4145.560263
 20
1109.831442
 0
LINE
 8
7
 10
4180.529785
 20
1055.136261
 11
4180.529785
 21
996.898270
  0
TEXT
  8
1
 10
4189.620667
 20
1024.697342
 40
10.000000
 50
0.000000
  1
Piece Name: 26SMC-WP130M 展_前袋口拼布_175/84
  0
TEXT
  8
1
 10
4189.620667
 20
1039.697342
 40
10.000000
 50
0.000000
  1
Size: 175/84
  0
TEXT
  8
1
 10
4189.620667
 20
1054.697342
 40
10.000000
 50
0.000000
  1
Annotation: 
  0
TEXT
  8
1
 10
4189.620667
 20
1069.697342
 40
10.000000
 50
0.000000
  1
Quantity: 1,1
  0
TEXT
  8
1
 10
4189.620667
 20
1084.697342
 40
10.000000
 50
0.000000
  1
Material: 面
  0
TEXT
  8
1
 10
4189.620667
 20
1084.697342
 40
10.000000
 50
0.000000
  1
Category: 38
0
ENDBLK
0
BLOCK
  8
1
  2
26SMC-WP130M 展_腿袋贴布_175/84
 70
0
 10
0.0
 20
0.0
  0
POLYLINE
  8
1
  66
1
  70
1
  0
VERTEX
  8
1
  10
4901.872864
  20
588.521461
  0
VERTEX
  8
1
  10
4901.872864
  20
693.521500
  0
VERTEX
  8
1
  10
4916.872864
  20
708.521500
  0
VERTEX
  8
1
  10
5081.872864
  20
708.521500
  0
VERTEX
  8
1
  10
5096.872864
  20
693.521500
  0
VERTEX
  8
1
  10
5096.872864
  20
588.521461
  0
SEQEND
  8
1
  0
POINT
  8
2
 10
4901.872864
 20
588.521461
  0
TEXT
  8
2
 10
4901.872864
 20
588.521461
 40
0.000000
 50
0.000000
  1
# 894
  0
POINT
  8
2
 10
4901.872864
 20
693.521500
  0
TEXT
  8
2
 10
4901.872864
 20
693.521500
 40
0.000000
 50
0.000000
  1
# 895
  0
POINT
  8
2
 10
4916.872864
 20
708.521500
  0
TEXT
  8
2
 10
4916.872864
 20
708.521500
 40
0.000000
 50
0.000000
  1
# 896
  0
POINT
  8
2
 10
5081.872864
 20
708.521500
  0
TEXT
  8
2
 10
5081.872864
 20
708.521500
 40
0.000000
 50
0.000000
  1
# 897
  0
POINT
  8
2
 10
5096.872864
 20
693.521500
  0
TEXT
  8
2
 10
5096.872864
 20
693.521500
 40
0.000000
 50
0.000000
  1
# 898
  0
POINT
  8
2
 10
5096.872864
 20
588.521461
  0
TEXT
  8
2
 10
5096.872864
 20
588.521461
 40
0.000000
 50
0.000000
  1
# 899
  0
POLYLINE
  8
8
  66
1
  70
0
  0
VERTEX
  8
8
  10
4926.872864
  20
693.521500
  0
VERTEX
  8
8
  10
4926.872864
  20
681.521454
  0
SEQEND
  8
8
  0
POINT
  8
2
 10
4926.872864
 20
693.521500
  0
TEXT
  8
2
 10
4926.872864
 20
693.521500
 40
0.000000
 50
0.000000
  1
# 900
  0
POINT
  8
2
 10
4926.872864
 20
681.521454
  0
TEXT
  8
2
 10
4926.872864
 20
681.521454
 40
0.000000
 50
0.000000
  1
# 901
  0
POLYLINE
  8
8
  66
1
  70
0
  0
VERTEX
  8
8
  10
4926.872864
  20
693.521500
  0
VERTEX
  8
8
  10
4937.169975
  20
693.521500
  0
VERTEX
  8
8
  10
4947.453948
  20
693.521500
  0
VERTEX
  8
8
  10
4957.674322
  20
693.521500
  0
VERTEX
  8
8
  10
4967.848173
  20
693.521500
  0
VERTEX
  8
8
  10
4977.890774
  20
693.521500
  0
VERTEX
  8
8
  10
4987.933358
  20
693.521500
  0
VERTEX
  8
8
  10
4998.032777
  20
693.521500
  0
VERTEX
  8
8
  10
5008.075347
  20
693.521500
  0
VERTEX
  8
8
  10
5018.117938
  20
693.521500
  0
VERTEX
  8
8
  10
5028.278420
  20
693.521500
  0
VERTEX
  8
8
  10
5038.321025
  20
693.521500
  0
VERTEX
  8
8
  10
5048.363631
  20
693.521500
  0
VERTEX
  8
8
  10
5058.584313
  20
693.521500
  0
VERTEX
  8
8
  10
5068.566210
  20
693.521500
  0
VERTEX
  8
8
  10
5071.872864
  20
693.521500
  0
SEQEND
  8
8
  0
POINT
  8
2
 10
4926.872864
 20
693.521500
  0
TEXT
  8
2
 10
4926.872864
 20
693.521500
 40
0.000000
 50
0.000000
  1
# 902
  0
POINT
  8
2
 10
5071.872864
 20
693.521500
  0
TEXT
  8
2
 10
5071.872864
 20
693.521500
 40
0.000000
 50
0.000000
  1
# 903
  0
POINT
  8
3
 10
4937.169975
 20
693.521500
  0
POINT
  8
3
 10
4947.453948
 20
693.521500
  0
POINT
  8
3
 10
4957.674322
 20
693.521500
  0
POINT
  8
3
 10
4967.848173
 20
693.521500
  0
POINT
  8
3
 10
4977.890774
 20
693.521500
  0
POINT
  8
3
 10
4987.933358
 20
693.521500
  0
POINT
  8
3
 10
4998.032777
 20
693.521500
  0
POINT
  8
3
 10
5008.075347
 20
693.521500
  0
POINT
  8
3
 10
5018.117938
 20
693.521500
  0
POINT
  8
3
 10
5028.278420
 20
693.521500
  0
POINT
  8
3
 10
5038.321025
 20
693.521500
  0
POINT
  8
3
 10
5048.363631
 20
693.521500
  0
POINT
  8
3
 10
5058.584313
 20
693.521500
  0
POINT
  8
3
 10
5068.566210
 20
693.521500
  0
POLYLINE
  8
8
  66
1
  70
0
  0
VERTEX
  8
8
  10
5071.872864
  20
693.521500
  0
VERTEX
  8
8
  10
5071.872864
  20
681.521454
  0
SEQEND
  8
8
  0
POINT
  8
2
 10
5071.872864
 20
693.521500
  0
TEXT
  8
2
 10
5071.872864
 20
693.521500
 40
0.000000
 50
0.000000
  1
# 904
  0
POINT
  8
2
 10
5071.872864
 20
681.521454
  0
TEXT
  8
2
 10
5071.872864
 20
681.521454
 40
0.000000
 50
0.000000
  1
# 905
  0
POLYLINE
  8
8
  66
1
  70
0
  0
VERTEX
  8
8
  10
4926.872864
  20
681.521454
  0
VERTEX
  8
8
  10
4937.169975
  20
681.521454
  0
VERTEX
  8
8
  10
4947.453948
  20
681.521454
  0
VERTEX
  8
8
  10
4957.674322
  20
681.521454
  0
VERTEX
  8
8
  10
4967.848173
  20
681.521454
  0
VERTEX
  8
8
  10
4977.890774
  20
681.521454
  0
VERTEX
  8
8
  10
4987.933358
  20
681.521454
  0
VERTEX
  8
8
  10
4998.032777
  20
681.521454
  0
VERTEX
  8
8
  10
5008.075347
  20
681.521454
  0
VERTEX
  8
8
  10
5018.117938
  20
681.521454
  0
VERTEX
  8
8
  10
5028.278420
  20
681.521454
  0
VERTEX
  8
8
  10
5038.321025
  20
681.521454
  0
VERTEX
  8
8
  10
5048.363631
  20
681.521454
  0
VERTEX
  8
8
  10
5058.584313
  20
681.521454
  0
VERTEX
  8
8
  10
5068.566210
  20
681.521454
  0
VERTEX
  8
8
  10
5071.872864
  20
681.521454
  0
SEQEND
  8
8
  0
POINT
  8
2
 10
4926.872864
 20
681.521454
  0
TEXT
  8
2
 10
4926.872864
 20
681.521454
 40
0.000000
 50
0.000000
  1
# 906
  0
POINT
  8
2
 10
5071.872864
 20
681.521454
  0
TEXT
  8
2
 10
5071.872864
 20
681.521454
 40
0.000000
 50
0.000000
  1
# 907
  0
POINT
  8
3
 10
4937.169975
 20
681.521454
  0
POINT
  8
3
 10
4947.453948
 20
681.521454
  0
POINT
  8
3
 10
4957.674322
 20
681.521454
  0
POINT
  8
3
 10
4967.848173
 20
681.521454
  0
POINT
  8
3
 10
4977.890774
 20
681.521454
  0
POINT
  8
3
 10
4987.933358
 20
681.521454
  0
POINT
  8
3
 10
4998.032777
 20
681.521454
  0
POINT
  8
3
 10
5008.075347
 20
681.521454
  0
POINT
  8
3
 10
5018.117938
 20
681.521454
  0
POINT
  8
3
 10
5028.278420
 20
681.521454
  0
POINT
  8
3
 10
5038.321025
 20
681.521454
  0
POINT
  8
3
 10
5048.363631
 20
681.521454
  0
POINT
  8
3
 10
5058.584313
 20
681.521454
  0
POINT
  8
3
 10
5068.566210
 20
681.521454
 0
LINE
 8
7
 10
4993.287964
 20
680.335922
 11
4993.287964
 21
597.187920
  0
TEXT
  8
1
 10
4999.372864
 20
648.521481
 40
10.000000
 50
0.000000
  1
Piece Name: 26SMC-WP130M 展_腿袋贴布_175/84
  0
TEXT
  8
1
 10
4999.372864
 20
663.521481
 40
10.000000
 50
0.000000
  1
Size: 175/84
  0
TEXT
  8
1
 10
4999.372864
 20
678.521481
 40
10.000000
 50
0.000000
  1
Annotation: 
  0
TEXT
  8
1
 10
4999.372864
 20
693.521481
 40
10.000000
 50
0.000000
  1
Quantity: 1
  0
TEXT
  8
1
 10
4999.372864
 20
708.521481
 40
10.000000
 50
0.000000
  1
Material: 净
  0
TEXT
  8
1
 10
4999.372864
 20
708.521481
 40
10.000000
 50
0.000000
  1
Category: 39
0
ENDBLK
0
BLOCK
  8
1
  2
26SMC-WP130M 展_腿袋垫布_175/84
 70
0
 10
0.0
 20
0.0
  0
POLYLINE
  8
1
  66
1
  70
1
  0
VERTEX
  8
1
  10
4166.623230
  20
712.237930
  0
VERTEX
  8
1
  10
4166.623230
  20
642.237930
  0
VERTEX
  8
1
  10
3966.623230
  20
642.237930
  0
VERTEX
  8
1
  10
3966.623230
  20
712.237930
  0
SEQEND
  8
1
  0
POINT
  8
2
 10
4166.623230
 20
712.237930
  0
TEXT
  8
2
 10
4166.623230
 20
712.237930
 40
0.000000
 50
0.000000
  1
# 908
  0
POINT
  8
2
 10
4166.623230
 20
642.237930
  0
TEXT
  8
2
 10
4166.623230
 20
642.237930
 40
0.000000
 50
0.000000
  1
# 909
  0
POINT
  8
2
 10
3966.623230
 20
642.237930
  0
TEXT
  8
2
 10
3966.623230
 20
642.237930
 40
0.000000
 50
0.000000
  1
# 910
  0
POINT
  8
2
 10
3966.623230
 20
712.237930
  0
TEXT
  8
2
 10
3966.623230
 20
712.237930
 40
0.000000
 50
0.000000
  1
# 911
  0
POLYLINE
  8
14
  66
1
  70
1
  0
VERTEX
  8
14
  10
4156.623230
  20
702.237930
  0
VERTEX
  8
14
  10
4156.623230
  20
652.237930
  0
VERTEX
  8
14
  10
3976.623230
  20
652.237930
  0
VERTEX
  8
14
  10
3976.623230
  20
702.237930
  0
SEQEND
  8
14
  0
POINT
  8
2
 10
4156.623230
 20
702.237930
  0
TEXT
  8
2
 10
4156.623230
 20
702.237930
 40
0.000000
 50
0.000000
  1
# 912
  0
POINT
  8
2
 10
4156.623230
 20
652.237930
  0
TEXT
  8
2
 10
4156.623230
 20
652.237930
 40
0.000000
 50
0.000000
  1
# 913
  0
POINT
  8
2
 10
3976.623230
 20
652.237930
  0
TEXT
  8
2
 10
3976.623230
 20
652.237930
 40
0.000000
 50
0.000000
  1
# 914
  0
POINT
  8
2
 10
3976.623230
 20
702.237930
  0
TEXT
  8
2
 10
3976.623230
 20
702.237930
 40
0.000000
 50
0.000000
  1
# 915
 0
LINE
 8
7
 10
4050.718079
 20
687.765656
 11
4050.718079
 21
659.491043
  0
TEXT
  8
1
 10
4066.623230
 20
677.237930
 40
10.000000
 50
0.000000
  1
Piece Name: 26SMC-WP130M 展_腿袋垫布_175/84
  0
TEXT
  8
1
 10
4066.623230
 20
692.237930
 40
10.000000
 50
0.000000
  1
Size: 175/84
  0
TEXT
  8
1
 10
4066.623230
 20
707.237930
 40
10.000000
 50
0.000000
  1
Annotation: 
  0
TEXT
  8
1
 10
4066.623230
 20
722.237930
 40
10.000000
 50
0.000000
  1
Quantity: 1
  0
TEXT
  8
1
 10
4066.623230
 20
737.237930
 40
10.000000
 50
0.000000
  1
Material: 面
  0
TEXT
  8
1
 10
4066.623230
 20
737.237930
 40
10.000000
 50
0.000000
  1
Category: 40
0
ENDBLK
0
BLOCK
  8
1
  2
26SMC-WP130M 展_后袋垫布_175/84
 70
0
 10
0.0
 20
0.0
  0
POLYLINE
  8
1
  66
1
  70
1
  0
VERTEX
  8
1
  10
1590.460205
  20
978.153915
  0
VERTEX
  8
1
  10
1600.337372
  20
978.153915
  0
VERTEX
  8
1
  10
1609.969025
  20
978.153915
  0
VERTEX
  8
1
  10
1619.841766
  20
978.153915
  0
VERTEX
  8
1
  10
1630.147705
  20
978.153915
  0
VERTEX
  8
1
  10
1641.999969
  20
978.153915
  0
VERTEX
  8
1
  10
1652.378540
  20
978.153915
  0
VERTEX
  8
1
  10
1663.375702
  20
978.153915
  0
VERTEX
  8
1
  10
1674.826202
  20
978.153915
  0
VERTEX
  8
1
  10
1686.565552
  20
978.153915
  0
VERTEX
  8
1
  10
1698.428497
  20
978.153915
  0
VERTEX
  8
1
  10
1710.250244
  20
978.153915
  0
VERTEX
  8
1
  10
1721.865845
  20
978.153915
  0
VERTEX
  8
1
  10
1733.110352
  20
978.153915
  0
VERTEX
  8
1
  10
1743.818817
  20
978.153915
  0
VERTEX
  8
1
  10
1756.199341
  20
978.153915
  0
VERTEX
  8
1
  10
1767.162476
  20
978.153915
  0
VERTEX
  8
1
  10
1777.993774
  20
978.153915
  0
VERTEX
  8
1
  10
1789.843597
  20
978.153915
  0
VERTEX
  8
1
  10
1800.460205
  20
978.153915
  0
VERTEX
  8
1
  10
1800.460205
  20
959.077682
  0
VERTEX
  8
1
  10
1800.460205
  20
949.040375
  0
VERTEX
  8
1
  10
1800.460205
  20
938.993835
  0
VERTEX
  8
1
  10
1800.460205
  20
928.713608
  0
VERTEX
  8
1
  10
1800.460205
  20
908.153915
  0
VERTEX
  8
1
  10
1790.372162
  20
908.153915
  0
VERTEX
  8
1
  10
1780.107880
  20
908.153915
  0
VERTEX
  8
1
  10
1769.968872
  20
908.153915
  0
VERTEX
  8
1
  10
1759.778900
  20
908.153915
  0
VERTEX
  8
1
  10
1749.423523
  20
908.153915
  0
VERTEX
  8
1
  10
1739.260101
  20
908.153915
  0
VERTEX
  8
1
  10
1729.096527
  20
908.153915
  0
VERTEX
  8
1
  10
1718.854523
  20
908.153915
  0
VERTEX
  8
1
  10
1708.690948
  20
908.153915
  0
VERTEX
  8
1
  10
1698.527527
  20
908.153915
  0
VERTEX
  8
1
  10
1688.363953
  20
908.153915
  0
VERTEX
  8
1
  10
1678.284149
  20
908.153915
  0
VERTEX
  8
1
  10
1668.120575
  20
908.153915
  0
VERTEX
  8
1
  10
1657.957153
  20
908.153915
  0
VERTEX
  8
1
  10
1647.861328
  20
908.153915
  0
VERTEX
  8
1
  10
1637.697906
  20
908.153915
  0
VERTEX
  8
1
  10
1627.534485
  20
908.153915
  0
VERTEX
  8
1
  10
1617.213898
  20
908.153915
  0
VERTEX
  8
1
  10
1607.271729
  20
908.153915
  0
VERTEX
  8
1
  10
1599.663086
  20
908.153915
  0
VERTEX
  8
1
  10
1590.460205
  20
908.153915
  0
VERTEX
  8
1
  10
1590.460205
  20
927.130890
  0
VERTEX
  8
1
  10
1590.460205
  20
937.162704
  0
VERTEX
  8
1
  10
1590.460205
  20
947.360229
  0
VERTEX
  8
1
  10
1590.460205
  20
957.622833
  0
SEQEND
  8
1
  0
POINT
  8
2
 10
1590.460205
 20
978.153915
  0
TEXT
  8
2
 10
1590.460205
 20
978.153915
 40
0.000000
 50
0.000000
  1
# 916
  0
POINT
  8
2
 10
1800.460205
 20
978.153915
  0
TEXT
  8
2
 10
1800.460205
 20
978.153915
 40
0.000000
 50
0.000000
  1
# 917
  0
POINT
  8
2
 10
1800.460205
 20
908.153915
  0
TEXT
  8
2
 10
1800.460205
 20
908.153915
 40
0.000000
 50
0.000000
  1
# 918
  0
POINT
  8
2
 10
1590.460205
 20
908.153915
  0
TEXT
  8
2
 10
1590.460205
 20
908.153915
 40
0.000000
 50
0.000000
  1
# 919
  0
POINT
  8
3
 10
1600.337372
 20
978.153915
  0
POINT
  8
3
 10
1609.969025
 20
978.153915
  0
POINT
  8
3
 10
1619.841766
 20
978.153915
  0
POINT
  8
3
 10
1630.147705
 20
978.153915
  0
POINT
  8
3
 10
1641.999969
 20
978.153915
  0
POINT
  8
3
 10
1652.378540
 20
978.153915
  0
POINT
  8
3
 10
1663.375702
 20
978.153915
  0
POINT
  8
3
 10
1674.826202
 20
978.153915
  0
POINT
  8
3
 10
1686.565552
 20
978.153915
  0
POINT
  8
3
 10
1698.428497
 20
978.153915
  0
POINT
  8
3
 10
1710.250244
 20
978.153915
  0
POINT
  8
3
 10
1721.865845
 20
978.153915
  0
POINT
  8
3
 10
1733.110352
 20
978.153915
  0
POINT
  8
3
 10
1743.818817
 20
978.153915
  0
POINT
  8
3
 10
1756.199341
 20
978.153915
  0
POINT
  8
3
 10
1767.162476
 20
978.153915
  0
POINT
  8
3
 10
1777.993774
 20
978.153915
  0
POINT
  8
3
 10
1789.843597
 20
978.153915
  0
POINT
  8
3
 10
1800.460205
 20
959.077682
  0
POINT
  8
3
 10
1800.460205
 20
949.040375
  0
POINT
  8
3
 10
1800.460205
 20
938.993835
  0
POINT
  8
3
 10
1800.460205
 20
928.713608
  0
POINT
  8
3
 10
1790.372162
 20
908.153915
  0
POINT
  8
3
 10
1780.107880
 20
908.153915
  0
POINT
  8
3
 10
1769.968872
 20
908.153915
  0
POINT
  8
3
 10
1759.778900
 20
908.153915
  0
POINT
  8
3
 10
1749.423523
 20
908.153915
  0
POINT
  8
3
 10
1739.260101
 20
908.153915
  0
POINT
  8
3
 10
1729.096527
 20
908.153915
  0
POINT
  8
3
 10
1718.854523
 20
908.153915
  0
POINT
  8
3
 10
1708.690948
 20
908.153915
  0
POINT
  8
3
 10
1698.527527
 20
908.153915
  0
POINT
  8
3
 10
1688.363953
 20
908.153915
  0
POINT
  8
3
 10
1678.284149
 20
908.153915
  0
POINT
  8
3
 10
1668.120575
 20
908.153915
  0
POINT
  8
3
 10
1657.957153
 20
908.153915
  0
POINT
  8
3
 10
1647.861328
 20
908.153915
  0
POINT
  8
3
 10
1637.697906
 20
908.153915
  0
POINT
  8
3
 10
1627.534485
 20
908.153915
  0
POINT
  8
3
 10
1617.213898
 20
908.153915
  0
POINT
  8
3
 10
1607.271729
 20
908.153915
  0
POINT
  8
3
 10
1599.663086
 20
908.153915
  0
POINT
  8
3
 10
1590.460205
 20
927.130890
  0
POINT
  8
3
 10
1590.460205
 20
937.162704
  0
POINT
  8
3
 10
1590.460205
 20
947.360229
  0
POINT
  8
3
 10
1590.460205
 20
957.622833
  0
POLYLINE
  8
14
  66
1
  70
1
  0
VERTEX
  8
14
  10
1600.460205
  20
968.153915
  0
VERTEX
  8
14
  10
1609.969053
  20
968.153915
  0
VERTEX
  8
14
  10
1619.841693
  20
968.153915
  0
VERTEX
  8
14
  10
1630.147705
  20
968.153915
  0
VERTEX
  8
14
  10
1641.999941
  20
968.153915
  0
VERTEX
  8
14
  10
1652.378540
  20
968.153915
  0
VERTEX
  8
14
  10
1663.375628
  20
968.153915
  0
VERTEX
  8
14
  10
1674.826276
  20
968.153915
  0
VERTEX
  8
14
  10
1686.565552
  20
968.153915
  0
VERTEX
  8
14
  10
1698.428526
  20
968.153915
  0
VERTEX
  8
14
  10
1710.250267
  20
968.153915
  0
VERTEX
  8
14
  10
1721.865845
  20
968.153915
  0
VERTEX
  8
14
  10
1733.110329
  20
968.153915
  0
VERTEX
  8
14
  10
1743.818789
  20
968.153915
  0
VERTEX
  8
14
  10
1756.199318
  20
968.153915
  0
VERTEX
  8
14
  10
1767.162476
  20
968.153915
  0
VERTEX
  8
14
  10
1777.993774
  20
968.153915
  0
VERTEX
  8
14
  10
1790.460205
  20
968.153915
  0
VERTEX
  8
14
  10
1790.460205
  20
959.077661
  0
VERTEX
  8
14
  10
1790.460205
  20
949.040352
  0
VERTEX
  8
14
  10
1790.460205
  20
938.993832
  0
VERTEX
  8
14
  10
1790.460205
  20
928.713595
  0
VERTEX
  8
14
  10
1790.460205
  20
918.153915
  0
VERTEX
  8
14
  10
1780.107850
  20
918.153915
  0
VERTEX
  8
14
  10
1769.968851
  20
918.153915
  0
VERTEX
  8
14
  10
1759.778824
  20
918.153915
  0
VERTEX
  8
14
  10
1749.423532
  20
918.153915
  0
VERTEX
  8
14
  10
1739.260047
  20
918.153915
  0
VERTEX
  8
14
  10
1729.096564
  20
918.153915
  0
VERTEX
  8
14
  10
1718.854468
  20
918.153915
  0
VERTEX
  8
14
  10
1708.690975
  20
918.153915
  0
VERTEX
  8
14
  10
1698.527464
  20
918.153915
  0
VERTEX
  8
14
  10
1688.363947
  20
918.153915
  0
VERTEX
  8
14
  10
1678.284158
  20
918.153915
  0
VERTEX
  8
14
  10
1668.120638
  20
918.153915
  0
VERTEX
  8
14
  10
1657.957135
  20
918.153915
  0
VERTEX
  8
14
  10
1647.861368
  20
918.153915
  0
VERTEX
  8
14
  10
1637.697895
  20
918.153915
  0
VERTEX
  8
14
  10
1627.534418
  20
918.153915
  0
VERTEX
  8
14
  10
1617.213835
  20
918.153915
  0
VERTEX
  8
14
  10
1607.271738
  20
918.153915
  0
VERTEX
  8
14
  10
1600.460205
  20
918.153915
  0
VERTEX
  8
14
  10
1600.460205
  20
927.130908
  0
VERTEX
  8
14
  10
1600.460205
  20
937.162728
  0
VERTEX
  8
14
  10
1600.460205
  20
947.360229
  0
VERTEX
  8
14
  10
1600.460205
  20
957.622800
  0
SEQEND
  8
14
  0
POINT
  8
2
 10
1600.460205
 20
968.153915
  0
TEXT
  8
2
 10
1600.460205
 20
968.153915
 40
0.000000
 50
0.000000
  1
# 920
  0
POINT
  8
2
 10
1790.460205
 20
968.153915
  0
TEXT
  8
2
 10
1790.460205
 20
968.153915
 40
0.000000
 50
0.000000
  1
# 921
  0
POINT
  8
2
 10
1790.460205
 20
918.153915
  0
TEXT
  8
2
 10
1790.460205
 20
918.153915
 40
0.000000
 50
0.000000
  1
# 922
  0
POINT
  8
2
 10
1600.460205
 20
918.153915
  0
TEXT
  8
2
 10
1600.460205
 20
918.153915
 40
0.000000
 50
0.000000
  1
# 923
  0
POINT
  8
3
 10
1609.969053
 20
968.153915
  0
POINT
  8
3
 10
1619.841693
 20
968.153915
  0
POINT
  8
3
 10
1630.147705
 20
968.153915
  0
POINT
  8
3
 10
1641.999941
 20
968.153915
  0
POINT
  8
3
 10
1652.378540
 20
968.153915
  0
POINT
  8
3
 10
1663.375628
 20
968.153915
  0
POINT
  8
3
 10
1674.826276
 20
968.153915
  0
POINT
  8
3
 10
1686.565552
 20
968.153915
  0
POINT
  8
3
 10
1698.428526
 20
968.153915
  0
POINT
  8
3
 10
1710.250267
 20
968.153915
  0
POINT
  8
3
 10
1721.865845
 20
968.153915
  0
POINT
  8
3
 10
1733.110329
 20
968.153915
  0
POINT
  8
3
 10
1743.818789
 20
968.153915
  0
POINT
  8
3
 10
1756.199318
 20
968.153915
  0
POINT
  8
3
 10
1767.162476
 20
968.153915
  0
POINT
  8
3
 10
1777.993774
 20
968.153915
  0
POINT
  8
3
 10
1790.460205
 20
959.077661
  0
POINT
  8
3
 10
1790.460205
 20
949.040352
  0
POINT
  8
3
 10
1790.460205
 20
938.993832
  0
POINT
  8
3
 10
1790.460205
 20
928.713595
  0
POINT
  8
3
 10
1780.107850
 20
918.153915
  0
POINT
  8
3
 10
1769.968851
 20
918.153915
  0
POINT
  8
3
 10
1759.778824
 20
918.153915
  0
POINT
  8
3
 10
1749.423532
 20
918.153915
  0
POINT
  8
3
 10
1739.260047
 20
918.153915
  0
POINT
  8
3
 10
1729.096564
 20
918.153915
  0
POINT
  8
3
 10
1718.854468
 20
918.153915
  0
POINT
  8
3
 10
1708.690975
 20
918.153915
  0
POINT
  8
3
 10
1698.527464
 20
918.153915
  0
POINT
  8
3
 10
1688.363947
 20
918.153915
  0
POINT
  8
3
 10
1678.284158
 20
918.153915
  0
POINT
  8
3
 10
1668.120638
 20
918.153915
  0
POINT
  8
3
 10
1657.957135
 20
918.153915
  0
POINT
  8
3
 10
1647.861368
 20
918.153915
  0
POINT
  8
3
 10
1637.697895
 20
918.153915
  0
POINT
  8
3
 10
1627.534418
 20
918.153915
  0
POINT
  8
3
 10
1617.213835
 20
918.153915
  0
POINT
  8
3
 10
1607.271738
 20
918.153915
  0
POINT
  8
3
 10
1600.460205
 20
927.130908
  0
POINT
  8
3
 10
1600.460205
 20
937.162728
  0
POINT
  8
3
 10
1600.460205
 20
947.360229
  0
POINT
  8
3
 10
1600.460205
 20
957.622800
 0
LINE
 8
7
 10
1693.402100
 20
957.460175
 11
1693.402100
 21
925.120850
  0
TEXT
  8
1
 10
1695.460205
 20
943.153915
 40
10.000000
 50
0.000000
  1
Piece Name: 26SMC-WP130M 展_后袋垫布_175/84
  0
TEXT
  8
1
 10
1695.460205
 20
958.153915
 40
10.000000
 50
0.000000
  1
Size: 175/84
  0
TEXT
  8
1
 10
1695.460205
 20
973.153915
 40
10.000000
 50
0.000000
  1
Annotation: 
  0
TEXT
  8
1
 10
1695.460205
 20
988.153915
 40
10.000000
 50
0.000000
  1
Quantity: 1,1
  0
TEXT
  8
1
 10
1695.460205
 20
1003.153915
 40
10.000000
 50
0.000000
  1
Material: 面
  0
TEXT
  8
1
 10
1695.460205
 20
1003.153915
 40
10.000000
 50
0.000000
  1
Category: 41
0
ENDBLK
0
BLOCK
  8
1
  2
26SMC-WP130M 展_后袋牙_175/84
 70
0
 10
0.0
 20
0.0
  0
POLYLINE
  8
1
  66
1
  70
1
  0
VERTEX
  8
1
  10
1596.111298
  20
1119.479523
  0
VERTEX
  8
1
  10
1596.024323
  20
1144.517746
  0
VERTEX
  8
1
  10
1612.790375
  20
1144.543762
  0
VERTEX
  8
1
  10
1623.050232
  20
1144.559708
  0
VERTEX
  8
1
  10
1633.179169
  20
1144.575500
  0
VERTEX
  8
1
  10
1643.354645
  20
1144.591675
  0
VERTEX
  8
1
  10
1653.648376
  20
1144.608307
  0
VERTEX
  8
1
  10
1663.942108
  20
1144.625320
  0
VERTEX
  8
1
  10
1674.202881
  20
1144.642563
  0
VERTEX
  8
1
  10
1684.496765
  20
1144.660187
  0
VERTEX
  8
1
  10
1694.790497
  20
1144.678116
  0
VERTEX
  8
1
  10
1704.892426
  20
1144.696045
  0
VERTEX
  8
1
  10
1715.186157
  20
1144.714584
  0
VERTEX
  8
1
  10
1725.479736
  20
1144.733582
  0
VERTEX
  8
1
  10
1735.467987
  20
1144.752426
  0
VERTEX
  8
1
  10
1745.652161
  20
1144.772034
  0
VERTEX
  8
1
  10
1758.438873
  20
1144.796906
  0
VERTEX
  8
1
  10
1776.024170
  20
1144.831009
  0
VERTEX
  8
1
  10
1776.111298
  20
1119.793396
  0
VERTEX
  8
1
  10
1776.111298
  20
1094.824371
  0
VERTEX
  8
1
  10
1758.526001
  20
1094.797211
  0
VERTEX
  8
1
  10
1745.739288
  20
1094.777603
  0
VERTEX
  8
1
  10
1735.555115
  20
1094.761658
  0
VERTEX
  8
1
  10
1725.566864
  20
1094.745712
  0
VERTEX
  8
1
  10
1715.273285
  20
1094.728851
  0
VERTEX
  8
1
  10
1704.979553
  20
1094.711533
  0
VERTEX
  8
1
  10
1694.877625
  20
1094.694214
  0
VERTEX
  8
1
  10
1684.583740
  20
1094.676285
  0
VERTEX
  8
1
  10
1674.290009
  20
1094.658051
  0
VERTEX
  8
1
  10
1664.029236
  20
1094.639587
  0
VERTEX
  8
1
  10
1653.735504
  20
1094.620667
  0
VERTEX
  8
1
  10
1643.441772
  20
1094.601517
  0
VERTEX
  8
1
  10
1633.266296
  20
1094.582214
  0
VERTEX
  8
1
  10
1623.137360
  20
1094.562683
  0
VERTEX
  8
1
  10
1612.877502
  20
1094.542847
  0
VERTEX
  8
1
  10
1596.111450
  20
1094.510498
  0
SEQEND
  8
1
  0
POINT
  8
2
 10
1596.111298
 20
1119.479523
  0
TEXT
  8
2
 10
1596.111298
 20
1119.479523
 40
0.000000
 50
0.000000
  1
# 924
  0
POINT
  8
2
 10
1596.024323
 20
1144.517746
  0
TEXT
  8
2
 10
1596.024323
 20
1144.517746
 40
0.000000
 50
0.000000
  1
# 925
  0
POINT
  8
2
 10
1776.024170
 20
1144.831009
  0
TEXT
  8
2
 10
1776.024170
 20
1144.831009
 40
0.000000
 50
0.000000
  1
# 926
  0
POINT
  8
2
 10
1776.111298
 20
1119.793396
  0
TEXT
  8
2
 10
1776.111298
 20
1119.793396
 40
0.000000
 50
0.000000
  1
# 927
  0
POINT
  8
2
 10
1776.111298
 20
1094.824371
  0
TEXT
  8
2
 10
1776.111298
 20
1094.824371
 40
0.000000
 50
0.000000
  1
# 928
  0
POINT
  8
2
 10
1596.111450
 20
1094.510498
  0
TEXT
  8
2
 10
1596.111450
 20
1094.510498
 40
0.000000
 50
0.000000
  1
# 929
  0
POINT
  8
3
 10
1612.790375
 20
1144.543762
  0
POINT
  8
3
 10
1623.050232
 20
1144.559708
  0
POINT
  8
3
 10
1633.179169
 20
1144.575500
  0
POINT
  8
3
 10
1643.354645
 20
1144.591675
  0
POINT
  8
3
 10
1653.648376
 20
1144.608307
  0
POINT
  8
3
 10
1663.942108
 20
1144.625320
  0
POINT
  8
3
 10
1674.202881
 20
1144.642563
  0
POINT
  8
3
 10
1684.496765
 20
1144.660187
  0
POINT
  8
3
 10
1694.790497
 20
1144.678116
  0
POINT
  8
3
 10
1704.892426
 20
1144.696045
  0
POINT
  8
3
 10
1715.186157
 20
1144.714584
  0
POINT
  8
3
 10
1725.479736
 20
1144.733582
  0
POINT
  8
3
 10
1735.467987
 20
1144.752426
  0
POINT
  8
3
 10
1745.652161
 20
1144.772034
  0
POINT
  8
3
 10
1758.438873
 20
1144.796906
  0
POINT
  8
3
 10
1758.526001
 20
1094.797211
  0
POINT
  8
3
 10
1745.739288
 20
1094.777603
  0
POINT
  8
3
 10
1735.555115
 20
1094.761658
  0
POINT
  8
3
 10
1725.566864
 20
1094.745712
  0
POINT
  8
3
 10
1715.273285
 20
1094.728851
  0
POINT
  8
3
 10
1704.979553
 20
1094.711533
  0
POINT
  8
3
 10
1694.877625
 20
1094.694214
  0
POINT
  8
3
 10
1684.583740
 20
1094.676285
  0
POINT
  8
3
 10
1674.290009
 20
1094.658051
  0
POINT
  8
3
 10
1664.029236
 20
1094.639587
  0
POINT
  8
3
 10
1653.735504
 20
1094.620667
  0
POINT
  8
3
 10
1643.441772
 20
1094.601517
  0
POINT
  8
3
 10
1633.266296
 20
1094.582214
  0
POINT
  8
3
 10
1623.137360
 20
1094.562683
  0
POINT
  8
3
 10
1612.877502
 20
1094.542847
  0
POLYLINE
  8
14
  66
1
  70
1
  0
VERTEX
  8
14
  10
1616.111145
  20
1119.549026
  0
VERTEX
  8
14
  10
1616.058960
  20
1134.548874
  0
VERTEX
  8
14
  10
1623.065722
  20
1134.559688
  0
VERTEX
  8
14
  10
1633.194860
  20
1134.575495
  0
VERTEX
  8
14
  10
1643.370554
  20
1134.591652
  0
VERTEX
  8
14
  10
1653.664613
  20
1134.608324
  0
VERTEX
  8
14
  10
1663.958663
  20
1134.625325
  0
VERTEX
  8
14
  10
1674.219775
  20
1134.642600
  0
VERTEX
  8
14
  10
1684.513852
  20
1134.660241
  0
VERTEX
  8
14
  10
1694.807919
  20
1134.678174
  0
VERTEX
  8
14
  10
1704.910215
  20
1134.696049
  0
VERTEX
  8
14
  10
1715.204273
  20
1134.714606
  0
VERTEX
  8
14
  10
1725.498328
  20
1134.733589
  0
VERTEX
  8
14
  10
1735.487025
  20
1134.752451
  0
VERTEX
  8
14
  10
1745.671508
  20
1134.772035
  0
VERTEX
  8
14
  10
1756.058960
  20
1134.792328
  0
VERTEX
  8
14
  10
1756.111298
  20
1119.793396
  0
VERTEX
  8
14
  10
1756.111298
  20
1104.793472
  0
VERTEX
  8
14
  10
1745.723852
  20
1104.777567
  0
VERTEX
  8
14
  10
1735.539373
  20
1104.761661
  0
VERTEX
  8
14
  10
1725.550675
  20
1104.745717
  0
VERTEX
  8
14
  10
1715.256624
  20
1104.728831
  0
VERTEX
  8
14
  10
1704.962577
  20
1104.711520
  0
VERTEX
  8
14
  10
1694.860293
  20
1104.694196
  0
VERTEX
  8
14
  10
1684.566232
  20
1104.676262
  0
VERTEX
  8
14
  10
1674.272154
  20
1104.658035
  0
VERTEX
  8
14
  10
1664.011035
  20
1104.639553
  0
VERTEX
  8
14
  10
1653.716972
  20
1104.620679
  0
VERTEX
  8
14
  10
1643.422903
  20
1104.601476
  0
VERTEX
  8
14
  10
1633.247214
  20
1104.582176
  0
VERTEX
  8
14
  10
1623.118073
  20
1104.562695
  0
VERTEX
  8
14
  10
1616.111298
  20
1104.549103
  0
SEQEND
  8
14
  0
POINT
  8
2
 10
1616.111145
 20
1119.549026
  0
TEXT
  8
2
 10
1616.111145
 20
1119.549026
 40
0.000000
 50
0.000000
  1
# 930
  0
POINT
  8
2
 10
1616.058960
 20
1134.548874
  0
TEXT
  8
2
 10
1616.058960
 20
1134.548874
 40
0.000000
 50
0.000000
  1
# 931
  0
POINT
  8
2
 10
1756.058960
 20
1134.792328
  0
TEXT
  8
2
 10
1756.058960
 20
1134.792328
 40
0.000000
 50
0.000000
  1
# 932
  0
POINT
  8
2
 10
1756.111298
 20
1119.793396
  0
TEXT
  8
2
 10
1756.111298
 20
1119.793396
 40
0.000000
 50
0.000000
  1
# 933
  0
POINT
  8
2
 10
1756.111298
 20
1104.793472
  0
TEXT
  8
2
 10
1756.111298
 20
1104.793472
 40
0.000000
 50
0.000000
  1
# 934
  0
POINT
  8
2
 10
1616.111298
 20
1104.549103
  0
TEXT
  8
2
 10
1616.111298
 20
1104.549103
 40
0.000000
 50
0.000000
  1
# 935
  0
POINT
  8
3
 10
1623.065722
 20
1134.559688
  0
POINT
  8
3
 10
1633.194860
 20
1134.575495
  0
POINT
  8
3
 10
1643.370554
 20
1134.591652
  0
POINT
  8
3
 10
1653.664613
 20
1134.608324
  0
POINT
  8
3
 10
1663.958663
 20
1134.625325
  0
POINT
  8
3
 10
1674.219775
 20
1134.642600
  0
POINT
  8
3
 10
1684.513852
 20
1134.660241
  0
POINT
  8
3
 10
1694.807919
 20
1134.678174
  0
POINT
  8
3
 10
1704.910215
 20
1134.696049
  0
POINT
  8
3
 10
1715.204273
 20
1134.714606
  0
POINT
  8
3
 10
1725.498328
 20
1134.733589
  0
POINT
  8
3
 10
1735.487025
 20
1134.752451
  0
POINT
  8
3
 10
1745.671508
 20
1134.772035
  0
POINT
  8
3
 10
1745.723852
 20
1104.777567
  0
POINT
  8
3
 10
1735.539373
 20
1104.761661
  0
POINT
  8
3
 10
1725.550675
 20
1104.745717
  0
POINT
  8
3
 10
1715.256624
 20
1104.728831
  0
POINT
  8
3
 10
1704.962577
 20
1104.711520
  0
POINT
  8
3
 10
1694.860293
 20
1104.694196
  0
POINT
  8
3
 10
1684.566232
 20
1104.676262
  0
POINT
  8
3
 10
1674.272154
 20
1104.658035
  0
POINT
  8
3
 10
1664.011035
 20
1104.639553
  0
POINT
  8
3
 10
1653.716972
 20
1104.620679
  0
POINT
  8
3
 10
1643.422903
 20
1104.601476
  0
POINT
  8
3
 10
1633.247214
 20
1104.582176
  0
POINT
  8
3
 10
1623.118073
 20
1104.562695
  0
POLYLINE
  8
8
  66
1
  70
0
  0
VERTEX
  8
8
  10
1616.111145
  20
1119.549026
  0
VERTEX
  8
8
  10
1756.111298
  20
1119.792938
  0
SEQEND
  8
8
  0
POINT
  8
2
 10
1616.111145
 20
1119.549026
  0
TEXT
  8
2
 10
1616.111145
 20
1119.549026
 40
0.000000
 50
0.000000
  1
# 936
  0
POINT
  8
2
 10
1756.111298
 20
1119.792938
  0
TEXT
  8
2
 10
1756.111298
 20
1119.792938
 40
0.000000
 50
0.000000
  1
# 937
 0
LINE
 8
7
 10
1628.677979
 20
1112.744751
 11
1728.318634
 21
1112.744751
  0
TEXT
  8
1
 10
1686.067810
 20
1119.670753
 40
10.000000
 50
0.000000
  1
Piece Name: 26SMC-WP130M 展_后袋牙_175/84
  0
TEXT
  8
1
 10
1686.067810
 20
1134.670753
 40
10.000000
 50
0.000000
  1
Size: 175/84
  0
TEXT
  8
1
 10
1686.067810
 20
1149.670753
 40
10.000000
 50
0.000000
  1
Annotation: 
  0
TEXT
  8
1
 10
1686.067810
 20
1164.670753
 40
10.000000
 50
0.000000
  1
Quantity: 1,1
  0
TEXT
  8
1
 10
1686.067810
 20
1179.670753
 40
10.000000
 50
0.000000
  1
Material: 面
  0
TEXT
  8
1
 10
1686.067810
 20
1179.670753
 40
10.000000
 50
0.000000
  1
Category: 42
0
ENDBLK
0
BLOCK
  8
1
  2
26SMC-WP130M 展_后袋牙_175/84
 70
0
 10
0.0
 20
0.0
  0
POLYLINE
  8
1
  66
1
  70
1
  0
VERTEX
  8
1
  10
1599.702148
  20
1191.220932
  0
VERTEX
  8
1
  10
1599.632568
  20
1211.249542
  0
VERTEX
  8
1
  10
1612.641449
  20
1211.269760
  0
VERTEX
  8
1
  10
1621.648865
  20
1211.283646
  0
VERTEX
  8
1
  10
1631.777954
  20
1211.299438
  0
VERTEX
  8
1
  10
1641.953278
  20
1211.315613
  0
VERTEX
  8
1
  10
1652.247162
  20
1211.332321
  0
VERTEX
  8
1
  10
1662.541199
  20
1211.349335
  0
VERTEX
  8
1
  10
1672.802277
  20
1211.366577
  0
VERTEX
  8
1
  10
1683.096313
  20
1211.384201
  0
VERTEX
  8
1
  10
1693.390198
  20
1211.402130
  0
VERTEX
  8
1
  10
1703.492279
  20
1211.420059
  0
VERTEX
  8
1
  10
1713.786163
  20
1211.438599
  0
VERTEX
  8
1
  10
1724.079895
  20
1211.457520
  0
VERTEX
  8
1
  10
1734.068451
  20
1211.476440
  0
VERTEX
  8
1
  10
1744.252777
  20
1211.495972
  0
VERTEX
  8
1
  10
1755.791321
  20
1211.518478
  0
VERTEX
  8
1
  10
1769.632416
  20
1211.545410
  0
VERTEX
  8
1
  10
1769.702148
  20
1191.517410
  0
VERTEX
  8
1
  10
1769.702148
  20
1171.540680
  0
VERTEX
  8
1
  10
1755.861053
  20
1171.519318
  0
VERTEX
  8
1
  10
1744.322357
  20
1171.501617
  0
VERTEX
  8
1
  10
1734.138184
  20
1171.485748
  0
VERTEX
  8
1
  10
1724.149628
  20
1171.469803
  0
VERTEX
  8
1
  10
1713.855743
  20
1171.452866
  0
VERTEX
  8
1
  10
1703.562012
  20
1171.435547
  0
VERTEX
  8
1
  10
1693.459778
  20
1171.418228
  0
VERTEX
  8
1
  10
1683.165894
  20
1171.400299
  0
VERTEX
  8
1
  10
1672.872009
  20
1171.382065
  0
VERTEX
  8
1
  10
1662.610779
  20
1171.363602
  0
VERTEX
  8
1
  10
1652.316895
  20
1171.344757
  0
VERTEX
  8
1
  10
1642.023010
  20
1171.325531
  0
VERTEX
  8
1
  10
1631.847534
  20
1171.306229
  0
VERTEX
  8
1
  10
1621.718597
  20
1171.286774
  0
VERTEX
  8
1
  10
1612.711182
  20
1171.269302
  0
VERTEX
  8
1
  10
1599.702148
  20
1171.244125
  0
SEQEND
  8
1
  0
POINT
  8
2
 10
1599.702148
 20
1191.220932
  0
TEXT
  8
2
 10
1599.702148
 20
1191.220932
 40
0.000000
 50
0.000000
  1
# 938
  0
POINT
  8
2
 10
1599.632568
 20
1211.249542
  0
TEXT
  8
2
 10
1599.632568
 20
1211.249542
 40
0.000000
 50
0.000000
  1
# 939
  0
POINT
  8
2
 10
1769.632416
 20
1211.545410
  0
TEXT
  8
2
 10
1769.632416
 20
1211.545410
 40
0.000000
 50
0.000000
  1
# 940
  0
POINT
  8
2
 10
1769.702148
 20
1191.517410
  0
TEXT
  8
2
 10
1769.702148
 20
1191.517410
 40
0.000000
 50
0.000000
  1
# 941
  0
POINT
  8
2
 10
1769.702148
 20
1171.540680
  0
TEXT
  8
2
 10
1769.702148
 20
1171.540680
 40
0.000000
 50
0.000000
  1
# 942
  0
POINT
  8
2
 10
1599.702148
 20
1171.244125
  0
TEXT
  8
2
 10
1599.702148
 20
1171.244125
 40
0.000000
 50
0.000000
  1
# 943
  0
POINT
  8
3
 10
1612.641449
 20
1211.269760
  0
POINT
  8
3
 10
1621.648865
 20
1211.283646
  0
POINT
  8
3
 10
1631.777954
 20
1211.299438
  0
POINT
  8
3
 10
1641.953278
 20
1211.315613
  0
POINT
  8
3
 10
1652.247162
 20
1211.332321
  0
POINT
  8
3
 10
1662.541199
 20
1211.349335
  0
POINT
  8
3
 10
1672.802277
 20
1211.366577
  0
POINT
  8
3
 10
1683.096313
 20
1211.384201
  0
POINT
  8
3
 10
1693.390198
 20
1211.402130
  0
POINT
  8
3
 10
1703.492279
 20
1211.420059
  0
POINT
  8
3
 10
1713.786163
 20
1211.438599
  0
POINT
  8
3
 10
1724.079895
 20
1211.457520
  0
POINT
  8
3
 10
1734.068451
 20
1211.476440
  0
POINT
  8
3
 10
1744.252777
 20
1211.495972
  0
POINT
  8
3
 10
1755.791321
 20
1211.518478
  0
POINT
  8
3
 10
1755.861053
 20
1171.519318
  0
POINT
  8
3
 10
1744.322357
 20
1171.501617
  0
POINT
  8
3
 10
1734.138184
 20
1171.485748
  0
POINT
  8
3
 10
1724.149628
 20
1171.469803
  0
POINT
  8
3
 10
1713.855743
 20
1171.452866
  0
POINT
  8
3
 10
1703.562012
 20
1171.435547
  0
POINT
  8
3
 10
1693.459778
 20
1171.418228
  0
POINT
  8
3
 10
1683.165894
 20
1171.400299
  0
POINT
  8
3
 10
1672.872009
 20
1171.382065
  0
POINT
  8
3
 10
1662.610779
 20
1171.363602
  0
POINT
  8
3
 10
1652.316895
 20
1171.344757
  0
POINT
  8
3
 10
1642.023010
 20
1171.325531
  0
POINT
  8
3
 10
1631.847534
 20
1171.306229
  0
POINT
  8
3
 10
1621.718597
 20
1171.286774
  0
POINT
  8
3
 10
1612.711182
 20
1171.269302
  0
POLYLINE
  8
14
  66
1
  70
1
  0
VERTEX
  8
14
  10
1614.701996
  20
1191.273041
  0
VERTEX
  8
14
  10
1614.649811
  20
1206.272888
  0
VERTEX
  8
14
  10
1621.656544
  20
1206.283680
  0
VERTEX
  8
14
  10
1631.785660
  20
1206.299467
  0
VERTEX
  8
14
  10
1641.961210
  20
1206.315622
  0
VERTEX
  8
14
  10
1652.255300
  20
1206.332307
  0
VERTEX
  8
14
  10
1662.549384
  20
1206.349325
  0
VERTEX
  8
14
  10
1672.810668
  20
1206.366609
  0
VERTEX
  8
14
  10
1683.104751
  20
1206.384252
  0
VERTEX
  8
14
  10
1693.398814
  20
1206.402178
  0
VERTEX
  8
14
  10
1703.501101
  20
1206.420040
  0
VERTEX
  8
14
  10
1713.795148
  20
1206.438583
  0
VERTEX
  8
14
  10
1724.089192
  20
1206.457559
  0
VERTEX
  8
14
  10
1734.077882
  20
1206.476426
  0
VERTEX
  8
14
  10
1744.262360
  20
1206.496025
  0
VERTEX
  8
14
  10
1754.649811
  20
1206.516342
  0
VERTEX
  8
14
  10
1754.702148
  20
1191.517410
  0
VERTEX
  8
14
  10
1754.702148
  20
1176.517487
  0
VERTEX
  8
14
  10
1744.314705
  20
1176.501606
  0
VERTEX
  8
14
  10
1734.130230
  20
1176.485715
  0
VERTEX
  8
14
  10
1724.141539
  20
1176.469776
  0
VERTEX
  8
14
  10
1713.847498
  20
1176.452882
  0
VERTEX
  8
14
  10
1703.553462
  20
1176.435558
  0
VERTEX
  8
14
  10
1693.451187
  20
1176.418221
  0
VERTEX
  8
14
  10
1683.157131
  20
1176.400280
  0
VERTEX
  8
14
  10
1672.863047
  20
1176.382054
  0
VERTEX
  8
14
  10
1662.601755
  20
1176.363581
  0
VERTEX
  8
14
  10
1652.307659
  20
1176.344724
  0
VERTEX
  8
14
  10
1642.013560
  20
1176.325534
  0
VERTEX
  8
14
  10
1631.838014
  20
1176.306233
  0
VERTEX
  8
14
  10
1621.708895
  20
1176.286732
  0
VERTEX
  8
14
  10
1614.702148
  20
1176.273117
  0
SEQEND
  8
14
  0
POINT
  8
2
 10
1614.701996
 20
1191.273041
  0
TEXT
  8
2
 10
1614.701996
 20
1191.273041
 40
0.000000
 50
0.000000
  1
# 944
  0
POINT
  8
2
 10
1614.649811
 20
1206.272888
  0
TEXT
  8
2
 10
1614.649811
 20
1206.272888
 40
0.000000
 50
0.000000
  1
# 945
  0
POINT
  8
2
 10
1754.649811
 20
1206.516342
  0
TEXT
  8
2
 10
1754.649811
 20
1206.516342
 40
0.000000
 50
0.000000
  1
# 946
  0
POINT
  8
2
 10
1754.702148
 20
1191.517410
  0
TEXT
  8
2
 10
1754.702148
 20
1191.517410
 40
0.000000
 50
0.000000
  1
# 947
  0
POINT
  8
2
 10
1754.702148
 20
1176.517487
  0
TEXT
  8
2
 10
1754.702148
 20
1176.517487
 40
0.000000
 50
0.000000
  1
# 948
  0
POINT
  8
2
 10
1614.702148
 20
1176.273117
  0
TEXT
  8
2
 10
1614.702148
 20
1176.273117
 40
0.000000
 50
0.000000
  1
# 949
  0
POINT
  8
3
 10
1621.656544
 20
1206.283680
  0
POINT
  8
3
 10
1631.785660
 20
1206.299467
  0
POINT
  8
3
 10
1641.961210
 20
1206.315622
  0
POINT
  8
3
 10
1652.255300
 20
1206.332307
  0
POINT
  8
3
 10
1662.549384
 20
1206.349325
  0
POINT
  8
3
 10
1672.810668
 20
1206.366609
  0
POINT
  8
3
 10
1683.104751
 20
1206.384252
  0
POINT
  8
3
 10
1693.398814
 20
1206.402178
  0
POINT
  8
3
 10
1703.501101
 20
1206.420040
  0
POINT
  8
3
 10
1713.795148
 20
1206.438583
  0
POINT
  8
3
 10
1724.089192
 20
1206.457559
  0
POINT
  8
3
 10
1734.077882
 20
1206.476426
  0
POINT
  8
3
 10
1744.262360
 20
1206.496025
  0
POINT
  8
3
 10
1744.314705
 20
1176.501606
  0
POINT
  8
3
 10
1734.130230
 20
1176.485715
  0
POINT
  8
3
 10
1724.141539
 20
1176.469776
  0
POINT
  8
3
 10
1713.847498
 20
1176.452882
  0
POINT
  8
3
 10
1703.553462
 20
1176.435558
  0
POINT
  8
3
 10
1693.451187
 20
1176.418221
  0
POINT
  8
3
 10
1683.157131
 20
1176.400280
  0
POINT
  8
3
 10
1672.863047
 20
1176.382054
  0
POINT
  8
3
 10
1662.601755
 20
1176.363581
  0
POINT
  8
3
 10
1652.307659
 20
1176.344724
  0
POINT
  8
3
 10
1642.013560
 20
1176.325534
  0
POINT
  8
3
 10
1631.838014
 20
1176.306233
  0
POINT
  8
3
 10
1621.708895
 20
1176.286732
  0
POLYLINE
  8
8
  66
1
  70
0
  0
VERTEX
  8
8
  10
1614.701996
  20
1191.273041
  0
VERTEX
  8
8
  10
1754.702148
  20
1191.516953
  0
SEQEND
  8
8
  0
POINT
  8
2
 10
1614.701996
 20
1191.273041
  0
TEXT
  8
2
 10
1614.701996
 20
1191.273041
 40
0.000000
 50
0.000000
  1
# 950
  0
POINT
  8
2
 10
1754.702148
 20
1191.516953
  0
TEXT
  8
2
 10
1754.702148
 20
1191.516953
 40
0.000000
 50
0.000000
  1
# 951
 0
LINE
 8
7
 10
1635.485687
 20
1187.218170
 11
1729.821625
 21
1187.218170
  0
TEXT
  8
1
 10
1684.667358
 20
1191.394768
 40
10.000000
 50
0.000000
  1
Piece Name: 26SMC-WP130M 展_后袋牙_175/84
  0
TEXT
  8
1
 10
1684.667358
 20
1206.394768
 40
10.000000
 50
0.000000
  1
Size: 175/84
  0
TEXT
  8
1
 10
1684.667358
 20
1221.394768
 40
10.000000
 50
0.000000
  1
Annotation: 
  0
TEXT
  8
1
 10
1684.667358
 20
1236.394768
 40
10.000000
 50
0.000000
  1
Quantity: 1,1
  0
TEXT
  8
1
 10
1684.667358
 20
1251.394768
 40
10.000000
 50
0.000000
  1
Material: 衬
  0
TEXT
  8
1
 10
1684.667358
 20
1251.394768
 40
10.000000
 50
0.000000
  1
Category: 43
0
ENDBLK
  0
ENDSEC
  0
SECTION
  2
ENTITIES
  0
INSERT
  8
1
  2
26SMC-WP130M 展_后片上_175/84
  10
2061.801719
  20
750.357496
  0
INSERT
  8
1
  2
26SMC-WP130M 展_腰_175/84
  10
3111.542740
  20
1254.141418
  0
INSERT
  8
1
  2
26SMC-WP130M 展_左前片_175/84
  10
3103.061668
  20
751.397455
  0
INSERT
  8
1
  2
26SMC-WP130M 展_右前片_175/84
  10
2782.008660
  20
784.159226
  0
INSERT
  8
1
  2
26SMC-WP130M 展_后袋布小_175/84
  10
1322.765729
  20
758.644977
  0
INSERT
  8
1
  2
26SMC-WP130M 展_后袋布大_175/84
  10
1695.525721
  20
708.980347
  0
INSERT
  8
1
  2
26SMC-WP130M 展_后下_175/84
  10
2066.478882
  20
0.103300
  0
INSERT
  8
1
  2
26SMC-WP130M 展_后中拼_175/84
  10
2066.509301
  20
295.019454
  0
INSERT
  8
1
  2
26SMC-WP130M 展_前中拼_175/84
  10
3123.221722
  20
319.728966
  0
INSERT
  8
1
  2
26SMC-WP130M 展_前中拼_175/84
  10
4365.162828
  20
248.612044
  0
INSERT
  8
1
  2
26SMC-WP130M 展_前袋垫_175/84
  10
3359.501769
  20
1026.815417
  0
INSERT
  8
1
  2
26SMC-WP130M 展_后机头_175/84
  10
2009.153030
  20
1003.183052
  0
INSERT
  8
1
  2
26SMC-WP130M 展_腿袋_175/84
  10
3605.939941
  20
368.800271
  0
INSERT
  8
1
  2
26SMC-WP130M 展_耳仔_175/84
  10
2938.782425
  20
1692.562408
  0
INSERT
  8
1
  2
26SMC-WP130M 展_单刀_175/84
  10
89.237661
  20
701.976780
  0
INSERT
  8
1
  2
26SMC-WP130M 展_双刀_175/84
  10
243.006177
  20
667.434448
  0
INSERT
  8
1
  2
26SMC-WP130M 展_单刀_175/84
  10
3708.489806
  20
-465.147473
  0
INSERT
  8
1
  2
26SMC-WP130M 展_双刀_175/84
  10
3554.786671
  20
-502.041372
  0
INSERT
  8
1
  2
26SMC-WP130M 展_耳仔_175/84
  10
2936.288223
  20
1532.546234
  0
INSERT
  8
1
  2
26SMC-WP130M 展_腿袋盖_175/84
  10
3577.771301
  20
766.195958
  0
INSERT
  8
1
  2
26SMC-WP130M 展_腿袋墙子_175/84
  10
3650.242615
  20
199.559193
  0
INSERT
  8
1
  2
26SMC-WP130M 展_腿袋_175/84
  10
4441.562500
  20
506.967194
  0
INSERT
  8
1
  2
26SMC-WP130M 展_腿袋贴布_175/84
  10
3576.906128
  20
643.489138
  0
INSERT
  8
1
  2
26SMC-WP130M 展_腿袋定_175/84
  10
4719.856582
  20
655.050442
  0
INSERT
  8
1
  2
26SMC-WP130M 展_腿袋贴布_175/84
  10
3861.884766
  20
435.561562
  0
INSERT
  8
1
  2
26SMC-WP130M 展_腿袋盖_175/84
  10
4436.660156
  20
697.959417
  0
INSERT
  8
1
  2
26SMC-WP130M 展_表袋_175/84
  10
3531.501694
  20
1017.010598
  0
INSERT
  8
1
  2
26SMC-WP130M 展_后袋盖_175/84
  10
1685.050278
  20
1025.340652
  0
INSERT
  8
1
  2
26SMC-WP130M 展_前下_175/84
  10
3117.335841
  20
9.083103
  0
INSERT
  8
1
  2
26SMC-WP130M 展_腿袋布_175/84
  10
3829.796767
  20
592.456481
  0
INSERT
  8
1
  2
26SMC-WP130M 展_腿袋开线_175/84
  10
3812.183132
  20
784.302330
  0
INSERT
  8
1
  2
26SMC-WP130M 展_前袋垫_175/84
  10
3815.202821
  20
1046.123508
  0
INSERT
  8
1
  2
26SMC-WP130M 展_腰_175/84
  10
3103.905106
  20
1368.465608
  0
INSERT
  8
1
  2
26SMC-WP130M 展_后袋盖_175/84
  10
89.538651
  20
1195.328369
  0
INSERT
  8
1
  2
26SMC-WP130M 展_腰_175/84
  10
369.876204
  20
1091.529419
  0
INSERT
  8
1
  2
26SMC-WP130M 展_腿袋盖_175/84
  10
374.219055
  20
1235.283025
  0
INSERT
  8
1
  2
26SMC-WP130M 展_扣袢_175/84
  10
3859.162598
  20
1434.847488
  0
INSERT
  8
1
  2
26SMC-WP130M 展_表袋_175/84
  10
3968.673325
  20
1021.283287
  0
INSERT
  8
1
  2
26SMC-WP130M 展_前袋口拼布_175/84
  10
4198.015641
  20
1020.497756
  0
INSERT
  8
1
  2
26SMC-WP130M 展_腿袋贴布_175/84
  10
4999.372864
  20
663.521487
  0
INSERT
  8
1
  2
26SMC-WP130M 展_腿袋垫布_175/84
  10
4066.623230
  20
677.237930
  0
INSERT
  8
1
  2
26SMC-WP130M 展_后袋垫布_175/84
  10
1695.460233
  20
943.153945
  0
INSERT
  8
1
  2
26SMC-WP130M 展_后袋牙_175/84
  10
1686.093885
  20
1119.670957
  0
INSERT
  8
1
  2
26SMC-WP130M 展_后袋牙_175/84
  10
1684.684741
  20
1191.394971
  0
TEXT
  8
1
 10
2446.856995
 20
-556.459389
 40
10.000000
 50
0.000000
  1
STYLE NAME: 26SMC-WP130M 展
  0
TEXT
  8
1
 10
2446.856995
 20
-571.459389
 40
10.000000
 50
0.000000
  1
CREATION DATE: 2025/6/17/8/41
  0
TEXT
  8
1
 10
2446.856995
 20
-586.459389
 40
10.000000
 50
0.000000
  1
AUTHOR: BUYI-TECH
  0
TEXT
  8
1
 10
2446.856995
 20
-601.459389
 40
10.000000
 50
0.000000
  1
SAMPLE SIZE: 175/84
  0
TEXT
  8
1
 10
2446.856995
 20
-616.459389
 40
10.000000
 50
0.000000
  1
GRADE RULE TABLE: 26SMC-WP130M 展
  0
TEXT
  8
1
 10
2446.856995
 20
-631.459389
 40
10.000000
 50
0.000000
  1
UNITS: METRIC
  0
ENDSEC
  0
EOF
