999
ANSI/AAMA
  0
SECTION
  2
BLOCKS
0
BLOCK
  8
1
  2
26SMC-WP117M 展_后片_175/84
 70
0
 10
0.0
 20
0.0
  0
POLYLINE
  8
1
  66
1
  70
1
  0
VERTEX
  8
1
  10
-61735.410156
  20
-906.908951
  0
VERTEX
  8
1
  10
-61735.405273
  20
-902.799301
  0
VERTEX
  8
1
  10
-61735.410156
  20
-892.631531
  0
VERTEX
  8
1
  10
-61735.419922
  20
-882.428894
  0
VERTEX
  8
1
  10
-61735.439453
  20
-871.908951
  0
VERTEX
  8
1
  10
-61735.439453
  20
-871.908951
  0
VERTEX
  8
1
  10
-61735.419922
  20
-861.389008
  0
VERTEX
  8
1
  10
-61735.410156
  20
-851.186371
  0
VERTEX
  8
1
  10
-61735.405273
  20
-841.018600
  0
VERTEX
  8
1
  10
-61735.415039
  20
-830.772400
  0
VERTEX
  8
1
  10
-61735.434570
  20
-820.714111
  0
VERTEX
  8
1
  10
-61735.463867
  20
-810.655289
  0
VERTEX
  8
1
  10
-61735.507813
  20
-800.474167
  0
VERTEX
  8
1
  10
-61735.561523
  20
-790.415039
  0
VERTEX
  8
1
  10
-61735.625000
  20
-780.356216
  0
VERTEX
  8
1
  10
-61735.698242
  20
-769.994812
  0
VERTEX
  8
1
  10
-61735.786133
  20
-759.936905
  0
VERTEX
  8
1
  10
-61735.878906
  20
-749.879837
  0
VERTEX
  8
1
  10
-61735.996094
  20
-739.524765
  0
VERTEX
  8
1
  10
-61736.118164
  20
-729.469376
  0
VERTEX
  8
1
  10
-61736.254883
  20
-719.414902
  0
VERTEX
  8
1
  10
-61736.406250
  20
-709.361343
  0
VERTEX
  8
1
  10
-61736.572266
  20
-699.176025
  0
VERTEX
  8
1
  10
-61736.757813
  20
-689.124069
  0
VERTEX
  8
1
  10
-61736.958008
  20
-679.072876
  0
VERTEX
  8
1
  10
-61737.177734
  20
-668.845978
  0
VERTEX
  8
1
  10
-61737.412109
  20
-658.797684
  0
VERTEX
  8
1
  10
-61737.666016
  20
-648.751373
  0
VERTEX
  8
1
  10
-61737.841797
  20
-642.202454
  0
VERTEX
  8
1
  10
-61737.944336
  20
-638.498459
  0
VERTEX
  8
1
  10
-61738.242188
  20
-628.455086
  0
VERTEX
  8
1
  10
-61738.559570
  20
-618.412857
  0
VERTEX
  8
1
  10
-61738.911133
  20
-608.205566
  0
VERTEX
  8
1
  10
-61739.272461
  20
-598.166618
  0
VERTEX
  8
1
  10
-61739.663086
  20
-588.129997
  0
VERTEX
  8
1
  10
-61740.087891
  20
-577.930298
  0
VERTEX
  8
1
  10
-61740.532227
  20
-567.898674
  0
VERTEX
  8
1
  10
-61741.005859
  20
-557.869682
  0
VERTEX
  8
1
  10
-61741.508789
  20
-547.843513
  0
VERTEX
  8
1
  10
-61742.050781
  20
-537.655640
  0
VERTEX
  8
1
  10
-61742.617188
  20
-527.632828
  0
VERTEX
  8
1
  10
-61743.217773
  20
-517.611198
  0
VERTEX
  8
1
  10
-61743.852539
  20
-507.430992
  0
VERTEX
  8
1
  10
-61744.516602
  20
-497.419090
  0
VERTEX
  8
1
  10
-61745.214844
  20
-487.414970
  0
VERTEX
  8
1
  10
-61745.971680
  20
-477.216797
  0
VERTEX
  8
1
  10
-61746.757813
  20
-467.200356
  0
VERTEX
  8
1
  10
-61747.563477
  20
-457.292442
  0
VERTEX
  8
1
  10
-61748.398438
  20
-447.413940
  0
VERTEX
  8
1
  10
-61748.720703
  20
-443.662109
  0
VERTEX
  8
1
  10
-61748.720703
  20
-443.670845
  0
VERTEX
  8
1
  10
-61749.658203
  20
-433.377380
  0
VERTEX
  8
1
  10
-61750.600586
  20
-423.388901
  0
VERTEX
  8
1
  10
-61751.577148
  20
-413.390999
  0
VERTEX
  8
1
  10
-61752.612305
  20
-403.223305
  0
VERTEX
  8
1
  10
-61753.696289
  20
-393.043633
  0
VERTEX
  8
1
  10
-61754.824219
  20
-382.867432
  0
VERTEX
  8
1
  10
-61756.000977
  20
-372.650528
  0
VERTEX
  8
1
  10
-61757.216797
  20
-362.480965
  0
VERTEX
  8
1
  10
-61758.471680
  20
-352.314491
  0
VERTEX
  8
1
  10
-61759.736328
  20
-342.382965
  0
VERTEX
  8
1
  10
-61761.069336
  20
-332.227211
  0
VERTEX
  8
1
  10
-61762.441406
  20
-322.078018
  0
VERTEX
  8
1
  10
-61763.823242
  20
-312.160797
  0
VERTEX
  8
1
  10
-61765.273438
  20
-302.021294
  0
VERTEX
  8
1
  10
-61766.767578
  20
-291.885967
  0
VERTEX
  8
1
  10
-61768.261719
  20
-281.982231
  0
VERTEX
  8
1
  10
-61769.829102
  20
-271.858635
  0
VERTEX
  8
1
  10
-61771.435547
  20
-261.741943
  0
VERTEX
  8
1
  10
-61773.041992
  20
-251.877670
  0
VERTEX
  8
1
  10
-61774.721680
  20
-241.768818
  0
VERTEX
  8
1
  10
-61776.440430
  20
-231.662445
  0
VERTEX
  8
1
  10
-61778.144531
  20
-221.785736
  0
VERTEX
  8
1
  10
-61779.916992
  20
-211.683884
  0
VERTEX
  8
1
  10
-61781.713867
  20
-201.583843
  0
VERTEX
  8
1
  10
-61783.520508
  20
-191.561966
  0
VERTEX
  8
1
  10
-61785.361328
  20
-181.460609
  0
VERTEX
  8
1
  10
-61787.211914
  20
-171.356792
  0
VERTEX
  8
1
  10
-61789.028320
  20
-161.481514
  0
VERTEX
  8
1
  10
-61790.898438
  20
-151.375084
  0
VERTEX
  8
1
  10
-61792.768555
  20
-141.267557
  0
VERTEX
  8
1
  10
-61794.594727
  20
-131.389122
  0
VERTEX
  8
1
  10
-61796.464844
  20
-121.269817
  0
VERTEX
  8
1
  10
-61798.271484
  20
-111.436777
  0
VERTEX
  8
1
  10
-61800.141602
  20
-101.146765
  0
VERTEX
  8
1
  10
-61801.782227
  20
-92.065039
  0
VERTEX
  8
1
  10
-61803.652344
  20
-81.803370
  0
VERTEX
  8
1
  10
-61805.463867
  20
-71.740289
  0
VERTEX
  8
1
  10
-61807.226563
  20
-61.833816
  0
VERTEX
  8
1
  10
-61808.979492
  20
-51.766114
  0
VERTEX
  8
1
  10
-61810.708008
  20
-41.663895
  0
VERTEX
  8
1
  10
-61812.402344
  20
-31.556790
  0
VERTEX
  8
1
  10
-61814.072266
  20
-21.388614
  0
VERTEX
  8
1
  10
-61815.698242
  20
-11.275073
  0
VERTEX
  8
1
  10
-61817.299805
  20
-1.159160
  0
VERTEX
  8
1
  10
-61818.872070
  20
8.935454
  0
VERTEX
  8
1
  10
-61820.419922
  20
19.057621
  0
VERTEX
  8
1
  10
-61821.943359
  20
29.182858
  0
VERTEX
  8
1
  10
-61823.452148
  20
39.369507
  0
VERTEX
  8
1
  10
-61824.931641
  20
49.500279
  0
VERTEX
  8
1
  10
-61826.386719
  20
59.633727
  0
VERTEX
  8
1
  10
-61827.832031
  20
69.884367
  0
VERTEX
  8
1
  10
-61829.243164
  20
80.021553
  0
VERTEX
  8
1
  10
-61830.634766
  20
90.159969
  0
VERTEX
  8
1
  10
-61831.997070
  20
100.201330
  0
VERTEX
  8
1
  10
-61833.349609
  20
110.349998
  0
VERTEX
  8
1
  10
-61834.677734
  20
120.505791
  0
VERTEX
  8
1
  10
-61835.981445
  20
130.693455
  0
VERTEX
  8
1
  10
-61837.260742
  20
140.858202
  0
VERTEX
  8
1
  10
-61838.510742
  20
150.957832
  0
VERTEX
  8
1
  10
-61839.663086
  20
160.376568
  0
VERTEX
  8
1
  10
-61840.732422
  20
169.076557
  0
VERTEX
  8
1
  10
-61832.202148
  20
171.656132
  0
VERTEX
  8
1
  10
-61822.758789
  20
174.495468
  0
VERTEX
  8
1
  10
-61813.105469
  20
177.454796
  0
VERTEX
  8
1
  10
-61803.349609
  20
180.516949
  0
VERTEX
  8
1
  10
-61794.228516
  20
183.464336
  0
VERTEX
  8
1
  10
-61784.516602
  20
186.690273
  0
VERTEX
  8
1
  10
-61774.819336
  20
189.991722
  0
VERTEX
  8
1
  10
-61765.190430
  20
193.340664
  0
VERTEX
  8
1
  10
-61755.556641
  20
196.775532
  0
VERTEX
  8
1
  10
-61746.904297
  20
199.943924
  0
VERTEX
  8
1
  10
-61738.847656
  20
202.977810
  0
VERTEX
  8
1
  10
-61730.942383
  20
206.044006
  0
VERTEX
  8
1
  10
-61721.918945
  20
209.637241
  0
VERTEX
  8
1
  10
-61712.978516
  20
213.275585
  0
VERTEX
  8
1
  10
-61712.958984
  20
213.284092
  0
VERTEX
  8
1
  10
-61703.583984
  20
217.144718
  0
VERTEX
  8
1
  10
-61698.295898
  20
219.333706
  0
VERTEX
  8
1
  10
-61692.568359
  20
219.582729
  0
VERTEX
  8
1
  10
-61682.607422
  20
220.030212
  0
VERTEX
  8
1
  10
-61682.500000
  20
220.035191
  0
VERTEX
  8
1
  10
-61672.187500
  20
220.728035
  0
VERTEX
  8
1
  10
-61661.845703
  20
221.444836
  0
VERTEX
  8
1
  10
-61651.489258
  20
222.184067
  0
VERTEX
  8
1
  10
-61641.440430
  20
222.926636
  0
VERTEX
  8
1
  10
-61631.469727
  20
223.695679
  0
VERTEX
  8
1
  10
-61621.347656
  20
224.519711
  0
VERTEX
  8
1
  10
-61611.240234
  20
225.397530
  0
VERTEX
  8
1
  10
-61601.147461
  20
226.340218
  0
VERTEX
  8
1
  10
-61591.079102
  20
227.358761
  0
VERTEX
  8
1
  10
-61581.508789
  20
228.409405
  0
VERTEX
  8
1
  10
-61572.436523
  20
229.489098
  0
VERTEX
  8
1
  10
-61565.156250
  20
230.406475
  0
VERTEX
  8
1
  10
-61556.777344
  20
231.442223
  0
VERTEX
  8
1
  10
-61554.624023
  20
222.354107
  0
VERTEX
  8
1
  10
-61552.280273
  20
212.497368
  0
VERTEX
  8
1
  10
-61549.916992
  20
202.534065
  0
VERTEX
  8
1
  10
-61547.563477
  20
192.584267
  0
VERTEX
  8
1
  10
-61545.195313
  20
182.578812
  0
VERTEX
  8
1
  10
-61542.788086
  20
172.359524
  0
VERTEX
  8
1
  10
-61540.493164
  20
162.601547
  0
VERTEX
  8
1
  10
-61538.203125
  20
152.839899
  0
VERTEX
  8
1
  10
-61535.927734
  20
143.074112
  0
VERTEX
  8
1
  10
-61533.608398
  20
133.073778
  0
VERTEX
  8
1
  10
-61531.352539
  20
123.300133
  0
VERTEX
  8
1
  10
-61529.111328
  20
113.523436
  0
VERTEX
  8
1
  10
-61526.879883
  20
103.744106
  0
VERTEX
  8
1
  10
-61524.614258
  20
93.731718
  0
VERTEX
  8
1
  10
-61522.416992
  20
83.943558
  0
VERTEX
  8
1
  10
-61520.239258
  20
74.146600
  0
VERTEX
  8
1
  10
-61518.081055
  20
64.337978
  0
VERTEX
  8
1
  10
-61515.888672
  20
54.284711
  0
VERTEX
  8
1
  10
-61513.774414
  20
44.458599
  0
VERTEX
  8
1
  10
-61511.684570
  20
34.638195
  0
VERTEX
  8
1
  10
-61509.614258
  20
24.833517
  0
VERTEX
  8
1
  10
-61507.524414
  20
14.864722
  0
VERTEX
  8
1
  10
-61506.035156
  20
8.035091
  0
VERTEX
  8
1
  10
-61504.775391
  20
2.652156
  0
VERTEX
  8
1
  10
-61503.657227
  20
-1.779013
  0
VERTEX
  8
1
  10
-61502.578125
  20
-5.725272
  0
VERTEX
  8
1
  10
-61501.416016
  20
-9.633008
  0
VERTEX
  8
1
  10
-61500.302734
  20
-13.075361
  0
VERTEX
  8
1
  10
-61499.106445
  20
-16.489806
  0
VERTEX
  8
1
  10
-61497.919922
  20
-19.617246
  0
VERTEX
  8
1
  10
-61496.718750
  20
-22.538269
  0
VERTEX
  8
1
  10
-61495.444336
  20
-25.404270
  0
VERTEX
  8
1
  10
-61494.287109
  20
-27.805560
  0
VERTEX
  8
1
  10
-61493.081055
  20
-30.145864
  0
VERTEX
  8
1
  10
-61491.811523
  20
-32.415891
  0
VERTEX
  8
1
  10
-61490.493164
  20
-34.606657
  0
VERTEX
  8
1
  10
-61489.111328
  20
-36.709566
  0
VERTEX
  8
1
  10
-61487.680664
  20
-38.716483
  0
VERTEX
  8
1
  10
-61486.440430
  20
-40.310206
  0
VERTEX
  8
1
  10
-61485.170898
  20
-41.828241
  0
VERTEX
  8
1
  10
-61483.857422
  20
-43.267140
  0
VERTEX
  8
1
  10
-61482.509766
  20
-44.624019
  0
VERTEX
  8
1
  10
-61481.127930
  20
-45.896549
  0
VERTEX
  8
1
  10
-61479.897461
  20
-46.930413
  0
VERTEX
  8
1
  10
-61478.125000
  20
-48.275585
  0
VERTEX
  8
1
  10
-61476.557617
  20
-49.337487
  0
VERTEX
  8
1
  10
-61474.921875
  20
-50.348172
  0
VERTEX
  8
1
  10
-61473.212891
  20
-51.309528
  0
VERTEX
  8
1
  10
-61471.430664
  20
-52.223244
  0
VERTEX
  8
1
  10
-61469.204102
  20
-53.259091
  0
VERTEX
  8
1
  10
-61466.884766
  20
-54.231606
  0
VERTEX
  8
1
  10
-61464.477539
  20
-55.144048
  0
VERTEX
  8
1
  10
-61461.997070
  20
-56.000085
  0
VERTEX
  8
1
  10
-61459.013672
  20
-56.933098
  0
VERTEX
  8
1
  10
-61455.947266
  20
-57.802434
  0
VERTEX
  8
1
  10
-61452.363281
  20
-58.728657
  0
VERTEX
  8
1
  10
-61448.242188
  20
-59.701204
  0
VERTEX
  8
1
  10
-61443.041992
  20
-60.836906
  0
VERTEX
  8
1
  10
-61437.070313
  20
-62.052369
  0
VERTEX
  8
1
  10
-61430.849609
  20
-63.231053
  0
VERTEX
  8
1
  10
-61424.199219
  20
-64.404569
  0
VERTEX
  8
1
  10
-61417.563477
  20
-65.493035
  0
VERTEX
  8
1
  10
-61410.878906
  20
-66.508965
  0
VERTEX
  8
1
  10
-61403.886719
  20
-67.504516
  0
VERTEX
  8
1
  10
-61393.193359
  20
-69.060965
  0
VERTEX
  8
1
  10
-61397.617188
  20
-80.271635
  0
VERTEX
  8
1
  10
-61401.625977
  20
-90.377007
  0
VERTEX
  8
1
  10
-61405.361328
  20
-99.951048
  0
VERTEX
  8
1
  10
-61406.899414
  20
-103.971329
  0
VERTEX
  8
1
  10
-61408.833008
  20
-109.042902
  0
VERTEX
  8
1
  10
-61412.143555
  20
-117.949820
  0
VERTEX
  8
1
  10
-61415.493164
  20
-127.213354
  0
VERTEX
  8
1
  10
-61418.833008
  20
-136.684084
  0
VERTEX
  8
1
  10
-61422.158203
  20
-146.330366
  0
VERTEX
  8
1
  10
-61425.410156
  20
-155.996199
  0
VERTEX
  8
1
  10
-61428.579102
  20
-165.682697
  0
VERTEX
  8
1
  10
-61431.533203
  20
-174.957771
  0
VERTEX
  8
1
  10
-61434.335938
  20
-184.039688
  0
VERTEX
  8
1
  10
-61437.065430
  20
-193.142719
  0
VERTEX
  8
1
  10
-61439.624023
  20
-201.980057
  0
VERTEX
  8
1
  10
-61442.001953
  20
-210.467777
  0
VERTEX
  8
1
  10
-61444.213867
  20
-218.643723
  0
VERTEX
  8
1
  10
-61446.337891
  20
-226.834583
  0
VERTEX
  8
1
  10
-61448.305664
  20
-234.734879
  0
VERTEX
  8
1
  10
-61450.180664
  20
-242.633457
  0
VERTEX
  8
1
  10
-61451.982422
  20
-250.553417
  0
VERTEX
  8
1
  10
-61453.774414
  20
-258.824730
  0
VERTEX
  8
1
  10
-61455.312500
  20
-266.283283
  0
VERTEX
  8
1
  10
-61455.488281
  20
-267.116337
  0
VERTEX
  8
1
  10
-61457.177734
  20
-275.733566
  0
VERTEX
  8
1
  10
-61458.793945
  20
-284.396000
  0
VERTEX
  8
1
  10
-61460.332031
  20
-293.076458
  0
VERTEX
  8
1
  10
-61461.845703
  20
-302.108479
  0
VERTEX
  8
1
  10
-61463.281250
  20
-311.179543
  0
VERTEX
  8
1
  10
-61464.692383
  20
-320.579605
  0
VERTEX
  8
1
  10
-61466.069336
  20
-330.331497
  0
VERTEX
  8
1
  10
-61467.392578
  20
-340.320282
  0
VERTEX
  8
1
  10
-61468.652344
  20
-350.438652
  0
VERTEX
  8
1
  10
-61469.833984
  20
-360.570221
  0
VERTEX
  8
1
  10
-61470.917969
  20
-370.487823
  0
VERTEX
  8
1
  10
-61471.958008
  20
-380.643425
  0
VERTEX
  8
1
  10
-61472.929688
  20
-390.811348
  0
VERTEX
  8
1
  10
-61473.847656
  20
-400.990677
  0
VERTEX
  8
1
  10
-61474.711914
  20
-411.241417
  0
VERTEX
  8
1
  10
-61475.517578
  20
-421.426201
  0
VERTEX
  8
1
  10
-61476.259766
  20
-431.609993
  0
VERTEX
  8
1
  10
-61476.914063
  20
-441.482735
  0
VERTEX
  8
1
  10
-61477.036133
  20
-443.419113
  0
VERTEX
  8
1
  10
-61477.036133
  20
-443.416252
  0
VERTEX
  8
1
  10
-61477.695313
  20
-453.918457
  0
VERTEX
  8
1
  10
-61478.310547
  20
-464.106331
  0
VERTEX
  8
1
  10
-61478.891602
  20
-474.244690
  0
VERTEX
  8
1
  10
-61479.423828
  20
-484.260635
  0
VERTEX
  8
1
  10
-61479.916992
  20
-494.284706
  0
VERTEX
  8
1
  10
-61480.380859
  20
-504.316063
  0
VERTEX
  8
1
  10
-61480.825195
  20
-514.644127
  0
VERTEX
  8
1
  10
-61481.235352
  20
-524.684486
  0
VERTEX
  8
1
  10
-61481.621094
  20
-534.727287
  0
VERTEX
  8
1
  10
-61481.987305
  20
-544.779358
  0
VERTEX
  8
1
  10
-61482.333984
  20
-554.827156
  0
VERTEX
  8
1
  10
-61482.666016
  20
-564.877548
  0
VERTEX
  8
1
  10
-61482.978516
  20
-574.936295
  0
VERTEX
  8
1
  10
-61483.281250
  20
-584.989815
  0
VERTEX
  8
1
  10
-61483.564453
  20
-595.043182
  0
VERTEX
  8
1
  10
-61483.837891
  20
-605.096359
  0
VERTEX
  8
1
  10
-61484.096680
  20
-615.373459
  0
VERTEX
  8
1
  10
-61484.340820
  20
-625.428581
  0
VERTEX
  8
1
  10
-61484.565430
  20
-635.485001
  0
VERTEX
  8
1
  10
-61484.780273
  20
-645.554733
  0
VERTEX
  8
1
  10
-61484.980469
  20
-655.612335
  0
VERTEX
  8
1
  10
-61485.170898
  20
-665.670090
  0
VERTEX
  8
1
  10
-61485.351563
  20
-675.742569
  0
VERTEX
  8
1
  10
-61485.512695
  20
-685.800629
  0
VERTEX
  8
1
  10
-61485.664063
  20
-695.858917
  0
VERTEX
  8
1
  10
-61485.805664
  20
-705.933609
  0
VERTEX
  8
1
  10
-61485.932617
  20
-715.992661
  0
VERTEX
  8
1
  10
-61486.044922
  20
-726.052475
  0
VERTEX
  8
1
  10
-61486.152344
  20
-736.129227
  0
VERTEX
  8
1
  10
-61486.245117
  20
-746.190491
  0
VERTEX
  8
1
  10
-61486.328125
  20
-756.252594
  0
VERTEX
  8
1
  10
-61486.401367
  20
-766.315460
  0
VERTEX
  8
1
  10
-61486.464844
  20
-776.346664
  0
VERTEX
  8
1
  10
-61486.523438
  20
-786.410980
  0
VERTEX
  8
1
  10
-61486.572266
  20
-796.476059
  0
VERTEX
  8
1
  10
-61486.616211
  20
-806.785202
  0
VERTEX
  8
1
  10
-61486.650391
  20
-816.849899
  0
VERTEX
  8
1
  10
-61486.679688
  20
-826.913834
  0
VERTEX
  8
1
  10
-61486.699219
  20
-837.091980
  0
VERTEX
  8
1
  10
-61486.713867
  20
-847.204208
  0
VERTEX
  8
1
  10
-61486.718750
  20
-857.275696
  0
VERTEX
  8
1
  10
-61486.718750
  20
-867.338028
  0
VERTEX
  8
1
  10
-61486.718750
  20
-871.908951
  0
VERTEX
  8
1
  10
-61486.718750
  20
-871.908951
  0
VERTEX
  8
1
  10
-61486.718750
  20
-876.479874
  0
VERTEX
  8
1
  10
-61486.718750
  20
-886.542206
  0
VERTEX
  8
1
  10
-61486.713867
  20
-896.613693
  0
VERTEX
  8
1
  10
-61486.699219
  20
-906.725922
  0
VERTEX
  8
1
  10
-61486.699219
  20
-906.908951
  0
VERTEX
  8
1
  10
-61507.255859
  20
-906.908951
  0
VERTEX
  8
1
  10
-61517.641602
  20
-906.908951
  0
VERTEX
  8
1
  10
-61527.807617
  20
-906.908951
  0
VERTEX
  8
1
  10
-61538.154297
  20
-906.908951
  0
VERTEX
  8
1
  10
-61548.364258
  20
-906.908951
  0
VERTEX
  8
1
  10
-61558.569336
  20
-906.908951
  0
VERTEX
  8
1
  10
-61568.793945
  20
-906.908951
  0
VERTEX
  8
1
  10
-61579.003906
  20
-906.908951
  0
VERTEX
  8
1
  10
-61589.208984
  20
-906.908951
  0
VERTEX
  8
1
  10
-61599.414063
  20
-906.908951
  0
VERTEX
  8
1
  10
-61609.677734
  20
-906.908951
  0
VERTEX
  8
1
  10
-61619.882813
  20
-906.908951
  0
VERTEX
  8
1
  10
-61630.092773
  20
-906.908951
  0
VERTEX
  8
1
  10
-61640.297852
  20
-906.908951
  0
VERTEX
  8
1
  10
-61650.488281
  20
-906.908951
  0
VERTEX
  8
1
  10
-61660.698242
  20
-906.908951
  0
VERTEX
  8
1
  10
-61670.903320
  20
-906.908951
  0
VERTEX
  8
1
  10
-61681.206055
  20
-906.908951
  0
VERTEX
  8
1
  10
-61691.411133
  20
-906.908951
  0
VERTEX
  8
1
  10
-61701.621094
  20
-906.908951
  0
VERTEX
  8
1
  10
-61711.689453
  20
-906.908951
  0
VERTEX
  8
1
  10
-61721.782227
  20
-906.908951
  0
SEQEND
  8
1
  0
POINT
  8
2
 10
-61735.410156
 20
-906.908951
  0
TEXT
  8
2
 10
-61735.410156
 20
-906.908951
 40
0.000000
 50
0.000000
  1
# 1
  0
POINT
  8
2
 10
-61735.439453
 20
-871.908951
  0
TEXT
  8
2
 10
-61735.439453
 20
-871.908951
 40
0.000000
 50
0.000000
  1
# 2
  0
POINT
  8
2
 10
-61748.720703
 20
-443.670845
  0
TEXT
  8
2
 10
-61748.720703
 20
-443.670845
 40
0.000000
 50
0.000000
  1
# 3
  0
POINT
  8
2
 10
-61801.782227
 20
-92.065039
  0
TEXT
  8
2
 10
-61801.782227
 20
-92.065039
 40
0.000000
 50
0.000000
  1
# 4
  0
POINT
  8
2
 10
-61840.732422
 20
169.076557
  0
TEXT
  8
2
 10
-61840.732422
 20
169.076557
 40
0.000000
 50
0.000000
  1
# 5
  0
POINT
  8
2
 10
-61712.978516
 20
213.275585
  0
TEXT
  8
2
 10
-61712.978516
 20
213.275585
 40
0.000000
 50
0.000000
  1
# 6
  0
POINT
  8
2
 10
-61698.295898
 20
219.333706
  0
TEXT
  8
2
 10
-61698.295898
 20
219.333706
 40
0.000000
 50
0.000000
  1
# 7
  0
POINT
  8
2
 10
-61682.500000
 20
220.035191
  0
TEXT
  8
2
 10
-61682.500000
 20
220.035191
 40
0.000000
 50
0.000000
  1
# 8
  0
POINT
  8
2
 10
-61556.777344
 20
231.442223
  0
TEXT
  8
2
 10
-61556.777344
 20
231.442223
 40
0.000000
 50
0.000000
  1
# 9
  0
POINT
  8
2
 10
-61393.193359
 20
-69.060965
  0
TEXT
  8
2
 10
-61393.193359
 20
-69.060965
 40
0.000000
 50
0.000000
  1
# 10
  0
POINT
  8
2
 10
-61477.036133
 20
-443.416252
  0
TEXT
  8
2
 10
-61477.036133
 20
-443.416252
 40
0.000000
 50
0.000000
  1
# 11
  0
POINT
  8
2
 10
-61486.718750
 20
-871.908951
  0
TEXT
  8
2
 10
-61486.718750
 20
-871.908951
 40
0.000000
 50
0.000000
  1
# 12
  0
POINT
  8
2
 10
-61486.699219
 20
-906.908951
  0
TEXT
  8
2
 10
-61486.699219
 20
-906.908951
 40
0.000000
 50
0.000000
  1
# 13
  0
POINT
  8
3
 10
-61735.405273
 20
-902.799301
  0
POINT
  8
3
 10
-61735.410156
 20
-892.631531
  0
POINT
  8
3
 10
-61735.419922
 20
-882.428894
  0
POINT
  8
3
 10
-61735.439453
 20
-871.908951
  0
POINT
  8
3
 10
-61735.419922
 20
-861.389008
  0
POINT
  8
3
 10
-61735.410156
 20
-851.186371
  0
POINT
  8
3
 10
-61735.405273
 20
-841.018600
  0
POINT
  8
3
 10
-61735.415039
 20
-830.772400
  0
POINT
  8
3
 10
-61735.434570
 20
-820.714111
  0
POINT
  8
3
 10
-61735.463867
 20
-810.655289
  0
POINT
  8
3
 10
-61735.507813
 20
-800.474167
  0
POINT
  8
3
 10
-61735.561523
 20
-790.415039
  0
POINT
  8
3
 10
-61735.625000
 20
-780.356216
  0
POINT
  8
3
 10
-61735.698242
 20
-769.994812
  0
POINT
  8
3
 10
-61735.786133
 20
-759.936905
  0
POINT
  8
3
 10
-61735.878906
 20
-749.879837
  0
POINT
  8
3
 10
-61735.996094
 20
-739.524765
  0
POINT
  8
3
 10
-61736.118164
 20
-729.469376
  0
POINT
  8
3
 10
-61736.254883
 20
-719.414902
  0
POINT
  8
3
 10
-61736.406250
 20
-709.361343
  0
POINT
  8
3
 10
-61736.572266
 20
-699.176025
  0
POINT
  8
3
 10
-61736.757813
 20
-689.124069
  0
POINT
  8
3
 10
-61736.958008
 20
-679.072876
  0
POINT
  8
3
 10
-61737.177734
 20
-668.845978
  0
POINT
  8
3
 10
-61737.412109
 20
-658.797684
  0
POINT
  8
3
 10
-61737.666016
 20
-648.751373
  0
POINT
  8
3
 10
-61737.841797
 20
-642.202454
  0
POINT
  8
3
 10
-61737.944336
 20
-638.498459
  0
POINT
  8
3
 10
-61738.242188
 20
-628.455086
  0
POINT
  8
3
 10
-61738.559570
 20
-618.412857
  0
POINT
  8
3
 10
-61738.911133
 20
-608.205566
  0
POINT
  8
3
 10
-61739.272461
 20
-598.166618
  0
POINT
  8
3
 10
-61739.663086
 20
-588.129997
  0
POINT
  8
3
 10
-61740.087891
 20
-577.930298
  0
POINT
  8
3
 10
-61740.532227
 20
-567.898674
  0
POINT
  8
3
 10
-61741.005859
 20
-557.869682
  0
POINT
  8
3
 10
-61741.508789
 20
-547.843513
  0
POINT
  8
3
 10
-61742.050781
 20
-537.655640
  0
POINT
  8
3
 10
-61742.617188
 20
-527.632828
  0
POINT
  8
3
 10
-61743.217773
 20
-517.611198
  0
POINT
  8
3
 10
-61743.852539
 20
-507.430992
  0
POINT
  8
3
 10
-61744.516602
 20
-497.419090
  0
POINT
  8
3
 10
-61745.214844
 20
-487.414970
  0
POINT
  8
3
 10
-61745.971680
 20
-477.216797
  0
POINT
  8
3
 10
-61746.757813
 20
-467.200356
  0
POINT
  8
3
 10
-61747.563477
 20
-457.292442
  0
POINT
  8
3
 10
-61748.398438
 20
-447.413940
  0
POINT
  8
3
 10
-61748.720703
 20
-443.662109
  0
POINT
  8
3
 10
-61749.658203
 20
-433.377380
  0
POINT
  8
3
 10
-61750.600586
 20
-423.388901
  0
POINT
  8
3
 10
-61751.577148
 20
-413.390999
  0
POINT
  8
3
 10
-61752.612305
 20
-403.223305
  0
POINT
  8
3
 10
-61753.696289
 20
-393.043633
  0
POINT
  8
3
 10
-61754.824219
 20
-382.867432
  0
POINT
  8
3
 10
-61756.000977
 20
-372.650528
  0
POINT
  8
3
 10
-61757.216797
 20
-362.480965
  0
POINT
  8
3
 10
-61758.471680
 20
-352.314491
  0
POINT
  8
3
 10
-61759.736328
 20
-342.382965
  0
POINT
  8
3
 10
-61761.069336
 20
-332.227211
  0
POINT
  8
3
 10
-61762.441406
 20
-322.078018
  0
POINT
  8
3
 10
-61763.823242
 20
-312.160797
  0
POINT
  8
3
 10
-61765.273438
 20
-302.021294
  0
POINT
  8
3
 10
-61766.767578
 20
-291.885967
  0
POINT
  8
3
 10
-61768.261719
 20
-281.982231
  0
POINT
  8
3
 10
-61769.829102
 20
-271.858635
  0
POINT
  8
3
 10
-61771.435547
 20
-261.741943
  0
POINT
  8
3
 10
-61773.041992
 20
-251.877670
  0
POINT
  8
3
 10
-61774.721680
 20
-241.768818
  0
POINT
  8
3
 10
-61776.440430
 20
-231.662445
  0
POINT
  8
3
 10
-61778.144531
 20
-221.785736
  0
POINT
  8
3
 10
-61779.916992
 20
-211.683884
  0
POINT
  8
3
 10
-61781.713867
 20
-201.583843
  0
POINT
  8
3
 10
-61783.520508
 20
-191.561966
  0
POINT
  8
3
 10
-61785.361328
 20
-181.460609
  0
POINT
  8
3
 10
-61787.211914
 20
-171.356792
  0
POINT
  8
3
 10
-61789.028320
 20
-161.481514
  0
POINT
  8
3
 10
-61790.898438
 20
-151.375084
  0
POINT
  8
3
 10
-61792.768555
 20
-141.267557
  0
POINT
  8
3
 10
-61794.594727
 20
-131.389122
  0
POINT
  8
3
 10
-61796.464844
 20
-121.269817
  0
POINT
  8
3
 10
-61798.271484
 20
-111.436777
  0
POINT
  8
3
 10
-61800.141602
 20
-101.146765
  0
POINT
  8
3
 10
-61803.652344
 20
-81.803370
  0
POINT
  8
3
 10
-61805.463867
 20
-71.740289
  0
POINT
  8
3
 10
-61807.226563
 20
-61.833816
  0
POINT
  8
3
 10
-61808.979492
 20
-51.766114
  0
POINT
  8
3
 10
-61810.708008
 20
-41.663895
  0
POINT
  8
3
 10
-61812.402344
 20
-31.556790
  0
POINT
  8
3
 10
-61814.072266
 20
-21.388614
  0
POINT
  8
3
 10
-61815.698242
 20
-11.275073
  0
POINT
  8
3
 10
-61817.299805
 20
-1.159160
  0
POINT
  8
3
 10
-61818.872070
 20
8.935454
  0
POINT
  8
3
 10
-61820.419922
 20
19.057621
  0
POINT
  8
3
 10
-61821.943359
 20
29.182858
  0
POINT
  8
3
 10
-61823.452148
 20
39.369507
  0
POINT
  8
3
 10
-61824.931641
 20
49.500279
  0
POINT
  8
3
 10
-61826.386719
 20
59.633727
  0
POINT
  8
3
 10
-61827.832031
 20
69.884367
  0
POINT
  8
3
 10
-61829.243164
 20
80.021553
  0
POINT
  8
3
 10
-61830.634766
 20
90.159969
  0
POINT
  8
3
 10
-61831.997070
 20
100.201330
  0
POINT
  8
3
 10
-61833.349609
 20
110.349998
  0
POINT
  8
3
 10
-61834.677734
 20
120.505791
  0
POINT
  8
3
 10
-61835.981445
 20
130.693455
  0
POINT
  8
3
 10
-61837.260742
 20
140.858202
  0
POINT
  8
3
 10
-61838.510742
 20
150.957832
  0
POINT
  8
3
 10
-61839.663086
 20
160.376568
  0
POINT
  8
3
 10
-61832.202148
 20
171.656132
  0
POINT
  8
3
 10
-61822.758789
 20
174.495468
  0
POINT
  8
3
 10
-61813.105469
 20
177.454796
  0
POINT
  8
3
 10
-61803.349609
 20
180.516949
  0
POINT
  8
3
 10
-61794.228516
 20
183.464336
  0
POINT
  8
3
 10
-61784.516602
 20
186.690273
  0
POINT
  8
3
 10
-61774.819336
 20
189.991722
  0
POINT
  8
3
 10
-61765.190430
 20
193.340664
  0
POINT
  8
3
 10
-61755.556641
 20
196.775532
  0
POINT
  8
3
 10
-61746.904297
 20
199.943924
  0
POINT
  8
3
 10
-61738.847656
 20
202.977810
  0
POINT
  8
3
 10
-61730.942383
 20
206.044006
  0
POINT
  8
3
 10
-61721.918945
 20
209.637241
  0
POINT
  8
3
 10
-61712.958984
 20
213.284092
  0
POINT
  8
3
 10
-61703.583984
 20
217.144718
  0
POINT
  8
3
 10
-61692.568359
 20
219.582729
  0
POINT
  8
3
 10
-61682.607422
 20
220.030212
  0
POINT
  8
3
 10
-61672.187500
 20
220.728035
  0
POINT
  8
3
 10
-61661.845703
 20
221.444836
  0
POINT
  8
3
 10
-61651.489258
 20
222.184067
  0
POINT
  8
3
 10
-61641.440430
 20
222.926636
  0
POINT
  8
3
 10
-61631.469727
 20
223.695679
  0
POINT
  8
3
 10
-61621.347656
 20
224.519711
  0
POINT
  8
3
 10
-61611.240234
 20
225.397530
  0
POINT
  8
3
 10
-61601.147461
 20
226.340218
  0
POINT
  8
3
 10
-61591.079102
 20
227.358761
  0
POINT
  8
3
 10
-61581.508789
 20
228.409405
  0
POINT
  8
3
 10
-61572.436523
 20
229.489098
  0
POINT
  8
3
 10
-61565.156250
 20
230.406475
  0
POINT
  8
3
 10
-61554.624023
 20
222.354107
  0
POINT
  8
3
 10
-61552.280273
 20
212.497368
  0
POINT
  8
3
 10
-61549.916992
 20
202.534065
  0
POINT
  8
3
 10
-61547.563477
 20
192.584267
  0
POINT
  8
3
 10
-61545.195313
 20
182.578812
  0
POINT
  8
3
 10
-61542.788086
 20
172.359524
  0
POINT
  8
3
 10
-61540.493164
 20
162.601547
  0
POINT
  8
3
 10
-61538.203125
 20
152.839899
  0
POINT
  8
3
 10
-61535.927734
 20
143.074112
  0
POINT
  8
3
 10
-61533.608398
 20
133.073778
  0
POINT
  8
3
 10
-61531.352539
 20
123.300133
  0
POINT
  8
3
 10
-61529.111328
 20
113.523436
  0
POINT
  8
3
 10
-61526.879883
 20
103.744106
  0
POINT
  8
3
 10
-61524.614258
 20
93.731718
  0
POINT
  8
3
 10
-61522.416992
 20
83.943558
  0
POINT
  8
3
 10
-61520.239258
 20
74.146600
  0
POINT
  8
3
 10
-61518.081055
 20
64.337978
  0
POINT
  8
3
 10
-61515.888672
 20
54.284711
  0
POINT
  8
3
 10
-61513.774414
 20
44.458599
  0
POINT
  8
3
 10
-61511.684570
 20
34.638195
  0
POINT
  8
3
 10
-61509.614258
 20
24.833517
  0
POINT
  8
3
 10
-61507.524414
 20
14.864722
  0
POINT
  8
3
 10
-61506.035156
 20
8.035091
  0
POINT
  8
3
 10
-61504.775391
 20
2.652156
  0
POINT
  8
3
 10
-61503.657227
 20
-1.779013
  0
POINT
  8
3
 10
-61502.578125
 20
-5.725272
  0
POINT
  8
3
 10
-61501.416016
 20
-9.633008
  0
POINT
  8
3
 10
-61500.302734
 20
-13.075361
  0
POINT
  8
3
 10
-61499.106445
 20
-16.489806
  0
POINT
  8
3
 10
-61497.919922
 20
-19.617246
  0
POINT
  8
3
 10
-61496.718750
 20
-22.538269
  0
POINT
  8
3
 10
-61495.444336
 20
-25.404270
  0
POINT
  8
3
 10
-61494.287109
 20
-27.805560
  0
POINT
  8
3
 10
-61493.081055
 20
-30.145864
  0
POINT
  8
3
 10
-61491.811523
 20
-32.415891
  0
POINT
  8
3
 10
-61490.493164
 20
-34.606657
  0
POINT
  8
3
 10
-61489.111328
 20
-36.709566
  0
POINT
  8
3
 10
-61487.680664
 20
-38.716483
  0
POINT
  8
3
 10
-61486.440430
 20
-40.310206
  0
POINT
  8
3
 10
-61485.170898
 20
-41.828241
  0
POINT
  8
3
 10
-61483.857422
 20
-43.267140
  0
POINT
  8
3
 10
-61482.509766
 20
-44.624019
  0
POINT
  8
3
 10
-61481.127930
 20
-45.896549
  0
POINT
  8
3
 10
-61479.897461
 20
-46.930413
  0
POINT
  8
3
 10
-61478.125000
 20
-48.275585
  0
POINT
  8
3
 10
-61476.557617
 20
-49.337487
  0
POINT
  8
3
 10
-61474.921875
 20
-50.348172
  0
POINT
  8
3
 10
-61473.212891
 20
-51.309528
  0
POINT
  8
3
 10
-61471.430664
 20
-52.223244
  0
POINT
  8
3
 10
-61469.204102
 20
-53.259091
  0
POINT
  8
3
 10
-61466.884766
 20
-54.231606
  0
POINT
  8
3
 10
-61464.477539
 20
-55.144048
  0
POINT
  8
3
 10
-61461.997070
 20
-56.000085
  0
POINT
  8
3
 10
-61459.013672
 20
-56.933098
  0
POINT
  8
3
 10
-61455.947266
 20
-57.802434
  0
POINT
  8
3
 10
-61452.363281
 20
-58.728657
  0
POINT
  8
3
 10
-61448.242188
 20
-59.701204
  0
POINT
  8
3
 10
-61443.041992
 20
-60.836906
  0
POINT
  8
3
 10
-61437.070313
 20
-62.052369
  0
POINT
  8
3
 10
-61430.849609
 20
-63.231053
  0
POINT
  8
3
 10
-61424.199219
 20
-64.404569
  0
POINT
  8
3
 10
-61417.563477
 20
-65.493035
  0
POINT
  8
3
 10
-61410.878906
 20
-66.508965
  0
POINT
  8
3
 10
-61403.886719
 20
-67.504516
  0
POINT
  8
3
 10
-61397.617188
 20
-80.271635
  0
POINT
  8
3
 10
-61401.625977
 20
-90.377007
  0
POINT
  8
3
 10
-61405.361328
 20
-99.951048
  0
POINT
  8
3
 10
-61406.899414
 20
-103.971329
  0
POINT
  8
3
 10
-61408.833008
 20
-109.042902
  0
POINT
  8
3
 10
-61412.143555
 20
-117.949820
  0
POINT
  8
3
 10
-61415.493164
 20
-127.213354
  0
POINT
  8
3
 10
-61418.833008
 20
-136.684084
  0
POINT
  8
3
 10
-61422.158203
 20
-146.330366
  0
POINT
  8
3
 10
-61425.410156
 20
-155.996199
  0
POINT
  8
3
 10
-61428.579102
 20
-165.682697
  0
POINT
  8
3
 10
-61431.533203
 20
-174.957771
  0
POINT
  8
3
 10
-61434.335938
 20
-184.039688
  0
POINT
  8
3
 10
-61437.065430
 20
-193.142719
  0
POINT
  8
3
 10
-61439.624023
 20
-201.980057
  0
POINT
  8
3
 10
-61442.001953
 20
-210.467777
  0
POINT
  8
3
 10
-61444.213867
 20
-218.643723
  0
POINT
  8
3
 10
-61446.337891
 20
-226.834583
  0
POINT
  8
3
 10
-61448.305664
 20
-234.734879
  0
POINT
  8
3
 10
-61450.180664
 20
-242.633457
  0
POINT
  8
3
 10
-61451.982422
 20
-250.553417
  0
POINT
  8
3
 10
-61453.774414
 20
-258.824730
  0
POINT
  8
3
 10
-61455.312500
 20
-266.283283
  0
POINT
  8
3
 10
-61455.488281
 20
-267.116337
  0
POINT
  8
3
 10
-61457.177734
 20
-275.733566
  0
POINT
  8
3
 10
-61458.793945
 20
-284.396000
  0
POINT
  8
3
 10
-61460.332031
 20
-293.076458
  0
POINT
  8
3
 10
-61461.845703
 20
-302.108479
  0
POINT
  8
3
 10
-61463.281250
 20
-311.179543
  0
POINT
  8
3
 10
-61464.692383
 20
-320.579605
  0
POINT
  8
3
 10
-61466.069336
 20
-330.331497
  0
POINT
  8
3
 10
-61467.392578
 20
-340.320282
  0
POINT
  8
3
 10
-61468.652344
 20
-350.438652
  0
POINT
  8
3
 10
-61469.833984
 20
-360.570221
  0
POINT
  8
3
 10
-61470.917969
 20
-370.487823
  0
POINT
  8
3
 10
-61471.958008
 20
-380.643425
  0
POINT
  8
3
 10
-61472.929688
 20
-390.811348
  0
POINT
  8
3
 10
-61473.847656
 20
-400.990677
  0
POINT
  8
3
 10
-61474.711914
 20
-411.241417
  0
POINT
  8
3
 10
-61475.517578
 20
-421.426201
  0
POINT
  8
3
 10
-61476.259766
 20
-431.609993
  0
POINT
  8
3
 10
-61476.914063
 20
-441.482735
  0
POINT
  8
3
 10
-61477.036133
 20
-443.419113
  0
POINT
  8
3
 10
-61477.695313
 20
-453.918457
  0
POINT
  8
3
 10
-61478.310547
 20
-464.106331
  0
POINT
  8
3
 10
-61478.891602
 20
-474.244690
  0
POINT
  8
3
 10
-61479.423828
 20
-484.260635
  0
POINT
  8
3
 10
-61479.916992
 20
-494.284706
  0
POINT
  8
3
 10
-61480.380859
 20
-504.316063
  0
POINT
  8
3
 10
-61480.825195
 20
-514.644127
  0
POINT
  8
3
 10
-61481.235352
 20
-524.684486
  0
POINT
  8
3
 10
-61481.621094
 20
-534.727287
  0
POINT
  8
3
 10
-61481.987305
 20
-544.779358
  0
POINT
  8
3
 10
-61482.333984
 20
-554.827156
  0
POINT
  8
3
 10
-61482.666016
 20
-564.877548
  0
POINT
  8
3
 10
-61482.978516
 20
-574.936295
  0
POINT
  8
3
 10
-61483.281250
 20
-584.989815
  0
POINT
  8
3
 10
-61483.564453
 20
-595.043182
  0
POINT
  8
3
 10
-61483.837891
 20
-605.096359
  0
POINT
  8
3
 10
-61484.096680
 20
-615.373459
  0
POINT
  8
3
 10
-61484.340820
 20
-625.428581
  0
POINT
  8
3
 10
-61484.565430
 20
-635.485001
  0
POINT
  8
3
 10
-61484.780273
 20
-645.554733
  0
POINT
  8
3
 10
-61484.980469
 20
-655.612335
  0
POINT
  8
3
 10
-61485.170898
 20
-665.670090
  0
POINT
  8
3
 10
-61485.351563
 20
-675.742569
  0
POINT
  8
3
 10
-61485.512695
 20
-685.800629
  0
POINT
  8
3
 10
-61485.664063
 20
-695.858917
  0
POINT
  8
3
 10
-61485.805664
 20
-705.933609
  0
POINT
  8
3
 10
-61485.932617
 20
-715.992661
  0
POINT
  8
3
 10
-61486.044922
 20
-726.052475
  0
POINT
  8
3
 10
-61486.152344
 20
-736.129227
  0
POINT
  8
3
 10
-61486.245117
 20
-746.190491
  0
POINT
  8
3
 10
-61486.328125
 20
-756.252594
  0
POINT
  8
3
 10
-61486.401367
 20
-766.315460
  0
POINT
  8
3
 10
-61486.464844
 20
-776.346664
  0
POINT
  8
3
 10
-61486.523438
 20
-786.410980
  0
POINT
  8
3
 10
-61486.572266
 20
-796.476059
  0
POINT
  8
3
 10
-61486.616211
 20
-806.785202
  0
POINT
  8
3
 10
-61486.650391
 20
-816.849899
  0
POINT
  8
3
 10
-61486.679688
 20
-826.913834
  0
POINT
  8
3
 10
-61486.699219
 20
-837.091980
  0
POINT
  8
3
 10
-61486.713867
 20
-847.204208
  0
POINT
  8
3
 10
-61486.718750
 20
-857.275696
  0
POINT
  8
3
 10
-61486.718750
 20
-867.338028
  0
POINT
  8
3
 10
-61486.718750
 20
-871.908951
  0
POINT
  8
3
 10
-61486.718750
 20
-876.479874
  0
POINT
  8
3
 10
-61486.718750
 20
-886.542206
  0
POINT
  8
3
 10
-61486.713867
 20
-896.613693
  0
POINT
  8
3
 10
-61486.699219
 20
-906.725922
  0
POINT
  8
3
 10
-61507.255859
 20
-906.908951
  0
POINT
  8
3
 10
-61517.641602
 20
-906.908951
  0
POINT
  8
3
 10
-61527.807617
 20
-906.908951
  0
POINT
  8
3
 10
-61538.154297
 20
-906.908951
  0
POINT
  8
3
 10
-61548.364258
 20
-906.908951
  0
POINT
  8
3
 10
-61558.569336
 20
-906.908951
  0
POINT
  8
3
 10
-61568.793945
 20
-906.908951
  0
POINT
  8
3
 10
-61579.003906
 20
-906.908951
  0
POINT
  8
3
 10
-61589.208984
 20
-906.908951
  0
POINT
  8
3
 10
-61599.414063
 20
-906.908951
  0
POINT
  8
3
 10
-61609.677734
 20
-906.908951
  0
POINT
  8
3
 10
-61619.882813
 20
-906.908951
  0
POINT
  8
3
 10
-61630.092773
 20
-906.908951
  0
POINT
  8
3
 10
-61640.297852
 20
-906.908951
  0
POINT
  8
3
 10
-61650.488281
 20
-906.908951
  0
POINT
  8
3
 10
-61660.698242
 20
-906.908951
  0
POINT
  8
3
 10
-61670.903320
 20
-906.908951
  0
POINT
  8
3
 10
-61681.206055
 20
-906.908951
  0
POINT
  8
3
 10
-61691.411133
 20
-906.908951
  0
POINT
  8
3
 10
-61701.621094
 20
-906.908951
  0
POINT
  8
3
 10
-61711.689453
 20
-906.908951
  0
POINT
  8
3
 10
-61721.782227
 20
-906.908951
  0
POINT
  8
4
 10
-61735.439453
 20
-871.908951
 30
1.000000
 50
  0.00
  0
TEXT
  8
4
 10
-61735.439453
 20
-871.908951
 40
0.000000
 50
0.000000
  1
# 14
  0
POINT
  8
4
 10
-61737.841797
 20
-642.202454
 30
1.000000
 50
  1.57
  0
TEXT
  8
4
 10
-61737.841797
 20
-642.202454
 40
0.000000
 50
0.000000
  1
# 15
  0
POINT
  8
4
 10
-61748.720703
 20
-443.662109
 30
1.000000
 50
  5.02
  0
TEXT
  8
4
 10
-61748.720703
 20
-443.662109
 40
0.000000
 50
0.000000
  1
# 16
  0
POINT
  8
4
 10
-61712.958984
 20
213.284092
 30
1.000000
 50
292.14
  0
TEXT
  8
4
 10
-61712.958984
 20
213.284092
 40
0.000000
 50
0.000000
  1
# 17
  0
POINT
  8
4
 10
-61682.607422
 20
220.030212
 30
1.000000
 50
273.84
  0
TEXT
  8
4
 10
-61682.607422
 20
220.030212
 40
0.000000
 50
0.000000
  1
# 18
  0
POINT
  8
4
 10
-61406.899414
 20
-103.971329
 30
1.000000
 50
159.11
  0
TEXT
  8
4
 10
-61406.899414
 20
-103.971329
 40
0.000000
 50
0.000000
  1
# 19
  0
POINT
  8
4
 10
-61455.312500
 20
-266.283283
 30
1.000000
 50
168.33
  0
TEXT
  8
4
 10
-61455.312500
 20
-266.283283
 40
0.000000
 50
0.000000
  1
# 20
  0
POINT
  8
4
 10
-61477.036133
 20
-443.419113
 30
1.000000
 50
176.37
  0
TEXT
  8
4
 10
-61477.036133
 20
-443.419113
 40
0.000000
 50
0.000000
  1
# 21
  0
POINT
  8
4
 10
-61486.718750
 20
-871.908951
 30
1.000000
 50
180.00
  0
TEXT
  8
4
 10
-61486.718750
 20
-871.908951
 40
0.000000
 50
0.000000
  1
# 22
  0
POLYLINE
  8
14
  66
1
  70
1
  0
VERTEX
  8
14
  10
-61725.439453
  20
-871.908951
  0
VERTEX
  8
14
  10
-61725.439453
  20
-871.908951
  0
VERTEX
  8
14
  10
-61725.419511
  20
-861.403983
  0
VERTEX
  8
14
  10
-61725.408072
  20
-851.193611
  0
VERTEX
  8
14
  10
-61725.405320
  20
-841.016240
  0
VERTEX
  8
14
  10
-61725.413926
  20
-830.758000
  0
VERTEX
  8
14
  10
-61725.434196
  20
-820.688393
  0
VERTEX
  8
14
  10
-61725.465581
  20
-810.618814
  0
VERTEX
  8
14
  10
-61725.508077
  20
-800.427244
  0
VERTEX
  8
14
  10
-61725.560503
  20
-790.357769
  0
VERTEX
  8
14
  10
-61725.623476
  20
-780.288366
  0
VERTEX
  8
14
  10
-61725.699571
  20
-769.915855
  0
VERTEX
  8
14
  10
-61725.784741
  20
-759.846597
  0
VERTEX
  8
14
  10
-61725.881720
  20
-749.777437
  0
VERTEX
  8
14
  10
-61725.994645
  20
-739.409239
  0
VERTEX
  8
14
  10
-61726.117723
  20
-729.340338
  0
VERTEX
  8
14
  10
-61726.254763
  20
-719.271636
  0
VERTEX
  8
14
  10
-61726.406509
  20
-709.203119
  0
VERTEX
  8
14
  10
-61726.575967
  20
-699.002041
  0
VERTEX
  8
14
  10
-61726.759219
  20
-688.934074
  0
VERTEX
  8
14
  10
-61726.958805
  20
-678.866420
  0
VERTEX
  8
14
  10
-61727.179202
  20
-668.622023
  0
VERTEX
  8
14
  10
-61727.413964
  20
-658.555130
  0
VERTEX
  8
14
  10
-61727.668223
  20
-648.488713
  0
VERTEX
  8
14
  10
-61727.846680
  20
-641.928940
  0
VERTEX
  8
14
  10
-61727.949361
  20
-638.213935
  0
VERTEX
  8
14
  10
-61728.246845
  20
-628.148669
  0
VERTEX
  8
14
  10
-61728.566596
  20
-618.084111
  0
VERTEX
  8
14
  10
-61728.914904
  20
-607.853656
  0
VERTEX
  8
14
  10
-61729.281241
  20
-597.790697
  0
VERTEX
  8
14
  10
-61729.672444
  20
-587.728708
  0
VERTEX
  8
14
  10
-61730.097025
  20
-577.501759
  0
VERTEX
  8
14
  10
-61730.542597
  20
-567.441997
  0
VERTEX
  8
14
  10
-61731.017169
  20
-557.383571
  0
VERTEX
  8
14
  10
-61731.522071
  20
-547.326606
  0
VERTEX
  8
14
  10
-61732.067432
  20
-537.106882
  0
VERTEX
  8
14
  10
-61732.635584
  20
-527.053222
  0
VERTEX
  8
14
  10
-61733.234527
  20
-517.001303
  0
VERTEX
  8
14
  10
-61733.874447
  20
-506.789420
  0
VERTEX
  8
14
  10
-61734.538175
  20
-496.741566
  0
VERTEX
  8
14
  10
-61735.240640
  20
-486.696455
  0
VERTEX
  8
14
  10
-61736.001849
  20
-476.453867
  0
VERTEX
  8
14
  10
-61736.789138
  20
-466.402868
  0
VERTEX
  8
14
  10
-61737.598640
  20
-456.466524
  0
VERTEX
  8
14
  10
-61738.433360
  20
-446.559853
  0
VERTEX
  8
14
  10
-61738.759766
  20
-442.786636
  0
VERTEX
  8
14
  10
-61738.759766
  20
-442.785568
  0
VERTEX
  8
14
  10
-61739.702802
  20
-432.453430
  0
VERTEX
  8
14
  10
-61740.646597
  20
-422.436035
  0
VERTEX
  8
14
  10
-61741.625160
  20
-412.400729
  0
VERTEX
  8
14
  10
-61742.665591
  20
-402.186961
  0
VERTEX
  8
14
  10
-61743.754264
  20
-391.962629
  0
VERTEX
  8
14
  10
-61744.888129
  20
-381.743206
  0
VERTEX
  8
14
  10
-61746.070818
  20
-371.484509
  0
VERTEX
  8
14
  10
-61747.290378
  20
-361.275052
  0
VERTEX
  8
14
  10
-61748.550039
  20
-351.070455
  0
VERTEX
  8
14
  10
-61749.818620
  20
-341.101972
  0
VERTEX
  8
14
  10
-61751.155684
  20
-330.907219
  0
VERTEX
  8
14
  10
-61752.533463
  20
-320.717858
  0
VERTEX
  8
14
  10
-61753.920611
  20
-310.761424
  0
VERTEX
  8
14
  10
-61755.379467
  20
-300.583274
  0
VERTEX
  8
14
  10
-61756.877322
  20
-290.410742
  0
VERTEX
  8
14
  10
-61758.378305
  20
-280.471014
  0
VERTEX
  8
14
  10
-61759.951430
  20
-270.309840
  0
VERTEX
  8
14
  10
-61761.563601
  20
-260.154777
  0
VERTEX
  8
14
  10
-61763.174099
  20
-250.254195
  0
VERTEX
  8
14
  10
-61764.861177
  20
-240.111281
  0
VERTEX
  8
14
  10
-61766.581635
  20
-229.974028
  0
VERTEX
  8
14
  10
-61768.292586
  20
-220.069948
  0
VERTEX
  8
14
  10
-61770.070034
  20
-209.942721
  0
VERTEX
  8
14
  10
-61771.872231
  20
-199.819906
  0
VERTEX
  8
14
  10
-61773.682005
  20
-189.779024
  0
VERTEX
  8
14
  10
-61775.523080
  20
-179.663187
  0
VERTEX
  8
14
  10
-61777.376648
  20
-169.549567
  0
VERTEX
  8
14
  10
-61779.195840
  20
-159.667927
  0
VERTEX
  8
14
  10
-61781.063169
  20
-149.556799
  0
VERTEX
  8
14
  10
-61782.934373
  20
-139.446416
  0
VERTEX
  8
14
  10
-61784.763571
  20
-129.569362
  0
VERTEX
  8
14
  10
-61786.631002
  20
-119.458323
  0
VERTEX
  8
14
  10
-61788.432510
  20
-109.639948
  0
VERTEX
  8
14
  10
-61790.301044
  20
-99.364286
  0
VERTEX
  8
14
  10
-61791.943359
  20
-90.271254
  0
VERTEX
  8
14
  10
-61793.812456
  20
-80.020414
  0
VERTEX
  8
14
  10
-61795.621181
  20
-69.978536
  0
VERTEX
  8
14
  10
-61797.376093
  20
-60.099189
  0
VERTEX
  8
14
  10
-61799.126025
  20
-50.064690
  0
VERTEX
  8
14
  10
-61800.847319
  20
-39.995262
  0
VERTEX
  8
14
  10
-61802.535341
  20
-29.920435
  0
VERTEX
  8
14
  10
-61804.200153
  20
-19.783401
  0
VERTEX
  8
14
  10
-61805.824995
  20
-9.698587
  0
VERTEX
  8
14
  10
-61807.421654
  20
0.390838
  0
VERTEX
  8
14
  10
-61808.988476
  20
10.460521
  0
VERTEX
  8
14
  10
-61810.533899
  20
20.558336
  0
VERTEX
  8
14
  10
-61812.054771
  20
30.659864
  0
VERTEX
  8
14
  10
-61813.560316
  20
40.823294
  0
VERTEX
  8
14
  10
-61815.033847
  20
50.931592
  0
VERTEX
  8
14
  10
-61816.484730
  20
61.043170
  0
VERTEX
  8
14
  10
-61817.929819
  20
71.272725
  0
VERTEX
  8
14
  10
-61819.338072
  20
81.390565
  0
VERTEX
  8
14
  10
-61820.727349
  20
91.511144
  0
VERTEX
  8
14
  10
-61822.084837
  20
101.533850
  0
VERTEX
  8
14
  10
-61823.434836
  20
111.659857
  0
VERTEX
  8
14
  10
-61824.759722
  20
121.789153
  0
VERTEX
  8
14
  10
-61826.061146
  20
131.951761
  0
VERTEX
  8
14
  10
-61827.337433
  20
142.096901
  0
VERTEX
  8
14
  10
-61828.587134
  20
152.179396
  0
VERTEX
  8
14
  10
-61829.780273
  20
161.948299
  0
VERTEX
  8
14
  10
-61819.858012
  20
164.926098
  0
VERTEX
  8
14
  10
-61810.145755
  20
167.902659
  0
VERTEX
  8
14
  10
-61800.314044
  20
170.988522
  0
VERTEX
  8
14
  10
-61791.114068
  20
173.961459
  0
VERTEX
  8
14
  10
-61781.326474
  20
177.212387
  0
VERTEX
  8
14
  10
-61771.562918
  20
180.536297
  0
VERTEX
  8
14
  10
-61761.873382
  20
183.907615
  0
VERTEX
  8
14
  10
-61752.157884
  20
187.370534
  0
VERTEX
  8
14
  10
-61743.422333
  20
190.569411
  0
VERTEX
  8
14
  10
-61735.278355
  20
193.636516
  0
VERTEX
  8
14
  10
-61727.281694
  20
196.737874
  0
VERTEX
  8
14
  10
-61718.183238
  20
200.361140
  0
VERTEX
  8
14
  10
-61709.189453
  20
204.021206
  0
VERTEX
  8
14
  10
-61709.189453
  20
204.021206
  0
VERTEX
  8
14
  10
-61699.765311
  20
207.903098
  0
VERTEX
  8
14
  10
-61696.098633
  20
209.419765
  0
VERTEX
  8
14
  10
-61692.129359
  20
209.592328
  0
VERTEX
  8
14
  10
-61681.938477
  20
210.050259
  0
VERTEX
  8
14
  10
-61681.938477
  20
210.050259
  0
VERTEX
  8
14
  10
-61671.506574
  20
210.751284
  0
VERTEX
  8
14
  10
-61661.143209
  20
211.469450
  0
VERTEX
  8
14
  10
-61650.767406
  20
212.210302
  0
VERTEX
  8
14
  10
-61640.690822
  20
212.954889
  0
VERTEX
  8
14
  10
-61630.680322
  20
213.726772
  0
VERTEX
  8
14
  10
-61620.509037
  20
214.554753
  0
VERTEX
  8
14
  10
-61610.342653
  20
215.437753
  0
VERTEX
  8
14
  10
-61600.183050
  20
216.387031
  0
VERTEX
  8
14
  10
-61590.032077
  20
217.413848
  0
VERTEX
  8
14
  10
-61580.374232
  20
218.474158
  0
VERTEX
  8
14
  10
-61571.209575
  20
219.564912
  0
VERTEX
  8
14
  10
-61564.443359
  20
220.427608
  0
VERTEX
  8
14
  10
-61562.011412
  20
210.188240
  0
VERTEX
  8
14
  10
-61559.649148
  20
200.227912
  0
VERTEX
  8
14
  10
-61557.293555
  20
190.281469
  0
VERTEX
  8
14
  10
-61554.929095
  20
180.280289
  0
VERTEX
  8
14
  10
-61552.520066
  20
170.066916
  0
VERTEX
  8
14
  10
-61550.227117
  20
160.316167
  0
VERTEX
  8
14
  10
-61547.942138
  20
150.563311
  0
VERTEX
  8
14
  10
-61545.666659
  20
140.807868
  0
VERTEX
  8
14
  10
-61543.348896
  20
130.819406
  0
VERTEX
  8
14
  10
-61541.096726
  20
121.058233
  0
VERTEX
  8
14
  10
-61538.857644
  20
111.294848
  0
VERTEX
  8
14
  10
-61536.632650
  20
101.529697
  0
VERTEX
  8
14
  10
-61534.371017
  20
91.533182
  0
VERTEX
  8
14
  10
-61532.178133
  20
81.762639
  0
VERTEX
  8
14
  10
-61530.003396
  20
71.985414
  0
VERTEX
  8
14
  10
-61527.848372
  20
62.198608
  0
VERTEX
  8
14
  10
-61525.664489
  20
52.168846
  0
VERTEX
  8
14
  10
-61523.553524
  20
42.364538
  0
VERTEX
  8
14
  10
-61521.465751
  20
32.564740
  0
VERTEX
  8
14
  10
-61519.402021
  20
22.779529
  0
VERTEX
  8
14
  10
-61517.305852
  20
12.788632
  0
VERTEX
  8
14
  10
-61515.790938
  20
5.837049
  0
VERTEX
  8
14
  10
-61514.494664
  20
0.289656
  0
VERTEX
  8
14
  10
-61513.329173
  20
-4.322696
  0
VERTEX
  8
14
  10
-61512.195734
  20
-8.464970
  0
VERTEX
  8
14
  10
-61510.966635
  20
-12.598317
  0
VERTEX
  8
14
  10
-61509.781645
  20
-16.264423
  0
VERTEX
  8
14
  10
-61508.498618
  20
-19.922641
  0
VERTEX
  8
14
  10
-61507.217038
  20
-23.294096
  0
VERTEX
  8
14
  10
-61505.912648
  20
-26.467711
  0
VERTEX
  8
14
  10
-61504.515328
  20
-29.608302
  0
VERTEX
  8
14
  10
-61503.240232
  20
-32.263110
  0
VERTEX
  8
14
  10
-61501.890683
  20
-34.874143
  0
VERTEX
  8
14
  10
-61500.463856
  20
-37.432349
  0
VERTEX
  8
14
  10
-61498.956897
  20
-39.928725
  0
VERTEX
  8
14
  10
-61497.366953
  20
-42.354269
  0
VERTEX
  8
14
  10
-61495.691200
  20
-44.699929
  0
VERTEX
  8
14
  10
-61494.227130
  20
-46.587128
  0
VERTEX
  8
14
  10
-61492.699830
  20
-48.407395
  0
VERTEX
  8
14
  10
-61491.107679
  20
-50.155482
  0
VERTEX
  8
14
  10
-61489.449017
  20
-51.826184
  0
VERTEX
  8
14
  10
-61487.722187
  20
-53.414293
  0
VERTEX
  8
14
  10
-61486.168189
  20
-54.720612
  0
VERTEX
  8
14
  10
-61483.931073
  20
-56.415688
  0
VERTEX
  8
14
  10
-61481.994020
  20
-57.732097
  0
VERTEX
  8
14
  10
-61479.995536
  20
-58.965748
  0
VERTEX
  8
14
  10
-61477.940114
  20
-60.120979
  0
VERTEX
  8
14
  10
-61475.832182
  20
-61.202163
  0
VERTEX
  8
14
  10
-61473.239675
  20
-62.407956
  0
VERTEX
  8
14
  10
-61470.585711
  20
-63.520911
  0
VERTEX
  8
14
  10
-61467.877998
  20
-64.548555
  0
VERTEX
  8
14
  10
-61465.124246
  20
-65.498417
  0
VERTEX
  8
14
  10
-61461.863592
  20
-66.518333
  0
VERTEX
  8
14
  10
-61458.563044
  20
-67.454565
  0
VERTEX
  8
14
  10
-61454.757795
  20
-68.437424
  0
VERTEX
  8
14
  10
-61450.456409
  20
-69.453388
  0
VERTEX
  8
14
  10
-61445.108153
  20
-70.621507
  0
VERTEX
  8
14
  10
-61438.995655
  20
-71.865117
  0
VERTEX
  8
14
  10
-61432.648598
  20
-73.067788
  0
VERTEX
  8
14
  10
-61425.875522
  20
-74.262900
  0
VERTEX
  8
14
  10
-61419.126805
  20
-75.370342
  0
VERTEX
  8
14
  10
-61412.318002
  20
-76.404791
  0
VERTEX
  8
14
  10
-61407.119141
  20
-77.128549
  0
VERTEX
  8
14
  10
-61410.930484
  20
-86.711256
  0
VERTEX
  8
14
  10
-61414.691405
  20
-96.347385
  0
VERTEX
  8
14
  10
-61416.250000
  20
-100.401564
  0
VERTEX
  8
14
  10
-61418.192261
  20
-105.519070
  0
VERTEX
  8
14
  10
-61421.531036
  20
-114.509534
  0
VERTEX
  8
14
  10
-61424.909036
  20
-123.850719
  0
VERTEX
  8
14
  10
-61428.274879
  20
-133.391165
  0
VERTEX
  8
14
  10
-61431.623872
  20
-143.105982
  0
VERTEX
  8
14
  10
-61434.899743
  20
-152.845472
  0
VERTEX
  8
14
  10
-61438.097222
  20
-162.610782
  0
VERTEX
  8
14
  10
-61441.074092
  20
-171.965564
  0
VERTEX
  8
14
  10
-61443.905092
  20
-181.128662
  0
VERTEX
  8
14
  10
-61446.656745
  20
-190.316137
  0
VERTEX
  8
14
  10
-61449.243410
  20
-199.238948
  0
VERTEX
  8
14
  10
-61451.645859
  20
-207.815084
  0
VERTEX
  8
14
  10
-61453.878826
  20
-216.082529
  0
VERTEX
  8
14
  10
-61456.030663
  20
-224.371278
  0
VERTEX
  8
14
  10
-61458.020507
  20
-232.371537
  0
VERTEX
  8
14
  10
-61459.922411
  20
-240.369345
  0
VERTEX
  8
14
  10
-61461.743826
  20
-248.385906
  0
VERTEX
  8
14
  10
-61463.557889
  20
-256.755022
  0
VERTEX
  8
14
  10
-61465.112305
  20
-264.260349
  0
VERTEX
  8
14
  10
-61465.289421
  20
-265.141554
  0
VERTEX
  8
14
  10
-61467.000275
  20
-273.854071
  0
VERTEX
  8
14
  10
-61468.632755
  20
-282.608765
  0
VERTEX
  8
14
  10
-61470.184573
  20
-291.378104
  0
VERTEX
  8
14
  10
-61471.713920
  20
-300.498863
  0
VERTEX
  8
14
  10
-61473.166362
  20
-309.655219
  0
VERTEX
  8
14
  10
-61474.587409
  20
-319.139863
  0
VERTEX
  8
14
  10
-61475.975633
  20
-328.975433
  0
VERTEX
  8
14
  10
-61477.311492
  20
-339.045632
  0
VERTEX
  8
14
  10
-61478.580584
  20
-349.242579
  0
VERTEX
  8
14
  10
-61479.770811
  20
-359.449069
  0
VERTEX
  8
14
  10
-61480.861886
  20
-369.436382
  0
VERTEX
  8
14
  10
-61481.907626
  20
-379.658506
  0
VERTEX
  8
14
  10
-61482.888023
  20
-389.887095
  0
VERTEX
  8
14
  10
-61483.809081
  20
-400.121220
  0
VERTEX
  8
14
  10
-61484.680917
  20
-410.425565
  0
VERTEX
  8
14
  10
-61485.489514
  20
-420.669170
  0
VERTEX
  8
14
  10
-61486.234760
  20
-430.917437
  0
VERTEX
  8
14
  10
-61486.893510
  20
-440.845237
  0
VERTEX
  8
14
  10
-61487.016602
  20
-442.785568
  0
VERTEX
  8
14
  10
-61487.016602
  20
-442.785568
  0
VERTEX
  8
14
  10
-61487.678790
  20
-453.304542
  0
VERTEX
  8
14
  10
-61488.293376
  20
-463.519819
  0
VERTEX
  8
14
  10
-61488.874367
  20
-473.692597
  0
VERTEX
  8
14
  10
-61489.409451
  20
-483.749519
  0
VERTEX
  8
14
  10
-61489.905800
  20
-493.809316
  0
VERTEX
  8
14
  10
-61490.368998
  20
-503.870766
  0
VERTEX
  8
14
  10
-61490.816789
  20
-514.224738
  0
VERTEX
  8
14
  10
-61491.227325
  20
-524.288410
  0
VERTEX
  8
14
  10
-61491.615189
  20
-534.352947
  0
VERTEX
  8
14
  10
-61491.982206
  20
-544.425143
  0
VERTEX
  8
14
  10
-61492.329638
  20
-554.491143
  0
VERTEX
  8
14
  10
-61492.659733
  20
-564.557746
  0
VERTEX
  8
14
  10
-61492.974678
  20
-574.630760
  0
VERTEX
  8
14
  10
-61493.275398
  20
-584.698297
  0
VERTEX
  8
14
  10
-61493.561728
  20
-594.766245
  0
VERTEX
  8
14
  10
-61493.833079
  20
-604.834581
  0
VERTEX
  8
14
  10
-61494.094631
  20
-615.126999
  0
VERTEX
  8
14
  10
-61494.335753
  20
-625.196096
  0
VERTEX
  8
14
  10
-61494.563304
  20
-635.265498
  0
VERTEX
  8
14
  10
-61494.778458
  20
-645.347570
  0
VERTEX
  8
14
  10
-61494.980913
  20
-655.417540
  0
VERTEX
  8
14
  10
-61495.170835
  20
-665.487782
  0
VERTEX
  8
14
  10
-61495.348368
  20
-675.572866
  0
VERTEX
  8
14
  10
-61495.512951
  20
-685.643536
  0
VERTEX
  8
14
  10
-61495.664856
  20
-695.714410
  0
VERTEX
  8
14
  10
-61495.804307
  20
-705.801638
  0
VERTEX
  8
14
  10
-61495.931080
  20
-715.872817
  0
VERTEX
  8
14
  10
-61496.045965
  20
-725.944113
  0
VERTEX
  8
14
  10
-61496.149707
  20
-736.031847
  0
VERTEX
  8
14
  10
-61496.242583
  20
-746.103395
  0
VERTEX
  8
14
  10
-61496.325459
  20
-756.175044
  0
VERTEX
  8
14
  10
-61496.399038
  20
-766.246769
  0
VERTEX
  8
14
  10
-61496.463827
  20
-776.286164
  0
VERTEX
  8
14
  10
-61496.520945
  20
-786.357988
  0
VERTEX
  8
14
  10
-61496.570872
  20
-796.429845
  0
VERTEX
  8
14
  10
-61496.615198
  20
-806.745597
  0
VERTEX
  8
14
  10
-61496.651549
  20
-816.817499
  0
VERTEX
  8
14
  10
-61496.680236
  20
-826.889426
  0
VERTEX
  8
14
  10
-61496.700678
  20
-837.076147
  0
VERTEX
  8
14
  10
-61496.713179
  20
-847.195121
  0
VERTEX
  8
14
  10
-61496.719488
  20
-857.272195
  0
VERTEX
  8
14
  10
-61496.720369
  20
-867.339934
  0
VERTEX
  8
14
  10
-61496.718750
  20
-871.908951
  0
VERTEX
  8
14
  10
-61496.718750
  20
-871.908951
  0
VERTEX
  8
14
  10
-61507.256302
  20
-871.908951
  0
VERTEX
  8
14
  10
-61517.642607
  20
-871.908951
  0
VERTEX
  8
14
  10
-61527.807936
  20
-871.908951
  0
VERTEX
  8
14
  10
-61538.154724
  20
-871.908951
  0
VERTEX
  8
14
  10
-61548.363001
  20
-871.908951
  0
VERTEX
  8
14
  10
-61558.571353
  20
-871.908951
  0
VERTEX
  8
14
  10
-61568.794384
  20
-871.908951
  0
VERTEX
  8
14
  10
-61579.002109
  20
-871.908951
  0
VERTEX
  8
14
  10
-61589.209390
  20
-871.908951
  0
VERTEX
  8
14
  10
-61599.416269
  20
-871.908951
  0
VERTEX
  8
14
  10
-61609.678203
  20
-871.908951
  0
VERTEX
  8
14
  10
-61619.884390
  20
-871.908951
  0
VERTEX
  8
14
  10
-61630.090412
  20
-871.908951
  0
VERTEX
  8
14
  10
-61640.296408
  20
-871.908951
  0
VERTEX
  8
14
  10
-61650.490367
  20
-871.908951
  0
VERTEX
  8
14
  10
-61660.696785
  20
-871.908951
  0
VERTEX
  8
14
  10
-61670.903716
  20
-871.908951
  0
VERTEX
  8
14
  10
-61681.205141
  20
-871.908951
  0
VERTEX
  8
14
  10
-61691.413321
  20
-871.908951
  0
VERTEX
  8
14
  10
-61701.621465
  20
-871.908951
  0
VERTEX
  8
14
  10
-61711.689399
  20
-871.908951
  0
VERTEX
  8
14
  10
-61721.784102
  20
-871.908951
  0
SEQEND
  8
14
  0
POINT
  8
2
 10
-61725.439453
 20
-871.908951
  0
TEXT
  8
2
 10
-61725.439453
 20
-871.908951
 40
0.000000
 50
0.000000
  1
# 23
  0
POINT
  8
2
 10
-61738.759766
 20
-442.785568
  0
TEXT
  8
2
 10
-61738.759766
 20
-442.785568
 40
0.000000
 50
0.000000
  1
# 24
  0
POINT
  8
2
 10
-61791.943359
 20
-90.271254
  0
TEXT
  8
2
 10
-61791.943359
 20
-90.271254
 40
0.000000
 50
0.000000
  1
# 25
  0
POINT
  8
2
 10
-61829.780273
 20
161.948299
  0
TEXT
  8
2
 10
-61829.780273
 20
161.948299
 40
0.000000
 50
0.000000
  1
# 26
  0
POINT
  8
2
 10
-61709.189453
 20
204.021206
  0
TEXT
  8
2
 10
-61709.189453
 20
204.021206
 40
0.000000
 50
0.000000
  1
# 27
  0
POINT
  8
2
 10
-61696.098633
 20
209.419765
  0
TEXT
  8
2
 10
-61696.098633
 20
209.419765
 40
0.000000
 50
0.000000
  1
# 28
  0
POINT
  8
2
 10
-61681.938477
 20
210.050259
  0
TEXT
  8
2
 10
-61681.938477
 20
210.050259
 40
0.000000
 50
0.000000
  1
# 29
  0
POINT
  8
2
 10
-61564.443359
 20
220.427608
  0
TEXT
  8
2
 10
-61564.443359
 20
220.427608
 40
0.000000
 50
0.000000
  1
# 30
  0
POINT
  8
2
 10
-61407.119141
 20
-77.128549
  0
TEXT
  8
2
 10
-61407.119141
 20
-77.128549
 40
0.000000
 50
0.000000
  1
# 31
  0
POINT
  8
2
 10
-61487.016602
 20
-442.785568
  0
TEXT
  8
2
 10
-61487.016602
 20
-442.785568
 40
0.000000
 50
0.000000
  1
# 32
  0
POINT
  8
2
 10
-61496.718750
 20
-871.908951
  0
TEXT
  8
2
 10
-61496.718750
 20
-871.908951
 40
0.000000
 50
0.000000
  1
# 33
  0
POINT
  8
3
 10
-61725.439453
 20
-871.908951
  0
POINT
  8
3
 10
-61725.419511
 20
-861.403983
  0
POINT
  8
3
 10
-61725.408072
 20
-851.193611
  0
POINT
  8
3
 10
-61725.405320
 20
-841.016240
  0
POINT
  8
3
 10
-61725.413926
 20
-830.758000
  0
POINT
  8
3
 10
-61725.434196
 20
-820.688393
  0
POINT
  8
3
 10
-61725.465581
 20
-810.618814
  0
POINT
  8
3
 10
-61725.508077
 20
-800.427244
  0
POINT
  8
3
 10
-61725.560503
 20
-790.357769
  0
POINT
  8
3
 10
-61725.623476
 20
-780.288366
  0
POINT
  8
3
 10
-61725.699571
 20
-769.915855
  0
POINT
  8
3
 10
-61725.784741
 20
-759.846597
  0
POINT
  8
3
 10
-61725.881720
 20
-749.777437
  0
POINT
  8
3
 10
-61725.994645
 20
-739.409239
  0
POINT
  8
3
 10
-61726.117723
 20
-729.340338
  0
POINT
  8
3
 10
-61726.254763
 20
-719.271636
  0
POINT
  8
3
 10
-61726.406509
 20
-709.203119
  0
POINT
  8
3
 10
-61726.575967
 20
-699.002041
  0
POINT
  8
3
 10
-61726.759219
 20
-688.934074
  0
POINT
  8
3
 10
-61726.958805
 20
-678.866420
  0
POINT
  8
3
 10
-61727.179202
 20
-668.622023
  0
POINT
  8
3
 10
-61727.413964
 20
-658.555130
  0
POINT
  8
3
 10
-61727.668223
 20
-648.488713
  0
POINT
  8
3
 10
-61727.846680
 20
-641.928940
  0
POINT
  8
3
 10
-61727.949361
 20
-638.213935
  0
POINT
  8
3
 10
-61728.246845
 20
-628.148669
  0
POINT
  8
3
 10
-61728.566596
 20
-618.084111
  0
POINT
  8
3
 10
-61728.914904
 20
-607.853656
  0
POINT
  8
3
 10
-61729.281241
 20
-597.790697
  0
POINT
  8
3
 10
-61729.672444
 20
-587.728708
  0
POINT
  8
3
 10
-61730.097025
 20
-577.501759
  0
POINT
  8
3
 10
-61730.542597
 20
-567.441997
  0
POINT
  8
3
 10
-61731.017169
 20
-557.383571
  0
POINT
  8
3
 10
-61731.522071
 20
-547.326606
  0
POINT
  8
3
 10
-61732.067432
 20
-537.106882
  0
POINT
  8
3
 10
-61732.635584
 20
-527.053222
  0
POINT
  8
3
 10
-61733.234527
 20
-517.001303
  0
POINT
  8
3
 10
-61733.874447
 20
-506.789420
  0
POINT
  8
3
 10
-61734.538175
 20
-496.741566
  0
POINT
  8
3
 10
-61735.240640
 20
-486.696455
  0
POINT
  8
3
 10
-61736.001849
 20
-476.453867
  0
POINT
  8
3
 10
-61736.789138
 20
-466.402868
  0
POINT
  8
3
 10
-61737.598640
 20
-456.466524
  0
POINT
  8
3
 10
-61738.433360
 20
-446.559853
  0
POINT
  8
3
 10
-61738.759766
 20
-442.786636
  0
POINT
  8
3
 10
-61739.702802
 20
-432.453430
  0
POINT
  8
3
 10
-61740.646597
 20
-422.436035
  0
POINT
  8
3
 10
-61741.625160
 20
-412.400729
  0
POINT
  8
3
 10
-61742.665591
 20
-402.186961
  0
POINT
  8
3
 10
-61743.754264
 20
-391.962629
  0
POINT
  8
3
 10
-61744.888129
 20
-381.743206
  0
POINT
  8
3
 10
-61746.070818
 20
-371.484509
  0
POINT
  8
3
 10
-61747.290378
 20
-361.275052
  0
POINT
  8
3
 10
-61748.550039
 20
-351.070455
  0
POINT
  8
3
 10
-61749.818620
 20
-341.101972
  0
POINT
  8
3
 10
-61751.155684
 20
-330.907219
  0
POINT
  8
3
 10
-61752.533463
 20
-320.717858
  0
POINT
  8
3
 10
-61753.920611
 20
-310.761424
  0
POINT
  8
3
 10
-61755.379467
 20
-300.583274
  0
POINT
  8
3
 10
-61756.877322
 20
-290.410742
  0
POINT
  8
3
 10
-61758.378305
 20
-280.471014
  0
POINT
  8
3
 10
-61759.951430
 20
-270.309840
  0
POINT
  8
3
 10
-61761.563601
 20
-260.154777
  0
POINT
  8
3
 10
-61763.174099
 20
-250.254195
  0
POINT
  8
3
 10
-61764.861177
 20
-240.111281
  0
POINT
  8
3
 10
-61766.581635
 20
-229.974028
  0
POINT
  8
3
 10
-61768.292586
 20
-220.069948
  0
POINT
  8
3
 10
-61770.070034
 20
-209.942721
  0
POINT
  8
3
 10
-61771.872231
 20
-199.819906
  0
POINT
  8
3
 10
-61773.682005
 20
-189.779024
  0
POINT
  8
3
 10
-61775.523080
 20
-179.663187
  0
POINT
  8
3
 10
-61777.376648
 20
-169.549567
  0
POINT
  8
3
 10
-61779.195840
 20
-159.667927
  0
POINT
  8
3
 10
-61781.063169
 20
-149.556799
  0
POINT
  8
3
 10
-61782.934373
 20
-139.446416
  0
POINT
  8
3
 10
-61784.763571
 20
-129.569362
  0
POINT
  8
3
 10
-61786.631002
 20
-119.458323
  0
POINT
  8
3
 10
-61788.432510
 20
-109.639948
  0
POINT
  8
3
 10
-61790.301044
 20
-99.364286
  0
POINT
  8
3
 10
-61793.812456
 20
-80.020414
  0
POINT
  8
3
 10
-61795.621181
 20
-69.978536
  0
POINT
  8
3
 10
-61797.376093
 20
-60.099189
  0
POINT
  8
3
 10
-61799.126025
 20
-50.064690
  0
POINT
  8
3
 10
-61800.847319
 20
-39.995262
  0
POINT
  8
3
 10
-61802.535341
 20
-29.920435
  0
POINT
  8
3
 10
-61804.200153
 20
-19.783401
  0
POINT
  8
3
 10
-61805.824995
 20
-9.698587
  0
POINT
  8
3
 10
-61807.421654
 20
0.390838
  0
POINT
  8
3
 10
-61808.988476
 20
10.460521
  0
POINT
  8
3
 10
-61810.533899
 20
20.558336
  0
POINT
  8
3
 10
-61812.054771
 20
30.659864
  0
POINT
  8
3
 10
-61813.560316
 20
40.823294
  0
POINT
  8
3
 10
-61815.033847
 20
50.931592
  0
POINT
  8
3
 10
-61816.484730
 20
61.043170
  0
POINT
  8
3
 10
-61817.929819
 20
71.272725
  0
POINT
  8
3
 10
-61819.338072
 20
81.390565
  0
POINT
  8
3
 10
-61820.727349
 20
91.511144
  0
POINT
  8
3
 10
-61822.084837
 20
101.533850
  0
POINT
  8
3
 10
-61823.434836
 20
111.659857
  0
POINT
  8
3
 10
-61824.759722
 20
121.789153
  0
POINT
  8
3
 10
-61826.061146
 20
131.951761
  0
POINT
  8
3
 10
-61827.337433
 20
142.096901
  0
POINT
  8
3
 10
-61828.587134
 20
152.179396
  0
POINT
  8
3
 10
-61819.858012
 20
164.926098
  0
POINT
  8
3
 10
-61810.145755
 20
167.902659
  0
POINT
  8
3
 10
-61800.314044
 20
170.988522
  0
POINT
  8
3
 10
-61791.114068
 20
173.961459
  0
POINT
  8
3
 10
-61781.326474
 20
177.212387
  0
POINT
  8
3
 10
-61771.562918
 20
180.536297
  0
POINT
  8
3
 10
-61761.873382
 20
183.907615
  0
POINT
  8
3
 10
-61752.157884
 20
187.370534
  0
POINT
  8
3
 10
-61743.422333
 20
190.569411
  0
POINT
  8
3
 10
-61735.278355
 20
193.636516
  0
POINT
  8
3
 10
-61727.281694
 20
196.737874
  0
POINT
  8
3
 10
-61718.183238
 20
200.361140
  0
POINT
  8
3
 10
-61709.189453
 20
204.021206
  0
POINT
  8
3
 10
-61699.765311
 20
207.903098
  0
POINT
  8
3
 10
-61692.129359
 20
209.592328
  0
POINT
  8
3
 10
-61681.938477
 20
210.050259
  0
POINT
  8
3
 10
-61671.506574
 20
210.751284
  0
POINT
  8
3
 10
-61661.143209
 20
211.469450
  0
POINT
  8
3
 10
-61650.767406
 20
212.210302
  0
POINT
  8
3
 10
-61640.690822
 20
212.954889
  0
POINT
  8
3
 10
-61630.680322
 20
213.726772
  0
POINT
  8
3
 10
-61620.509037
 20
214.554753
  0
POINT
  8
3
 10
-61610.342653
 20
215.437753
  0
POINT
  8
3
 10
-61600.183050
 20
216.387031
  0
POINT
  8
3
 10
-61590.032077
 20
217.413848
  0
POINT
  8
3
 10
-61580.374232
 20
218.474158
  0
POINT
  8
3
 10
-61571.209575
 20
219.564912
  0
POINT
  8
3
 10
-61562.011412
 20
210.188240
  0
POINT
  8
3
 10
-61559.649148
 20
200.227912
  0
POINT
  8
3
 10
-61557.293555
 20
190.281469
  0
POINT
  8
3
 10
-61554.929095
 20
180.280289
  0
POINT
  8
3
 10
-61552.520066
 20
170.066916
  0
POINT
  8
3
 10
-61550.227117
 20
160.316167
  0
POINT
  8
3
 10
-61547.942138
 20
150.563311
  0
POINT
  8
3
 10
-61545.666659
 20
140.807868
  0
POINT
  8
3
 10
-61543.348896
 20
130.819406
  0
POINT
  8
3
 10
-61541.096726
 20
121.058233
  0
POINT
  8
3
 10
-61538.857644
 20
111.294848
  0
POINT
  8
3
 10
-61536.632650
 20
101.529697
  0
POINT
  8
3
 10
-61534.371017
 20
91.533182
  0
POINT
  8
3
 10
-61532.178133
 20
81.762639
  0
POINT
  8
3
 10
-61530.003396
 20
71.985414
  0
POINT
  8
3
 10
-61527.848372
 20
62.198608
  0
POINT
  8
3
 10
-61525.664489
 20
52.168846
  0
POINT
  8
3
 10
-61523.553524
 20
42.364538
  0
POINT
  8
3
 10
-61521.465751
 20
32.564740
  0
POINT
  8
3
 10
-61519.402021
 20
22.779529
  0
POINT
  8
3
 10
-61517.305852
 20
12.788632
  0
POINT
  8
3
 10
-61515.790938
 20
5.837049
  0
POINT
  8
3
 10
-61514.494664
 20
0.289656
  0
POINT
  8
3
 10
-61513.329173
 20
-4.322696
  0
POINT
  8
3
 10
-61512.195734
 20
-8.464970
  0
POINT
  8
3
 10
-61510.966635
 20
-12.598317
  0
POINT
  8
3
 10
-61509.781645
 20
-16.264423
  0
POINT
  8
3
 10
-61508.498618
 20
-19.922641
  0
POINT
  8
3
 10
-61507.217038
 20
-23.294096
  0
POINT
  8
3
 10
-61505.912648
 20
-26.467711
  0
POINT
  8
3
 10
-61504.515328
 20
-29.608302
  0
POINT
  8
3
 10
-61503.240232
 20
-32.263110
  0
POINT
  8
3
 10
-61501.890683
 20
-34.874143
  0
POINT
  8
3
 10
-61500.463856
 20
-37.432349
  0
POINT
  8
3
 10
-61498.956897
 20
-39.928725
  0
POINT
  8
3
 10
-61497.366953
 20
-42.354269
  0
POINT
  8
3
 10
-61495.691200
 20
-44.699929
  0
POINT
  8
3
 10
-61494.227130
 20
-46.587128
  0
POINT
  8
3
 10
-61492.699830
 20
-48.407395
  0
POINT
  8
3
 10
-61491.107679
 20
-50.155482
  0
POINT
  8
3
 10
-61489.449017
 20
-51.826184
  0
POINT
  8
3
 10
-61487.722187
 20
-53.414293
  0
POINT
  8
3
 10
-61486.168189
 20
-54.720612
  0
POINT
  8
3
 10
-61483.931073
 20
-56.415688
  0
POINT
  8
3
 10
-61481.994020
 20
-57.732097
  0
POINT
  8
3
 10
-61479.995536
 20
-58.965748
  0
POINT
  8
3
 10
-61477.940114
 20
-60.120979
  0
POINT
  8
3
 10
-61475.832182
 20
-61.202163
  0
POINT
  8
3
 10
-61473.239675
 20
-62.407956
  0
POINT
  8
3
 10
-61470.585711
 20
-63.520911
  0
POINT
  8
3
 10
-61467.877998
 20
-64.548555
  0
POINT
  8
3
 10
-61465.124246
 20
-65.498417
  0
POINT
  8
3
 10
-61461.863592
 20
-66.518333
  0
POINT
  8
3
 10
-61458.563044
 20
-67.454565
  0
POINT
  8
3
 10
-61454.757795
 20
-68.437424
  0
POINT
  8
3
 10
-61450.456409
 20
-69.453388
  0
POINT
  8
3
 10
-61445.108153
 20
-70.621507
  0
POINT
  8
3
 10
-61438.995655
 20
-71.865117
  0
POINT
  8
3
 10
-61432.648598
 20
-73.067788
  0
POINT
  8
3
 10
-61425.875522
 20
-74.262900
  0
POINT
  8
3
 10
-61419.126805
 20
-75.370342
  0
POINT
  8
3
 10
-61412.318002
 20
-76.404791
  0
POINT
  8
3
 10
-61410.930484
 20
-86.711256
  0
POINT
  8
3
 10
-61414.691405
 20
-96.347385
  0
POINT
  8
3
 10
-61416.250000
 20
-100.401564
  0
POINT
  8
3
 10
-61418.192261
 20
-105.519070
  0
POINT
  8
3
 10
-61421.531036
 20
-114.509534
  0
POINT
  8
3
 10
-61424.909036
 20
-123.850719
  0
POINT
  8
3
 10
-61428.274879
 20
-133.391165
  0
POINT
  8
3
 10
-61431.623872
 20
-143.105982
  0
POINT
  8
3
 10
-61434.899743
 20
-152.845472
  0
POINT
  8
3
 10
-61438.097222
 20
-162.610782
  0
POINT
  8
3
 10
-61441.074092
 20
-171.965564
  0
POINT
  8
3
 10
-61443.905092
 20
-181.128662
  0
POINT
  8
3
 10
-61446.656745
 20
-190.316137
  0
POINT
  8
3
 10
-61449.243410
 20
-199.238948
  0
POINT
  8
3
 10
-61451.645859
 20
-207.815084
  0
POINT
  8
3
 10
-61453.878826
 20
-216.082529
  0
POINT
  8
3
 10
-61456.030663
 20
-224.371278
  0
POINT
  8
3
 10
-61458.020507
 20
-232.371537
  0
POINT
  8
3
 10
-61459.922411
 20
-240.369345
  0
POINT
  8
3
 10
-61461.743826
 20
-248.385906
  0
POINT
  8
3
 10
-61463.557889
 20
-256.755022
  0
POINT
  8
3
 10
-61465.112305
 20
-264.260349
  0
POINT
  8
3
 10
-61465.289421
 20
-265.141554
  0
POINT
  8
3
 10
-61467.000275
 20
-273.854071
  0
POINT
  8
3
 10
-61468.632755
 20
-282.608765
  0
POINT
  8
3
 10
-61470.184573
 20
-291.378104
  0
POINT
  8
3
 10
-61471.713920
 20
-300.498863
  0
POINT
  8
3
 10
-61473.166362
 20
-309.655219
  0
POINT
  8
3
 10
-61474.587409
 20
-319.139863
  0
POINT
  8
3
 10
-61475.975633
 20
-328.975433
  0
POINT
  8
3
 10
-61477.311492
 20
-339.045632
  0
POINT
  8
3
 10
-61478.580584
 20
-349.242579
  0
POINT
  8
3
 10
-61479.770811
 20
-359.449069
  0
POINT
  8
3
 10
-61480.861886
 20
-369.436382
  0
POINT
  8
3
 10
-61481.907626
 20
-379.658506
  0
POINT
  8
3
 10
-61482.888023
 20
-389.887095
  0
POINT
  8
3
 10
-61483.809081
 20
-400.121220
  0
POINT
  8
3
 10
-61484.680917
 20
-410.425565
  0
POINT
  8
3
 10
-61485.489514
 20
-420.669170
  0
POINT
  8
3
 10
-61486.234760
 20
-430.917437
  0
POINT
  8
3
 10
-61486.893510
 20
-440.845237
  0
POINT
  8
3
 10
-61487.016602
 20
-442.785568
  0
POINT
  8
3
 10
-61487.678790
 20
-453.304542
  0
POINT
  8
3
 10
-61488.293376
 20
-463.519819
  0
POINT
  8
3
 10
-61488.874367
 20
-473.692597
  0
POINT
  8
3
 10
-61489.409451
 20
-483.749519
  0
POINT
  8
3
 10
-61489.905800
 20
-493.809316
  0
POINT
  8
3
 10
-61490.368998
 20
-503.870766
  0
POINT
  8
3
 10
-61490.816789
 20
-514.224738
  0
POINT
  8
3
 10
-61491.227325
 20
-524.288410
  0
POINT
  8
3
 10
-61491.615189
 20
-534.352947
  0
POINT
  8
3
 10
-61491.982206
 20
-544.425143
  0
POINT
  8
3
 10
-61492.329638
 20
-554.491143
  0
POINT
  8
3
 10
-61492.659733
 20
-564.557746
  0
POINT
  8
3
 10
-61492.974678
 20
-574.630760
  0
POINT
  8
3
 10
-61493.275398
 20
-584.698297
  0
POINT
  8
3
 10
-61493.561728
 20
-594.766245
  0
POINT
  8
3
 10
-61493.833079
 20
-604.834581
  0
POINT
  8
3
 10
-61494.094631
 20
-615.126999
  0
POINT
  8
3
 10
-61494.335753
 20
-625.196096
  0
POINT
  8
3
 10
-61494.563304
 20
-635.265498
  0
POINT
  8
3
 10
-61494.778458
 20
-645.347570
  0
POINT
  8
3
 10
-61494.980913
 20
-655.417540
  0
POINT
  8
3
 10
-61495.170835
 20
-665.487782
  0
POINT
  8
3
 10
-61495.348368
 20
-675.572866
  0
POINT
  8
3
 10
-61495.512951
 20
-685.643536
  0
POINT
  8
3
 10
-61495.664856
 20
-695.714410
  0
POINT
  8
3
 10
-61495.804307
 20
-705.801638
  0
POINT
  8
3
 10
-61495.931080
 20
-715.872817
  0
POINT
  8
3
 10
-61496.045965
 20
-725.944113
  0
POINT
  8
3
 10
-61496.149707
 20
-736.031847
  0
POINT
  8
3
 10
-61496.242583
 20
-746.103395
  0
POINT
  8
3
 10
-61496.325459
 20
-756.175044
  0
POINT
  8
3
 10
-61496.399038
 20
-766.246769
  0
POINT
  8
3
 10
-61496.463827
 20
-776.286164
  0
POINT
  8
3
 10
-61496.520945
 20
-786.357988
  0
POINT
  8
3
 10
-61496.570872
 20
-796.429845
  0
POINT
  8
3
 10
-61496.615198
 20
-806.745597
  0
POINT
  8
3
 10
-61496.651549
 20
-816.817499
  0
POINT
  8
3
 10
-61496.680236
 20
-826.889426
  0
POINT
  8
3
 10
-61496.700678
 20
-837.076147
  0
POINT
  8
3
 10
-61496.713179
 20
-847.195121
  0
POINT
  8
3
 10
-61496.719488
 20
-857.272195
  0
POINT
  8
3
 10
-61496.720369
 20
-867.339934
  0
POINT
  8
3
 10
-61496.718750
 20
-871.908951
  0
POINT
  8
3
 10
-61507.256302
 20
-871.908951
  0
POINT
  8
3
 10
-61517.642607
 20
-871.908951
  0
POINT
  8
3
 10
-61527.807936
 20
-871.908951
  0
POINT
  8
3
 10
-61538.154724
 20
-871.908951
  0
POINT
  8
3
 10
-61548.363001
 20
-871.908951
  0
POINT
  8
3
 10
-61558.571353
 20
-871.908951
  0
POINT
  8
3
 10
-61568.794384
 20
-871.908951
  0
POINT
  8
3
 10
-61579.002109
 20
-871.908951
  0
POINT
  8
3
 10
-61589.209390
 20
-871.908951
  0
POINT
  8
3
 10
-61599.416269
 20
-871.908951
  0
POINT
  8
3
 10
-61609.678203
 20
-871.908951
  0
POINT
  8
3
 10
-61619.884390
 20
-871.908951
  0
POINT
  8
3
 10
-61630.090412
 20
-871.908951
  0
POINT
  8
3
 10
-61640.296408
 20
-871.908951
  0
POINT
  8
3
 10
-61650.490367
 20
-871.908951
  0
POINT
  8
3
 10
-61660.696785
 20
-871.908951
  0
POINT
  8
3
 10
-61670.903716
 20
-871.908951
  0
POINT
  8
3
 10
-61681.205141
 20
-871.908951
  0
POINT
  8
3
 10
-61691.413321
 20
-871.908951
  0
POINT
  8
3
 10
-61701.621465
 20
-871.908951
  0
POINT
  8
3
 10
-61711.689399
 20
-871.908951
  0
POINT
  8
3
 10
-61721.784102
 20
-871.908951
  0
POINT
  8
4
 10
-61725.439453
 20
-871.908951
 30
1.000000
 50
  0.00
  0
TEXT
  8
4
 10
-61725.439453
 20
-871.908951
 40
0.000000
 50
0.000000
  1
# 34
  0
POINT
  8
4
 10
-61727.846680
 20
-641.928940
 30
1.000000
 50
  1.58
  0
TEXT
  8
4
 10
-61727.846680
 20
-641.928940
 40
0.000000
 50
0.000000
  1
# 35
  0
POINT
  8
4
 10
-61738.759766
 20
-442.786636
 30
1.000000
 50
  5.02
  0
TEXT
  8
4
 10
-61738.759766
 20
-442.786636
 40
0.000000
 50
0.000000
  1
# 36
  0
POINT
  8
4
 10
-61709.189453
 20
204.021206
 30
1.000000
 50
292.14
  0
TEXT
  8
4
 10
-61709.189453
 20
204.021206
 40
0.000000
 50
0.000000
  1
# 37
  0
POINT
  8
4
 10
-61681.938477
 20
210.050259
 30
1.000000
 50
273.84
  0
TEXT
  8
4
 10
-61681.938477
 20
210.050259
 40
0.000000
 50
0.000000
  1
# 38
  0
POINT
  8
4
 10
-61416.250000
 20
-100.401564
 30
1.000000
 50
159.07
  0
TEXT
  8
4
 10
-61416.250000
 20
-100.401564
 40
0.000000
 50
0.000000
  1
# 39
  0
POINT
  8
4
 10
-61465.112305
 20
-264.260349
 30
1.000000
 50
168.55
  0
TEXT
  8
4
 10
-61465.112305
 20
-264.260349
 40
0.000000
 50
0.000000
  1
# 40
  0
POINT
  8
4
 10
-61487.016602
 20
-442.785568
 30
1.000000
 50
176.37
  0
TEXT
  8
4
 10
-61487.016602
 20
-442.785568
 40
0.000000
 50
0.000000
  1
# 41
  0
POINT
  8
4
 10
-61496.718750
 20
-871.908951
 30
1.000000
 50
180.00
  0
TEXT
  8
4
 10
-61496.718750
 20
-871.908951
 40
0.000000
 50
0.000000
  1
# 42
  0
POLYLINE
  8
8
  66
1
  70
0
  0
VERTEX
  8
8
  10
-61758.623047
  20
140.605211
  0
VERTEX
  8
8
  10
-61750.527344
  20
119.015245
  0
SEQEND
  8
8
  0
POINT
  8
2
 10
-61758.623047
 20
140.605211
  0
TEXT
  8
2
 10
-61758.623047
 20
140.605211
 40
0.000000
 50
0.000000
  1
# 43
  0
POINT
  8
2
 10
-61750.527344
 20
119.015245
  0
TEXT
  8
2
 10
-61750.527344
 20
119.015245
 40
0.000000
 50
0.000000
  1
# 44
  0
POLYLINE
  8
8
  66
1
  70
0
  0
VERTEX
  8
8
  10
-61745.209961
  20
145.431261
  0
VERTEX
  8
8
  10
-61758.623047
  20
140.605211
  0
SEQEND
  8
8
  0
POINT
  8
2
 10
-61745.209961
 20
145.431261
  0
TEXT
  8
2
 10
-61745.209961
 20
145.431261
 40
0.000000
 50
0.000000
  1
# 45
  0
POINT
  8
2
 10
-61758.623047
 20
140.605211
  0
TEXT
  8
2
 10
-61758.623047
 20
140.605211
 40
0.000000
 50
0.000000
  1
# 46
  0
POLYLINE
  8
8
  66
1
  70
0
  0
VERTEX
  8
8
  10
-61737.119141
  20
123.841295
  0
VERTEX
  8
8
  10
-61745.209961
  20
145.431261
  0
SEQEND
  8
8
  0
POINT
  8
2
 10
-61737.119141
 20
123.841295
  0
TEXT
  8
2
 10
-61737.119141
 20
123.841295
 40
0.000000
 50
0.000000
  1
# 47
  0
POINT
  8
2
 10
-61745.209961
 20
145.431261
  0
TEXT
  8
2
 10
-61745.209961
 20
145.431261
 40
0.000000
 50
0.000000
  1
# 48
  0
POLYLINE
  8
8
  66
1
  70
0
  0
VERTEX
  8
8
  10
-61737.119141
  20
123.841295
  0
VERTEX
  8
8
  10
-61746.679174
  20
120.401873
  0
VERTEX
  8
8
  10
-61750.527344
  20
119.015245
  0
SEQEND
  8
8
  0
POINT
  8
2
 10
-61737.119141
 20
123.841295
  0
TEXT
  8
2
 10
-61737.119141
 20
123.841295
 40
0.000000
 50
0.000000
  1
# 49
  0
POINT
  8
2
 10
-61750.527344
 20
119.015245
  0
TEXT
  8
2
 10
-61750.527344
 20
119.015245
 40
0.000000
 50
0.000000
  1
# 50
  0
POINT
  8
3
 10
-61746.679174
 20
120.401873
  0
POLYLINE
  8
8
  66
1
  70
0
  0
VERTEX
  8
8
  10
-61749.389648
  20
113.819017
  0
VERTEX
  8
8
  10
-61739.316721
  20
116.003918
  0
VERTEX
  8
8
  10
-61729.255133
  20
118.186572
  0
VERTEX
  8
8
  10
-61719.254060
  20
120.356341
  0
VERTEX
  8
8
  10
-61709.267071
  20
122.523364
  0
VERTEX
  8
8
  10
-61699.439683
  20
124.656048
  0
VERTEX
  8
8
  10
-61689.612769
  20
126.788883
  0
VERTEX
  8
8
  10
-61679.777385
  20
128.923752
  0
VERTEX
  8
8
  10
-61669.950840
  20
131.056733
  0
VERTEX
  8
8
  10
-61660.123841
  20
133.189648
  0
VERTEX
  8
8
  10
-61650.272519
  20
135.327505
  0
VERTEX
  8
8
  10
-61640.443880
  20
137.460091
  0
VERTEX
  8
8
  10
-61630.614638
  20
139.592507
  0
VERTEX
  8
8
  10
-61620.562596
  20
141.773006
  0
VERTEX
  8
8
  10
-61610.850798
  20
143.879528
  0
VERTEX
  8
8
  10
-61606.967773
  20
144.721727
  0
SEQEND
  8
8
  0
POINT
  8
2
 10
-61749.389648
 20
113.819017
  0
TEXT
  8
2
 10
-61749.389648
 20
113.819017
 40
0.000000
 50
0.000000
  1
# 51
  0
POINT
  8
2
 10
-61606.967773
 20
144.721727
  0
TEXT
  8
2
 10
-61606.967773
 20
144.721727
 40
0.000000
 50
0.000000
  1
# 52
  0
POINT
  8
3
 10
-61739.316721
 20
116.003918
  0
POINT
  8
3
 10
-61729.255133
 20
118.186572
  0
POINT
  8
3
 10
-61719.254060
 20
120.356341
  0
POINT
  8
3
 10
-61709.267071
 20
122.523364
  0
POINT
  8
3
 10
-61699.439683
 20
124.656048
  0
POINT
  8
3
 10
-61689.612769
 20
126.788883
  0
POINT
  8
3
 10
-61679.777385
 20
128.923752
  0
POINT
  8
3
 10
-61669.950840
 20
131.056733
  0
POINT
  8
3
 10
-61660.123841
 20
133.189648
  0
POINT
  8
3
 10
-61650.272519
 20
135.327505
  0
POINT
  8
3
 10
-61640.443880
 20
137.460091
  0
POINT
  8
3
 10
-61630.614638
 20
139.592507
  0
POINT
  8
3
 10
-61620.562596
 20
141.773006
  0
POINT
  8
3
 10
-61610.850798
 20
143.879528
  0
POLYLINE
  8
8
  66
1
  70
0
  0
VERTEX
  8
8
  10
-61606.967773
  20
144.721727
  0
VERTEX
  8
8
  10
-61604.805771
  20
134.831377
  0
VERTEX
  8
8
  10
-61604.404297
  20
132.998095
  0
SEQEND
  8
8
  0
POINT
  8
2
 10
-61606.967773
 20
144.721727
  0
TEXT
  8
2
 10
-61606.967773
 20
144.721727
 40
0.000000
 50
0.000000
  1
# 53
  0
POINT
  8
2
 10
-61604.404297
 20
132.998095
  0
TEXT
  8
2
 10
-61604.404297
 20
132.998095
 40
0.000000
 50
0.000000
  1
# 54
  0
POINT
  8
3
 10
-61604.805771
 20
134.831377
  0
POLYLINE
  8
8
  66
1
  70
0
  0
VERTEX
  8
8
  10
-61604.404297
  20
132.998095
  0
VERTEX
  8
8
  10
-61614.711956
  20
130.762325
  0
VERTEX
  8
8
  10
-61624.813669
  20
128.571242
  0
VERTEX
  8
8
  10
-61634.823800
  20
126.400042
  0
VERTEX
  8
8
  10
-61644.652767
  20
124.268159
  0
VERTEX
  8
8
  10
-61654.481034
  20
122.136444
  0
VERTEX
  8
8
  10
-61664.309466
  20
120.004702
  0
VERTEX
  8
8
  10
-61674.347601
  20
117.827470
  0
VERTEX
  8
8
  10
-61684.175968
  20
115.695686
  0
VERTEX
  8
8
  10
-61694.003770
  20
113.563924
  0
VERTEX
  8
8
  10
-61703.845627
  20
111.428982
  0
VERTEX
  8
8
  10
-61713.672130
  20
109.297319
  0
VERTEX
  8
8
  10
-61723.498803
  20
107.165686
  0
VERTEX
  8
8
  10
-61733.386626
  20
105.020953
  0
VERTEX
  8
8
  10
-61743.060674
  20
102.922729
  0
VERTEX
  8
8
  10
-61746.831055
  20
102.104998
  0
SEQEND
  8
8
  0
POINT
  8
2
 10
-61604.404297
 20
132.998095
  0
TEXT
  8
2
 10
-61604.404297
 20
132.998095
 40
0.000000
 50
0.000000
  1
# 55
  0
POINT
  8
2
 10
-61746.831055
 20
102.104998
  0
TEXT
  8
2
 10
-61746.831055
 20
102.104998
 40
0.000000
 50
0.000000
  1
# 56
  0
POINT
  8
3
 10
-61614.711956
 20
130.762325
  0
POINT
  8
3
 10
-61624.813669
 20
128.571242
  0
POINT
  8
3
 10
-61634.823800
 20
126.400042
  0
POINT
  8
3
 10
-61644.652767
 20
124.268159
  0
POINT
  8
3
 10
-61654.481034
 20
122.136444
  0
POINT
  8
3
 10
-61664.309466
 20
120.004702
  0
POINT
  8
3
 10
-61674.347601
 20
117.827470
  0
POINT
  8
3
 10
-61684.175968
 20
115.695686
  0
POINT
  8
3
 10
-61694.003770
 20
113.563924
  0
POINT
  8
3
 10
-61703.845627
 20
111.428982
  0
POINT
  8
3
 10
-61713.672130
 20
109.297319
  0
POINT
  8
3
 10
-61723.498803
 20
107.165686
  0
POINT
  8
3
 10
-61733.386626
 20
105.020953
  0
POINT
  8
3
 10
-61743.060674
 20
102.922729
  0
POLYLINE
  8
8
  66
1
  70
0
  0
VERTEX
  8
8
  10
-61746.831055
  20
102.104998
  0
VERTEX
  8
8
  10
-61748.989548
  20
111.987255
  0
VERTEX
  8
8
  10
-61749.389648
  20
113.819017
  0
SEQEND
  8
8
  0
POINT
  8
2
 10
-61746.831055
 20
102.104998
  0
TEXT
  8
2
 10
-61746.831055
 20
102.104998
 40
0.000000
 50
0.000000
  1
# 57
  0
POINT
  8
2
 10
-61749.389648
 20
113.819017
  0
TEXT
  8
2
 10
-61749.389648
 20
113.819017
 40
0.000000
 50
0.000000
  1
# 58
  0
POINT
  8
3
 10
-61748.989548
 20
111.987255
  0
POLYLINE
  8
8
  66
1
  70
0
  0
VERTEX
  8
8
  10
-61738.754883
  20
-442.785568
  0
VERTEX
  8
8
  10
-61486.772461
  20
-442.785568
  0
SEQEND
  8
8
  0
POINT
  8
2
 10
-61738.754883
 20
-442.785568
  0
TEXT
  8
2
 10
-61738.754883
 20
-442.785568
 40
0.000000
 50
0.000000
  1
# 59
  0
POINT
  8
2
 10
-61486.772461
 20
-442.785568
  0
TEXT
  8
2
 10
-61486.772461
 20
-442.785568
 40
0.000000
 50
0.000000
  1
# 60
  0
POLYLINE
  8
8
  66
1
  70
0
  0
VERTEX
  8
8
  10
-61611.118164
  20
-871.908951
  0
VERTEX
  8
8
  10
-61611.118164
  20
211.707211
  0
SEQEND
  8
8
  0
POINT
  8
2
 10
-61611.118164
 20
-871.908951
  0
TEXT
  8
2
 10
-61611.118164
 20
-871.908951
 40
0.000000
 50
0.000000
  1
# 61
  0
POINT
  8
2
 10
-61611.118164
 20
211.707211
  0
TEXT
  8
2
 10
-61611.118164
 20
211.707211
 40
0.000000
 50
0.000000
  1
# 62
  0
POLYLINE
  8
8
  66
1
  70
0
  0
VERTEX
  8
8
  10
-61518.559570
  20
18.728993
  0
VERTEX
  8
8
  10
-61810.205078
  20
18.728993
  0
SEQEND
  8
8
  0
POINT
  8
2
 10
-61518.559570
 20
18.728993
  0
TEXT
  8
2
 10
-61518.559570
 20
18.728993
 40
0.000000
 50
0.000000
  1
# 63
  0
POINT
  8
2
 10
-61810.205078
 20
18.728993
  0
TEXT
  8
2
 10
-61810.205078
 20
18.728993
 40
0.000000
 50
0.000000
  1
# 64
  0
POLYLINE
  8
8
  66
1
  70
0
  0
VERTEX
  8
8
  10
-61412.246094
  20
-90.271101
  0
VERTEX
  8
8
  10
-61791.840820
  20
-90.271101
  0
SEQEND
  8
8
  0
POINT
  8
2
 10
-61412.246094
 20
-90.271101
  0
TEXT
  8
2
 10
-61412.246094
 20
-90.271101
 40
0.000000
 50
0.000000
  1
# 65
  0
POINT
  8
2
 10
-61791.840820
 20
-90.271101
  0
TEXT
  8
2
 10
-61791.840820
 20
-90.271101
 40
0.000000
 50
0.000000
  1
# 66
  0
POLYLINE
  8
8
  66
1
  70
0
  0
VERTEX
  8
8
  10
-61681.938477
  20
210.050259
  0
VERTEX
  8
8
  10
-61677.089844
  20
124.379930
  0
SEQEND
  8
8
  0
POINT
  8
2
 10
-61681.938477
 20
210.050259
  0
TEXT
  8
2
 10
-61681.938477
 20
210.050259
 40
0.000000
 50
0.000000
  1
# 67
  0
POINT
  8
2
 10
-61677.089844
 20
124.379930
  0
TEXT
  8
2
 10
-61677.089844
 20
124.379930
 40
0.000000
 50
0.000000
  1
# 68
  0
POLYLINE
  8
8
  66
1
  70
0
  0
VERTEX
  8
8
  10
-61709.189453
  20
204.021206
  0
VERTEX
  8
8
  10
-61677.089844
  20
124.379930
  0
SEQEND
  8
8
  0
POINT
  8
2
 10
-61709.189453
 20
204.021206
  0
TEXT
  8
2
 10
-61709.189453
 20
204.021206
 40
0.000000
 50
0.000000
  1
# 69
  0
POINT
  8
2
 10
-61677.089844
 20
124.379930
  0
TEXT
  8
2
 10
-61677.089844
 20
124.379930
 40
0.000000
 50
0.000000
  1
# 70
  0
POLYLINE
  8
8
  66
1
  70
0
  0
VERTEX
  8
8
  10
-61677.089844
  20
124.379930
  0
VERTEX
  8
8
  10
-61696.098633
  20
209.419765
  0
SEQEND
  8
8
  0
POINT
  8
2
 10
-61677.089844
 20
124.379930
  0
TEXT
  8
2
 10
-61677.089844
 20
124.379930
 40
0.000000
 50
0.000000
  1
# 71
  0
POINT
  8
2
 10
-61696.098633
 20
209.419765
  0
TEXT
  8
2
 10
-61696.098633
 20
209.419765
 40
0.000000
 50
0.000000
  1
# 72
  0
POLYLINE
  8
8
  66
1
  70
0
  0
VERTEX
  8
8
  10
-61680.488281
  20
184.349270
  0
VERTEX
  8
8
  10
-61686.718750
  20
148.272295
  0
VERTEX
  8
8
  10
-61679.975586
  20
165.690517
  0
SEQEND
  8
8
  0
POINT
  8
2
 10
-61680.488281
 20
184.349270
  0
TEXT
  8
2
 10
-61680.488281
 20
184.349270
 40
0.000000
 50
0.000000
  1
# 73
  0
POINT
  8
2
 10
-61679.975586
 20
165.690517
  0
TEXT
  8
2
 10
-61679.975586
 20
165.690517
 40
0.000000
 50
0.000000
  1
# 74
  0
POLYLINE
  8
8
  66
1
  70
0
  0
VERTEX
  8
8
  10
-61496.708984
  20
-846.908951
  0
VERTEX
  8
8
  10
-61506.997005
  20
-846.908951
  0
VERTEX
  8
8
  10
-61517.277313
  20
-846.908951
  0
VERTEX
  8
8
  10
-61527.452120
  20
-846.908951
  0
VERTEX
  8
8
  10
-61537.623641
  20
-846.908951
  0
VERTEX
  8
8
  10
-61547.795083
  20
-846.908951
  0
VERTEX
  8
8
  10
-61557.798354
  20
-846.908951
  0
VERTEX
  8
8
  10
-61567.970195
  20
-846.908951
  0
VERTEX
  8
8
  10
-61578.142191
  20
-846.908951
  0
VERTEX
  8
8
  10
-61588.233779
  20
-846.908951
  0
VERTEX
  8
8
  10
-61598.405611
  20
-846.908951
  0
VERTEX
  8
8
  10
-61608.577189
  20
-846.908951
  0
VERTEX
  8
8
  10
-61618.546007
  20
-846.908951
  0
VERTEX
  8
8
  10
-61629.045078
  20
-846.908951
  0
VERTEX
  8
8
  10
-61639.216006
  20
-846.908951
  0
VERTEX
  8
8
  10
-61649.223782
  20
-846.908951
  0
VERTEX
  8
8
  10
-61659.395413
  20
-846.908951
  0
VERTEX
  8
8
  10
-61669.567305
  20
-846.908951
  0
VERTEX
  8
8
  10
-61679.835520
  20
-846.908951
  0
VERTEX
  8
8
  10
-61690.007187
  20
-846.908951
  0
VERTEX
  8
8
  10
-61700.178754
  20
-846.908951
  0
VERTEX
  8
8
  10
-61710.221057
  20
-846.908951
  0
VERTEX
  8
8
  10
-61720.155596
  20
-846.908951
  0
VERTEX
  8
8
  10
-61725.410156
  20
-846.908951
  0
SEQEND
  8
8
  0
POINT
  8
2
 10
-61496.708984
 20
-846.908951
  0
TEXT
  8
2
 10
-61496.708984
 20
-846.908951
 40
0.000000
 50
0.000000
  1
# 75
  0
POINT
  8
2
 10
-61725.410156
 20
-846.908951
  0
TEXT
  8
2
 10
-61725.410156
 20
-846.908951
 40
0.000000
 50
0.000000
  1
# 76
  0
POINT
  8
3
 10
-61506.997005
 20
-846.908951
  0
POINT
  8
3
 10
-61517.277313
 20
-846.908951
  0
POINT
  8
3
 10
-61527.452120
 20
-846.908951
  0
POINT
  8
3
 10
-61537.623641
 20
-846.908951
  0
POINT
  8
3
 10
-61547.795083
 20
-846.908951
  0
POINT
  8
3
 10
-61557.798354
 20
-846.908951
  0
POINT
  8
3
 10
-61567.970195
 20
-846.908951
  0
POINT
  8
3
 10
-61578.142191
 20
-846.908951
  0
POINT
  8
3
 10
-61588.233779
 20
-846.908951
  0
POINT
  8
3
 10
-61598.405611
 20
-846.908951
  0
POINT
  8
3
 10
-61608.577189
 20
-846.908951
  0
POINT
  8
3
 10
-61618.546007
 20
-846.908951
  0
POINT
  8
3
 10
-61629.045078
 20
-846.908951
  0
POINT
  8
3
 10
-61639.216006
 20
-846.908951
  0
POINT
  8
3
 10
-61649.223782
 20
-846.908951
  0
POINT
  8
3
 10
-61659.395413
 20
-846.908951
  0
POINT
  8
3
 10
-61669.567305
 20
-846.908951
  0
POINT
  8
3
 10
-61679.835520
 20
-846.908951
  0
POINT
  8
3
 10
-61690.007187
 20
-846.908951
  0
POINT
  8
3
 10
-61700.178754
 20
-846.908951
  0
POINT
  8
3
 10
-61710.221057
 20
-846.908951
  0
POINT
  8
3
 10
-61720.155596
 20
-846.908951
  0
POLYLINE
  8
8
  66
1
  70
0
  0
VERTEX
  8
8
  10
-61749.482422
  20
113.807878
  0
VERTEX
  8
8
  10
-61764.409180
  20
183.054256
  0
SEQEND
  8
8
  0
POINT
  8
2
 10
-61749.482422
 20
113.807878
  0
TEXT
  8
2
 10
-61749.482422
 20
113.807878
 40
0.000000
 50
0.000000
  1
# 77
  0
POINT
  8
2
 10
-61764.409180
 20
183.054256
  0
TEXT
  8
2
 10
-61764.409180
 20
183.054256
 40
0.000000
 50
0.000000
  1
# 78
  0
POLYLINE
  8
8
  66
1
  70
0
  0
VERTEX
  8
8
  10
-61606.967773
  20
144.721727
  0
VERTEX
  8
8
  10
-61622.089844
  20
214.429379
  0
SEQEND
  8
8
  0
POINT
  8
2
 10
-61606.967773
 20
144.721727
  0
TEXT
  8
2
 10
-61606.967773
 20
144.721727
 40
0.000000
 50
0.000000
  1
# 79
  0
POINT
  8
2
 10
-61622.089844
 20
214.429379
  0
TEXT
  8
2
 10
-61622.089844
 20
214.429379
 40
0.000000
 50
0.000000
  1
# 80
 0
LINE
 8
7
 10
-61620.585938
 20
14.706013
 11
-61620.585938
 21
-713.834915
  0
TEXT
  8
1
 10
-61616.962891
 20
-337.733364
 40
10.000000
 50
0.000000
  1
Piece Name: 26SMC-WP117M 展_后片_175/84
  0
TEXT
  8
1
 10
-61616.962891
 20
-322.733364
 40
10.000000
 50
0.000000
  1
Size: 175/84
  0
TEXT
  8
1
 10
-61616.962891
 20
-307.733364
 40
10.000000
 50
0.000000
  1
Annotation: 
  0
TEXT
  8
1
 10
-61616.962891
 20
-292.733364
 40
10.000000
 50
0.000000
  1
Quantity: 1,1
  0
TEXT
  8
1
 10
-61616.962891
 20
-277.733364
 40
10.000000
 50
0.000000
  1
Material: 面
  0
TEXT
  8
1
 10
-61616.962891
 20
-277.733364
 40
10.000000
 50
0.000000
  1
Category: 0
0
ENDBLK
0
BLOCK
  8
1
  2
26SMC-WP117M 展_后袋开线衬_175/84
 70
0
 10
0.0
 20
0.0
  0
POLYLINE
  8
1
  66
1
  70
1
  0
VERTEX
  8
1
  10
-62976.020508
  20
-101.463718
  0
VERTEX
  8
1
  10
-62976.020508
  20
-90.802879
  0
VERTEX
  8
1
  10
-62976.020508
  20
-80.546045
  0
VERTEX
  8
1
  10
-62976.020508
  20
-70.399890
  0
VERTEX
  8
1
  10
-62976.020508
  20
-60.397258
  0
VERTEX
  8
1
  10
-62976.020508
  20
-50.376649
  0
VERTEX
  8
1
  10
-62976.020508
  20
-40.457416
  0
VERTEX
  8
1
  10
-62976.020508
  20
-36.477602
  0
VERTEX
  8
1
  10
-62965.585938
  20
-36.477602
  0
VERTEX
  8
1
  10
-62955.351563
  20
-36.477602
  0
VERTEX
  8
1
  10
-62945.053711
  20
-36.477602
  0
VERTEX
  8
1
  10
-62934.697266
  20
-36.477602
  0
VERTEX
  8
1
  10
-62924.414063
  20
-36.477602
  0
VERTEX
  8
1
  10
-62914.130859
  20
-36.477602
  0
VERTEX
  8
1
  10
-62903.837891
  20
-36.477602
  0
VERTEX
  8
1
  10
-62893.554688
  20
-36.477602
  0
VERTEX
  8
1
  10
-62883.271484
  20
-36.477602
  0
VERTEX
  8
1
  10
-62873.085938
  20
-36.477602
  0
VERTEX
  8
1
  10
-62862.802734
  20
-36.477602
  0
VERTEX
  8
1
  10
-62852.519531
  20
-36.477602
  0
VERTEX
  8
1
  10
-62842.333984
  20
-36.477602
  0
VERTEX
  8
1
  10
-62832.045898
  20
-36.477602
  0
VERTEX
  8
1
  10
-62821.762695
  20
-36.477602
  0
VERTEX
  8
1
  10
-62811.474609
  20
-36.477602
  0
VERTEX
  8
1
  10
-62801.425781
  20
-36.477602
  0
VERTEX
  8
1
  10
-62791.430664
  20
-36.477602
  0
VERTEX
  8
1
  10
-62786.020508
  20
-36.477602
  0
VERTEX
  8
1
  10
-62786.020508
  20
-47.183685
  0
VERTEX
  8
1
  10
-62786.020508
  20
-57.314892
  0
VERTEX
  8
1
  10
-62786.020508
  20
-67.772131
  0
VERTEX
  8
1
  10
-62786.020508
  20
-77.868972
  0
VERTEX
  8
1
  10
-62786.020508
  20
-87.944279
  0
VERTEX
  8
1
  10
-62786.020508
  20
-97.828169
  0
VERTEX
  8
1
  10
-62786.020508
  20
-101.477604
  0
VERTEX
  8
1
  10
-62796.435547
  20
-101.476841
  0
VERTEX
  8
1
  10
-62806.616211
  20
-101.476088
  0
VERTEX
  8
1
  10
-62816.855469
  20
-101.475344
  0
VERTEX
  8
1
  10
-62826.982422
  20
-101.474600
  0
VERTEX
  8
1
  10
-62837.109375
  20
-101.473866
  0
VERTEX
  8
1
  10
-62847.163086
  20
-101.473122
  0
VERTEX
  8
1
  10
-62857.290039
  20
-101.472368
  0
VERTEX
  8
1
  10
-62867.416992
  20
-101.471615
  0
VERTEX
  8
1
  10
-62877.338867
  20
-101.470881
  0
VERTEX
  8
1
  10
-62887.856445
  20
-101.470118
  0
VERTEX
  8
1
  10
-62897.983398
  20
-101.469383
  0
VERTEX
  8
1
  10
-62908.090820
  20
-101.468649
  0
VERTEX
  8
1
  10
-62918.222656
  20
-101.467924
  0
VERTEX
  8
1
  10
-62928.349609
  20
-101.467190
  0
VERTEX
  8
1
  10
-62938.149414
  20
-101.466484
  0
VERTEX
  8
1
  10
-62948.544922
  20
-101.465731
  0
VERTEX
  8
1
  10
-62958.554688
  20
-101.464996
  0
VERTEX
  8
1
  10
-62968.510742
  20
-101.464272
  0
SEQEND
  8
1
  0
POINT
  8
2
 10
-62976.020508
 20
-101.463718
  0
TEXT
  8
2
 10
-62976.020508
 20
-101.463718
 40
0.000000
 50
0.000000
  1
# 81
  0
POINT
  8
2
 10
-62976.020508
 20
-36.477602
  0
TEXT
  8
2
 10
-62976.020508
 20
-36.477602
 40
0.000000
 50
0.000000
  1
# 82
  0
POINT
  8
2
 10
-62786.020508
 20
-36.477602
  0
TEXT
  8
2
 10
-62786.020508
 20
-36.477602
 40
0.000000
 50
0.000000
  1
# 83
  0
POINT
  8
2
 10
-62786.020508
 20
-101.477604
  0
TEXT
  8
2
 10
-62786.020508
 20
-101.477604
 40
0.000000
 50
0.000000
  1
# 84
  0
POINT
  8
3
 10
-62976.020508
 20
-90.802879
  0
POINT
  8
3
 10
-62976.020508
 20
-80.546045
  0
POINT
  8
3
 10
-62976.020508
 20
-70.399890
  0
POINT
  8
3
 10
-62976.020508
 20
-60.397258
  0
POINT
  8
3
 10
-62976.020508
 20
-50.376649
  0
POINT
  8
3
 10
-62976.020508
 20
-40.457416
  0
POINT
  8
3
 10
-62965.585938
 20
-36.477602
  0
POINT
  8
3
 10
-62955.351563
 20
-36.477602
  0
POINT
  8
3
 10
-62945.053711
 20
-36.477602
  0
POINT
  8
3
 10
-62934.697266
 20
-36.477602
  0
POINT
  8
3
 10
-62924.414063
 20
-36.477602
  0
POINT
  8
3
 10
-62914.130859
 20
-36.477602
  0
POINT
  8
3
 10
-62903.837891
 20
-36.477602
  0
POINT
  8
3
 10
-62893.554688
 20
-36.477602
  0
POINT
  8
3
 10
-62883.271484
 20
-36.477602
  0
POINT
  8
3
 10
-62873.085938
 20
-36.477602
  0
POINT
  8
3
 10
-62862.802734
 20
-36.477602
  0
POINT
  8
3
 10
-62852.519531
 20
-36.477602
  0
POINT
  8
3
 10
-62842.333984
 20
-36.477602
  0
POINT
  8
3
 10
-62832.045898
 20
-36.477602
  0
POINT
  8
3
 10
-62821.762695
 20
-36.477602
  0
POINT
  8
3
 10
-62811.474609
 20
-36.477602
  0
POINT
  8
3
 10
-62801.425781
 20
-36.477602
  0
POINT
  8
3
 10
-62791.430664
 20
-36.477602
  0
POINT
  8
3
 10
-62786.020508
 20
-47.183685
  0
POINT
  8
3
 10
-62786.020508
 20
-57.314892
  0
POINT
  8
3
 10
-62786.020508
 20
-67.772131
  0
POINT
  8
3
 10
-62786.020508
 20
-77.868972
  0
POINT
  8
3
 10
-62786.020508
 20
-87.944279
  0
POINT
  8
3
 10
-62786.020508
 20
-97.828169
  0
POINT
  8
3
 10
-62796.435547
 20
-101.476841
  0
POINT
  8
3
 10
-62806.616211
 20
-101.476088
  0
POINT
  8
3
 10
-62816.855469
 20
-101.475344
  0
POINT
  8
3
 10
-62826.982422
 20
-101.474600
  0
POINT
  8
3
 10
-62837.109375
 20
-101.473866
  0
POINT
  8
3
 10
-62847.163086
 20
-101.473122
  0
POINT
  8
3
 10
-62857.290039
 20
-101.472368
  0
POINT
  8
3
 10
-62867.416992
 20
-101.471615
  0
POINT
  8
3
 10
-62877.338867
 20
-101.470881
  0
POINT
  8
3
 10
-62887.856445
 20
-101.470118
  0
POINT
  8
3
 10
-62897.983398
 20
-101.469383
  0
POINT
  8
3
 10
-62908.090820
 20
-101.468649
  0
POINT
  8
3
 10
-62918.222656
 20
-101.467924
  0
POINT
  8
3
 10
-62928.349609
 20
-101.467190
  0
POINT
  8
3
 10
-62938.149414
 20
-101.466484
  0
POINT
  8
3
 10
-62948.544922
 20
-101.465731
  0
POINT
  8
3
 10
-62958.554688
 20
-101.464996
  0
POINT
  8
3
 10
-62968.510742
 20
-101.464272
 0
LINE
 8
7
 10
-62951.723633
 20
-81.509800
 11
-62853.183594
 21
-81.509800
  0
TEXT
  8
1
 10
-62881.020508
 20
-68.977603
 40
10.000000
 50
0.000000
  1
Piece Name: 26SMC-WP117M 展_后袋开线衬_175/84
  0
TEXT
  8
1
 10
-62881.020508
 20
-53.977603
 40
10.000000
 50
0.000000
  1
Size: 175/84
  0
TEXT
  8
1
 10
-62881.020508
 20
-38.977603
 40
10.000000
 50
0.000000
  1
Annotation: 
  0
TEXT
  8
1
 10
-62881.020508
 20
-23.977603
 40
10.000000
 50
0.000000
  1
Quantity: 1,1
  0
TEXT
  8
1
 10
-62881.020508
 20
-8.977603
 40
10.000000
 50
0.000000
  1
Material: 衬 
  0
TEXT
  8
1
 10
-62881.020508
 20
-8.977603
 40
10.000000
 50
0.000000
  1
Category: 1
0
ENDBLK
0
BLOCK
  8
1
  2
26SMC-WP117M 展_前袋布_175/84
 70
0
 10
0.0
 20
0.0
  0
POLYLINE
  8
1
  66
1
  70
1
  0
VERTEX
  8
1
  10
-60215.317383
  20
-778.151093
  0
VERTEX
  8
1
  10
-60225.507813
  20
-778.151093
  0
VERTEX
  8
1
  10
-60325.771484
  20
-778.151093
  0
VERTEX
  8
1
  10
-60336.782227
  20
-778.151093
  0
VERTEX
  8
1
  10
-60337.426758
  20
-778.149872
  0
VERTEX
  8
1
  10
-60338.076172
  20
-778.135071
  0
VERTEX
  8
1
  10
-60338.725586
  20
-778.108215
  0
VERTEX
  8
1
  10
-60339.384766
  20
-778.068161
  0
VERTEX
  8
1
  10
-60340.029297
  20
-778.016052
  0
VERTEX
  8
1
  10
-60340.634766
  20
-777.954254
  0
VERTEX
  8
1
  10
-60341.313477
  20
-777.868958
  0
VERTEX
  8
1
  10
-60341.972656
  20
-777.767639
  0
VERTEX
  8
1
  10
-60342.631836
  20
-777.649612
  0
VERTEX
  8
1
  10
-60343.281250
  20
-777.515106
  0
VERTEX
  8
1
  10
-60343.925781
  20
-777.364578
  0
VERTEX
  8
1
  10
-60344.565430
  20
-777.198486
  0
VERTEX
  8
1
  10
-60345.200195
  20
-777.017059
  0
VERTEX
  8
1
  10
-60345.825195
  20
-776.820602
  0
VERTEX
  8
1
  10
-60346.445313
  20
-776.609344
  0
VERTEX
  8
1
  10
-60347.060547
  20
-776.383667
  0
VERTEX
  8
1
  10
-60347.666016
  20
-776.143646
  0
VERTEX
  8
1
  10
-60348.271484
  20
-775.889511
  0
VERTEX
  8
1
  10
-60348.862305
  20
-775.621414
  0
VERTEX
  8
1
  10
-60349.453125
  20
-775.339432
  0
VERTEX
  8
1
  10
-60350.034180
  20
-775.043640
  0
VERTEX
  8
1
  10
-60350.605469
  20
-774.734268
  0
VERTEX
  8
1
  10
-60351.171875
  20
-774.411163
  0
VERTEX
  8
1
  10
-60351.733398
  20
-774.074554
  0
VERTEX
  8
1
  10
-60352.285156
  20
-773.724213
  0
VERTEX
  8
1
  10
-60352.827148
  20
-773.360367
  0
VERTEX
  8
1
  10
-60353.364258
  20
-772.982788
  0
VERTEX
  8
1
  10
-60353.891602
  20
-772.591553
  0
VERTEX
  8
1
  10
-60354.409180
  20
-772.186432
  0
VERTEX
  8
1
  10
-60354.921875
  20
-771.767502
  0
VERTEX
  8
1
  10
-60355.419922
  20
-771.334534
  0
VERTEX
  8
1
  10
-60355.913086
  20
-770.887451
  0
VERTEX
  8
1
  10
-60356.396484
  20
-770.426102
  0
VERTEX
  8
1
  10
-60356.870117
  20
-769.950333
  0
VERTEX
  8
1
  10
-60357.329102
  20
-769.460068
  0
VERTEX
  8
1
  10
-60357.714844
  20
-769.028091
  0
VERTEX
  8
1
  10
-60358.144531
  20
-768.525085
  0
VERTEX
  8
1
  10
-60358.559570
  20
-768.013992
  0
VERTEX
  8
1
  10
-60358.935547
  20
-767.523117
  0
VERTEX
  8
1
  10
-60359.326172
  20
-766.988525
  0
VERTEX
  8
1
  10
-60359.721680
  20
-766.424332
  0
VERTEX
  8
1
  10
-60360.107422
  20
-765.849304
  0
VERTEX
  8
1
  10
-60360.468750
  20
-765.289307
  0
VERTEX
  8
1
  10
-60360.805664
  20
-764.741745
  0
VERTEX
  8
1
  10
-60361.035156
  20
-764.345398
  0
VERTEX
  8
1
  10
-60361.176758
  20
-764.113464
  0
VERTEX
  8
1
  10
-60361.430664
  20
-763.640518
  0
VERTEX
  8
1
  10
-60362.104492
  20
-762.398376
  0
VERTEX
  8
1
  10
-60363.002930
  20
-760.503540
  0
VERTEX
  8
1
  10
-60363.837891
  20
-758.496780
  0
VERTEX
  8
1
  10
-60364.633789
  20
-756.272964
  0
VERTEX
  8
1
  10
-60365.458984
  20
-753.681946
  0
VERTEX
  8
1
  10
-60366.215820
  20
-750.974731
  0
VERTEX
  8
1
  10
-60366.943359
  20
-748.031006
  0
VERTEX
  8
1
  10
-60367.690430
  20
-744.591980
  0
VERTEX
  8
1
  10
-60369.282227
  20
-736.353836
  0
VERTEX
  8
1
  10
-60370.034180
  20
-732.654419
  0
VERTEX
  8
1
  10
-60370.693359
  20
-729.758301
  0
VERTEX
  8
1
  10
-60371.328125
  20
-727.278214
  0
VERTEX
  8
1
  10
-60371.962891
  20
-725.083466
  0
VERTEX
  8
1
  10
-60372.553711
  20
-723.266983
  0
VERTEX
  8
1
  10
-60373.090820
  20
-721.809540
  0
VERTEX
  8
1
  10
-60373.603516
  20
-720.581741
  0
VERTEX
  8
1
  10
-60374.130859
  20
-719.469070
  0
VERTEX
  8
1
  10
-60374.736328
  20
-718.337860
  0
VERTEX
  8
1
  10
-60375.527344
  20
-717.002411
  0
VERTEX
  8
1
  10
-60376.406250
  20
-715.650024
  0
VERTEX
  8
1
  10
-60377.148438
  20
-714.604721
  0
VERTEX
  8
1
  10
-60377.734375
  20
-713.859940
  0
VERTEX
  8
1
  10
-60378.208008
  20
-713.329315
  0
VERTEX
  8
1
  10
-60378.818359
  20
-712.730789
  0
VERTEX
  8
1
  10
-60379.804688
  20
-711.858673
  0
VERTEX
  8
1
  10
-60381.474609
  20
-710.492630
  0
VERTEX
  8
1
  10
-60384.082031
  20
-708.482742
  0
VERTEX
  8
1
  10
-60387.260742
  20
-705.996780
  0
VERTEX
  8
1
  10
-60387.490234
  20
-702.049713
  0
VERTEX
  8
1
  10
-60387.666016
  20
-699.085770
  0
VERTEX
  8
1
  10
-60388.232422
  20
-689.084930
  0
VERTEX
  8
1
  10
-60388.691406
  20
-679.628601
  0
VERTEX
  8
1
  10
-60389.072266
  20
-670.167999
  0
VERTEX
  8
1
  10
-60389.370117
  20
-660.703812
  0
VERTEX
  8
1
  10
-60389.584961
  20
-651.236725
  0
VERTEX
  8
1
  10
-60389.711914
  20
-641.893311
  0
VERTEX
  8
1
  10
-60389.750977
  20
-633.165627
  0
VERTEX
  8
1
  10
-60389.707031
  20
-624.807510
  0
VERTEX
  8
1
  10
-60389.580078
  20
-616.820984
  0
VERTEX
  8
1
  10
-60389.375000
  20
-609.180183
  0
VERTEX
  8
1
  10
-60389.072266
  20
-601.194115
  0
VERTEX
  8
1
  10
-60388.686523
  20
-593.212585
  0
VERTEX
  8
1
  10
-60388.203125
  20
-585.165825
  0
VERTEX
  8
1
  10
-60387.641602
  20
-577.200661
  0
VERTEX
  8
1
  10
-60386.967773
  20
-568.871803
  0
VERTEX
  8
1
  10
-60386.181641
  20
-560.181313
  0
VERTEX
  8
1
  10
-60385.200195
  20
-550.378151
  0
VERTEX
  8
1
  10
-60384.199219
  20
-541.237183
  0
VERTEX
  8
1
  10
-60383.085938
  20
-531.828766
  0
VERTEX
  8
1
  10
-60381.938477
  20
-522.802925
  0
VERTEX
  8
1
  10
-60380.698242
  20
-513.784599
  0
VERTEX
  8
1
  10
-60379.350586
  20
-504.612732
  0
VERTEX
  8
1
  10
-60377.778320
  20
-494.459496
  0
VERTEX
  8
1
  10
-60376.127930
  20
-484.313278
  0
VERTEX
  8
1
  10
-60374.409180
  20
-474.165649
  0
VERTEX
  8
1
  10
-60372.744141
  20
-464.212608
  0
VERTEX
  8
1
  10
-60364.682617
  20
-465.579033
  0
VERTEX
  8
1
  10
-60360.346680
  20
-466.320305
  0
VERTEX
  8
1
  10
-60353.203125
  20
-467.516174
  0
VERTEX
  8
1
  10
-60345.595703
  20
-468.699989
  0
VERTEX
  8
1
  10
-60335.493164
  20
-470.171127
  0
VERTEX
  8
1
  10
-60325.317383
  20
-471.600189
  0
VERTEX
  8
1
  10
-60315.185547
  20
-473.034706
  0
VERTEX
  8
1
  10
-60305.009766
  20
-474.484291
  0
VERTEX
  8
1
  10
-60294.892578
  20
-475.876923
  0
VERTEX
  8
1
  10
-60286.899414
  20
-476.901665
  0
VERTEX
  8
1
  10
-60279.975586
  20
-477.711105
  0
VERTEX
  8
1
  10
-60272.680664
  20
-478.478165
  0
VERTEX
  8
1
  10
-60265.375977
  20
-479.159775
  0
VERTEX
  8
1
  10
-60258.056641
  20
-479.757195
  0
VERTEX
  8
1
  10
-60250.737305
  20
-480.271683
  0
VERTEX
  8
1
  10
-60243.261719
  20
-480.713081
  0
VERTEX
  8
1
  10
-60234.497070
  20
-481.140633
  0
VERTEX
  8
1
  10
-60225.053711
  20
-481.514740
  0
VERTEX
  8
1
  10
-60215.317383
  20
-481.811638
  0
VERTEX
  8
1
  10
-60205.966797
  20
-481.530380
  0
VERTEX
  8
1
  10
-60196.596680
  20
-481.161652
  0
VERTEX
  8
1
  10
-60187.763672
  20
-480.732956
  0
VERTEX
  8
1
  10
-60179.985352
  20
-480.277100
  0
VERTEX
  8
1
  10
-60172.812500
  20
-479.775772
  0
VERTEX
  8
1
  10
-60165.644531
  20
-479.193420
  0
VERTEX
  8
1
  10
-60158.486328
  20
-478.529701
  0
VERTEX
  8
1
  10
-60151.333008
  20
-477.784386
  0
VERTEX
  8
1
  10
-60144.194336
  20
-476.957245
  0
VERTEX
  8
1
  10
-60136.655273
  20
-475.997620
  0
VERTEX
  8
1
  10
-60126.967773
  20
-474.670792
  0
VERTEX
  8
1
  10
-60116.860352
  20
-473.235474
  0
VERTEX
  8
1
  10
-60106.982422
  20
-471.836166
  0
VERTEX
  8
1
  10
-60101.127930
  20
-471.011467
  0
VERTEX
  8
1
  10
-60093.569336
  20
-469.944382
  0
VERTEX
  8
1
  10
-60040.893555
  20
-639.246979
  0
VERTEX
  8
1
  10
-60041.074219
  20
-651.234131
  0
VERTEX
  8
1
  10
-60041.318359
  20
-661.786957
  0
VERTEX
  8
1
  10
-60041.630859
  20
-671.761322
  0
VERTEX
  8
1
  10
-60041.997070
  20
-680.875320
  0
VERTEX
  8
1
  10
-60042.490234
  20
-690.754929
  0
VERTEX
  8
1
  10
-60043.056641
  20
-700.567856
  0
VERTEX
  8
1
  10
-60043.393555
  20
-706.014175
  0
VERTEX
  8
1
  10
-60046.557617
  20
-708.487091
  0
VERTEX
  8
1
  10
-60049.160156
  20
-710.492630
  0
VERTEX
  8
1
  10
-60050.830078
  20
-711.858673
  0
VERTEX
  8
1
  10
-60051.816406
  20
-712.730789
  0
VERTEX
  8
1
  10
-60052.426758
  20
-713.329315
  0
VERTEX
  8
1
  10
-60052.900391
  20
-713.859940
  0
VERTEX
  8
1
  10
-60053.486328
  20
-714.604721
  0
VERTEX
  8
1
  10
-60054.228516
  20
-715.650024
  0
VERTEX
  8
1
  10
-60055.107422
  20
-717.002411
  0
VERTEX
  8
1
  10
-60055.898438
  20
-718.337860
  0
VERTEX
  8
1
  10
-60056.503906
  20
-719.469070
  0
VERTEX
  8
1
  10
-60057.031250
  20
-720.581741
  0
VERTEX
  8
1
  10
-60057.543945
  20
-721.809540
  0
VERTEX
  8
1
  10
-60058.081055
  20
-723.266983
  0
VERTEX
  8
1
  10
-60058.671875
  20
-725.083466
  0
VERTEX
  8
1
  10
-60059.306641
  20
-727.278214
  0
VERTEX
  8
1
  10
-60059.941406
  20
-729.758301
  0
VERTEX
  8
1
  10
-60060.600586
  20
-732.654419
  0
VERTEX
  8
1
  10
-60061.352539
  20
-736.353836
  0
VERTEX
  8
1
  10
-60062.944336
  20
-744.591980
  0
VERTEX
  8
1
  10
-60063.691406
  20
-748.031006
  0
VERTEX
  8
1
  10
-60064.418945
  20
-750.974731
  0
VERTEX
  8
1
  10
-60065.175781
  20
-753.681946
  0
VERTEX
  8
1
  10
-60066.000977
  20
-756.272964
  0
VERTEX
  8
1
  10
-60066.796875
  20
-758.496780
  0
VERTEX
  8
1
  10
-60067.631836
  20
-760.503540
  0
VERTEX
  8
1
  10
-60068.530273
  20
-762.398376
  0
VERTEX
  8
1
  10
-60069.204102
  20
-763.640518
  0
VERTEX
  8
1
  10
-60069.458008
  20
-764.113464
  0
VERTEX
  8
1
  10
-60069.599609
  20
-764.345398
  0
VERTEX
  8
1
  10
-60069.829102
  20
-764.741745
  0
VERTEX
  8
1
  10
-60070.166016
  20
-765.289307
  0
VERTEX
  8
1
  10
-60070.527344
  20
-765.849304
  0
VERTEX
  8
1
  10
-60070.913086
  20
-766.424332
  0
VERTEX
  8
1
  10
-60071.308594
  20
-766.988525
  0
VERTEX
  8
1
  10
-60071.699219
  20
-767.523117
  0
VERTEX
  8
1
  10
-60072.075195
  20
-768.013992
  0
VERTEX
  8
1
  10
-60072.490234
  20
-768.525085
  0
VERTEX
  8
1
  10
-60072.919922
  20
-769.028091
  0
VERTEX
  8
1
  10
-60073.305664
  20
-769.460068
  0
VERTEX
  8
1
  10
-60073.764648
  20
-769.950333
  0
VERTEX
  8
1
  10
-60074.238281
  20
-770.426102
  0
VERTEX
  8
1
  10
-60074.721680
  20
-770.887451
  0
VERTEX
  8
1
  10
-60075.214844
  20
-771.334534
  0
VERTEX
  8
1
  10
-60075.712891
  20
-771.767502
  0
VERTEX
  8
1
  10
-60076.225586
  20
-772.186432
  0
VERTEX
  8
1
  10
-60076.743164
  20
-772.591553
  0
VERTEX
  8
1
  10
-60077.270508
  20
-772.982788
  0
VERTEX
  8
1
  10
-60077.807617
  20
-773.360367
  0
VERTEX
  8
1
  10
-60078.349609
  20
-773.724213
  0
VERTEX
  8
1
  10
-60078.901367
  20
-774.074554
  0
VERTEX
  8
1
  10
-60079.462891
  20
-774.411163
  0
VERTEX
  8
1
  10
-60080.029297
  20
-774.734268
  0
VERTEX
  8
1
  10
-60080.600586
  20
-775.043640
  0
VERTEX
  8
1
  10
-60081.181641
  20
-775.339432
  0
VERTEX
  8
1
  10
-60081.772461
  20
-775.621414
  0
VERTEX
  8
1
  10
-60082.363281
  20
-775.889511
  0
VERTEX
  8
1
  10
-60082.968750
  20
-776.143646
  0
VERTEX
  8
1
  10
-60083.574219
  20
-776.383667
  0
VERTEX
  8
1
  10
-60084.189453
  20
-776.609344
  0
VERTEX
  8
1
  10
-60084.809570
  20
-776.820602
  0
VERTEX
  8
1
  10
-60085.434570
  20
-777.017059
  0
VERTEX
  8
1
  10
-60086.069336
  20
-777.198486
  0
VERTEX
  8
1
  10
-60086.708984
  20
-777.364578
  0
VERTEX
  8
1
  10
-60087.353516
  20
-777.515106
  0
VERTEX
  8
1
  10
-60088.002930
  20
-777.649612
  0
VERTEX
  8
1
  10
-60088.662109
  20
-777.767639
  0
VERTEX
  8
1
  10
-60089.321289
  20
-777.868958
  0
VERTEX
  8
1
  10
-60090.000000
  20
-777.954254
  0
VERTEX
  8
1
  10
-60090.605469
  20
-778.016052
  0
VERTEX
  8
1
  10
-60091.250000
  20
-778.068161
  0
VERTEX
  8
1
  10
-60091.909180
  20
-778.108215
  0
VERTEX
  8
1
  10
-60092.558594
  20
-778.135071
  0
VERTEX
  8
1
  10
-60093.208008
  20
-778.149872
  0
VERTEX
  8
1
  10
-60093.857422
  20
-778.151093
  0
SEQEND
  8
1
  0
POINT
  8
2
 10
-60215.317383
 20
-778.151093
  0
TEXT
  8
2
 10
-60215.317383
 20
-778.151093
 40
0.000000
 50
0.000000
  1
# 85
  0
POINT
  8
2
 10
-60336.782227
 20
-778.151093
  0
TEXT
  8
2
 10
-60336.782227
 20
-778.151093
 40
0.000000
 50
0.000000
  1
# 86
  0
POINT
  8
2
 10
-60361.176758
 20
-764.113464
  0
TEXT
  8
2
 10
-60361.176758
 20
-764.113464
 40
0.000000
 50
0.000000
  1
# 87
  0
POINT
  8
2
 10
-60387.260742
 20
-705.996780
  0
TEXT
  8
2
 10
-60387.260742
 20
-705.996780
 40
0.000000
 50
0.000000
  1
# 88
  0
POINT
  8
2
 10
-60372.744141
 20
-464.212608
  0
TEXT
  8
2
 10
-60372.744141
 20
-464.212608
 40
0.000000
 50
0.000000
  1
# 89
  0
POINT
  8
2
 10
-60215.317383
 20
-481.811638
  0
TEXT
  8
2
 10
-60215.317383
 20
-481.811638
 40
0.000000
 50
0.000000
  1
# 90
  0
POINT
  8
2
 10
-60093.569336
 20
-469.944382
  0
TEXT
  8
2
 10
-60093.569336
 20
-469.944382
 40
0.000000
 50
0.000000
  1
# 91
  0
POINT
  8
2
 10
-60040.893555
 20
-639.246979
  0
TEXT
  8
2
 10
-60040.893555
 20
-639.246979
 40
0.000000
 50
0.000000
  1
# 92
  0
POINT
  8
2
 10
-60043.393555
 20
-706.014175
  0
TEXT
  8
2
 10
-60043.393555
 20
-706.014175
 40
0.000000
 50
0.000000
  1
# 93
  0
POINT
  8
2
 10
-60069.458008
 20
-764.113464
  0
TEXT
  8
2
 10
-60069.458008
 20
-764.113464
 40
0.000000
 50
0.000000
  1
# 94
  0
POINT
  8
2
 10
-60093.857422
 20
-778.151093
  0
TEXT
  8
2
 10
-60093.857422
 20
-778.151093
 40
0.000000
 50
0.000000
  1
# 95
  0
POINT
  8
3
 10
-60225.507813
 20
-778.151093
  0
POINT
  8
3
 10
-60325.771484
 20
-778.151093
  0
POINT
  8
3
 10
-60337.426758
 20
-778.149872
  0
POINT
  8
3
 10
-60338.076172
 20
-778.135071
  0
POINT
  8
3
 10
-60338.725586
 20
-778.108215
  0
POINT
  8
3
 10
-60339.384766
 20
-778.068161
  0
POINT
  8
3
 10
-60340.029297
 20
-778.016052
  0
POINT
  8
3
 10
-60340.634766
 20
-777.954254
  0
POINT
  8
3
 10
-60341.313477
 20
-777.868958
  0
POINT
  8
3
 10
-60341.972656
 20
-777.767639
  0
POINT
  8
3
 10
-60342.631836
 20
-777.649612
  0
POINT
  8
3
 10
-60343.281250
 20
-777.515106
  0
POINT
  8
3
 10
-60343.925781
 20
-777.364578
  0
POINT
  8
3
 10
-60344.565430
 20
-777.198486
  0
POINT
  8
3
 10
-60345.200195
 20
-777.017059
  0
POINT
  8
3
 10
-60345.825195
 20
-776.820602
  0
POINT
  8
3
 10
-60346.445313
 20
-776.609344
  0
POINT
  8
3
 10
-60347.060547
 20
-776.383667
  0
POINT
  8
3
 10
-60347.666016
 20
-776.143646
  0
POINT
  8
3
 10
-60348.271484
 20
-775.889511
  0
POINT
  8
3
 10
-60348.862305
 20
-775.621414
  0
POINT
  8
3
 10
-60349.453125
 20
-775.339432
  0
POINT
  8
3
 10
-60350.034180
 20
-775.043640
  0
POINT
  8
3
 10
-60350.605469
 20
-774.734268
  0
POINT
  8
3
 10
-60351.171875
 20
-774.411163
  0
POINT
  8
3
 10
-60351.733398
 20
-774.074554
  0
POINT
  8
3
 10
-60352.285156
 20
-773.724213
  0
POINT
  8
3
 10
-60352.827148
 20
-773.360367
  0
POINT
  8
3
 10
-60353.364258
 20
-772.982788
  0
POINT
  8
3
 10
-60353.891602
 20
-772.591553
  0
POINT
  8
3
 10
-60354.409180
 20
-772.186432
  0
POINT
  8
3
 10
-60354.921875
 20
-771.767502
  0
POINT
  8
3
 10
-60355.419922
 20
-771.334534
  0
POINT
  8
3
 10
-60355.913086
 20
-770.887451
  0
POINT
  8
3
 10
-60356.396484
 20
-770.426102
  0
POINT
  8
3
 10
-60356.870117
 20
-769.950333
  0
POINT
  8
3
 10
-60357.329102
 20
-769.460068
  0
POINT
  8
3
 10
-60357.714844
 20
-769.028091
  0
POINT
  8
3
 10
-60358.144531
 20
-768.525085
  0
POINT
  8
3
 10
-60358.559570
 20
-768.013992
  0
POINT
  8
3
 10
-60358.935547
 20
-767.523117
  0
POINT
  8
3
 10
-60359.326172
 20
-766.988525
  0
POINT
  8
3
 10
-60359.721680
 20
-766.424332
  0
POINT
  8
3
 10
-60360.107422
 20
-765.849304
  0
POINT
  8
3
 10
-60360.468750
 20
-765.289307
  0
POINT
  8
3
 10
-60360.805664
 20
-764.741745
  0
POINT
  8
3
 10
-60361.035156
 20
-764.345398
  0
POINT
  8
3
 10
-60361.430664
 20
-763.640518
  0
POINT
  8
3
 10
-60362.104492
 20
-762.398376
  0
POINT
  8
3
 10
-60363.002930
 20
-760.503540
  0
POINT
  8
3
 10
-60363.837891
 20
-758.496780
  0
POINT
  8
3
 10
-60364.633789
 20
-756.272964
  0
POINT
  8
3
 10
-60365.458984
 20
-753.681946
  0
POINT
  8
3
 10
-60366.215820
 20
-750.974731
  0
POINT
  8
3
 10
-60366.943359
 20
-748.031006
  0
POINT
  8
3
 10
-60367.690430
 20
-744.591980
  0
POINT
  8
3
 10
-60369.282227
 20
-736.353836
  0
POINT
  8
3
 10
-60370.034180
 20
-732.654419
  0
POINT
  8
3
 10
-60370.693359
 20
-729.758301
  0
POINT
  8
3
 10
-60371.328125
 20
-727.278214
  0
POINT
  8
3
 10
-60371.962891
 20
-725.083466
  0
POINT
  8
3
 10
-60372.553711
 20
-723.266983
  0
POINT
  8
3
 10
-60373.090820
 20
-721.809540
  0
POINT
  8
3
 10
-60373.603516
 20
-720.581741
  0
POINT
  8
3
 10
-60374.130859
 20
-719.469070
  0
POINT
  8
3
 10
-60374.736328
 20
-718.337860
  0
POINT
  8
3
 10
-60375.527344
 20
-717.002411
  0
POINT
  8
3
 10
-60376.406250
 20
-715.650024
  0
POINT
  8
3
 10
-60377.148438
 20
-714.604721
  0
POINT
  8
3
 10
-60377.734375
 20
-713.859940
  0
POINT
  8
3
 10
-60378.208008
 20
-713.329315
  0
POINT
  8
3
 10
-60378.818359
 20
-712.730789
  0
POINT
  8
3
 10
-60379.804688
 20
-711.858673
  0
POINT
  8
3
 10
-60381.474609
 20
-710.492630
  0
POINT
  8
3
 10
-60384.082031
 20
-708.482742
  0
POINT
  8
3
 10
-60387.490234
 20
-702.049713
  0
POINT
  8
3
 10
-60387.666016
 20
-699.085770
  0
POINT
  8
3
 10
-60388.232422
 20
-689.084930
  0
POINT
  8
3
 10
-60388.691406
 20
-679.628601
  0
POINT
  8
3
 10
-60389.072266
 20
-670.167999
  0
POINT
  8
3
 10
-60389.370117
 20
-660.703812
  0
POINT
  8
3
 10
-60389.584961
 20
-651.236725
  0
POINT
  8
3
 10
-60389.711914
 20
-641.893311
  0
POINT
  8
3
 10
-60389.750977
 20
-633.165627
  0
POINT
  8
3
 10
-60389.707031
 20
-624.807510
  0
POINT
  8
3
 10
-60389.580078
 20
-616.820984
  0
POINT
  8
3
 10
-60389.375000
 20
-609.180183
  0
POINT
  8
3
 10
-60389.072266
 20
-601.194115
  0
POINT
  8
3
 10
-60388.686523
 20
-593.212585
  0
POINT
  8
3
 10
-60388.203125
 20
-585.165825
  0
POINT
  8
3
 10
-60387.641602
 20
-577.200661
  0
POINT
  8
3
 10
-60386.967773
 20
-568.871803
  0
POINT
  8
3
 10
-60386.181641
 20
-560.181313
  0
POINT
  8
3
 10
-60385.200195
 20
-550.378151
  0
POINT
  8
3
 10
-60384.199219
 20
-541.237183
  0
POINT
  8
3
 10
-60383.085938
 20
-531.828766
  0
POINT
  8
3
 10
-60381.938477
 20
-522.802925
  0
POINT
  8
3
 10
-60380.698242
 20
-513.784599
  0
POINT
  8
3
 10
-60379.350586
 20
-504.612732
  0
POINT
  8
3
 10
-60377.778320
 20
-494.459496
  0
POINT
  8
3
 10
-60376.127930
 20
-484.313278
  0
POINT
  8
3
 10
-60374.409180
 20
-474.165649
  0
POINT
  8
3
 10
-60364.682617
 20
-465.579033
  0
POINT
  8
3
 10
-60360.346680
 20
-466.320305
  0
POINT
  8
3
 10
-60353.203125
 20
-467.516174
  0
POINT
  8
3
 10
-60345.595703
 20
-468.699989
  0
POINT
  8
3
 10
-60335.493164
 20
-470.171127
  0
POINT
  8
3
 10
-60325.317383
 20
-471.600189
  0
POINT
  8
3
 10
-60315.185547
 20
-473.034706
  0
POINT
  8
3
 10
-60305.009766
 20
-474.484291
  0
POINT
  8
3
 10
-60294.892578
 20
-475.876923
  0
POINT
  8
3
 10
-60286.899414
 20
-476.901665
  0
POINT
  8
3
 10
-60279.975586
 20
-477.711105
  0
POINT
  8
3
 10
-60272.680664
 20
-478.478165
  0
POINT
  8
3
 10
-60265.375977
 20
-479.159775
  0
POINT
  8
3
 10
-60258.056641
 20
-479.757195
  0
POINT
  8
3
 10
-60250.737305
 20
-480.271683
  0
POINT
  8
3
 10
-60243.261719
 20
-480.713081
  0
POINT
  8
3
 10
-60234.497070
 20
-481.140633
  0
POINT
  8
3
 10
-60225.053711
 20
-481.514740
  0
POINT
  8
3
 10
-60205.966797
 20
-481.530380
  0
POINT
  8
3
 10
-60196.596680
 20
-481.161652
  0
POINT
  8
3
 10
-60187.763672
 20
-480.732956
  0
POINT
  8
3
 10
-60179.985352
 20
-480.277100
  0
POINT
  8
3
 10
-60172.812500
 20
-479.775772
  0
POINT
  8
3
 10
-60165.644531
 20
-479.193420
  0
POINT
  8
3
 10
-60158.486328
 20
-478.529701
  0
POINT
  8
3
 10
-60151.333008
 20
-477.784386
  0
POINT
  8
3
 10
-60144.194336
 20
-476.957245
  0
POINT
  8
3
 10
-60136.655273
 20
-475.997620
  0
POINT
  8
3
 10
-60126.967773
 20
-474.670792
  0
POINT
  8
3
 10
-60116.860352
 20
-473.235474
  0
POINT
  8
3
 10
-60106.982422
 20
-471.836166
  0
POINT
  8
3
 10
-60101.127930
 20
-471.011467
  0
POINT
  8
3
 10
-60041.074219
 20
-651.234131
  0
POINT
  8
3
 10
-60041.318359
 20
-661.786957
  0
POINT
  8
3
 10
-60041.630859
 20
-671.761322
  0
POINT
  8
3
 10
-60041.997070
 20
-680.875320
  0
POINT
  8
3
 10
-60042.490234
 20
-690.754929
  0
POINT
  8
3
 10
-60043.056641
 20
-700.567856
  0
POINT
  8
3
 10
-60046.557617
 20
-708.487091
  0
POINT
  8
3
 10
-60049.160156
 20
-710.492630
  0
POINT
  8
3
 10
-60050.830078
 20
-711.858673
  0
POINT
  8
3
 10
-60051.816406
 20
-712.730789
  0
POINT
  8
3
 10
-60052.426758
 20
-713.329315
  0
POINT
  8
3
 10
-60052.900391
 20
-713.859940
  0
POINT
  8
3
 10
-60053.486328
 20
-714.604721
  0
POINT
  8
3
 10
-60054.228516
 20
-715.650024
  0
POINT
  8
3
 10
-60055.107422
 20
-717.002411
  0
POINT
  8
3
 10
-60055.898438
 20
-718.337860
  0
POINT
  8
3
 10
-60056.503906
 20
-719.469070
  0
POINT
  8
3
 10
-60057.031250
 20
-720.581741
  0
POINT
  8
3
 10
-60057.543945
 20
-721.809540
  0
POINT
  8
3
 10
-60058.081055
 20
-723.266983
  0
POINT
  8
3
 10
-60058.671875
 20
-725.083466
  0
POINT
  8
3
 10
-60059.306641
 20
-727.278214
  0
POINT
  8
3
 10
-60059.941406
 20
-729.758301
  0
POINT
  8
3
 10
-60060.600586
 20
-732.654419
  0
POINT
  8
3
 10
-60061.352539
 20
-736.353836
  0
POINT
  8
3
 10
-60062.944336
 20
-744.591980
  0
POINT
  8
3
 10
-60063.691406
 20
-748.031006
  0
POINT
  8
3
 10
-60064.418945
 20
-750.974731
  0
POINT
  8
3
 10
-60065.175781
 20
-753.681946
  0
POINT
  8
3
 10
-60066.000977
 20
-756.272964
  0
POINT
  8
3
 10
-60066.796875
 20
-758.496780
  0
POINT
  8
3
 10
-60067.631836
 20
-760.503540
  0
POINT
  8
3
 10
-60068.530273
 20
-762.398376
  0
POINT
  8
3
 10
-60069.204102
 20
-763.640518
  0
POINT
  8
3
 10
-60069.599609
 20
-764.345398
  0
POINT
  8
3
 10
-60069.829102
 20
-764.741745
  0
POINT
  8
3
 10
-60070.166016
 20
-765.289307
  0
POINT
  8
3
 10
-60070.527344
 20
-765.849304
  0
POINT
  8
3
 10
-60070.913086
 20
-766.424332
  0
POINT
  8
3
 10
-60071.308594
 20
-766.988525
  0
POINT
  8
3
 10
-60071.699219
 20
-767.523117
  0
POINT
  8
3
 10
-60072.075195
 20
-768.013992
  0
POINT
  8
3
 10
-60072.490234
 20
-768.525085
  0
POINT
  8
3
 10
-60072.919922
 20
-769.028091
  0
POINT
  8
3
 10
-60073.305664
 20
-769.460068
  0
POINT
  8
3
 10
-60073.764648
 20
-769.950333
  0
POINT
  8
3
 10
-60074.238281
 20
-770.426102
  0
POINT
  8
3
 10
-60074.721680
 20
-770.887451
  0
POINT
  8
3
 10
-60075.214844
 20
-771.334534
  0
POINT
  8
3
 10
-60075.712891
 20
-771.767502
  0
POINT
  8
3
 10
-60076.225586
 20
-772.186432
  0
POINT
  8
3
 10
-60076.743164
 20
-772.591553
  0
POINT
  8
3
 10
-60077.270508
 20
-772.982788
  0
POINT
  8
3
 10
-60077.807617
 20
-773.360367
  0
POINT
  8
3
 10
-60078.349609
 20
-773.724213
  0
POINT
  8
3
 10
-60078.901367
 20
-774.074554
  0
POINT
  8
3
 10
-60079.462891
 20
-774.411163
  0
POINT
  8
3
 10
-60080.029297
 20
-774.734268
  0
POINT
  8
3
 10
-60080.600586
 20
-775.043640
  0
POINT
  8
3
 10
-60081.181641
 20
-775.339432
  0
POINT
  8
3
 10
-60081.772461
 20
-775.621414
  0
POINT
  8
3
 10
-60082.363281
 20
-775.889511
  0
POINT
  8
3
 10
-60082.968750
 20
-776.143646
  0
POINT
  8
3
 10
-60083.574219
 20
-776.383667
  0
POINT
  8
3
 10
-60084.189453
 20
-776.609344
  0
POINT
  8
3
 10
-60084.809570
 20
-776.820602
  0
POINT
  8
3
 10
-60085.434570
 20
-777.017059
  0
POINT
  8
3
 10
-60086.069336
 20
-777.198486
  0
POINT
  8
3
 10
-60086.708984
 20
-777.364578
  0
POINT
  8
3
 10
-60087.353516
 20
-777.515106
  0
POINT
  8
3
 10
-60088.002930
 20
-777.649612
  0
POINT
  8
3
 10
-60088.662109
 20
-777.767639
  0
POINT
  8
3
 10
-60089.321289
 20
-777.868958
  0
POINT
  8
3
 10
-60090.000000
 20
-777.954254
  0
POINT
  8
3
 10
-60090.605469
 20
-778.016052
  0
POINT
  8
3
 10
-60091.250000
 20
-778.068161
  0
POINT
  8
3
 10
-60091.909180
 20
-778.108215
  0
POINT
  8
3
 10
-60092.558594
 20
-778.135071
  0
POINT
  8
3
 10
-60093.208008
 20
-778.149872
  0
POINT
  8
4
 10
-60225.507813
 20
-778.151093
 30
1.000000
 50
102.12
  0
TEXT
  8
4
 10
-60225.507813
 20
-778.151093
 40
0.000000
 50
0.000000
  1
# 96
  0
POINT
  8
4
 10
-60325.771484
 20
-778.151093
 30
1.000000
 50
103.00
  0
TEXT
  8
4
 10
-60325.771484
 20
-778.151093
 40
0.000000
 50
0.000000
  1
# 97
  0
POLYLINE
  8
14
  66
1
  70
1
  0
VERTEX
  8
14
  10
-60215.156250
  20
-768.151093
  0
VERTEX
  8
14
  10
-60227.656250
  20
-768.151093
  0
VERTEX
  8
14
  10
-60328.081055
  20
-768.151093
  0
VERTEX
  8
14
  10
-60336.777344
  20
-768.151093
  0
VERTEX
  8
14
  10
-60337.293489
  20
-768.150782
  0
VERTEX
  8
14
  10
-60337.754678
  20
-768.140245
  0
VERTEX
  8
14
  10
-60338.217494
  20
-768.121081
  0
VERTEX
  8
14
  10
-60338.679810
  20
-768.093056
  0
VERTEX
  8
14
  10
-60339.116621
  20
-768.057698
  0
VERTEX
  8
14
  10
-60339.511559
  20
-768.017407
  0
VERTEX
  8
14
  10
-60339.931989
  20
-767.964541
  0
VERTEX
  8
14
  10
-60340.333303
  20
-767.903207
  0
VERTEX
  8
14
  10
-60340.734070
  20
-767.831156
  0
VERTEX
  8
14
  10
-60341.133983
  20
-767.748541
  0
VERTEX
  8
14
  10
-60341.532737
  20
-767.655518
  0
VERTEX
  8
14
  10
-60341.930026
  20
-767.552241
  0
VERTEX
  8
14
  10
-60342.325542
  20
-767.438865
  0
VERTEX
  8
14
  10
-60342.718978
  20
-767.315546
  0
VERTEX
  8
14
  10
-60343.110030
  20
-767.182437
  0
VERTEX
  8
14
  10
-60343.498390
  20
-767.039695
  0
VERTEX
  8
14
  10
-60343.883753
  20
-766.887473
  0
VERTEX
  8
14
  10
-60344.265812
  20
-766.725927
  0
VERTEX
  8
14
  10
-60344.644260
  20
-766.555212
  0
VERTEX
  8
14
  10
-60345.018791
  20
-766.375482
  0
VERTEX
  8
14
  10
-60345.389100
  20
-766.186893
  0
VERTEX
  8
14
  10
-60345.754879
  20
-765.989598
  0
VERTEX
  8
14
  10
-60346.115822
  20
-765.783754
  0
VERTEX
  8
14
  10
-60346.471623
  20
-765.569515
  0
VERTEX
  8
14
  10
-60346.821976
  20
-765.347036
  0
VERTEX
  8
14
  10
-60347.166574
  20
-765.116472
  0
VERTEX
  8
14
  10
-60347.505111
  20
-764.877977
  0
VERTEX
  8
14
  10
-60347.837280
  20
-764.631707
  0
VERTEX
  8
14
  10
-60348.162776
  20
-764.377816
  0
VERTEX
  8
14
  10
-60348.481292
  20
-764.116459
  0
VERTEX
  8
14
  10
-60348.792521
  20
-763.847792
  0
VERTEX
  8
14
  10
-60349.096158
  20
-763.571969
  0
VERTEX
  8
14
  10
-60349.391895
  20
-763.289144
  0
VERTEX
  8
14
  10
-60349.679427
  20
-762.999474
  0
VERTEX
  8
14
  10
-60349.958447
  20
-762.703112
  0
VERTEX
  8
14
  10
-60350.190600
  20
-762.443880
  0
VERTEX
  8
14
  10
-60350.445865
  20
-762.144119
  0
VERTEX
  8
14
  10
-60350.698868
  20
-761.830643
  0
VERTEX
  8
14
  10
-60350.940865
  20
-761.515798
  0
VERTEX
  8
14
  10
-60351.202044
  20
-761.159936
  0
VERTEX
  8
14
  10
-60351.473587
  20
-760.772485
  0
VERTEX
  8
14
  10
-60351.743914
  20
-760.368953
  0
VERTEX
  8
14
  10
-60351.998093
  20
-759.972655
  0
VERTEX
  8
14
  10
-60352.232476
  20
-759.591235
  0
VERTEX
  8
14
  10
-60352.451172
  20
-759.217072
  0
VERTEX
  8
14
  10
-60353.200683
  20
-757.850233
  0
VERTEX
  8
14
  10
-60353.862074
  20
-756.451785
  0
VERTEX
  8
14
  10
-60354.506361
  20
-754.899050
  0
VERTEX
  8
14
  10
-60355.157947
  20
-753.078989
  0
VERTEX
  8
14
  10
-60355.876469
  20
-750.817104
  0
VERTEX
  8
14
  10
-60356.547310
  20
-748.428185
  0
VERTEX
  8
14
  10
-60357.200744
  20
-745.777569
  0
VERTEX
  8
14
  10
-60357.893785
  20
-742.584339
  0
VERTEX
  8
14
  10
-60359.463858
  20
-734.447137
  0
VERTEX
  8
14
  10
-60360.257555
  20
-730.549896
  0
VERTEX
  8
14
  10
-60360.973663
  20
-727.407063
  0
VERTEX
  8
14
  10
-60361.681860
  20
-724.648083
  0
VERTEX
  8
14
  10
-60362.403083
  20
-722.152913
  0
VERTEX
  8
14
  10
-60363.101327
  20
-720.002028
  0
VERTEX
  8
14
  10
-60363.781557
  20
-718.153363
  0
VERTEX
  8
14
  10
-60364.469451
  20
-716.510102
  0
VERTEX
  8
14
  10
-60365.198236
  20
-714.972243
  0
VERTEX
  8
14
  10
-60366.026644
  20
-713.422479
  0
VERTEX
  8
14
  10
-60367.032837
  20
-711.727624
  0
VERTEX
  8
14
  10
-60368.130537
  20
-710.033494
  0
VERTEX
  8
14
  10
-60369.142836
  20
-708.611497
  0
VERTEX
  8
14
  10
-60370.070267
  20
-707.435961
  0
VERTEX
  8
14
  10
-60370.966570
  20
-706.433172
  0
VERTEX
  8
14
  10
-60371.994014
  20
-705.419211
  0
VERTEX
  8
14
  10
-60373.336102
  20
-704.231067
  0
VERTEX
  8
14
  10
-60375.274739
  20
-702.648260
  0
VERTEX
  8
14
  10
-60377.534180
  20
-700.954895
  0
VERTEX
  8
14
  10
-60377.683123
  20
-698.490382
  0
VERTEX
  8
14
  10
-60378.246186
  20
-688.555105
  0
VERTEX
  8
14
  10
-60378.702954
  20
-679.184757
  0
VERTEX
  8
14
  10
-60379.078845
  20
-669.810580
  0
VERTEX
  8
14
  10
-60379.373410
  20
-660.433317
  0
VERTEX
  8
14
  10
-60379.586200
  20
-651.053654
  0
VERTEX
  8
14
  10
-60379.714271
  20
-641.801550
  0
VERTEX
  8
14
  10
-60379.752672
  20
-633.170226
  0
VERTEX
  8
14
  10
-60379.707320
  20
-624.914438
  0
VERTEX
  8
14
  10
-60379.581499
  20
-617.034874
  0
VERTEX
  8
14
  10
-60379.380049
  20
-609.500754
  0
VERTEX
  8
14
  10
-60379.083739
  20
-601.625355
  0
VERTEX
  8
14
  10
-60378.700522
  20
-593.753697
  0
VERTEX
  8
14
  10
-60378.226516
  20
-585.816903
  0
VERTEX
  8
14
  10
-60377.671808
  20
-577.955949
  0
VERTEX
  8
14
  10
-60377.006345
  20
-569.727041
  0
VERTEX
  8
14
  10
-60376.226647
  20
-561.131024
  0
VERTEX
  8
14
  10
-60375.252843
  20
-551.422265
  0
VERTEX
  8
14
  10
-60374.263547
  20
-542.365506
  0
VERTEX
  8
14
  10
-60373.162509
  20
-533.048298
  0
VERTEX
  8
14
  10
-60372.023099
  20
-524.114325
  0
VERTEX
  8
14
  10
-60370.799150
  20
-515.192030
  0
VERTEX
  8
14
  10
-60369.465007
  20
-506.107438
  0
VERTEX
  8
14
  10
-60367.900396
  20
-496.030898
  0
VERTEX
  8
14
  10
-60366.261171
  20
-485.951623
  0
VERTEX
  8
14
  10
-60364.526367
  20
-475.743866
  0
VERTEX
  8
14
  10
-60362.046469
  20
-476.174948
  0
VERTEX
  8
14
  10
-60354.797028
  20
-477.388407
  0
VERTEX
  8
14
  10
-60347.083259
  20
-478.588704
  0
VERTEX
  8
14
  10
-60336.898869
  20
-480.071898
  0
VERTEX
  8
14
  10
-60326.705676
  20
-481.503505
  0
VERTEX
  8
14
  10
-60316.599334
  20
-482.934091
  0
VERTEX
  8
14
  10
-60306.409038
  20
-484.386265
  0
VERTEX
  8
14
  10
-60296.212754
  20
-485.789441
  0
VERTEX
  8
14
  10
-60288.116471
  20
-486.827344
  0
VERTEX
  8
14
  10
-60281.080715
  20
-487.649911
  0
VERTEX
  8
14
  10
-60273.667637
  20
-488.429344
  0
VERTEX
  8
14
  10
-60266.245485
  20
-489.121755
  0
VERTEX
  8
14
  10
-60258.815755
  20
-489.728481
  0
VERTEX
  8
14
  10
-60251.379944
  20
-490.250860
  0
VERTEX
  8
14
  10
-60243.799903
  20
-490.698602
  0
VERTEX
  8
14
  10
-60234.936202
  20
-491.130943
  0
VERTEX
  8
14
  10
-60225.405055
  20
-491.508498
  0
VERTEX
  8
14
  10
-60215.288086
  20
-491.815338
  0
VERTEX
  8
14
  10
-60205.616997
  20
-491.524271
  0
VERTEX
  8
14
  10
-60196.160825
  20
-491.152051
  0
VERTEX
  8
14
  10
-60187.227675
  20
-490.718680
  0
VERTEX
  8
14
  10
-60179.346033
  20
-490.256539
  0
VERTEX
  8
14
  10
-60172.059892
  20
-489.747360
  0
VERTEX
  8
14
  10
-60164.779392
  20
-489.155806
  0
VERTEX
  8
14
  10
-60157.505870
  20
-488.481591
  0
VERTEX
  8
14
  10
-60150.240658
  20
-487.724429
  0
VERTEX
  8
14
  10
-60142.985107
  20
-486.884038
  0
VERTEX
  8
14
  10
-60135.343540
  20
-485.911207
  0
VERTEX
  8
14
  10
-60125.575129
  20
-484.573523
  0
VERTEX
  8
14
  10
-60115.451671
  20
-483.135524
  0
VERTEX
  8
14
  10
-60105.586407
  20
-481.738318
  0
VERTEX
  8
14
  10
-60100.585938
  20
-481.045837
  0
VERTEX
  8
14
  10
-60050.913086
  20
-640.561447
  0
VERTEX
  8
14
  10
-60051.073471
  20
-651.040216
  0
VERTEX
  8
14
  10
-60051.316219
  20
-661.516403
  0
VERTEX
  8
14
  10
-60051.624504
  20
-671.405477
  0
VERTEX
  8
14
  10
-60051.988731
  20
-680.421363
  0
VERTEX
  8
14
  10
-60052.478079
  20
-690.216026
  0
VERTEX
  8
14
  10
-60053.038391
  20
-699.954427
  0
VERTEX
  8
14
  10
-60052.915039
  20
-700.778046
  0
VERTEX
  8
14
  10
-60055.360027
  20
-702.648260
  0
VERTEX
  8
14
  10
-60057.298664
  20
-704.231067
  0
VERTEX
  8
14
  10
-60058.640752
  20
-705.419211
  0
VERTEX
  8
14
  10
-60059.668195
  20
-706.433172
  0
VERTEX
  8
14
  10
-60060.564499
  20
-707.435961
  0
VERTEX
  8
14
  10
-60061.491930
  20
-708.611497
  0
VERTEX
  8
14
  10
-60062.504228
  20
-710.033494
  0
VERTEX
  8
14
  10
-60063.601928
  20
-711.727624
  0
VERTEX
  8
14
  10
-60064.608122
  20
-713.422479
  0
VERTEX
  8
14
  10
-60065.436530
  20
-714.972243
  0
VERTEX
  8
14
  10
-60066.165314
  20
-716.510102
  0
VERTEX
  8
14
  10
-60066.853208
  20
-718.153363
  0
VERTEX
  8
14
  10
-60067.533439
  20
-720.002028
  0
VERTEX
  8
14
  10
-60068.231683
  20
-722.152913
  0
VERTEX
  8
14
  10
-60068.952906
  20
-724.648083
  0
VERTEX
  8
14
  10
-60069.661102
  20
-727.407063
  0
VERTEX
  8
14
  10
-60070.377211
  20
-730.549896
  0
VERTEX
  8
14
  10
-60071.170908
  20
-734.447137
  0
VERTEX
  8
14
  10
-60072.740980
  20
-742.584339
  0
VERTEX
  8
14
  10
-60073.434022
  20
-745.777569
  0
VERTEX
  8
14
  10
-60074.087456
  20
-748.428185
  0
VERTEX
  8
14
  10
-60074.758297
  20
-750.817104
  0
VERTEX
  8
14
  10
-60075.476818
  20
-753.078989
  0
VERTEX
  8
14
  10
-60076.128405
  20
-754.899050
  0
VERTEX
  8
14
  10
-60076.772691
  20
-756.451785
  0
VERTEX
  8
14
  10
-60077.434083
  20
-757.850233
  0
VERTEX
  8
14
  10
-60078.183594
  20
-759.217072
  0
VERTEX
  8
14
  10
-60078.402289
  20
-759.591235
  0
VERTEX
  8
14
  10
-60078.636673
  20
-759.972655
  0
VERTEX
  8
14
  10
-60078.890851
  20
-760.368953
  0
VERTEX
  8
14
  10
-60079.161179
  20
-760.772485
  0
VERTEX
  8
14
  10
-60079.432722
  20
-761.159936
  0
VERTEX
  8
14
  10
-60079.693900
  20
-761.515798
  0
VERTEX
  8
14
  10
-60079.935897
  20
-761.830643
  0
VERTEX
  8
14
  10
-60080.188900
  20
-762.144119
  0
VERTEX
  8
14
  10
-60080.444165
  20
-762.443880
  0
VERTEX
  8
14
  10
-60080.676319
  20
-762.703112
  0
VERTEX
  8
14
  10
-60080.955339
  20
-762.999474
  0
VERTEX
  8
14
  10
-60081.242871
  20
-763.289144
  0
VERTEX
  8
14
  10
-60081.538608
  20
-763.571969
  0
VERTEX
  8
14
  10
-60081.842245
  20
-763.847792
  0
VERTEX
  8
14
  10
-60082.153474
  20
-764.116459
  0
VERTEX
  8
14
  10
-60082.471990
  20
-764.377816
  0
VERTEX
  8
14
  10
-60082.797485
  20
-764.631707
  0
VERTEX
  8
14
  10
-60083.129655
  20
-764.877977
  0
VERTEX
  8
14
  10
-60083.468192
  20
-765.116472
  0
VERTEX
  8
14
  10
-60083.812790
  20
-765.347036
  0
VERTEX
  8
14
  10
-60084.163143
  20
-765.569515
  0
VERTEX
  8
14
  10
-60084.518944
  20
-765.783754
  0
VERTEX
  8
14
  10
-60084.879887
  20
-765.989598
  0
VERTEX
  8
14
  10
-60085.245666
  20
-766.186893
  0
VERTEX
  8
14
  10
-60085.615974
  20
-766.375482
  0
VERTEX
  8
14
  10
-60085.990506
  20
-766.555212
  0
VERTEX
  8
14
  10
-60086.368954
  20
-766.725927
  0
VERTEX
  8
14
  10
-60086.751013
  20
-766.887473
  0
VERTEX
  8
14
  10
-60087.136375
  20
-767.039695
  0
VERTEX
  8
14
  10
-60087.524735
  20
-767.182437
  0
VERTEX
  8
14
  10
-60087.915787
  20
-767.315546
  0
VERTEX
  8
14
  10
-60088.309224
  20
-767.438865
  0
VERTEX
  8
14
  10
-60088.704739
  20
-767.552241
  0
VERTEX
  8
14
  10
-60089.102028
  20
-767.655518
  0
VERTEX
  8
14
  10
-60089.500782
  20
-767.748541
  0
VERTEX
  8
14
  10
-60089.900696
  20
-767.831156
  0
VERTEX
  8
14
  10
-60090.301463
  20
-767.903207
  0
VERTEX
  8
14
  10
-60090.702776
  20
-767.964541
  0
VERTEX
  8
14
  10
-60091.123207
  20
-768.017407
  0
VERTEX
  8
14
  10
-60091.518144
  20
-768.057698
  0
VERTEX
  8
14
  10
-60091.954956
  20
-768.093056
  0
VERTEX
  8
14
  10
-60092.417272
  20
-768.121081
  0
VERTEX
  8
14
  10
-60092.880088
  20
-768.140245
  0
VERTEX
  8
14
  10
-60093.341277
  20
-768.150782
  0
VERTEX
  8
14
  10
-60093.857422
  20
-768.151093
  0
SEQEND
  8
14
  0
POINT
  8
2
 10
-60215.156250
 20
-768.151093
  0
TEXT
  8
2
 10
-60215.156250
 20
-768.151093
 40
0.000000
 50
0.000000
  1
# 98
  0
POINT
  8
2
 10
-60336.777344
 20
-768.151093
  0
TEXT
  8
2
 10
-60336.777344
 20
-768.151093
 40
0.000000
 50
0.000000
  1
# 99
  0
POINT
  8
2
 10
-60352.451172
 20
-759.217072
  0
TEXT
  8
2
 10
-60352.451172
 20
-759.217072
 40
0.000000
 50
0.000000
  1
# 100
  0
POINT
  8
2
 10
-60377.534180
 20
-700.954895
  0
TEXT
  8
2
 10
-60377.534180
 20
-700.954895
 40
0.000000
 50
0.000000
  1
# 101
  0
POINT
  8
2
 10
-60364.526367
 20
-475.743866
  0
TEXT
  8
2
 10
-60364.526367
 20
-475.743866
 40
0.000000
 50
0.000000
  1
# 102
  0
POINT
  8
2
 10
-60215.288086
 20
-491.815338
  0
TEXT
  8
2
 10
-60215.288086
 20
-491.815338
 40
0.000000
 50
0.000000
  1
# 103
  0
POINT
  8
2
 10
-60100.585938
 20
-481.045837
  0
TEXT
  8
2
 10
-60100.585938
 20
-481.045837
 40
0.000000
 50
0.000000
  1
# 104
  0
POINT
  8
2
 10
-60050.913086
 20
-640.561447
  0
TEXT
  8
2
 10
-60050.913086
 20
-640.561447
 40
0.000000
 50
0.000000
  1
# 105
  0
POINT
  8
2
 10
-60052.915039
 20
-700.778046
  0
TEXT
  8
2
 10
-60052.915039
 20
-700.778046
 40
0.000000
 50
0.000000
  1
# 106
  0
POINT
  8
2
 10
-60078.183594
 20
-759.217072
  0
TEXT
  8
2
 10
-60078.183594
 20
-759.217072
 40
0.000000
 50
0.000000
  1
# 107
  0
POINT
  8
2
 10
-60093.857422
 20
-768.151093
  0
TEXT
  8
2
 10
-60093.857422
 20
-768.151093
 40
0.000000
 50
0.000000
  1
# 108
  0
POINT
  8
3
 10
-60227.656250
 20
-768.151093
  0
POINT
  8
3
 10
-60328.081055
 20
-768.151093
  0
POINT
  8
3
 10
-60337.293489
 20
-768.150782
  0
POINT
  8
3
 10
-60337.754678
 20
-768.140245
  0
POINT
  8
3
 10
-60338.217494
 20
-768.121081
  0
POINT
  8
3
 10
-60338.679810
 20
-768.093056
  0
POINT
  8
3
 10
-60339.116621
 20
-768.057698
  0
POINT
  8
3
 10
-60339.511559
 20
-768.017407
  0
POINT
  8
3
 10
-60339.931989
 20
-767.964541
  0
POINT
  8
3
 10
-60340.333303
 20
-767.903207
  0
POINT
  8
3
 10
-60340.734070
 20
-767.831156
  0
POINT
  8
3
 10
-60341.133983
 20
-767.748541
  0
POINT
  8
3
 10
-60341.532737
 20
-767.655518
  0
POINT
  8
3
 10
-60341.930026
 20
-767.552241
  0
POINT
  8
3
 10
-60342.325542
 20
-767.438865
  0
POINT
  8
3
 10
-60342.718978
 20
-767.315546
  0
POINT
  8
3
 10
-60343.110030
 20
-767.182437
  0
POINT
  8
3
 10
-60343.498390
 20
-767.039695
  0
POINT
  8
3
 10
-60343.883753
 20
-766.887473
  0
POINT
  8
3
 10
-60344.265812
 20
-766.725927
  0
POINT
  8
3
 10
-60344.644260
 20
-766.555212
  0
POINT
  8
3
 10
-60345.018791
 20
-766.375482
  0
POINT
  8
3
 10
-60345.389100
 20
-766.186893
  0
POINT
  8
3
 10
-60345.754879
 20
-765.989598
  0
POINT
  8
3
 10
-60346.115822
 20
-765.783754
  0
POINT
  8
3
 10
-60346.471623
 20
-765.569515
  0
POINT
  8
3
 10
-60346.821976
 20
-765.347036
  0
POINT
  8
3
 10
-60347.166574
 20
-765.116472
  0
POINT
  8
3
 10
-60347.505111
 20
-764.877977
  0
POINT
  8
3
 10
-60347.837280
 20
-764.631707
  0
POINT
  8
3
 10
-60348.162776
 20
-764.377816
  0
POINT
  8
3
 10
-60348.481292
 20
-764.116459
  0
POINT
  8
3
 10
-60348.792521
 20
-763.847792
  0
POINT
  8
3
 10
-60349.096158
 20
-763.571969
  0
POINT
  8
3
 10
-60349.391895
 20
-763.289144
  0
POINT
  8
3
 10
-60349.679427
 20
-762.999474
  0
POINT
  8
3
 10
-60349.958447
 20
-762.703112
  0
POINT
  8
3
 10
-60350.190600
 20
-762.443880
  0
POINT
  8
3
 10
-60350.445865
 20
-762.144119
  0
POINT
  8
3
 10
-60350.698868
 20
-761.830643
  0
POINT
  8
3
 10
-60350.940865
 20
-761.515798
  0
POINT
  8
3
 10
-60351.202044
 20
-761.159936
  0
POINT
  8
3
 10
-60351.473587
 20
-760.772485
  0
POINT
  8
3
 10
-60351.743914
 20
-760.368953
  0
POINT
  8
3
 10
-60351.998093
 20
-759.972655
  0
POINT
  8
3
 10
-60352.232476
 20
-759.591235
  0
POINT
  8
3
 10
-60353.200683
 20
-757.850233
  0
POINT
  8
3
 10
-60353.862074
 20
-756.451785
  0
POINT
  8
3
 10
-60354.506361
 20
-754.899050
  0
POINT
  8
3
 10
-60355.157947
 20
-753.078989
  0
POINT
  8
3
 10
-60355.876469
 20
-750.817104
  0
POINT
  8
3
 10
-60356.547310
 20
-748.428185
  0
POINT
  8
3
 10
-60357.200744
 20
-745.777569
  0
POINT
  8
3
 10
-60357.893785
 20
-742.584339
  0
POINT
  8
3
 10
-60359.463858
 20
-734.447137
  0
POINT
  8
3
 10
-60360.257555
 20
-730.549896
  0
POINT
  8
3
 10
-60360.973663
 20
-727.407063
  0
POINT
  8
3
 10
-60361.681860
 20
-724.648083
  0
POINT
  8
3
 10
-60362.403083
 20
-722.152913
  0
POINT
  8
3
 10
-60363.101327
 20
-720.002028
  0
POINT
  8
3
 10
-60363.781557
 20
-718.153363
  0
POINT
  8
3
 10
-60364.469451
 20
-716.510102
  0
POINT
  8
3
 10
-60365.198236
 20
-714.972243
  0
POINT
  8
3
 10
-60366.026644
 20
-713.422479
  0
POINT
  8
3
 10
-60367.032837
 20
-711.727624
  0
POINT
  8
3
 10
-60368.130537
 20
-710.033494
  0
POINT
  8
3
 10
-60369.142836
 20
-708.611497
  0
POINT
  8
3
 10
-60370.070267
 20
-707.435961
  0
POINT
  8
3
 10
-60370.966570
 20
-706.433172
  0
POINT
  8
3
 10
-60371.994014
 20
-705.419211
  0
POINT
  8
3
 10
-60373.336102
 20
-704.231067
  0
POINT
  8
3
 10
-60375.274739
 20
-702.648260
  0
POINT
  8
3
 10
-60377.683123
 20
-698.490382
  0
POINT
  8
3
 10
-60378.246186
 20
-688.555105
  0
POINT
  8
3
 10
-60378.702954
 20
-679.184757
  0
POINT
  8
3
 10
-60379.078845
 20
-669.810580
  0
POINT
  8
3
 10
-60379.373410
 20
-660.433317
  0
POINT
  8
3
 10
-60379.586200
 20
-651.053654
  0
POINT
  8
3
 10
-60379.714271
 20
-641.801550
  0
POINT
  8
3
 10
-60379.752672
 20
-633.170226
  0
POINT
  8
3
 10
-60379.707320
 20
-624.914438
  0
POINT
  8
3
 10
-60379.581499
 20
-617.034874
  0
POINT
  8
3
 10
-60379.380049
 20
-609.500754
  0
POINT
  8
3
 10
-60379.083739
 20
-601.625355
  0
POINT
  8
3
 10
-60378.700522
 20
-593.753697
  0
POINT
  8
3
 10
-60378.226516
 20
-585.816903
  0
POINT
  8
3
 10
-60377.671808
 20
-577.955949
  0
POINT
  8
3
 10
-60377.006345
 20
-569.727041
  0
POINT
  8
3
 10
-60376.226647
 20
-561.131024
  0
POINT
  8
3
 10
-60375.252843
 20
-551.422265
  0
POINT
  8
3
 10
-60374.263547
 20
-542.365506
  0
POINT
  8
3
 10
-60373.162509
 20
-533.048298
  0
POINT
  8
3
 10
-60372.023099
 20
-524.114325
  0
POINT
  8
3
 10
-60370.799150
 20
-515.192030
  0
POINT
  8
3
 10
-60369.465007
 20
-506.107438
  0
POINT
  8
3
 10
-60367.900396
 20
-496.030898
  0
POINT
  8
3
 10
-60366.261171
 20
-485.951623
  0
POINT
  8
3
 10
-60362.046469
 20
-476.174948
  0
POINT
  8
3
 10
-60354.797028
 20
-477.388407
  0
POINT
  8
3
 10
-60347.083259
 20
-478.588704
  0
POINT
  8
3
 10
-60336.898869
 20
-480.071898
  0
POINT
  8
3
 10
-60326.705676
 20
-481.503505
  0
POINT
  8
3
 10
-60316.599334
 20
-482.934091
  0
POINT
  8
3
 10
-60306.409038
 20
-484.386265
  0
POINT
  8
3
 10
-60296.212754
 20
-485.789441
  0
POINT
  8
3
 10
-60288.116471
 20
-486.827344
  0
POINT
  8
3
 10
-60281.080715
 20
-487.649911
  0
POINT
  8
3
 10
-60273.667637
 20
-488.429344
  0
POINT
  8
3
 10
-60266.245485
 20
-489.121755
  0
POINT
  8
3
 10
-60258.815755
 20
-489.728481
  0
POINT
  8
3
 10
-60251.379944
 20
-490.250860
  0
POINT
  8
3
 10
-60243.799903
 20
-490.698602
  0
POINT
  8
3
 10
-60234.936202
 20
-491.130943
  0
POINT
  8
3
 10
-60225.405055
 20
-491.508498
  0
POINT
  8
3
 10
-60205.616997
 20
-491.524271
  0
POINT
  8
3
 10
-60196.160825
 20
-491.152051
  0
POINT
  8
3
 10
-60187.227675
 20
-490.718680
  0
POINT
  8
3
 10
-60179.346033
 20
-490.256539
  0
POINT
  8
3
 10
-60172.059892
 20
-489.747360
  0
POINT
  8
3
 10
-60164.779392
 20
-489.155806
  0
POINT
  8
3
 10
-60157.505870
 20
-488.481591
  0
POINT
  8
3
 10
-60150.240658
 20
-487.724429
  0
POINT
  8
3
 10
-60142.985107
 20
-486.884038
  0
POINT
  8
3
 10
-60135.343540
 20
-485.911207
  0
POINT
  8
3
 10
-60125.575129
 20
-484.573523
  0
POINT
  8
3
 10
-60115.451671
 20
-483.135524
  0
POINT
  8
3
 10
-60105.586407
 20
-481.738318
  0
POINT
  8
3
 10
-60051.073471
 20
-651.040216
  0
POINT
  8
3
 10
-60051.316219
 20
-661.516403
  0
POINT
  8
3
 10
-60051.624504
 20
-671.405477
  0
POINT
  8
3
 10
-60051.988731
 20
-680.421363
  0
POINT
  8
3
 10
-60052.478079
 20
-690.216026
  0
POINT
  8
3
 10
-60053.038391
 20
-699.954427
  0
POINT
  8
3
 10
-60055.360027
 20
-702.648260
  0
POINT
  8
3
 10
-60057.298664
 20
-704.231067
  0
POINT
  8
3
 10
-60058.640752
 20
-705.419211
  0
POINT
  8
3
 10
-60059.668195
 20
-706.433172
  0
POINT
  8
3
 10
-60060.564499
 20
-707.435961
  0
POINT
  8
3
 10
-60061.491930
 20
-708.611497
  0
POINT
  8
3
 10
-60062.504228
 20
-710.033494
  0
POINT
  8
3
 10
-60063.601928
 20
-711.727624
  0
POINT
  8
3
 10
-60064.608122
 20
-713.422479
  0
POINT
  8
3
 10
-60065.436530
 20
-714.972243
  0
POINT
  8
3
 10
-60066.165314
 20
-716.510102
  0
POINT
  8
3
 10
-60066.853208
 20
-718.153363
  0
POINT
  8
3
 10
-60067.533439
 20
-720.002028
  0
POINT
  8
3
 10
-60068.231683
 20
-722.152913
  0
POINT
  8
3
 10
-60068.952906
 20
-724.648083
  0
POINT
  8
3
 10
-60069.661102
 20
-727.407063
  0
POINT
  8
3
 10
-60070.377211
 20
-730.549896
  0
POINT
  8
3
 10
-60071.170908
 20
-734.447137
  0
POINT
  8
3
 10
-60072.740980
 20
-742.584339
  0
POINT
  8
3
 10
-60073.434022
 20
-745.777569
  0
POINT
  8
3
 10
-60074.087456
 20
-748.428185
  0
POINT
  8
3
 10
-60074.758297
 20
-750.817104
  0
POINT
  8
3
 10
-60075.476818
 20
-753.078989
  0
POINT
  8
3
 10
-60076.128405
 20
-754.899050
  0
POINT
  8
3
 10
-60076.772691
 20
-756.451785
  0
POINT
  8
3
 10
-60077.434083
 20
-757.850233
  0
POINT
  8
3
 10
-60078.402289
 20
-759.591235
  0
POINT
  8
3
 10
-60078.636673
 20
-759.972655
  0
POINT
  8
3
 10
-60078.890851
 20
-760.368953
  0
POINT
  8
3
 10
-60079.161179
 20
-760.772485
  0
POINT
  8
3
 10
-60079.432722
 20
-761.159936
  0
POINT
  8
3
 10
-60079.693900
 20
-761.515798
  0
POINT
  8
3
 10
-60079.935897
 20
-761.830643
  0
POINT
  8
3
 10
-60080.188900
 20
-762.144119
  0
POINT
  8
3
 10
-60080.444165
 20
-762.443880
  0
POINT
  8
3
 10
-60080.676319
 20
-762.703112
  0
POINT
  8
3
 10
-60080.955339
 20
-762.999474
  0
POINT
  8
3
 10
-60081.242871
 20
-763.289144
  0
POINT
  8
3
 10
-60081.538608
 20
-763.571969
  0
POINT
  8
3
 10
-60081.842245
 20
-763.847792
  0
POINT
  8
3
 10
-60082.153474
 20
-764.116459
  0
POINT
  8
3
 10
-60082.471990
 20
-764.377816
  0
POINT
  8
3
 10
-60082.797485
 20
-764.631707
  0
POINT
  8
3
 10
-60083.129655
 20
-764.877977
  0
POINT
  8
3
 10
-60083.468192
 20
-765.116472
  0
POINT
  8
3
 10
-60083.812790
 20
-765.347036
  0
POINT
  8
3
 10
-60084.163143
 20
-765.569515
  0
POINT
  8
3
 10
-60084.518944
 20
-765.783754
  0
POINT
  8
3
 10
-60084.879887
 20
-765.989598
  0
POINT
  8
3
 10
-60085.245666
 20
-766.186893
  0
POINT
  8
3
 10
-60085.615974
 20
-766.375482
  0
POINT
  8
3
 10
-60085.990506
 20
-766.555212
  0
POINT
  8
3
 10
-60086.368954
 20
-766.725927
  0
POINT
  8
3
 10
-60086.751013
 20
-766.887473
  0
POINT
  8
3
 10
-60087.136375
 20
-767.039695
  0
POINT
  8
3
 10
-60087.524735
 20
-767.182437
  0
POINT
  8
3
 10
-60087.915787
 20
-767.315546
  0
POINT
  8
3
 10
-60088.309224
 20
-767.438865
  0
POINT
  8
3
 10
-60088.704739
 20
-767.552241
  0
POINT
  8
3
 10
-60089.102028
 20
-767.655518
  0
POINT
  8
3
 10
-60089.500782
 20
-767.748541
  0
POINT
  8
3
 10
-60089.900696
 20
-767.831156
  0
POINT
  8
3
 10
-60090.301463
 20
-767.903207
  0
POINT
  8
3
 10
-60090.702776
 20
-767.964541
  0
POINT
  8
3
 10
-60091.123207
 20
-768.017407
  0
POINT
  8
3
 10
-60091.518144
 20
-768.057698
  0
POINT
  8
3
 10
-60091.954956
 20
-768.093056
  0
POINT
  8
3
 10
-60092.417272
 20
-768.121081
  0
POINT
  8
3
 10
-60092.880088
 20
-768.140245
  0
POINT
  8
3
 10
-60093.341277
 20
-768.150782
  0
POINT
  8
4
 10
-60227.656250
 20
-768.151093
 30
1.000000
 50
102.12
  0
TEXT
  8
4
 10
-60227.656250
 20
-768.151093
 40
0.000000
 50
0.000000
  1
# 109
  0
POINT
  8
4
 10
-60328.081055
 20
-768.151093
 30
1.000000
 50
103.00
  0
TEXT
  8
4
 10
-60328.081055
 20
-768.151093
 40
0.000000
 50
0.000000
  1
# 110
  0
POLYLINE
  8
8
  66
1
  70
0
  0
VERTEX
  8
8
  10
-60215.288086
  20
-491.799927
  0
VERTEX
  8
8
  10
-60215.296176
  20
-502.130630
  0
VERTEX
  8
8
  10
-60215.303951
  20
-512.480985
  0
VERTEX
  8
8
  10
-60215.311158
  20
-522.518380
  0
VERTEX
  8
8
  10
-60215.318053
  20
-532.709723
  0
VERTEX
  8
8
  10
-60215.324530
  20
-542.779744
  0
VERTEX
  8
8
  10
-60215.330984
  20
-552.849774
  0
VERTEX
  8
8
  10
-60215.337737
  20
-562.919801
  0
VERTEX
  8
8
  10
-60215.345226
  20
-573.248857
  0
VERTEX
  8
8
  10
-60215.352832
  20
-583.318898
  0
VERTEX
  8
8
  10
-60215.360315
  20
-593.388935
  0
VERTEX
  8
8
  10
-60215.367447
  20
-603.733392
  0
VERTEX
  8
8
  10
-60215.373783
  20
-613.803410
  0
VERTEX
  8
8
  10
-60215.379831
  20
-623.873421
  0
VERTEX
  8
8
  10
-60215.385918
  20
-633.943430
  0
VERTEX
  8
8
  10
-60215.392363
  20
-644.071633
  0
VERTEX
  8
8
  10
-60215.399091
  20
-654.141646
  0
VERTEX
  8
8
  10
-60215.406038
  20
-664.211662
  0
VERTEX
  8
8
  10
-60215.413136
  20
-674.327191
  0
VERTEX
  8
8
  10
-60215.420275
  20
-684.397213
  0
VERTEX
  8
8
  10
-60215.427532
  20
-694.467235
  0
VERTEX
  8
8
  10
-60215.434835
  20
-704.370036
  0
VERTEX
  8
8
  10
-60215.442739
  20
-714.842841
  0
VERTEX
  8
8
  10
-60215.450315
  20
-724.912847
  0
VERTEX
  8
8
  10
-60215.457624
  20
-734.982849
  0
VERTEX
  8
8
  10
-60215.464432
  20
-745.022194
  0
VERTEX
  8
8
  10
-60215.470765
  20
-755.029835
  0
VERTEX
  8
8
  10
-60215.476667
  20
-764.915502
  0
VERTEX
  8
8
  10
-60215.478516
  20
-768.151093
  0
SEQEND
  8
8
  0
POINT
  8
2
 10
-60215.288086
 20
-491.799927
  0
TEXT
  8
2
 10
-60215.288086
 20
-491.799927
 40
0.000000
 50
0.000000
  1
# 111
  0
POINT
  8
2
 10
-60215.478516
 20
-768.151093
  0
TEXT
  8
2
 10
-60215.478516
 20
-768.151093
 40
0.000000
 50
0.000000
  1
# 112
  0
POINT
  8
3
 10
-60215.296176
 20
-502.130630
  0
POINT
  8
3
 10
-60215.303951
 20
-512.480985
  0
POINT
  8
3
 10
-60215.311158
 20
-522.518380
  0
POINT
  8
3
 10
-60215.318053
 20
-532.709723
  0
POINT
  8
3
 10
-60215.324530
 20
-542.779744
  0
POINT
  8
3
 10
-60215.330984
 20
-552.849774
  0
POINT
  8
3
 10
-60215.337737
 20
-562.919801
  0
POINT
  8
3
 10
-60215.345226
 20
-573.248857
  0
POINT
  8
3
 10
-60215.352832
 20
-583.318898
  0
POINT
  8
3
 10
-60215.360315
 20
-593.388935
  0
POINT
  8
3
 10
-60215.367447
 20
-603.733392
  0
POINT
  8
3
 10
-60215.373783
 20
-613.803410
  0
POINT
  8
3
 10
-60215.379831
 20
-623.873421
  0
POINT
  8
3
 10
-60215.385918
 20
-633.943430
  0
POINT
  8
3
 10
-60215.392363
 20
-644.071633
  0
POINT
  8
3
 10
-60215.399091
 20
-654.141646
  0
POINT
  8
3
 10
-60215.406038
 20
-664.211662
  0
POINT
  8
3
 10
-60215.413136
 20
-674.327191
  0
POINT
  8
3
 10
-60215.420275
 20
-684.397213
  0
POINT
  8
3
 10
-60215.427532
 20
-694.467235
  0
POINT
  8
3
 10
-60215.434835
 20
-704.370036
  0
POINT
  8
3
 10
-60215.442739
 20
-714.842841
  0
POINT
  8
3
 10
-60215.450315
 20
-724.912847
  0
POINT
  8
3
 10
-60215.457624
 20
-734.982849
  0
POINT
  8
3
 10
-60215.464432
 20
-745.022194
  0
POINT
  8
3
 10
-60215.470765
 20
-755.029835
  0
POINT
  8
3
 10
-60215.476667
 20
-764.915502
  0
POLYLINE
  8
8
  66
1
  70
0
  0
VERTEX
  8
8
  10
-60361.215820
  20
-624.581413
  0
VERTEX
  8
8
  10
-60263.564453
  20
-600.916901
  0
SEQEND
  8
8
  0
POINT
  8
2
 10
-60361.215820
 20
-624.581413
  0
TEXT
  8
2
 10
-60361.215820
 20
-624.581413
 40
0.000000
 50
0.000000
  1
# 113
  0
POINT
  8
2
 10
-60263.564453
 20
-600.916901
  0
TEXT
  8
2
 10
-60263.564453
 20
-600.916901
 40
0.000000
 50
0.000000
  1
# 114
  0
POLYLINE
  8
8
  66
1
  70
0
  0
VERTEX
  8
8
  10
-60263.564453
  20
-600.916901
  0
VERTEX
  8
8
  10
-60227.656250
  20
-768.151093
  0
SEQEND
  8
8
  0
POINT
  8
2
 10
-60263.564453
 20
-600.916901
  0
TEXT
  8
2
 10
-60263.564453
 20
-600.916901
 40
0.000000
 50
0.000000
  1
# 115
  0
POINT
  8
2
 10
-60227.656250
 20
-768.151093
  0
TEXT
  8
2
 10
-60227.656250
 20
-768.151093
 40
0.000000
 50
0.000000
  1
# 116
  0
POLYLINE
  8
8
  66
1
  70
0
  0
VERTEX
  8
8
  10
-60358.969727
  20
-634.325981
  0
VERTEX
  8
8
  10
-60261.464844
  20
-610.697441
  0
SEQEND
  8
8
  0
POINT
  8
2
 10
-60358.969727
 20
-634.325981
  0
TEXT
  8
2
 10
-60358.969727
 20
-634.325981
 40
0.000000
 50
0.000000
  1
# 117
  0
POINT
  8
2
 10
-60261.464844
 20
-610.697441
  0
TEXT
  8
2
 10
-60261.464844
 20
-610.697441
 40
0.000000
 50
0.000000
  1
# 118
  0
POLYLINE
  8
8
  66
1
  70
0
  0
VERTEX
  8
8
  10
-60328.081055
  20
-768.151093
  0
VERTEX
  8
8
  10
-60361.215820
  20
-624.581413
  0
SEQEND
  8
8
  0
POINT
  8
2
 10
-60328.081055
 20
-768.151093
  0
TEXT
  8
2
 10
-60328.081055
 20
-768.151093
 40
0.000000
 50
0.000000
  1
# 119
  0
POINT
  8
2
 10
-60361.215820
 20
-624.581413
  0
TEXT
  8
2
 10
-60361.215820
 20
-624.581413
 40
0.000000
 50
0.000000
  1
# 120
  0
POLYLINE
  8
8
  66
1
  70
0
  0
VERTEX
  8
8
  10
-60330.053711
  20
-481.045837
  0
VERTEX
  8
8
  10
-60379.687500
  20
-640.588379
  0
SEQEND
  8
8
  0
POINT
  8
2
 10
-60330.053711
 20
-481.045837
  0
TEXT
  8
2
 10
-60330.053711
 20
-481.045837
 40
0.000000
 50
0.000000
  1
# 121
  0
POINT
  8
2
 10
-60379.687500
 20
-640.588379
  0
TEXT
  8
2
 10
-60379.687500
 20
-640.588379
 40
0.000000
 50
0.000000
  1
# 122
 0
LINE
 8
7
 10
-60199.160156
 20
-531.364746
 11
-60199.160156
 21
-726.095810
  0
TEXT
  8
1
 10
-60215.322266
 20
-621.181850
 40
10.000000
 50
0.000000
  1
Piece Name: 26SMC-WP117M 展_前袋布_175/84
  0
TEXT
  8
1
 10
-60215.322266
 20
-606.181850
 40
10.000000
 50
0.000000
  1
Size: 175/84
  0
TEXT
  8
1
 10
-60215.322266
 20
-591.181850
 40
10.000000
 50
0.000000
  1
Annotation: 
  0
TEXT
  8
1
 10
-60215.322266
 20
-576.181850
 40
10.000000
 50
0.000000
  1
Quantity: 1,1
  0
TEXT
  8
1
 10
-60215.322266
 20
-561.181850
 40
10.000000
 50
0.000000
  1
Material: TC
  0
TEXT
  8
1
 10
-60215.322266
 20
-561.181850
 40
10.000000
 50
0.000000
  1
Category: 2
0
ENDBLK
0
BLOCK
  8
1
  2
26SMC-WP117M 展_左前片_175/84
 70
0
 10
0.0
 20
0.0
  0
POLYLINE
  8
1
  66
1
  70
1
  0
VERTEX
  8
1
  10
-60677.055664
  20
-906.908875
  0
VERTEX
  8
1
  10
-60676.245117
  20
-871.908875
  0
VERTEX
  8
1
  10
-60676.245117
  20
-871.908875
  0
VERTEX
  8
1
  10
-60686.171875
  20
-443.396454
  0
VERTEX
  8
1
  10
-60686.176758
  20
-443.347130
  0
VERTEX
  8
1
  10
-60686.513672
  20
-433.069000
  0
VERTEX
  8
1
  10
-60686.870117
  20
-422.886848
  0
VERTEX
  8
1
  10
-60687.236328
  20
-412.779579
  0
VERTEX
  8
1
  10
-60687.631836
  20
-402.515984
  0
VERTEX
  8
1
  10
-60688.056641
  20
-392.232399
  0
VERTEX
  8
1
  10
-60688.510742
  20
-381.951904
  0
VERTEX
  8
1
  10
-60688.984375
  20
-371.886940
  0
VERTEX
  8
1
  10
-60689.497070
  20
-361.614723
  0
VERTEX
  8
1
  10
-60690.048828
  20
-351.347427
  0
VERTEX
  8
1
  10
-60690.629883
  20
-341.299438
  0
VERTEX
  8
1
  10
-60691.259766
  20
-331.043282
  0
VERTEX
  8
1
  10
-60691.938477
  20
-320.793571
  0
VERTEX
  8
1
  10
-60692.651367
  20
-310.767040
  0
VERTEX
  8
1
  10
-60693.432617
  20
-300.527668
  0
VERTEX
  8
1
  10
-60694.262695
  20
-290.293388
  0
VERTEX
  8
1
  10
-60695.126953
  20
-280.287056
  0
VERTEX
  8
1
  10
-60696.064453
  20
-270.070534
  0
VERTEX
  8
1
  10
-60696.621094
  20
-264.433270
  0
VERTEX
  8
1
  10
-60697.065430
  20
-259.865303
  0
VERTEX
  8
1
  10
-60698.115234
  20
-249.870701
  0
VERTEX
  8
1
  10
-60699.252930
  20
-239.682846
  0
VERTEX
  8
1
  10
-60700.463867
  20
-229.503307
  0
VERTEX
  8
1
  10
-60701.713867
  20
-219.547348
  0
VERTEX
  8
1
  10
-60703.061523
  20
-209.389629
  0
VERTEX
  8
1
  10
-60704.482422
  20
-199.244785
  0
VERTEX
  8
1
  10
-60705.952148
  20
-189.330235
  0
VERTEX
  8
1
  10
-60707.529297
  20
-179.213886
  0
VERTEX
  8
1
  10
-60709.130859
  20
-169.461536
  0
VERTEX
  8
1
  10
-60710.825195
  20
-159.634676
  0
VERTEX
  8
1
  10
-60712.587891
  20
-149.914074
  0
VERTEX
  8
1
  10
-60714.433594
  20
-140.210619
  0
VERTEX
  8
1
  10
-60716.293945
  20
-130.870905
  0
VERTEX
  8
1
  10
-60718.237305
  20
-121.524668
  0
VERTEX
  8
1
  10
-60720.253906
  20
-112.220325
  0
VERTEX
  8
1
  10
-60722.358398
  20
-102.934942
  0
VERTEX
  8
1
  10
-60724.511719
  20
-93.783293
  0
VERTEX
  8
1
  10
-60724.892578
  20
-92.226753
  0
VERTEX
  8
1
  10
-60726.967773
  20
-83.736439
  0
VERTEX
  8
1
  10
-60729.423828
  20
-73.972511
  0
VERTEX
  8
1
  10
-60731.049805
  20
-67.626805
  0
VERTEX
  8
1
  10
-60732.895508
  20
-60.362730
  0
VERTEX
  8
1
  10
-60726.914063
  20
-57.284374
  0
VERTEX
  8
1
  10
-60723.359375
  20
-55.484476
  0
VERTEX
  8
1
  10
-60721.147461
  20
-54.292307
  0
VERTEX
  8
1
  10
-60718.906250
  20
-52.995234
  0
VERTEX
  8
1
  10
-60716.923828
  20
-51.767144
  0
VERTEX
  8
1
  10
-60715.063477
  20
-50.526552
  0
VERTEX
  8
1
  10
-60713.393555
  20
-49.322238
  0
VERTEX
  8
1
  10
-60711.889648
  20
-48.141150
  0
VERTEX
  8
1
  10
-60710.483398
  20
-46.940017
  0
VERTEX
  8
1
  10
-60709.135742
  20
-45.688210
  0
VERTEX
  8
1
  10
-60707.968750
  20
-44.509320
  0
VERTEX
  8
1
  10
-60706.855469
  20
-43.294392
  0
VERTEX
  8
1
  10
-60705.805664
  20
-42.046213
  0
VERTEX
  8
1
  10
-60704.824219
  20
-40.767531
  0
VERTEX
  8
1
  10
-60703.920898
  20
-39.480870
  0
VERTEX
  8
1
  10
-60703.061523
  20
-38.125045
  0
VERTEX
  8
1
  10
-60702.241211
  20
-36.711273
  0
VERTEX
  8
1
  10
-60701.474609
  20
-35.242128
  0
VERTEX
  8
1
  10
-60700.678711
  20
-33.565872
  0
VERTEX
  8
1
  10
-60699.931641
  20
-31.831300
  0
VERTEX
  8
1
  10
-60699.184570
  20
-29.878974
  0
VERTEX
  8
1
  10
-60698.491211
  20
-27.871473
  0
VERTEX
  8
1
  10
-60697.817383
  20
-25.672977
  0
VERTEX
  8
1
  10
-60697.202148
  20
-23.405681
  0
VERTEX
  8
1
  10
-60696.611328
  20
-20.917988
  0
VERTEX
  8
1
  10
-60696.088867
  20
-18.385031
  0
VERTEX
  8
1
  10
-60695.595703
  20
-15.624213
  0
VERTEX
  8
1
  10
-60695.141602
  20
-12.641151
  0
VERTEX
  8
1
  10
-60694.707031
  20
-9.249001
  0
VERTEX
  8
1
  10
-60694.282227
  20
-5.304963
  0
VERTEX
  8
1
  10
-60693.911133
  20
-1.098038
  0
VERTEX
  8
1
  10
-60693.725586
  20
1.559813
  0
VERTEX
  8
1
  10
-60693.647461
  20
2.635631
  0
VERTEX
  8
1
  10
-60675.996094
  20
156.856709
  0
VERTEX
  8
1
  10
-60666.645508
  20
156.807604
  0
VERTEX
  8
1
  10
-60656.547852
  20
156.745977
  0
VERTEX
  8
1
  10
-60646.210938
  20
156.714554
  0
VERTEX
  8
1
  10
-60636.269531
  20
156.722698
  0
VERTEX
  8
1
  10
-60625.996094
  20
156.784859
  0
VERTEX
  8
1
  10
-60615.737305
  20
156.914663
  0
VERTEX
  8
1
  10
-60605.488281
  20
157.123833
  0
VERTEX
  8
1
  10
-60595.761719
  20
157.406721
  0
VERTEX
  8
1
  10
-60586.562500
  20
157.759581
  0
VERTEX
  8
1
  10
-60577.890625
  20
158.176422
  0
VERTEX
  8
1
  10
-60577.319336
  20
158.209620
  0
VERTEX
  8
1
  10
-60569.741211
  20
158.649416
  0
VERTEX
  8
1
  10
-60561.606445
  20
159.206657
  0
VERTEX
  8
1
  10
-60553.999023
  20
159.810829
  0
VERTEX
  8
1
  10
-60546.401367
  20
160.499058
  0
VERTEX
  8
1
  10
-60539.326172
  20
161.221523
  0
VERTEX
  8
1
  10
-60532.265625
  20
162.025337
  0
VERTEX
  8
1
  10
-60525.161133
  20
162.921677
  0
VERTEX
  8
1
  10
-60516.557617
  20
164.100609
  0
VERTEX
  8
1
  10
-60506.362305
  20
165.559750
  0
VERTEX
  8
1
  10
-60496.098633
  20
167.014103
  0
VERTEX
  8
1
  10
-60490.302734
  20
167.819862
  0
VERTEX
  8
1
  10
-60482.778320
  20
168.874741
  0
VERTEX
  8
1
  10
-60430.097656
  20
-0.449115
  0
VERTEX
  8
1
  10
-60430.297852
  20
-12.264034
  0
VERTEX
  8
1
  10
-60430.546875
  20
-22.736077
  0
VERTEX
  8
1
  10
-60430.864258
  20
-32.970490
  0
VERTEX
  8
1
  10
-60431.225586
  20
-42.158422
  0
VERTEX
  8
1
  10
-60431.669922
  20
-51.293917
  0
VERTEX
  8
1
  10
-60432.241211
  20
-61.241369
  0
VERTEX
  8
1
  10
-60432.900391
  20
-71.326308
  0
VERTEX
  8
1
  10
-60433.623047
  20
-81.493626
  0
VERTEX
  8
1
  10
-60434.365234
  20
-91.390762
  0
VERTEX
  8
1
  10
-60435.195313
  20
-101.817379
  0
VERTEX
  8
1
  10
-60436.040039
  20
-111.979036
  0
VERTEX
  8
1
  10
-60436.938477
  20
-122.230549
  0
VERTEX
  8
1
  10
-60437.885742
  20
-132.355537
  0
VERTEX
  8
1
  10
-60438.886719
  20
-142.482643
  0
VERTEX
  8
1
  10
-60439.921875
  20
-152.593384
  0
VERTEX
  8
1
  10
-60440.976563
  20
-162.640419
  0
VERTEX
  8
1
  10
-60442.060547
  20
-172.731915
  0
VERTEX
  8
1
  10
-60443.159180
  20
-182.816944
  0
VERTEX
  8
1
  10
-60444.262695
  20
-192.843304
  0
VERTEX
  8
1
  10
-60445.375977
  20
-202.916775
  0
VERTEX
  8
1
  10
-60446.489258
  20
-212.985249
  0
VERTEX
  8
1
  10
-60447.602539
  20
-223.073902
  0
VERTEX
  8
1
  10
-60448.706055
  20
-233.136425
  0
VERTEX
  8
1
  10
-60449.799805
  20
-243.197117
  0
VERTEX
  8
1
  10
-60450.874023
  20
-253.209743
  0
VERTEX
  8
1
  10
-60451.933594
  20
-263.267307
  0
VERTEX
  8
1
  10
-60452.978516
  20
-273.323784
  0
VERTEX
  8
1
  10
-60453.989258
  20
-283.332500
  0
VERTEX
  8
1
  10
-60454.985352
  20
-293.386192
  0
VERTEX
  8
1
  10
-60455.942383
  20
-303.438568
  0
VERTEX
  8
1
  10
-60456.865234
  20
-313.442688
  0
VERTEX
  8
1
  10
-60457.758789
  20
-323.500633
  0
VERTEX
  8
1
  10
-60458.613281
  20
-333.563080
  0
VERTEX
  8
1
  10
-60459.433594
  20
-343.526840
  0
VERTEX
  8
1
  10
-60460.224609
  20
-353.596344
  0
VERTEX
  8
1
  10
-60460.991211
  20
-363.668823
  0
VERTEX
  8
1
  10
-60461.733398
  20
-373.850784
  0
VERTEX
  8
1
  10
-60462.446289
  20
-383.936272
  0
VERTEX
  8
1
  10
-60463.139648
  20
-394.030609
  0
VERTEX
  8
1
  10
-60463.823242
  20
-404.076309
  0
VERTEX
  8
1
  10
-60464.487305
  20
-414.155235
  0
VERTEX
  8
1
  10
-60465.102539
  20
-424.212189
  0
VERTEX
  8
1
  10
-60465.659180
  20
-434.312286
  0
VERTEX
  8
1
  10
-60466.000977
  20
-441.306419
  0
VERTEX
  8
1
  10
-60466.108398
  20
-443.591576
  0
VERTEX
  8
1
  10
-60466.118164
  20
-443.710594
  0
VERTEX
  8
1
  10
-60471.586914
  20
-642.148285
  0
VERTEX
  8
1
  10
-60477.924805
  20
-871.908875
  0
VERTEX
  8
1
  10
-60477.924805
  20
-871.908875
  0
VERTEX
  8
1
  10
-60476.962891
  20
-906.908875
  0
VERTEX
  8
1
  10
-60498.325195
  20
-906.908875
  0
VERTEX
  8
1
  10
-60508.466797
  20
-906.908875
  0
VERTEX
  8
1
  10
-60518.691406
  20
-906.908875
  0
VERTEX
  8
1
  10
-60529.096680
  20
-906.908875
  0
VERTEX
  8
1
  10
-60539.135742
  20
-906.908875
  0
VERTEX
  8
1
  10
-60549.169922
  20
-906.908875
  0
VERTEX
  8
1
  10
-60559.208984
  20
-906.908875
  0
VERTEX
  8
1
  10
-60569.409180
  20
-906.908875
  0
VERTEX
  8
1
  10
-60579.448242
  20
-906.908875
  0
VERTEX
  8
1
  10
-60589.487305
  20
-906.908875
  0
VERTEX
  8
1
  10
-60599.521484
  20
-906.908875
  0
VERTEX
  8
1
  10
-60609.692383
  20
-906.908875
  0
VERTEX
  8
1
  10
-60619.726563
  20
-906.908875
  0
VERTEX
  8
1
  10
-60629.765625
  20
-906.908875
  0
VERTEX
  8
1
  10
-60639.799805
  20
-906.908875
  0
VERTEX
  8
1
  10
-60649.838867
  20
-906.908875
  0
VERTEX
  8
1
  10
-60660.000000
  20
-906.908875
  0
SEQEND
  8
1
  0
POINT
  8
2
 10
-60677.055664
 20
-906.908875
  0
TEXT
  8
2
 10
-60677.055664
 20
-906.908875
 40
0.000000
 50
0.000000
  1
# 123
  0
POINT
  8
2
 10
-60676.245117
 20
-871.908875
  0
TEXT
  8
2
 10
-60676.245117
 20
-871.908875
 40
0.000000
 50
0.000000
  1
# 124
  0
POINT
  8
2
 10
-60686.171875
 20
-443.396454
  0
TEXT
  8
2
 10
-60686.171875
 20
-443.396454
 40
0.000000
 50
0.000000
  1
# 125
  0
POINT
  8
2
 10
-60732.895508
 20
-60.362730
  0
TEXT
  8
2
 10
-60732.895508
 20
-60.362730
 40
0.000000
 50
0.000000
  1
# 126
  0
POINT
  8
2
 10
-60693.647461
 20
2.635631
  0
TEXT
  8
2
 10
-60693.647461
 20
2.635631
 40
0.000000
 50
0.000000
  1
# 127
  0
POINT
  8
2
 10
-60675.996094
 20
156.856709
  0
TEXT
  8
2
 10
-60675.996094
 20
156.856709
 40
0.000000
 50
0.000000
  1
# 128
  0
POINT
  8
2
 10
-60482.778320
 20
168.874741
  0
TEXT
  8
2
 10
-60482.778320
 20
168.874741
 40
0.000000
 50
0.000000
  1
# 129
  0
POINT
  8
2
 10
-60430.097656
 20
-0.449115
  0
TEXT
  8
2
 10
-60430.097656
 20
-0.449115
 40
0.000000
 50
0.000000
  1
# 130
  0
POINT
  8
2
 10
-60434.365234
 20
-91.390762
  0
TEXT
  8
2
 10
-60434.365234
 20
-91.390762
 40
0.000000
 50
0.000000
  1
# 131
  0
POINT
  8
2
 10
-60466.118164
 20
-443.710594
  0
TEXT
  8
2
 10
-60466.118164
 20
-443.710594
 40
0.000000
 50
0.000000
  1
# 132
  0
POINT
  8
2
 10
-60477.924805
 20
-871.908875
  0
TEXT
  8
2
 10
-60477.924805
 20
-871.908875
 40
0.000000
 50
0.000000
  1
# 133
  0
POINT
  8
2
 10
-60476.962891
 20
-906.908875
  0
TEXT
  8
2
 10
-60476.962891
 20
-906.908875
 40
0.000000
 50
0.000000
  1
# 134
  0
POINT
  8
3
 10
-60676.245117
 20
-871.908875
  0
POINT
  8
3
 10
-60686.176758
 20
-443.347130
  0
POINT
  8
3
 10
-60686.513672
 20
-433.069000
  0
POINT
  8
3
 10
-60686.870117
 20
-422.886848
  0
POINT
  8
3
 10
-60687.236328
 20
-412.779579
  0
POINT
  8
3
 10
-60687.631836
 20
-402.515984
  0
POINT
  8
3
 10
-60688.056641
 20
-392.232399
  0
POINT
  8
3
 10
-60688.510742
 20
-381.951904
  0
POINT
  8
3
 10
-60688.984375
 20
-371.886940
  0
POINT
  8
3
 10
-60689.497070
 20
-361.614723
  0
POINT
  8
3
 10
-60690.048828
 20
-351.347427
  0
POINT
  8
3
 10
-60690.629883
 20
-341.299438
  0
POINT
  8
3
 10
-60691.259766
 20
-331.043282
  0
POINT
  8
3
 10
-60691.938477
 20
-320.793571
  0
POINT
  8
3
 10
-60692.651367
 20
-310.767040
  0
POINT
  8
3
 10
-60693.432617
 20
-300.527668
  0
POINT
  8
3
 10
-60694.262695
 20
-290.293388
  0
POINT
  8
3
 10
-60695.126953
 20
-280.287056
  0
POINT
  8
3
 10
-60696.064453
 20
-270.070534
  0
POINT
  8
3
 10
-60696.621094
 20
-264.433270
  0
POINT
  8
3
 10
-60697.065430
 20
-259.865303
  0
POINT
  8
3
 10
-60698.115234
 20
-249.870701
  0
POINT
  8
3
 10
-60699.252930
 20
-239.682846
  0
POINT
  8
3
 10
-60700.463867
 20
-229.503307
  0
POINT
  8
3
 10
-60701.713867
 20
-219.547348
  0
POINT
  8
3
 10
-60703.061523
 20
-209.389629
  0
POINT
  8
3
 10
-60704.482422
 20
-199.244785
  0
POINT
  8
3
 10
-60705.952148
 20
-189.330235
  0
POINT
  8
3
 10
-60707.529297
 20
-179.213886
  0
POINT
  8
3
 10
-60709.130859
 20
-169.461536
  0
POINT
  8
3
 10
-60710.825195
 20
-159.634676
  0
POINT
  8
3
 10
-60712.587891
 20
-149.914074
  0
POINT
  8
3
 10
-60714.433594
 20
-140.210619
  0
POINT
  8
3
 10
-60716.293945
 20
-130.870905
  0
POINT
  8
3
 10
-60718.237305
 20
-121.524668
  0
POINT
  8
3
 10
-60720.253906
 20
-112.220325
  0
POINT
  8
3
 10
-60722.358398
 20
-102.934942
  0
POINT
  8
3
 10
-60724.511719
 20
-93.783293
  0
POINT
  8
3
 10
-60724.892578
 20
-92.226753
  0
POINT
  8
3
 10
-60726.967773
 20
-83.736439
  0
POINT
  8
3
 10
-60729.423828
 20
-73.972511
  0
POINT
  8
3
 10
-60731.049805
 20
-67.626805
  0
POINT
  8
3
 10
-60726.914063
 20
-57.284374
  0
POINT
  8
3
 10
-60723.359375
 20
-55.484476
  0
POINT
  8
3
 10
-60721.147461
 20
-54.292307
  0
POINT
  8
3
 10
-60718.906250
 20
-52.995234
  0
POINT
  8
3
 10
-60716.923828
 20
-51.767144
  0
POINT
  8
3
 10
-60715.063477
 20
-50.526552
  0
POINT
  8
3
 10
-60713.393555
 20
-49.322238
  0
POINT
  8
3
 10
-60711.889648
 20
-48.141150
  0
POINT
  8
3
 10
-60710.483398
 20
-46.940017
  0
POINT
  8
3
 10
-60709.135742
 20
-45.688210
  0
POINT
  8
3
 10
-60707.968750
 20
-44.509320
  0
POINT
  8
3
 10
-60706.855469
 20
-43.294392
  0
POINT
  8
3
 10
-60705.805664
 20
-42.046213
  0
POINT
  8
3
 10
-60704.824219
 20
-40.767531
  0
POINT
  8
3
 10
-60703.920898
 20
-39.480870
  0
POINT
  8
3
 10
-60703.061523
 20
-38.125045
  0
POINT
  8
3
 10
-60702.241211
 20
-36.711273
  0
POINT
  8
3
 10
-60701.474609
 20
-35.242128
  0
POINT
  8
3
 10
-60700.678711
 20
-33.565872
  0
POINT
  8
3
 10
-60699.931641
 20
-31.831300
  0
POINT
  8
3
 10
-60699.184570
 20
-29.878974
  0
POINT
  8
3
 10
-60698.491211
 20
-27.871473
  0
POINT
  8
3
 10
-60697.817383
 20
-25.672977
  0
POINT
  8
3
 10
-60697.202148
 20
-23.405681
  0
POINT
  8
3
 10
-60696.611328
 20
-20.917988
  0
POINT
  8
3
 10
-60696.088867
 20
-18.385031
  0
POINT
  8
3
 10
-60695.595703
 20
-15.624213
  0
POINT
  8
3
 10
-60695.141602
 20
-12.641151
  0
POINT
  8
3
 10
-60694.707031
 20
-9.249001
  0
POINT
  8
3
 10
-60694.282227
 20
-5.304963
  0
POINT
  8
3
 10
-60693.911133
 20
-1.098038
  0
POINT
  8
3
 10
-60693.725586
 20
1.559813
  0
POINT
  8
3
 10
-60666.645508
 20
156.807604
  0
POINT
  8
3
 10
-60656.547852
 20
156.745977
  0
POINT
  8
3
 10
-60646.210938
 20
156.714554
  0
POINT
  8
3
 10
-60636.269531
 20
156.722698
  0
POINT
  8
3
 10
-60625.996094
 20
156.784859
  0
POINT
  8
3
 10
-60615.737305
 20
156.914663
  0
POINT
  8
3
 10
-60605.488281
 20
157.123833
  0
POINT
  8
3
 10
-60595.761719
 20
157.406721
  0
POINT
  8
3
 10
-60586.562500
 20
157.759581
  0
POINT
  8
3
 10
-60577.890625
 20
158.176422
  0
POINT
  8
3
 10
-60577.319336
 20
158.209620
  0
POINT
  8
3
 10
-60569.741211
 20
158.649416
  0
POINT
  8
3
 10
-60561.606445
 20
159.206657
  0
POINT
  8
3
 10
-60553.999023
 20
159.810829
  0
POINT
  8
3
 10
-60546.401367
 20
160.499058
  0
POINT
  8
3
 10
-60539.326172
 20
161.221523
  0
POINT
  8
3
 10
-60532.265625
 20
162.025337
  0
POINT
  8
3
 10
-60525.161133
 20
162.921677
  0
POINT
  8
3
 10
-60516.557617
 20
164.100609
  0
POINT
  8
3
 10
-60506.362305
 20
165.559750
  0
POINT
  8
3
 10
-60496.098633
 20
167.014103
  0
POINT
  8
3
 10
-60490.302734
 20
167.819862
  0
POINT
  8
3
 10
-60430.297852
 20
-12.264034
  0
POINT
  8
3
 10
-60430.546875
 20
-22.736077
  0
POINT
  8
3
 10
-60430.864258
 20
-32.970490
  0
POINT
  8
3
 10
-60431.225586
 20
-42.158422
  0
POINT
  8
3
 10
-60431.669922
 20
-51.293917
  0
POINT
  8
3
 10
-60432.241211
 20
-61.241369
  0
POINT
  8
3
 10
-60432.900391
 20
-71.326308
  0
POINT
  8
3
 10
-60433.623047
 20
-81.493626
  0
POINT
  8
3
 10
-60435.195313
 20
-101.817379
  0
POINT
  8
3
 10
-60436.040039
 20
-111.979036
  0
POINT
  8
3
 10
-60436.938477
 20
-122.230549
  0
POINT
  8
3
 10
-60437.885742
 20
-132.355537
  0
POINT
  8
3
 10
-60438.886719
 20
-142.482643
  0
POINT
  8
3
 10
-60439.921875
 20
-152.593384
  0
POINT
  8
3
 10
-60440.976563
 20
-162.640419
  0
POINT
  8
3
 10
-60442.060547
 20
-172.731915
  0
POINT
  8
3
 10
-60443.159180
 20
-182.816944
  0
POINT
  8
3
 10
-60444.262695
 20
-192.843304
  0
POINT
  8
3
 10
-60445.375977
 20
-202.916775
  0
POINT
  8
3
 10
-60446.489258
 20
-212.985249
  0
POINT
  8
3
 10
-60447.602539
 20
-223.073902
  0
POINT
  8
3
 10
-60448.706055
 20
-233.136425
  0
POINT
  8
3
 10
-60449.799805
 20
-243.197117
  0
POINT
  8
3
 10
-60450.874023
 20
-253.209743
  0
POINT
  8
3
 10
-60451.933594
 20
-263.267307
  0
POINT
  8
3
 10
-60452.978516
 20
-273.323784
  0
POINT
  8
3
 10
-60453.989258
 20
-283.332500
  0
POINT
  8
3
 10
-60454.985352
 20
-293.386192
  0
POINT
  8
3
 10
-60455.942383
 20
-303.438568
  0
POINT
  8
3
 10
-60456.865234
 20
-313.442688
  0
POINT
  8
3
 10
-60457.758789
 20
-323.500633
  0
POINT
  8
3
 10
-60458.613281
 20
-333.563080
  0
POINT
  8
3
 10
-60459.433594
 20
-343.526840
  0
POINT
  8
3
 10
-60460.224609
 20
-353.596344
  0
POINT
  8
3
 10
-60460.991211
 20
-363.668823
  0
POINT
  8
3
 10
-60461.733398
 20
-373.850784
  0
POINT
  8
3
 10
-60462.446289
 20
-383.936272
  0
POINT
  8
3
 10
-60463.139648
 20
-394.030609
  0
POINT
  8
3
 10
-60463.823242
 20
-404.076309
  0
POINT
  8
3
 10
-60464.487305
 20
-414.155235
  0
POINT
  8
3
 10
-60465.102539
 20
-424.212189
  0
POINT
  8
3
 10
-60465.659180
 20
-434.312286
  0
POINT
  8
3
 10
-60466.000977
 20
-441.306419
  0
POINT
  8
3
 10
-60466.108398
 20
-443.591576
  0
POINT
  8
3
 10
-60471.586914
 20
-642.148285
  0
POINT
  8
3
 10
-60477.924805
 20
-871.908875
  0
POINT
  8
3
 10
-60498.325195
 20
-906.908875
  0
POINT
  8
3
 10
-60508.466797
 20
-906.908875
  0
POINT
  8
3
 10
-60518.691406
 20
-906.908875
  0
POINT
  8
3
 10
-60529.096680
 20
-906.908875
  0
POINT
  8
3
 10
-60539.135742
 20
-906.908875
  0
POINT
  8
3
 10
-60549.169922
 20
-906.908875
  0
POINT
  8
3
 10
-60559.208984
 20
-906.908875
  0
POINT
  8
3
 10
-60569.409180
 20
-906.908875
  0
POINT
  8
3
 10
-60579.448242
 20
-906.908875
  0
POINT
  8
3
 10
-60589.487305
 20
-906.908875
  0
POINT
  8
3
 10
-60599.521484
 20
-906.908875
  0
POINT
  8
3
 10
-60609.692383
 20
-906.908875
  0
POINT
  8
3
 10
-60619.726563
 20
-906.908875
  0
POINT
  8
3
 10
-60629.765625
 20
-906.908875
  0
POINT
  8
3
 10
-60639.799805
 20
-906.908875
  0
POINT
  8
3
 10
-60649.838867
 20
-906.908875
  0
POINT
  8
3
 10
-60660.000000
 20
-906.908875
  0
POINT
  8
4
 10
-60676.245117
 20
-871.908875
 30
1.000000
 50
  0.00
  0
TEXT
  8
4
 10
-60676.245117
 20
-871.908875
 40
0.000000
 50
0.000000
  1
# 135
  0
POINT
  8
4
 10
-60686.176758
 20
-443.347130
 30
1.000000
 50
  1.33
  0
TEXT
  8
4
 10
-60686.176758
 20
-443.347130
 40
0.000000
 50
0.000000
  1
# 136
  0
POINT
  8
4
 10
-60696.621094
 20
-264.433270
 30
1.000000
 50
  5.61
  0
TEXT
  8
4
 10
-60696.621094
 20
-264.433270
 40
0.000000
 50
0.000000
  1
# 137
  0
POINT
  8
4
 10
-60724.892578
 20
-92.226753
 30
1.000000
 50
 13.74
  0
TEXT
  8
4
 10
-60724.892578
 20
-92.226753
 40
0.000000
 50
0.000000
  1
# 138
  0
POINT
  8
4
 10
-60577.319336
 20
158.209620
 30
1.000000
 50
270.00
  0
TEXT
  8
4
 10
-60577.319336
 20
158.209620
 40
0.000000
 50
0.000000
  1
# 139
  0
POINT
  8
4
 10
-60466.108398
 20
-443.591576
 30
1.000000
 50
177.21
  0
TEXT
  8
4
 10
-60466.108398
 20
-443.591576
 40
0.000000
 50
0.000000
  1
# 140
  0
POINT
  8
4
 10
-60471.586914
 20
-642.148285
 30
1.000000
 50
178.42
  0
TEXT
  8
4
 10
-60471.586914
 20
-642.148285
 40
0.000000
 50
0.000000
  1
# 141
  0
POINT
  8
4
 10
-60477.924805
 20
-871.908875
 30
1.000000
 50
180.00
  0
TEXT
  8
4
 10
-60477.924805
 20
-871.908875
 40
0.000000
 50
0.000000
  1
# 142
  0
POLYLINE
  8
14
  66
1
  70
1
  0
VERTEX
  8
14
  10
-60666.240234
  20
-871.908951
  0
VERTEX
  8
14
  10
-60666.240234
  20
-871.908875
  0
VERTEX
  8
14
  10
-60676.176758
  20
-443.115425
  0
VERTEX
  8
14
  10
-60676.176758
  20
-443.114853
  0
VERTEX
  8
14
  10
-60676.521247
  20
-432.729736
  0
VERTEX
  8
14
  10
-60676.874889
  20
-422.532493
  0
VERTEX
  8
14
  10
-60677.243312
  20
-412.405695
  0
VERTEX
  8
14
  10
-60677.640973
  20
-402.117120
  0
VERTEX
  8
14
  10
-60678.066231
  20
-391.806750
  0
VERTEX
  8
14
  10
-60678.520099
  20
-381.497611
  0
VERTEX
  8
14
  10
-60678.994323
  20
-371.402291
  0
VERTEX
  8
14
  10
-60679.511663
  20
-361.096192
  0
VERTEX
  8
14
  10
-60680.065532
  20
-350.791997
  0
VERTEX
  8
14
  10
-60680.646260
  20
-340.704801
  0
VERTEX
  8
14
  10
-60681.281943
  20
-330.405299
  0
VERTEX
  8
14
  10
-60681.964131
  20
-320.108798
  0
VERTEX
  8
14
  10
-60682.679864
  20
-310.034318
  0
VERTEX
  8
14
  10
-60683.461713
  20
-299.744868
  0
VERTEX
  8
14
  10
-60684.295792
  20
-289.459456
  0
VERTEX
  8
14
  10
-60685.164142
  20
-279.400119
  0
VERTEX
  8
14
  10
-60686.109552
  20
-269.124283
  0
VERTEX
  8
14
  10
-60686.660156
  20
-263.454571
  0
VERTEX
  8
14
  10
-60687.118829
  20
-258.854568
  0
VERTEX
  8
14
  10
-60688.174606
  20
-248.794002
  0
VERTEX
  8
14
  10
-60689.320509
  20
-238.538584
  0
VERTEX
  8
14
  10
-60690.536289
  20
-228.291190
  0
VERTEX
  8
14
  10
-60691.794848
  20
-218.267453
  0
VERTEX
  8
14
  10
-60693.152404
  20
-208.037958
  0
VERTEX
  8
14
  10
-60694.585350
  20
-197.818772
  0
VERTEX
  8
14
  10
-60696.063218
  20
-187.828933
  0
VERTEX
  8
14
  10
-60697.653276
  20
-177.632995
  0
VERTEX
  8
14
  10
-60699.267718
  20
-167.801271
  0
VERTEX
  8
14
  10
-60700.978446
  20
-157.892154
  0
VERTEX
  8
14
  10
-60702.755941
  20
-148.088358
  0
VERTEX
  8
14
  10
-60704.617189
  20
-138.300018
  0
VERTEX
  8
14
  10
-60706.492854
  20
-128.876875
  0
VERTEX
  8
14
  10
-60708.454453
  20
-119.445871
  0
VERTEX
  8
14
  10
-60710.492676
  20
-110.056356
  0
VERTEX
  8
14
  10
-60712.613007
  20
-100.685176
  0
VERTEX
  8
14
  10
-60714.788434
  20
-91.448169
  0
VERTEX
  8
14
  10
-60715.175781
  20
-89.850292
  0
VERTEX
  8
14
  10
-60717.264160
  20
-81.325340
  0
VERTEX
  8
14
  10
-60719.734574
  20
-71.505365
  0
VERTEX
  8
14
  10
-60721.250000
  20
-65.600243
  0
VERTEX
  8
14
  10
-60718.752392
  20
-64.359001
  0
VERTEX
  8
14
  10
-60716.276847
  20
-63.025804
  0
VERTEX
  8
14
  10
-60713.762782
  20
-61.572279
  0
VERTEX
  8
14
  10
-60711.517807
  20
-60.179337
  0
VERTEX
  8
14
  10
-60709.367518
  20
-58.744944
  0
VERTEX
  8
14
  10
-60707.383714
  20
-57.313679
  0
VERTEX
  8
14
  10
-60705.553865
  20
-55.877327
  0
VERTEX
  8
14
  10
-60703.833876
  20
-54.408540
  0
VERTEX
  8
14
  10
-60702.175442
  20
-52.867912
  0
VERTEX
  8
14
  10
-60700.726557
  20
-51.406498
  0
VERTEX
  8
14
  10
-60699.338605
  20
-49.888519
  0
VERTEX
  8
14
  10
-60698.016377
  20
-48.315312
  0
VERTEX
  8
14
  10
-60696.764660
  20
-46.688211
  0
VERTEX
  8
14
  10
-60695.605991
  20
-45.035167
  0
VERTEX
  8
14
  10
-60694.506091
  20
-43.306048
  0
VERTEX
  8
14
  10
-60693.481404
  20
-41.531069
  0
VERTEX
  8
14
  10
-60692.528729
  20
-39.714947
  0
VERTEX
  8
14
  10
-60691.560133
  20
-37.675307
  0
VERTEX
  8
14
  10
-60690.670527
  20
-35.597846
  0
VERTEX
  8
14
  10
-60689.785125
  20
-33.295758
  0
VERTEX
  8
14
  10
-60688.983115
  20
-30.964260
  0
VERTEX
  8
14
  10
-60688.210699
  20
-28.444085
  0
VERTEX
  8
14
  10
-60687.513403
  20
-25.872925
  0
VERTEX
  8
14
  10
-60686.849872
  20
-23.083669
  0
VERTEX
  8
14
  10
-60686.269022
  20
-20.276814
  0
VERTEX
  8
14
  10
-60685.729169
  20
-17.253976
  0
VERTEX
  8
14
  10
-60685.238025
  20
-14.028944
  0
VERTEX
  8
14
  10
-60684.774067
  20
-10.419925
  0
VERTEX
  8
14
  10
-60684.329043
  20
-6.275365
  0
VERTEX
  8
14
  10
-60683.942674
  20
-1.879822
  0
VERTEX
  8
14
  10
-60683.696289
  20
1.655617
  0
VERTEX
  8
14
  10
-60667.084961
  20
146.814079
  0
VERTEX
  8
14
  10
-60656.594398
  20
146.746090
  0
VERTEX
  8
14
  10
-60646.222629
  20
146.714562
  0
VERTEX
  8
14
  10
-60636.235796
  20
146.722745
  0
VERTEX
  8
14
  10
-60625.905536
  20
146.785275
  0
VERTEX
  8
14
  10
-60615.572700
  20
146.915993
  0
VERTEX
  8
14
  10
-60605.239859
  20
147.126880
  0
VERTEX
  8
14
  10
-60595.426000
  20
147.412391
  0
VERTEX
  8
14
  10
-60586.132794
  20
147.768900
  0
VERTEX
  8
14
  10
-60577.361291
  20
148.190476
  0
VERTEX
  8
14
  10
-60577.319336
  20
148.235245
  0
VERTEX
  8
14
  10
-60569.112006
  20
148.669292
  0
VERTEX
  8
14
  10
-60560.870124
  20
149.233923
  0
VERTEX
  8
14
  10
-60553.151262
  20
149.846656
  0
VERTEX
  8
14
  10
-60545.441151
  20
150.545257
  0
VERTEX
  8
14
  10
-60538.253896
  20
151.279217
  0
VERTEX
  8
14
  10
-60531.076080
  20
152.096492
  0
VERTEX
  8
14
  10
-60523.852280
  20
153.007568
  0
VERTEX
  8
14
  10
-60515.160099
  20
154.198692
  0
VERTEX
  8
14
  10
-60504.941654
  20
155.661457
  0
VERTEX
  8
14
  10
-60494.717326
  20
157.109627
  0
VERTEX
  8
14
  10
-60489.858398
  20
157.971306
  0
VERTEX
  8
14
  10
-60440.126953
  20
-1.744909
  0
VERTEX
  8
14
  10
-60440.297086
  20
-12.062217
  0
VERTEX
  8
14
  10
-60440.542580
  20
-22.465097
  0
VERTEX
  8
14
  10
-60440.856673
  20
-32.620231
  0
VERTEX
  8
14
  10
-60441.215383
  20
-41.717147
  0
VERTEX
  8
14
  10
-60441.656618
  20
-50.762909
  0
VERTEX
  8
14
  10
-60442.223730
  20
-60.626934
  0
VERTEX
  8
14
  10
-60442.876522
  20
-70.642721
  0
VERTEX
  8
14
  10
-60443.595760
  20
-80.762650
  0
VERTEX
  8
14
  10
-60444.335938
  20
-90.600243
  0
VERTEX
  8
14
  10
-60445.161148
  20
-101.006450
  0
VERTEX
  8
14
  10
-60446.004282
  20
-111.128808
  0
VERTEX
  8
14
  10
-60446.899513
  20
-121.329447
  0
VERTEX
  8
14
  10
-60447.840454
  20
-131.397521
  0
VERTEX
  8
14
  10
-60448.834721
  20
-141.480019
  0
VERTEX
  8
14
  10
-60449.867822
  20
-151.558724
  0
VERTEX
  8
14
  10
-60450.922532
  20
-161.583164
  0
VERTEX
  8
14
  10
-60452.003167
  20
-171.656714
  0
VERTEX
  8
14
  10
-60453.099590
  20
-181.728509
  0
VERTEX
  8
14
  10
-60454.201186
  20
-191.746469
  0
VERTEX
  8
14
  10
-60455.314630
  20
-201.816378
  0
VERTEX
  8
14
  10
-60456.429210
  20
-211.886187
  0
VERTEX
  8
14
  10
-60457.542786
  20
-221.980426
  0
VERTEX
  8
14
  10
-60458.646534
  20
-232.051518
  0
VERTEX
  8
14
  10
-60459.740130
  20
-242.123695
  0
VERTEX
  8
14
  10
-60460.815627
  20
-252.150733
  0
VERTEX
  8
14
  10
-60461.879867
  20
-262.225948
  0
VERTEX
  8
14
  10
-60462.924625
  20
-272.303238
  0
VERTEX
  8
14
  10
-60463.941903
  20
-282.336212
  0
VERTEX
  8
14
  10
-60464.937104
  20
-292.418621
  0
VERTEX
  8
14
  10
-60465.901015
  20
-302.504049
  0
VERTEX
  8
14
  10
-60466.825306
  20
-312.543464
  0
VERTEX
  8
14
  10
-60467.719029
  20
-322.635299
  0
VERTEX
  8
14
  10
-60468.579224
  20
-332.730030
  0
VERTEX
  8
14
  10
-60469.399190
  20
-342.724400
  0
VERTEX
  8
14
  10
-60470.196753
  20
-352.824226
  0
VERTEX
  8
14
  10
-60470.963930
  20
-362.926375
  0
VERTEX
  8
14
  10
-60471.709172
  20
-373.136401
  0
VERTEX
  8
14
  10
-60472.421793
  20
-383.242619
  0
VERTEX
  8
14
  10
-60473.117235
  20
-393.350150
  0
VERTEX
  8
14
  10
-60473.798832
  20
-403.405762
  0
VERTEX
  8
14
  10
-60474.464728
  20
-413.515370
  0
VERTEX
  8
14
  10
-60475.087112
  20
-423.627485
  0
VERTEX
  8
14
  10
-60475.644978
  20
-433.801172
  0
VERTEX
  8
14
  10
-60476.098633
  20
-443.104019
  0
VERTEX
  8
14
  10
-60476.103516
  20
-443.114853
  0
VERTEX
  8
14
  10
-60481.586914
  20
-641.872559
  0
VERTEX
  8
14
  10
-60487.929688
  20
-871.908875
  0
VERTEX
  8
14
  10
-60487.929688
  20
-871.908875
  0
VERTEX
  8
14
  10
-60498.326895
  20
-871.908875
  0
VERTEX
  8
14
  10
-60508.466768
  20
-871.908875
  0
VERTEX
  8
14
  10
-60518.693629
  20
-871.908875
  0
VERTEX
  8
14
  10
-60529.098196
  20
-871.908875
  0
VERTEX
  8
14
  10
-60539.134557
  20
-871.908875
  0
VERTEX
  8
14
  10
-60549.170806
  20
-871.908875
  0
VERTEX
  8
14
  10
-60559.207155
  20
-871.908875
  0
VERTEX
  8
14
  10
-60569.411606
  20
-871.908875
  0
VERTEX
  8
14
  10
-60579.448626
  20
-871.908875
  0
VERTEX
  8
14
  10
-60589.485891
  20
-871.908875
  0
VERTEX
  8
14
  10
-60599.523253
  20
-871.908875
  0
VERTEX
  8
14
  10
-60609.690022
  20
-871.908875
  0
VERTEX
  8
14
  10
-60619.727161
  20
-871.908875
  0
VERTEX
  8
14
  10
-60629.764080
  20
-871.908875
  0
VERTEX
  8
14
  10
-60639.800695
  20
-871.908875
  0
VERTEX
  8
14
  10
-60649.837566
  20
-871.908875
  0
VERTEX
  8
14
  10
-60660.002088
  20
-871.908875
  0
SEQEND
  8
14
  0
POINT
  8
2
 10
-60666.240234
 20
-871.908951
  0
TEXT
  8
2
 10
-60666.240234
 20
-871.908951
 40
0.000000
 50
0.000000
  1
# 143
  0
POINT
  8
2
 10
-60676.176758
 20
-443.114853
  0
TEXT
  8
2
 10
-60676.176758
 20
-443.114853
 40
0.000000
 50
0.000000
  1
# 144
  0
POINT
  8
2
 10
-60721.250000
 20
-65.600243
  0
TEXT
  8
2
 10
-60721.250000
 20
-65.600243
 40
0.000000
 50
0.000000
  1
# 145
  0
POINT
  8
2
 10
-60683.696289
 20
1.655617
  0
TEXT
  8
2
 10
-60683.696289
 20
1.655617
 40
0.000000
 50
0.000000
  1
# 146
  0
POINT
  8
2
 10
-60667.084961
 20
146.814079
  0
TEXT
  8
2
 10
-60667.084961
 20
146.814079
 40
0.000000
 50
0.000000
  1
# 147
  0
POINT
  8
2
 10
-60489.858398
 20
157.971306
  0
TEXT
  8
2
 10
-60489.858398
 20
157.971306
 40
0.000000
 50
0.000000
  1
# 148
  0
POINT
  8
2
 10
-60440.126953
 20
-1.744909
  0
TEXT
  8
2
 10
-60440.126953
 20
-1.744909
 40
0.000000
 50
0.000000
  1
# 149
  0
POINT
  8
2
 10
-60444.335938
 20
-90.600243
  0
TEXT
  8
2
 10
-60444.335938
 20
-90.600243
 40
0.000000
 50
0.000000
  1
# 150
  0
POINT
  8
2
 10
-60476.103516
 20
-443.114853
  0
TEXT
  8
2
 10
-60476.103516
 20
-443.114853
 40
0.000000
 50
0.000000
  1
# 151
  0
POINT
  8
2
 10
-60487.929688
 20
-871.908875
  0
TEXT
  8
2
 10
-60487.929688
 20
-871.908875
 40
0.000000
 50
0.000000
  1
# 152
  0
POINT
  8
3
 10
-60666.240234
 20
-871.908875
  0
POINT
  8
3
 10
-60676.176758
 20
-443.115425
  0
POINT
  8
3
 10
-60676.521247
 20
-432.729736
  0
POINT
  8
3
 10
-60676.874889
 20
-422.532493
  0
POINT
  8
3
 10
-60677.243312
 20
-412.405695
  0
POINT
  8
3
 10
-60677.640973
 20
-402.117120
  0
POINT
  8
3
 10
-60678.066231
 20
-391.806750
  0
POINT
  8
3
 10
-60678.520099
 20
-381.497611
  0
POINT
  8
3
 10
-60678.994323
 20
-371.402291
  0
POINT
  8
3
 10
-60679.511663
 20
-361.096192
  0
POINT
  8
3
 10
-60680.065532
 20
-350.791997
  0
POINT
  8
3
 10
-60680.646260
 20
-340.704801
  0
POINT
  8
3
 10
-60681.281943
 20
-330.405299
  0
POINT
  8
3
 10
-60681.964131
 20
-320.108798
  0
POINT
  8
3
 10
-60682.679864
 20
-310.034318
  0
POINT
  8
3
 10
-60683.461713
 20
-299.744868
  0
POINT
  8
3
 10
-60684.295792
 20
-289.459456
  0
POINT
  8
3
 10
-60685.164142
 20
-279.400119
  0
POINT
  8
3
 10
-60686.109552
 20
-269.124283
  0
POINT
  8
3
 10
-60686.660156
 20
-263.454571
  0
POINT
  8
3
 10
-60687.118829
 20
-258.854568
  0
POINT
  8
3
 10
-60688.174606
 20
-248.794002
  0
POINT
  8
3
 10
-60689.320509
 20
-238.538584
  0
POINT
  8
3
 10
-60690.536289
 20
-228.291190
  0
POINT
  8
3
 10
-60691.794848
 20
-218.267453
  0
POINT
  8
3
 10
-60693.152404
 20
-208.037958
  0
POINT
  8
3
 10
-60694.585350
 20
-197.818772
  0
POINT
  8
3
 10
-60696.063218
 20
-187.828933
  0
POINT
  8
3
 10
-60697.653276
 20
-177.632995
  0
POINT
  8
3
 10
-60699.267718
 20
-167.801271
  0
POINT
  8
3
 10
-60700.978446
 20
-157.892154
  0
POINT
  8
3
 10
-60702.755941
 20
-148.088358
  0
POINT
  8
3
 10
-60704.617189
 20
-138.300018
  0
POINT
  8
3
 10
-60706.492854
 20
-128.876875
  0
POINT
  8
3
 10
-60708.454453
 20
-119.445871
  0
POINT
  8
3
 10
-60710.492676
 20
-110.056356
  0
POINT
  8
3
 10
-60712.613007
 20
-100.685176
  0
POINT
  8
3
 10
-60714.788434
 20
-91.448169
  0
POINT
  8
3
 10
-60715.175781
 20
-89.850292
  0
POINT
  8
3
 10
-60717.264160
 20
-81.325340
  0
POINT
  8
3
 10
-60719.734574
 20
-71.505365
  0
POINT
  8
3
 10
-60718.752392
 20
-64.359001
  0
POINT
  8
3
 10
-60716.276847
 20
-63.025804
  0
POINT
  8
3
 10
-60713.762782
 20
-61.572279
  0
POINT
  8
3
 10
-60711.517807
 20
-60.179337
  0
POINT
  8
3
 10
-60709.367518
 20
-58.744944
  0
POINT
  8
3
 10
-60707.383714
 20
-57.313679
  0
POINT
  8
3
 10
-60705.553865
 20
-55.877327
  0
POINT
  8
3
 10
-60703.833876
 20
-54.408540
  0
POINT
  8
3
 10
-60702.175442
 20
-52.867912
  0
POINT
  8
3
 10
-60700.726557
 20
-51.406498
  0
POINT
  8
3
 10
-60699.338605
 20
-49.888519
  0
POINT
  8
3
 10
-60698.016377
 20
-48.315312
  0
POINT
  8
3
 10
-60696.764660
 20
-46.688211
  0
POINT
  8
3
 10
-60695.605991
 20
-45.035167
  0
POINT
  8
3
 10
-60694.506091
 20
-43.306048
  0
POINT
  8
3
 10
-60693.481404
 20
-41.531069
  0
POINT
  8
3
 10
-60692.528729
 20
-39.714947
  0
POINT
  8
3
 10
-60691.560133
 20
-37.675307
  0
POINT
  8
3
 10
-60690.670527
 20
-35.597846
  0
POINT
  8
3
 10
-60689.785125
 20
-33.295758
  0
POINT
  8
3
 10
-60688.983115
 20
-30.964260
  0
POINT
  8
3
 10
-60688.210699
 20
-28.444085
  0
POINT
  8
3
 10
-60687.513403
 20
-25.872925
  0
POINT
  8
3
 10
-60686.849872
 20
-23.083669
  0
POINT
  8
3
 10
-60686.269022
 20
-20.276814
  0
POINT
  8
3
 10
-60685.729169
 20
-17.253976
  0
POINT
  8
3
 10
-60685.238025
 20
-14.028944
  0
POINT
  8
3
 10
-60684.774067
 20
-10.419925
  0
POINT
  8
3
 10
-60684.329043
 20
-6.275365
  0
POINT
  8
3
 10
-60683.942674
 20
-1.879822
  0
POINT
  8
3
 10
-60656.594398
 20
146.746090
  0
POINT
  8
3
 10
-60646.222629
 20
146.714562
  0
POINT
  8
3
 10
-60636.235796
 20
146.722745
  0
POINT
  8
3
 10
-60625.905536
 20
146.785275
  0
POINT
  8
3
 10
-60615.572700
 20
146.915993
  0
POINT
  8
3
 10
-60605.239859
 20
147.126880
  0
POINT
  8
3
 10
-60595.426000
 20
147.412391
  0
POINT
  8
3
 10
-60586.132794
 20
147.768900
  0
POINT
  8
3
 10
-60577.361291
 20
148.190476
  0
POINT
  8
3
 10
-60577.319336
 20
148.235245
  0
POINT
  8
3
 10
-60569.112006
 20
148.669292
  0
POINT
  8
3
 10
-60560.870124
 20
149.233923
  0
POINT
  8
3
 10
-60553.151262
 20
149.846656
  0
POINT
  8
3
 10
-60545.441151
 20
150.545257
  0
POINT
  8
3
 10
-60538.253896
 20
151.279217
  0
POINT
  8
3
 10
-60531.076080
 20
152.096492
  0
POINT
  8
3
 10
-60523.852280
 20
153.007568
  0
POINT
  8
3
 10
-60515.160099
 20
154.198692
  0
POINT
  8
3
 10
-60504.941654
 20
155.661457
  0
POINT
  8
3
 10
-60494.717326
 20
157.109627
  0
POINT
  8
3
 10
-60440.297086
 20
-12.062217
  0
POINT
  8
3
 10
-60440.542580
 20
-22.465097
  0
POINT
  8
3
 10
-60440.856673
 20
-32.620231
  0
POINT
  8
3
 10
-60441.215383
 20
-41.717147
  0
POINT
  8
3
 10
-60441.656618
 20
-50.762909
  0
POINT
  8
3
 10
-60442.223730
 20
-60.626934
  0
POINT
  8
3
 10
-60442.876522
 20
-70.642721
  0
POINT
  8
3
 10
-60443.595760
 20
-80.762650
  0
POINT
  8
3
 10
-60445.161148
 20
-101.006450
  0
POINT
  8
3
 10
-60446.004282
 20
-111.128808
  0
POINT
  8
3
 10
-60446.899513
 20
-121.329447
  0
POINT
  8
3
 10
-60447.840454
 20
-131.397521
  0
POINT
  8
3
 10
-60448.834721
 20
-141.480019
  0
POINT
  8
3
 10
-60449.867822
 20
-151.558724
  0
POINT
  8
3
 10
-60450.922532
 20
-161.583164
  0
POINT
  8
3
 10
-60452.003167
 20
-171.656714
  0
POINT
  8
3
 10
-60453.099590
 20
-181.728509
  0
POINT
  8
3
 10
-60454.201186
 20
-191.746469
  0
POINT
  8
3
 10
-60455.314630
 20
-201.816378
  0
POINT
  8
3
 10
-60456.429210
 20
-211.886187
  0
POINT
  8
3
 10
-60457.542786
 20
-221.980426
  0
POINT
  8
3
 10
-60458.646534
 20
-232.051518
  0
POINT
  8
3
 10
-60459.740130
 20
-242.123695
  0
POINT
  8
3
 10
-60460.815627
 20
-252.150733
  0
POINT
  8
3
 10
-60461.879867
 20
-262.225948
  0
POINT
  8
3
 10
-60462.924625
 20
-272.303238
  0
POINT
  8
3
 10
-60463.941903
 20
-282.336212
  0
POINT
  8
3
 10
-60464.937104
 20
-292.418621
  0
POINT
  8
3
 10
-60465.901015
 20
-302.504049
  0
POINT
  8
3
 10
-60466.825306
 20
-312.543464
  0
POINT
  8
3
 10
-60467.719029
 20
-322.635299
  0
POINT
  8
3
 10
-60468.579224
 20
-332.730030
  0
POINT
  8
3
 10
-60469.399190
 20
-342.724400
  0
POINT
  8
3
 10
-60470.196753
 20
-352.824226
  0
POINT
  8
3
 10
-60470.963930
 20
-362.926375
  0
POINT
  8
3
 10
-60471.709172
 20
-373.136401
  0
POINT
  8
3
 10
-60472.421793
 20
-383.242619
  0
POINT
  8
3
 10
-60473.117235
 20
-393.350150
  0
POINT
  8
3
 10
-60473.798832
 20
-403.405762
  0
POINT
  8
3
 10
-60474.464728
 20
-413.515370
  0
POINT
  8
3
 10
-60475.087112
 20
-423.627485
  0
POINT
  8
3
 10
-60475.644978
 20
-433.801172
  0
POINT
  8
3
 10
-60476.098633
 20
-443.104019
  0
POINT
  8
3
 10
-60481.586914
 20
-641.872559
  0
POINT
  8
3
 10
-60487.929688
 20
-871.908875
  0
POINT
  8
3
 10
-60498.326895
 20
-871.908875
  0
POINT
  8
3
 10
-60508.466768
 20
-871.908875
  0
POINT
  8
3
 10
-60518.693629
 20
-871.908875
  0
POINT
  8
3
 10
-60529.098196
 20
-871.908875
  0
POINT
  8
3
 10
-60539.134557
 20
-871.908875
  0
POINT
  8
3
 10
-60549.170806
 20
-871.908875
  0
POINT
  8
3
 10
-60559.207155
 20
-871.908875
  0
POINT
  8
3
 10
-60569.411606
 20
-871.908875
  0
POINT
  8
3
 10
-60579.448626
 20
-871.908875
  0
POINT
  8
3
 10
-60589.485891
 20
-871.908875
  0
POINT
  8
3
 10
-60599.523253
 20
-871.908875
  0
POINT
  8
3
 10
-60609.690022
 20
-871.908875
  0
POINT
  8
3
 10
-60619.727161
 20
-871.908875
  0
POINT
  8
3
 10
-60629.764080
 20
-871.908875
  0
POINT
  8
3
 10
-60639.800695
 20
-871.908875
  0
POINT
  8
3
 10
-60649.837566
 20
-871.908875
  0
POINT
  8
3
 10
-60660.002088
 20
-871.908875
  0
POINT
  8
4
 10
-60666.240234
 20
-871.908875
 30
1.000000
 50
  0.00
  0
TEXT
  8
4
 10
-60666.240234
 20
-871.908875
 40
0.000000
 50
0.000000
  1
# 153
  0
POINT
  8
4
 10
-60676.176758
 20
-443.115425
 30
1.000000
 50
  1.33
  0
TEXT
  8
4
 10
-60676.176758
 20
-443.115425
 40
0.000000
 50
0.000000
  1
# 154
  0
POINT
  8
4
 10
-60686.660156
 20
-263.454571
 30
1.000000
 50
  5.63
  0
TEXT
  8
4
 10
-60686.660156
 20
-263.454571
 40
0.000000
 50
0.000000
  1
# 155
  0
POINT
  8
4
 10
-60715.175781
 20
-89.850292
 30
1.000000
 50
 13.59
  0
TEXT
  8
4
 10
-60715.175781
 20
-89.850292
 40
0.000000
 50
0.000000
  1
# 156
  0
POINT
  8
4
 10
-60577.319336
 20
148.235245
 30
1.000000
 50
270.00
  0
TEXT
  8
4
 10
-60577.319336
 20
148.235245
 40
0.000000
 50
0.000000
  1
# 157
  0
POINT
  8
4
 10
-60476.098633
 20
-443.104019
 30
1.000000
 50
177.36
  0
TEXT
  8
4
 10
-60476.098633
 20
-443.104019
 40
0.000000
 50
0.000000
  1
# 158
  0
POINT
  8
4
 10
-60481.586914
 20
-641.872559
 30
1.000000
 50
178.42
  0
TEXT
  8
4
 10
-60481.586914
 20
-641.872559
 40
0.000000
 50
0.000000
  1
# 159
  0
POINT
  8
4
 10
-60487.929688
 20
-871.908875
 30
1.000000
 50
180.00
  0
TEXT
  8
4
 10
-60487.929688
 20
-871.908875
 40
0.000000
 50
0.000000
  1
# 160
  0
POLYLINE
  8
8
  66
1
  70
0
  0
VERTEX
  8
8
  10
-60676.171875
  20
-443.114853
  0
VERTEX
  8
8
  10
-60476.098633
  20
-443.114853
  0
SEQEND
  8
8
  0
POINT
  8
2
 10
-60676.171875
 20
-443.114853
  0
TEXT
  8
2
 10
-60676.171875
 20
-443.114853
 40
0.000000
 50
0.000000
  1
# 161
  0
POINT
  8
2
 10
-60476.098633
 20
-443.114853
  0
TEXT
  8
2
 10
-60476.098633
 20
-443.114853
 40
0.000000
 50
0.000000
  1
# 162
  0
POLYLINE
  8
8
  66
1
  70
0
  0
VERTEX
  8
8
  10
-60577.319336
  20
-871.908875
  0
VERTEX
  8
8
  10
-60577.319336
  20
146.925087
  0
SEQEND
  8
8
  0
POINT
  8
2
 10
-60577.319336
 20
-871.908875
  0
TEXT
  8
2
 10
-60577.319336
 20
-871.908875
 40
0.000000
 50
0.000000
  1
# 163
  0
POINT
  8
2
 10
-60577.319336
 20
146.925087
  0
TEXT
  8
2
 10
-60577.319336
 20
146.925087
 40
0.000000
 50
0.000000
  1
# 164
  0
POLYLINE
  8
8
  66
1
  70
0
  0
VERTEX
  8
8
  10
-60681.665039
  20
18.399773
  0
VERTEX
  8
8
  10
-60441.894531
  20
18.399773
  0
SEQEND
  8
8
  0
POINT
  8
2
 10
-60681.665039
 20
18.399773
  0
TEXT
  8
2
 10
-60681.665039
 20
18.399773
 40
0.000000
 50
0.000000
  1
# 165
  0
POINT
  8
2
 10
-60441.894531
 20
18.399773
  0
TEXT
  8
2
 10
-60441.894531
 20
18.399773
 40
0.000000
 50
0.000000
  1
# 166
  0
POLYLINE
  8
8
  66
1
  70
0
  0
VERTEX
  8
8
  10
-60715.380859
  20
-90.600243
  0
VERTEX
  8
8
  10
-60444.335938
  20
-90.600243
  0
SEQEND
  8
8
  0
POINT
  8
2
 10
-60715.380859
 20
-90.600243
  0
TEXT
  8
2
 10
-60715.380859
 20
-90.600243
 40
0.000000
 50
0.000000
  1
# 167
  0
POINT
  8
2
 10
-60444.335938
 20
-90.600243
  0
TEXT
  8
2
 10
-60444.335938
 20
-90.600243
 40
0.000000
 50
0.000000
  1
# 168
  0
POLYLINE
  8
8
  66
1
  70
0
  0
VERTEX
  8
8
  10
-60487.241211
  20
-846.908875
  0
VERTEX
  8
8
  10
-60497.600296
  20
-846.908875
  0
VERTEX
  8
8
  10
-60507.963176
  20
-846.908875
  0
VERTEX
  8
8
  10
-60518.281238
  20
-846.908875
  0
VERTEX
  8
8
  10
-60528.485455
  20
-846.908875
  0
VERTEX
  8
8
  10
-60538.636060
  20
-846.908875
  0
VERTEX
  8
8
  10
-60548.786671
  20
-846.908875
  0
VERTEX
  8
8
  10
-60558.963245
  20
-846.908875
  0
VERTEX
  8
8
  10
-60569.114142
  20
-846.908875
  0
VERTEX
  8
8
  10
-60579.265213
  20
-846.908875
  0
VERTEX
  8
8
  10
-60589.599749
  20
-846.908875
  0
VERTEX
  8
8
  10
-60599.751045
  20
-846.908875
  0
VERTEX
  8
8
  10
-60609.693741
  20
-846.908875
  0
VERTEX
  8
8
  10
-60620.207344
  20
-846.908875
  0
VERTEX
  8
8
  10
-60630.358226
  20
-846.908875
  0
VERTEX
  8
8
  10
-60640.526097
  20
-846.908875
  0
VERTEX
  8
8
  10
-60650.751188
  20
-846.908875
  0
VERTEX
  8
8
  10
-60660.709806
  20
-846.908875
  0
VERTEX
  8
8
  10
-60666.821289
  20
-846.908875
  0
SEQEND
  8
8
  0
POINT
  8
2
 10
-60487.241211
 20
-846.908875
  0
TEXT
  8
2
 10
-60487.241211
 20
-846.908875
 40
0.000000
 50
0.000000
  1
# 169
  0
POINT
  8
2
 10
-60666.821289
 20
-846.908875
  0
TEXT
  8
2
 10
-60666.821289
 20
-846.908875
 40
0.000000
 50
0.000000
  1
# 170
  0
POINT
  8
3
 10
-60497.600296
 20
-846.908875
  0
POINT
  8
3
 10
-60507.963176
 20
-846.908875
  0
POINT
  8
3
 10
-60518.281238
 20
-846.908875
  0
POINT
  8
3
 10
-60528.485455
 20
-846.908875
  0
POINT
  8
3
 10
-60538.636060
 20
-846.908875
  0
POINT
  8
3
 10
-60548.786671
 20
-846.908875
  0
POINT
  8
3
 10
-60558.963245
 20
-846.908875
  0
POINT
  8
3
 10
-60569.114142
 20
-846.908875
  0
POINT
  8
3
 10
-60579.265213
 20
-846.908875
  0
POINT
  8
3
 10
-60589.599749
 20
-846.908875
  0
POINT
  8
3
 10
-60599.751045
 20
-846.908875
  0
POINT
  8
3
 10
-60609.693741
 20
-846.908875
  0
POINT
  8
3
 10
-60620.207344
 20
-846.908875
  0
POINT
  8
3
 10
-60630.358226
 20
-846.908875
  0
POINT
  8
3
 10
-60640.526097
 20
-846.908875
  0
POINT
  8
3
 10
-60650.751188
 20
-846.908875
  0
POINT
  8
3
 10
-60660.709806
 20
-846.908875
 0
LINE
 8
7
 10
-60601.298828
 20
6.435879
 11
-60601.298828
 21
-741.014404
  0
TEXT
  8
1
 10
-60581.496582
 20
-369.017067
 40
10.000000
 50
0.000000
  1
Piece Name: 26SMC-WP117M 展_左前片_175/84
  0
TEXT
  8
1
 10
-60581.496582
 20
-354.017067
 40
10.000000
 50
0.000000
  1
Size: 175/84
  0
TEXT
  8
1
 10
-60581.496582
 20
-339.017067
 40
10.000000
 50
0.000000
  1
Annotation: 
  0
TEXT
  8
1
 10
-60581.496582
 20
-324.017067
 40
10.000000
 50
0.000000
  1
Quantity: 1
  0
TEXT
  8
1
 10
-60581.496582
 20
-309.017067
 40
10.000000
 50
0.000000
  1
Material: 面
  0
TEXT
  8
1
 10
-60581.496582
 20
-309.017067
 40
10.000000
 50
0.000000
  1
Category: 3
0
ENDBLK
0
BLOCK
  8
1
  2
26SMC-WP117M 展_右前片_175/84
 70
0
 10
0.0
 20
0.0
  0
POLYLINE
  8
1
  66
1
  70
1
  0
VERTEX
  8
1
  10
-61175.786133
  20
-906.908951
  0
VERTEX
  8
1
  10
-61174.819336
  20
-871.908951
  0
VERTEX
  8
1
  10
-61174.819336
  20
-871.908951
  0
VERTEX
  8
1
  10
-61181.157227
  20
-642.148361
  0
VERTEX
  8
1
  10
-61186.630859
  20
-443.710670
  0
VERTEX
  8
1
  10
-61186.635742
  20
-443.591652
  0
VERTEX
  8
1
  10
-61186.748047
  20
-441.306496
  0
VERTEX
  8
1
  10
-61187.089844
  20
-434.312363
  0
VERTEX
  8
1
  10
-61187.641602
  20
-424.212265
  0
VERTEX
  8
1
  10
-61188.261719
  20
-414.155312
  0
VERTEX
  8
1
  10
-61188.925781
  20
-404.076385
  0
VERTEX
  8
1
  10
-61189.604492
  20
-394.030685
  0
VERTEX
  8
1
  10
-61190.297852
  20
-383.936348
  0
VERTEX
  8
1
  10
-61191.010742
  20
-373.850861
  0
VERTEX
  8
1
  10
-61191.752930
  20
-363.668900
  0
VERTEX
  8
1
  10
-61192.519531
  20
-353.596420
  0
VERTEX
  8
1
  10
-61193.315430
  20
-343.526917
  0
VERTEX
  8
1
  10
-61194.130859
  20
-333.563156
  0
VERTEX
  8
1
  10
-61194.990234
  20
-323.500671
  0
VERTEX
  8
1
  10
-61195.878906
  20
-313.442764
  0
VERTEX
  8
1
  10
-61196.801758
  20
-303.438625
  0
VERTEX
  8
1
  10
-61197.763672
  20
-293.386269
  0
VERTEX
  8
1
  10
-61198.754883
  20
-283.332577
  0
VERTEX
  8
1
  10
-61199.770508
  20
-273.323860
  0
VERTEX
  8
1
  10
-61200.810547
  20
-263.267403
  0
VERTEX
  8
1
  10
-61201.875000
  20
-253.209801
  0
VERTEX
  8
1
  10
-61202.949219
  20
-243.197193
  0
VERTEX
  8
1
  10
-61204.038086
  20
-233.136501
  0
VERTEX
  8
1
  10
-61205.141602
  20
-223.073978
  0
VERTEX
  8
1
  10
-61206.254883
  20
-212.985325
  0
VERTEX
  8
1
  10
-61207.373047
  20
-202.916832
  0
VERTEX
  8
1
  10
-61208.486328
  20
-192.843361
  0
VERTEX
  8
1
  10
-61209.584961
  20
-182.817020
  0
VERTEX
  8
1
  10
-61210.683594
  20
-172.731991
  0
VERTEX
  8
1
  10
-61211.767578
  20
-162.640495
  0
VERTEX
  8
1
  10
-61212.822266
  20
-152.593460
  0
VERTEX
  8
1
  10
-61213.862305
  20
-142.482719
  0
VERTEX
  8
1
  10
-61214.858398
  20
-132.355614
  0
VERTEX
  8
1
  10
-61215.805664
  20
-122.230625
  0
VERTEX
  8
1
  10
-61216.704102
  20
-111.979113
  0
VERTEX
  8
1
  10
-61217.553711
  20
-101.817455
  0
VERTEX
  8
1
  10
-61218.383789
  20
-91.352472
  0
VERTEX
  8
1
  10
-61219.125977
  20
-81.495275
  0
VERTEX
  8
1
  10
-61219.848633
  20
-71.327085
  0
VERTEX
  8
1
  10
-61220.507813
  20
-61.241131
  0
VERTEX
  8
1
  10
-61221.079102
  20
-51.293187
  0
VERTEX
  8
1
  10
-61221.523438
  20
-42.157650
  0
VERTEX
  8
1
  10
-61221.884766
  20
-32.969940
  0
VERTEX
  8
1
  10
-61222.202148
  20
-22.735729
  0
VERTEX
  8
1
  10
-61222.446289
  20
-12.263867
  0
VERTEX
  8
1
  10
-61222.646484
  20
-0.449083
  0
VERTEX
  8
1
  10
-61169.965820
  20
168.874664
  0
VERTEX
  8
1
  10
-61162.441406
  20
167.819805
  0
VERTEX
  8
1
  10
-61156.650391
  20
167.014065
  0
VERTEX
  8
1
  10
-61146.381836
  20
165.559711
  0
VERTEX
  8
1
  10
-61141.723633
  20
164.893017
  0
VERTEX
  8
1
  10
-61136.186523
  20
164.100552
  0
VERTEX
  8
1
  10
-61127.587891
  20
162.921600
  0
VERTEX
  8
1
  10
-61120.483398
  20
162.025566
  0
VERTEX
  8
1
  10
-61113.422852
  20
161.221714
  0
VERTEX
  8
1
  10
-61106.347656
  20
160.499229
  0
VERTEX
  8
1
  10
-61098.750000
  20
159.810944
  0
VERTEX
  8
1
  10
-61091.142578
  20
159.206743
  0
VERTEX
  8
1
  10
-61083.007813
  20
158.649464
  0
VERTEX
  8
1
  10
-61075.424805
  20
158.209534
  0
VERTEX
  8
1
  10
-61074.858398
  20
158.176451
  0
VERTEX
  8
1
  10
-61066.181641
  20
157.759581
  0
VERTEX
  8
1
  10
-61056.987305
  20
157.406702
  0
VERTEX
  8
1
  10
-61047.260742
  20
157.123795
  0
VERTEX
  8
1
  10
-61037.011719
  20
156.914606
  0
VERTEX
  8
1
  10
-61026.748047
  20
156.784792
  0
VERTEX
  8
1
  10
-61016.479492
  20
156.722622
  0
VERTEX
  8
1
  10
-61006.538086
  20
156.714478
  0
VERTEX
  8
1
  10
-60996.201172
  20
156.745901
  0
VERTEX
  8
1
  10
-60985.786133
  20
156.813383
  0
VERTEX
  8
1
  10
-60970.742188
  20
157.099113
  0
VERTEX
  8
1
  10
-60969.711914
  20
148.427887
  0
VERTEX
  8
1
  10
-60968.764648
  20
140.400887
  0
VERTEX
  8
1
  10
-60967.578125
  20
130.389700
  0
VERTEX
  8
1
  10
-60966.362305
  20
120.146370
  0
VERTEX
  8
1
  10
-60965.151367
  20
109.962482
  0
VERTEX
  8
1
  10
-60963.935547
  20
99.723806
  0
VERTEX
  8
1
  10
-60962.709961
  20
89.415884
  0
VERTEX
  8
1
  10
-60961.489258
  20
79.107089
  0
VERTEX
  8
1
  10
-60960.278320
  20
68.931603
  0
VERTEX
  8
1
  10
-60959.057617
  20
58.623075
  0
VERTEX
  8
1
  10
-60957.846680
  20
48.421865
  0
VERTEX
  8
1
  10
-60956.650391
  20
38.301175
  0
VERTEX
  8
1
  10
-60955.454102
  20
28.227053
  0
VERTEX
  8
1
  10
-60954.467773
  20
19.931066
  0
VERTEX
  8
1
  10
-60953.969727
  20
15.712157
  0
VERTEX
  8
1
  10
-60956.337891
  20
8.413678
  0
VERTEX
  8
1
  10
-60958.940430
  20
0.412416
  0
VERTEX
  8
1
  10
-60958.833008
  20
-1.098113
  0
VERTEX
  8
1
  10
-60958.461914
  20
-5.305039
  0
VERTEX
  8
1
  10
-60958.041992
  20
-9.249076
  0
VERTEX
  8
1
  10
-60957.602539
  20
-12.641225
  0
VERTEX
  8
1
  10
-60957.148438
  20
-15.624290
  0
VERTEX
  8
1
  10
-60956.655273
  20
-18.385105
  0
VERTEX
  8
1
  10
-60956.132813
  20
-20.918064
  0
VERTEX
  8
1
  10
-60955.541992
  20
-23.405757
  0
VERTEX
  8
1
  10
-60954.926758
  20
-25.673053
  0
VERTEX
  8
1
  10
-60954.252930
  20
-27.871549
  0
VERTEX
  8
1
  10
-60953.564453
  20
-29.879050
  0
VERTEX
  8
1
  10
-60952.812500
  20
-31.831379
  0
VERTEX
  8
1
  10
-60952.070313
  20
-33.565950
  0
VERTEX
  8
1
  10
-60951.274414
  20
-35.242205
  0
VERTEX
  8
1
  10
-60950.502930
  20
-36.711352
  0
VERTEX
  8
1
  10
-60949.687500
  20
-38.125122
  0
VERTEX
  8
1
  10
-60948.823242
  20
-39.480946
  0
VERTEX
  8
1
  10
-60947.924805
  20
-40.767608
  0
VERTEX
  8
1
  10
-60946.938477
  20
-42.046289
  0
VERTEX
  8
1
  10
-60945.888672
  20
-43.294468
  0
VERTEX
  8
1
  10
-60944.780273
  20
-44.509397
  0
VERTEX
  8
1
  10
-60943.608398
  20
-45.688286
  0
VERTEX
  8
1
  10
-60942.260742
  20
-46.940093
  0
VERTEX
  8
1
  10
-60940.854492
  20
-48.141227
  0
VERTEX
  8
1
  10
-60939.350586
  20
-49.322314
  0
VERTEX
  8
1
  10
-60937.680664
  20
-50.526628
  0
VERTEX
  8
1
  10
-60935.820313
  20
-51.767220
  0
VERTEX
  8
1
  10
-60933.842773
  20
-52.995310
  0
VERTEX
  8
1
  10
-60931.596680
  20
-54.292383
  0
VERTEX
  8
1
  10
-60929.384766
  20
-55.484552
  0
VERTEX
  8
1
  10
-60925.830078
  20
-57.284451
  0
VERTEX
  8
1
  10
-60919.853516
  20
-60.362806
  0
VERTEX
  8
1
  10
-60921.699219
  20
-67.626882
  0
VERTEX
  8
1
  10
-60923.320313
  20
-73.972597
  0
VERTEX
  8
1
  10
-60925.776367
  20
-83.736525
  0
VERTEX
  8
1
  10
-60927.851563
  20
-92.226830
  0
VERTEX
  8
1
  10
-60928.232422
  20
-93.783369
  0
VERTEX
  8
1
  10
-60930.390625
  20
-102.935019
  0
VERTEX
  8
1
  10
-60932.490234
  20
-112.220402
  0
VERTEX
  8
1
  10
-60934.511719
  20
-121.524734
  0
VERTEX
  8
1
  10
-60936.455078
  20
-130.870981
  0
VERTEX
  8
1
  10
-60938.315430
  20
-140.210695
  0
VERTEX
  8
1
  10
-60940.156250
  20
-149.914150
  0
VERTEX
  8
1
  10
-60941.918945
  20
-159.634743
  0
VERTEX
  8
1
  10
-60943.618164
  20
-169.461613
  0
VERTEX
  8
1
  10
-60945.219727
  20
-179.213963
  0
VERTEX
  8
1
  10
-60946.796875
  20
-189.330311
  0
VERTEX
  8
1
  10
-60948.261719
  20
-199.244862
  0
VERTEX
  8
1
  10
-60949.687500
  20
-209.389687
  0
VERTEX
  8
1
  10
-60951.035156
  20
-219.547424
  0
VERTEX
  8
1
  10
-60952.285156
  20
-229.503384
  0
VERTEX
  8
1
  10
-60953.491211
  20
-239.682903
  0
VERTEX
  8
1
  10
-60954.628906
  20
-249.870777
  0
VERTEX
  8
1
  10
-60955.678711
  20
-259.865379
  0
VERTEX
  8
1
  10
-60956.127930
  20
-264.433346
  0
VERTEX
  8
1
  10
-60956.679688
  20
-270.070610
  0
VERTEX
  8
1
  10
-60957.622070
  20
-280.287132
  0
VERTEX
  8
1
  10
-60958.486328
  20
-290.293484
  0
VERTEX
  8
1
  10
-60959.316406
  20
-300.527744
  0
VERTEX
  8
1
  10
-60960.092773
  20
-310.767117
  0
VERTEX
  8
1
  10
-60960.805664
  20
-320.793648
  0
VERTEX
  8
1
  10
-60961.484375
  20
-331.043358
  0
VERTEX
  8
1
  10
-60962.119141
  20
-341.299477
  0
VERTEX
  8
1
  10
-60962.695313
  20
-351.347504
  0
VERTEX
  8
1
  10
-60963.247070
  20
-361.614799
  0
VERTEX
  8
1
  10
-60963.764648
  20
-371.887016
  0
VERTEX
  8
1
  10
-60964.238281
  20
-381.951981
  0
VERTEX
  8
1
  10
-60964.687500
  20
-392.232475
  0
VERTEX
  8
1
  10
-60965.112305
  20
-402.516060
  0
VERTEX
  8
1
  10
-60965.507813
  20
-412.779655
  0
VERTEX
  8
1
  10
-60965.878906
  20
-422.886925
  0
VERTEX
  8
1
  10
-60966.230469
  20
-433.069077
  0
VERTEX
  8
1
  10
-60966.572266
  20
-443.347206
  0
VERTEX
  8
1
  10
-60966.572266
  20
-443.396530
  0
VERTEX
  8
1
  10
-60976.503906
  20
-871.908951
  0
VERTEX
  8
1
  10
-60976.503906
  20
-871.908951
  0
VERTEX
  8
1
  10
-60975.693359
  20
-906.908951
  0
VERTEX
  8
1
  10
-60992.744141
  20
-906.908951
  0
VERTEX
  8
1
  10
-61002.910156
  20
-906.908951
  0
VERTEX
  8
1
  10
-61012.944336
  20
-906.908951
  0
VERTEX
  8
1
  10
-61022.983398
  20
-906.908951
  0
VERTEX
  8
1
  10
-61033.017578
  20
-906.908951
  0
VERTEX
  8
1
  10
-61043.056641
  20
-906.908951
  0
VERTEX
  8
1
  10
-61053.222656
  20
-906.908951
  0
VERTEX
  8
1
  10
-61063.261719
  20
-906.908951
  0
VERTEX
  8
1
  10
-61073.295898
  20
-906.908951
  0
VERTEX
  8
1
  10
-61083.334961
  20
-906.908951
  0
VERTEX
  8
1
  10
-61093.540039
  20
-906.908951
  0
VERTEX
  8
1
  10
-61103.574219
  20
-906.908951
  0
VERTEX
  8
1
  10
-61113.613281
  20
-906.908951
  0
VERTEX
  8
1
  10
-61123.647461
  20
-906.908951
  0
VERTEX
  8
1
  10
-61134.052734
  20
-906.908951
  0
VERTEX
  8
1
  10
-61144.277344
  20
-906.908951
  0
VERTEX
  8
1
  10
-61154.418945
  20
-906.908951
  0
SEQEND
  8
1
  0
POINT
  8
2
 10
-61175.786133
 20
-906.908951
  0
TEXT
  8
2
 10
-61175.786133
 20
-906.908951
 40
0.000000
 50
0.000000
  1
# 171
  0
POINT
  8
2
 10
-61174.819336
 20
-871.908951
  0
TEXT
  8
2
 10
-61174.819336
 20
-871.908951
 40
0.000000
 50
0.000000
  1
# 172
  0
POINT
  8
2
 10
-61186.630859
 20
-443.710670
  0
TEXT
  8
2
 10
-61186.630859
 20
-443.710670
 40
0.000000
 50
0.000000
  1
# 173
  0
POINT
  8
2
 10
-61218.383789
 20
-91.352472
  0
TEXT
  8
2
 10
-61218.383789
 20
-91.352472
 40
0.000000
 50
0.000000
  1
# 174
  0
POINT
  8
2
 10
-61222.646484
 20
-0.449083
  0
TEXT
  8
2
 10
-61222.646484
 20
-0.449083
 40
0.000000
 50
0.000000
  1
# 175
  0
POINT
  8
2
 10
-61169.965820
 20
168.874664
  0
TEXT
  8
2
 10
-61169.965820
 20
168.874664
 40
0.000000
 50
0.000000
  1
# 176
  0
POINT
  8
2
 10
-60985.786133
 20
156.813383
  0
TEXT
  8
2
 10
-60985.786133
 20
156.813383
 40
0.000000
 50
0.000000
  1
# 177
  0
POINT
  8
2
 10
-60970.742188
 20
157.099113
  0
TEXT
  8
2
 10
-60970.742188
 20
157.099113
 40
0.000000
 50
0.000000
  1
# 178
  0
POINT
  8
2
 10
-60953.969727
 20
15.712157
  0
TEXT
  8
2
 10
-60953.969727
 20
15.712157
 40
0.000000
 50
0.000000
  1
# 179
  0
POINT
  8
2
 10
-60958.940430
 20
0.412416
  0
TEXT
  8
2
 10
-60958.940430
 20
0.412416
 40
0.000000
 50
0.000000
  1
# 180
  0
POINT
  8
2
 10
-60919.853516
 20
-60.362806
  0
TEXT
  8
2
 10
-60919.853516
 20
-60.362806
 40
0.000000
 50
0.000000
  1
# 181
  0
POINT
  8
2
 10
-60966.572266
 20
-443.396530
  0
TEXT
  8
2
 10
-60966.572266
 20
-443.396530
 40
0.000000
 50
0.000000
  1
# 182
  0
POINT
  8
2
 10
-60976.503906
 20
-871.908951
  0
TEXT
  8
2
 10
-60976.503906
 20
-871.908951
 40
0.000000
 50
0.000000
  1
# 183
  0
POINT
  8
2
 10
-60975.693359
 20
-906.908951
  0
TEXT
  8
2
 10
-60975.693359
 20
-906.908951
 40
0.000000
 50
0.000000
  1
# 184
  0
POINT
  8
3
 10
-61174.819336
 20
-871.908951
  0
POINT
  8
3
 10
-61181.157227
 20
-642.148361
  0
POINT
  8
3
 10
-61186.635742
 20
-443.591652
  0
POINT
  8
3
 10
-61186.748047
 20
-441.306496
  0
POINT
  8
3
 10
-61187.089844
 20
-434.312363
  0
POINT
  8
3
 10
-61187.641602
 20
-424.212265
  0
POINT
  8
3
 10
-61188.261719
 20
-414.155312
  0
POINT
  8
3
 10
-61188.925781
 20
-404.076385
  0
POINT
  8
3
 10
-61189.604492
 20
-394.030685
  0
POINT
  8
3
 10
-61190.297852
 20
-383.936348
  0
POINT
  8
3
 10
-61191.010742
 20
-373.850861
  0
POINT
  8
3
 10
-61191.752930
 20
-363.668900
  0
POINT
  8
3
 10
-61192.519531
 20
-353.596420
  0
POINT
  8
3
 10
-61193.315430
 20
-343.526917
  0
POINT
  8
3
 10
-61194.130859
 20
-333.563156
  0
POINT
  8
3
 10
-61194.990234
 20
-323.500671
  0
POINT
  8
3
 10
-61195.878906
 20
-313.442764
  0
POINT
  8
3
 10
-61196.801758
 20
-303.438625
  0
POINT
  8
3
 10
-61197.763672
 20
-293.386269
  0
POINT
  8
3
 10
-61198.754883
 20
-283.332577
  0
POINT
  8
3
 10
-61199.770508
 20
-273.323860
  0
POINT
  8
3
 10
-61200.810547
 20
-263.267403
  0
POINT
  8
3
 10
-61201.875000
 20
-253.209801
  0
POINT
  8
3
 10
-61202.949219
 20
-243.197193
  0
POINT
  8
3
 10
-61204.038086
 20
-233.136501
  0
POINT
  8
3
 10
-61205.141602
 20
-223.073978
  0
POINT
  8
3
 10
-61206.254883
 20
-212.985325
  0
POINT
  8
3
 10
-61207.373047
 20
-202.916832
  0
POINT
  8
3
 10
-61208.486328
 20
-192.843361
  0
POINT
  8
3
 10
-61209.584961
 20
-182.817020
  0
POINT
  8
3
 10
-61210.683594
 20
-172.731991
  0
POINT
  8
3
 10
-61211.767578
 20
-162.640495
  0
POINT
  8
3
 10
-61212.822266
 20
-152.593460
  0
POINT
  8
3
 10
-61213.862305
 20
-142.482719
  0
POINT
  8
3
 10
-61214.858398
 20
-132.355614
  0
POINT
  8
3
 10
-61215.805664
 20
-122.230625
  0
POINT
  8
3
 10
-61216.704102
 20
-111.979113
  0
POINT
  8
3
 10
-61217.553711
 20
-101.817455
  0
POINT
  8
3
 10
-61219.125977
 20
-81.495275
  0
POINT
  8
3
 10
-61219.848633
 20
-71.327085
  0
POINT
  8
3
 10
-61220.507813
 20
-61.241131
  0
POINT
  8
3
 10
-61221.079102
 20
-51.293187
  0
POINT
  8
3
 10
-61221.523438
 20
-42.157650
  0
POINT
  8
3
 10
-61221.884766
 20
-32.969940
  0
POINT
  8
3
 10
-61222.202148
 20
-22.735729
  0
POINT
  8
3
 10
-61222.446289
 20
-12.263867
  0
POINT
  8
3
 10
-61162.441406
 20
167.819805
  0
POINT
  8
3
 10
-61156.650391
 20
167.014065
  0
POINT
  8
3
 10
-61146.381836
 20
165.559711
  0
POINT
  8
3
 10
-61141.723633
 20
164.893017
  0
POINT
  8
3
 10
-61136.186523
 20
164.100552
  0
POINT
  8
3
 10
-61127.587891
 20
162.921600
  0
POINT
  8
3
 10
-61120.483398
 20
162.025566
  0
POINT
  8
3
 10
-61113.422852
 20
161.221714
  0
POINT
  8
3
 10
-61106.347656
 20
160.499229
  0
POINT
  8
3
 10
-61098.750000
 20
159.810944
  0
POINT
  8
3
 10
-61091.142578
 20
159.206743
  0
POINT
  8
3
 10
-61083.007813
 20
158.649464
  0
POINT
  8
3
 10
-61075.424805
 20
158.209534
  0
POINT
  8
3
 10
-61074.858398
 20
158.176451
  0
POINT
  8
3
 10
-61066.181641
 20
157.759581
  0
POINT
  8
3
 10
-61056.987305
 20
157.406702
  0
POINT
  8
3
 10
-61047.260742
 20
157.123795
  0
POINT
  8
3
 10
-61037.011719
 20
156.914606
  0
POINT
  8
3
 10
-61026.748047
 20
156.784792
  0
POINT
  8
3
 10
-61016.479492
 20
156.722622
  0
POINT
  8
3
 10
-61006.538086
 20
156.714478
  0
POINT
  8
3
 10
-60996.201172
 20
156.745901
  0
POINT
  8
3
 10
-60969.711914
 20
148.427887
  0
POINT
  8
3
 10
-60968.764648
 20
140.400887
  0
POINT
  8
3
 10
-60967.578125
 20
130.389700
  0
POINT
  8
3
 10
-60966.362305
 20
120.146370
  0
POINT
  8
3
 10
-60965.151367
 20
109.962482
  0
POINT
  8
3
 10
-60963.935547
 20
99.723806
  0
POINT
  8
3
 10
-60962.709961
 20
89.415884
  0
POINT
  8
3
 10
-60961.489258
 20
79.107089
  0
POINT
  8
3
 10
-60960.278320
 20
68.931603
  0
POINT
  8
3
 10
-60959.057617
 20
58.623075
  0
POINT
  8
3
 10
-60957.846680
 20
48.421865
  0
POINT
  8
3
 10
-60956.650391
 20
38.301175
  0
POINT
  8
3
 10
-60955.454102
 20
28.227053
  0
POINT
  8
3
 10
-60954.467773
 20
19.931066
  0
POINT
  8
3
 10
-60956.337891
 20
8.413678
  0
POINT
  8
3
 10
-60958.833008
 20
-1.098113
  0
POINT
  8
3
 10
-60958.461914
 20
-5.305039
  0
POINT
  8
3
 10
-60958.041992
 20
-9.249076
  0
POINT
  8
3
 10
-60957.602539
 20
-12.641225
  0
POINT
  8
3
 10
-60957.148438
 20
-15.624290
  0
POINT
  8
3
 10
-60956.655273
 20
-18.385105
  0
POINT
  8
3
 10
-60956.132813
 20
-20.918064
  0
POINT
  8
3
 10
-60955.541992
 20
-23.405757
  0
POINT
  8
3
 10
-60954.926758
 20
-25.673053
  0
POINT
  8
3
 10
-60954.252930
 20
-27.871549
  0
POINT
  8
3
 10
-60953.564453
 20
-29.879050
  0
POINT
  8
3
 10
-60952.812500
 20
-31.831379
  0
POINT
  8
3
 10
-60952.070313
 20
-33.565950
  0
POINT
  8
3
 10
-60951.274414
 20
-35.242205
  0
POINT
  8
3
 10
-60950.502930
 20
-36.711352
  0
POINT
  8
3
 10
-60949.687500
 20
-38.125122
  0
POINT
  8
3
 10
-60948.823242
 20
-39.480946
  0
POINT
  8
3
 10
-60947.924805
 20
-40.767608
  0
POINT
  8
3
 10
-60946.938477
 20
-42.046289
  0
POINT
  8
3
 10
-60945.888672
 20
-43.294468
  0
POINT
  8
3
 10
-60944.780273
 20
-44.509397
  0
POINT
  8
3
 10
-60943.608398
 20
-45.688286
  0
POINT
  8
3
 10
-60942.260742
 20
-46.940093
  0
POINT
  8
3
 10
-60940.854492
 20
-48.141227
  0
POINT
  8
3
 10
-60939.350586
 20
-49.322314
  0
POINT
  8
3
 10
-60937.680664
 20
-50.526628
  0
POINT
  8
3
 10
-60935.820313
 20
-51.767220
  0
POINT
  8
3
 10
-60933.842773
 20
-52.995310
  0
POINT
  8
3
 10
-60931.596680
 20
-54.292383
  0
POINT
  8
3
 10
-60929.384766
 20
-55.484552
  0
POINT
  8
3
 10
-60925.830078
 20
-57.284451
  0
POINT
  8
3
 10
-60921.699219
 20
-67.626882
  0
POINT
  8
3
 10
-60923.320313
 20
-73.972597
  0
POINT
  8
3
 10
-60925.776367
 20
-83.736525
  0
POINT
  8
3
 10
-60927.851563
 20
-92.226830
  0
POINT
  8
3
 10
-60928.232422
 20
-93.783369
  0
POINT
  8
3
 10
-60930.390625
 20
-102.935019
  0
POINT
  8
3
 10
-60932.490234
 20
-112.220402
  0
POINT
  8
3
 10
-60934.511719
 20
-121.524734
  0
POINT
  8
3
 10
-60936.455078
 20
-130.870981
  0
POINT
  8
3
 10
-60938.315430
 20
-140.210695
  0
POINT
  8
3
 10
-60940.156250
 20
-149.914150
  0
POINT
  8
3
 10
-60941.918945
 20
-159.634743
  0
POINT
  8
3
 10
-60943.618164
 20
-169.461613
  0
POINT
  8
3
 10
-60945.219727
 20
-179.213963
  0
POINT
  8
3
 10
-60946.796875
 20
-189.330311
  0
POINT
  8
3
 10
-60948.261719
 20
-199.244862
  0
POINT
  8
3
 10
-60949.687500
 20
-209.389687
  0
POINT
  8
3
 10
-60951.035156
 20
-219.547424
  0
POINT
  8
3
 10
-60952.285156
 20
-229.503384
  0
POINT
  8
3
 10
-60953.491211
 20
-239.682903
  0
POINT
  8
3
 10
-60954.628906
 20
-249.870777
  0
POINT
  8
3
 10
-60955.678711
 20
-259.865379
  0
POINT
  8
3
 10
-60956.127930
 20
-264.433346
  0
POINT
  8
3
 10
-60956.679688
 20
-270.070610
  0
POINT
  8
3
 10
-60957.622070
 20
-280.287132
  0
POINT
  8
3
 10
-60958.486328
 20
-290.293484
  0
POINT
  8
3
 10
-60959.316406
 20
-300.527744
  0
POINT
  8
3
 10
-60960.092773
 20
-310.767117
  0
POINT
  8
3
 10
-60960.805664
 20
-320.793648
  0
POINT
  8
3
 10
-60961.484375
 20
-331.043358
  0
POINT
  8
3
 10
-60962.119141
 20
-341.299477
  0
POINT
  8
3
 10
-60962.695313
 20
-351.347504
  0
POINT
  8
3
 10
-60963.247070
 20
-361.614799
  0
POINT
  8
3
 10
-60963.764648
 20
-371.887016
  0
POINT
  8
3
 10
-60964.238281
 20
-381.951981
  0
POINT
  8
3
 10
-60964.687500
 20
-392.232475
  0
POINT
  8
3
 10
-60965.112305
 20
-402.516060
  0
POINT
  8
3
 10
-60965.507813
 20
-412.779655
  0
POINT
  8
3
 10
-60965.878906
 20
-422.886925
  0
POINT
  8
3
 10
-60966.230469
 20
-433.069077
  0
POINT
  8
3
 10
-60966.572266
 20
-443.347206
  0
POINT
  8
3
 10
-60976.503906
 20
-871.908951
  0
POINT
  8
3
 10
-60992.744141
 20
-906.908951
  0
POINT
  8
3
 10
-61002.910156
 20
-906.908951
  0
POINT
  8
3
 10
-61012.944336
 20
-906.908951
  0
POINT
  8
3
 10
-61022.983398
 20
-906.908951
  0
POINT
  8
3
 10
-61033.017578
 20
-906.908951
  0
POINT
  8
3
 10
-61043.056641
 20
-906.908951
  0
POINT
  8
3
 10
-61053.222656
 20
-906.908951
  0
POINT
  8
3
 10
-61063.261719
 20
-906.908951
  0
POINT
  8
3
 10
-61073.295898
 20
-906.908951
  0
POINT
  8
3
 10
-61083.334961
 20
-906.908951
  0
POINT
  8
3
 10
-61093.540039
 20
-906.908951
  0
POINT
  8
3
 10
-61103.574219
 20
-906.908951
  0
POINT
  8
3
 10
-61113.613281
 20
-906.908951
  0
POINT
  8
3
 10
-61123.647461
 20
-906.908951
  0
POINT
  8
3
 10
-61134.052734
 20
-906.908951
  0
POINT
  8
3
 10
-61144.277344
 20
-906.908951
  0
POINT
  8
3
 10
-61154.418945
 20
-906.908951
  0
POINT
  8
4
 10
-61174.819336
 20
-871.908951
 30
1.000000
 50
  0.00
  0
TEXT
  8
4
 10
-61174.819336
 20
-871.908951
 40
0.000000
 50
0.000000
  1
# 185
  0
POINT
  8
4
 10
-61181.157227
 20
-642.148361
 30
1.000000
 50
  1.58
  0
TEXT
  8
4
 10
-61181.157227
 20
-642.148361
 40
0.000000
 50
0.000000
  1
# 186
  0
POINT
  8
4
 10
-61186.635742
 20
-443.591652
 30
1.000000
 50
  2.79
  0
TEXT
  8
4
 10
-61186.635742
 20
-443.591652
 40
0.000000
 50
0.000000
  1
# 187
  0
POINT
  8
4
 10
-61141.723633
 20
164.893017
 30
1.000000
 50
261.85
  0
TEXT
  8
4
 10
-61141.723633
 20
164.893017
 40
0.000000
 50
0.000000
  1
# 188
  0
POINT
  8
4
 10
-61075.424805
 20
158.209534
 30
1.000000
 50
270.00
  0
TEXT
  8
4
 10
-61075.424805
 20
158.209534
 40
0.000000
 50
0.000000
  1
# 189
  0
POINT
  8
4
 10
-60927.851563
 20
-92.226830
 30
1.000000
 50
166.26
  0
TEXT
  8
4
 10
-60927.851563
 20
-92.226830
 40
0.000000
 50
0.000000
  1
# 190
  0
POINT
  8
4
 10
-60956.127930
 20
-264.433346
 30
1.000000
 50
174.39
  0
TEXT
  8
4
 10
-60956.127930
 20
-264.433346
 40
0.000000
 50
0.000000
  1
# 191
  0
POINT
  8
4
 10
-60966.572266
 20
-443.347206
 30
1.000000
 50
178.67
  0
TEXT
  8
4
 10
-60966.572266
 20
-443.347206
 40
0.000000
 50
0.000000
  1
# 192
  0
POINT
  8
4
 10
-60976.503906
 20
-871.908951
 30
1.000000
 50
180.00
  0
TEXT
  8
4
 10
-60976.503906
 20
-871.908951
 40
0.000000
 50
0.000000
  1
# 193
  0
POLYLINE
  8
14
  66
1
  70
1
  0
VERTEX
  8
14
  10
-61164.814453
  20
-871.908951
  0
VERTEX
  8
14
  10
-61164.814453
  20
-871.908951
  0
VERTEX
  8
14
  10
-61171.157227
  20
-641.872635
  0
VERTEX
  8
14
  10
-61176.645508
  20
-443.114929
  0
VERTEX
  8
14
  10
-61176.645508
  20
-443.104095
  0
VERTEX
  8
14
  10
-61177.099163
  20
-433.801248
  0
VERTEX
  8
14
  10
-61177.657028
  20
-423.627561
  0
VERTEX
  8
14
  10
-61178.279413
  20
-413.515446
  0
VERTEX
  8
14
  10
-61178.945309
  20
-403.405839
  0
VERTEX
  8
14
  10
-61179.626906
  20
-393.350227
  0
VERTEX
  8
14
  10
-61180.322347
  20
-383.242695
  0
VERTEX
  8
14
  10
-61181.034968
  20
-373.136478
  0
VERTEX
  8
14
  10
-61181.780210
  20
-362.926451
  0
VERTEX
  8
14
  10
-61182.547387
  20
-352.824302
  0
VERTEX
  8
14
  10
-61183.344951
  20
-342.724476
  0
VERTEX
  8
14
  10
-61184.164917
  20
-332.730106
  0
VERTEX
  8
14
  10
-61185.025112
  20
-322.635375
  0
VERTEX
  8
14
  10
-61185.918835
  20
-312.543541
  0
VERTEX
  8
14
  10
-61186.843125
  20
-302.504125
  0
VERTEX
  8
14
  10
-61187.807036
  20
-292.418698
  0
VERTEX
  8
14
  10
-61188.802238
  20
-282.336288
  0
VERTEX
  8
14
  10
-61189.819516
  20
-272.303314
  0
VERTEX
  8
14
  10
-61190.864274
  20
-262.226024
  0
VERTEX
  8
14
  10
-61191.928514
  20
-252.150809
  0
VERTEX
  8
14
  10
-61193.004011
  20
-242.123771
  0
VERTEX
  8
14
  10
-61194.097606
  20
-232.051594
  0
VERTEX
  8
14
  10
-61195.201354
  20
-221.980503
  0
VERTEX
  8
14
  10
-61196.314930
  20
-211.886263
  0
VERTEX
  8
14
  10
-61197.429511
  20
-201.816454
  0
VERTEX
  8
14
  10
-61198.542955
  20
-191.746545
  0
VERTEX
  8
14
  10
-61199.644550
  20
-181.728585
  0
VERTEX
  8
14
  10
-61200.740973
  20
-171.656790
  0
VERTEX
  8
14
  10
-61201.821608
  20
-161.583240
  0
VERTEX
  8
14
  10
-61202.876318
  20
-151.558800
  0
VERTEX
  8
14
  10
-61203.909420
  20
-141.480096
  0
VERTEX
  8
14
  10
-61204.903686
  20
-131.397597
  0
VERTEX
  8
14
  10
-61205.844628
  20
-121.329523
  0
VERTEX
  8
14
  10
-61206.739859
  20
-111.128885
  0
VERTEX
  8
14
  10
-61207.582993
  20
-101.006526
  0
VERTEX
  8
14
  10
-61208.408203
  20
-90.600319
  0
VERTEX
  8
14
  10
-61209.150236
  20
-80.762776
  0
VERTEX
  8
14
  10
-61209.870607
  20
-70.642854
  0
VERTEX
  8
14
  10
-61210.523524
  20
-60.627025
  0
VERTEX
  8
14
  10
-61211.090025
  20
-50.762999
  0
VERTEX
  8
14
  10
-61211.530467
  20
-41.717233
  0
VERTEX
  8
14
  10
-61211.888499
  20
-32.620312
  0
VERTEX
  8
14
  10
-61212.202060
  20
-22.465173
  0
VERTEX
  8
14
  10
-61212.447208
  20
-12.062295
  0
VERTEX
  8
14
  10
-61212.578125
  20
-1.753425
  0
VERTEX
  8
14
  10
-61162.944336
  20
157.789488
  0
VERTEX
  8
14
  10
-61158.027031
  20
157.109581
  0
VERTEX
  8
14
  10
-61147.802751
  20
155.661419
  0
VERTEX
  8
14
  10
-61143.144531
  20
154.990835
  0
VERTEX
  8
14
  10
-61137.584155
  20
154.198631
  0
VERTEX
  8
14
  10
-61128.891814
  20
153.007485
  0
VERTEX
  8
14
  10
-61121.670768
  20
152.096741
  0
VERTEX
  8
14
  10
-61114.492843
  20
151.279421
  0
VERTEX
  8
14
  10
-61107.305467
  20
150.545420
  0
VERTEX
  8
14
  10
-61099.595216
  20
149.846778
  0
VERTEX
  8
14
  10
-61091.876224
  20
149.234010
  0
VERTEX
  8
14
  10
-61083.634201
  20
148.669347
  0
VERTEX
  8
14
  10
-61075.424805
  20
148.235168
  0
VERTEX
  8
14
  10
-61075.384784
  20
148.190503
  0
VERTEX
  8
14
  10
-61066.613130
  20
147.768900
  0
VERTEX
  8
14
  10
-61057.319762
  20
147.412369
  0
VERTEX
  8
14
  10
-61047.505733
  20
147.126839
  0
VERTEX
  8
14
  10
-61037.172710
  20
146.915938
  0
VERTEX
  8
14
  10
-61026.839697
  20
146.785209
  0
VERTEX
  8
14
  10
-61016.509261
  20
146.722672
  0
VERTEX
  8
14
  10
-61006.522107
  20
146.714485
  0
VERTEX
  8
14
  10
-60996.150067
  20
146.746012
  0
VERTEX
  8
14
  10
-60985.659180
  20
146.814003
  0
VERTEX
  8
14
  10
-60979.604492
  20
146.928978
  0
VERTEX
  8
14
  10
-60978.691412
  20
139.223830
  0
VERTEX
  8
14
  10
-60977.504426
  20
129.212061
  0
VERTEX
  8
14
  10
-60976.289267
  20
118.968073
  0
VERTEX
  8
14
  10
-60975.080366
  20
108.783344
  0
VERTEX
  8
14
  10
-60973.864130
  20
98.544034
  0
VERTEX
  8
14
  10
-60972.639524
  20
88.236294
  0
VERTEX
  8
14
  10
-60971.415515
  20
77.928472
  0
VERTEX
  8
14
  10
-60970.208523
  20
67.754036
  0
VERTEX
  8
14
  10
-60968.986435
  20
57.445911
  0
VERTEX
  8
14
  10
-60967.777070
  20
47.244446
  0
VERTEX
  8
14
  10
-60966.576795
  20
37.123305
  0
VERTEX
  8
14
  10
-60965.381653
  20
27.048837
  0
VERTEX
  8
14
  10
-60964.155273
  20
16.714134
  0
VERTEX
  8
14
  10
-60965.848157
  20
11.503702
  0
VERTEX
  8
14
  10
-60969.047852
  20
1.655541
  0
VERTEX
  8
14
  10
-60968.801467
  20
-1.879898
  0
VERTEX
  8
14
  10
-60968.415098
  20
-6.275442
  0
VERTEX
  8
14
  10
-60967.970073
  20
-10.420002
  0
VERTEX
  8
14
  10
-60967.506115
  20
-14.029020
  0
VERTEX
  8
14
  10
-60967.014972
  20
-17.254052
  0
VERTEX
  8
14
  10
-60966.475119
  20
-20.276890
  0
VERTEX
  8
14
  10
-60965.894269
  20
-23.083745
  0
VERTEX
  8
14
  10
-60965.230738
  20
-25.873002
  0
VERTEX
  8
14
  10
-60964.533442
  20
-28.444161
  0
VERTEX
  8
14
  10
-60963.761026
  20
-30.964336
  0
VERTEX
  8
14
  10
-60962.959016
  20
-33.295835
  0
VERTEX
  8
14
  10
-60962.073614
  20
-35.597922
  0
VERTEX
  8
14
  10
-60961.184008
  20
-37.675383
  0
VERTEX
  8
14
  10
-60960.215411
  20
-39.715023
  0
VERTEX
  8
14
  10
-60959.262737
  20
-41.531145
  0
VERTEX
  8
14
  10
-60958.238049
  20
-43.306125
  0
VERTEX
  8
14
  10
-60957.138150
  20
-45.035244
  0
VERTEX
  8
14
  10
-60955.979480
  20
-46.688288
  0
VERTEX
  8
14
  10
-60954.727763
  20
-48.315389
  0
VERTEX
  8
14
  10
-60953.405535
  20
-49.888595
  0
VERTEX
  8
14
  10
-60952.017583
  20
-51.406575
  0
VERTEX
  8
14
  10
-60950.568699
  20
-52.867989
  0
VERTEX
  8
14
  10
-60948.910265
  20
-54.408617
  0
VERTEX
  8
14
  10
-60947.190276
  20
-55.877403
  0
VERTEX
  8
14
  10
-60945.360426
  20
-57.313755
  0
VERTEX
  8
14
  10
-60943.376622
  20
-58.745020
  0
VERTEX
  8
14
  10
-60941.226334
  20
-60.179413
  0
VERTEX
  8
14
  10
-60938.981359
  20
-61.572355
  0
VERTEX
  8
14
  10
-60936.467294
  20
-63.025880
  0
VERTEX
  8
14
  10
-60933.991749
  20
-64.359078
  0
VERTEX
  8
14
  10
-60931.494141
  20
-65.600319
  0
VERTEX
  8
14
  10
-60933.009567
  20
-71.505441
  0
VERTEX
  8
14
  10
-60935.479981
  20
-81.325416
  0
VERTEX
  8
14
  10
-60937.568359
  20
-89.850368
  0
VERTEX
  8
14
  10
-60937.955707
  20
-91.448245
  0
VERTEX
  8
14
  10
-60940.131134
  20
-100.685252
  0
VERTEX
  8
14
  10
-60942.251465
  20
-110.056432
  0
VERTEX
  8
14
  10
-60944.289687
  20
-119.445947
  0
VERTEX
  8
14
  10
-60946.251287
  20
-128.876951
  0
VERTEX
  8
14
  10
-60948.126951
  20
-138.300094
  0
VERTEX
  8
14
  10
-60949.988200
  20
-148.088435
  0
VERTEX
  8
14
  10
-60951.765695
  20
-157.892230
  0
VERTEX
  8
14
  10
-60953.476423
  20
-167.801347
  0
VERTEX
  8
14
  10
-60955.090865
  20
-177.633072
  0
VERTEX
  8
14
  10
-60956.680922
  20
-187.829010
  0
VERTEX
  8
14
  10
-60958.158791
  20
-197.818848
  0
VERTEX
  8
14
  10
-60959.591737
  20
-208.038034
  0
VERTEX
  8
14
  10
-60960.949293
  20
-218.267529
  0
VERTEX
  8
14
  10
-60962.207852
  20
-228.291266
  0
VERTEX
  8
14
  10
-60963.423632
  20
-238.538660
  0
VERTEX
  8
14
  10
-60964.569534
  20
-248.794078
  0
VERTEX
  8
14
  10
-60965.625311
  20
-258.854645
  0
VERTEX
  8
14
  10
-60966.083984
  20
-263.454647
  0
VERTEX
  8
14
  10
-60966.634589
  20
-269.124359
  0
VERTEX
  8
14
  10
-60967.579999
  20
-279.400195
  0
VERTEX
  8
14
  10
-60968.448348
  20
-289.459532
  0
VERTEX
  8
14
  10
-60969.282427
  20
-299.744944
  0
VERTEX
  8
14
  10
-60970.064277
  20
-310.034394
  0
VERTEX
  8
14
  10
-60970.780009
  20
-320.108875
  0
VERTEX
  8
14
  10
-60971.462198
  20
-330.405375
  0
VERTEX
  8
14
  10
-60972.097881
  20
-340.704878
  0
VERTEX
  8
14
  10
-60972.678609
  20
-350.792074
  0
VERTEX
  8
14
  10
-60973.232478
  20
-361.096268
  0
VERTEX
  8
14
  10
-60973.749818
  20
-371.402368
  0
VERTEX
  8
14
  10
-60974.224041
  20
-381.497687
  0
VERTEX
  8
14
  10
-60974.677909
  20
-391.806827
  0
VERTEX
  8
14
  10
-60975.103168
  20
-402.117197
  0
VERTEX
  8
14
  10
-60975.500829
  20
-412.405772
  0
VERTEX
  8
14
  10
-60975.869252
  20
-422.532569
  0
VERTEX
  8
14
  10
-60976.222894
  20
-432.729812
  0
VERTEX
  8
14
  10
-60976.567383
  20
-443.114929
  0
VERTEX
  8
14
  10
-60976.567383
  20
-443.115501
  0
VERTEX
  8
14
  10
-60986.503906
  20
-871.908951
  0
VERTEX
  8
14
  10
-60986.503906
  20
-871.908951
  0
VERTEX
  8
14
  10
-60992.742053
  20
-871.908951
  0
VERTEX
  8
14
  10
-61002.906575
  20
-871.908951
  0
VERTEX
  8
14
  10
-61012.943446
  20
-871.908951
  0
VERTEX
  8
14
  10
-61022.980061
  20
-871.908951
  0
VERTEX
  8
14
  10
-61033.016979
  20
-871.908951
  0
VERTEX
  8
14
  10
-61043.054119
  20
-871.908951
  0
VERTEX
  8
14
  10
-61053.220888
  20
-871.908951
  0
VERTEX
  8
14
  10
-61063.258250
  20
-871.908951
  0
VERTEX
  8
14
  10
-61073.295514
  20
-871.908951
  0
VERTEX
  8
14
  10
-61083.332535
  20
-871.908951
  0
VERTEX
  8
14
  10
-61093.536986
  20
-871.908951
  0
VERTEX
  8
14
  10
-61103.573334
  20
-871.908951
  0
VERTEX
  8
14
  10
-61113.609584
  20
-871.908951
  0
VERTEX
  8
14
  10
-61123.645944
  20
-871.908951
  0
VERTEX
  8
14
  10
-61134.050511
  20
-871.908951
  0
VERTEX
  8
14
  10
-61144.277373
  20
-871.908951
  0
VERTEX
  8
14
  10
-61154.417246
  20
-871.908951
  0
SEQEND
  8
14
  0
POINT
  8
2
 10
-61164.814453
 20
-871.908951
  0
TEXT
  8
2
 10
-61164.814453
 20
-871.908951
 40
0.000000
 50
0.000000
  1
# 194
  0
POINT
  8
2
 10
-61176.645508
 20
-443.114929
  0
TEXT
  8
2
 10
-61176.645508
 20
-443.114929
 40
0.000000
 50
0.000000
  1
# 195
  0
POINT
  8
2
 10
-61208.408203
 20
-90.600319
  0
TEXT
  8
2
 10
-61208.408203
 20
-90.600319
 40
0.000000
 50
0.000000
  1
# 196
  0
POINT
  8
2
 10
-61212.578125
 20
-1.753425
  0
TEXT
  8
2
 10
-61212.578125
 20
-1.753425
 40
0.000000
 50
0.000000
  1
# 197
  0
POINT
  8
2
 10
-61162.944336
 20
157.789488
  0
TEXT
  8
2
 10
-61162.944336
 20
157.789488
 40
0.000000
 50
0.000000
  1
# 198
  0
POINT
  8
2
 10
-60985.659180
 20
146.814003
  0
TEXT
  8
2
 10
-60985.659180
 20
146.814003
 40
0.000000
 50
0.000000
  1
# 199
  0
POINT
  8
2
 10
-60979.604492
 20
146.928978
  0
TEXT
  8
2
 10
-60979.604492
 20
146.928978
 40
0.000000
 50
0.000000
  1
# 200
  0
POINT
  8
2
 10
-60964.155273
 20
16.714134
  0
TEXT
  8
2
 10
-60964.155273
 20
16.714134
 40
0.000000
 50
0.000000
  1
# 201
  0
POINT
  8
2
 10
-60969.047852
 20
1.655541
  0
TEXT
  8
2
 10
-60969.047852
 20
1.655541
 40
0.000000
 50
0.000000
  1
# 202
  0
POINT
  8
2
 10
-60931.494141
 20
-65.600319
  0
TEXT
  8
2
 10
-60931.494141
 20
-65.600319
 40
0.000000
 50
0.000000
  1
# 203
  0
POINT
  8
2
 10
-60976.567383
 20
-443.114929
  0
TEXT
  8
2
 10
-60976.567383
 20
-443.114929
 40
0.000000
 50
0.000000
  1
# 204
  0
POINT
  8
2
 10
-60986.503906
 20
-871.908951
  0
TEXT
  8
2
 10
-60986.503906
 20
-871.908951
 40
0.000000
 50
0.000000
  1
# 205
  0
POINT
  8
3
 10
-61164.814453
 20
-871.908951
  0
POINT
  8
3
 10
-61171.157227
 20
-641.872635
  0
POINT
  8
3
 10
-61176.645508
 20
-443.104095
  0
POINT
  8
3
 10
-61177.099163
 20
-433.801248
  0
POINT
  8
3
 10
-61177.657028
 20
-423.627561
  0
POINT
  8
3
 10
-61178.279413
 20
-413.515446
  0
POINT
  8
3
 10
-61178.945309
 20
-403.405839
  0
POINT
  8
3
 10
-61179.626906
 20
-393.350227
  0
POINT
  8
3
 10
-61180.322347
 20
-383.242695
  0
POINT
  8
3
 10
-61181.034968
 20
-373.136478
  0
POINT
  8
3
 10
-61181.780210
 20
-362.926451
  0
POINT
  8
3
 10
-61182.547387
 20
-352.824302
  0
POINT
  8
3
 10
-61183.344951
 20
-342.724476
  0
POINT
  8
3
 10
-61184.164917
 20
-332.730106
  0
POINT
  8
3
 10
-61185.025112
 20
-322.635375
  0
POINT
  8
3
 10
-61185.918835
 20
-312.543541
  0
POINT
  8
3
 10
-61186.843125
 20
-302.504125
  0
POINT
  8
3
 10
-61187.807036
 20
-292.418698
  0
POINT
  8
3
 10
-61188.802238
 20
-282.336288
  0
POINT
  8
3
 10
-61189.819516
 20
-272.303314
  0
POINT
  8
3
 10
-61190.864274
 20
-262.226024
  0
POINT
  8
3
 10
-61191.928514
 20
-252.150809
  0
POINT
  8
3
 10
-61193.004011
 20
-242.123771
  0
POINT
  8
3
 10
-61194.097606
 20
-232.051594
  0
POINT
  8
3
 10
-61195.201354
 20
-221.980503
  0
POINT
  8
3
 10
-61196.314930
 20
-211.886263
  0
POINT
  8
3
 10
-61197.429511
 20
-201.816454
  0
POINT
  8
3
 10
-61198.542955
 20
-191.746545
  0
POINT
  8
3
 10
-61199.644550
 20
-181.728585
  0
POINT
  8
3
 10
-61200.740973
 20
-171.656790
  0
POINT
  8
3
 10
-61201.821608
 20
-161.583240
  0
POINT
  8
3
 10
-61202.876318
 20
-151.558800
  0
POINT
  8
3
 10
-61203.909420
 20
-141.480096
  0
POINT
  8
3
 10
-61204.903686
 20
-131.397597
  0
POINT
  8
3
 10
-61205.844628
 20
-121.329523
  0
POINT
  8
3
 10
-61206.739859
 20
-111.128885
  0
POINT
  8
3
 10
-61207.582993
 20
-101.006526
  0
POINT
  8
3
 10
-61209.150236
 20
-80.762776
  0
POINT
  8
3
 10
-61209.870607
 20
-70.642854
  0
POINT
  8
3
 10
-61210.523524
 20
-60.627025
  0
POINT
  8
3
 10
-61211.090025
 20
-50.762999
  0
POINT
  8
3
 10
-61211.530467
 20
-41.717233
  0
POINT
  8
3
 10
-61211.888499
 20
-32.620312
  0
POINT
  8
3
 10
-61212.202060
 20
-22.465173
  0
POINT
  8
3
 10
-61212.447208
 20
-12.062295
  0
POINT
  8
3
 10
-61158.027031
 20
157.109581
  0
POINT
  8
3
 10
-61147.802751
 20
155.661419
  0
POINT
  8
3
 10
-61143.144531
 20
154.990835
  0
POINT
  8
3
 10
-61137.584155
 20
154.198631
  0
POINT
  8
3
 10
-61128.891814
 20
153.007485
  0
POINT
  8
3
 10
-61121.670768
 20
152.096741
  0
POINT
  8
3
 10
-61114.492843
 20
151.279421
  0
POINT
  8
3
 10
-61107.305467
 20
150.545420
  0
POINT
  8
3
 10
-61099.595216
 20
149.846778
  0
POINT
  8
3
 10
-61091.876224
 20
149.234010
  0
POINT
  8
3
 10
-61083.634201
 20
148.669347
  0
POINT
  8
3
 10
-61075.424805
 20
148.235168
  0
POINT
  8
3
 10
-61075.384784
 20
148.190503
  0
POINT
  8
3
 10
-61066.613130
 20
147.768900
  0
POINT
  8
3
 10
-61057.319762
 20
147.412369
  0
POINT
  8
3
 10
-61047.505733
 20
147.126839
  0
POINT
  8
3
 10
-61037.172710
 20
146.915938
  0
POINT
  8
3
 10
-61026.839697
 20
146.785209
  0
POINT
  8
3
 10
-61016.509261
 20
146.722672
  0
POINT
  8
3
 10
-61006.522107
 20
146.714485
  0
POINT
  8
3
 10
-60996.150067
 20
146.746012
  0
POINT
  8
3
 10
-60978.691412
 20
139.223830
  0
POINT
  8
3
 10
-60977.504426
 20
129.212061
  0
POINT
  8
3
 10
-60976.289267
 20
118.968073
  0
POINT
  8
3
 10
-60975.080366
 20
108.783344
  0
POINT
  8
3
 10
-60973.864130
 20
98.544034
  0
POINT
  8
3
 10
-60972.639524
 20
88.236294
  0
POINT
  8
3
 10
-60971.415515
 20
77.928472
  0
POINT
  8
3
 10
-60970.208523
 20
67.754036
  0
POINT
  8
3
 10
-60968.986435
 20
57.445911
  0
POINT
  8
3
 10
-60967.777070
 20
47.244446
  0
POINT
  8
3
 10
-60966.576795
 20
37.123305
  0
POINT
  8
3
 10
-60965.381653
 20
27.048837
  0
POINT
  8
3
 10
-60965.848157
 20
11.503702
  0
POINT
  8
3
 10
-60968.801467
 20
-1.879898
  0
POINT
  8
3
 10
-60968.415098
 20
-6.275442
  0
POINT
  8
3
 10
-60967.970073
 20
-10.420002
  0
POINT
  8
3
 10
-60967.506115
 20
-14.029020
  0
POINT
  8
3
 10
-60967.014972
 20
-17.254052
  0
POINT
  8
3
 10
-60966.475119
 20
-20.276890
  0
POINT
  8
3
 10
-60965.894269
 20
-23.083745
  0
POINT
  8
3
 10
-60965.230738
 20
-25.873002
  0
POINT
  8
3
 10
-60964.533442
 20
-28.444161
  0
POINT
  8
3
 10
-60963.761026
 20
-30.964336
  0
POINT
  8
3
 10
-60962.959016
 20
-33.295835
  0
POINT
  8
3
 10
-60962.073614
 20
-35.597922
  0
POINT
  8
3
 10
-60961.184008
 20
-37.675383
  0
POINT
  8
3
 10
-60960.215411
 20
-39.715023
  0
POINT
  8
3
 10
-60959.262737
 20
-41.531145
  0
POINT
  8
3
 10
-60958.238049
 20
-43.306125
  0
POINT
  8
3
 10
-60957.138150
 20
-45.035244
  0
POINT
  8
3
 10
-60955.979480
 20
-46.688288
  0
POINT
  8
3
 10
-60954.727763
 20
-48.315389
  0
POINT
  8
3
 10
-60953.405535
 20
-49.888595
  0
POINT
  8
3
 10
-60952.017583
 20
-51.406575
  0
POINT
  8
3
 10
-60950.568699
 20
-52.867989
  0
POINT
  8
3
 10
-60948.910265
 20
-54.408617
  0
POINT
  8
3
 10
-60947.190276
 20
-55.877403
  0
POINT
  8
3
 10
-60945.360426
 20
-57.313755
  0
POINT
  8
3
 10
-60943.376622
 20
-58.745020
  0
POINT
  8
3
 10
-60941.226334
 20
-60.179413
  0
POINT
  8
3
 10
-60938.981359
 20
-61.572355
  0
POINT
  8
3
 10
-60936.467294
 20
-63.025880
  0
POINT
  8
3
 10
-60933.991749
 20
-64.359078
  0
POINT
  8
3
 10
-60933.009567
 20
-71.505441
  0
POINT
  8
3
 10
-60935.479981
 20
-81.325416
  0
POINT
  8
3
 10
-60937.568359
 20
-89.850368
  0
POINT
  8
3
 10
-60937.955707
 20
-91.448245
  0
POINT
  8
3
 10
-60940.131134
 20
-100.685252
  0
POINT
  8
3
 10
-60942.251465
 20
-110.056432
  0
POINT
  8
3
 10
-60944.289687
 20
-119.445947
  0
POINT
  8
3
 10
-60946.251287
 20
-128.876951
  0
POINT
  8
3
 10
-60948.126951
 20
-138.300094
  0
POINT
  8
3
 10
-60949.988200
 20
-148.088435
  0
POINT
  8
3
 10
-60951.765695
 20
-157.892230
  0
POINT
  8
3
 10
-60953.476423
 20
-167.801347
  0
POINT
  8
3
 10
-60955.090865
 20
-177.633072
  0
POINT
  8
3
 10
-60956.680922
 20
-187.829010
  0
POINT
  8
3
 10
-60958.158791
 20
-197.818848
  0
POINT
  8
3
 10
-60959.591737
 20
-208.038034
  0
POINT
  8
3
 10
-60960.949293
 20
-218.267529
  0
POINT
  8
3
 10
-60962.207852
 20
-228.291266
  0
POINT
  8
3
 10
-60963.423632
 20
-238.538660
  0
POINT
  8
3
 10
-60964.569534
 20
-248.794078
  0
POINT
  8
3
 10
-60965.625311
 20
-258.854645
  0
POINT
  8
3
 10
-60966.083984
 20
-263.454647
  0
POINT
  8
3
 10
-60966.634589
 20
-269.124359
  0
POINT
  8
3
 10
-60967.579999
 20
-279.400195
  0
POINT
  8
3
 10
-60968.448348
 20
-289.459532
  0
POINT
  8
3
 10
-60969.282427
 20
-299.744944
  0
POINT
  8
3
 10
-60970.064277
 20
-310.034394
  0
POINT
  8
3
 10
-60970.780009
 20
-320.108875
  0
POINT
  8
3
 10
-60971.462198
 20
-330.405375
  0
POINT
  8
3
 10
-60972.097881
 20
-340.704878
  0
POINT
  8
3
 10
-60972.678609
 20
-350.792074
  0
POINT
  8
3
 10
-60973.232478
 20
-361.096268
  0
POINT
  8
3
 10
-60973.749818
 20
-371.402368
  0
POINT
  8
3
 10
-60974.224041
 20
-381.497687
  0
POINT
  8
3
 10
-60974.677909
 20
-391.806827
  0
POINT
  8
3
 10
-60975.103168
 20
-402.117197
  0
POINT
  8
3
 10
-60975.500829
 20
-412.405772
  0
POINT
  8
3
 10
-60975.869252
 20
-422.532569
  0
POINT
  8
3
 10
-60976.222894
 20
-432.729812
  0
POINT
  8
3
 10
-60976.567383
 20
-443.115501
  0
POINT
  8
3
 10
-60986.503906
 20
-871.908951
  0
POINT
  8
3
 10
-60992.742053
 20
-871.908951
  0
POINT
  8
3
 10
-61002.906575
 20
-871.908951
  0
POINT
  8
3
 10
-61012.943446
 20
-871.908951
  0
POINT
  8
3
 10
-61022.980061
 20
-871.908951
  0
POINT
  8
3
 10
-61033.016979
 20
-871.908951
  0
POINT
  8
3
 10
-61043.054119
 20
-871.908951
  0
POINT
  8
3
 10
-61053.220888
 20
-871.908951
  0
POINT
  8
3
 10
-61063.258250
 20
-871.908951
  0
POINT
  8
3
 10
-61073.295514
 20
-871.908951
  0
POINT
  8
3
 10
-61083.332535
 20
-871.908951
  0
POINT
  8
3
 10
-61093.536986
 20
-871.908951
  0
POINT
  8
3
 10
-61103.573334
 20
-871.908951
  0
POINT
  8
3
 10
-61113.609584
 20
-871.908951
  0
POINT
  8
3
 10
-61123.645944
 20
-871.908951
  0
POINT
  8
3
 10
-61134.050511
 20
-871.908951
  0
POINT
  8
3
 10
-61144.277373
 20
-871.908951
  0
POINT
  8
3
 10
-61154.417246
 20
-871.908951
  0
POINT
  8
4
 10
-61164.814453
 20
-871.908951
 30
1.000000
 50
  0.00
  0
TEXT
  8
4
 10
-61164.814453
 20
-871.908951
 40
0.000000
 50
0.000000
  1
# 206
  0
POINT
  8
4
 10
-61171.157227
 20
-641.872635
 30
1.000000
 50
  1.58
  0
TEXT
  8
4
 10
-61171.157227
 20
-641.872635
 40
0.000000
 50
0.000000
  1
# 207
  0
POINT
  8
4
 10
-61176.645508
 20
-443.104095
 30
1.000000
 50
  2.64
  0
TEXT
  8
4
 10
-61176.645508
 20
-443.104095
 40
0.000000
 50
0.000000
  1
# 208
  0
POINT
  8
4
 10
-61143.144531
 20
154.990835
 30
1.000000
 50
261.83
  0
TEXT
  8
4
 10
-61143.144531
 20
154.990835
 40
0.000000
 50
0.000000
  1
# 209
  0
POINT
  8
4
 10
-61075.424805
 20
148.235168
 30
1.000000
 50
270.00
  0
TEXT
  8
4
 10
-61075.424805
 20
148.235168
 40
0.000000
 50
0.000000
  1
# 210
  0
POINT
  8
4
 10
-60937.568359
 20
-89.850368
 30
1.000000
 50
166.41
  0
TEXT
  8
4
 10
-60937.568359
 20
-89.850368
 40
0.000000
 50
0.000000
  1
# 211
  0
POINT
  8
4
 10
-60966.083984
 20
-263.454647
 30
1.000000
 50
174.37
  0
TEXT
  8
4
 10
-60966.083984
 20
-263.454647
 40
0.000000
 50
0.000000
  1
# 212
  0
POINT
  8
4
 10
-60976.567383
 20
-443.115501
 30
1.000000
 50
178.67
  0
TEXT
  8
4
 10
-60976.567383
 20
-443.115501
 40
0.000000
 50
0.000000
  1
# 213
  0
POINT
  8
4
 10
-60986.503906
 20
-871.908951
 30
1.000000
 50
180.00
  0
TEXT
  8
4
 10
-60986.503906
 20
-871.908951
 40
0.000000
 50
0.000000
  1
# 214
  0
POLYLINE
  8
8
  66
1
  70
0
  0
VERTEX
  8
8
  10
-61172.968750
  20
115.512962
  0
VERTEX
  8
8
  10
-61172.968750
  20
105.110106
  0
VERTEX
  8
8
  10
-61172.968750
  20
97.510033
  0
SEQEND
  8
8
  0
POINT
  8
2
 10
-61172.968750
 20
115.512962
  0
TEXT
  8
2
 10
-61172.968750
 20
115.512962
 40
0.000000
 50
0.000000
  1
# 215
  0
POINT
  8
2
 10
-61172.968750
 20
97.510033
  0
TEXT
  8
2
 10
-61172.968750
 20
97.510033
 40
0.000000
 50
0.000000
  1
# 216
  0
POINT
  8
3
 10
-61172.968750
 20
105.110106
  0
POLYLINE
  8
8
  66
1
  70
0
  0
VERTEX
  8
8
  10
-61112.666016
  20
115.512962
  0
VERTEX
  8
8
  10
-61123.539832
  20
115.512962
  0
VERTEX
  8
8
  10
-61134.436687
  20
115.512962
  0
VERTEX
  8
8
  10
-61144.700753
  20
115.512962
  0
VERTEX
  8
8
  10
-61154.766885
  20
115.512962
  0
VERTEX
  8
8
  10
-61164.919443
  20
115.512962
  0
VERTEX
  8
8
  10
-61172.968750
  20
115.512962
  0
SEQEND
  8
8
  0
POINT
  8
2
 10
-61112.666016
 20
115.512962
  0
TEXT
  8
2
 10
-61112.666016
 20
115.512962
 40
0.000000
 50
0.000000
  1
# 217
  0
POINT
  8
2
 10
-61172.968750
 20
115.512962
  0
TEXT
  8
2
 10
-61172.968750
 20
115.512962
 40
0.000000
 50
0.000000
  1
# 218
  0
POINT
  8
3
 10
-61123.539832
 20
115.512962
  0
POINT
  8
3
 10
-61134.436687
 20
115.512962
  0
POINT
  8
3
 10
-61144.700753
 20
115.512962
  0
POINT
  8
3
 10
-61154.766885
 20
115.512962
  0
POINT
  8
3
 10
-61164.919443
 20
115.512962
  0
POLYLINE
  8
8
  66
1
  70
0
  0
VERTEX
  8
8
  10
-61112.666016
  20
97.514915
  0
VERTEX
  8
8
  10
-61112.666016
  20
107.914951
  0
VERTEX
  8
8
  10
-61112.666016
  20
115.512962
  0
SEQEND
  8
8
  0
POINT
  8
2
 10
-61112.666016
 20
97.514915
  0
TEXT
  8
2
 10
-61112.666016
 20
97.514915
 40
0.000000
 50
0.000000
  1
# 219
  0
POINT
  8
2
 10
-61112.666016
 20
115.512962
  0
TEXT
  8
2
 10
-61112.666016
 20
115.512962
 40
0.000000
 50
0.000000
  1
# 220
  0
POINT
  8
3
 10
-61112.666016
 20
107.914951
  0
POLYLINE
  8
8
  66
1
  70
0
  0
VERTEX
  8
8
  10
-61172.968750
  20
97.510033
  0
VERTEX
  8
8
  10
-61162.094933
  20
97.510913
  0
VERTEX
  8
8
  10
-61151.198079
  20
97.511795
  0
VERTEX
  8
8
  10
-61140.934013
  20
97.512627
  0
VERTEX
  8
8
  10
-61130.867881
  20
97.513442
  0
VERTEX
  8
8
  10
-61120.715323
  20
97.514264
  0
VERTEX
  8
8
  10
-61112.666016
  20
97.514915
  0
SEQEND
  8
8
  0
POINT
  8
2
 10
-61172.968750
 20
97.510033
  0
TEXT
  8
2
 10
-61172.968750
 20
97.510033
 40
0.000000
 50
0.000000
  1
# 221
  0
POINT
  8
2
 10
-61112.666016
 20
97.514915
  0
TEXT
  8
2
 10
-61112.666016
 20
97.514915
 40
0.000000
 50
0.000000
  1
# 222
  0
POINT
  8
3
 10
-61162.094933
 20
97.510913
  0
POINT
  8
3
 10
-61151.198079
 20
97.511795
  0
POINT
  8
3
 10
-61140.934013
 20
97.512627
  0
POINT
  8
3
 10
-61130.867881
 20
97.513442
  0
POINT
  8
3
 10
-61120.715323
 20
97.514264
  0
POLYLINE
  8
8
  66
1
  70
0
  0
VERTEX
  8
8
  10
-60969.047852
  20
1.655541
  0
VERTEX
  8
8
  10
-60985.664063
  20
146.814003
  0
SEQEND
  8
8
  0
POINT
  8
2
 10
-60969.047852
 20
1.655541
  0
TEXT
  8
2
 10
-60969.047852
 20
1.655541
 40
0.000000
 50
0.000000
  1
# 223
  0
POINT
  8
2
 10
-60985.664063
 20
146.814003
  0
TEXT
  8
2
 10
-60985.664063
 20
146.814003
 40
0.000000
 50
0.000000
  1
# 224
  0
POLYLINE
  8
8
  66
1
  70
0
  0
VERTEX
  8
8
  10
-60976.572266
  20
-443.114929
  0
VERTEX
  8
8
  10
-61176.645508
  20
-443.114929
  0
SEQEND
  8
8
  0
POINT
  8
2
 10
-60976.572266
 20
-443.114929
  0
TEXT
  8
2
 10
-60976.572266
 20
-443.114929
 40
0.000000
 50
0.000000
  1
# 225
  0
POINT
  8
2
 10
-61176.645508
 20
-443.114929
  0
TEXT
  8
2
 10
-61176.645508
 20
-443.114929
 40
0.000000
 50
0.000000
  1
# 226
  0
POLYLINE
  8
8
  66
1
  70
0
  0
VERTEX
  8
8
  10
-61075.424805
  20
-871.908951
  0
VERTEX
  8
8
  10
-61075.424805
  20
-615.427284
  0
VERTEX
  8
8
  10
-61075.424805
  20
146.925011
  0
SEQEND
  8
8
  0
POINT
  8
2
 10
-61075.424805
 20
-871.908951
  0
TEXT
  8
2
 10
-61075.424805
 20
-871.908951
 40
0.000000
 50
0.000000
  1
# 227
  0
POINT
  8
2
 10
-61075.424805
 20
146.925011
  0
TEXT
  8
2
 10
-61075.424805
 20
146.925011
 40
0.000000
 50
0.000000
  1
# 228
  0
POINT
  8
3
 10
-61075.424805
 20
-615.427284
  0
POINT
  8
4
 10
-61075.424805
 20
-615.427284
 30
1.000000
 50
180.00
  0
TEXT
  8
4
 10
-61075.424805
 20
-615.427284
 40
0.000000
 50
0.000000
  1
# 229
  0
POLYLINE
  8
8
  66
1
  70
0
  0
VERTEX
  8
8
  10
-60971.079102
  20
18.399696
  0
VERTEX
  8
8
  10
-61210.849609
  20
18.399696
  0
SEQEND
  8
8
  0
POINT
  8
2
 10
-60971.079102
 20
18.399696
  0
TEXT
  8
2
 10
-60971.079102
 20
18.399696
 40
0.000000
 50
0.000000
  1
# 230
  0
POINT
  8
2
 10
-61210.849609
 20
18.399696
  0
TEXT
  8
2
 10
-61210.849609
 20
18.399696
 40
0.000000
 50
0.000000
  1
# 231
  0
POLYLINE
  8
8
  66
1
  70
0
  0
VERTEX
  8
8
  10
-60937.363281
  20
-90.600319
  0
VERTEX
  8
8
  10
-61208.408203
  20
-90.600319
  0
SEQEND
  8
8
  0
POINT
  8
2
 10
-60937.363281
 20
-90.600319
  0
TEXT
  8
2
 10
-60937.363281
 20
-90.600319
 40
0.000000
 50
0.000000
  1
# 232
  0
POINT
  8
2
 10
-61208.408203
 20
-90.600319
  0
TEXT
  8
2
 10
-61208.408203
 20
-90.600319
 40
0.000000
 50
0.000000
  1
# 233
  0
POLYLINE
  8
8
  66
1
  70
0
  0
VERTEX
  8
8
  10
-61165.502930
  20
-846.908951
  0
VERTEX
  8
8
  10
-61155.143845
  20
-846.908951
  0
VERTEX
  8
8
  10
-61144.780965
  20
-846.908951
  0
VERTEX
  8
8
  10
-61134.462902
  20
-846.908951
  0
VERTEX
  8
8
  10
-61124.258685
  20
-846.908951
  0
VERTEX
  8
8
  10
-61114.108080
  20
-846.908951
  0
VERTEX
  8
8
  10
-61103.957469
  20
-846.908951
  0
VERTEX
  8
8
  10
-61093.780896
  20
-846.908951
  0
VERTEX
  8
8
  10
-61083.629998
  20
-846.908951
  0
VERTEX
  8
8
  10
-61073.478928
  20
-846.908951
  0
VERTEX
  8
8
  10
-61063.144391
  20
-846.908951
  0
VERTEX
  8
8
  10
-61052.993096
  20
-846.908951
  0
VERTEX
  8
8
  10
-61043.050400
  20
-846.908951
  0
VERTEX
  8
8
  10
-61032.536797
  20
-846.908951
  0
VERTEX
  8
8
  10
-61022.385914
  20
-846.908951
  0
VERTEX
  8
8
  10
-61012.218044
  20
-846.908951
  0
VERTEX
  8
8
  10
-61001.992953
  20
-846.908951
  0
VERTEX
  8
8
  10
-60992.034335
  20
-846.908951
  0
VERTEX
  8
8
  10
-60985.922852
  20
-846.908951
  0
SEQEND
  8
8
  0
POINT
  8
2
 10
-61165.502930
 20
-846.908951
  0
TEXT
  8
2
 10
-61165.502930
 20
-846.908951
 40
0.000000
 50
0.000000
  1
# 234
  0
POINT
  8
2
 10
-60985.922852
 20
-846.908951
  0
TEXT
  8
2
 10
-60985.922852
 20
-846.908951
 40
0.000000
 50
0.000000
  1
# 235
  0
POINT
  8
3
 10
-61155.143845
 20
-846.908951
  0
POINT
  8
3
 10
-61144.780965
 20
-846.908951
  0
POINT
  8
3
 10
-61134.462902
 20
-846.908951
  0
POINT
  8
3
 10
-61124.258685
 20
-846.908951
  0
POINT
  8
3
 10
-61114.108080
 20
-846.908951
  0
POINT
  8
3
 10
-61103.957469
 20
-846.908951
  0
POINT
  8
3
 10
-61093.780896
 20
-846.908951
  0
POINT
  8
3
 10
-61083.629998
 20
-846.908951
  0
POINT
  8
3
 10
-61073.478928
 20
-846.908951
  0
POINT
  8
3
 10
-61063.144391
 20
-846.908951
  0
POINT
  8
3
 10
-61052.993096
 20
-846.908951
  0
POINT
  8
3
 10
-61043.050400
 20
-846.908951
  0
POINT
  8
3
 10
-61032.536797
 20
-846.908951
  0
POINT
  8
3
 10
-61022.385914
 20
-846.908951
  0
POINT
  8
3
 10
-61012.218044
 20
-846.908951
  0
POINT
  8
3
 10
-61001.992953
 20
-846.908951
  0
POINT
  8
3
 10
-60992.034335
 20
-846.908951
 0
LINE
 8
7
 10
-61067.729492
 20
18.440531
 11
-61067.729492
 21
-615.427284
  0
TEXT
  8
1
 10
-61071.250000
 20
-369.017143
 40
10.000000
 50
0.000000
  1
Piece Name: 26SMC-WP117M 展_右前片_175/84
  0
TEXT
  8
1
 10
-61071.250000
 20
-354.017143
 40
10.000000
 50
0.000000
  1
Size: 175/84
  0
TEXT
  8
1
 10
-61071.250000
 20
-339.017143
 40
10.000000
 50
0.000000
  1
Annotation: 
  0
TEXT
  8
1
 10
-61071.250000
 20
-324.017143
 40
10.000000
 50
0.000000
  1
Quantity: 1
  0
TEXT
  8
1
 10
-61071.250000
 20
-309.017143
 40
10.000000
 50
0.000000
  1
Material: 面
  0
TEXT
  8
1
 10
-61071.250000
 20
-309.017143
 40
10.000000
 50
0.000000
  1
Category: 4
0
ENDBLK
0
BLOCK
  8
1
  2
26SMC-WP117M 展_前原_175/84
 70
0
 10
0.0
 20
0.0
  0
POLYLINE
  8
1
  66
1
  70
1
  0
VERTEX
  8
1
  10
-61149.863281
  20
795.435181
  0
VERTEX
  8
1
  10
-61149.052734
  20
830.435181
  0
VERTEX
  8
1
  10
-61158.979492
  20
1258.947601
  0
VERTEX
  8
1
  10
-61158.984375
  20
1258.996887
  0
VERTEX
  8
1
  10
-61159.321289
  20
1269.275055
  0
VERTEX
  8
1
  10
-61159.677734
  20
1279.457169
  0
VERTEX
  8
1
  10
-61160.043945
  20
1289.564514
  0
VERTEX
  8
1
  10
-61160.439453
  20
1299.828033
  0
VERTEX
  8
1
  10
-61160.864258
  20
1310.111694
  0
VERTEX
  8
1
  10
-61161.318359
  20
1320.392151
  0
VERTEX
  8
1
  10
-61161.791992
  20
1330.457153
  0
VERTEX
  8
1
  10
-61162.304688
  20
1340.729370
  0
VERTEX
  8
1
  10
-61162.856445
  20
1350.996704
  0
VERTEX
  8
1
  10
-61163.437500
  20
1361.044617
  0
VERTEX
  8
1
  10
-61164.067383
  20
1371.300812
  0
VERTEX
  8
1
  10
-61164.746094
  20
1381.550446
  0
VERTEX
  8
1
  10
-61165.458984
  20
1391.576996
  0
VERTEX
  8
1
  10
-61166.240234
  20
1401.816406
  0
VERTEX
  8
1
  10
-61167.070313
  20
1412.050629
  0
VERTEX
  8
1
  10
-61167.934570
  20
1422.056885
  0
VERTEX
  8
1
  10
-61168.872070
  20
1432.273407
  0
VERTEX
  8
1
  10
-61169.428711
  20
1437.910767
  0
VERTEX
  8
1
  10
-61169.873047
  20
1442.478638
  0
VERTEX
  8
1
  10
-61170.922852
  20
1452.473297
  0
VERTEX
  8
1
  10
-61172.060547
  20
1462.661133
  0
VERTEX
  8
1
  10
-61173.271484
  20
1472.840729
  0
VERTEX
  8
1
  10
-61174.521484
  20
1482.796631
  0
VERTEX
  8
1
  10
-61175.869141
  20
1492.954407
  0
VERTEX
  8
1
  10
-61177.290039
  20
1503.099213
  0
VERTEX
  8
1
  10
-61178.759766
  20
1513.013763
  0
VERTEX
  8
1
  10
-61180.336914
  20
1523.130188
  0
VERTEX
  8
1
  10
-61181.938477
  20
1532.882538
  0
VERTEX
  8
1
  10
-61183.632813
  20
1542.709351
  0
VERTEX
  8
1
  10
-61185.395508
  20
1552.429962
  0
VERTEX
  8
1
  10
-61187.241211
  20
1562.133331
  0
VERTEX
  8
1
  10
-61189.101563
  20
1571.473083
  0
VERTEX
  8
1
  10
-61191.044922
  20
1580.819244
  0
VERTEX
  8
1
  10
-61193.061523
  20
1590.123596
  0
VERTEX
  8
1
  10
-61195.166016
  20
1599.409027
  0
VERTEX
  8
1
  10
-61197.319336
  20
1608.560638
  0
VERTEX
  8
1
  10
-61197.700195
  20
1610.117340
  0
VERTEX
  8
1
  10
-61199.775391
  20
1618.607635
  0
VERTEX
  8
1
  10
-61202.231445
  20
1628.371582
  0
VERTEX
  8
1
  10
-61203.857422
  20
1634.717255
  0
VERTEX
  8
1
  10
-61205.703125
  20
1641.981201
  0
VERTEX
  8
1
  10
-61199.721680
  20
1645.059662
  0
VERTEX
  8
1
  10
-61196.166992
  20
1646.859589
  0
VERTEX
  8
1
  10
-61193.955078
  20
1648.051758
  0
VERTEX
  8
1
  10
-61191.713867
  20
1649.348755
  0
VERTEX
  8
1
  10
-61189.731445
  20
1650.576935
  0
VERTEX
  8
1
  10
-61187.871094
  20
1651.817474
  0
VERTEX
  8
1
  10
-61186.201172
  20
1653.021851
  0
VERTEX
  8
1
  10
-61184.697266
  20
1654.202881
  0
VERTEX
  8
1
  10
-61183.291016
  20
1655.404053
  0
VERTEX
  8
1
  10
-61181.943359
  20
1656.655884
  0
VERTEX
  8
1
  10
-61180.776367
  20
1657.834778
  0
VERTEX
  8
1
  10
-61179.663086
  20
1659.049683
  0
VERTEX
  8
1
  10
-61178.613281
  20
1660.297852
  0
VERTEX
  8
1
  10
-61177.631836
  20
1661.576538
  0
VERTEX
  8
1
  10
-61176.728516
  20
1662.863159
  0
VERTEX
  8
1
  10
-61175.869141
  20
1664.218903
  0
VERTEX
  8
1
  10
-61175.048828
  20
1665.632782
  0
VERTEX
  8
1
  10
-61174.282227
  20
1667.101898
  0
VERTEX
  8
1
  10
-61173.486328
  20
1668.778076
  0
VERTEX
  8
1
  10
-61172.744141
  20
1670.512695
  0
VERTEX
  8
1
  10
-61171.992188
  20
1672.465057
  0
VERTEX
  8
1
  10
-61171.298828
  20
1674.472504
  0
VERTEX
  8
1
  10
-61170.625000
  20
1676.670990
  0
VERTEX
  8
1
  10
-61170.009766
  20
1678.938293
  0
VERTEX
  8
1
  10
-61169.418945
  20
1681.426086
  0
VERTEX
  8
1
  10
-61168.896484
  20
1683.959045
  0
VERTEX
  8
1
  10
-61168.403320
  20
1686.719818
  0
VERTEX
  8
1
  10
-61167.949219
  20
1689.702911
  0
VERTEX
  8
1
  10
-61167.514648
  20
1693.095093
  0
VERTEX
  8
1
  10
-61167.089844
  20
1697.039032
  0
VERTEX
  8
1
  10
-61166.718750
  20
1701.246033
  0
VERTEX
  8
1
  10
-61166.616211
  20
1702.756500
  0
VERTEX
  8
1
  10
-61169.213867
  20
1710.757751
  0
VERTEX
  8
1
  10
-61171.586914
  20
1718.056183
  0
VERTEX
  8
1
  10
-61171.083984
  20
1722.275238
  0
VERTEX
  8
1
  10
-61170.102539
  20
1730.571136
  0
VERTEX
  8
1
  10
-61168.906250
  20
1740.645294
  0
VERTEX
  8
1
  10
-61167.705078
  20
1750.765991
  0
VERTEX
  8
1
  10
-61166.494141
  20
1760.967255
  0
VERTEX
  8
1
  10
-61165.273438
  20
1771.275787
  0
VERTEX
  8
1
  10
-61164.067383
  20
1781.451263
  0
VERTEX
  8
1
  10
-61162.841797
  20
1791.760101
  0
VERTEX
  8
1
  10
-61161.616211
  20
1802.067871
  0
VERTEX
  8
1
  10
-61160.400391
  20
1812.306671
  0
VERTEX
  8
1
  10
-61159.194336
  20
1822.490540
  0
VERTEX
  8
1
  10
-61157.978516
  20
1832.733765
  0
VERTEX
  8
1
  10
-61156.791992
  20
1842.744904
  0
VERTEX
  8
1
  10
-61155.839844
  20
1850.771942
  0
VERTEX
  8
1
  10
-61154.809570
  20
1859.443054
  0
VERTEX
  8
1
  10
-61139.770508
  20
1859.157715
  0
VERTEX
  8
1
  10
-61129.487305
  20
1859.105072
  0
VERTEX
  8
1
  10
-61119.277344
  20
1859.073944
  0
VERTEX
  8
1
  10
-61109.057617
  20
1859.066772
  0
VERTEX
  8
1
  10
-61099.038086
  20
1859.093018
  0
VERTEX
  8
1
  10
-61088.984375
  20
1859.173279
  0
VERTEX
  8
1
  10
-61079.301758
  20
1859.324188
  0
VERTEX
  8
1
  10
-61070.673828
  20
1859.537201
  0
VERTEX
  8
1
  10
-61062.504883
  20
1859.820557
  0
VERTEX
  8
1
  10
-61054.589844
  20
1860.176086
  0
VERTEX
  8
1
  10
-61050.126953
  20
1860.422058
  0
VERTEX
  8
1
  10
-61046.679688
  20
1860.612335
  0
VERTEX
  8
1
  10
-61038.774414
  20
1861.130676
  0
VERTEX
  8
1
  10
-61030.981445
  20
1861.724548
  0
VERTEX
  8
1
  10
-61023.442383
  20
1862.381897
  0
VERTEX
  8
1
  10
-61016.259766
  20
1863.089142
  0
VERTEX
  8
1
  10
-61009.096680
  20
1863.878784
  0
VERTEX
  8
1
  10
-61002.207031
  20
1864.720306
  0
VERTEX
  8
1
  10
-60994.003906
  20
1865.811615
  0
VERTEX
  8
1
  10
-60984.033203
  20
1867.214050
  0
VERTEX
  8
1
  10
-60983.823242
  20
1867.243958
  0
VERTEX
  8
1
  10
-60973.999023
  20
1868.643646
  0
VERTEX
  8
1
  10
-60963.833008
  20
1870.059509
  0
VERTEX
  8
1
  10
-60953.862305
  20
1871.462250
  0
VERTEX
  8
1
  10
-60945.332031
  20
1872.727509
  0
VERTEX
  8
1
  10
-60938.164063
  20
1873.871460
  0
VERTEX
  8
1
  10
-60929.423828
  20
1875.347290
  0
VERTEX
  8
1
  10
-60919.907227
  20
1876.931152
  0
VERTEX
  8
1
  10
-60918.242188
  20
1866.972046
  0
VERTEX
  8
1
  10
-60916.513672
  20
1856.739197
  0
VERTEX
  8
1
  10
-60914.853516
  20
1846.504364
  0
VERTEX
  8
1
  10
-60913.261719
  20
1836.257782
  0
VERTEX
  8
1
  10
-60911.948242
  20
1827.286377
  0
VERTEX
  8
1
  10
-60910.708008
  20
1818.226013
  0
VERTEX
  8
1
  10
-60909.555664
  20
1809.157410
  0
VERTEX
  8
1
  10
-60908.432617
  20
1799.649658
  0
VERTEX
  8
1
  10
-60907.373047
  20
1789.937439
  0
VERTEX
  8
1
  10
-60906.464844
  20
1780.842285
  0
VERTEX
  8
1
  10
-60905.678711
  20
1772.162628
  0
VERTEX
  8
1
  10
-60905.009766
  20
1763.900757
  0
VERTEX
  8
1
  10
-60904.428711
  20
1755.623474
  0
VERTEX
  8
1
  10
-60903.955078
  20
1747.572327
  0
VERTEX
  8
1
  10
-60903.579102
  20
1739.715271
  0
VERTEX
  8
1
  10
-60903.286133
  20
1731.855011
  0
VERTEX
  8
1
  10
-60903.076172
  20
1723.992462
  0
VERTEX
  8
1
  10
-60902.949219
  20
1716.179810
  0
VERTEX
  8
1
  10
-60902.905273
  20
1707.888031
  0
VERTEX
  8
1
  10
-60902.949219
  20
1699.169617
  0
VERTEX
  8
1
  10
-60903.076172
  20
1690.027161
  0
VERTEX
  8
1
  10
-60903.305664
  20
1680.200958
  0
VERTEX
  8
1
  10
-60903.627930
  20
1670.205383
  0
VERTEX
  8
1
  10
-60904.033203
  20
1660.214386
  0
VERTEX
  8
1
  10
-60904.531250
  20
1650.228882
  0
VERTEX
  8
1
  10
-60905.102539
  20
1640.338593
  0
VERTEX
  8
1
  10
-60905.756836
  20
1630.310211
  0
VERTEX
  8
1
  10
-60906.469727
  20
1620.245056
  0
VERTEX
  8
1
  10
-60907.172852
  20
1610.953217
  0
VERTEX
  8
1
  10
-60908.002930
  20
1600.526581
  0
VERTEX
  8
1
  10
-60908.847656
  20
1590.364990
  0
VERTEX
  8
1
  10
-60909.746094
  20
1580.113525
  0
VERTEX
  8
1
  10
-60910.693359
  20
1569.988403
  0
VERTEX
  8
1
  10
-60911.694336
  20
1559.861298
  0
VERTEX
  8
1
  10
-60912.729492
  20
1549.750519
  0
VERTEX
  8
1
  10
-60913.784180
  20
1539.703522
  0
VERTEX
  8
1
  10
-60914.868164
  20
1529.611969
  0
VERTEX
  8
1
  10
-60915.966797
  20
1519.526978
  0
VERTEX
  8
1
  10
-60917.070313
  20
1509.500732
  0
VERTEX
  8
1
  10
-60918.183594
  20
1499.427185
  0
VERTEX
  8
1
  10
-60919.296875
  20
1489.358673
  0
VERTEX
  8
1
  10
-60920.410156
  20
1479.270020
  0
VERTEX
  8
1
  10
-60921.513672
  20
1469.207611
  0
VERTEX
  8
1
  10
-60922.607422
  20
1459.146881
  0
VERTEX
  8
1
  10
-60923.681641
  20
1449.134216
  0
VERTEX
  8
1
  10
-60924.741211
  20
1439.076691
  0
VERTEX
  8
1
  10
-60925.786133
  20
1429.020233
  0
VERTEX
  8
1
  10
-60926.796875
  20
1419.011536
  0
VERTEX
  8
1
  10
-60927.792969
  20
1408.957825
  0
VERTEX
  8
1
  10
-60928.750000
  20
1398.905487
  0
VERTEX
  8
1
  10
-60929.672852
  20
1388.901367
  0
VERTEX
  8
1
  10
-60930.566406
  20
1378.843384
  0
VERTEX
  8
1
  10
-60931.420898
  20
1368.780975
  0
VERTEX
  8
1
  10
-60932.241211
  20
1358.817139
  0
VERTEX
  8
1
  10
-60933.032227
  20
1348.747559
  0
VERTEX
  8
1
  10
-60933.798828
  20
1338.675079
  0
VERTEX
  8
1
  10
-60934.541016
  20
1328.493195
  0
VERTEX
  8
1
  10
-60935.253906
  20
1318.407745
  0
VERTEX
  8
1
  10
-60935.947266
  20
1308.313293
  0
VERTEX
  8
1
  10
-60936.630859
  20
1298.267670
  0
VERTEX
  8
1
  10
-60937.294922
  20
1288.188782
  0
VERTEX
  8
1
  10
-60937.910156
  20
1278.131790
  0
VERTEX
  8
1
  10
-60938.466797
  20
1268.031693
  0
VERTEX
  8
1
  10
-60938.808594
  20
1261.037598
  0
VERTEX
  8
1
  10
-60938.916016
  20
1258.752441
  0
VERTEX
  8
1
  10
-60938.925781
  20
1258.633423
  0
VERTEX
  8
1
  10
-60944.394531
  20
1060.195694
  0
VERTEX
  8
1
  10
-60950.732422
  20
830.435181
  0
VERTEX
  8
1
  10
-60949.770508
  20
795.435181
  0
VERTEX
  8
1
  10
-60971.132813
  20
795.435181
  0
VERTEX
  8
1
  10
-60981.274414
  20
795.435181
  0
VERTEX
  8
1
  10
-60991.499023
  20
795.435181
  0
VERTEX
  8
1
  10
-61001.904297
  20
795.435181
  0
VERTEX
  8
1
  10
-61011.943359
  20
795.435181
  0
VERTEX
  8
1
  10
-61021.977539
  20
795.435181
  0
VERTEX
  8
1
  10
-61032.016602
  20
795.435181
  0
VERTEX
  8
1
  10
-61042.216797
  20
795.435181
  0
VERTEX
  8
1
  10
-61052.255859
  20
795.435181
  0
VERTEX
  8
1
  10
-61062.294922
  20
795.435181
  0
VERTEX
  8
1
  10
-61072.329102
  20
795.435181
  0
VERTEX
  8
1
  10
-61082.500000
  20
795.435181
  0
VERTEX
  8
1
  10
-61092.534180
  20
795.435181
  0
VERTEX
  8
1
  10
-61102.573242
  20
795.435181
  0
VERTEX
  8
1
  10
-61112.607422
  20
795.435181
  0
VERTEX
  8
1
  10
-61122.646484
  20
795.435181
  0
VERTEX
  8
1
  10
-61132.807617
  20
795.435181
  0
SEQEND
  8
1
  0
POINT
  8
2
 10
-61149.863281
 20
795.435181
  0
TEXT
  8
2
 10
-61149.863281
 20
795.435181
 40
0.000000
 50
0.000000
  1
# 236
  0
POINT
  8
2
 10
-61149.052734
 20
830.435181
  0
TEXT
  8
2
 10
-61149.052734
 20
830.435181
 40
0.000000
 50
0.000000
  1
# 237
  0
POINT
  8
2
 10
-61158.979492
 20
1258.947601
  0
TEXT
  8
2
 10
-61158.979492
 20
1258.947601
 40
0.000000
 50
0.000000
  1
# 238
  0
POINT
  8
2
 10
-61205.703125
 20
1641.981201
  0
TEXT
  8
2
 10
-61205.703125
 20
1641.981201
 40
0.000000
 50
0.000000
  1
# 239
  0
POINT
  8
2
 10
-61166.616211
 20
1702.756500
  0
TEXT
  8
2
 10
-61166.616211
 20
1702.756500
 40
0.000000
 50
0.000000
  1
# 240
  0
POINT
  8
2
 10
-61171.586914
 20
1718.056183
  0
TEXT
  8
2
 10
-61171.586914
 20
1718.056183
 40
0.000000
 50
0.000000
  1
# 241
  0
POINT
  8
2
 10
-61154.809570
 20
1859.443054
  0
TEXT
  8
2
 10
-61154.809570
 20
1859.443054
 40
0.000000
 50
0.000000
  1
# 242
  0
POINT
  8
2
 10
-61139.770508
 20
1859.157715
  0
TEXT
  8
2
 10
-61139.770508
 20
1859.157715
 40
0.000000
 50
0.000000
  1
# 243
  0
POINT
  8
2
 10
-60919.907227
 20
1876.931152
  0
TEXT
  8
2
 10
-60919.907227
 20
1876.931152
 40
0.000000
 50
0.000000
  1
# 244
  0
POINT
  8
2
 10
-60907.172852
 20
1610.953217
  0
TEXT
  8
2
 10
-60907.172852
 20
1610.953217
 40
0.000000
 50
0.000000
  1
# 245
  0
POINT
  8
2
 10
-60938.925781
 20
1258.633423
  0
TEXT
  8
2
 10
-60938.925781
 20
1258.633423
 40
0.000000
 50
0.000000
  1
# 246
  0
POINT
  8
2
 10
-60950.732422
 20
830.435181
  0
TEXT
  8
2
 10
-60950.732422
 20
830.435181
 40
0.000000
 50
0.000000
  1
# 247
  0
POINT
  8
2
 10
-60949.770508
 20
795.435181
  0
TEXT
  8
2
 10
-60949.770508
 20
795.435181
 40
0.000000
 50
0.000000
  1
# 248
  0
POINT
  8
3
 10
-61158.984375
 20
1258.996887
  0
POINT
  8
3
 10
-61159.321289
 20
1269.275055
  0
POINT
  8
3
 10
-61159.677734
 20
1279.457169
  0
POINT
  8
3
 10
-61160.043945
 20
1289.564514
  0
POINT
  8
3
 10
-61160.439453
 20
1299.828033
  0
POINT
  8
3
 10
-61160.864258
 20
1310.111694
  0
POINT
  8
3
 10
-61161.318359
 20
1320.392151
  0
POINT
  8
3
 10
-61161.791992
 20
1330.457153
  0
POINT
  8
3
 10
-61162.304688
 20
1340.729370
  0
POINT
  8
3
 10
-61162.856445
 20
1350.996704
  0
POINT
  8
3
 10
-61163.437500
 20
1361.044617
  0
POINT
  8
3
 10
-61164.067383
 20
1371.300812
  0
POINT
  8
3
 10
-61164.746094
 20
1381.550446
  0
POINT
  8
3
 10
-61165.458984
 20
1391.576996
  0
POINT
  8
3
 10
-61166.240234
 20
1401.816406
  0
POINT
  8
3
 10
-61167.070313
 20
1412.050629
  0
POINT
  8
3
 10
-61167.934570
 20
1422.056885
  0
POINT
  8
3
 10
-61168.872070
 20
1432.273407
  0
POINT
  8
3
 10
-61169.428711
 20
1437.910767
  0
POINT
  8
3
 10
-61169.873047
 20
1442.478638
  0
POINT
  8
3
 10
-61170.922852
 20
1452.473297
  0
POINT
  8
3
 10
-61172.060547
 20
1462.661133
  0
POINT
  8
3
 10
-61173.271484
 20
1472.840729
  0
POINT
  8
3
 10
-61174.521484
 20
1482.796631
  0
POINT
  8
3
 10
-61175.869141
 20
1492.954407
  0
POINT
  8
3
 10
-61177.290039
 20
1503.099213
  0
POINT
  8
3
 10
-61178.759766
 20
1513.013763
  0
POINT
  8
3
 10
-61180.336914
 20
1523.130188
  0
POINT
  8
3
 10
-61181.938477
 20
1532.882538
  0
POINT
  8
3
 10
-61183.632813
 20
1542.709351
  0
POINT
  8
3
 10
-61185.395508
 20
1552.429962
  0
POINT
  8
3
 10
-61187.241211
 20
1562.133331
  0
POINT
  8
3
 10
-61189.101563
 20
1571.473083
  0
POINT
  8
3
 10
-61191.044922
 20
1580.819244
  0
POINT
  8
3
 10
-61193.061523
 20
1590.123596
  0
POINT
  8
3
 10
-61195.166016
 20
1599.409027
  0
POINT
  8
3
 10
-61197.319336
 20
1608.560638
  0
POINT
  8
3
 10
-61197.700195
 20
1610.117340
  0
POINT
  8
3
 10
-61199.775391
 20
1618.607635
  0
POINT
  8
3
 10
-61202.231445
 20
1628.371582
  0
POINT
  8
3
 10
-61203.857422
 20
1634.717255
  0
POINT
  8
3
 10
-61199.721680
 20
1645.059662
  0
POINT
  8
3
 10
-61196.166992
 20
1646.859589
  0
POINT
  8
3
 10
-61193.955078
 20
1648.051758
  0
POINT
  8
3
 10
-61191.713867
 20
1649.348755
  0
POINT
  8
3
 10
-61189.731445
 20
1650.576935
  0
POINT
  8
3
 10
-61187.871094
 20
1651.817474
  0
POINT
  8
3
 10
-61186.201172
 20
1653.021851
  0
POINT
  8
3
 10
-61184.697266
 20
1654.202881
  0
POINT
  8
3
 10
-61183.291016
 20
1655.404053
  0
POINT
  8
3
 10
-61181.943359
 20
1656.655884
  0
POINT
  8
3
 10
-61180.776367
 20
1657.834778
  0
POINT
  8
3
 10
-61179.663086
 20
1659.049683
  0
POINT
  8
3
 10
-61178.613281
 20
1660.297852
  0
POINT
  8
3
 10
-61177.631836
 20
1661.576538
  0
POINT
  8
3
 10
-61176.728516
 20
1662.863159
  0
POINT
  8
3
 10
-61175.869141
 20
1664.218903
  0
POINT
  8
3
 10
-61175.048828
 20
1665.632782
  0
POINT
  8
3
 10
-61174.282227
 20
1667.101898
  0
POINT
  8
3
 10
-61173.486328
 20
1668.778076
  0
POINT
  8
3
 10
-61172.744141
 20
1670.512695
  0
POINT
  8
3
 10
-61171.992188
 20
1672.465057
  0
POINT
  8
3
 10
-61171.298828
 20
1674.472504
  0
POINT
  8
3
 10
-61170.625000
 20
1676.670990
  0
POINT
  8
3
 10
-61170.009766
 20
1678.938293
  0
POINT
  8
3
 10
-61169.418945
 20
1681.426086
  0
POINT
  8
3
 10
-61168.896484
 20
1683.959045
  0
POINT
  8
3
 10
-61168.403320
 20
1686.719818
  0
POINT
  8
3
 10
-61167.949219
 20
1689.702911
  0
POINT
  8
3
 10
-61167.514648
 20
1693.095093
  0
POINT
  8
3
 10
-61167.089844
 20
1697.039032
  0
POINT
  8
3
 10
-61166.718750
 20
1701.246033
  0
POINT
  8
3
 10
-61169.213867
 20
1710.757751
  0
POINT
  8
3
 10
-61171.083984
 20
1722.275238
  0
POINT
  8
3
 10
-61170.102539
 20
1730.571136
  0
POINT
  8
3
 10
-61168.906250
 20
1740.645294
  0
POINT
  8
3
 10
-61167.705078
 20
1750.765991
  0
POINT
  8
3
 10
-61166.494141
 20
1760.967255
  0
POINT
  8
3
 10
-61165.273438
 20
1771.275787
  0
POINT
  8
3
 10
-61164.067383
 20
1781.451263
  0
POINT
  8
3
 10
-61162.841797
 20
1791.760101
  0
POINT
  8
3
 10
-61161.616211
 20
1802.067871
  0
POINT
  8
3
 10
-61160.400391
 20
1812.306671
  0
POINT
  8
3
 10
-61159.194336
 20
1822.490540
  0
POINT
  8
3
 10
-61157.978516
 20
1832.733765
  0
POINT
  8
3
 10
-61156.791992
 20
1842.744904
  0
POINT
  8
3
 10
-61155.839844
 20
1850.771942
  0
POINT
  8
3
 10
-61129.487305
 20
1859.105072
  0
POINT
  8
3
 10
-61119.277344
 20
1859.073944
  0
POINT
  8
3
 10
-61109.057617
 20
1859.066772
  0
POINT
  8
3
 10
-61099.038086
 20
1859.093018
  0
POINT
  8
3
 10
-61088.984375
 20
1859.173279
  0
POINT
  8
3
 10
-61079.301758
 20
1859.324188
  0
POINT
  8
3
 10
-61070.673828
 20
1859.537201
  0
POINT
  8
3
 10
-61062.504883
 20
1859.820557
  0
POINT
  8
3
 10
-61054.589844
 20
1860.176086
  0
POINT
  8
3
 10
-61050.126953
 20
1860.422058
  0
POINT
  8
3
 10
-61046.679688
 20
1860.612335
  0
POINT
  8
3
 10
-61038.774414
 20
1861.130676
  0
POINT
  8
3
 10
-61030.981445
 20
1861.724548
  0
POINT
  8
3
 10
-61023.442383
 20
1862.381897
  0
POINT
  8
3
 10
-61016.259766
 20
1863.089142
  0
POINT
  8
3
 10
-61009.096680
 20
1863.878784
  0
POINT
  8
3
 10
-61002.207031
 20
1864.720306
  0
POINT
  8
3
 10
-60994.003906
 20
1865.811615
  0
POINT
  8
3
 10
-60984.033203
 20
1867.214050
  0
POINT
  8
3
 10
-60983.823242
 20
1867.243958
  0
POINT
  8
3
 10
-60973.999023
 20
1868.643646
  0
POINT
  8
3
 10
-60963.833008
 20
1870.059509
  0
POINT
  8
3
 10
-60953.862305
 20
1871.462250
  0
POINT
  8
3
 10
-60945.332031
 20
1872.727509
  0
POINT
  8
3
 10
-60938.164063
 20
1873.871460
  0
POINT
  8
3
 10
-60929.423828
 20
1875.347290
  0
POINT
  8
3
 10
-60918.242188
 20
1866.972046
  0
POINT
  8
3
 10
-60916.513672
 20
1856.739197
  0
POINT
  8
3
 10
-60914.853516
 20
1846.504364
  0
POINT
  8
3
 10
-60913.261719
 20
1836.257782
  0
POINT
  8
3
 10
-60911.948242
 20
1827.286377
  0
POINT
  8
3
 10
-60910.708008
 20
1818.226013
  0
POINT
  8
3
 10
-60909.555664
 20
1809.157410
  0
POINT
  8
3
 10
-60908.432617
 20
1799.649658
  0
POINT
  8
3
 10
-60907.373047
 20
1789.937439
  0
POINT
  8
3
 10
-60906.464844
 20
1780.842285
  0
POINT
  8
3
 10
-60905.678711
 20
1772.162628
  0
POINT
  8
3
 10
-60905.009766
 20
1763.900757
  0
POINT
  8
3
 10
-60904.428711
 20
1755.623474
  0
POINT
  8
3
 10
-60903.955078
 20
1747.572327
  0
POINT
  8
3
 10
-60903.579102
 20
1739.715271
  0
POINT
  8
3
 10
-60903.286133
 20
1731.855011
  0
POINT
  8
3
 10
-60903.076172
 20
1723.992462
  0
POINT
  8
3
 10
-60902.949219
 20
1716.179810
  0
POINT
  8
3
 10
-60902.905273
 20
1707.888031
  0
POINT
  8
3
 10
-60902.949219
 20
1699.169617
  0
POINT
  8
3
 10
-60903.076172
 20
1690.027161
  0
POINT
  8
3
 10
-60903.305664
 20
1680.200958
  0
POINT
  8
3
 10
-60903.627930
 20
1670.205383
  0
POINT
  8
3
 10
-60904.033203
 20
1660.214386
  0
POINT
  8
3
 10
-60904.531250
 20
1650.228882
  0
POINT
  8
3
 10
-60905.102539
 20
1640.338593
  0
POINT
  8
3
 10
-60905.756836
 20
1630.310211
  0
POINT
  8
3
 10
-60906.469727
 20
1620.245056
  0
POINT
  8
3
 10
-60908.002930
 20
1600.526581
  0
POINT
  8
3
 10
-60908.847656
 20
1590.364990
  0
POINT
  8
3
 10
-60909.746094
 20
1580.113525
  0
POINT
  8
3
 10
-60910.693359
 20
1569.988403
  0
POINT
  8
3
 10
-60911.694336
 20
1559.861298
  0
POINT
  8
3
 10
-60912.729492
 20
1549.750519
  0
POINT
  8
3
 10
-60913.784180
 20
1539.703522
  0
POINT
  8
3
 10
-60914.868164
 20
1529.611969
  0
POINT
  8
3
 10
-60915.966797
 20
1519.526978
  0
POINT
  8
3
 10
-60917.070313
 20
1509.500732
  0
POINT
  8
3
 10
-60918.183594
 20
1499.427185
  0
POINT
  8
3
 10
-60919.296875
 20
1489.358673
  0
POINT
  8
3
 10
-60920.410156
 20
1479.270020
  0
POINT
  8
3
 10
-60921.513672
 20
1469.207611
  0
POINT
  8
3
 10
-60922.607422
 20
1459.146881
  0
POINT
  8
3
 10
-60923.681641
 20
1449.134216
  0
POINT
  8
3
 10
-60924.741211
 20
1439.076691
  0
POINT
  8
3
 10
-60925.786133
 20
1429.020233
  0
POINT
  8
3
 10
-60926.796875
 20
1419.011536
  0
POINT
  8
3
 10
-60927.792969
 20
1408.957825
  0
POINT
  8
3
 10
-60928.750000
 20
1398.905487
  0
POINT
  8
3
 10
-60929.672852
 20
1388.901367
  0
POINT
  8
3
 10
-60930.566406
 20
1378.843384
  0
POINT
  8
3
 10
-60931.420898
 20
1368.780975
  0
POINT
  8
3
 10
-60932.241211
 20
1358.817139
  0
POINT
  8
3
 10
-60933.032227
 20
1348.747559
  0
POINT
  8
3
 10
-60933.798828
 20
1338.675079
  0
POINT
  8
3
 10
-60934.541016
 20
1328.493195
  0
POINT
  8
3
 10
-60935.253906
 20
1318.407745
  0
POINT
  8
3
 10
-60935.947266
 20
1308.313293
  0
POINT
  8
3
 10
-60936.630859
 20
1298.267670
  0
POINT
  8
3
 10
-60937.294922
 20
1288.188782
  0
POINT
  8
3
 10
-60937.910156
 20
1278.131790
  0
POINT
  8
3
 10
-60938.466797
 20
1268.031693
  0
POINT
  8
3
 10
-60938.808594
 20
1261.037598
  0
POINT
  8
3
 10
-60938.916016
 20
1258.752441
  0
POINT
  8
3
 10
-60944.394531
 20
1060.195694
  0
POINT
  8
3
 10
-60971.132813
 20
795.435181
  0
POINT
  8
3
 10
-60981.274414
 20
795.435181
  0
POINT
  8
3
 10
-60991.499023
 20
795.435181
  0
POINT
  8
3
 10
-61001.904297
 20
795.435181
  0
POINT
  8
3
 10
-61011.943359
 20
795.435181
  0
POINT
  8
3
 10
-61021.977539
 20
795.435181
  0
POINT
  8
3
 10
-61032.016602
 20
795.435181
  0
POINT
  8
3
 10
-61042.216797
 20
795.435181
  0
POINT
  8
3
 10
-61052.255859
 20
795.435181
  0
POINT
  8
3
 10
-61062.294922
 20
795.435181
  0
POINT
  8
3
 10
-61072.329102
 20
795.435181
  0
POINT
  8
3
 10
-61082.500000
 20
795.435181
  0
POINT
  8
3
 10
-61092.534180
 20
795.435181
  0
POINT
  8
3
 10
-61102.573242
 20
795.435181
  0
POINT
  8
3
 10
-61112.607422
 20
795.435181
  0
POINT
  8
3
 10
-61122.646484
 20
795.435181
  0
POINT
  8
3
 10
-61132.807617
 20
795.435181
  0
POINT
  8
4
 10
-61158.984375
 20
1258.996887
 30
1.000000
 50
  1.33
  0
TEXT
  8
4
 10
-61158.984375
 20
1258.996887
 40
0.000000
 50
0.000000
  1
# 249
  0
POINT
  8
4
 10
-61169.428711
 20
1437.910767
 30
1.000000
 50
  5.61
  0
TEXT
  8
4
 10
-61169.428711
 20
1437.910767
 40
0.000000
 50
0.000000
  1
# 250
  0
POINT
  8
4
 10
-61197.700195
 20
1610.117340
 30
1.000000
 50
 13.74
  0
TEXT
  8
4
 10
-61197.700195
 20
1610.117340
 40
0.000000
 50
0.000000
  1
# 251
  0
POINT
  8
4
 10
-61050.126953
 20
1860.422058
 30
1.000000
 50
270.00
  0
TEXT
  8
4
 10
-61050.126953
 20
1860.422058
 40
0.000000
 50
0.000000
  1
# 252
  0
POINT
  8
4
 10
-60983.823242
 20
1867.243958
 30
1.000000
 50
278.11
  0
TEXT
  8
4
 10
-60983.823242
 20
1867.243958
 40
0.000000
 50
0.000000
  1
# 253
  0
POINT
  8
4
 10
-60938.916016
 20
1258.752441
 30
1.000000
 50
177.21
  0
TEXT
  8
4
 10
-60938.916016
 20
1258.752441
 40
0.000000
 50
0.000000
  1
# 254
  0
POINT
  8
4
 10
-60944.394531
 20
1060.195694
 30
1.000000
 50
178.42
  0
TEXT
  8
4
 10
-60944.394531
 20
1060.195694
 40
0.000000
 50
0.000000
  1
# 255
  0
POLYLINE
  8
14
  66
1
  70
1
  0
VERTEX
  8
14
  10
-61139.047852
  20
830.435104
  0
VERTEX
  8
14
  10
-61148.984375
  20
1259.228592
  0
VERTEX
  8
14
  10
-61148.984375
  20
1259.229202
  0
VERTEX
  8
14
  10
-61149.328864
  20
1269.614318
  0
VERTEX
  8
14
  10
-61149.682506
  20
1279.811563
  0
VERTEX
  8
14
  10
-61150.050929
  20
1289.938368
  0
VERTEX
  8
14
  10
-61150.448590
  20
1300.226954
  0
VERTEX
  8
14
  10
-61150.873849
  20
1310.537334
  0
VERTEX
  8
14
  10
-61151.327717
  20
1320.846480
  0
VERTEX
  8
14
  10
-61151.801941
  20
1330.941801
  0
VERTEX
  8
14
  10
-61152.319281
  20
1341.247896
  0
VERTEX
  8
14
  10
-61152.873150
  20
1351.552079
  0
VERTEX
  8
14
  10
-61153.453878
  20
1361.639258
  0
VERTEX
  8
14
  10
-61154.089561
  20
1371.938739
  0
VERTEX
  8
14
  10
-61154.771748
  20
1382.235221
  0
VERTEX
  8
14
  10
-61155.487480
  20
1392.309688
  0
VERTEX
  8
14
  10
-61156.269329
  20
1402.599127
  0
VERTEX
  8
14
  10
-61157.103407
  20
1412.884529
  0
VERTEX
  8
14
  10
-61157.971755
  20
1422.943859
  0
VERTEX
  8
14
  10
-61158.917165
  20
1433.219689
  0
VERTEX
  8
14
  10
-61159.467773
  20
1438.889465
  0
VERTEX
  8
14
  10
-61159.926442
  20
1443.489400
  0
VERTEX
  8
14
  10
-61160.982218
  20
1453.549969
  0
VERTEX
  8
14
  10
-61162.128122
  20
1463.805395
  0
VERTEX
  8
14
  10
-61163.343901
  20
1474.052804
  0
VERTEX
  8
14
  10
-61164.602461
  20
1484.076559
  0
VERTEX
  8
14
  10
-61165.960017
  20
1494.306071
  0
VERTEX
  8
14
  10
-61167.392963
  20
1504.525266
  0
VERTEX
  8
14
  10
-61168.870831
  20
1514.515099
  0
VERTEX
  8
14
  10
-61170.460888
  20
1524.711022
  0
VERTEX
  8
14
  10
-61172.075329
  20
1534.542730
  0
VERTEX
  8
14
  10
-61173.786057
  20
1544.451832
  0
VERTEX
  8
14
  10
-61175.563550
  20
1554.255619
  0
VERTEX
  8
14
  10
-61177.424798
  20
1564.043954
  0
VERTEX
  8
14
  10
-61179.300462
  20
1573.467097
  0
VERTEX
  8
14
  10
-61181.262062
  20
1582.898104
  0
VERTEX
  8
14
  10
-61183.300285
  20
1592.287625
  0
VERTEX
  8
14
  10
-61185.420618
  20
1601.658814
  0
VERTEX
  8
14
  10
-61187.596047
  20
1610.895831
  0
VERTEX
  8
14
  10
-61187.983398
  20
1612.493744
  0
VERTEX
  8
14
  10
-61190.071777
  20
1621.018676
  0
VERTEX
  8
14
  10
-61192.542194
  20
1630.838665
  0
VERTEX
  8
14
  10
-61194.057617
  20
1636.743774
  0
VERTEX
  8
14
  10
-61191.560012
  20
1637.985027
  0
VERTEX
  8
14
  10
-61189.084471
  20
1639.318234
  0
VERTEX
  8
14
  10
-61186.570408
  20
1640.771766
  0
VERTEX
  8
14
  10
-61184.325436
  20
1642.164712
  0
VERTEX
  8
14
  10
-61182.175150
  20
1643.599107
  0
VERTEX
  8
14
  10
-61180.191348
  20
1645.030371
  0
VERTEX
  8
14
  10
-61178.361499
  20
1646.466720
  0
VERTEX
  8
14
  10
-61176.641512
  20
1647.935501
  0
VERTEX
  8
14
  10
-61174.983079
  20
1649.476122
  0
VERTEX
  8
14
  10
-61173.534196
  20
1650.937530
  0
VERTEX
  8
14
  10
-61172.146244
  20
1652.455504
  0
VERTEX
  8
14
  10
-61170.824016
  20
1654.028705
  0
VERTEX
  8
14
  10
-61169.572299
  20
1655.655801
  0
VERTEX
  8
14
  10
-61168.413629
  20
1657.308843
  0
VERTEX
  8
14
  10
-61167.313730
  20
1659.037961
  0
VERTEX
  8
14
  10
-61166.289042
  20
1660.812941
  0
VERTEX
  8
14
  10
-61165.336366
  20
1662.629065
  0
VERTEX
  8
14
  10
-61164.367769
  20
1664.668709
  0
VERTEX
  8
14
  10
-61163.478162
  20
1666.746173
  0
VERTEX
  8
14
  10
-61162.592758
  20
1669.048264
  0
VERTEX
  8
14
  10
-61161.790747
  20
1671.379765
  0
VERTEX
  8
14
  10
-61161.018329
  20
1673.899941
  0
VERTEX
  8
14
  10
-61160.321031
  20
1676.471100
  0
VERTEX
  8
14
  10
-61159.657498
  20
1679.260354
  0
VERTEX
  8
14
  10
-61159.076645
  20
1682.067206
  0
VERTEX
  8
14
  10
-61158.536790
  20
1685.090042
  0
VERTEX
  8
14
  10
-61158.045645
  20
1688.315072
  0
VERTEX
  8
14
  10
-61157.581685
  20
1691.924093
  0
VERTEX
  8
14
  10
-61157.136660
  20
1696.068660
  0
VERTEX
  8
14
  10
-61156.750290
  20
1700.464211
  0
VERTEX
  8
14
  10
-61156.503906
  20
1703.999634
  0
VERTEX
  8
14
  10
-61159.703601
  20
1713.847795
  0
VERTEX
  8
14
  10
-61161.396484
  20
1719.058228
  0
VERTEX
  8
14
  10
-61160.170105
  20
1729.392957
  0
VERTEX
  8
14
  10
-61158.974963
  20
1739.467447
  0
VERTEX
  8
14
  10
-61157.774688
  20
1749.588603
  0
VERTEX
  8
14
  10
-61156.565323
  20
1759.790076
  0
VERTEX
  8
14
  10
-61155.343235
  20
1770.098203
  0
VERTEX
  8
14
  10
-61154.136242
  20
1780.272632
  0
VERTEX
  8
14
  10
-61152.912233
  20
1790.580441
  0
VERTEX
  8
14
  10
-61151.687628
  20
1800.888165
  0
VERTEX
  8
14
  10
-61150.471391
  20
1811.127462
  0
VERTEX
  8
14
  10
-61149.262491
  20
1821.312180
  0
VERTEX
  8
14
  10
-61148.047331
  20
1831.556160
  0
VERTEX
  8
14
  10
-61146.860346
  20
1841.567924
  0
VERTEX
  8
14
  10
-61145.947266
  20
1849.273071
  0
VERTEX
  8
14
  10
-61139.892578
  20
1849.158173
  0
VERTEX
  8
14
  10
-61129.528501
  20
1849.105111
  0
VERTEX
  8
14
  10
-61119.299486
  20
1849.074023
  0
VERTEX
  8
14
  10
-61109.050987
  20
1849.066776
  0
VERTEX
  8
14
  10
-61098.989090
  20
1849.093062
  0
VERTEX
  8
14
  10
-61088.869736
  20
1849.173962
  0
VERTEX
  8
14
  10
-61079.100410
  20
1849.326275
  0
VERTEX
  8
14
  10
-61070.379338
  20
1849.541619
  0
VERTEX
  8
14
  10
-61062.109235
  20
1849.828539
  0
VERTEX
  8
14
  10
-61054.090469
  20
1850.188526
  0
VERTEX
  8
14
  10
-61050.126953
  20
1850.427856
  0
VERTEX
  8
14
  10
-61046.075574
  20
1850.630422
  0
VERTEX
  8
14
  10
-61038.065673
  20
1851.155669
  0
VERTEX
  8
14
  10
-61030.166425
  20
1851.757671
  0
VERTEX
  8
14
  10
-61022.517949
  20
1852.424761
  0
VERTEX
  8
14
  10
-61015.225319
  20
1853.143093
  0
VERTEX
  8
14
  10
-61007.942108
  20
1853.945619
  0
VERTEX
  8
14
  10
-61000.941338
  20
1854.800866
  0
VERTEX
  8
14
  10
-60992.640652
  20
1855.904763
  0
VERTEX
  8
14
  10
-60982.619873
  20
1857.314320
  0
VERTEX
  8
14
  10
-60982.412109
  20
1857.344055
  0
VERTEX
  8
14
  10
-60972.600740
  20
1858.741709
  0
VERTEX
  8
14
  10
-60962.459363
  20
1860.154444
  0
VERTEX
  8
14
  10
-60952.438500
  20
1861.564019
  0
VERTEX
  8
14
  10
-60943.810222
  20
1862.843709
  0
VERTEX
  8
14
  10
-60936.533166
  20
1864.005386
  0
VERTEX
  8
14
  10
-60928.134766
  20
1865.435181
  0
VERTEX
  8
14
  10
-60926.380550
  20
1855.101678
  0
VERTEX
  8
14
  10
-60924.727373
  20
1844.933453
  0
VERTEX
  8
14
  10
-60923.150294
  20
1834.766282
  0
VERTEX
  8
14
  10
-60921.850036
  20
1825.884074
  0
VERTEX
  8
14
  10
-60920.623526
  20
1816.917241
  0
VERTEX
  8
14
  10
-60919.480160
  20
1807.939053
  0
VERTEX
  8
14
  10
-60918.368337
  20
1798.522426
  0
VERTEX
  8
14
  10
-60917.320668
  20
1788.899475
  0
VERTEX
  8
14
  10
-60916.420571
  20
1779.893180
  0
VERTEX
  8
14
  10
-60915.642659
  20
1771.308501
  0
VERTEX
  8
14
  10
-60914.983488
  20
1763.146495
  0
VERTEX
  8
14
  10
-60914.409807
  20
1754.978101
  0
VERTEX
  8
14
  10
-60913.940655
  20
1747.037934
  0
VERTEX
  8
14
  10
-60913.567949
  20
1739.288825
  0
VERTEX
  8
14
  10
-60913.278823
  20
1731.536077
  0
VERTEX
  8
14
  10
-60913.073047
  20
1723.780773
  0
VERTEX
  8
14
  10
-60912.950728
  20
1716.073265
  0
VERTEX
  8
14
  10
-60912.906423
  20
1707.884783
  0
VERTEX
  8
14
  10
-60912.946945
  20
1699.265155
  0
VERTEX
  8
14
  10
-60913.076091
  20
1690.215131
  0
VERTEX
  8
14
  10
-60913.302879
  20
1680.477635
  0
VERTEX
  8
14
  10
-60913.620831
  20
1670.569876
  0
VERTEX
  8
14
  10
-60914.025169
  20
1660.665419
  0
VERTEX
  8
14
  10
-60914.514513
  20
1650.764997
  0
VERTEX
  8
14
  10
-60915.081906
  20
1640.955904
  0
VERTEX
  8
14
  10
-60915.731538
  20
1630.991092
  0
VERTEX
  8
14
  10
-60916.441528
  20
1620.977757
  0
VERTEX
  8
14
  10
-60917.143555
  20
1611.743774
  0
VERTEX
  8
14
  10
-60917.968767
  20
1601.337565
  0
VERTEX
  8
14
  10
-60918.811903
  20
1591.215203
  0
VERTEX
  8
14
  10
-60919.707135
  20
1581.014557
  0
VERTEX
  8
14
  10
-60920.648078
  20
1570.946468
  0
VERTEX
  8
14
  10
-60921.642345
  20
1560.863948
  0
VERTEX
  8
14
  10
-60922.675448
  20
1550.785226
  0
VERTEX
  8
14
  10
-60923.730158
  20
1540.760779
  0
VERTEX
  8
14
  10
-60924.810792
  20
1530.687230
  0
VERTEX
  8
14
  10
-60925.907215
  20
1520.615441
  0
VERTEX
  8
14
  10
-60927.008810
  20
1510.597484
  0
VERTEX
  8
14
  10
-60928.122254
  20
1500.527577
  0
VERTEX
  8
14
  10
-60929.236834
  20
1490.457771
  0
VERTEX
  8
14
  10
-60930.350409
  20
1480.363536
  0
VERTEX
  8
14
  10
-60931.454157
  20
1470.292450
  0
VERTEX
  8
14
  10
-60932.547752
  20
1460.220276
  0
VERTEX
  8
14
  10
-60933.623249
  20
1450.193237
  0
VERTEX
  8
14
  10
-60934.687490
  20
1440.118019
  0
VERTEX
  8
14
  10
-60935.732248
  20
1430.040731
  0
VERTEX
  8
14
  10
-60936.749526
  20
1420.007769
  0
VERTEX
  8
14
  10
-60937.744728
  20
1409.925376
  0
VERTEX
  8
14
  10
-60938.708639
  20
1399.839963
  0
VERTEX
  8
14
  10
-60939.632930
  20
1389.800552
  0
VERTEX
  8
14
  10
-60940.526652
  20
1379.708714
  0
VERTEX
  8
14
  10
-60941.386848
  20
1369.613970
  0
VERTEX
  8
14
  10
-60942.206813
  20
1359.619584
  0
VERTEX
  8
14
  10
-60943.004376
  20
1349.519739
  0
VERTEX
  8
14
  10
-60943.771552
  20
1339.417576
  0
VERTEX
  8
14
  10
-60944.516793
  20
1329.207544
  0
VERTEX
  8
14
  10
-60945.229414
  20
1319.101332
  0
VERTEX
  8
14
  10
-60945.924855
  20
1308.993811
  0
VERTEX
  8
14
  10
-60946.606452
  20
1298.938213
  0
VERTEX
  8
14
  10
-60947.272348
  20
1288.828619
  0
VERTEX
  8
14
  10
-60947.894733
  20
1278.716511
  0
VERTEX
  8
14
  10
-60948.452598
  20
1268.542822
  0
VERTEX
  8
14
  10
-60948.906250
  20
1259.240036
  0
VERTEX
  8
14
  10
-60948.911133
  20
1259.229202
  0
VERTEX
  8
14
  10
-60954.394531
  20
1060.471420
  0
VERTEX
  8
14
  10
-60960.737305
  20
830.435181
  0
VERTEX
  8
14
  10
-60971.134512
  20
830.435181
  0
VERTEX
  8
14
  10
-60981.274385
  20
830.435181
  0
VERTEX
  8
14
  10
-60991.501246
  20
830.435181
  0
VERTEX
  8
14
  10
-61001.905814
  20
830.435181
  0
VERTEX
  8
14
  10
-61011.942174
  20
830.435181
  0
VERTEX
  8
14
  10
-61021.978423
  20
830.435181
  0
VERTEX
  8
14
  10
-61032.014772
  20
830.435181
  0
VERTEX
  8
14
  10
-61042.219223
  20
830.435181
  0
VERTEX
  8
14
  10
-61052.256244
  20
830.435181
  0
VERTEX
  8
14
  10
-61062.293508
  20
830.435181
  0
VERTEX
  8
14
  10
-61072.330870
  20
830.435181
  0
VERTEX
  8
14
  10
-61082.497639
  20
830.435181
  0
VERTEX
  8
14
  10
-61092.534778
  20
830.435181
  0
VERTEX
  8
14
  10
-61102.571697
  20
830.435181
  0
VERTEX
  8
14
  10
-61112.608312
  20
830.435181
  0
VERTEX
  8
14
  10
-61122.645183
  20
830.435181
  0
VERTEX
  8
14
  10
-61132.809705
  20
830.435181
  0
SEQEND
  8
14
  0
POINT
  8
2
 10
-61139.047852
 20
830.435104
  0
TEXT
  8
2
 10
-61139.047852
 20
830.435104
 40
0.000000
 50
0.000000
  1
# 256
  0
POINT
  8
2
 10
-61148.984375
 20
1259.229202
  0
TEXT
  8
2
 10
-61148.984375
 20
1259.229202
 40
0.000000
 50
0.000000
  1
# 257
  0
POINT
  8
2
 10
-61194.057617
 20
1636.743774
  0
TEXT
  8
2
 10
-61194.057617
 20
1636.743774
 40
0.000000
 50
0.000000
  1
# 258
  0
POINT
  8
2
 10
-61156.503906
 20
1703.999634
  0
TEXT
  8
2
 10
-61156.503906
 20
1703.999634
 40
0.000000
 50
0.000000
  1
# 259
  0
POINT
  8
2
 10
-61161.396484
 20
1719.058228
  0
TEXT
  8
2
 10
-61161.396484
 20
1719.058228
 40
0.000000
 50
0.000000
  1
# 260
  0
POINT
  8
2
 10
-61145.947266
 20
1849.273071
  0
TEXT
  8
2
 10
-61145.947266
 20
1849.273071
 40
0.000000
 50
0.000000
  1
# 261
  0
POINT
  8
2
 10
-61139.892578
 20
1849.158173
  0
TEXT
  8
2
 10
-61139.892578
 20
1849.158173
 40
0.000000
 50
0.000000
  1
# 262
  0
POINT
  8
2
 10
-60928.134766
 20
1865.435181
  0
TEXT
  8
2
 10
-60928.134766
 20
1865.435181
 40
0.000000
 50
0.000000
  1
# 263
  0
POINT
  8
2
 10
-60917.143555
 20
1611.743774
  0
TEXT
  8
2
 10
-60917.143555
 20
1611.743774
 40
0.000000
 50
0.000000
  1
# 264
  0
POINT
  8
2
 10
-60948.911133
 20
1259.229202
  0
TEXT
  8
2
 10
-60948.911133
 20
1259.229202
 40
0.000000
 50
0.000000
  1
# 265
  0
POINT
  8
2
 10
-60960.737305
 20
830.435181
  0
TEXT
  8
2
 10
-60960.737305
 20
830.435181
 40
0.000000
 50
0.000000
  1
# 266
  0
POINT
  8
3
 10
-61148.984375
 20
1259.228592
  0
POINT
  8
3
 10
-61149.328864
 20
1269.614318
  0
POINT
  8
3
 10
-61149.682506
 20
1279.811563
  0
POINT
  8
3
 10
-61150.050929
 20
1289.938368
  0
POINT
  8
3
 10
-61150.448590
 20
1300.226954
  0
POINT
  8
3
 10
-61150.873849
 20
1310.537334
  0
POINT
  8
3
 10
-61151.327717
 20
1320.846480
  0
POINT
  8
3
 10
-61151.801941
 20
1330.941801
  0
POINT
  8
3
 10
-61152.319281
 20
1341.247896
  0
POINT
  8
3
 10
-61152.873150
 20
1351.552079
  0
POINT
  8
3
 10
-61153.453878
 20
1361.639258
  0
POINT
  8
3
 10
-61154.089561
 20
1371.938739
  0
POINT
  8
3
 10
-61154.771748
 20
1382.235221
  0
POINT
  8
3
 10
-61155.487480
 20
1392.309688
  0
POINT
  8
3
 10
-61156.269329
 20
1402.599127
  0
POINT
  8
3
 10
-61157.103407
 20
1412.884529
  0
POINT
  8
3
 10
-61157.971755
 20
1422.943859
  0
POINT
  8
3
 10
-61158.917165
 20
1433.219689
  0
POINT
  8
3
 10
-61159.467773
 20
1438.889465
  0
POINT
  8
3
 10
-61159.926442
 20
1443.489400
  0
POINT
  8
3
 10
-61160.982218
 20
1453.549969
  0
POINT
  8
3
 10
-61162.128122
 20
1463.805395
  0
POINT
  8
3
 10
-61163.343901
 20
1474.052804
  0
POINT
  8
3
 10
-61164.602461
 20
1484.076559
  0
POINT
  8
3
 10
-61165.960017
 20
1494.306071
  0
POINT
  8
3
 10
-61167.392963
 20
1504.525266
  0
POINT
  8
3
 10
-61168.870831
 20
1514.515099
  0
POINT
  8
3
 10
-61170.460888
 20
1524.711022
  0
POINT
  8
3
 10
-61172.075329
 20
1534.542730
  0
POINT
  8
3
 10
-61173.786057
 20
1544.451832
  0
POINT
  8
3
 10
-61175.563550
 20
1554.255619
  0
POINT
  8
3
 10
-61177.424798
 20
1564.043954
  0
POINT
  8
3
 10
-61179.300462
 20
1573.467097
  0
POINT
  8
3
 10
-61181.262062
 20
1582.898104
  0
POINT
  8
3
 10
-61183.300285
 20
1592.287625
  0
POINT
  8
3
 10
-61185.420618
 20
1601.658814
  0
POINT
  8
3
 10
-61187.596047
 20
1610.895831
  0
POINT
  8
3
 10
-61187.983398
 20
1612.493744
  0
POINT
  8
3
 10
-61190.071777
 20
1621.018676
  0
POINT
  8
3
 10
-61192.542194
 20
1630.838665
  0
POINT
  8
3
 10
-61191.560012
 20
1637.985027
  0
POINT
  8
3
 10
-61189.084471
 20
1639.318234
  0
POINT
  8
3
 10
-61186.570408
 20
1640.771766
  0
POINT
  8
3
 10
-61184.325436
 20
1642.164712
  0
POINT
  8
3
 10
-61182.175150
 20
1643.599107
  0
POINT
  8
3
 10
-61180.191348
 20
1645.030371
  0
POINT
  8
3
 10
-61178.361499
 20
1646.466720
  0
POINT
  8
3
 10
-61176.641512
 20
1647.935501
  0
POINT
  8
3
 10
-61174.983079
 20
1649.476122
  0
POINT
  8
3
 10
-61173.534196
 20
1650.937530
  0
POINT
  8
3
 10
-61172.146244
 20
1652.455504
  0
POINT
  8
3
 10
-61170.824016
 20
1654.028705
  0
POINT
  8
3
 10
-61169.572299
 20
1655.655801
  0
POINT
  8
3
 10
-61168.413629
 20
1657.308843
  0
POINT
  8
3
 10
-61167.313730
 20
1659.037961
  0
POINT
  8
3
 10
-61166.289042
 20
1660.812941
  0
POINT
  8
3
 10
-61165.336366
 20
1662.629065
  0
POINT
  8
3
 10
-61164.367769
 20
1664.668709
  0
POINT
  8
3
 10
-61163.478162
 20
1666.746173
  0
POINT
  8
3
 10
-61162.592758
 20
1669.048264
  0
POINT
  8
3
 10
-61161.790747
 20
1671.379765
  0
POINT
  8
3
 10
-61161.018329
 20
1673.899941
  0
POINT
  8
3
 10
-61160.321031
 20
1676.471100
  0
POINT
  8
3
 10
-61159.657498
 20
1679.260354
  0
POINT
  8
3
 10
-61159.076645
 20
1682.067206
  0
POINT
  8
3
 10
-61158.536790
 20
1685.090042
  0
POINT
  8
3
 10
-61158.045645
 20
1688.315072
  0
POINT
  8
3
 10
-61157.581685
 20
1691.924093
  0
POINT
  8
3
 10
-61157.136660
 20
1696.068660
  0
POINT
  8
3
 10
-61156.750290
 20
1700.464211
  0
POINT
  8
3
 10
-61159.703601
 20
1713.847795
  0
POINT
  8
3
 10
-61160.170105
 20
1729.392957
  0
POINT
  8
3
 10
-61158.974963
 20
1739.467447
  0
POINT
  8
3
 10
-61157.774688
 20
1749.588603
  0
POINT
  8
3
 10
-61156.565323
 20
1759.790076
  0
POINT
  8
3
 10
-61155.343235
 20
1770.098203
  0
POINT
  8
3
 10
-61154.136242
 20
1780.272632
  0
POINT
  8
3
 10
-61152.912233
 20
1790.580441
  0
POINT
  8
3
 10
-61151.687628
 20
1800.888165
  0
POINT
  8
3
 10
-61150.471391
 20
1811.127462
  0
POINT
  8
3
 10
-61149.262491
 20
1821.312180
  0
POINT
  8
3
 10
-61148.047331
 20
1831.556160
  0
POINT
  8
3
 10
-61146.860346
 20
1841.567924
  0
POINT
  8
3
 10
-61129.528501
 20
1849.105111
  0
POINT
  8
3
 10
-61119.299486
 20
1849.074023
  0
POINT
  8
3
 10
-61109.050987
 20
1849.066776
  0
POINT
  8
3
 10
-61098.989090
 20
1849.093062
  0
POINT
  8
3
 10
-61088.869736
 20
1849.173962
  0
POINT
  8
3
 10
-61079.100410
 20
1849.326275
  0
POINT
  8
3
 10
-61070.379338
 20
1849.541619
  0
POINT
  8
3
 10
-61062.109235
 20
1849.828539
  0
POINT
  8
3
 10
-61054.090469
 20
1850.188526
  0
POINT
  8
3
 10
-61050.126953
 20
1850.427856
  0
POINT
  8
3
 10
-61046.075574
 20
1850.630422
  0
POINT
  8
3
 10
-61038.065673
 20
1851.155669
  0
POINT
  8
3
 10
-61030.166425
 20
1851.757671
  0
POINT
  8
3
 10
-61022.517949
 20
1852.424761
  0
POINT
  8
3
 10
-61015.225319
 20
1853.143093
  0
POINT
  8
3
 10
-61007.942108
 20
1853.945619
  0
POINT
  8
3
 10
-61000.941338
 20
1854.800866
  0
POINT
  8
3
 10
-60992.640652
 20
1855.904763
  0
POINT
  8
3
 10
-60982.619873
 20
1857.314320
  0
POINT
  8
3
 10
-60982.412109
 20
1857.344055
  0
POINT
  8
3
 10
-60972.600740
 20
1858.741709
  0
POINT
  8
3
 10
-60962.459363
 20
1860.154444
  0
POINT
  8
3
 10
-60952.438500
 20
1861.564019
  0
POINT
  8
3
 10
-60943.810222
 20
1862.843709
  0
POINT
  8
3
 10
-60936.533166
 20
1864.005386
  0
POINT
  8
3
 10
-60926.380550
 20
1855.101678
  0
POINT
  8
3
 10
-60924.727373
 20
1844.933453
  0
POINT
  8
3
 10
-60923.150294
 20
1834.766282
  0
POINT
  8
3
 10
-60921.850036
 20
1825.884074
  0
POINT
  8
3
 10
-60920.623526
 20
1816.917241
  0
POINT
  8
3
 10
-60919.480160
 20
1807.939053
  0
POINT
  8
3
 10
-60918.368337
 20
1798.522426
  0
POINT
  8
3
 10
-60917.320668
 20
1788.899475
  0
POINT
  8
3
 10
-60916.420571
 20
1779.893180
  0
POINT
  8
3
 10
-60915.642659
 20
1771.308501
  0
POINT
  8
3
 10
-60914.983488
 20
1763.146495
  0
POINT
  8
3
 10
-60914.409807
 20
1754.978101
  0
POINT
  8
3
 10
-60913.940655
 20
1747.037934
  0
POINT
  8
3
 10
-60913.567949
 20
1739.288825
  0
POINT
  8
3
 10
-60913.278823
 20
1731.536077
  0
POINT
  8
3
 10
-60913.073047
 20
1723.780773
  0
POINT
  8
3
 10
-60912.950728
 20
1716.073265
  0
POINT
  8
3
 10
-60912.906423
 20
1707.884783
  0
POINT
  8
3
 10
-60912.946945
 20
1699.265155
  0
POINT
  8
3
 10
-60913.076091
 20
1690.215131
  0
POINT
  8
3
 10
-60913.302879
 20
1680.477635
  0
POINT
  8
3
 10
-60913.620831
 20
1670.569876
  0
POINT
  8
3
 10
-60914.025169
 20
1660.665419
  0
POINT
  8
3
 10
-60914.514513
 20
1650.764997
  0
POINT
  8
3
 10
-60915.081906
 20
1640.955904
  0
POINT
  8
3
 10
-60915.731538
 20
1630.991092
  0
POINT
  8
3
 10
-60916.441528
 20
1620.977757
  0
POINT
  8
3
 10
-60917.968767
 20
1601.337565
  0
POINT
  8
3
 10
-60918.811903
 20
1591.215203
  0
POINT
  8
3
 10
-60919.707135
 20
1581.014557
  0
POINT
  8
3
 10
-60920.648078
 20
1570.946468
  0
POINT
  8
3
 10
-60921.642345
 20
1560.863948
  0
POINT
  8
3
 10
-60922.675448
 20
1550.785226
  0
POINT
  8
3
 10
-60923.730158
 20
1540.760779
  0
POINT
  8
3
 10
-60924.810792
 20
1530.687230
  0
POINT
  8
3
 10
-60925.907215
 20
1520.615441
  0
POINT
  8
3
 10
-60927.008810
 20
1510.597484
  0
POINT
  8
3
 10
-60928.122254
 20
1500.527577
  0
POINT
  8
3
 10
-60929.236834
 20
1490.457771
  0
POINT
  8
3
 10
-60930.350409
 20
1480.363536
  0
POINT
  8
3
 10
-60931.454157
 20
1470.292450
  0
POINT
  8
3
 10
-60932.547752
 20
1460.220276
  0
POINT
  8
3
 10
-60933.623249
 20
1450.193237
  0
POINT
  8
3
 10
-60934.687490
 20
1440.118019
  0
POINT
  8
3
 10
-60935.732248
 20
1430.040731
  0
POINT
  8
3
 10
-60936.749526
 20
1420.007769
  0
POINT
  8
3
 10
-60937.744728
 20
1409.925376
  0
POINT
  8
3
 10
-60938.708639
 20
1399.839963
  0
POINT
  8
3
 10
-60939.632930
 20
1389.800552
  0
POINT
  8
3
 10
-60940.526652
 20
1379.708714
  0
POINT
  8
3
 10
-60941.386848
 20
1369.613970
  0
POINT
  8
3
 10
-60942.206813
 20
1359.619584
  0
POINT
  8
3
 10
-60943.004376
 20
1349.519739
  0
POINT
  8
3
 10
-60943.771552
 20
1339.417576
  0
POINT
  8
3
 10
-60944.516793
 20
1329.207544
  0
POINT
  8
3
 10
-60945.229414
 20
1319.101332
  0
POINT
  8
3
 10
-60945.924855
 20
1308.993811
  0
POINT
  8
3
 10
-60946.606452
 20
1298.938213
  0
POINT
  8
3
 10
-60947.272348
 20
1288.828619
  0
POINT
  8
3
 10
-60947.894733
 20
1278.716511
  0
POINT
  8
3
 10
-60948.452598
 20
1268.542822
  0
POINT
  8
3
 10
-60948.906250
 20
1259.240036
  0
POINT
  8
3
 10
-60954.394531
 20
1060.471420
  0
POINT
  8
3
 10
-60971.134512
 20
830.435181
  0
POINT
  8
3
 10
-60981.274385
 20
830.435181
  0
POINT
  8
3
 10
-60991.501246
 20
830.435181
  0
POINT
  8
3
 10
-61001.905814
 20
830.435181
  0
POINT
  8
3
 10
-61011.942174
 20
830.435181
  0
POINT
  8
3
 10
-61021.978423
 20
830.435181
  0
POINT
  8
3
 10
-61032.014772
 20
830.435181
  0
POINT
  8
3
 10
-61042.219223
 20
830.435181
  0
POINT
  8
3
 10
-61052.256244
 20
830.435181
  0
POINT
  8
3
 10
-61062.293508
 20
830.435181
  0
POINT
  8
3
 10
-61072.330870
 20
830.435181
  0
POINT
  8
3
 10
-61082.497639
 20
830.435181
  0
POINT
  8
3
 10
-61092.534778
 20
830.435181
  0
POINT
  8
3
 10
-61102.571697
 20
830.435181
  0
POINT
  8
3
 10
-61112.608312
 20
830.435181
  0
POINT
  8
3
 10
-61122.645183
 20
830.435181
  0
POINT
  8
3
 10
-61132.809705
 20
830.435181
  0
POINT
  8
4
 10
-61148.984375
 20
1259.228592
 30
1.000000
 50
  1.33
  0
TEXT
  8
4
 10
-61148.984375
 20
1259.228592
 40
0.000000
 50
0.000000
  1
# 267
  0
POINT
  8
4
 10
-61159.467773
 20
1438.889465
 30
1.000000
 50
  5.63
  0
TEXT
  8
4
 10
-61159.467773
 20
1438.889465
 40
0.000000
 50
0.000000
  1
# 268
  0
POINT
  8
4
 10
-61187.983398
 20
1612.493744
 30
1.000000
 50
 13.59
  0
TEXT
  8
4
 10
-61187.983398
 20
1612.493744
 40
0.000000
 50
0.000000
  1
# 269
  0
POINT
  8
4
 10
-61050.126953
 20
1850.427856
 30
1.000000
 50
270.00
  0
TEXT
  8
4
 10
-61050.126953
 20
1850.427856
 40
0.000000
 50
0.000000
  1
# 270
  0
POINT
  8
4
 10
-60982.412109
 20
1857.344055
 30
1.000000
 50
278.13
  0
TEXT
  8
4
 10
-60982.412109
 20
1857.344055
 40
0.000000
 50
0.000000
  1
# 271
  0
POINT
  8
4
 10
-60948.906250
 20
1259.240036
 30
1.000000
 50
177.36
  0
TEXT
  8
4
 10
-60948.906250
 20
1259.240036
 40
0.000000
 50
0.000000
  1
# 272
  0
POINT
  8
4
 10
-60954.394531
 20
1060.471420
 30
1.000000
 50
178.42
  0
TEXT
  8
4
 10
-60954.394531
 20
1060.471420
 40
0.000000
 50
0.000000
  1
# 273
  0
POLYLINE
  8
8
  66
1
  70
0
  0
VERTEX
  8
8
  10
-61012.885742
  20
1799.859009
  0
VERTEX
  8
8
  10
-61012.885742
  20
1810.259044
  0
VERTEX
  8
8
  10
-61012.885742
  20
1817.857056
  0
SEQEND
  8
8
  0
POINT
  8
2
 10
-61012.885742
 20
1799.859009
  0
TEXT
  8
2
 10
-61012.885742
 20
1799.859009
 40
0.000000
 50
0.000000
  1
# 274
  0
POINT
  8
2
 10
-61012.885742
 20
1817.857056
  0
TEXT
  8
2
 10
-61012.885742
 20
1817.857056
 40
0.000000
 50
0.000000
  1
# 275
  0
POINT
  8
3
 10
-61012.885742
 20
1810.259044
  0
POLYLINE
  8
8
  66
1
  70
0
  0
VERTEX
  8
8
  10
-61012.885742
  20
1817.857056
  0
VERTEX
  8
8
  10
-61002.011926
  20
1817.857056
  0
VERTEX
  8
8
  10
-60991.115071
  20
1817.857056
  0
VERTEX
  8
8
  10
-60980.851005
  20
1817.857056
  0
VERTEX
  8
8
  10
-60970.784873
  20
1817.857056
  0
VERTEX
  8
8
  10
-60960.632315
  20
1817.857056
  0
VERTEX
  8
8
  10
-60952.583008
  20
1817.857056
  0
SEQEND
  8
8
  0
POINT
  8
2
 10
-61012.885742
 20
1817.857056
  0
TEXT
  8
2
 10
-61012.885742
 20
1817.857056
 40
0.000000
 50
0.000000
  1
# 276
  0
POINT
  8
2
 10
-60952.583008
 20
1817.857056
  0
TEXT
  8
2
 10
-60952.583008
 20
1817.857056
 40
0.000000
 50
0.000000
  1
# 277
  0
POINT
  8
3
 10
-61002.011926
 20
1817.857056
  0
POINT
  8
3
 10
-60991.115071
 20
1817.857056
  0
POINT
  8
3
 10
-60980.851005
 20
1817.857056
  0
POINT
  8
3
 10
-60970.784873
 20
1817.857056
  0
POINT
  8
3
 10
-60960.632315
 20
1817.857056
  0
POLYLINE
  8
8
  66
1
  70
0
  0
VERTEX
  8
8
  10
-60952.583008
  20
1817.857056
  0
VERTEX
  8
8
  10
-60952.583008
  20
1807.454199
  0
VERTEX
  8
8
  10
-60952.583008
  20
1799.854126
  0
SEQEND
  8
8
  0
POINT
  8
2
 10
-60952.583008
 20
1817.857056
  0
TEXT
  8
2
 10
-60952.583008
 20
1817.857056
 40
0.000000
 50
0.000000
  1
# 278
  0
POINT
  8
2
 10
-60952.583008
 20
1799.854126
  0
TEXT
  8
2
 10
-60952.583008
 20
1799.854126
 40
0.000000
 50
0.000000
  1
# 279
  0
POINT
  8
3
 10
-60952.583008
 20
1807.454199
  0
POLYLINE
  8
8
  66
1
  70
0
  0
VERTEX
  8
8
  10
-60952.583008
  20
1799.854126
  0
VERTEX
  8
8
  10
-60963.456824
  20
1799.855006
  0
VERTEX
  8
8
  10
-60974.353679
  20
1799.855889
  0
VERTEX
  8
8
  10
-60984.617745
  20
1799.856720
  0
VERTEX
  8
8
  10
-60994.683877
  20
1799.857535
  0
VERTEX
  8
8
  10
-61004.836435
  20
1799.858357
  0
VERTEX
  8
8
  10
-61012.885742
  20
1799.859009
  0
SEQEND
  8
8
  0
POINT
  8
2
 10
-60952.583008
 20
1799.854126
  0
TEXT
  8
2
 10
-60952.583008
 20
1799.854126
 40
0.000000
 50
0.000000
  1
# 280
  0
POINT
  8
2
 10
-61012.885742
 20
1799.859009
  0
TEXT
  8
2
 10
-61012.885742
 20
1799.859009
 40
0.000000
 50
0.000000
  1
# 281
  0
POINT
  8
3
 10
-60963.456824
 20
1799.855006
  0
POINT
  8
3
 10
-60974.353679
 20
1799.855889
  0
POINT
  8
3
 10
-60984.617745
 20
1799.856720
  0
POINT
  8
3
 10
-60994.683877
 20
1799.857535
  0
POINT
  8
3
 10
-61004.836435
 20
1799.858357
  0
POLYLINE
  8
8
  66
1
  70
0
  0
VERTEX
  8
8
  10
-61029.584961
  20
1851.811829
  0
VERTEX
  8
8
  10
-61027.956836
  20
1841.973377
  0
VERTEX
  8
8
  10
-61026.245797
  20
1832.160335
  0
VERTEX
  8
8
  10
-61024.564107
  20
1822.977340
  0
VERTEX
  8
8
  10
-61022.971244
  20
1814.717307
  0
VERTEX
  8
8
  10
-61021.458258
  20
1807.296008
  0
VERTEX
  8
8
  10
-61019.977865
  20
1800.434580
  0
VERTEX
  8
8
  10
-61018.487892
  20
1793.909841
  0
VERTEX
  8
8
  10
-61016.992435
  20
1787.721957
  0
VERTEX
  8
8
  10
-61015.455624
  20
1781.712559
  0
VERTEX
  8
8
  10
-61013.915734
  20
1776.020496
  0
VERTEX
  8
8
  10
-61012.389301
  20
1770.684477
  0
VERTEX
  8
8
  10
-61010.829959
  20
1765.528351
  0
VERTEX
  8
8
  10
-61009.240361
  20
1760.557136
  0
VERTEX
  8
8
  10
-61007.619625
  20
1755.762821
  0
VERTEX
  8
8
  10
-61006.027355
  20
1751.304337
  0
VERTEX
  8
8
  10
-61004.415450
  20
1747.027334
  0
VERTEX
  8
8
  10
-61002.821157
  20
1743.014312
  0
VERTEX
  8
8
  10
-61001.118656
  20
1738.949451
  0
VERTEX
  8
8
  10
-60999.404099
  20
1735.067543
  0
VERTEX
  8
8
  10
-60997.656842
  20
1731.312390
  0
VERTEX
  8
8
  10
-60995.787583
  20
1727.502069
  0
VERTEX
  8
8
  10
-60993.987446
  20
1724.022455
  0
VERTEX
  8
8
  10
-60992.141136
  20
1720.635308
  0
VERTEX
  8
8
  10
-60990.270963
  20
1717.379913
  0
VERTEX
  8
8
  10
-60988.412352
  20
1714.307155
  0
VERTEX
  8
8
  10
-60986.438739
  20
1711.208874
  0
VERTEX
  8
8
  10
-60984.436551
  20
1708.227016
  0
VERTEX
  8
8
  10
-60982.456656
  20
1705.428027
  0
VERTEX
  8
8
  10
-60980.424970
  20
1702.701186
  0
VERTEX
  8
8
  10
-60978.409135
  20
1700.132846
  0
VERTEX
  8
8
  10
-60976.328173
  20
1697.617457
  0
VERTEX
  8
8
  10
-60974.210427
  20
1695.192212
  0
VERTEX
  8
8
  10
-60972.108535
  20
1692.912355
  0
VERTEX
  8
8
  10
-60969.926351
  20
1690.671784
  0
VERTEX
  8
8
  10
-60967.700838
  20
1688.511222
  0
VERTEX
  8
8
  10
-60965.423083
  20
1686.421265
  0
VERTEX
  8
8
  10
-60963.203065
  20
1684.496256
  0
VERTEX
  8
8
  10
-60961.008245
  20
1682.698927
  0
VERTEX
  8
8
  10
-60958.682669
  20
1680.903171
  0
VERTEX
  8
8
  10
-60956.165229
  20
1679.071038
  0
VERTEX
  8
8
  10
-60953.608800
  20
1677.315243
  0
VERTEX
  8
8
  10
-60950.870693
  20
1675.537540
  0
VERTEX
  8
8
  10
-60947.992650
  20
1673.769612
  0
VERTEX
  8
8
  10
-60944.888987
  20
1671.964346
  0
VERTEX
  8
8
  10
-60941.601054
  20
1670.152513
  0
VERTEX
  8
8
  10
-60938.091174
  20
1668.317789
  0
VERTEX
  8
8
  10
-60934.580598
  20
1666.576567
  0
VERTEX
  8
8
  10
-60931.181510
  20
1664.981036
  0
VERTEX
  8
8
  10
-60927.812979
  20
1663.489213
  0
VERTEX
  8
8
  10
-60923.977512
  20
1661.888973
  0
VERTEX
  8
8
  10
-60919.688554
  20
1660.194459
  0
VERTEX
  8
8
  10
-60915.386487
  20
1658.580050
  0
VERTEX
  8
8
  10
-60914.248047
  20
1658.169098
  0
SEQEND
  8
8
  0
POINT
  8
2
 10
-61029.584961
 20
1851.811829
  0
TEXT
  8
2
 10
-61029.584961
 20
1851.811829
 40
0.000000
 50
0.000000
  1
# 282
  0
POINT
  8
2
 10
-60914.248047
 20
1658.169098
  0
TEXT
  8
2
 10
-60914.248047
 20
1658.169098
 40
0.000000
 50
0.000000
  1
# 283
  0
POINT
  8
3
 10
-61027.956836
 20
1841.973377
  0
POINT
  8
3
 10
-61026.245797
 20
1832.160335
  0
POINT
  8
3
 10
-61024.564107
 20
1822.977340
  0
POINT
  8
3
 10
-61022.971244
 20
1814.717307
  0
POINT
  8
3
 10
-61021.458258
 20
1807.296008
  0
POINT
  8
3
 10
-61019.977865
 20
1800.434580
  0
POINT
  8
3
 10
-61018.487892
 20
1793.909841
  0
POINT
  8
3
 10
-61016.992435
 20
1787.721957
  0
POINT
  8
3
 10
-61015.455624
 20
1781.712559
  0
POINT
  8
3
 10
-61013.915734
 20
1776.020496
  0
POINT
  8
3
 10
-61012.389301
 20
1770.684477
  0
POINT
  8
3
 10
-61010.829959
 20
1765.528351
  0
POINT
  8
3
 10
-61009.240361
 20
1760.557136
  0
POINT
  8
3
 10
-61007.619625
 20
1755.762821
  0
POINT
  8
3
 10
-61006.027355
 20
1751.304337
  0
POINT
  8
3
 10
-61004.415450
 20
1747.027334
  0
POINT
  8
3
 10
-61002.821157
 20
1743.014312
  0
POINT
  8
3
 10
-61001.118656
 20
1738.949451
  0
POINT
  8
3
 10
-60999.404099
 20
1735.067543
  0
POINT
  8
3
 10
-60997.656842
 20
1731.312390
  0
POINT
  8
3
 10
-60995.787583
 20
1727.502069
  0
POINT
  8
3
 10
-60993.987446
 20
1724.022455
  0
POINT
  8
3
 10
-60992.141136
 20
1720.635308
  0
POINT
  8
3
 10
-60990.270963
 20
1717.379913
  0
POINT
  8
3
 10
-60988.412352
 20
1714.307155
  0
POINT
  8
3
 10
-60986.438739
 20
1711.208874
  0
POINT
  8
3
 10
-60984.436551
 20
1708.227016
  0
POINT
  8
3
 10
-60982.456656
 20
1705.428027
  0
POINT
  8
3
 10
-60980.424970
 20
1702.701186
  0
POINT
  8
3
 10
-60978.409135
 20
1700.132846
  0
POINT
  8
3
 10
-60976.328173
 20
1697.617457
  0
POINT
  8
3
 10
-60974.210427
 20
1695.192212
  0
POINT
  8
3
 10
-60972.108535
 20
1692.912355
  0
POINT
  8
3
 10
-60969.926351
 20
1690.671784
  0
POINT
  8
3
 10
-60967.700838
 20
1688.511222
  0
POINT
  8
3
 10
-60965.423083
 20
1686.421265
  0
POINT
  8
3
 10
-60963.203065
 20
1684.496256
  0
POINT
  8
3
 10
-60961.008245
 20
1682.698927
  0
POINT
  8
3
 10
-60958.682669
 20
1680.903171
  0
POINT
  8
3
 10
-60956.165229
 20
1679.071038
  0
POINT
  8
3
 10
-60953.608800
 20
1677.315243
  0
POINT
  8
3
 10
-60950.870693
 20
1675.537540
  0
POINT
  8
3
 10
-60947.992650
 20
1673.769612
  0
POINT
  8
3
 10
-60944.888987
 20
1671.964346
  0
POINT
  8
3
 10
-60941.601054
 20
1670.152513
  0
POINT
  8
3
 10
-60938.091174
 20
1668.317789
  0
POINT
  8
3
 10
-60934.580598
 20
1666.576567
  0
POINT
  8
3
 10
-60931.181510
 20
1664.981036
  0
POINT
  8
3
 10
-60927.812979
 20
1663.489213
  0
POINT
  8
3
 10
-60923.977512
 20
1661.888973
  0
POINT
  8
3
 10
-60919.688554
 20
1660.194459
  0
POINT
  8
3
 10
-60915.386487
 20
1658.580050
  0
POLYLINE
  8
8
  66
1
  70
0
  0
VERTEX
  8
8
  10
-61077.314453
  20
1849.379120
  0
VERTEX
  8
8
  10
-61077.321197
  20
1839.048418
  0
VERTEX
  8
8
  10
-61077.328037
  20
1828.698066
  0
VERTEX
  8
8
  10
-61077.334753
  20
1818.660672
  0
VERTEX
  8
8
  10
-61077.341679
  20
1808.469376
  0
VERTEX
  8
8
  10
-61077.348621
  20
1798.399357
  0
VERTEX
  8
8
  10
-61077.355614
  20
1788.329339
  0
VERTEX
  8
8
  10
-61077.362608
  20
1778.259329
  0
VERTEX
  8
8
  10
-61077.369737
  20
1767.930301
  0
VERTEX
  8
8
  10
-61077.376648
  20
1757.860294
  0
VERTEX
  8
8
  10
-61077.383539
  20
1747.790278
  0
VERTEX
  8
8
  10
-61077.390617
  20
1737.445849
  0
VERTEX
  8
8
  10
-61077.397521
  20
1727.375836
  0
VERTEX
  8
8
  10
-61077.404441
  20
1717.305816
  0
VERTEX
  8
8
  10
-61077.411379
  20
1707.235790
  0
VERTEX
  8
8
  10
-61077.418381
  20
1697.107544
  0
VERTEX
  8
8
  10
-61077.425372
  20
1687.037509
  0
VERTEX
  8
8
  10
-61077.432400
  20
1676.967479
  0
VERTEX
  8
8
  10
-61077.439503
  20
1666.851952
  0
VERTEX
  8
8
  10
-61077.446642
  20
1656.781929
  0
VERTEX
  8
8
  10
-61077.453899
  20
1646.711927
  0
VERTEX
  8
8
  10
-61077.461202
  20
1636.809156
  0
VERTEX
  8
8
  10
-61077.469106
  20
1626.336339
  0
VERTEX
  8
8
  10
-61077.476682
  20
1616.266309
  0
VERTEX
  8
8
  10
-61077.483991
  20
1606.196279
  0
VERTEX
  8
8
  10
-61077.490799
  20
1596.156892
  0
VERTEX
  8
8
  10
-61077.497132
  20
1586.149252
  0
VERTEX
  8
8
  10
-61077.503034
  20
1576.263564
  0
VERTEX
  8
8
  10
-61077.504883
  20
1573.027954
  0
SEQEND
  8
8
  0
POINT
  8
2
 10
-61077.314453
 20
1849.379120
  0
TEXT
  8
2
 10
-61077.314453
 20
1849.379120
 40
0.000000
 50
0.000000
  1
# 284
  0
POINT
  8
2
 10
-61077.504883
 20
1573.027954
  0
TEXT
  8
2
 10
-61077.504883
 20
1573.027954
 40
0.000000
 50
0.000000
  1
# 285
  0
POINT
  8
3
 10
-61077.321197
 20
1839.048418
  0
POINT
  8
3
 10
-61077.328037
 20
1828.698066
  0
POINT
  8
3
 10
-61077.334753
 20
1818.660672
  0
POINT
  8
3
 10
-61077.341679
 20
1808.469376
  0
POINT
  8
3
 10
-61077.348621
 20
1798.399357
  0
POINT
  8
3
 10
-61077.355614
 20
1788.329339
  0
POINT
  8
3
 10
-61077.362608
 20
1778.259329
  0
POINT
  8
3
 10
-61077.369737
 20
1767.930301
  0
POINT
  8
3
 10
-61077.376648
 20
1757.860294
  0
POINT
  8
3
 10
-61077.383539
 20
1747.790278
  0
POINT
  8
3
 10
-61077.390617
 20
1737.445849
  0
POINT
  8
3
 10
-61077.397521
 20
1727.375836
  0
POINT
  8
3
 10
-61077.404441
 20
1717.305816
  0
POINT
  8
3
 10
-61077.411379
 20
1707.235790
  0
POINT
  8
3
 10
-61077.418381
 20
1697.107544
  0
POINT
  8
3
 10
-61077.425372
 20
1687.037509
  0
POINT
  8
3
 10
-61077.432400
 20
1676.967479
  0
POINT
  8
3
 10
-61077.439503
 20
1666.851952
  0
POINT
  8
3
 10
-61077.446642
 20
1656.781929
  0
POINT
  8
3
 10
-61077.453899
 20
1646.711927
  0
POINT
  8
3
 10
-61077.461202
 20
1636.809156
  0
POINT
  8
3
 10
-61077.469106
 20
1626.336339
  0
POINT
  8
3
 10
-61077.476682
 20
1616.266309
  0
POINT
  8
3
 10
-61077.483991
 20
1606.196279
  0
POINT
  8
3
 10
-61077.490799
 20
1596.156892
  0
POINT
  8
3
 10
-61077.497132
 20
1586.149252
  0
POINT
  8
3
 10
-61077.503034
 20
1576.263564
  0
POLYLINE
  8
8
  66
1
  70
0
  0
VERTEX
  8
8
  10
-61156.503906
  20
1703.999634
  0
VERTEX
  8
8
  10
-61139.887695
  20
1849.158173
  0
SEQEND
  8
8
  0
POINT
  8
2
 10
-61156.503906
 20
1703.999634
  0
TEXT
  8
2
 10
-61156.503906
 20
1703.999634
 40
0.000000
 50
0.000000
  1
# 286
  0
POINT
  8
2
 10
-61139.887695
 20
1849.158173
  0
TEXT
  8
2
 10
-61139.887695
 20
1849.158173
 40
0.000000
 50
0.000000
  1
# 287
  0
POLYLINE
  8
8
  66
1
  70
0
  0
VERTEX
  8
8
  10
-60914.941406
  20
1640.401001
  0
VERTEX
  8
8
  10
-60917.386397
  20
1638.530785
  0
VERTEX
  8
8
  10
-60919.325031
  20
1636.947979
  0
VERTEX
  8
8
  10
-60920.667120
  20
1635.759834
  0
VERTEX
  8
8
  10
-60921.694527
  20
1634.745912
  0
VERTEX
  8
8
  10
-60922.590833
  20
1633.743125
  0
VERTEX
  8
8
  10
-60923.518266
  20
1632.567590
  0
VERTEX
  8
8
  10
-60924.530568
  20
1631.145594
  0
VERTEX
  8
8
  10
-60925.628302
  20
1629.451412
  0
VERTEX
  8
8
  10
-60926.634495
  20
1627.756558
  0
VERTEX
  8
8
  10
-60927.462901
  20
1626.206795
  0
VERTEX
  8
8
  10
-60928.191686
  20
1624.668934
  0
VERTEX
  8
8
  10
-60928.879554
  20
1623.025736
  0
VERTEX
  8
8
  10
-60929.559787
  20
1621.177073
  0
VERTEX
  8
8
  10
-60930.258054
  20
1619.026119
  0
VERTEX
  8
8
  10
-60930.979277
  20
1616.530950
  0
VERTEX
  8
8
  10
-60931.687473
  20
1613.771970
  0
VERTEX
  8
8
  10
-60932.403581
  20
1610.629137
  0
VERTEX
  8
8
  10
-60933.197264
  20
1606.731966
  0
VERTEX
  8
8
  10
-60934.767337
  20
1598.594759
  0
VERTEX
  8
8
  10
-60935.460377
  20
1595.401528
  0
VERTEX
  8
8
  10
-60936.113810
  20
1592.750912
  0
VERTEX
  8
8
  10
-60936.784648
  20
1590.361998
  0
VERTEX
  8
8
  10
-60937.503167
  20
1588.100112
  0
VERTEX
  8
8
  10
-60938.154777
  20
1586.279984
  0
VERTEX
  8
8
  10
-60938.799064
  20
1584.727249
  0
VERTEX
  8
8
  10
-60939.460456
  20
1583.328801
  0
VERTEX
  8
8
  10
-60940.209961
  20
1581.961975
  0
SEQEND
  8
8
  0
POINT
  8
2
 10
-60914.941406
 20
1640.401001
  0
TEXT
  8
2
 10
-60914.941406
 20
1640.401001
 40
0.000000
 50
0.000000
  1
# 288
  0
POINT
  8
2
 10
-60940.209961
 20
1581.961975
  0
TEXT
  8
2
 10
-60940.209961
 20
1581.961975
 40
0.000000
 50
0.000000
  1
# 289
  0
POINT
  8
3
 10
-60917.386397
 20
1638.530785
  0
POINT
  8
3
 10
-60919.325031
 20
1636.947979
  0
POINT
  8
3
 10
-60920.667120
 20
1635.759834
  0
POINT
  8
3
 10
-60921.694527
 20
1634.745912
  0
POINT
  8
3
 10
-60922.590833
 20
1633.743125
  0
POINT
  8
3
 10
-60923.518266
 20
1632.567590
  0
POINT
  8
3
 10
-60924.530568
 20
1631.145594
  0
POINT
  8
3
 10
-60925.628302
 20
1629.451412
  0
POINT
  8
3
 10
-60926.634495
 20
1627.756558
  0
POINT
  8
3
 10
-60927.462901
 20
1626.206795
  0
POINT
  8
3
 10
-60928.191686
 20
1624.668934
  0
POINT
  8
3
 10
-60928.879554
 20
1623.025736
  0
POINT
  8
3
 10
-60929.559787
 20
1621.177073
  0
POINT
  8
3
 10
-60930.258054
 20
1619.026119
  0
POINT
  8
3
 10
-60930.979277
 20
1616.530950
  0
POINT
  8
3
 10
-60931.687473
 20
1613.771970
  0
POINT
  8
3
 10
-60932.403581
 20
1610.629137
  0
POINT
  8
3
 10
-60933.197264
 20
1606.731966
  0
POINT
  8
3
 10
-60934.767337
 20
1598.594759
  0
POINT
  8
3
 10
-60935.460377
 20
1595.401528
  0
POINT
  8
3
 10
-60936.113810
 20
1592.750912
  0
POINT
  8
3
 10
-60936.784648
 20
1590.361998
  0
POINT
  8
3
 10
-60937.503167
 20
1588.100112
  0
POINT
  8
3
 10
-60938.154777
 20
1586.279984
  0
POINT
  8
3
 10
-60938.799064
 20
1584.727249
  0
POINT
  8
3
 10
-60939.460456
 20
1583.328801
  0
POLYLINE
  8
8
  66
1
  70
0
  0
VERTEX
  8
8
  10
-61077.504883
  20
1573.027954
  0
VERTEX
  8
8
  10
-60955.883789
  20
1573.027954
  0
SEQEND
  8
8
  0
POINT
  8
2
 10
-61077.504883
 20
1573.027954
  0
TEXT
  8
2
 10
-61077.504883
 20
1573.027954
 40
0.000000
 50
0.000000
  1
# 290
  0
POINT
  8
2
 10
-60955.883789
 20
1573.027954
  0
TEXT
  8
2
 10
-60955.883789
 20
1573.027954
 40
0.000000
 50
0.000000
  1
# 291
  0
POLYLINE
  8
8
  66
1
  70
0
  0
VERTEX
  8
8
  10
-60940.209961
  20
1581.961975
  0
VERTEX
  8
8
  10
-60940.428656
  20
1581.587813
  0
VERTEX
  8
8
  10
-60940.663039
  20
1581.206393
  0
VERTEX
  8
8
  10
-60940.917216
  20
1580.810097
  0
VERTEX
  8
8
  10
-60941.187543
  20
1580.406566
  0
VERTEX
  8
8
  10
-60941.459086
  20
1580.019116
  0
VERTEX
  8
8
  10
-60941.720263
  20
1579.663255
  0
VERTEX
  8
8
  10
-60941.962259
  20
1579.348410
  0
VERTEX
  8
8
  10
-60942.215262
  20
1579.034934
  0
VERTEX
  8
8
  10
-60942.470532
  20
1578.735167
  0
VERTEX
  8
8
  10
-60942.702685
  20
1578.475935
  0
VERTEX
  8
8
  10
-60942.981705
  20
1578.179574
  0
VERTEX
  8
8
  10
-60943.269236
  20
1577.889904
  0
VERTEX
  8
8
  10
-60943.564973
  20
1577.607080
  0
VERTEX
  8
8
  10
-60943.868609
  20
1577.331257
  0
VERTEX
  8
8
  10
-60944.179838
  20
1577.062590
  0
VERTEX
  8
8
  10
-60944.498353
  20
1576.801234
  0
VERTEX
  8
8
  10
-60944.823848
  20
1576.547344
  0
VERTEX
  8
8
  10
-60945.156017
  20
1576.301074
  0
VERTEX
  8
8
  10
-60945.494553
  20
1576.062579
  0
VERTEX
  8
8
  10
-60945.839150
  20
1575.832015
  0
VERTEX
  8
8
  10
-60946.189503
  20
1575.609536
  0
VERTEX
  8
8
  10
-60946.545303
  20
1575.395297
  0
VERTEX
  8
8
  10
-60946.906246
  20
1575.189453
  0
VERTEX
  8
8
  10
-60947.272023
  20
1574.992159
  0
VERTEX
  8
8
  10
-60947.642332
  20
1574.803570
  0
VERTEX
  8
8
  10
-60948.016862
  20
1574.623840
  0
VERTEX
  8
8
  10
-60948.395310
  20
1574.453124
  0
VERTEX
  8
8
  10
-60948.777367
  20
1574.291579
  0
VERTEX
  8
8
  10
-60949.162730
  20
1574.139357
  0
VERTEX
  8
8
  10
-60949.551089
  20
1573.996614
  0
VERTEX
  8
8
  10
-60949.942140
  20
1573.863506
  0
VERTEX
  8
8
  10
-60950.335576
  20
1573.740186
  0
VERTEX
  8
8
  10
-60950.731091
  20
1573.626810
  0
VERTEX
  8
8
  10
-60951.128378
  20
1573.523533
  0
VERTEX
  8
8
  10
-60951.527132
  20
1573.430509
  0
VERTEX
  8
8
  10
-60951.927044
  20
1573.347894
  0
VERTEX
  8
8
  10
-60952.327810
  20
1573.275843
  0
VERTEX
  8
8
  10
-60952.729123
  20
1573.214509
  0
VERTEX
  8
8
  10
-60953.149536
  20
1573.161644
  0
VERTEX
  8
8
  10
-60953.544475
  20
1573.121352
  0
VERTEX
  8
8
  10
-60953.981286
  20
1573.085993
  0
VERTEX
  8
8
  10
-60954.443605
  20
1573.057967
  0
VERTEX
  8
8
  10
-60954.906424
  20
1573.038802
  0
VERTEX
  8
8
  10
-60955.367620
  20
1573.028265
  0
VERTEX
  8
8
  10
-60955.883789
  20
1573.027954
  0
SEQEND
  8
8
  0
POINT
  8
2
 10
-60940.209961
 20
1581.961975
  0
TEXT
  8
2
 10
-60940.209961
 20
1581.961975
 40
0.000000
 50
0.000000
  1
# 292
  0
POINT
  8
2
 10
-60955.883789
 20
1573.027954
  0
TEXT
  8
2
 10
-60955.883789
 20
1573.027954
 40
0.000000
 50
0.000000
  1
# 293
  0
POINT
  8
3
 10
-60940.428656
 20
1581.587813
  0
POINT
  8
3
 10
-60940.663039
 20
1581.206393
  0
POINT
  8
3
 10
-60940.917216
 20
1580.810097
  0
POINT
  8
3
 10
-60941.187543
 20
1580.406566
  0
POINT
  8
3
 10
-60941.459086
 20
1580.019116
  0
POINT
  8
3
 10
-60941.720263
 20
1579.663255
  0
POINT
  8
3
 10
-60941.962259
 20
1579.348410
  0
POINT
  8
3
 10
-60942.215262
 20
1579.034934
  0
POINT
  8
3
 10
-60942.470532
 20
1578.735167
  0
POINT
  8
3
 10
-60942.702685
 20
1578.475935
  0
POINT
  8
3
 10
-60942.981705
 20
1578.179574
  0
POINT
  8
3
 10
-60943.269236
 20
1577.889904
  0
POINT
  8
3
 10
-60943.564973
 20
1577.607080
  0
POINT
  8
3
 10
-60943.868609
 20
1577.331257
  0
POINT
  8
3
 10
-60944.179838
 20
1577.062590
  0
POINT
  8
3
 10
-60944.498353
 20
1576.801234
  0
POINT
  8
3
 10
-60944.823848
 20
1576.547344
  0
POINT
  8
3
 10
-60945.156017
 20
1576.301074
  0
POINT
  8
3
 10
-60945.494553
 20
1576.062579
  0
POINT
  8
3
 10
-60945.839150
 20
1575.832015
  0
POINT
  8
3
 10
-60946.189503
 20
1575.609536
  0
POINT
  8
3
 10
-60946.545303
 20
1575.395297
  0
POINT
  8
3
 10
-60946.906246
 20
1575.189453
  0
POINT
  8
3
 10
-60947.272023
 20
1574.992159
  0
POINT
  8
3
 10
-60947.642332
 20
1574.803570
  0
POINT
  8
3
 10
-60948.016862
 20
1574.623840
  0
POINT
  8
3
 10
-60948.395310
 20
1574.453124
  0
POINT
  8
3
 10
-60948.777367
 20
1574.291579
  0
POINT
  8
3
 10
-60949.162730
 20
1574.139357
  0
POINT
  8
3
 10
-60949.551089
 20
1573.996614
  0
POINT
  8
3
 10
-60949.942140
 20
1573.863506
  0
POINT
  8
3
 10
-60950.335576
 20
1573.740186
  0
POINT
  8
3
 10
-60950.731091
 20
1573.626810
  0
POINT
  8
3
 10
-60951.128378
 20
1573.523533
  0
POINT
  8
3
 10
-60951.527132
 20
1573.430509
  0
POINT
  8
3
 10
-60951.927044
 20
1573.347894
  0
POINT
  8
3
 10
-60952.327810
 20
1573.275843
  0
POINT
  8
3
 10
-60952.729123
 20
1573.214509
  0
POINT
  8
3
 10
-60953.149536
 20
1573.161644
  0
POINT
  8
3
 10
-60953.544475
 20
1573.121352
  0
POINT
  8
3
 10
-60953.981286
 20
1573.085993
  0
POINT
  8
3
 10
-60954.443605
 20
1573.057967
  0
POINT
  8
3
 10
-60954.906424
 20
1573.038802
  0
POINT
  8
3
 10
-60955.367620
 20
1573.028265
  0
POLYLINE
  8
8
  66
1
  70
0
  0
VERTEX
  8
8
  10
-61148.979492
  20
1259.229202
  0
VERTEX
  8
8
  10
-60948.906250
  20
1259.229202
  0
SEQEND
  8
8
  0
POINT
  8
2
 10
-61148.979492
 20
1259.229202
  0
TEXT
  8
2
 10
-61148.979492
 20
1259.229202
 40
0.000000
 50
0.000000
  1
# 294
  0
POINT
  8
2
 10
-60948.906250
 20
1259.229202
  0
TEXT
  8
2
 10
-60948.906250
 20
1259.229202
 40
0.000000
 50
0.000000
  1
# 295
  0
POLYLINE
  8
8
  66
1
  70
0
  0
VERTEX
  8
8
  10
-61050.126953
  20
830.435181
  0
VERTEX
  8
8
  10
-61050.126953
  20
1849.269104
  0
SEQEND
  8
8
  0
POINT
  8
2
 10
-61050.126953
 20
830.435181
  0
TEXT
  8
2
 10
-61050.126953
 20
830.435181
 40
0.000000
 50
0.000000
  1
# 296
  0
POINT
  8
2
 10
-61050.126953
 20
1849.269104
  0
TEXT
  8
2
 10
-61050.126953
 20
1849.269104
 40
0.000000
 50
0.000000
  1
# 297
  0
POLYLINE
  8
8
  66
1
  70
0
  0
VERTEX
  8
8
  10
-61154.472656
  20
1720.743866
  0
VERTEX
  8
8
  10
-60914.702148
  20
1720.743866
  0
SEQEND
  8
8
  0
POINT
  8
2
 10
-61154.472656
 20
1720.743866
  0
TEXT
  8
2
 10
-61154.472656
 20
1720.743866
 40
0.000000
 50
0.000000
  1
# 298
  0
POINT
  8
2
 10
-60914.702148
 20
1720.743866
  0
TEXT
  8
2
 10
-60914.702148
 20
1720.743866
 40
0.000000
 50
0.000000
  1
# 299
  0
POLYLINE
  8
8
  66
1
  70
0
  0
VERTEX
  8
8
  10
-61188.188477
  20
1611.743774
  0
VERTEX
  8
8
  10
-60917.143555
  20
1611.743774
  0
SEQEND
  8
8
  0
POINT
  8
2
 10
-61188.188477
 20
1611.743774
  0
TEXT
  8
2
 10
-61188.188477
 20
1611.743774
 40
0.000000
 50
0.000000
  1
# 300
  0
POINT
  8
2
 10
-60917.143555
 20
1611.743774
  0
TEXT
  8
2
 10
-60917.143555
 20
1611.743774
 40
0.000000
 50
0.000000
  1
# 301
  0
POLYLINE
  8
8
  66
1
  70
0
  0
VERTEX
  8
8
  10
-60962.607422
  20
1860.133362
  0
VERTEX
  8
8
  10
-60912.973633
  20
1700.590668
  0
SEQEND
  8
8
  0
POINT
  8
2
 10
-60962.607422
 20
1860.133362
  0
TEXT
  8
2
 10
-60962.607422
 20
1860.133362
 40
0.000000
 50
0.000000
  1
# 302
  0
POINT
  8
2
 10
-60912.973633
 20
1700.590668
  0
TEXT
  8
2
 10
-60912.973633
 20
1700.590668
 40
0.000000
 50
0.000000
  1
# 303
  0
POLYLINE
  8
8
  66
1
  70
0
  0
VERTEX
  8
8
  10
-60987.949219
  20
1856.583557
  0
VERTEX
  8
8
  10
-60938.325195
  20
1697.169647
  0
SEQEND
  8
8
  0
POINT
  8
2
 10
-60987.949219
 20
1856.583557
  0
TEXT
  8
2
 10
-60987.949219
 20
1856.583557
 40
0.000000
 50
0.000000
  1
# 304
  0
POINT
  8
2
 10
-60938.325195
 20
1697.169647
  0
TEXT
  8
2
 10
-60938.325195
 20
1697.169647
 40
0.000000
 50
0.000000
  1
# 305
  0
POLYLINE
  8
8
  66
1
  70
0
  0
VERTEX
  8
8
  10
-60938.325195
  20
1697.169647
  0
VERTEX
  8
8
  10
-60937.589094
  20
1695.233337
  0
VERTEX
  8
8
  10
-60936.708647
  20
1693.218227
  0
VERTEX
  8
8
  10
-60935.798182
  20
1691.354171
  0
VERTEX
  8
8
  10
-60934.805132
  20
1689.521584
  0
VERTEX
  8
8
  10
-60933.784158
  20
1687.822067
  0
VERTEX
  8
8
  10
-60932.632908
  20
1686.102053
  0
VERTEX
  8
8
  10
-60931.518582
  20
1684.614867
  0
VERTEX
  8
8
  10
-60930.483900
  20
1683.376877
  0
VERTEX
  8
8
  10
-60929.375727
  20
1682.192425
  0
VERTEX
  8
8
  10
-60928.284095
  20
1681.156281
  0
VERTEX
  8
8
  10
-60927.050726
  20
1680.109769
  0
VERTEX
  8
8
  10
-60925.561307
  20
1678.981213
  0
VERTEX
  8
8
  10
-60924.044432
  20
1677.951506
  0
VERTEX
  8
8
  10
-60922.313483
  20
1676.894885
  0
VERTEX
  8
8
  10
-60920.625758
  20
1675.965516
  0
VERTEX
  8
8
  10
-60918.831250
  20
1675.070847
  0
VERTEX
  8
8
  10
-60916.872349
  20
1674.192318
  0
VERTEX
  8
8
  10
-60915.031053
  20
1673.455582
  0
VERTEX
  8
8
  10
-60913.564453
  20
1672.939606
  0
SEQEND
  8
8
  0
POINT
  8
2
 10
-60938.325195
 20
1697.169647
  0
TEXT
  8
2
 10
-60938.325195
 20
1697.169647
 40
0.000000
 50
0.000000
  1
# 306
  0
POINT
  8
2
 10
-60913.564453
 20
1672.939606
  0
TEXT
  8
2
 10
-60913.564453
 20
1672.939606
 40
0.000000
 50
0.000000
  1
# 307
  0
POINT
  8
3
 10
-60937.589094
 20
1695.233337
  0
POINT
  8
3
 10
-60936.708647
 20
1693.218227
  0
POINT
  8
3
 10
-60935.798182
 20
1691.354171
  0
POINT
  8
3
 10
-60934.805132
 20
1689.521584
  0
POINT
  8
3
 10
-60933.784158
 20
1687.822067
  0
POINT
  8
3
 10
-60932.632908
 20
1686.102053
  0
POINT
  8
3
 10
-60931.518582
 20
1684.614867
  0
POINT
  8
3
 10
-60930.483900
 20
1683.376877
  0
POINT
  8
3
 10
-60929.375727
 20
1682.192425
  0
POINT
  8
3
 10
-60928.284095
 20
1681.156281
  0
POINT
  8
3
 10
-60927.050726
 20
1680.109769
  0
POINT
  8
3
 10
-60925.561307
 20
1678.981213
  0
POINT
  8
3
 10
-60924.044432
 20
1677.951506
  0
POINT
  8
3
 10
-60922.313483
 20
1676.894885
  0
POINT
  8
3
 10
-60920.625758
 20
1675.965516
  0
POINT
  8
3
 10
-60918.831250
 20
1675.070847
  0
POINT
  8
3
 10
-60916.872349
 20
1674.192318
  0
POINT
  8
3
 10
-60915.031053
 20
1673.455582
  0
POLYLINE
  8
8
  66
1
  70
0
  0
VERTEX
  8
8
  10
-60960.048828
  20
855.435181
  0
VERTEX
  8
8
  10
-60970.407913
  20
855.435181
  0
VERTEX
  8
8
  10
-60980.770793
  20
855.435181
  0
VERTEX
  8
8
  10
-60991.088856
  20
855.435181
  0
VERTEX
  8
8
  10
-61001.293073
  20
855.435181
  0
VERTEX
  8
8
  10
-61011.443678
  20
855.435181
  0
VERTEX
  8
8
  10
-61021.594289
  20
855.435181
  0
VERTEX
  8
8
  10
-61031.770862
  20
855.435181
  0
VERTEX
  8
8
  10
-61041.921760
  20
855.435181
  0
VERTEX
  8
8
  10
-61052.072830
  20
855.435181
  0
VERTEX
  8
8
  10
-61062.407366
  20
855.435181
  0
VERTEX
  8
8
  10
-61072.558662
  20
855.435181
  0
VERTEX
  8
8
  10
-61082.501358
  20
855.435181
  0
VERTEX
  8
8
  10
-61093.014961
  20
855.435181
  0
VERTEX
  8
8
  10
-61103.165844
  20
855.435181
  0
VERTEX
  8
8
  10
-61113.333714
  20
855.435181
  0
VERTEX
  8
8
  10
-61123.558805
  20
855.435181
  0
VERTEX
  8
8
  10
-61133.517423
  20
855.435181
  0
VERTEX
  8
8
  10
-61139.628906
  20
855.435181
  0
SEQEND
  8
8
  0
POINT
  8
2
 10
-60960.048828
 20
855.435181
  0
TEXT
  8
2
 10
-60960.048828
 20
855.435181
 40
0.000000
 50
0.000000
  1
# 308
  0
POINT
  8
2
 10
-61139.628906
 20
855.435181
  0
TEXT
  8
2
 10
-61139.628906
 20
855.435181
 40
0.000000
 50
0.000000
  1
# 309
  0
POINT
  8
3
 10
-60970.407913
 20
855.435181
  0
POINT
  8
3
 10
-60980.770793
 20
855.435181
  0
POINT
  8
3
 10
-60991.088856
 20
855.435181
  0
POINT
  8
3
 10
-61001.293073
 20
855.435181
  0
POINT
  8
3
 10
-61011.443678
 20
855.435181
  0
POINT
  8
3
 10
-61021.594289
 20
855.435181
  0
POINT
  8
3
 10
-61031.770862
 20
855.435181
  0
POINT
  8
3
 10
-61041.921760
 20
855.435181
  0
POINT
  8
3
 10
-61052.072830
 20
855.435181
  0
POINT
  8
3
 10
-61062.407366
 20
855.435181
  0
POINT
  8
3
 10
-61072.558662
 20
855.435181
  0
POINT
  8
3
 10
-61082.501358
 20
855.435181
  0
POINT
  8
3
 10
-61093.014961
 20
855.435181
  0
POINT
  8
3
 10
-61103.165844
 20
855.435181
  0
POINT
  8
3
 10
-61113.333714
 20
855.435181
  0
POINT
  8
3
 10
-61123.558805
 20
855.435181
  0
POINT
  8
3
 10
-61133.517423
 20
855.435181
  0
POLYLINE
  8
8
  66
1
  70
0
  0
VERTEX
  8
8
  10
-60931.445313
  20
1716.597595
  0
VERTEX
  8
8
  10
-61029.096680
  20
1740.262146
  0
SEQEND
  8
8
  0
POINT
  8
2
 10
-60931.445313
 20
1716.597595
  0
TEXT
  8
2
 10
-60931.445313
 20
1716.597595
 40
0.000000
 50
0.000000
  1
# 310
  0
POINT
  8
2
 10
-61029.096680
 20
1740.262146
  0
TEXT
  8
2
 10
-61029.096680
 20
1740.262146
 40
0.000000
 50
0.000000
  1
# 311
  0
POLYLINE
  8
8
  66
1
  70
0
  0
VERTEX
  8
8
  10
-61029.096680
  20
1740.262146
  0
VERTEX
  8
8
  10
-61065.004883
  20
1573.027954
  0
SEQEND
  8
8
  0
POINT
  8
2
 10
-61029.096680
 20
1740.262146
  0
TEXT
  8
2
 10
-61029.096680
 20
1740.262146
 40
0.000000
 50
0.000000
  1
# 312
  0
POINT
  8
2
 10
-61065.004883
 20
1573.027954
  0
TEXT
  8
2
 10
-61065.004883
 20
1573.027954
 40
0.000000
 50
0.000000
  1
# 313
  0
POLYLINE
  8
8
  66
1
  70
0
  0
VERTEX
  8
8
  10
-60964.580078
  20
1573.027954
  0
VERTEX
  8
8
  10
-60931.445313
  20
1716.597595
  0
SEQEND
  8
8
  0
POINT
  8
2
 10
-60964.580078
 20
1573.027954
  0
TEXT
  8
2
 10
-60964.580078
 20
1573.027954
 40
0.000000
 50
0.000000
  1
# 314
  0
POINT
  8
2
 10
-60931.445313
 20
1716.597595
  0
TEXT
  8
2
 10
-60931.445313
 20
1716.597595
 40
0.000000
 50
0.000000
  1
# 315
  0
POLYLINE
  8
8
  66
1
  70
0
  0
VERTEX
  8
8
  10
-60933.696289
  20
1706.853180
  0
VERTEX
  8
8
  10
-61031.201172
  20
1730.481567
  0
SEQEND
  8
8
  0
POINT
  8
2
 10
-60933.696289
 20
1706.853180
  0
TEXT
  8
2
 10
-60933.696289
 20
1706.853180
 40
0.000000
 50
0.000000
  1
# 316
  0
POINT
  8
2
 10
-61031.201172
 20
1730.481567
  0
TEXT
  8
2
 10
-61031.201172
 20
1730.481567
 40
0.000000
 50
0.000000
  1
# 317
 0
LINE
 8
7
 10
-61061.865234
 20
1695.592957
 11
-61061.865234
 21
1146.920166
  0
TEXT
  8
1
 10
-61054.304199
 20
1336.183167
 40
10.000000
 50
0.000000
  1
Piece Name: 26SMC-WP117M 展_前原_175/84
  0
TEXT
  8
1
 10
-61054.304199
 20
1351.183167
 40
10.000000
 50
0.000000
  1
Size: 175/84
  0
TEXT
  8
1
 10
-61054.304199
 20
1366.183167
 40
10.000000
 50
0.000000
  1
Annotation: 
  0
TEXT
  8
1
 10
-61054.304199
 20
1381.183167
 40
10.000000
 50
0.000000
  1
Quantity: 1
  0
TEXT
  8
1
 10
-61054.304199
 20
1396.183167
 40
10.000000
 50
0.000000
  1
Material: 原
  0
TEXT
  8
1
 10
-61054.304199
 20
1396.183167
 40
10.000000
 50
0.000000
  1
Category: 5
0
ENDBLK
0
BLOCK
  8
1
  2
26SMC-WP117M 展_后片_175/84
 70
0
 10
0.0
 20
0.0
  0
POLYLINE
  8
1
  66
1
  70
1
  0
VERTEX
  8
1
  10
-61762.382813
  20
795.435181
  0
VERTEX
  8
1
  10
-61762.377930
  20
799.544830
  0
VERTEX
  8
1
  10
-61762.382813
  20
809.712601
  0
VERTEX
  8
1
  10
-61762.392578
  20
819.915237
  0
VERTEX
  8
1
  10
-61762.412109
  20
830.435181
  0
VERTEX
  8
1
  10
-61762.392578
  20
840.955124
  0
VERTEX
  8
1
  10
-61762.382813
  20
851.157761
  0
VERTEX
  8
1
  10
-61762.377930
  20
861.325531
  0
VERTEX
  8
1
  10
-61762.387695
  20
871.571732
  0
VERTEX
  8
1
  10
-61762.407227
  20
881.630020
  0
VERTEX
  8
1
  10
-61762.436523
  20
891.688843
  0
VERTEX
  8
1
  10
-61762.480469
  20
901.869965
  0
VERTEX
  8
1
  10
-61762.534180
  20
911.929092
  0
VERTEX
  8
1
  10
-61762.597656
  20
921.987915
  0
VERTEX
  8
1
  10
-61762.670898
  20
932.349319
  0
VERTEX
  8
1
  10
-61762.758789
  20
942.407227
  0
VERTEX
  8
1
  10
-61762.851563
  20
952.464294
  0
VERTEX
  8
1
  10
-61762.968750
  20
962.819366
  0
VERTEX
  8
1
  10
-61763.090820
  20
972.874756
  0
VERTEX
  8
1
  10
-61763.227539
  20
982.929230
  0
VERTEX
  8
1
  10
-61763.378906
  20
992.982788
  0
VERTEX
  8
1
  10
-61763.544922
  20
1003.168106
  0
VERTEX
  8
1
  10
-61763.730469
  20
1013.220062
  0
VERTEX
  8
1
  10
-61763.930664
  20
1023.271255
  0
VERTEX
  8
1
  10
-61764.150391
  20
1033.498154
  0
VERTEX
  8
1
  10
-61764.384766
  20
1043.546448
  0
VERTEX
  8
1
  10
-61764.638672
  20
1053.592758
  0
VERTEX
  8
1
  10
-61764.814453
  20
1060.141678
  0
VERTEX
  8
1
  10
-61764.916992
  20
1063.845673
  0
VERTEX
  8
1
  10
-61765.214844
  20
1073.889084
  0
VERTEX
  8
1
  10
-61765.532227
  20
1083.931274
  0
VERTEX
  8
1
  10
-61765.883789
  20
1094.138565
  0
VERTEX
  8
1
  10
-61766.245117
  20
1104.177551
  0
VERTEX
  8
1
  10
-61766.635742
  20
1114.214096
  0
VERTEX
  8
1
  10
-61767.060547
  20
1124.413834
  0
VERTEX
  8
1
  10
-61767.504883
  20
1134.445496
  0
VERTEX
  8
1
  10
-61767.978516
  20
1144.474411
  0
VERTEX
  8
1
  10
-61768.481445
  20
1154.500580
  0
VERTEX
  8
1
  10
-61769.023438
  20
1164.688492
  0
VERTEX
  8
1
  10
-61769.589844
  20
1174.711304
  0
VERTEX
  8
1
  10
-61770.190430
  20
1184.732895
  0
VERTEX
  8
1
  10
-61770.825195
  20
1194.913177
  0
VERTEX
  8
1
  10
-61771.489258
  20
1204.925003
  0
VERTEX
  8
1
  10
-61772.187500
  20
1214.929123
  0
VERTEX
  8
1
  10
-61772.944336
  20
1225.127335
  0
VERTEX
  8
1
  10
-61773.730469
  20
1235.143738
  0
VERTEX
  8
1
  10
-61774.536133
  20
1245.051651
  0
VERTEX
  8
1
  10
-61775.371094
  20
1254.930191
  0
VERTEX
  8
1
  10
-61775.693359
  20
1258.695908
  0
VERTEX
  8
1
  10
-61775.693359
  20
1258.696976
  0
VERTEX
  8
1
  10
-61776.689453
  20
1258.610764
  0
VERTEX
  8
1
  10
-61777.626953
  20
1268.874359
  0
VERTEX
  8
1
  10
-61778.569336
  20
1278.859940
  0
VERTEX
  8
1
  10
-61779.545898
  20
1288.854065
  0
VERTEX
  8
1
  10
-61780.581055
  20
1299.017181
  0
VERTEX
  8
1
  10
-61781.660156
  20
1309.192352
  0
VERTEX
  8
1
  10
-61782.792969
  20
1319.364319
  0
VERTEX
  8
1
  10
-61783.969727
  20
1329.577026
  0
VERTEX
  8
1
  10
-61785.180664
  20
1339.742584
  0
VERTEX
  8
1
  10
-61786.435547
  20
1349.905243
  0
VERTEX
  8
1
  10
-61787.700195
  20
1359.833069
  0
VERTEX
  8
1
  10
-61789.033203
  20
1369.984894
  0
VERTEX
  8
1
  10
-61790.405273
  20
1380.130157
  0
VERTEX
  8
1
  10
-61791.787109
  20
1390.043335
  0
VERTEX
  8
1
  10
-61793.237305
  20
1400.178986
  0
VERTEX
  8
1
  10
-61794.731445
  20
1410.310669
  0
VERTEX
  8
1
  10
-61796.225586
  20
1420.210724
  0
VERTEX
  8
1
  10
-61797.792969
  20
1430.330658
  0
VERTEX
  8
1
  10
-61799.394531
  20
1440.443420
  0
VERTEX
  8
1
  10
-61801.000977
  20
1450.304108
  0
VERTEX
  8
1
  10
-61802.680664
  20
1460.409546
  0
VERTEX
  8
1
  10
-61804.394531
  20
1470.512848
  0
VERTEX
  8
1
  10
-61806.103516
  20
1480.386810
  0
VERTEX
  8
1
  10
-61807.875977
  20
1490.486145
  0
VERTEX
  8
1
  10
-61809.672852
  20
1500.583954
  0
VERTEX
  8
1
  10
-61811.479492
  20
1510.603943
  0
VERTEX
  8
1
  10
-61813.315430
  20
1520.703735
  0
VERTEX
  8
1
  10
-61815.166016
  20
1530.806580
  0
VERTEX
  8
1
  10
-61816.987305
  20
1540.681305
  0
VERTEX
  8
1
  10
-61818.852539
  20
1550.787201
  0
VERTEX
  8
1
  10
-61820.722656
  20
1560.894470
  0
VERTEX
  8
1
  10
-61822.553711
  20
1570.773010
  0
VERTEX
  8
1
  10
-61824.423828
  20
1580.893097
  0
VERTEX
  8
1
  10
-61826.225586
  20
1590.727692
  0
VERTEX
  8
1
  10
-61828.095703
  20
1601.019135
  0
VERTEX
  8
1
  10
-61829.736328
  20
1610.099792
  0
VERTEX
  8
1
  10
-61831.606445
  20
1620.362549
  0
VERTEX
  8
1
  10
-61833.422852
  20
1630.427704
  0
VERTEX
  8
1
  10
-61835.180664
  20
1640.336914
  0
VERTEX
  8
1
  10
-61836.938477
  20
1650.407867
  0
VERTEX
  8
1
  10
-61838.666992
  20
1660.513458
  0
VERTEX
  8
1
  10
-61840.361328
  20
1670.623779
  0
VERTEX
  8
1
  10
-61842.031250
  20
1680.794983
  0
VERTEX
  8
1
  10
-61842.592773
  20
1684.284668
  0
VERTEX
  8
1
  10
-61843.662109
  20
1690.911407
  0
VERTEX
  8
1
  10
-61845.263672
  20
1701.029968
  0
VERTEX
  8
1
  10
-61846.831055
  20
1711.127167
  0
VERTEX
  8
1
  10
-61848.383789
  20
1721.251678
  0
VERTEX
  8
1
  10
-61849.907227
  20
1731.379395
  0
VERTEX
  8
1
  10
-61851.416016
  20
1741.568298
  0
VERTEX
  8
1
  10
-61852.895508
  20
1751.701355
  0
VERTEX
  8
1
  10
-61854.345703
  20
1761.837006
  0
VERTEX
  8
1
  10
-61855.795898
  20
1772.089691
  0
VERTEX
  8
1
  10
-61857.207031
  20
1782.228851
  0
VERTEX
  8
1
  10
-61858.598633
  20
1792.369080
  0
VERTEX
  8
1
  10
-61859.960938
  20
1802.412262
  0
VERTEX
  8
1
  10
-61861.313477
  20
1812.563171
  0
VERTEX
  8
1
  10
-61862.641602
  20
1822.721558
  0
VERTEX
  8
1
  10
-61863.945313
  20
1832.911835
  0
VERTEX
  8
1
  10
-61865.224609
  20
1843.078461
  0
VERTEX
  8
1
  10
-61866.479492
  20
1853.179779
  0
VERTEX
  8
1
  10
-61867.622070
  20
1862.556000
  0
VERTEX
  8
1
  10
-61868.676758
  20
1871.126099
  0
VERTEX
  8
1
  10
-61859.414063
  20
1873.926697
  0
VERTEX
  8
1
  10
-61849.731445
  20
1876.839600
  0
VERTEX
  8
1
  10
-61840.078125
  20
1879.798889
  0
VERTEX
  8
1
  10
-61830.322266
  20
1882.861023
  0
VERTEX
  8
1
  10
-61821.201172
  20
1885.808411
  0
VERTEX
  8
1
  10
-61811.489258
  20
1889.034424
  0
VERTEX
  8
1
  10
-61801.791992
  20
1892.335815
  0
VERTEX
  8
1
  10
-61792.163086
  20
1895.684814
  0
VERTEX
  8
1
  10
-61782.529297
  20
1899.119720
  0
VERTEX
  8
1
  10
-61773.876953
  20
1902.288055
  0
VERTEX
  8
1
  10
-61765.820313
  20
1905.321960
  0
VERTEX
  8
1
  10
-61757.915039
  20
1908.388214
  0
VERTEX
  8
1
  10
-61748.891602
  20
1911.981354
  0
VERTEX
  8
1
  10
-61739.951172
  20
1915.619659
  0
VERTEX
  8
1
  10
-61739.931641
  20
1915.628204
  0
VERTEX
  8
1
  10
-61730.556641
  20
1919.488831
  0
VERTEX
  8
1
  10
-61725.268555
  20
1921.677856
  0
VERTEX
  8
1
  10
-61719.541016
  20
1921.926880
  0
VERTEX
  8
1
  10
-61709.580078
  20
1922.374420
  0
VERTEX
  8
1
  10
-61709.472656
  20
1922.379303
  0
VERTEX
  8
1
  10
-61699.160156
  20
1923.072205
  0
VERTEX
  8
1
  10
-61688.818359
  20
1923.788910
  0
VERTEX
  8
1
  10
-61678.461914
  20
1924.528198
  0
VERTEX
  8
1
  10
-61668.413086
  20
1925.270844
  0
VERTEX
  8
1
  10
-61658.442383
  20
1926.039886
  0
VERTEX
  8
1
  10
-61648.320313
  20
1926.863861
  0
VERTEX
  8
1
  10
-61638.212891
  20
1927.741699
  0
VERTEX
  8
1
  10
-61628.120117
  20
1928.684387
  0
VERTEX
  8
1
  10
-61618.051758
  20
1929.702911
  0
VERTEX
  8
1
  10
-61608.481445
  20
1930.753632
  0
VERTEX
  8
1
  10
-61599.409180
  20
1931.833191
  0
VERTEX
  8
1
  10
-61591.879883
  20
1932.781219
  0
VERTEX
  8
1
  10
-61582.753906
  20
1933.908844
  0
VERTEX
  8
1
  10
-61580.615234
  20
1924.902191
  0
VERTEX
  8
1
  10
-61578.281250
  20
1915.072479
  0
VERTEX
  8
1
  10
-61575.917969
  20
1905.108795
  0
VERTEX
  8
1
  10
-61573.559570
  20
1895.158691
  0
VERTEX
  8
1
  10
-61571.196289
  20
1885.152740
  0
VERTEX
  8
1
  10
-61568.784180
  20
1874.932861
  0
VERTEX
  8
1
  10
-61566.489258
  20
1865.174255
  0
VERTEX
  8
1
  10
-61564.204102
  20
1855.411682
  0
VERTEX
  8
1
  10
-61561.923828
  20
1845.644836
  0
VERTEX
  8
1
  10
-61559.604492
  20
1835.643311
  0
VERTEX
  8
1
  10
-61557.348633
  20
1825.868530
  0
VERTEX
  8
1
  10
-61555.107422
  20
1816.090393
  0
VERTEX
  8
1
  10
-61552.875977
  20
1806.309662
  0
VERTEX
  8
1
  10
-61550.615234
  20
1796.295776
  0
VERTEX
  8
1
  10
-61548.417969
  20
1786.505737
  0
VERTEX
  8
1
  10
-61546.235352
  20
1776.706848
  0
VERTEX
  8
1
  10
-61544.077148
  20
1766.896057
  0
VERTEX
  8
1
  10
-61541.884766
  20
1756.840515
  0
VERTEX
  8
1
  10
-61539.770508
  20
1747.012177
  0
VERTEX
  8
1
  10
-61537.675781
  20
1737.189636
  0
VERTEX
  8
1
  10
-61535.610352
  20
1727.383118
  0
VERTEX
  8
1
  10
-61533.520508
  20
1717.416534
  0
VERTEX
  8
1
  10
-61532.031250
  20
1710.599060
  0
VERTEX
  8
1
  10
-61530.776367
  20
1705.232544
  0
VERTEX
  8
1
  10
-61529.663086
  20
1700.819550
  0
VERTEX
  8
1
  10
-61528.588867
  20
1696.892853
  0
VERTEX
  8
1
  10
-61527.431641
  20
1693.007660
  0
VERTEX
  8
1
  10
-61526.328125
  20
1689.587708
  0
VERTEX
  8
1
  10
-61525.141602
  20
1686.197662
  0
VERTEX
  8
1
  10
-61523.959961
  20
1683.094635
  0
VERTEX
  8
1
  10
-61522.768555
  20
1680.198822
  0
VERTEX
  8
1
  10
-61521.508789
  20
1677.360229
  0
VERTEX
  8
1
  10
-61520.366211
  20
1674.984283
  0
VERTEX
  8
1
  10
-61519.169922
  20
1672.671051
  0
VERTEX
  8
1
  10
-61517.919922
  20
1670.429840
  0
VERTEX
  8
1
  10
-61516.616211
  20
1668.269653
  0
VERTEX
  8
1
  10
-61515.258789
  20
1666.199036
  0
VERTEX
  8
1
  10
-61513.852539
  20
1664.226074
  0
VERTEX
  8
1
  10
-61512.636719
  20
1662.661591
  0
VERTEX
  8
1
  10
-61511.386719
  20
1661.173859
  0
VERTEX
  8
1
  10
-61510.107422
  20
1659.765778
  0
VERTEX
  8
1
  10
-61508.789063
  20
1658.440399
  0
VERTEX
  8
1
  10
-61507.441406
  20
1657.199402
  0
VERTEX
  8
1
  10
-61506.245117
  20
1656.192780
  0
VERTEX
  8
1
  10
-61504.516602
  20
1654.882507
  0
VERTEX
  8
1
  10
-61502.988281
  20
1653.846130
  0
VERTEX
  8
1
  10
-61501.386719
  20
1652.857666
  0
VERTEX
  8
1
  10
-61499.711914
  20
1651.915741
  0
VERTEX
  8
1
  10
-61497.963867
  20
1651.018829
  0
VERTEX
  8
1
  10
-61495.771484
  20
1650.000000
  0
VERTEX
  8
1
  10
-61493.486328
  20
1649.041443
  0
VERTEX
  8
1
  10
-61491.113281
  20
1648.140564
  0
VERTEX
  8
1
  10
-61488.657227
  20
1647.293854
  0
VERTEX
  8
1
  10
-61485.703125
  20
1646.369629
  0
VERTEX
  8
1
  10
-61482.661133
  20
1645.506897
  0
VERTEX
  8
1
  10
-61479.096680
  20
1644.586334
  0
VERTEX
  8
1
  10
-61474.995117
  20
1643.618164
  0
VERTEX
  8
1
  10
-61469.809570
  20
1642.485657
  0
VERTEX
  8
1
  10
-61463.847656
  20
1641.273041
  0
VERTEX
  8
1
  10
-61457.641602
  20
1640.096741
  0
VERTEX
  8
1
  10
-61451.000977
  20
1638.925476
  0
VERTEX
  8
1
  10
-61444.379883
  20
1637.838898
  0
VERTEX
  8
1
  10
-61437.705078
  20
1636.824799
  0
VERTEX
  8
1
  10
-61430.405273
  20
1635.783997
  0
VERTEX
  8
1
  10
-61418.774414
  20
1634.089966
  0
VERTEX
  8
1
  10
-61423.544922
  20
1621.997833
  0
VERTEX
  8
1
  10
-61427.670898
  20
1611.600647
  0
VERTEX
  8
1
  10
-61431.401367
  20
1602.032776
  0
VERTEX
  8
1
  10
-61432.934570
  20
1598.016205
  0
VERTEX
  8
1
  10
-61434.868164
  20
1592.948914
  0
VERTEX
  8
1
  10
-61438.173828
  20
1584.050293
  0
VERTEX
  8
1
  10
-61441.523438
  20
1574.794464
  0
VERTEX
  8
1
  10
-61444.863281
  20
1565.330811
  0
VERTEX
  8
1
  10
-61448.183594
  20
1555.691376
  0
VERTEX
  8
1
  10
-61451.430664
  20
1546.032867
  0
VERTEX
  8
1
  10
-61454.599609
  20
1536.354218
  0
VERTEX
  8
1
  10
-61457.548828
  20
1527.087097
  0
VERTEX
  8
1
  10
-61460.356445
  20
1518.013306
  0
VERTEX
  8
1
  10
-61463.076172
  20
1508.918762
  0
VERTEX
  8
1
  10
-61465.639648
  20
1500.090027
  0
VERTEX
  8
1
  10
-61468.012695
  20
1491.611176
  0
VERTEX
  8
1
  10
-61470.219727
  20
1483.444366
  0
VERTEX
  8
1
  10
-61472.343750
  20
1475.263214
  0
VERTEX
  8
1
  10
-61474.306641
  20
1467.372894
  0
VERTEX
  8
1
  10
-61476.181641
  20
1459.484253
  0
VERTEX
  8
1
  10
-61477.978516
  20
1451.573944
  0
VERTEX
  8
1
  10
-61479.770508
  20
1443.312531
  0
VERTEX
  8
1
  10
-61481.308594
  20
1435.858612
  0
VERTEX
  8
1
  10
-61481.479492
  20
1435.030365
  0
VERTEX
  8
1
  10
-61483.168945
  20
1426.422577
  0
VERTEX
  8
1
  10
-61484.780273
  20
1417.769470
  0
VERTEX
  8
1
  10
-61486.318359
  20
1409.097900
  0
VERTEX
  8
1
  10
-61487.832031
  20
1400.074768
  0
VERTEX
  8
1
  10
-61489.267578
  20
1391.012115
  0
VERTEX
  8
1
  10
-61490.673828
  20
1381.620636
  0
VERTEX
  8
1
  10
-61492.050781
  20
1371.876984
  0
VERTEX
  8
1
  10
-61493.374023
  20
1361.896362
  0
VERTEX
  8
1
  10
-61494.633789
  20
1351.785889
  0
VERTEX
  8
1
  10
-61495.810547
  20
1341.661835
  0
VERTEX
  8
1
  10
-61496.894531
  20
1331.751251
  0
VERTEX
  8
1
  10
-61497.934570
  20
1321.602173
  0
VERTEX
  8
1
  10
-61498.906250
  20
1311.440430
  0
VERTEX
  8
1
  10
-61499.824219
  20
1301.266479
  0
VERTEX
  8
1
  10
-61500.688477
  20
1291.021118
  0
VERTEX
  8
1
  10
-61501.494141
  20
1280.842285
  0
VERTEX
  8
1
  10
-61502.231445
  20
1270.664902
  0
VERTEX
  8
1
  10
-61502.890625
  20
1260.797653
  0
VERTEX
  8
1
  10
-61503.012695
  20
1258.867493
  0
VERTEX
  8
1
  10
-61504.008789
  20
1258.930283
  0
VERTEX
  8
1
  10
-61504.008789
  20
1258.925018
  0
VERTEX
  8
1
  10
-61504.667969
  20
1248.425674
  0
VERTEX
  8
1
  10
-61505.283203
  20
1238.237762
  0
VERTEX
  8
1
  10
-61505.864258
  20
1228.099442
  0
VERTEX
  8
1
  10
-61506.396484
  20
1218.083496
  0
VERTEX
  8
1
  10
-61506.889648
  20
1208.059387
  0
VERTEX
  8
1
  10
-61507.353516
  20
1198.028107
  0
VERTEX
  8
1
  10
-61507.797852
  20
1187.700043
  0
VERTEX
  8
1
  10
-61508.208008
  20
1177.659607
  0
VERTEX
  8
1
  10
-61508.593750
  20
1167.616806
  0
VERTEX
  8
1
  10
-61508.959961
  20
1157.564774
  0
VERTEX
  8
1
  10
-61509.306641
  20
1147.517014
  0
VERTEX
  8
1
  10
-61509.638672
  20
1137.466583
  0
VERTEX
  8
1
  10
-61509.951172
  20
1127.407837
  0
VERTEX
  8
1
  10
-61510.253906
  20
1117.354279
  0
VERTEX
  8
1
  10
-61510.537109
  20
1107.300949
  0
VERTEX
  8
1
  10
-61510.810547
  20
1097.247772
  0
VERTEX
  8
1
  10
-61511.069336
  20
1086.970673
  0
VERTEX
  8
1
  10
-61511.313477
  20
1076.915512
  0
VERTEX
  8
1
  10
-61511.538086
  20
1066.859131
  0
VERTEX
  8
1
  10
-61511.752930
  20
1056.789398
  0
VERTEX
  8
1
  10
-61511.953125
  20
1046.731796
  0
VERTEX
  8
1
  10
-61512.143555
  20
1036.674042
  0
VERTEX
  8
1
  10
-61512.324219
  20
1026.601563
  0
VERTEX
  8
1
  10
-61512.485352
  20
1016.543503
  0
VERTEX
  8
1
  10
-61512.636719
  20
1006.485214
  0
VERTEX
  8
1
  10
-61512.778320
  20
996.410522
  0
VERTEX
  8
1
  10
-61512.905273
  20
986.351471
  0
VERTEX
  8
1
  10
-61513.017578
  20
976.291656
  0
VERTEX
  8
1
  10
-61513.125000
  20
966.214905
  0
VERTEX
  8
1
  10
-61513.217773
  20
956.153641
  0
VERTEX
  8
1
  10
-61513.300781
  20
946.091537
  0
VERTEX
  8
1
  10
-61513.374023
  20
936.028671
  0
VERTEX
  8
1
  10
-61513.437500
  20
925.997467
  0
VERTEX
  8
1
  10
-61513.496094
  20
915.933151
  0
VERTEX
  8
1
  10
-61513.544922
  20
905.868073
  0
VERTEX
  8
1
  10
-61513.588867
  20
895.558929
  0
VERTEX
  8
1
  10
-61513.623047
  20
885.494232
  0
VERTEX
  8
1
  10
-61513.652344
  20
875.430298
  0
VERTEX
  8
1
  10
-61513.671875
  20
865.252151
  0
VERTEX
  8
1
  10
-61513.686523
  20
855.139923
  0
VERTEX
  8
1
  10
-61513.691406
  20
845.068436
  0
VERTEX
  8
1
  10
-61513.691406
  20
835.006104
  0
VERTEX
  8
1
  10
-61513.691406
  20
830.435181
  0
VERTEX
  8
1
  10
-61513.691406
  20
825.864258
  0
VERTEX
  8
1
  10
-61513.691406
  20
815.801926
  0
VERTEX
  8
1
  10
-61513.686523
  20
805.730438
  0
VERTEX
  8
1
  10
-61513.671875
  20
795.618210
  0
VERTEX
  8
1
  10
-61513.671875
  20
795.435181
  0
VERTEX
  8
1
  10
-61534.228516
  20
795.435181
  0
VERTEX
  8
1
  10
-61544.614258
  20
795.435181
  0
VERTEX
  8
1
  10
-61554.780273
  20
795.435181
  0
VERTEX
  8
1
  10
-61565.126953
  20
795.435181
  0
VERTEX
  8
1
  10
-61575.336914
  20
795.435181
  0
VERTEX
  8
1
  10
-61585.541992
  20
795.435181
  0
VERTEX
  8
1
  10
-61595.766602
  20
795.435181
  0
VERTEX
  8
1
  10
-61605.976563
  20
795.435181
  0
VERTEX
  8
1
  10
-61616.181641
  20
795.435181
  0
VERTEX
  8
1
  10
-61626.386719
  20
795.435181
  0
VERTEX
  8
1
  10
-61636.650391
  20
795.435181
  0
VERTEX
  8
1
  10
-61646.855469
  20
795.435181
  0
VERTEX
  8
1
  10
-61657.065430
  20
795.435181
  0
VERTEX
  8
1
  10
-61667.270508
  20
795.435181
  0
VERTEX
  8
1
  10
-61677.460938
  20
795.435181
  0
VERTEX
  8
1
  10
-61687.670898
  20
795.435181
  0
VERTEX
  8
1
  10
-61697.875977
  20
795.435181
  0
VERTEX
  8
1
  10
-61708.178711
  20
795.435181
  0
VERTEX
  8
1
  10
-61718.383789
  20
795.435181
  0
VERTEX
  8
1
  10
-61728.593750
  20
795.435181
  0
VERTEX
  8
1
  10
-61738.662109
  20
795.435181
  0
VERTEX
  8
1
  10
-61748.754883
  20
795.435181
  0
SEQEND
  8
1
  0
POINT
  8
2
 10
-61762.382813
 20
795.435181
  0
TEXT
  8
2
 10
-61762.382813
 20
795.435181
 40
0.000000
 50
0.000000
  1
# 318
  0
POINT
  8
2
 10
-61762.412109
 20
830.435181
  0
TEXT
  8
2
 10
-61762.412109
 20
830.435181
 40
0.000000
 50
0.000000
  1
# 319
  0
POINT
  8
2
 10
-61775.693359
 20
1258.696976
  0
TEXT
  8
2
 10
-61775.693359
 20
1258.696976
 40
0.000000
 50
0.000000
  1
# 320
  0
POINT
  8
2
 10
-61776.689453
 20
1258.610764
  0
TEXT
  8
2
 10
-61776.689453
 20
1258.610764
 40
0.000000
 50
0.000000
  1
# 321
  0
POINT
  8
2
 10
-61829.736328
 20
1610.099792
  0
TEXT
  8
2
 10
-61829.736328
 20
1610.099792
 40
0.000000
 50
0.000000
  1
# 322
  0
POINT
  8
2
 10
-61868.676758
 20
1871.126099
  0
TEXT
  8
2
 10
-61868.676758
 20
1871.126099
 40
0.000000
 50
0.000000
  1
# 323
  0
POINT
  8
2
 10
-61739.951172
 20
1915.619659
  0
TEXT
  8
2
 10
-61739.951172
 20
1915.619659
 40
0.000000
 50
0.000000
  1
# 324
  0
POINT
  8
2
 10
-61725.268555
 20
1921.677856
  0
TEXT
  8
2
 10
-61725.268555
 20
1921.677856
 40
0.000000
 50
0.000000
  1
# 325
  0
POINT
  8
2
 10
-61709.472656
 20
1922.379303
  0
TEXT
  8
2
 10
-61709.472656
 20
1922.379303
 40
0.000000
 50
0.000000
  1
# 326
  0
POINT
  8
2
 10
-61582.753906
 20
1933.908844
  0
TEXT
  8
2
 10
-61582.753906
 20
1933.908844
 40
0.000000
 50
0.000000
  1
# 327
  0
POINT
  8
2
 10
-61418.774414
 20
1634.089966
  0
TEXT
  8
2
 10
-61418.774414
 20
1634.089966
 40
0.000000
 50
0.000000
  1
# 328
  0
POINT
  8
2
 10
-61503.012695
 20
1258.867493
  0
TEXT
  8
2
 10
-61503.012695
 20
1258.867493
 40
0.000000
 50
0.000000
  1
# 329
  0
POINT
  8
2
 10
-61504.008789
 20
1258.930283
  0
TEXT
  8
2
 10
-61504.008789
 20
1258.930283
 40
0.000000
 50
0.000000
  1
# 330
  0
POINT
  8
2
 10
-61513.691406
 20
830.435181
  0
TEXT
  8
2
 10
-61513.691406
 20
830.435181
 40
0.000000
 50
0.000000
  1
# 331
  0
POINT
  8
2
 10
-61513.671875
 20
795.435181
  0
TEXT
  8
2
 10
-61513.671875
 20
795.435181
 40
0.000000
 50
0.000000
  1
# 332
  0
POINT
  8
3
 10
-61762.377930
 20
799.544830
  0
POINT
  8
3
 10
-61762.382813
 20
809.712601
  0
POINT
  8
3
 10
-61762.392578
 20
819.915237
  0
POINT
  8
3
 10
-61762.392578
 20
840.955124
  0
POINT
  8
3
 10
-61762.382813
 20
851.157761
  0
POINT
  8
3
 10
-61762.377930
 20
861.325531
  0
POINT
  8
3
 10
-61762.387695
 20
871.571732
  0
POINT
  8
3
 10
-61762.407227
 20
881.630020
  0
POINT
  8
3
 10
-61762.436523
 20
891.688843
  0
POINT
  8
3
 10
-61762.480469
 20
901.869965
  0
POINT
  8
3
 10
-61762.534180
 20
911.929092
  0
POINT
  8
3
 10
-61762.597656
 20
921.987915
  0
POINT
  8
3
 10
-61762.670898
 20
932.349319
  0
POINT
  8
3
 10
-61762.758789
 20
942.407227
  0
POINT
  8
3
 10
-61762.851563
 20
952.464294
  0
POINT
  8
3
 10
-61762.968750
 20
962.819366
  0
POINT
  8
3
 10
-61763.090820
 20
972.874756
  0
POINT
  8
3
 10
-61763.227539
 20
982.929230
  0
POINT
  8
3
 10
-61763.378906
 20
992.982788
  0
POINT
  8
3
 10
-61763.544922
 20
1003.168106
  0
POINT
  8
3
 10
-61763.730469
 20
1013.220062
  0
POINT
  8
3
 10
-61763.930664
 20
1023.271255
  0
POINT
  8
3
 10
-61764.150391
 20
1033.498154
  0
POINT
  8
3
 10
-61764.384766
 20
1043.546448
  0
POINT
  8
3
 10
-61764.638672
 20
1053.592758
  0
POINT
  8
3
 10
-61764.814453
 20
1060.141678
  0
POINT
  8
3
 10
-61764.916992
 20
1063.845673
  0
POINT
  8
3
 10
-61765.214844
 20
1073.889084
  0
POINT
  8
3
 10
-61765.532227
 20
1083.931274
  0
POINT
  8
3
 10
-61765.883789
 20
1094.138565
  0
POINT
  8
3
 10
-61766.245117
 20
1104.177551
  0
POINT
  8
3
 10
-61766.635742
 20
1114.214096
  0
POINT
  8
3
 10
-61767.060547
 20
1124.413834
  0
POINT
  8
3
 10
-61767.504883
 20
1134.445496
  0
POINT
  8
3
 10
-61767.978516
 20
1144.474411
  0
POINT
  8
3
 10
-61768.481445
 20
1154.500580
  0
POINT
  8
3
 10
-61769.023438
 20
1164.688492
  0
POINT
  8
3
 10
-61769.589844
 20
1174.711304
  0
POINT
  8
3
 10
-61770.190430
 20
1184.732895
  0
POINT
  8
3
 10
-61770.825195
 20
1194.913177
  0
POINT
  8
3
 10
-61771.489258
 20
1204.925003
  0
POINT
  8
3
 10
-61772.187500
 20
1214.929123
  0
POINT
  8
3
 10
-61772.944336
 20
1225.127335
  0
POINT
  8
3
 10
-61773.730469
 20
1235.143738
  0
POINT
  8
3
 10
-61774.536133
 20
1245.051651
  0
POINT
  8
3
 10
-61775.371094
 20
1254.930191
  0
POINT
  8
3
 10
-61775.693359
 20
1258.695908
  0
POINT
  8
3
 10
-61777.626953
 20
1268.874359
  0
POINT
  8
3
 10
-61778.569336
 20
1278.859940
  0
POINT
  8
3
 10
-61779.545898
 20
1288.854065
  0
POINT
  8
3
 10
-61780.581055
 20
1299.017181
  0
POINT
  8
3
 10
-61781.660156
 20
1309.192352
  0
POINT
  8
3
 10
-61782.792969
 20
1319.364319
  0
POINT
  8
3
 10
-61783.969727
 20
1329.577026
  0
POINT
  8
3
 10
-61785.180664
 20
1339.742584
  0
POINT
  8
3
 10
-61786.435547
 20
1349.905243
  0
POINT
  8
3
 10
-61787.700195
 20
1359.833069
  0
POINT
  8
3
 10
-61789.033203
 20
1369.984894
  0
POINT
  8
3
 10
-61790.405273
 20
1380.130157
  0
POINT
  8
3
 10
-61791.787109
 20
1390.043335
  0
POINT
  8
3
 10
-61793.237305
 20
1400.178986
  0
POINT
  8
3
 10
-61794.731445
 20
1410.310669
  0
POINT
  8
3
 10
-61796.225586
 20
1420.210724
  0
POINT
  8
3
 10
-61797.792969
 20
1430.330658
  0
POINT
  8
3
 10
-61799.394531
 20
1440.443420
  0
POINT
  8
3
 10
-61801.000977
 20
1450.304108
  0
POINT
  8
3
 10
-61802.680664
 20
1460.409546
  0
POINT
  8
3
 10
-61804.394531
 20
1470.512848
  0
POINT
  8
3
 10
-61806.103516
 20
1480.386810
  0
POINT
  8
3
 10
-61807.875977
 20
1490.486145
  0
POINT
  8
3
 10
-61809.672852
 20
1500.583954
  0
POINT
  8
3
 10
-61811.479492
 20
1510.603943
  0
POINT
  8
3
 10
-61813.315430
 20
1520.703735
  0
POINT
  8
3
 10
-61815.166016
 20
1530.806580
  0
POINT
  8
3
 10
-61816.987305
 20
1540.681305
  0
POINT
  8
3
 10
-61818.852539
 20
1550.787201
  0
POINT
  8
3
 10
-61820.722656
 20
1560.894470
  0
POINT
  8
3
 10
-61822.553711
 20
1570.773010
  0
POINT
  8
3
 10
-61824.423828
 20
1580.893097
  0
POINT
  8
3
 10
-61826.225586
 20
1590.727692
  0
POINT
  8
3
 10
-61828.095703
 20
1601.019135
  0
POINT
  8
3
 10
-61831.606445
 20
1620.362549
  0
POINT
  8
3
 10
-61833.422852
 20
1630.427704
  0
POINT
  8
3
 10
-61835.180664
 20
1640.336914
  0
POINT
  8
3
 10
-61836.938477
 20
1650.407867
  0
POINT
  8
3
 10
-61838.666992
 20
1660.513458
  0
POINT
  8
3
 10
-61840.361328
 20
1670.623779
  0
POINT
  8
3
 10
-61842.031250
 20
1680.794983
  0
POINT
  8
3
 10
-61842.592773
 20
1684.284668
  0
POINT
  8
3
 10
-61843.662109
 20
1690.911407
  0
POINT
  8
3
 10
-61845.263672
 20
1701.029968
  0
POINT
  8
3
 10
-61846.831055
 20
1711.127167
  0
POINT
  8
3
 10
-61848.383789
 20
1721.251678
  0
POINT
  8
3
 10
-61849.907227
 20
1731.379395
  0
POINT
  8
3
 10
-61851.416016
 20
1741.568298
  0
POINT
  8
3
 10
-61852.895508
 20
1751.701355
  0
POINT
  8
3
 10
-61854.345703
 20
1761.837006
  0
POINT
  8
3
 10
-61855.795898
 20
1772.089691
  0
POINT
  8
3
 10
-61857.207031
 20
1782.228851
  0
POINT
  8
3
 10
-61858.598633
 20
1792.369080
  0
POINT
  8
3
 10
-61859.960938
 20
1802.412262
  0
POINT
  8
3
 10
-61861.313477
 20
1812.563171
  0
POINT
  8
3
 10
-61862.641602
 20
1822.721558
  0
POINT
  8
3
 10
-61863.945313
 20
1832.911835
  0
POINT
  8
3
 10
-61865.224609
 20
1843.078461
  0
POINT
  8
3
 10
-61866.479492
 20
1853.179779
  0
POINT
  8
3
 10
-61867.622070
 20
1862.556000
  0
POINT
  8
3
 10
-61859.414063
 20
1873.926697
  0
POINT
  8
3
 10
-61849.731445
 20
1876.839600
  0
POINT
  8
3
 10
-61840.078125
 20
1879.798889
  0
POINT
  8
3
 10
-61830.322266
 20
1882.861023
  0
POINT
  8
3
 10
-61821.201172
 20
1885.808411
  0
POINT
  8
3
 10
-61811.489258
 20
1889.034424
  0
POINT
  8
3
 10
-61801.791992
 20
1892.335815
  0
POINT
  8
3
 10
-61792.163086
 20
1895.684814
  0
POINT
  8
3
 10
-61782.529297
 20
1899.119720
  0
POINT
  8
3
 10
-61773.876953
 20
1902.288055
  0
POINT
  8
3
 10
-61765.820313
 20
1905.321960
  0
POINT
  8
3
 10
-61757.915039
 20
1908.388214
  0
POINT
  8
3
 10
-61748.891602
 20
1911.981354
  0
POINT
  8
3
 10
-61739.931641
 20
1915.628204
  0
POINT
  8
3
 10
-61730.556641
 20
1919.488831
  0
POINT
  8
3
 10
-61719.541016
 20
1921.926880
  0
POINT
  8
3
 10
-61709.580078
 20
1922.374420
  0
POINT
  8
3
 10
-61699.160156
 20
1923.072205
  0
POINT
  8
3
 10
-61688.818359
 20
1923.788910
  0
POINT
  8
3
 10
-61678.461914
 20
1924.528198
  0
POINT
  8
3
 10
-61668.413086
 20
1925.270844
  0
POINT
  8
3
 10
-61658.442383
 20
1926.039886
  0
POINT
  8
3
 10
-61648.320313
 20
1926.863861
  0
POINT
  8
3
 10
-61638.212891
 20
1927.741699
  0
POINT
  8
3
 10
-61628.120117
 20
1928.684387
  0
POINT
  8
3
 10
-61618.051758
 20
1929.702911
  0
POINT
  8
3
 10
-61608.481445
 20
1930.753632
  0
POINT
  8
3
 10
-61599.409180
 20
1931.833191
  0
POINT
  8
3
 10
-61591.879883
 20
1932.781219
  0
POINT
  8
3
 10
-61580.615234
 20
1924.902191
  0
POINT
  8
3
 10
-61578.281250
 20
1915.072479
  0
POINT
  8
3
 10
-61575.917969
 20
1905.108795
  0
POINT
  8
3
 10
-61573.559570
 20
1895.158691
  0
POINT
  8
3
 10
-61571.196289
 20
1885.152740
  0
POINT
  8
3
 10
-61568.784180
 20
1874.932861
  0
POINT
  8
3
 10
-61566.489258
 20
1865.174255
  0
POINT
  8
3
 10
-61564.204102
 20
1855.411682
  0
POINT
  8
3
 10
-61561.923828
 20
1845.644836
  0
POINT
  8
3
 10
-61559.604492
 20
1835.643311
  0
POINT
  8
3
 10
-61557.348633
 20
1825.868530
  0
POINT
  8
3
 10
-61555.107422
 20
1816.090393
  0
POINT
  8
3
 10
-61552.875977
 20
1806.309662
  0
POINT
  8
3
 10
-61550.615234
 20
1796.295776
  0
POINT
  8
3
 10
-61548.417969
 20
1786.505737
  0
POINT
  8
3
 10
-61546.235352
 20
1776.706848
  0
POINT
  8
3
 10
-61544.077148
 20
1766.896057
  0
POINT
  8
3
 10
-61541.884766
 20
1756.840515
  0
POINT
  8
3
 10
-61539.770508
 20
1747.012177
  0
POINT
  8
3
 10
-61537.675781
 20
1737.189636
  0
POINT
  8
3
 10
-61535.610352
 20
1727.383118
  0
POINT
  8
3
 10
-61533.520508
 20
1717.416534
  0
POINT
  8
3
 10
-61532.031250
 20
1710.599060
  0
POINT
  8
3
 10
-61530.776367
 20
1705.232544
  0
POINT
  8
3
 10
-61529.663086
 20
1700.819550
  0
POINT
  8
3
 10
-61528.588867
 20
1696.892853
  0
POINT
  8
3
 10
-61527.431641
 20
1693.007660
  0
POINT
  8
3
 10
-61526.328125
 20
1689.587708
  0
POINT
  8
3
 10
-61525.141602
 20
1686.197662
  0
POINT
  8
3
 10
-61523.959961
 20
1683.094635
  0
POINT
  8
3
 10
-61522.768555
 20
1680.198822
  0
POINT
  8
3
 10
-61521.508789
 20
1677.360229
  0
POINT
  8
3
 10
-61520.366211
 20
1674.984283
  0
POINT
  8
3
 10
-61519.169922
 20
1672.671051
  0
POINT
  8
3
 10
-61517.919922
 20
1670.429840
  0
POINT
  8
3
 10
-61516.616211
 20
1668.269653
  0
POINT
  8
3
 10
-61515.258789
 20
1666.199036
  0
POINT
  8
3
 10
-61513.852539
 20
1664.226074
  0
POINT
  8
3
 10
-61512.636719
 20
1662.661591
  0
POINT
  8
3
 10
-61511.386719
 20
1661.173859
  0
POINT
  8
3
 10
-61510.107422
 20
1659.765778
  0
POINT
  8
3
 10
-61508.789063
 20
1658.440399
  0
POINT
  8
3
 10
-61507.441406
 20
1657.199402
  0
POINT
  8
3
 10
-61506.245117
 20
1656.192780
  0
POINT
  8
3
 10
-61504.516602
 20
1654.882507
  0
POINT
  8
3
 10
-61502.988281
 20
1653.846130
  0
POINT
  8
3
 10
-61501.386719
 20
1652.857666
  0
POINT
  8
3
 10
-61499.711914
 20
1651.915741
  0
POINT
  8
3
 10
-61497.963867
 20
1651.018829
  0
POINT
  8
3
 10
-61495.771484
 20
1650.000000
  0
POINT
  8
3
 10
-61493.486328
 20
1649.041443
  0
POINT
  8
3
 10
-61491.113281
 20
1648.140564
  0
POINT
  8
3
 10
-61488.657227
 20
1647.293854
  0
POINT
  8
3
 10
-61485.703125
 20
1646.369629
  0
POINT
  8
3
 10
-61482.661133
 20
1645.506897
  0
POINT
  8
3
 10
-61479.096680
 20
1644.586334
  0
POINT
  8
3
 10
-61474.995117
 20
1643.618164
  0
POINT
  8
3
 10
-61469.809570
 20
1642.485657
  0
POINT
  8
3
 10
-61463.847656
 20
1641.273041
  0
POINT
  8
3
 10
-61457.641602
 20
1640.096741
  0
POINT
  8
3
 10
-61451.000977
 20
1638.925476
  0
POINT
  8
3
 10
-61444.379883
 20
1637.838898
  0
POINT
  8
3
 10
-61437.705078
 20
1636.824799
  0
POINT
  8
3
 10
-61430.405273
 20
1635.783997
  0
POINT
  8
3
 10
-61423.544922
 20
1621.997833
  0
POINT
  8
3
 10
-61427.670898
 20
1611.600647
  0
POINT
  8
3
 10
-61431.401367
 20
1602.032776
  0
POINT
  8
3
 10
-61432.934570
 20
1598.016205
  0
POINT
  8
3
 10
-61434.868164
 20
1592.948914
  0
POINT
  8
3
 10
-61438.173828
 20
1584.050293
  0
POINT
  8
3
 10
-61441.523438
 20
1574.794464
  0
POINT
  8
3
 10
-61444.863281
 20
1565.330811
  0
POINT
  8
3
 10
-61448.183594
 20
1555.691376
  0
POINT
  8
3
 10
-61451.430664
 20
1546.032867
  0
POINT
  8
3
 10
-61454.599609
 20
1536.354218
  0
POINT
  8
3
 10
-61457.548828
 20
1527.087097
  0
POINT
  8
3
 10
-61460.356445
 20
1518.013306
  0
POINT
  8
3
 10
-61463.076172
 20
1508.918762
  0
POINT
  8
3
 10
-61465.639648
 20
1500.090027
  0
POINT
  8
3
 10
-61468.012695
 20
1491.611176
  0
POINT
  8
3
 10
-61470.219727
 20
1483.444366
  0
POINT
  8
3
 10
-61472.343750
 20
1475.263214
  0
POINT
  8
3
 10
-61474.306641
 20
1467.372894
  0
POINT
  8
3
 10
-61476.181641
 20
1459.484253
  0
POINT
  8
3
 10
-61477.978516
 20
1451.573944
  0
POINT
  8
3
 10
-61479.770508
 20
1443.312531
  0
POINT
  8
3
 10
-61481.308594
 20
1435.858612
  0
POINT
  8
3
 10
-61481.479492
 20
1435.030365
  0
POINT
  8
3
 10
-61483.168945
 20
1426.422577
  0
POINT
  8
3
 10
-61484.780273
 20
1417.769470
  0
POINT
  8
3
 10
-61486.318359
 20
1409.097900
  0
POINT
  8
3
 10
-61487.832031
 20
1400.074768
  0
POINT
  8
3
 10
-61489.267578
 20
1391.012115
  0
POINT
  8
3
 10
-61490.673828
 20
1381.620636
  0
POINT
  8
3
 10
-61492.050781
 20
1371.876984
  0
POINT
  8
3
 10
-61493.374023
 20
1361.896362
  0
POINT
  8
3
 10
-61494.633789
 20
1351.785889
  0
POINT
  8
3
 10
-61495.810547
 20
1341.661835
  0
POINT
  8
3
 10
-61496.894531
 20
1331.751251
  0
POINT
  8
3
 10
-61497.934570
 20
1321.602173
  0
POINT
  8
3
 10
-61498.906250
 20
1311.440430
  0
POINT
  8
3
 10
-61499.824219
 20
1301.266479
  0
POINT
  8
3
 10
-61500.688477
 20
1291.021118
  0
POINT
  8
3
 10
-61501.494141
 20
1280.842285
  0
POINT
  8
3
 10
-61502.231445
 20
1270.664902
  0
POINT
  8
3
 10
-61502.890625
 20
1260.797653
  0
POINT
  8
3
 10
-61504.008789
 20
1258.925018
  0
POINT
  8
3
 10
-61504.667969
 20
1248.425674
  0
POINT
  8
3
 10
-61505.283203
 20
1238.237762
  0
POINT
  8
3
 10
-61505.864258
 20
1228.099442
  0
POINT
  8
3
 10
-61506.396484
 20
1218.083496
  0
POINT
  8
3
 10
-61506.889648
 20
1208.059387
  0
POINT
  8
3
 10
-61507.353516
 20
1198.028107
  0
POINT
  8
3
 10
-61507.797852
 20
1187.700043
  0
POINT
  8
3
 10
-61508.208008
 20
1177.659607
  0
POINT
  8
3
 10
-61508.593750
 20
1167.616806
  0
POINT
  8
3
 10
-61508.959961
 20
1157.564774
  0
POINT
  8
3
 10
-61509.306641
 20
1147.517014
  0
POINT
  8
3
 10
-61509.638672
 20
1137.466583
  0
POINT
  8
3
 10
-61509.951172
 20
1127.407837
  0
POINT
  8
3
 10
-61510.253906
 20
1117.354279
  0
POINT
  8
3
 10
-61510.537109
 20
1107.300949
  0
POINT
  8
3
 10
-61510.810547
 20
1097.247772
  0
POINT
  8
3
 10
-61511.069336
 20
1086.970673
  0
POINT
  8
3
 10
-61511.313477
 20
1076.915512
  0
POINT
  8
3
 10
-61511.538086
 20
1066.859131
  0
POINT
  8
3
 10
-61511.752930
 20
1056.789398
  0
POINT
  8
3
 10
-61511.953125
 20
1046.731796
  0
POINT
  8
3
 10
-61512.143555
 20
1036.674042
  0
POINT
  8
3
 10
-61512.324219
 20
1026.601563
  0
POINT
  8
3
 10
-61512.485352
 20
1016.543503
  0
POINT
  8
3
 10
-61512.636719
 20
1006.485214
  0
POINT
  8
3
 10
-61512.778320
 20
996.410522
  0
POINT
  8
3
 10
-61512.905273
 20
986.351471
  0
POINT
  8
3
 10
-61513.017578
 20
976.291656
  0
POINT
  8
3
 10
-61513.125000
 20
966.214905
  0
POINT
  8
3
 10
-61513.217773
 20
956.153641
  0
POINT
  8
3
 10
-61513.300781
 20
946.091537
  0
POINT
  8
3
 10
-61513.374023
 20
936.028671
  0
POINT
  8
3
 10
-61513.437500
 20
925.997467
  0
POINT
  8
3
 10
-61513.496094
 20
915.933151
  0
POINT
  8
3
 10
-61513.544922
 20
905.868073
  0
POINT
  8
3
 10
-61513.588867
 20
895.558929
  0
POINT
  8
3
 10
-61513.623047
 20
885.494232
  0
POINT
  8
3
 10
-61513.652344
 20
875.430298
  0
POINT
  8
3
 10
-61513.671875
 20
865.252151
  0
POINT
  8
3
 10
-61513.686523
 20
855.139923
  0
POINT
  8
3
 10
-61513.691406
 20
845.068436
  0
POINT
  8
3
 10
-61513.691406
 20
835.006104
  0
POINT
  8
3
 10
-61513.691406
 20
825.864258
  0
POINT
  8
3
 10
-61513.691406
 20
815.801926
  0
POINT
  8
3
 10
-61513.686523
 20
805.730438
  0
POINT
  8
3
 10
-61513.671875
 20
795.618210
  0
POINT
  8
3
 10
-61534.228516
 20
795.435181
  0
POINT
  8
3
 10
-61544.614258
 20
795.435181
  0
POINT
  8
3
 10
-61554.780273
 20
795.435181
  0
POINT
  8
3
 10
-61565.126953
 20
795.435181
  0
POINT
  8
3
 10
-61575.336914
 20
795.435181
  0
POINT
  8
3
 10
-61585.541992
 20
795.435181
  0
POINT
  8
3
 10
-61595.766602
 20
795.435181
  0
POINT
  8
3
 10
-61605.976563
 20
795.435181
  0
POINT
  8
3
 10
-61616.181641
 20
795.435181
  0
POINT
  8
3
 10
-61626.386719
 20
795.435181
  0
POINT
  8
3
 10
-61636.650391
 20
795.435181
  0
POINT
  8
3
 10
-61646.855469
 20
795.435181
  0
POINT
  8
3
 10
-61657.065430
 20
795.435181
  0
POINT
  8
3
 10
-61667.270508
 20
795.435181
  0
POINT
  8
3
 10
-61677.460938
 20
795.435181
  0
POINT
  8
3
 10
-61687.670898
 20
795.435181
  0
POINT
  8
3
 10
-61697.875977
 20
795.435181
  0
POINT
  8
3
 10
-61708.178711
 20
795.435181
  0
POINT
  8
3
 10
-61718.383789
 20
795.435181
  0
POINT
  8
3
 10
-61728.593750
 20
795.435181
  0
POINT
  8
3
 10
-61738.662109
 20
795.435181
  0
POINT
  8
3
 10
-61748.754883
 20
795.435181
  0
POINT
  8
4
 10
-61764.814453
 20
1060.141678
 30
1.000000
 50
  1.57
  0
TEXT
  8
4
 10
-61764.814453
 20
1060.141678
 40
0.000000
 50
0.000000
  1
# 333
  0
POINT
  8
4
 10
-61775.693359
 20
1258.695908
 30
1.000000
 50
  4.94
  0
TEXT
  8
4
 10
-61775.693359
 20
1258.695908
 40
0.000000
 50
0.000000
  1
# 334
  0
POINT
  8
4
 10
-61842.592773
 20
1684.284668
 30
1.000000
 50
  9.15
  0
TEXT
  8
4
 10
-61842.592773
 20
1684.284668
 40
0.000000
 50
0.000000
  1
# 335
  0
POINT
  8
4
 10
-61739.931641
 20
1915.628204
 30
1.000000
 50
292.14
  0
TEXT
  8
4
 10
-61739.931641
 20
1915.628204
 40
0.000000
 50
0.000000
  1
# 336
  0
POINT
  8
4
 10
-61709.580078
 20
1922.374420
 30
1.000000
 50
273.84
  0
TEXT
  8
4
 10
-61709.580078
 20
1922.374420
 40
0.000000
 50
0.000000
  1
# 337
  0
POINT
  8
4
 10
-61432.934570
 20
1598.016205
 30
1.000000
 50
159.11
  0
TEXT
  8
4
 10
-61432.934570
 20
1598.016205
 40
0.000000
 50
0.000000
  1
# 338
  0
POINT
  8
4
 10
-61481.308594
 20
1435.858612
 30
1.000000
 50
168.33
  0
TEXT
  8
4
 10
-61481.308594
 20
1435.858612
 40
0.000000
 50
0.000000
  1
# 339
  0
POINT
  8
4
 10
-61504.008789
 20
1258.925018
 30
1.000000
 50
176.37
  0
TEXT
  8
4
 10
-61504.008789
 20
1258.925018
 40
0.000000
 50
0.000000
  1
# 340
  0
POLYLINE
  8
14
  66
1
  70
1
  0
VERTEX
  8
14
  10
-61752.412109
  20
830.435181
  0
VERTEX
  8
14
  10
-61752.392167
  20
840.940148
  0
VERTEX
  8
14
  10
-61752.380728
  20
851.150520
  0
VERTEX
  8
14
  10
-61752.377976
  20
861.327892
  0
VERTEX
  8
14
  10
-61752.386582
  20
871.586132
  0
VERTEX
  8
14
  10
-61752.406852
  20
881.655738
  0
VERTEX
  8
14
  10
-61752.438237
  20
891.725317
  0
VERTEX
  8
14
  10
-61752.480733
  20
901.916887
  0
VERTEX
  8
14
  10
-61752.533159
  20
911.986362
  0
VERTEX
  8
14
  10
-61752.596133
  20
922.055766
  0
VERTEX
  8
14
  10
-61752.672227
  20
932.428276
  0
VERTEX
  8
14
  10
-61752.757398
  20
942.497534
  0
VERTEX
  8
14
  10
-61752.854376
  20
952.566695
  0
VERTEX
  8
14
  10
-61752.967302
  20
962.934893
  0
VERTEX
  8
14
  10
-61753.090380
  20
973.003793
  0
VERTEX
  8
14
  10
-61753.227419
  20
983.072495
  0
VERTEX
  8
14
  10
-61753.379165
  20
993.141012
  0
VERTEX
  8
14
  10
-61753.548623
  20
1003.342090
  0
VERTEX
  8
14
  10
-61753.731875
  20
1013.410057
  0
VERTEX
  8
14
  10
-61753.931461
  20
1023.477711
  0
VERTEX
  8
14
  10
-61754.151859
  20
1033.722108
  0
VERTEX
  8
14
  10
-61754.386620
  20
1043.789001
  0
VERTEX
  8
14
  10
-61754.640879
  20
1053.855419
  0
VERTEX
  8
14
  10
-61754.819336
  20
1060.415192
  0
VERTEX
  8
14
  10
-61754.922018
  20
1064.130197
  0
VERTEX
  8
14
  10
-61755.219501
  20
1074.195462
  0
VERTEX
  8
14
  10
-61755.539252
  20
1084.260021
  0
VERTEX
  8
14
  10
-61755.887561
  20
1094.490476
  0
VERTEX
  8
14
  10
-61756.253897
  20
1104.553434
  0
VERTEX
  8
14
  10
-61756.645100
  20
1114.615424
  0
VERTEX
  8
14
  10
-61757.069681
  20
1124.842373
  0
VERTEX
  8
14
  10
-61757.515254
  20
1134.902134
  0
VERTEX
  8
14
  10
-61757.989826
  20
1144.960561
  0
VERTEX
  8
14
  10
-61758.494728
  20
1155.017525
  0
VERTEX
  8
14
  10
-61759.040088
  20
1165.237249
  0
VERTEX
  8
14
  10
-61759.608240
  20
1175.290910
  0
VERTEX
  8
14
  10
-61760.207183
  20
1185.342829
  0
VERTEX
  8
14
  10
-61760.847103
  20
1195.554712
  0
VERTEX
  8
14
  10
-61761.510831
  20
1205.602565
  0
VERTEX
  8
14
  10
-61762.213296
  20
1215.647676
  0
VERTEX
  8
14
  10
-61762.974505
  20
1225.890265
  0
VERTEX
  8
14
  10
-61763.761794
  20
1235.941264
  0
VERTEX
  8
14
  10
-61764.571297
  20
1245.877608
  0
VERTEX
  8
14
  10
-61765.406017
  20
1255.784279
  0
VERTEX
  8
14
  10
-61765.732422
  20
1259.557495
  0
VERTEX
  8
14
  10
-61765.732422
  20
1259.558563
  0
VERTEX
  8
14
  10
-61766.675458
  20
1269.890702
  0
VERTEX
  8
14
  10
-61767.619254
  20
1279.908097
  0
VERTEX
  8
14
  10
-61768.597816
  20
1289.943403
  0
VERTEX
  8
14
  10
-61769.638247
  20
1300.157170
  0
VERTEX
  8
14
  10
-61770.726921
  20
1310.381502
  0
VERTEX
  8
14
  10
-61771.860785
  20
1320.600925
  0
VERTEX
  8
14
  10
-61773.043474
  20
1330.859622
  0
VERTEX
  8
14
  10
-61774.263035
  20
1341.069080
  0
VERTEX
  8
14
  10
-61775.522695
  20
1351.273678
  0
VERTEX
  8
14
  10
-61776.791277
  20
1361.242161
  0
VERTEX
  8
14
  10
-61778.128341
  20
1371.436916
  0
VERTEX
  8
14
  10
-61779.506120
  20
1381.626277
  0
VERTEX
  8
14
  10
-61780.893268
  20
1391.582708
  0
VERTEX
  8
14
  10
-61782.352124
  20
1401.760856
  0
VERTEX
  8
14
  10
-61783.849980
  20
1411.933384
  0
VERTEX
  8
14
  10
-61785.350963
  20
1421.873109
  0
VERTEX
  8
14
  10
-61786.924088
  20
1432.034282
  0
VERTEX
  8
14
  10
-61788.536258
  20
1442.189347
  0
VERTEX
  8
14
  10
-61790.146756
  20
1452.089933
  0
VERTEX
  8
14
  10
-61791.833833
  20
1462.232853
  0
VERTEX
  8
14
  10
-61793.554290
  20
1472.370110
  0
VERTEX
  8
14
  10
-61795.265240
  20
1482.274190
  0
VERTEX
  8
14
  10
-61797.042688
  20
1492.401415
  0
VERTEX
  8
14
  10
-61798.844884
  20
1502.524228
  0
VERTEX
  8
14
  10
-61800.654658
  20
1512.565108
  0
VERTEX
  8
14
  10
-61802.495733
  20
1522.680944
  0
VERTEX
  8
14
  10
-61804.349300
  20
1532.794563
  0
VERTEX
  8
14
  10
-61806.168492
  20
1542.676204
  0
VERTEX
  8
14
  10
-61808.035821
  20
1552.787334
  0
VERTEX
  8
14
  10
-61809.907025
  20
1562.897718
  0
VERTEX
  8
14
  10
-61811.736223
  20
1572.774772
  0
VERTEX
  8
14
  10
-61813.603653
  20
1582.885810
  0
VERTEX
  8
14
  10
-61815.405161
  20
1592.704185
  0
VERTEX
  8
14
  10
-61817.273696
  20
1602.979850
  0
VERTEX
  8
14
  10
-61818.916016
  20
1612.072906
  0
VERTEX
  8
14
  10
-61820.785113
  20
1622.323746
  0
VERTEX
  8
14
  10
-61822.593838
  20
1632.365625
  0
VERTEX
  8
14
  10
-61824.348750
  20
1642.244972
  0
VERTEX
  8
14
  10
-61826.098682
  20
1652.279471
  0
VERTEX
  8
14
  10
-61827.819976
  20
1662.348900
  0
VERTEX
  8
14
  10
-61829.507998
  20
1672.423728
  0
VERTEX
  8
14
  10
-61831.172810
  20
1682.560762
  0
VERTEX
  8
14
  10
-61831.733398
  20
1686.034241
  0
VERTEX
  8
14
  10
-61832.797652
  20
1692.645576
  0
VERTEX
  8
14
  10
-61834.394311
  20
1702.735001
  0
VERTEX
  8
14
  10
-61835.961133
  20
1712.804683
  0
VERTEX
  8
14
  10
-61837.506556
  20
1722.902499
  0
VERTEX
  8
14
  10
-61839.027428
  20
1733.004026
  0
VERTEX
  8
14
  10
-61840.532973
  20
1743.167456
  0
VERTEX
  8
14
  10
-61842.006504
  20
1753.275753
  0
VERTEX
  8
14
  10
-61843.457387
  20
1763.387331
  0
VERTEX
  8
14
  10
-61844.902476
  20
1773.616886
  0
VERTEX
  8
14
  10
-61846.310729
  20
1783.734728
  0
VERTEX
  8
14
  10
-61847.700006
  20
1793.855307
  0
VERTEX
  8
14
  10
-61849.057494
  20
1803.878014
  0
VERTEX
  8
14
  10
-61850.407493
  20
1814.004022
  0
VERTEX
  8
14
  10
-61851.732380
  20
1824.133319
  0
VERTEX
  8
14
  10
-61853.033803
  20
1834.295926
  0
VERTEX
  8
14
  10
-61854.310091
  20
1844.441065
  0
VERTEX
  8
14
  10
-61855.559791
  20
1854.523557
  0
VERTEX
  8
14
  10
-61856.752930
  20
1864.292450
  0
VERTEX
  8
14
  10
-61846.830669
  20
1867.270249
  0
VERTEX
  8
14
  10
-61837.118411
  20
1870.246810
  0
VERTEX
  8
14
  10
-61827.286700
  20
1873.332673
  0
VERTEX
  8
14
  10
-61818.086724
  20
1876.305610
  0
VERTEX
  8
14
  10
-61808.299130
  20
1879.556538
  0
VERTEX
  8
14
  10
-61798.535574
  20
1882.880447
  0
VERTEX
  8
14
  10
-61788.846039
  20
1886.251766
  0
VERTEX
  8
14
  10
-61779.130540
  20
1889.714684
  0
VERTEX
  8
14
  10
-61770.394989
  20
1892.913561
  0
VERTEX
  8
14
  10
-61762.251011
  20
1895.980666
  0
VERTEX
  8
14
  10
-61754.254350
  20
1899.082025
  0
VERTEX
  8
14
  10
-61745.155894
  20
1902.705291
  0
VERTEX
  8
14
  10
-61736.162109
  20
1906.365356
  0
VERTEX
  8
14
  10
-61736.162109
  20
1906.365356
  0
VERTEX
  8
14
  10
-61726.737967
  20
1910.247249
  0
VERTEX
  8
14
  10
-61723.071289
  20
1911.763916
  0
VERTEX
  8
14
  10
-61719.102016
  20
1911.936479
  0
VERTEX
  8
14
  10
-61708.911133
  20
1912.394409
  0
VERTEX
  8
14
  10
-61708.911133
  20
1912.394409
  0
VERTEX
  8
14
  10
-61698.479230
  20
1913.095435
  0
VERTEX
  8
14
  10
-61688.115865
  20
1913.813601
  0
VERTEX
  8
14
  10
-61677.740062
  20
1914.554453
  0
VERTEX
  8
14
  10
-61667.663478
  20
1915.299039
  0
VERTEX
  8
14
  10
-61657.652978
  20
1916.070922
  0
VERTEX
  8
14
  10
-61647.481694
  20
1916.898903
  0
VERTEX
  8
14
  10
-61637.315309
  20
1917.781904
  0
VERTEX
  8
14
  10
-61627.155706
  20
1918.731182
  0
VERTEX
  8
14
  10
-61617.004733
  20
1919.757999
  0
VERTEX
  8
14
  10
-61607.346889
  20
1920.818308
  0
VERTEX
  8
14
  10
-61598.182232
  20
1921.909063
  0
VERTEX
  8
14
  10
-61591.416016
  20
1922.771759
  0
VERTEX
  8
14
  10
-61588.984068
  20
1912.532390
  0
VERTEX
  8
14
  10
-61586.621804
  20
1902.572061
  0
VERTEX
  8
14
  10
-61584.266210
  20
1892.625618
  0
VERTEX
  8
14
  10
-61581.901750
  20
1882.624439
  0
VERTEX
  8
14
  10
-61579.492722
  20
1872.411066
  0
VERTEX
  8
14
  10
-61577.199772
  20
1862.660318
  0
VERTEX
  8
14
  10
-61574.914793
  20
1852.907463
  0
VERTEX
  8
14
  10
-61572.639314
  20
1843.152021
  0
VERTEX
  8
14
  10
-61570.321551
  20
1833.163559
  0
VERTEX
  8
14
  10
-61568.069380
  20
1823.402386
  0
VERTEX
  8
14
  10
-61565.830299
  20
1813.639000
  0
VERTEX
  8
14
  10
-61563.605304
  20
1803.873850
  0
VERTEX
  8
14
  10
-61561.343671
  20
1793.877333
  0
VERTEX
  8
14
  10
-61559.150787
  20
1784.106790
  0
VERTEX
  8
14
  10
-61556.976050
  20
1774.329564
  0
VERTEX
  8
14
  10
-61554.821027
  20
1764.542758
  0
VERTEX
  8
14
  10
-61552.637144
  20
1754.512996
  0
VERTEX
  8
14
  10
-61550.526179
  20
1744.708688
  0
VERTEX
  8
14
  10
-61548.438406
  20
1734.908890
  0
VERTEX
  8
14
  10
-61546.374676
  20
1725.123680
  0
VERTEX
  8
14
  10
-61544.278507
  20
1715.132783
  0
VERTEX
  8
14
  10
-61542.763593
  20
1708.181201
  0
VERTEX
  8
14
  10
-61541.467319
  20
1702.633808
  0
VERTEX
  8
14
  10
-61540.301828
  20
1698.021456
  0
VERTEX
  8
14
  10
-61539.168389
  20
1693.879182
  0
VERTEX
  8
14
  10
-61537.939289
  20
1689.745835
  0
VERTEX
  8
14
  10
-61536.754299
  20
1686.079729
  0
VERTEX
  8
14
  10
-61535.471273
  20
1682.421511
  0
VERTEX
  8
14
  10
-61534.189692
  20
1679.050055
  0
VERTEX
  8
14
  10
-61532.885302
  20
1675.876440
  0
VERTEX
  8
14
  10
-61531.487982
  20
1672.735849
  0
VERTEX
  8
14
  10
-61530.212885
  20
1670.081042
  0
VERTEX
  8
14
  10
-61528.863336
  20
1667.470008
  0
VERTEX
  8
14
  10
-61527.436509
  20
1664.911802
  0
VERTEX
  8
14
  10
-61525.929550
  20
1662.415426
  0
VERTEX
  8
14
  10
-61524.339606
  20
1659.989882
  0
VERTEX
  8
14
  10
-61522.663852
  20
1657.644223
  0
VERTEX
  8
14
  10
-61521.199783
  20
1655.757024
  0
VERTEX
  8
14
  10
-61519.672483
  20
1653.936756
  0
VERTEX
  8
14
  10
-61518.080331
  20
1652.188670
  0
VERTEX
  8
14
  10
-61516.421670
  20
1650.517968
  0
VERTEX
  8
14
  10
-61514.694839
  20
1648.929859
  0
VERTEX
  8
14
  10
-61513.140841
  20
1647.623540
  0
VERTEX
  8
14
  10
-61510.903725
  20
1645.928464
  0
VERTEX
  8
14
  10
-61508.966672
  20
1644.612056
  0
VERTEX
  8
14
  10
-61506.968188
  20
1643.378405
  0
VERTEX
  8
14
  10
-61504.912765
  20
1642.223174
  0
VERTEX
  8
14
  10
-61502.804834
  20
1641.141990
  0
VERTEX
  8
14
  10
-61500.212326
  20
1639.936197
  0
VERTEX
  8
14
  10
-61497.558362
  20
1638.823243
  0
VERTEX
  8
14
  10
-61494.850649
  20
1637.795599
  0
VERTEX
  8
14
  10
-61492.096897
  20
1636.845737
  0
VERTEX
  8
14
  10
-61488.836243
  20
1635.825821
  0
VERTEX
  8
14
  10
-61485.535695
  20
1634.889588
  0
VERTEX
  8
14
  10
-61481.730446
  20
1633.906730
  0
VERTEX
  8
14
  10
-61477.429060
  20
1632.890767
  0
VERTEX
  8
14
  10
-61472.080805
  20
1631.722647
  0
VERTEX
  8
14
  10
-61465.968307
  20
1630.479037
  0
VERTEX
  8
14
  10
-61459.621250
  20
1629.276367
  0
VERTEX
  8
14
  10
-61452.848174
  20
1628.081255
  0
VERTEX
  8
14
  10
-61446.099457
  20
1626.973812
  0
VERTEX
  8
14
  10
-61439.290656
  20
1625.939364
  0
VERTEX
  8
14
  10
-61434.091797
  20
1625.215607
  0
VERTEX
  8
14
  10
-61437.903141
  20
1615.632899
  0
VERTEX
  8
14
  10
-61441.664062
  20
1605.996770
  0
VERTEX
  8
14
  10
-61443.222656
  20
1601.942596
  0
VERTEX
  8
14
  10
-61445.164919
  20
1596.825086
  0
VERTEX
  8
14
  10
-61448.503694
  20
1587.834622
  0
VERTEX
  8
14
  10
-61451.881693
  20
1578.493437
  0
VERTEX
  8
14
  10
-61455.247536
  20
1568.952991
  0
VERTEX
  8
14
  10
-61458.596529
  20
1559.238172
  0
VERTEX
  8
14
  10
-61461.872400
  20
1549.498681
  0
VERTEX
  8
14
  10
-61465.069879
  20
1539.733370
  0
VERTEX
  8
14
  10
-61468.046748
  20
1530.378587
  0
VERTEX
  8
14
  10
-61470.877748
  20
1521.215490
  0
VERTEX
  8
14
  10
-61473.629400
  20
1512.028016
  0
VERTEX
  8
14
  10
-61476.216066
  20
1503.105207
  0
VERTEX
  8
14
  10
-61478.618513
  20
1494.529073
  0
VERTEX
  8
14
  10
-61480.851480
  20
1486.261630
  0
VERTEX
  8
14
  10
-61483.003316
  20
1477.972881
  0
VERTEX
  8
14
  10
-61484.993159
  20
1469.972622
  0
VERTEX
  8
14
  10
-61486.895063
  20
1461.974810
  0
VERTEX
  8
14
  10
-61488.716478
  20
1453.958246
  0
VERTEX
  8
14
  10
-61490.530540
  20
1445.589126
  0
VERTEX
  8
14
  10
-61492.084961
  20
1438.083801
  0
VERTEX
  8
14
  10
-61492.262073
  20
1437.202591
  0
VERTEX
  8
14
  10
-61493.972926
  20
1428.490073
  0
VERTEX
  8
14
  10
-61495.605406
  20
1419.735378
  0
VERTEX
  8
14
  10
-61497.157224
  20
1410.966040
  0
VERTEX
  8
14
  10
-61498.686572
  20
1401.845283
  0
VERTEX
  8
14
  10
-61500.139014
  20
1392.688929
  0
VERTEX
  8
14
  10
-61501.560061
  20
1383.204289
  0
VERTEX
  8
14
  10
-61502.948286
  20
1373.368721
  0
VERTEX
  8
14
  10
-61504.284145
  20
1363.298524
  0
VERTEX
  8
14
  10
-61505.553237
  20
1353.101576
  0
VERTEX
  8
14
  10
-61506.743464
  20
1342.895086
  0
VERTEX
  8
14
  10
-61507.834540
  20
1332.907771
  0
VERTEX
  8
14
  10
-61508.880280
  20
1322.685646
  0
VERTEX
  8
14
  10
-61509.860677
  20
1312.457057
  0
VERTEX
  8
14
  10
-61510.781736
  20
1302.222932
  0
VERTEX
  8
14
  10
-61511.653571
  20
1291.918587
  0
VERTEX
  8
14
  10
-61512.462169
  20
1281.674982
  0
VERTEX
  8
14
  10
-61513.207415
  20
1271.426715
  0
VERTEX
  8
14
  10
-61513.866166
  20
1261.498908
  0
VERTEX
  8
14
  10
-61513.989258
  20
1259.558563
  0
VERTEX
  8
14
  10
-61513.989258
  20
1259.558563
  0
VERTEX
  8
14
  10
-61514.651446
  20
1249.039589
  0
VERTEX
  8
14
  10
-61515.266033
  20
1238.824313
  0
VERTEX
  8
14
  10
-61515.847023
  20
1228.651535
  0
VERTEX
  8
14
  10
-61516.382107
  20
1218.594612
  0
VERTEX
  8
14
  10
-61516.878456
  20
1208.534815
  0
VERTEX
  8
14
  10
-61517.341654
  20
1198.473365
  0
VERTEX
  8
14
  10
-61517.789445
  20
1188.119393
  0
VERTEX
  8
14
  10
-61518.199981
  20
1178.055721
  0
VERTEX
  8
14
  10
-61518.587845
  20
1167.991184
  0
VERTEX
  8
14
  10
-61518.954862
  20
1157.918988
  0
VERTEX
  8
14
  10
-61519.302294
  20
1147.852988
  0
VERTEX
  8
14
  10
-61519.632390
  20
1137.786386
  0
VERTEX
  8
14
  10
-61519.947334
  20
1127.713371
  0
VERTEX
  8
14
  10
-61520.248054
  20
1117.645835
  0
VERTEX
  8
14
  10
-61520.534384
  20
1107.577887
  0
VERTEX
  8
14
  10
-61520.805735
  20
1097.509551
  0
VERTEX
  8
14
  10
-61521.067287
  20
1087.217133
  0
VERTEX
  8
14
  10
-61521.308409
  20
1077.148035
  0
VERTEX
  8
14
  10
-61521.535960
  20
1067.078634
  0
VERTEX
  8
14
  10
-61521.751114
  20
1056.996561
  0
VERTEX
  8
14
  10
-61521.953569
  20
1046.926592
  0
VERTEX
  8
14
  10
-61522.143491
  20
1036.856350
  0
VERTEX
  8
14
  10
-61522.321024
  20
1026.771265
  0
VERTEX
  8
14
  10
-61522.485607
  20
1016.700596
  0
VERTEX
  8
14
  10
-61522.637513
  20
1006.629721
  0
VERTEX
  8
14
  10
-61522.776964
  20
996.542493
  0
VERTEX
  8
14
  10
-61522.903736
  20
986.471315
  0
VERTEX
  8
14
  10
-61523.018622
  20
976.400018
  0
VERTEX
  8
14
  10
-61523.122363
  20
966.312285
  0
VERTEX
  8
14
  10
-61523.215239
  20
956.240736
  0
VERTEX
  8
14
  10
-61523.298115
  20
946.169088
  0
VERTEX
  8
14
  10
-61523.371694
  20
936.097362
  0
VERTEX
  8
14
  10
-61523.436483
  20
926.057967
  0
VERTEX
  8
14
  10
-61523.493601
  20
915.986143
  0
VERTEX
  8
14
  10
-61523.543528
  20
905.914286
  0
VERTEX
  8
14
  10
-61523.587854
  20
895.598535
  0
VERTEX
  8
14
  10
-61523.624206
  20
885.526632
  0
VERTEX
  8
14
  10
-61523.652892
  20
875.454705
  0
VERTEX
  8
14
  10
-61523.673335
  20
865.267984
  0
VERTEX
  8
14
  10
-61523.685836
  20
855.149010
  0
VERTEX
  8
14
  10
-61523.692144
  20
845.071936
  0
VERTEX
  8
14
  10
-61523.693026
  20
835.004198
  0
VERTEX
  8
14
  10
-61523.691406
  20
830.435181
  0
VERTEX
  8
14
  10
-61534.228959
  20
830.435181
  0
VERTEX
  8
14
  10
-61544.615263
  20
830.435181
  0
VERTEX
  8
14
  10
-61554.780592
  20
830.435181
  0
VERTEX
  8
14
  10
-61565.127380
  20
830.435181
  0
VERTEX
  8
14
  10
-61575.335657
  20
830.435181
  0
VERTEX
  8
14
  10
-61585.544009
  20
830.435181
  0
VERTEX
  8
14
  10
-61595.767041
  20
830.435181
  0
VERTEX
  8
14
  10
-61605.974765
  20
830.435181
  0
VERTEX
  8
14
  10
-61616.182046
  20
830.435181
  0
VERTEX
  8
14
  10
-61626.388926
  20
830.435181
  0
VERTEX
  8
14
  10
-61636.650859
  20
830.435181
  0
VERTEX
  8
14
  10
-61646.857046
  20
830.435181
  0
VERTEX
  8
14
  10
-61657.063068
  20
830.435181
  0
VERTEX
  8
14
  10
-61667.269064
  20
830.435181
  0
VERTEX
  8
14
  10
-61677.463023
  20
830.435181
  0
VERTEX
  8
14
  10
-61687.669442
  20
830.435181
  0
VERTEX
  8
14
  10
-61697.876372
  20
830.435181
  0
VERTEX
  8
14
  10
-61708.177798
  20
830.435181
  0
VERTEX
  8
14
  10
-61718.385978
  20
830.435181
  0
VERTEX
  8
14
  10
-61728.594122
  20
830.435181
  0
VERTEX
  8
14
  10
-61738.662055
  20
830.435181
  0
VERTEX
  8
14
  10
-61748.756758
  20
830.435181
  0
SEQEND
  8
14
  0
POINT
  8
2
 10
-61752.412109
 20
830.435181
  0
TEXT
  8
2
 10
-61752.412109
 20
830.435181
 40
0.000000
 50
0.000000
  1
# 341
  0
POINT
  8
2
 10
-61765.732422
 20
1259.558563
  0
TEXT
  8
2
 10
-61765.732422
 20
1259.558563
 40
0.000000
 50
0.000000
  1
# 342
  0
POINT
  8
2
 10
-61818.916016
 20
1612.072906
  0
TEXT
  8
2
 10
-61818.916016
 20
1612.072906
 40
0.000000
 50
0.000000
  1
# 343
  0
POINT
  8
2
 10
-61856.752930
 20
1864.292450
  0
TEXT
  8
2
 10
-61856.752930
 20
1864.292450
 40
0.000000
 50
0.000000
  1
# 344
  0
POINT
  8
2
 10
-61736.162109
 20
1906.365356
  0
TEXT
  8
2
 10
-61736.162109
 20
1906.365356
 40
0.000000
 50
0.000000
  1
# 345
  0
POINT
  8
2
 10
-61723.071289
 20
1911.763916
  0
TEXT
  8
2
 10
-61723.071289
 20
1911.763916
 40
0.000000
 50
0.000000
  1
# 346
  0
POINT
  8
2
 10
-61708.911133
 20
1912.394409
  0
TEXT
  8
2
 10
-61708.911133
 20
1912.394409
 40
0.000000
 50
0.000000
  1
# 347
  0
POINT
  8
2
 10
-61591.416016
 20
1922.771759
  0
TEXT
  8
2
 10
-61591.416016
 20
1922.771759
 40
0.000000
 50
0.000000
  1
# 348
  0
POINT
  8
2
 10
-61434.091797
 20
1625.215607
  0
TEXT
  8
2
 10
-61434.091797
 20
1625.215607
 40
0.000000
 50
0.000000
  1
# 349
  0
POINT
  8
2
 10
-61513.989258
 20
1259.558563
  0
TEXT
  8
2
 10
-61513.989258
 20
1259.558563
 40
0.000000
 50
0.000000
  1
# 350
  0
POINT
  8
2
 10
-61523.691406
 20
830.435181
  0
TEXT
  8
2
 10
-61523.691406
 20
830.435181
 40
0.000000
 50
0.000000
  1
# 351
  0
POINT
  8
3
 10
-61752.392167
 20
840.940148
  0
POINT
  8
3
 10
-61752.380728
 20
851.150520
  0
POINT
  8
3
 10
-61752.377976
 20
861.327892
  0
POINT
  8
3
 10
-61752.386582
 20
871.586132
  0
POINT
  8
3
 10
-61752.406852
 20
881.655738
  0
POINT
  8
3
 10
-61752.438237
 20
891.725317
  0
POINT
  8
3
 10
-61752.480733
 20
901.916887
  0
POINT
  8
3
 10
-61752.533159
 20
911.986362
  0
POINT
  8
3
 10
-61752.596133
 20
922.055766
  0
POINT
  8
3
 10
-61752.672227
 20
932.428276
  0
POINT
  8
3
 10
-61752.757398
 20
942.497534
  0
POINT
  8
3
 10
-61752.854376
 20
952.566695
  0
POINT
  8
3
 10
-61752.967302
 20
962.934893
  0
POINT
  8
3
 10
-61753.090380
 20
973.003793
  0
POINT
  8
3
 10
-61753.227419
 20
983.072495
  0
POINT
  8
3
 10
-61753.379165
 20
993.141012
  0
POINT
  8
3
 10
-61753.548623
 20
1003.342090
  0
POINT
  8
3
 10
-61753.731875
 20
1013.410057
  0
POINT
  8
3
 10
-61753.931461
 20
1023.477711
  0
POINT
  8
3
 10
-61754.151859
 20
1033.722108
  0
POINT
  8
3
 10
-61754.386620
 20
1043.789001
  0
POINT
  8
3
 10
-61754.640879
 20
1053.855419
  0
POINT
  8
3
 10
-61754.819336
 20
1060.415192
  0
POINT
  8
3
 10
-61754.922018
 20
1064.130197
  0
POINT
  8
3
 10
-61755.219501
 20
1074.195462
  0
POINT
  8
3
 10
-61755.539252
 20
1084.260021
  0
POINT
  8
3
 10
-61755.887561
 20
1094.490476
  0
POINT
  8
3
 10
-61756.253897
 20
1104.553434
  0
POINT
  8
3
 10
-61756.645100
 20
1114.615424
  0
POINT
  8
3
 10
-61757.069681
 20
1124.842373
  0
POINT
  8
3
 10
-61757.515254
 20
1134.902134
  0
POINT
  8
3
 10
-61757.989826
 20
1144.960561
  0
POINT
  8
3
 10
-61758.494728
 20
1155.017525
  0
POINT
  8
3
 10
-61759.040088
 20
1165.237249
  0
POINT
  8
3
 10
-61759.608240
 20
1175.290910
  0
POINT
  8
3
 10
-61760.207183
 20
1185.342829
  0
POINT
  8
3
 10
-61760.847103
 20
1195.554712
  0
POINT
  8
3
 10
-61761.510831
 20
1205.602565
  0
POINT
  8
3
 10
-61762.213296
 20
1215.647676
  0
POINT
  8
3
 10
-61762.974505
 20
1225.890265
  0
POINT
  8
3
 10
-61763.761794
 20
1235.941264
  0
POINT
  8
3
 10
-61764.571297
 20
1245.877608
  0
POINT
  8
3
 10
-61765.406017
 20
1255.784279
  0
POINT
  8
3
 10
-61765.732422
 20
1259.557495
  0
POINT
  8
3
 10
-61766.675458
 20
1269.890702
  0
POINT
  8
3
 10
-61767.619254
 20
1279.908097
  0
POINT
  8
3
 10
-61768.597816
 20
1289.943403
  0
POINT
  8
3
 10
-61769.638247
 20
1300.157170
  0
POINT
  8
3
 10
-61770.726921
 20
1310.381502
  0
POINT
  8
3
 10
-61771.860785
 20
1320.600925
  0
POINT
  8
3
 10
-61773.043474
 20
1330.859622
  0
POINT
  8
3
 10
-61774.263035
 20
1341.069080
  0
POINT
  8
3
 10
-61775.522695
 20
1351.273678
  0
POINT
  8
3
 10
-61776.791277
 20
1361.242161
  0
POINT
  8
3
 10
-61778.128341
 20
1371.436916
  0
POINT
  8
3
 10
-61779.506120
 20
1381.626277
  0
POINT
  8
3
 10
-61780.893268
 20
1391.582708
  0
POINT
  8
3
 10
-61782.352124
 20
1401.760856
  0
POINT
  8
3
 10
-61783.849980
 20
1411.933384
  0
POINT
  8
3
 10
-61785.350963
 20
1421.873109
  0
POINT
  8
3
 10
-61786.924088
 20
1432.034282
  0
POINT
  8
3
 10
-61788.536258
 20
1442.189347
  0
POINT
  8
3
 10
-61790.146756
 20
1452.089933
  0
POINT
  8
3
 10
-61791.833833
 20
1462.232853
  0
POINT
  8
3
 10
-61793.554290
 20
1472.370110
  0
POINT
  8
3
 10
-61795.265240
 20
1482.274190
  0
POINT
  8
3
 10
-61797.042688
 20
1492.401415
  0
POINT
  8
3
 10
-61798.844884
 20
1502.524228
  0
POINT
  8
3
 10
-61800.654658
 20
1512.565108
  0
POINT
  8
3
 10
-61802.495733
 20
1522.680944
  0
POINT
  8
3
 10
-61804.349300
 20
1532.794563
  0
POINT
  8
3
 10
-61806.168492
 20
1542.676204
  0
POINT
  8
3
 10
-61808.035821
 20
1552.787334
  0
POINT
  8
3
 10
-61809.907025
 20
1562.897718
  0
POINT
  8
3
 10
-61811.736223
 20
1572.774772
  0
POINT
  8
3
 10
-61813.603653
 20
1582.885810
  0
POINT
  8
3
 10
-61815.405161
 20
1592.704185
  0
POINT
  8
3
 10
-61817.273696
 20
1602.979850
  0
POINT
  8
3
 10
-61820.785113
 20
1622.323746
  0
POINT
  8
3
 10
-61822.593838
 20
1632.365625
  0
POINT
  8
3
 10
-61824.348750
 20
1642.244972
  0
POINT
  8
3
 10
-61826.098682
 20
1652.279471
  0
POINT
  8
3
 10
-61827.819976
 20
1662.348900
  0
POINT
  8
3
 10
-61829.507998
 20
1672.423728
  0
POINT
  8
3
 10
-61831.172810
 20
1682.560762
  0
POINT
  8
3
 10
-61831.733398
 20
1686.034241
  0
POINT
  8
3
 10
-61832.797652
 20
1692.645576
  0
POINT
  8
3
 10
-61834.394311
 20
1702.735001
  0
POINT
  8
3
 10
-61835.961133
 20
1712.804683
  0
POINT
  8
3
 10
-61837.506556
 20
1722.902499
  0
POINT
  8
3
 10
-61839.027428
 20
1733.004026
  0
POINT
  8
3
 10
-61840.532973
 20
1743.167456
  0
POINT
  8
3
 10
-61842.006504
 20
1753.275753
  0
POINT
  8
3
 10
-61843.457387
 20
1763.387331
  0
POINT
  8
3
 10
-61844.902476
 20
1773.616886
  0
POINT
  8
3
 10
-61846.310729
 20
1783.734728
  0
POINT
  8
3
 10
-61847.700006
 20
1793.855307
  0
POINT
  8
3
 10
-61849.057494
 20
1803.878014
  0
POINT
  8
3
 10
-61850.407493
 20
1814.004022
  0
POINT
  8
3
 10
-61851.732380
 20
1824.133319
  0
POINT
  8
3
 10
-61853.033803
 20
1834.295926
  0
POINT
  8
3
 10
-61854.310091
 20
1844.441065
  0
POINT
  8
3
 10
-61855.559791
 20
1854.523557
  0
POINT
  8
3
 10
-61846.830669
 20
1867.270249
  0
POINT
  8
3
 10
-61837.118411
 20
1870.246810
  0
POINT
  8
3
 10
-61827.286700
 20
1873.332673
  0
POINT
  8
3
 10
-61818.086724
 20
1876.305610
  0
POINT
  8
3
 10
-61808.299130
 20
1879.556538
  0
POINT
  8
3
 10
-61798.535574
 20
1882.880447
  0
POINT
  8
3
 10
-61788.846039
 20
1886.251766
  0
POINT
  8
3
 10
-61779.130540
 20
1889.714684
  0
POINT
  8
3
 10
-61770.394989
 20
1892.913561
  0
POINT
  8
3
 10
-61762.251011
 20
1895.980666
  0
POINT
  8
3
 10
-61754.254350
 20
1899.082025
  0
POINT
  8
3
 10
-61745.155894
 20
1902.705291
  0
POINT
  8
3
 10
-61736.162109
 20
1906.365356
  0
POINT
  8
3
 10
-61726.737967
 20
1910.247249
  0
POINT
  8
3
 10
-61719.102016
 20
1911.936479
  0
POINT
  8
3
 10
-61708.911133
 20
1912.394409
  0
POINT
  8
3
 10
-61698.479230
 20
1913.095435
  0
POINT
  8
3
 10
-61688.115865
 20
1913.813601
  0
POINT
  8
3
 10
-61677.740062
 20
1914.554453
  0
POINT
  8
3
 10
-61667.663478
 20
1915.299039
  0
POINT
  8
3
 10
-61657.652978
 20
1916.070922
  0
POINT
  8
3
 10
-61647.481694
 20
1916.898903
  0
POINT
  8
3
 10
-61637.315309
 20
1917.781904
  0
POINT
  8
3
 10
-61627.155706
 20
1918.731182
  0
POINT
  8
3
 10
-61617.004733
 20
1919.757999
  0
POINT
  8
3
 10
-61607.346889
 20
1920.818308
  0
POINT
  8
3
 10
-61598.182232
 20
1921.909063
  0
POINT
  8
3
 10
-61588.984068
 20
1912.532390
  0
POINT
  8
3
 10
-61586.621804
 20
1902.572061
  0
POINT
  8
3
 10
-61584.266210
 20
1892.625618
  0
POINT
  8
3
 10
-61581.901750
 20
1882.624439
  0
POINT
  8
3
 10
-61579.492722
 20
1872.411066
  0
POINT
  8
3
 10
-61577.199772
 20
1862.660318
  0
POINT
  8
3
 10
-61574.914793
 20
1852.907463
  0
POINT
  8
3
 10
-61572.639314
 20
1843.152021
  0
POINT
  8
3
 10
-61570.321551
 20
1833.163559
  0
POINT
  8
3
 10
-61568.069380
 20
1823.402386
  0
POINT
  8
3
 10
-61565.830299
 20
1813.639000
  0
POINT
  8
3
 10
-61563.605304
 20
1803.873850
  0
POINT
  8
3
 10
-61561.343671
 20
1793.877333
  0
POINT
  8
3
 10
-61559.150787
 20
1784.106790
  0
POINT
  8
3
 10
-61556.976050
 20
1774.329564
  0
POINT
  8
3
 10
-61554.821027
 20
1764.542758
  0
POINT
  8
3
 10
-61552.637144
 20
1754.512996
  0
POINT
  8
3
 10
-61550.526179
 20
1744.708688
  0
POINT
  8
3
 10
-61548.438406
 20
1734.908890
  0
POINT
  8
3
 10
-61546.374676
 20
1725.123680
  0
POINT
  8
3
 10
-61544.278507
 20
1715.132783
  0
POINT
  8
3
 10
-61542.763593
 20
1708.181201
  0
POINT
  8
3
 10
-61541.467319
 20
1702.633808
  0
POINT
  8
3
 10
-61540.301828
 20
1698.021456
  0
POINT
  8
3
 10
-61539.168389
 20
1693.879182
  0
POINT
  8
3
 10
-61537.939289
 20
1689.745835
  0
POINT
  8
3
 10
-61536.754299
 20
1686.079729
  0
POINT
  8
3
 10
-61535.471273
 20
1682.421511
  0
POINT
  8
3
 10
-61534.189692
 20
1679.050055
  0
POINT
  8
3
 10
-61532.885302
 20
1675.876440
  0
POINT
  8
3
 10
-61531.487982
 20
1672.735849
  0
POINT
  8
3
 10
-61530.212885
 20
1670.081042
  0
POINT
  8
3
 10
-61528.863336
 20
1667.470008
  0
POINT
  8
3
 10
-61527.436509
 20
1664.911802
  0
POINT
  8
3
 10
-61525.929550
 20
1662.415426
  0
POINT
  8
3
 10
-61524.339606
 20
1659.989882
  0
POINT
  8
3
 10
-61522.663852
 20
1657.644223
  0
POINT
  8
3
 10
-61521.199783
 20
1655.757024
  0
POINT
  8
3
 10
-61519.672483
 20
1653.936756
  0
POINT
  8
3
 10
-61518.080331
 20
1652.188670
  0
POINT
  8
3
 10
-61516.421670
 20
1650.517968
  0
POINT
  8
3
 10
-61514.694839
 20
1648.929859
  0
POINT
  8
3
 10
-61513.140841
 20
1647.623540
  0
POINT
  8
3
 10
-61510.903725
 20
1645.928464
  0
POINT
  8
3
 10
-61508.966672
 20
1644.612056
  0
POINT
  8
3
 10
-61506.968188
 20
1643.378405
  0
POINT
  8
3
 10
-61504.912765
 20
1642.223174
  0
POINT
  8
3
 10
-61502.804834
 20
1641.141990
  0
POINT
  8
3
 10
-61500.212326
 20
1639.936197
  0
POINT
  8
3
 10
-61497.558362
 20
1638.823243
  0
POINT
  8
3
 10
-61494.850649
 20
1637.795599
  0
POINT
  8
3
 10
-61492.096897
 20
1636.845737
  0
POINT
  8
3
 10
-61488.836243
 20
1635.825821
  0
POINT
  8
3
 10
-61485.535695
 20
1634.889588
  0
POINT
  8
3
 10
-61481.730446
 20
1633.906730
  0
POINT
  8
3
 10
-61477.429060
 20
1632.890767
  0
POINT
  8
3
 10
-61472.080805
 20
1631.722647
  0
POINT
  8
3
 10
-61465.968307
 20
1630.479037
  0
POINT
  8
3
 10
-61459.621250
 20
1629.276367
  0
POINT
  8
3
 10
-61452.848174
 20
1628.081255
  0
POINT
  8
3
 10
-61446.099457
 20
1626.973812
  0
POINT
  8
3
 10
-61439.290656
 20
1625.939364
  0
POINT
  8
3
 10
-61437.903141
 20
1615.632899
  0
POINT
  8
3
 10
-61441.664062
 20
1605.996770
  0
POINT
  8
3
 10
-61443.222656
 20
1601.942596
  0
POINT
  8
3
 10
-61445.164919
 20
1596.825086
  0
POINT
  8
3
 10
-61448.503694
 20
1587.834622
  0
POINT
  8
3
 10
-61451.881693
 20
1578.493437
  0
POINT
  8
3
 10
-61455.247536
 20
1568.952991
  0
POINT
  8
3
 10
-61458.596529
 20
1559.238172
  0
POINT
  8
3
 10
-61461.872400
 20
1549.498681
  0
POINT
  8
3
 10
-61465.069879
 20
1539.733370
  0
POINT
  8
3
 10
-61468.046748
 20
1530.378587
  0
POINT
  8
3
 10
-61470.877748
 20
1521.215490
  0
POINT
  8
3
 10
-61473.629400
 20
1512.028016
  0
POINT
  8
3
 10
-61476.216066
 20
1503.105207
  0
POINT
  8
3
 10
-61478.618513
 20
1494.529073
  0
POINT
  8
3
 10
-61480.851480
 20
1486.261630
  0
POINT
  8
3
 10
-61483.003316
 20
1477.972881
  0
POINT
  8
3
 10
-61484.993159
 20
1469.972622
  0
POINT
  8
3
 10
-61486.895063
 20
1461.974810
  0
POINT
  8
3
 10
-61488.716478
 20
1453.958246
  0
POINT
  8
3
 10
-61490.530540
 20
1445.589126
  0
POINT
  8
3
 10
-61492.084961
 20
1438.083801
  0
POINT
  8
3
 10
-61492.262073
 20
1437.202591
  0
POINT
  8
3
 10
-61493.972926
 20
1428.490073
  0
POINT
  8
3
 10
-61495.605406
 20
1419.735378
  0
POINT
  8
3
 10
-61497.157224
 20
1410.966040
  0
POINT
  8
3
 10
-61498.686572
 20
1401.845283
  0
POINT
  8
3
 10
-61500.139014
 20
1392.688929
  0
POINT
  8
3
 10
-61501.560061
 20
1383.204289
  0
POINT
  8
3
 10
-61502.948286
 20
1373.368721
  0
POINT
  8
3
 10
-61504.284145
 20
1363.298524
  0
POINT
  8
3
 10
-61505.553237
 20
1353.101576
  0
POINT
  8
3
 10
-61506.743464
 20
1342.895086
  0
POINT
  8
3
 10
-61507.834540
 20
1332.907771
  0
POINT
  8
3
 10
-61508.880280
 20
1322.685646
  0
POINT
  8
3
 10
-61509.860677
 20
1312.457057
  0
POINT
  8
3
 10
-61510.781736
 20
1302.222932
  0
POINT
  8
3
 10
-61511.653571
 20
1291.918587
  0
POINT
  8
3
 10
-61512.462169
 20
1281.674982
  0
POINT
  8
3
 10
-61513.207415
 20
1271.426715
  0
POINT
  8
3
 10
-61513.866166
 20
1261.498908
  0
POINT
  8
3
 10
-61513.989258
 20
1259.558563
  0
POINT
  8
3
 10
-61514.651446
 20
1249.039589
  0
POINT
  8
3
 10
-61515.266033
 20
1238.824313
  0
POINT
  8
3
 10
-61515.847023
 20
1228.651535
  0
POINT
  8
3
 10
-61516.382107
 20
1218.594612
  0
POINT
  8
3
 10
-61516.878456
 20
1208.534815
  0
POINT
  8
3
 10
-61517.341654
 20
1198.473365
  0
POINT
  8
3
 10
-61517.789445
 20
1188.119393
  0
POINT
  8
3
 10
-61518.199981
 20
1178.055721
  0
POINT
  8
3
 10
-61518.587845
 20
1167.991184
  0
POINT
  8
3
 10
-61518.954862
 20
1157.918988
  0
POINT
  8
3
 10
-61519.302294
 20
1147.852988
  0
POINT
  8
3
 10
-61519.632390
 20
1137.786386
  0
POINT
  8
3
 10
-61519.947334
 20
1127.713371
  0
POINT
  8
3
 10
-61520.248054
 20
1117.645835
  0
POINT
  8
3
 10
-61520.534384
 20
1107.577887
  0
POINT
  8
3
 10
-61520.805735
 20
1097.509551
  0
POINT
  8
3
 10
-61521.067287
 20
1087.217133
  0
POINT
  8
3
 10
-61521.308409
 20
1077.148035
  0
POINT
  8
3
 10
-61521.535960
 20
1067.078634
  0
POINT
  8
3
 10
-61521.751114
 20
1056.996561
  0
POINT
  8
3
 10
-61521.953569
 20
1046.926592
  0
POINT
  8
3
 10
-61522.143491
 20
1036.856350
  0
POINT
  8
3
 10
-61522.321024
 20
1026.771265
  0
POINT
  8
3
 10
-61522.485607
 20
1016.700596
  0
POINT
  8
3
 10
-61522.637513
 20
1006.629721
  0
POINT
  8
3
 10
-61522.776964
 20
996.542493
  0
POINT
  8
3
 10
-61522.903736
 20
986.471315
  0
POINT
  8
3
 10
-61523.018622
 20
976.400018
  0
POINT
  8
3
 10
-61523.122363
 20
966.312285
  0
POINT
  8
3
 10
-61523.215239
 20
956.240736
  0
POINT
  8
3
 10
-61523.298115
 20
946.169088
  0
POINT
  8
3
 10
-61523.371694
 20
936.097362
  0
POINT
  8
3
 10
-61523.436483
 20
926.057967
  0
POINT
  8
3
 10
-61523.493601
 20
915.986143
  0
POINT
  8
3
 10
-61523.543528
 20
905.914286
  0
POINT
  8
3
 10
-61523.587854
 20
895.598535
  0
POINT
  8
3
 10
-61523.624206
 20
885.526632
  0
POINT
  8
3
 10
-61523.652892
 20
875.454705
  0
POINT
  8
3
 10
-61523.673335
 20
865.267984
  0
POINT
  8
3
 10
-61523.685836
 20
855.149010
  0
POINT
  8
3
 10
-61523.692144
 20
845.071936
  0
POINT
  8
3
 10
-61523.693026
 20
835.004198
  0
POINT
  8
3
 10
-61534.228959
 20
830.435181
  0
POINT
  8
3
 10
-61544.615263
 20
830.435181
  0
POINT
  8
3
 10
-61554.780592
 20
830.435181
  0
POINT
  8
3
 10
-61565.127380
 20
830.435181
  0
POINT
  8
3
 10
-61575.335657
 20
830.435181
  0
POINT
  8
3
 10
-61585.544009
 20
830.435181
  0
POINT
  8
3
 10
-61595.767041
 20
830.435181
  0
POINT
  8
3
 10
-61605.974765
 20
830.435181
  0
POINT
  8
3
 10
-61616.182046
 20
830.435181
  0
POINT
  8
3
 10
-61626.388926
 20
830.435181
  0
POINT
  8
3
 10
-61636.650859
 20
830.435181
  0
POINT
  8
3
 10
-61646.857046
 20
830.435181
  0
POINT
  8
3
 10
-61657.063068
 20
830.435181
  0
POINT
  8
3
 10
-61667.269064
 20
830.435181
  0
POINT
  8
3
 10
-61677.463023
 20
830.435181
  0
POINT
  8
3
 10
-61687.669442
 20
830.435181
  0
POINT
  8
3
 10
-61697.876372
 20
830.435181
  0
POINT
  8
3
 10
-61708.177798
 20
830.435181
  0
POINT
  8
3
 10
-61718.385978
 20
830.435181
  0
POINT
  8
3
 10
-61728.594122
 20
830.435181
  0
POINT
  8
3
 10
-61738.662055
 20
830.435181
  0
POINT
  8
3
 10
-61748.756758
 20
830.435181
  0
POINT
  8
4
 10
-61754.819336
 20
1060.415192
 30
1.000000
 50
  1.58
  0
TEXT
  8
4
 10
-61754.819336
 20
1060.415192
 40
0.000000
 50
0.000000
  1
# 352
  0
POINT
  8
4
 10
-61765.732422
 20
1259.557495
 30
1.000000
 50
  5.02
  0
TEXT
  8
4
 10
-61765.732422
 20
1259.557495
 40
0.000000
 50
0.000000
  1
# 353
  0
POINT
  8
4
 10
-61831.733398
 20
1686.034241
 30
1.000000
 50
  9.18
  0
TEXT
  8
4
 10
-61831.733398
 20
1686.034241
 40
0.000000
 50
0.000000
  1
# 354
  0
POINT
  8
4
 10
-61736.162109
 20
1906.365356
 30
1.000000
 50
292.14
  0
TEXT
  8
4
 10
-61736.162109
 20
1906.365356
 40
0.000000
 50
0.000000
  1
# 355
  0
POINT
  8
4
 10
-61708.911133
 20
1912.394409
 30
1.000000
 50
273.84
  0
TEXT
  8
4
 10
-61708.911133
 20
1912.394409
 40
0.000000
 50
0.000000
  1
# 356
  0
POINT
  8
4
 10
-61443.222656
 20
1601.942596
 30
1.000000
 50
159.07
  0
TEXT
  8
4
 10
-61443.222656
 20
1601.942596
 40
0.000000
 50
0.000000
  1
# 357
  0
POINT
  8
4
 10
-61492.084961
 20
1438.083801
 30
1.000000
 50
168.55
  0
TEXT
  8
4
 10
-61492.084961
 20
1438.083801
 40
0.000000
 50
0.000000
  1
# 358
  0
POINT
  8
4
 10
-61513.989258
 20
1259.558563
 30
1.000000
 50
176.37
  0
TEXT
  8
4
 10
-61513.989258
 20
1259.558563
 40
0.000000
 50
0.000000
  1
# 359
  0
POLYLINE
  8
8
  66
1
  70
0
  0
VERTEX
  8
8
  10
-61785.595703
  20
1842.949371
  0
VERTEX
  8
8
  10
-61777.500000
  20
1821.359406
  0
SEQEND
  8
8
  0
POINT
  8
2
 10
-61785.595703
 20
1842.949371
  0
TEXT
  8
2
 10
-61785.595703
 20
1842.949371
 40
0.000000
 50
0.000000
  1
# 360
  0
POINT
  8
2
 10
-61777.500000
 20
1821.359406
  0
TEXT
  8
2
 10
-61777.500000
 20
1821.359406
 40
0.000000
 50
0.000000
  1
# 361
  0
POLYLINE
  8
8
  66
1
  70
0
  0
VERTEX
  8
8
  10
-61772.182617
  20
1847.775421
  0
VERTEX
  8
8
  10
-61785.595703
  20
1842.949371
  0
SEQEND
  8
8
  0
POINT
  8
2
 10
-61772.182617
 20
1847.775421
  0
TEXT
  8
2
 10
-61772.182617
 20
1847.775421
 40
0.000000
 50
0.000000
  1
# 362
  0
POINT
  8
2
 10
-61785.595703
 20
1842.949371
  0
TEXT
  8
2
 10
-61785.595703
 20
1842.949371
 40
0.000000
 50
0.000000
  1
# 363
  0
POLYLINE
  8
8
  66
1
  70
0
  0
VERTEX
  8
8
  10
-61764.091797
  20
1826.185455
  0
VERTEX
  8
8
  10
-61772.182617
  20
1847.775421
  0
SEQEND
  8
8
  0
POINT
  8
2
 10
-61764.091797
 20
1826.185455
  0
TEXT
  8
2
 10
-61764.091797
 20
1826.185455
 40
0.000000
 50
0.000000
  1
# 364
  0
POINT
  8
2
 10
-61772.182617
 20
1847.775421
  0
TEXT
  8
2
 10
-61772.182617
 20
1847.775421
 40
0.000000
 50
0.000000
  1
# 365
  0
POLYLINE
  8
8
  66
1
  70
0
  0
VERTEX
  8
8
  10
-61764.091797
  20
1826.185455
  0
VERTEX
  8
8
  10
-61773.651830
  20
1822.746033
  0
VERTEX
  8
8
  10
-61777.500000
  20
1821.359406
  0
SEQEND
  8
8
  0
POINT
  8
2
 10
-61764.091797
 20
1826.185455
  0
TEXT
  8
2
 10
-61764.091797
 20
1826.185455
 40
0.000000
 50
0.000000
  1
# 366
  0
POINT
  8
2
 10
-61777.500000
 20
1821.359406
  0
TEXT
  8
2
 10
-61777.500000
 20
1821.359406
 40
0.000000
 50
0.000000
  1
# 367
  0
POINT
  8
3
 10
-61773.651830
 20
1822.746033
  0
POLYLINE
  8
8
  66
1
  70
0
  0
VERTEX
  8
8
  10
-61776.362305
  20
1816.163177
  0
VERTEX
  8
8
  10
-61766.289377
  20
1818.348078
  0
VERTEX
  8
8
  10
-61756.227789
  20
1820.530732
  0
VERTEX
  8
8
  10
-61746.226717
  20
1822.700501
  0
VERTEX
  8
8
  10
-61736.239727
  20
1824.867524
  0
VERTEX
  8
8
  10
-61726.412340
  20
1827.000208
  0
VERTEX
  8
8
  10
-61716.585425
  20
1829.133043
  0
VERTEX
  8
8
  10
-61706.750042
  20
1831.267912
  0
VERTEX
  8
8
  10
-61696.923496
  20
1833.400893
  0
VERTEX
  8
8
  10
-61687.096497
  20
1835.533808
  0
VERTEX
  8
8
  10
-61677.245175
  20
1837.671665
  0
VERTEX
  8
8
  10
-61667.416536
  20
1839.804251
  0
VERTEX
  8
8
  10
-61657.587295
  20
1841.936667
  0
VERTEX
  8
8
  10
-61647.535252
  20
1844.117166
  0
VERTEX
  8
8
  10
-61637.823454
  20
1846.223688
  0
VERTEX
  8
8
  10
-61633.940430
  20
1847.065887
  0
SEQEND
  8
8
  0
POINT
  8
2
 10
-61776.362305
 20
1816.163177
  0
TEXT
  8
2
 10
-61776.362305
 20
1816.163177
 40
0.000000
 50
0.000000
  1
# 368
  0
POINT
  8
2
 10
-61633.940430
 20
1847.065887
  0
TEXT
  8
2
 10
-61633.940430
 20
1847.065887
 40
0.000000
 50
0.000000
  1
# 369
  0
POINT
  8
3
 10
-61766.289377
 20
1818.348078
  0
POINT
  8
3
 10
-61756.227789
 20
1820.530732
  0
POINT
  8
3
 10
-61746.226717
 20
1822.700501
  0
POINT
  8
3
 10
-61736.239727
 20
1824.867524
  0
POINT
  8
3
 10
-61726.412340
 20
1827.000208
  0
POINT
  8
3
 10
-61716.585425
 20
1829.133043
  0
POINT
  8
3
 10
-61706.750042
 20
1831.267912
  0
POINT
  8
3
 10
-61696.923496
 20
1833.400893
  0
POINT
  8
3
 10
-61687.096497
 20
1835.533808
  0
POINT
  8
3
 10
-61677.245175
 20
1837.671665
  0
POINT
  8
3
 10
-61667.416536
 20
1839.804251
  0
POINT
  8
3
 10
-61657.587295
 20
1841.936667
  0
POINT
  8
3
 10
-61647.535252
 20
1844.117166
  0
POINT
  8
3
 10
-61637.823454
 20
1846.223688
  0
POLYLINE
  8
8
  66
1
  70
0
  0
VERTEX
  8
8
  10
-61633.940430
  20
1847.065887
  0
VERTEX
  8
8
  10
-61631.778427
  20
1837.175537
  0
VERTEX
  8
8
  10
-61631.376953
  20
1835.342255
  0
SEQEND
  8
8
  0
POINT
  8
2
 10
-61633.940430
 20
1847.065887
  0
TEXT
  8
2
 10
-61633.940430
 20
1847.065887
 40
0.000000
 50
0.000000
  1
# 370
  0
POINT
  8
2
 10
-61631.376953
 20
1835.342255
  0
TEXT
  8
2
 10
-61631.376953
 20
1835.342255
 40
0.000000
 50
0.000000
  1
# 371
  0
POINT
  8
3
 10
-61631.778427
 20
1837.175537
  0
POLYLINE
  8
8
  66
1
  70
0
  0
VERTEX
  8
8
  10
-61631.376953
  20
1835.342255
  0
VERTEX
  8
8
  10
-61641.684612
  20
1833.106485
  0
VERTEX
  8
8
  10
-61651.786325
  20
1830.915402
  0
VERTEX
  8
8
  10
-61661.796456
  20
1828.744202
  0
VERTEX
  8
8
  10
-61671.625423
  20
1826.612319
  0
VERTEX
  8
8
  10
-61681.453691
  20
1824.480604
  0
VERTEX
  8
8
  10
-61691.282123
  20
1822.348862
  0
VERTEX
  8
8
  10
-61701.320257
  20
1820.171630
  0
VERTEX
  8
8
  10
-61711.148624
  20
1818.039846
  0
VERTEX
  8
8
  10
-61720.976426
  20
1815.908084
  0
VERTEX
  8
8
  10
-61730.818283
  20
1813.773142
  0
VERTEX
  8
8
  10
-61740.644786
  20
1811.641480
  0
VERTEX
  8
8
  10
-61750.471459
  20
1809.509846
  0
VERTEX
  8
8
  10
-61760.359282
  20
1807.365113
  0
VERTEX
  8
8
  10
-61770.033331
  20
1805.266889
  0
VERTEX
  8
8
  10
-61773.803711
  20
1804.449158
  0
SEQEND
  8
8
  0
POINT
  8
2
 10
-61631.376953
 20
1835.342255
  0
TEXT
  8
2
 10
-61631.376953
 20
1835.342255
 40
0.000000
 50
0.000000
  1
# 372
  0
POINT
  8
2
 10
-61773.803711
 20
1804.449158
  0
TEXT
  8
2
 10
-61773.803711
 20
1804.449158
 40
0.000000
 50
0.000000
  1
# 373
  0
POINT
  8
3
 10
-61641.684612
 20
1833.106485
  0
POINT
  8
3
 10
-61651.786325
 20
1830.915402
  0
POINT
  8
3
 10
-61661.796456
 20
1828.744202
  0
POINT
  8
3
 10
-61671.625423
 20
1826.612319
  0
POINT
  8
3
 10
-61681.453691
 20
1824.480604
  0
POINT
  8
3
 10
-61691.282123
 20
1822.348862
  0
POINT
  8
3
 10
-61701.320257
 20
1820.171630
  0
POINT
  8
3
 10
-61711.148624
 20
1818.039846
  0
POINT
  8
3
 10
-61720.976426
 20
1815.908084
  0
POINT
  8
3
 10
-61730.818283
 20
1813.773142
  0
POINT
  8
3
 10
-61740.644786
 20
1811.641480
  0
POINT
  8
3
 10
-61750.471459
 20
1809.509846
  0
POINT
  8
3
 10
-61760.359282
 20
1807.365113
  0
POINT
  8
3
 10
-61770.033331
 20
1805.266889
  0
POLYLINE
  8
8
  66
1
  70
0
  0
VERTEX
  8
8
  10
-61773.803711
  20
1804.449158
  0
VERTEX
  8
8
  10
-61775.962204
  20
1814.331415
  0
VERTEX
  8
8
  10
-61776.362305
  20
1816.163177
  0
SEQEND
  8
8
  0
POINT
  8
2
 10
-61773.803711
 20
1804.449158
  0
TEXT
  8
2
 10
-61773.803711
 20
1804.449158
 40
0.000000
 50
0.000000
  1
# 374
  0
POINT
  8
2
 10
-61776.362305
 20
1816.163177
  0
TEXT
  8
2
 10
-61776.362305
 20
1816.163177
 40
0.000000
 50
0.000000
  1
# 375
  0
POINT
  8
3
 10
-61775.962204
 20
1814.331415
  0
POLYLINE
  8
8
  66
1
  70
0
  0
VERTEX
  8
8
  10
-61765.727539
  20
1259.558563
  0
VERTEX
  8
8
  10
-61513.745117
  20
1259.558563
  0
SEQEND
  8
8
  0
POINT
  8
2
 10
-61765.727539
 20
1259.558563
  0
TEXT
  8
2
 10
-61765.727539
 20
1259.558563
 40
0.000000
 50
0.000000
  1
# 376
  0
POINT
  8
2
 10
-61513.745117
 20
1259.558563
  0
TEXT
  8
2
 10
-61513.745117
 20
1259.558563
 40
0.000000
 50
0.000000
  1
# 377
  0
POLYLINE
  8
8
  66
1
  70
0
  0
VERTEX
  8
8
  10
-61638.090820
  20
830.435181
  0
VERTEX
  8
8
  10
-61638.090820
  20
1914.051361
  0
SEQEND
  8
8
  0
POINT
  8
2
 10
-61638.090820
 20
830.435181
  0
TEXT
  8
2
 10
-61638.090820
 20
830.435181
 40
0.000000
 50
0.000000
  1
# 378
  0
POINT
  8
2
 10
-61638.090820
 20
1914.051361
  0
TEXT
  8
2
 10
-61638.090820
 20
1914.051361
 40
0.000000
 50
0.000000
  1
# 379
  0
POLYLINE
  8
8
  66
1
  70
0
  0
VERTEX
  8
8
  10
-61545.532227
  20
1721.073151
  0
VERTEX
  8
8
  10
-61837.177734
  20
1721.073151
  0
SEQEND
  8
8
  0
POINT
  8
2
 10
-61545.532227
 20
1721.073151
  0
TEXT
  8
2
 10
-61545.532227
 20
1721.073151
 40
0.000000
 50
0.000000
  1
# 380
  0
POINT
  8
2
 10
-61837.177734
 20
1721.073151
  0
TEXT
  8
2
 10
-61837.177734
 20
1721.073151
 40
0.000000
 50
0.000000
  1
# 381
  0
POLYLINE
  8
8
  66
1
  70
0
  0
VERTEX
  8
8
  10
-61439.218750
  20
1612.073059
  0
VERTEX
  8
8
  10
-61818.813477
  20
1612.073059
  0
SEQEND
  8
8
  0
POINT
  8
2
 10
-61439.218750
 20
1612.073059
  0
TEXT
  8
2
 10
-61439.218750
 20
1612.073059
 40
0.000000
 50
0.000000
  1
# 382
  0
POINT
  8
2
 10
-61818.813477
 20
1612.073059
  0
TEXT
  8
2
 10
-61818.813477
 20
1612.073059
 40
0.000000
 50
0.000000
  1
# 383
  0
POLYLINE
  8
8
  66
1
  70
0
  0
VERTEX
  8
8
  10
-61708.911133
  20
1912.394409
  0
VERTEX
  8
8
  10
-61704.062500
  20
1826.724091
  0
SEQEND
  8
8
  0
POINT
  8
2
 10
-61708.911133
 20
1912.394409
  0
TEXT
  8
2
 10
-61708.911133
 20
1912.394409
 40
0.000000
 50
0.000000
  1
# 384
  0
POINT
  8
2
 10
-61704.062500
 20
1826.724091
  0
TEXT
  8
2
 10
-61704.062500
 20
1826.724091
 40
0.000000
 50
0.000000
  1
# 385
  0
POLYLINE
  8
8
  66
1
  70
0
  0
VERTEX
  8
8
  10
-61736.162109
  20
1906.365356
  0
VERTEX
  8
8
  10
-61704.062500
  20
1826.724091
  0
SEQEND
  8
8
  0
POINT
  8
2
 10
-61736.162109
 20
1906.365356
  0
TEXT
  8
2
 10
-61736.162109
 20
1906.365356
 40
0.000000
 50
0.000000
  1
# 386
  0
POINT
  8
2
 10
-61704.062500
 20
1826.724091
  0
TEXT
  8
2
 10
-61704.062500
 20
1826.724091
 40
0.000000
 50
0.000000
  1
# 387
  0
POLYLINE
  8
8
  66
1
  70
0
  0
VERTEX
  8
8
  10
-61704.062500
  20
1826.724091
  0
VERTEX
  8
8
  10
-61723.071289
  20
1911.763916
  0
SEQEND
  8
8
  0
POINT
  8
2
 10
-61704.062500
 20
1826.724091
  0
TEXT
  8
2
 10
-61704.062500
 20
1826.724091
 40
0.000000
 50
0.000000
  1
# 388
  0
POINT
  8
2
 10
-61723.071289
 20
1911.763916
  0
TEXT
  8
2
 10
-61723.071289
 20
1911.763916
 40
0.000000
 50
0.000000
  1
# 389
  0
POLYLINE
  8
8
  66
1
  70
0
  0
VERTEX
  8
8
  10
-61707.460938
  20
1886.693420
  0
VERTEX
  8
8
  10
-61713.691406
  20
1850.616455
  0
VERTEX
  8
8
  10
-61706.948242
  20
1868.034668
  0
SEQEND
  8
8
  0
POINT
  8
2
 10
-61707.460938
 20
1886.693420
  0
TEXT
  8
2
 10
-61707.460938
 20
1886.693420
 40
0.000000
 50
0.000000
  1
# 390
  0
POINT
  8
2
 10
-61706.948242
 20
1868.034668
  0
TEXT
  8
2
 10
-61706.948242
 20
1868.034668
 40
0.000000
 50
0.000000
  1
# 391
  0
POLYLINE
  8
8
  66
1
  70
0
  0
VERTEX
  8
8
  10
-61523.681641
  20
855.435181
  0
VERTEX
  8
8
  10
-61533.969661
  20
855.435181
  0
VERTEX
  8
8
  10
-61544.249970
  20
855.435181
  0
VERTEX
  8
8
  10
-61554.424776
  20
855.435181
  0
VERTEX
  8
8
  10
-61564.596297
  20
855.435181
  0
VERTEX
  8
8
  10
-61574.767740
  20
855.435181
  0
VERTEX
  8
8
  10
-61584.771011
  20
855.435181
  0
VERTEX
  8
8
  10
-61594.942852
  20
855.435181
  0
VERTEX
  8
8
  10
-61605.114847
  20
855.435181
  0
VERTEX
  8
8
  10
-61615.206435
  20
855.435181
  0
VERTEX
  8
8
  10
-61625.378267
  20
855.435181
  0
VERTEX
  8
8
  10
-61635.549845
  20
855.435181
  0
VERTEX
  8
8
  10
-61645.518664
  20
855.435181
  0
VERTEX
  8
8
  10
-61656.017734
  20
855.435181
  0
VERTEX
  8
8
  10
-61666.188662
  20
855.435181
  0
VERTEX
  8
8
  10
-61676.196439
  20
855.435181
  0
VERTEX
  8
8
  10
-61686.368069
  20
855.435181
  0
VERTEX
  8
8
  10
-61696.539961
  20
855.435181
  0
VERTEX
  8
8
  10
-61706.808176
  20
855.435181
  0
VERTEX
  8
8
  10
-61716.979843
  20
855.435181
  0
VERTEX
  8
8
  10
-61727.151410
  20
855.435181
  0
VERTEX
  8
8
  10
-61737.193713
  20
855.435181
  0
VERTEX
  8
8
  10
-61747.128252
  20
855.435181
  0
VERTEX
  8
8
  10
-61752.382813
  20
855.435181
  0
SEQEND
  8
8
  0
POINT
  8
2
 10
-61523.681641
 20
855.435181
  0
TEXT
  8
2
 10
-61523.681641
 20
855.435181
 40
0.000000
 50
0.000000
  1
# 392
  0
POINT
  8
2
 10
-61752.382813
 20
855.435181
  0
TEXT
  8
2
 10
-61752.382813
 20
855.435181
 40
0.000000
 50
0.000000
  1
# 393
  0
POINT
  8
3
 10
-61533.969661
 20
855.435181
  0
POINT
  8
3
 10
-61544.249970
 20
855.435181
  0
POINT
  8
3
 10
-61554.424776
 20
855.435181
  0
POINT
  8
3
 10
-61564.596297
 20
855.435181
  0
POINT
  8
3
 10
-61574.767740
 20
855.435181
  0
POINT
  8
3
 10
-61584.771011
 20
855.435181
  0
POINT
  8
3
 10
-61594.942852
 20
855.435181
  0
POINT
  8
3
 10
-61605.114847
 20
855.435181
  0
POINT
  8
3
 10
-61615.206435
 20
855.435181
  0
POINT
  8
3
 10
-61625.378267
 20
855.435181
  0
POINT
  8
3
 10
-61635.549845
 20
855.435181
  0
POINT
  8
3
 10
-61645.518664
 20
855.435181
  0
POINT
  8
3
 10
-61656.017734
 20
855.435181
  0
POINT
  8
3
 10
-61666.188662
 20
855.435181
  0
POINT
  8
3
 10
-61676.196439
 20
855.435181
  0
POINT
  8
3
 10
-61686.368069
 20
855.435181
  0
POINT
  8
3
 10
-61696.539961
 20
855.435181
  0
POINT
  8
3
 10
-61706.808176
 20
855.435181
  0
POINT
  8
3
 10
-61716.979843
 20
855.435181
  0
POINT
  8
3
 10
-61727.151410
 20
855.435181
  0
POINT
  8
3
 10
-61737.193713
 20
855.435181
  0
POINT
  8
3
 10
-61747.128252
 20
855.435181
  0
POLYLINE
  8
8
  66
1
  70
0
  0
VERTEX
  8
8
  10
-61776.455078
  20
1816.152039
  0
VERTEX
  8
8
  10
-61791.381836
  20
1885.398407
  0
SEQEND
  8
8
  0
POINT
  8
2
 10
-61776.455078
 20
1816.152039
  0
TEXT
  8
2
 10
-61776.455078
 20
1816.152039
 40
0.000000
 50
0.000000
  1
# 394
  0
POINT
  8
2
 10
-61791.381836
 20
1885.398407
  0
TEXT
  8
2
 10
-61791.381836
 20
1885.398407
 40
0.000000
 50
0.000000
  1
# 395
  0
POLYLINE
  8
8
  66
1
  70
0
  0
VERTEX
  8
8
  10
-61633.940430
  20
1847.065887
  0
VERTEX
  8
8
  10
-61649.062500
  20
1916.773529
  0
SEQEND
  8
8
  0
POINT
  8
2
 10
-61633.940430
 20
1847.065887
  0
TEXT
  8
2
 10
-61633.940430
 20
1847.065887
 40
0.000000
 50
0.000000
  1
# 396
  0
POINT
  8
2
 10
-61649.062500
 20
1916.773529
  0
TEXT
  8
2
 10
-61649.062500
 20
1916.773529
 40
0.000000
 50
0.000000
  1
# 397
 0
LINE
 8
7
 10
-61647.558594
 20
1717.050171
 11
-61647.558594
 21
988.509216
  0
TEXT
  8
1
 10
-61825.966797
 20
1689.160156
 40
10.000000
 50
0.000000
  1
车线位置
  0
TEXT
  8
1
 10
-61643.725586
 20
1364.672012
 40
10.000000
 50
0.000000
  1
Piece Name: 26SMC-WP117M 展_后片_175/84
  0
TEXT
  8
1
 10
-61643.725586
 20
1379.672012
 40
10.000000
 50
0.000000
  1
Size: 175/84
  0
TEXT
  8
1
 10
-61643.725586
 20
1394.672012
 40
10.000000
 50
0.000000
  1
Annotation: 
  0
TEXT
  8
1
 10
-61643.725586
 20
1409.672012
 40
10.000000
 50
0.000000
  1
Quantity: 1,1
  0
TEXT
  8
1
 10
-61643.725586
 20
1424.672012
 40
10.000000
 50
0.000000
  1
Material: 原
  0
TEXT
  8
1
 10
-61643.725586
 20
1424.672012
 40
10.000000
 50
0.000000
  1
Category: 6
0
ENDBLK
0
BLOCK
  8
1
  2
26SMC-WP117M 展_后袋布_175/84
 70
0
 10
0.0
 20
0.0
  0
POLYLINE
  8
1
  66
1
  70
1
  0
VERTEX
  8
1
  10
-62166.127930
  20
-294.011898
  0
VERTEX
  8
1
  10
-62166.152344
  20
-289.120770
  0
VERTEX
  8
1
  10
-62166.088867
  20
-283.857441
  0
VERTEX
  8
1
  10
-62165.937500
  20
-278.474293
  0
VERTEX
  8
1
  10
-62165.703125
  20
-273.284397
  0
VERTEX
  8
1
  10
-62165.400391
  20
-268.423653
  0
VERTEX
  8
1
  10
-62165.034180
  20
-263.857193
  0
VERTEX
  8
1
  10
-62164.604492
  20
-259.550610
  0
VERTEX
  8
1
  10
-62164.130859
  20
-255.616035
  0
VERTEX
  8
1
  10
-62163.598633
  20
-251.922531
  0
VERTEX
  8
1
  10
-62163.022461
  20
-248.473606
  0
VERTEX
  8
1
  10
-62162.402344
  20
-245.270863
  0
VERTEX
  8
1
  10
-62161.699219
  20
-242.087784
  0
VERTEX
  8
1
  10
-62160.971680
  20
-239.153061
  0
VERTEX
  8
1
  10
-62160.161133
  20
-236.241703
  0
VERTEX
  8
1
  10
-62159.262695
  20
-233.356838
  0
VERTEX
  8
1
  10
-62158.286133
  20
-230.523872
  0
VERTEX
  8
1
  10
-62157.138672
  20
-227.478676
  0
VERTEX
  8
1
  10
-62155.742188
  20
-224.038143
  0
VERTEX
  8
1
  10
-62154.169922
  20
-220.411453
  0
VERTEX
  8
1
  10
-62152.338867
  20
-216.393242
  0
VERTEX
  8
1
  10
-62150.048828
  20
-211.596756
  0
VERTEX
  8
1
  10
-62147.441406
  20
-206.287289
  0
VERTEX
  8
1
  10
-62135.541992
  20
-206.287289
  0
VERTEX
  8
1
  10
-62124.199219
  20
-206.287289
  0
VERTEX
  8
1
  10
-62112.324219
  20
-206.287289
  0
VERTEX
  8
1
  10
-62101.269531
  20
-206.287289
  0
VERTEX
  8
1
  10
-62089.448242
  20
-206.287289
  0
VERTEX
  8
1
  10
-62077.143555
  20
-206.287289
  0
VERTEX
  8
1
  10
-62064.619141
  20
-206.287289
  0
VERTEX
  8
1
  10
-62054.624023
  20
-206.287289
  0
VERTEX
  8
1
  10
-62042.392578
  20
-206.287289
  0
VERTEX
  8
1
  10
-62030.703125
  20
-206.287289
  0
VERTEX
  8
1
  10
-62019.833984
  20
-206.287289
  0
VERTEX
  8
1
  10
-62010.053711
  20
-206.287289
  0
VERTEX
  8
1
  10
-62000.136719
  20
-206.287289
  0
VERTEX
  8
1
  10
-61989.970703
  20
-206.287289
  0
VERTEX
  8
1
  10
-61986.811523
  20
-206.287289
  0
VERTEX
  8
1
  10
-61984.306641
  20
-211.313076
  0
VERTEX
  8
1
  10
-61982.075195
  20
-215.986671
  0
VERTEX
  8
1
  10
-61980.156250
  20
-220.191326
  0
VERTEX
  8
1
  10
-61978.583984
  20
-223.839817
  0
VERTEX
  8
1
  10
-61977.265625
  20
-227.103462
  0
VERTEX
  8
1
  10
-61976.103516
  20
-230.178165
  0
VERTEX
  8
1
  10
-61975.048828
  20
-233.221245
  0
VERTEX
  8
1
  10
-61974.130859
  20
-236.130276
  0
VERTEX
  8
1
  10
-61973.305664
  20
-239.015541
  0
VERTEX
  8
1
  10
-61972.553711
  20
-241.971302
  0
VERTEX
  8
1
  10
-61971.831055
  20
-245.176945
  0
VERTEX
  8
1
  10
-61971.196289
  20
-248.402805
  0
VERTEX
  8
1
  10
-61970.605469
  20
-251.877899
  0
VERTEX
  8
1
  10
-61970.097656
  20
-255.368671
  0
VERTEX
  8
1
  10
-61969.638672
  20
-259.104996
  0
VERTEX
  8
1
  10
-61969.238281
  20
-263.084183
  0
VERTEX
  8
1
  10
-61968.891602
  20
-267.352943
  0
VERTEX
  8
1
  10
-61968.603516
  20
-271.980457
  0
VERTEX
  8
1
  10
-61968.364258
  20
-277.089787
  0
VERTEX
  8
1
  10
-61968.198242
  20
-282.577553
  0
VERTEX
  8
1
  10
-61968.115234
  20
-288.153381
  0
VERTEX
  8
1
  10
-61968.120117
  20
-293.675289
  0
VERTEX
  8
1
  10
-61968.120117
  20
-298.885498
  0
VERTEX
  8
1
  10
-61968.120117
  20
-308.911247
  0
VERTEX
  8
1
  10
-61968.120117
  20
-319.130249
  0
VERTEX
  8
1
  10
-61968.120117
  20
-329.419136
  0
VERTEX
  8
1
  10
-61968.120117
  20
-339.385567
  0
VERTEX
  8
1
  10
-61968.120117
  20
-339.708061
  0
VERTEX
  8
1
  10
-61968.120117
  20
-349.824409
  0
VERTEX
  8
1
  10
-61968.120117
  20
-360.113297
  0
VERTEX
  8
1
  10
-61968.120117
  20
-370.237579
  0
VERTEX
  8
1
  10
-61968.120117
  20
-380.526466
  0
VERTEX
  8
1
  10
-61968.120117
  20
-390.815392
  0
VERTEX
  8
1
  10
-61968.120117
  20
-400.935555
  0
VERTEX
  8
1
  10
-61968.120117
  20
-411.224442
  0
VERTEX
  8
1
  10
-61968.120117
  20
-421.513329
  0
VERTEX
  8
1
  10
-61968.120117
  20
-431.641235
  0
VERTEX
  8
1
  10
-61968.120117
  20
-441.793404
  0
VERTEX
  8
1
  10
-61968.120117
  20
-452.156448
  0
VERTEX
  8
1
  10
-61968.120117
  20
-462.519493
  0
VERTEX
  8
1
  10
-61968.120117
  20
-472.671661
  0
VERTEX
  8
1
  10
-61968.120117
  20
-482.799568
  0
VERTEX
  8
1
  10
-61968.120117
  20
-493.088455
  0
VERTEX
  8
1
  10
-61968.120117
  20
-503.377342
  0
VERTEX
  8
1
  10
-61968.120117
  20
-513.497505
  0
VERTEX
  8
1
  10
-61968.120117
  20
-523.786430
  0
VERTEX
  8
1
  10
-61968.120117
  20
-534.075317
  0
VERTEX
  8
1
  10
-61968.120117
  20
-544.199600
  0
VERTEX
  8
1
  10
-61968.120117
  20
-554.488487
  0
VERTEX
  8
1
  10
-61968.120117
  20
-564.604836
  0
VERTEX
  8
1
  10
-61968.120117
  20
-564.927330
  0
VERTEX
  8
1
  10
-61968.120117
  20
-574.893761
  0
VERTEX
  8
1
  10
-61968.120117
  20
-585.182648
  0
VERTEX
  8
1
  10
-61968.120117
  20
-595.401649
  0
VERTEX
  8
1
  10
-61968.120117
  20
-605.427399
  0
VERTEX
  8
1
  10
-61968.120117
  20
-610.637589
  0
VERTEX
  8
1
  10
-61968.115234
  20
-616.159515
  0
VERTEX
  8
1
  10
-61968.198242
  20
-621.735344
  0
VERTEX
  8
1
  10
-61968.364258
  20
-627.223091
  0
VERTEX
  8
1
  10
-61968.603516
  20
-632.332458
  0
VERTEX
  8
1
  10
-61968.891602
  20
-636.959953
  0
VERTEX
  8
1
  10
-61969.238281
  20
-641.228714
  0
VERTEX
  8
1
  10
-61969.638672
  20
-645.207901
  0
VERTEX
  8
1
  10
-61970.097656
  20
-648.944244
  0
VERTEX
  8
1
  10
-61970.605469
  20
-652.434998
  0
VERTEX
  8
1
  10
-61971.196289
  20
-655.910110
  0
VERTEX
  8
1
  10
-61971.831055
  20
-659.135971
  0
VERTEX
  8
1
  10
-61972.553711
  20
-662.341614
  0
VERTEX
  8
1
  10
-61973.305664
  20
-665.297318
  0
VERTEX
  8
1
  10
-61974.130859
  20
-668.182602
  0
VERTEX
  8
1
  10
-61975.048828
  20
-671.091614
  0
VERTEX
  8
1
  10
-61976.103516
  20
-674.134750
  0
VERTEX
  8
1
  10
-61977.265625
  20
-677.209396
  0
VERTEX
  8
1
  10
-61978.583984
  20
-680.473099
  0
VERTEX
  8
1
  10
-61980.156250
  20
-684.121552
  0
VERTEX
  8
1
  10
-61982.075195
  20
-688.326187
  0
VERTEX
  8
1
  10
-61984.306641
  20
-692.999802
  0
VERTEX
  8
1
  10
-61986.811523
  20
-698.025589
  0
VERTEX
  8
1
  10
-61989.970703
  20
-698.025589
  0
VERTEX
  8
1
  10
-62000.136719
  20
-698.025589
  0
VERTEX
  8
1
  10
-62010.053711
  20
-698.025589
  0
VERTEX
  8
1
  10
-62019.833984
  20
-698.025589
  0
VERTEX
  8
1
  10
-62030.703125
  20
-698.025589
  0
VERTEX
  8
1
  10
-62042.392578
  20
-698.025589
  0
VERTEX
  8
1
  10
-62054.624023
  20
-698.025589
  0
VERTEX
  8
1
  10
-62064.619141
  20
-698.025589
  0
VERTEX
  8
1
  10
-62077.143555
  20
-698.025589
  0
VERTEX
  8
1
  10
-62089.448242
  20
-698.025589
  0
VERTEX
  8
1
  10
-62101.269531
  20
-698.025589
  0
VERTEX
  8
1
  10
-62112.324219
  20
-698.025589
  0
VERTEX
  8
1
  10
-62124.199219
  20
-698.025589
  0
VERTEX
  8
1
  10
-62135.541992
  20
-698.025589
  0
VERTEX
  8
1
  10
-62147.441406
  20
-698.025589
  0
VERTEX
  8
1
  10
-62150.048828
  20
-692.716141
  0
VERTEX
  8
1
  10
-62152.338867
  20
-687.919617
  0
VERTEX
  8
1
  10
-62154.169922
  20
-683.901443
  0
VERTEX
  8
1
  10
-62155.742188
  20
-680.274734
  0
VERTEX
  8
1
  10
-62157.138672
  20
-676.834259
  0
VERTEX
  8
1
  10
-62158.286133
  20
-673.788986
  0
VERTEX
  8
1
  10
-62159.262695
  20
-670.956039
  0
VERTEX
  8
1
  10
-62160.161133
  20
-668.071213
  0
VERTEX
  8
1
  10
-62160.971680
  20
-665.159836
  0
VERTEX
  8
1
  10
-62161.699219
  20
-662.225113
  0
VERTEX
  8
1
  10
-62162.402344
  20
-659.042053
  0
VERTEX
  8
1
  10
-62163.022461
  20
-655.839310
  0
VERTEX
  8
1
  10
-62163.598633
  20
-652.390366
  0
VERTEX
  8
1
  10
-62164.130859
  20
-648.696899
  0
VERTEX
  8
1
  10
-62164.604492
  20
-644.762268
  0
VERTEX
  8
1
  10
-62165.034180
  20
-640.455704
  0
VERTEX
  8
1
  10
-62165.400391
  20
-635.889244
  0
VERTEX
  8
1
  10
-62165.703125
  20
-631.028481
  0
VERTEX
  8
1
  10
-62165.937500
  20
-625.838623
  0
VERTEX
  8
1
  10
-62166.088867
  20
-620.455437
  0
VERTEX
  8
1
  10
-62166.152344
  20
-615.192108
  0
VERTEX
  8
1
  10
-62166.127930
  20
-610.300980
  0
VERTEX
  8
1
  10
-62166.127930
  20
-605.007210
  0
VERTEX
  8
1
  10
-62166.127930
  20
-594.940567
  0
VERTEX
  8
1
  10
-62166.127930
  20
-584.842949
  0
VERTEX
  8
1
  10
-62166.127930
  20
-574.578323
  0
VERTEX
  8
1
  10
-62166.127930
  20
-564.590721
  0
VERTEX
  8
1
  10
-62166.127930
  20
-564.313660
  0
VERTEX
  8
1
  10
-62166.127930
  20
-554.271698
  0
VERTEX
  8
1
  10
-62166.127930
  20
-544.007072
  0
VERTEX
  8
1
  10
-62166.127930
  20
-533.952446
  0
VERTEX
  8
1
  10
-62166.127930
  20
-523.687744
  0
VERTEX
  8
1
  10
-62166.127930
  20
-513.423080
  0
VERTEX
  8
1
  10
-62166.127930
  20
-503.327255
  0
VERTEX
  8
1
  10
-62166.127930
  20
-493.062592
  0
VERTEX
  8
1
  10
-62166.127930
  20
-482.797966
  0
VERTEX
  8
1
  10
-62166.127930
  20
-472.592125
  0
VERTEX
  8
1
  10
-62166.127930
  20
-462.475891
  0
VERTEX
  8
1
  10
-62166.127930
  20
-452.156448
  0
VERTEX
  8
1
  10
-62166.127930
  20
-441.837006
  0
VERTEX
  8
1
  10
-62166.127930
  20
-431.720772
  0
VERTEX
  8
1
  10
-62166.127930
  20
-421.514931
  0
VERTEX
  8
1
  10
-62166.127930
  20
-411.250305
  0
VERTEX
  8
1
  10
-62166.127930
  20
-400.985641
  0
VERTEX
  8
1
  10
-62166.127930
  20
-390.889816
  0
VERTEX
  8
1
  10
-62166.127930
  20
-380.625153
  0
VERTEX
  8
1
  10
-62166.127930
  20
-370.360451
  0
VERTEX
  8
1
  10
-62166.127930
  20
-360.305824
  0
VERTEX
  8
1
  10
-62166.127930
  20
-350.041199
  0
VERTEX
  8
1
  10
-62166.127930
  20
-339.999237
  0
VERTEX
  8
1
  10
-62166.127930
  20
-339.722176
  0
VERTEX
  8
1
  10
-62166.127930
  20
-329.734573
  0
VERTEX
  8
1
  10
-62166.127930
  20
-319.469948
  0
VERTEX
  8
1
  10
-62166.127930
  20
-309.372330
  0
VERTEX
  8
1
  10
-62166.127930
  20
-299.305687
  0
SEQEND
  8
1
  0
POINT
  8
2
 10
-62166.127930
 20
-294.011898
  0
TEXT
  8
2
 10
-62166.127930
 20
-294.011898
 40
0.000000
 50
0.000000
  1
# 398
  0
POINT
  8
2
 10
-62147.441406
 20
-206.287289
  0
TEXT
  8
2
 10
-62147.441406
 20
-206.287289
 40
0.000000
 50
0.000000
  1
# 399
  0
POINT
  8
2
 10
-61986.811523
 20
-206.287289
  0
TEXT
  8
2
 10
-61986.811523
 20
-206.287289
 40
0.000000
 50
0.000000
  1
# 400
  0
POINT
  8
2
 10
-61968.120117
 20
-293.675289
  0
TEXT
  8
2
 10
-61968.120117
 20
-293.675289
 40
0.000000
 50
0.000000
  1
# 401
  0
POINT
  8
2
 10
-61968.120117
 20
-452.156448
  0
TEXT
  8
2
 10
-61968.120117
 20
-452.156448
 40
0.000000
 50
0.000000
  1
# 402
  0
POINT
  8
2
 10
-61968.120117
 20
-610.637589
  0
TEXT
  8
2
 10
-61968.120117
 20
-610.637589
 40
0.000000
 50
0.000000
  1
# 403
  0
POINT
  8
2
 10
-61986.811523
 20
-698.025589
  0
TEXT
  8
2
 10
-61986.811523
 20
-698.025589
 40
0.000000
 50
0.000000
  1
# 404
  0
POINT
  8
2
 10
-62147.441406
 20
-698.025589
  0
TEXT
  8
2
 10
-62147.441406
 20
-698.025589
 40
0.000000
 50
0.000000
  1
# 405
  0
POINT
  8
2
 10
-62166.127930
 20
-610.300980
  0
TEXT
  8
2
 10
-62166.127930
 20
-610.300980
 40
0.000000
 50
0.000000
  1
# 406
  0
POINT
  8
2
 10
-62166.127930
 20
-452.156448
  0
TEXT
  8
2
 10
-62166.127930
 20
-452.156448
 40
0.000000
 50
0.000000
  1
# 407
  0
POINT
  8
3
 10
-62166.152344
 20
-289.120770
  0
POINT
  8
3
 10
-62166.088867
 20
-283.857441
  0
POINT
  8
3
 10
-62165.937500
 20
-278.474293
  0
POINT
  8
3
 10
-62165.703125
 20
-273.284397
  0
POINT
  8
3
 10
-62165.400391
 20
-268.423653
  0
POINT
  8
3
 10
-62165.034180
 20
-263.857193
  0
POINT
  8
3
 10
-62164.604492
 20
-259.550610
  0
POINT
  8
3
 10
-62164.130859
 20
-255.616035
  0
POINT
  8
3
 10
-62163.598633
 20
-251.922531
  0
POINT
  8
3
 10
-62163.022461
 20
-248.473606
  0
POINT
  8
3
 10
-62162.402344
 20
-245.270863
  0
POINT
  8
3
 10
-62161.699219
 20
-242.087784
  0
POINT
  8
3
 10
-62160.971680
 20
-239.153061
  0
POINT
  8
3
 10
-62160.161133
 20
-236.241703
  0
POINT
  8
3
 10
-62159.262695
 20
-233.356838
  0
POINT
  8
3
 10
-62158.286133
 20
-230.523872
  0
POINT
  8
3
 10
-62157.138672
 20
-227.478676
  0
POINT
  8
3
 10
-62155.742188
 20
-224.038143
  0
POINT
  8
3
 10
-62154.169922
 20
-220.411453
  0
POINT
  8
3
 10
-62152.338867
 20
-216.393242
  0
POINT
  8
3
 10
-62150.048828
 20
-211.596756
  0
POINT
  8
3
 10
-62135.541992
 20
-206.287289
  0
POINT
  8
3
 10
-62124.199219
 20
-206.287289
  0
POINT
  8
3
 10
-62112.324219
 20
-206.287289
  0
POINT
  8
3
 10
-62101.269531
 20
-206.287289
  0
POINT
  8
3
 10
-62089.448242
 20
-206.287289
  0
POINT
  8
3
 10
-62077.143555
 20
-206.287289
  0
POINT
  8
3
 10
-62064.619141
 20
-206.287289
  0
POINT
  8
3
 10
-62054.624023
 20
-206.287289
  0
POINT
  8
3
 10
-62042.392578
 20
-206.287289
  0
POINT
  8
3
 10
-62030.703125
 20
-206.287289
  0
POINT
  8
3
 10
-62019.833984
 20
-206.287289
  0
POINT
  8
3
 10
-62010.053711
 20
-206.287289
  0
POINT
  8
3
 10
-62000.136719
 20
-206.287289
  0
POINT
  8
3
 10
-61989.970703
 20
-206.287289
  0
POINT
  8
3
 10
-61984.306641
 20
-211.313076
  0
POINT
  8
3
 10
-61982.075195
 20
-215.986671
  0
POINT
  8
3
 10
-61980.156250
 20
-220.191326
  0
POINT
  8
3
 10
-61978.583984
 20
-223.839817
  0
POINT
  8
3
 10
-61977.265625
 20
-227.103462
  0
POINT
  8
3
 10
-61976.103516
 20
-230.178165
  0
POINT
  8
3
 10
-61975.048828
 20
-233.221245
  0
POINT
  8
3
 10
-61974.130859
 20
-236.130276
  0
POINT
  8
3
 10
-61973.305664
 20
-239.015541
  0
POINT
  8
3
 10
-61972.553711
 20
-241.971302
  0
POINT
  8
3
 10
-61971.831055
 20
-245.176945
  0
POINT
  8
3
 10
-61971.196289
 20
-248.402805
  0
POINT
  8
3
 10
-61970.605469
 20
-251.877899
  0
POINT
  8
3
 10
-61970.097656
 20
-255.368671
  0
POINT
  8
3
 10
-61969.638672
 20
-259.104996
  0
POINT
  8
3
 10
-61969.238281
 20
-263.084183
  0
POINT
  8
3
 10
-61968.891602
 20
-267.352943
  0
POINT
  8
3
 10
-61968.603516
 20
-271.980457
  0
POINT
  8
3
 10
-61968.364258
 20
-277.089787
  0
POINT
  8
3
 10
-61968.198242
 20
-282.577553
  0
POINT
  8
3
 10
-61968.115234
 20
-288.153381
  0
POINT
  8
3
 10
-61968.120117
 20
-298.885498
  0
POINT
  8
3
 10
-61968.120117
 20
-308.911247
  0
POINT
  8
3
 10
-61968.120117
 20
-319.130249
  0
POINT
  8
3
 10
-61968.120117
 20
-329.419136
  0
POINT
  8
3
 10
-61968.120117
 20
-339.385567
  0
POINT
  8
3
 10
-61968.120117
 20
-339.708061
  0
POINT
  8
3
 10
-61968.120117
 20
-349.824409
  0
POINT
  8
3
 10
-61968.120117
 20
-360.113297
  0
POINT
  8
3
 10
-61968.120117
 20
-370.237579
  0
POINT
  8
3
 10
-61968.120117
 20
-380.526466
  0
POINT
  8
3
 10
-61968.120117
 20
-390.815392
  0
POINT
  8
3
 10
-61968.120117
 20
-400.935555
  0
POINT
  8
3
 10
-61968.120117
 20
-411.224442
  0
POINT
  8
3
 10
-61968.120117
 20
-421.513329
  0
POINT
  8
3
 10
-61968.120117
 20
-431.641235
  0
POINT
  8
3
 10
-61968.120117
 20
-441.793404
  0
POINT
  8
3
 10
-61968.120117
 20
-462.519493
  0
POINT
  8
3
 10
-61968.120117
 20
-472.671661
  0
POINT
  8
3
 10
-61968.120117
 20
-482.799568
  0
POINT
  8
3
 10
-61968.120117
 20
-493.088455
  0
POINT
  8
3
 10
-61968.120117
 20
-503.377342
  0
POINT
  8
3
 10
-61968.120117
 20
-513.497505
  0
POINT
  8
3
 10
-61968.120117
 20
-523.786430
  0
POINT
  8
3
 10
-61968.120117
 20
-534.075317
  0
POINT
  8
3
 10
-61968.120117
 20
-544.199600
  0
POINT
  8
3
 10
-61968.120117
 20
-554.488487
  0
POINT
  8
3
 10
-61968.120117
 20
-564.604836
  0
POINT
  8
3
 10
-61968.120117
 20
-564.927330
  0
POINT
  8
3
 10
-61968.120117
 20
-574.893761
  0
POINT
  8
3
 10
-61968.120117
 20
-585.182648
  0
POINT
  8
3
 10
-61968.120117
 20
-595.401649
  0
POINT
  8
3
 10
-61968.120117
 20
-605.427399
  0
POINT
  8
3
 10
-61968.115234
 20
-616.159515
  0
POINT
  8
3
 10
-61968.198242
 20
-621.735344
  0
POINT
  8
3
 10
-61968.364258
 20
-627.223091
  0
POINT
  8
3
 10
-61968.603516
 20
-632.332458
  0
POINT
  8
3
 10
-61968.891602
 20
-636.959953
  0
POINT
  8
3
 10
-61969.238281
 20
-641.228714
  0
POINT
  8
3
 10
-61969.638672
 20
-645.207901
  0
POINT
  8
3
 10
-61970.097656
 20
-648.944244
  0
POINT
  8
3
 10
-61970.605469
 20
-652.434998
  0
POINT
  8
3
 10
-61971.196289
 20
-655.910110
  0
POINT
  8
3
 10
-61971.831055
 20
-659.135971
  0
POINT
  8
3
 10
-61972.553711
 20
-662.341614
  0
POINT
  8
3
 10
-61973.305664
 20
-665.297318
  0
POINT
  8
3
 10
-61974.130859
 20
-668.182602
  0
POINT
  8
3
 10
-61975.048828
 20
-671.091614
  0
POINT
  8
3
 10
-61976.103516
 20
-674.134750
  0
POINT
  8
3
 10
-61977.265625
 20
-677.209396
  0
POINT
  8
3
 10
-61978.583984
 20
-680.473099
  0
POINT
  8
3
 10
-61980.156250
 20
-684.121552
  0
POINT
  8
3
 10
-61982.075195
 20
-688.326187
  0
POINT
  8
3
 10
-61984.306641
 20
-692.999802
  0
POINT
  8
3
 10
-61989.970703
 20
-698.025589
  0
POINT
  8
3
 10
-62000.136719
 20
-698.025589
  0
POINT
  8
3
 10
-62010.053711
 20
-698.025589
  0
POINT
  8
3
 10
-62019.833984
 20
-698.025589
  0
POINT
  8
3
 10
-62030.703125
 20
-698.025589
  0
POINT
  8
3
 10
-62042.392578
 20
-698.025589
  0
POINT
  8
3
 10
-62054.624023
 20
-698.025589
  0
POINT
  8
3
 10
-62064.619141
 20
-698.025589
  0
POINT
  8
3
 10
-62077.143555
 20
-698.025589
  0
POINT
  8
3
 10
-62089.448242
 20
-698.025589
  0
POINT
  8
3
 10
-62101.269531
 20
-698.025589
  0
POINT
  8
3
 10
-62112.324219
 20
-698.025589
  0
POINT
  8
3
 10
-62124.199219
 20
-698.025589
  0
POINT
  8
3
 10
-62135.541992
 20
-698.025589
  0
POINT
  8
3
 10
-62150.048828
 20
-692.716141
  0
POINT
  8
3
 10
-62152.338867
 20
-687.919617
  0
POINT
  8
3
 10
-62154.169922
 20
-683.901443
  0
POINT
  8
3
 10
-62155.742188
 20
-680.274734
  0
POINT
  8
3
 10
-62157.138672
 20
-676.834259
  0
POINT
  8
3
 10
-62158.286133
 20
-673.788986
  0
POINT
  8
3
 10
-62159.262695
 20
-670.956039
  0
POINT
  8
3
 10
-62160.161133
 20
-668.071213
  0
POINT
  8
3
 10
-62160.971680
 20
-665.159836
  0
POINT
  8
3
 10
-62161.699219
 20
-662.225113
  0
POINT
  8
3
 10
-62162.402344
 20
-659.042053
  0
POINT
  8
3
 10
-62163.022461
 20
-655.839310
  0
POINT
  8
3
 10
-62163.598633
 20
-652.390366
  0
POINT
  8
3
 10
-62164.130859
 20
-648.696899
  0
POINT
  8
3
 10
-62164.604492
 20
-644.762268
  0
POINT
  8
3
 10
-62165.034180
 20
-640.455704
  0
POINT
  8
3
 10
-62165.400391
 20
-635.889244
  0
POINT
  8
3
 10
-62165.703125
 20
-631.028481
  0
POINT
  8
3
 10
-62165.937500
 20
-625.838623
  0
POINT
  8
3
 10
-62166.088867
 20
-620.455437
  0
POINT
  8
3
 10
-62166.152344
 20
-615.192108
  0
POINT
  8
3
 10
-62166.127930
 20
-605.007210
  0
POINT
  8
3
 10
-62166.127930
 20
-594.940567
  0
POINT
  8
3
 10
-62166.127930
 20
-584.842949
  0
POINT
  8
3
 10
-62166.127930
 20
-574.578323
  0
POINT
  8
3
 10
-62166.127930
 20
-564.590721
  0
POINT
  8
3
 10
-62166.127930
 20
-564.313660
  0
POINT
  8
3
 10
-62166.127930
 20
-554.271698
  0
POINT
  8
3
 10
-62166.127930
 20
-544.007072
  0
POINT
  8
3
 10
-62166.127930
 20
-533.952446
  0
POINT
  8
3
 10
-62166.127930
 20
-523.687744
  0
POINT
  8
3
 10
-62166.127930
 20
-513.423080
  0
POINT
  8
3
 10
-62166.127930
 20
-503.327255
  0
POINT
  8
3
 10
-62166.127930
 20
-493.062592
  0
POINT
  8
3
 10
-62166.127930
 20
-482.797966
  0
POINT
  8
3
 10
-62166.127930
 20
-472.592125
  0
POINT
  8
3
 10
-62166.127930
 20
-462.475891
  0
POINT
  8
3
 10
-62166.127930
 20
-441.837006
  0
POINT
  8
3
 10
-62166.127930
 20
-431.720772
  0
POINT
  8
3
 10
-62166.127930
 20
-421.514931
  0
POINT
  8
3
 10
-62166.127930
 20
-411.250305
  0
POINT
  8
3
 10
-62166.127930
 20
-400.985641
  0
POINT
  8
3
 10
-62166.127930
 20
-390.889816
  0
POINT
  8
3
 10
-62166.127930
 20
-380.625153
  0
POINT
  8
3
 10
-62166.127930
 20
-370.360451
  0
POINT
  8
3
 10
-62166.127930
 20
-360.305824
  0
POINT
  8
3
 10
-62166.127930
 20
-350.041199
  0
POINT
  8
3
 10
-62166.127930
 20
-339.999237
  0
POINT
  8
3
 10
-62166.127930
 20
-339.722176
  0
POINT
  8
3
 10
-62166.127930
 20
-329.734573
  0
POINT
  8
3
 10
-62166.127930
 20
-319.469948
  0
POINT
  8
3
 10
-62166.127930
 20
-309.372330
  0
POINT
  8
3
 10
-62166.127930
 20
-299.305687
  0
POINT
  8
4
 10
-61968.120117
 20
-339.385567
 30
1.000000
 50
180.10
  0
TEXT
  8
4
 10
-61968.120117
 20
-339.385567
 40
0.000000
 50
0.000000
  1
# 408
  0
POINT
  8
4
 10
-61968.120117
 20
-564.927330
 30
1.000000
 50
179.90
  0
TEXT
  8
4
 10
-61968.120117
 20
-564.927330
 40
0.000000
 50
0.000000
  1
# 409
  0
POINT
  8
4
 10
-62166.127930
 20
-564.590721
 30
1.000000
 50
359.90
  0
TEXT
  8
4
 10
-62166.127930
 20
-564.590721
 40
0.000000
 50
0.000000
  1
# 410
  0
POINT
  8
4
 10
-62166.127930
 20
-339.722176
 30
1.000000
 50
  0.10
  0
TEXT
  8
4
 10
-62166.127930
 20
-339.722176
 40
0.000000
 50
0.000000
  1
# 411
  0
POLYLINE
  8
8
  66
1
  70
0
  0
VERTEX
  8
8
  10
-61968.120117
  20
-452.156448
  0
VERTEX
  8
8
  10
-61978.450228
  20
-452.156448
  0
VERTEX
  8
8
  10
-61988.557684
  20
-452.156448
  0
VERTEX
  8
8
  10
-61998.798284
  20
-452.156448
  0
VERTEX
  8
8
  10
-62008.976872
  20
-452.156448
  0
VERTEX
  8
8
  10
-62019.155434
  20
-452.156448
  0
VERTEX
  8
8
  10
-62029.427187
  20
-452.156448
  0
VERTEX
  8
8
  10
-62039.605950
  20
-452.156448
  0
VERTEX
  8
8
  10
-62049.784814
  20
-452.156448
  0
VERTEX
  8
8
  10
-62059.929899
  20
-452.156448
  0
VERTEX
  8
8
  10
-62070.108817
  20
-452.156448
  0
VERTEX
  8
8
  10
-62080.287736
  20
-452.156448
  0
VERTEX
  8
8
  10
-62090.613492
  20
-452.156448
  0
VERTEX
  8
8
  10
-62100.792443
  20
-452.156448
  0
VERTEX
  8
8
  10
-62110.971564
  20
-452.156448
  0
VERTEX
  8
8
  10
-62121.302746
  20
-452.156448
  0
VERTEX
  8
8
  10
-62131.482503
  20
-452.156448
  0
VERTEX
  8
8
  10
-62141.530907
  20
-452.156448
  0
VERTEX
  8
8
  10
-62151.703746
  20
-452.156448
  0
VERTEX
  8
8
  10
-62161.604678
  20
-452.156448
  0
VERTEX
  8
8
  10
-62166.127930
  20
-452.156448
  0
SEQEND
  8
8
  0
POINT
  8
2
 10
-61968.120117
 20
-452.156448
  0
TEXT
  8
2
 10
-61968.120117
 20
-452.156448
 40
0.000000
 50
0.000000
  1
# 412
  0
POINT
  8
2
 10
-62166.127930
 20
-452.156448
  0
TEXT
  8
2
 10
-62166.127930
 20
-452.156448
 40
0.000000
 50
0.000000
  1
# 413
  0
POINT
  8
3
 10
-61978.450228
 20
-452.156448
  0
POINT
  8
3
 10
-61988.557684
 20
-452.156448
  0
POINT
  8
3
 10
-61998.798284
 20
-452.156448
  0
POINT
  8
3
 10
-62008.976872
 20
-452.156448
  0
POINT
  8
3
 10
-62019.155434
 20
-452.156448
  0
POINT
  8
3
 10
-62029.427187
 20
-452.156448
  0
POINT
  8
3
 10
-62039.605950
 20
-452.156448
  0
POINT
  8
3
 10
-62049.784814
 20
-452.156448
  0
POINT
  8
3
 10
-62059.929899
 20
-452.156448
  0
POINT
  8
3
 10
-62070.108817
 20
-452.156448
  0
POINT
  8
3
 10
-62080.287736
 20
-452.156448
  0
POINT
  8
3
 10
-62090.613492
 20
-452.156448
  0
POINT
  8
3
 10
-62100.792443
 20
-452.156448
  0
POINT
  8
3
 10
-62110.971564
 20
-452.156448
  0
POINT
  8
3
 10
-62121.302746
 20
-452.156448
  0
POINT
  8
3
 10
-62131.482503
 20
-452.156448
  0
POINT
  8
3
 10
-62141.530907
 20
-452.156448
  0
POINT
  8
3
 10
-62151.703746
 20
-452.156448
  0
POINT
  8
3
 10
-62161.604678
 20
-452.156448
  0
POLYLINE
  8
8
  66
1
  70
0
  0
VERTEX
  8
8
  10
-62166.054688
  20
-339.722061
  0
VERTEX
  8
8
  10
-61968.046875
  20
-339.385452
  0
SEQEND
  8
8
  0
POINT
  8
2
 10
-62166.054688
 20
-339.722061
  0
TEXT
  8
2
 10
-62166.054688
 20
-339.722061
 40
0.000000
 50
0.000000
  1
# 414
  0
POINT
  8
2
 10
-61968.046875
 20
-339.385452
  0
TEXT
  8
2
 10
-61968.046875
 20
-339.385452
 40
0.000000
 50
0.000000
  1
# 415
  0
POLYLINE
  8
8
  66
1
  70
0
  0
VERTEX
  8
8
  10
-62035.263672
  20
-206.287289
  0
VERTEX
  8
8
  10
-62035.263672
  20
-339.499741
  0
SEQEND
  8
8
  0
POINT
  8
2
 10
-62035.263672
 20
-206.287289
  0
TEXT
  8
2
 10
-62035.263672
 20
-206.287289
 40
0.000000
 50
0.000000
  1
# 416
  0
POINT
  8
2
 10
-62035.263672
 20
-339.499741
  0
TEXT
  8
2
 10
-62035.263672
 20
-339.499741
 40
0.000000
 50
0.000000
  1
# 417
  0
POLYLINE
  8
8
  66
1
  70
0
  0
VERTEX
  8
8
  10
-62166.054688
  20
-564.590836
  0
VERTEX
  8
8
  10
-61968.046875
  20
-564.927444
  0
SEQEND
  8
8
  0
POINT
  8
2
 10
-62166.054688
 20
-564.590836
  0
TEXT
  8
2
 10
-62166.054688
 20
-564.590836
 40
0.000000
 50
0.000000
  1
# 418
  0
POINT
  8
2
 10
-61968.046875
 20
-564.927444
  0
TEXT
  8
2
 10
-61968.046875
 20
-564.927444
 40
0.000000
 50
0.000000
  1
# 419
  0
POLYLINE
  8
8
  66
1
  70
0
  0
VERTEX
  8
8
  10
-62035.263672
  20
-698.025589
  0
VERTEX
  8
8
  10
-62035.263672
  20
-564.813156
  0
SEQEND
  8
8
  0
POINT
  8
2
 10
-62035.263672
 20
-698.025589
  0
TEXT
  8
2
 10
-62035.263672
 20
-698.025589
 40
0.000000
 50
0.000000
  1
# 420
  0
POINT
  8
2
 10
-62035.263672
 20
-564.813156
  0
TEXT
  8
2
 10
-62035.263672
 20
-564.813156
 40
0.000000
 50
0.000000
  1
# 421
 0
LINE
 8
7
 10
-62075.576172
 20
-272.805080
 11
-62075.576172
 21
-622.537460
  0
TEXT
  8
1
 10
-62067.100281
 20
-452.156439
 40
10.000000
 50
0.000000
  1
Piece Name: 26SMC-WP117M 展_后袋布_175/84
  0
TEXT
  8
1
 10
-62067.100281
 20
-437.156439
 40
10.000000
 50
0.000000
  1
Size: 175/84
  0
TEXT
  8
1
 10
-62067.100281
 20
-422.156439
 40
10.000000
 50
0.000000
  1
Annotation: 
  0
TEXT
  8
1
 10
-62067.100281
 20
-407.156439
 40
10.000000
 50
0.000000
  1
Quantity: 1,1
  0
TEXT
  8
1
 10
-62067.100281
 20
-392.156439
 40
10.000000
 50
0.000000
  1
Material: TC
  0
TEXT
  8
1
 10
-62067.100281
 20
-392.156439
 40
10.000000
 50
0.000000
  1
Category: 7
0
ENDBLK
0
BLOCK
  8
1
  2
26SMC-WP117M 展_后袋开线_175/84
 70
0
 10
0.0
 20
0.0
  0
POLYLINE
  8
1
  66
1
  70
1
  0
VERTEX
  8
1
  10
-62150.039063
  20
-133.816738
  0
VERTEX
  8
1
  10
-62150.039063
  20
-122.044277
  0
VERTEX
  8
1
  10
-62150.039063
  20
-110.861635
  0
VERTEX
  8
1
  10
-62150.039063
  20
-100.595627
  0
VERTEX
  8
1
  10
-62150.039063
  20
-89.492254
  0
VERTEX
  8
1
  10
-62150.039063
  20
-78.039980
  0
VERTEX
  8
1
  10
-62150.039063
  20
-66.727266
  0
VERTEX
  8
1
  10
-62150.039063
  20
-56.042576
  0
VERTEX
  8
1
  10
-62150.039063
  20
-45.227108
  0
VERTEX
  8
1
  10
-62150.039063
  20
-34.869246
  0
VERTEX
  8
1
  10
-62150.039063
  20
-28.821623
  0
VERTEX
  8
1
  10
-62138.520508
  20
-28.821623
  0
VERTEX
  8
1
  10
-62127.612305
  20
-28.821623
  0
VERTEX
  8
1
  10
-62116.411133
  20
-28.821623
  0
VERTEX
  8
1
  10
-62103.652344
  20
-28.821623
  0
VERTEX
  8
1
  10
-62092.548828
  20
-28.821623
  0
VERTEX
  8
1
  10
-62080.834961
  20
-28.821623
  0
VERTEX
  8
1
  10
-62068.691406
  20
-28.821623
  0
VERTEX
  8
1
  10
-62056.284180
  20
-28.821623
  0
VERTEX
  8
1
  10
-62043.793945
  20
-28.821623
  0
VERTEX
  8
1
  10
-62031.386719
  20
-28.821623
  0
VERTEX
  8
1
  10
-62019.243164
  20
-28.821623
  0
VERTEX
  8
1
  10
-62007.529297
  20
-28.821623
  0
VERTEX
  8
1
  10
-61996.425781
  20
-28.821623
  0
VERTEX
  8
1
  10
-61986.103516
  20
-28.821623
  0
VERTEX
  8
1
  10
-61974.560547
  20
-28.821623
  0
VERTEX
  8
1
  10
-61964.853516
  20
-28.821623
  0
VERTEX
  8
1
  10
-61954.980469
  20
-28.821623
  0
VERTEX
  8
1
  10
-61950.039063
  20
-28.821623
  0
VERTEX
  8
1
  10
-61950.039063
  20
-40.594625
  0
VERTEX
  8
1
  10
-61950.039063
  20
-51.777792
  0
VERTEX
  8
1
  10
-61950.039063
  20
-62.044282
  0
VERTEX
  8
1
  10
-61950.039063
  20
-73.148170
  0
VERTEX
  8
1
  10
-61950.039063
  20
-84.600973
  0
VERTEX
  8
1
  10
-61950.039063
  20
-95.914211
  0
VERTEX
  8
1
  10
-61950.039063
  20
-106.599398
  0
VERTEX
  8
1
  10
-61950.039063
  20
-117.415371
  0
VERTEX
  8
1
  10
-61950.039063
  20
-127.773714
  0
VERTEX
  8
1
  10
-61950.039063
  20
-133.821621
  0
VERTEX
  8
1
  10
-61961.557617
  20
-133.821344
  0
VERTEX
  8
1
  10
-61972.465820
  20
-133.821077
  0
VERTEX
  8
1
  10
-61983.666992
  20
-133.820801
  0
VERTEX
  8
1
  10
-61996.425781
  20
-133.820486
  0
VERTEX
  8
1
  10
-62007.529297
  20
-133.820219
  0
VERTEX
  8
1
  10
-62019.243164
  20
-133.819933
  0
VERTEX
  8
1
  10
-62031.386719
  20
-133.819637
  0
VERTEX
  8
1
  10
-62043.793945
  20
-133.819332
  0
VERTEX
  8
1
  10
-62056.284180
  20
-133.819027
  0
VERTEX
  8
1
  10
-62068.691406
  20
-133.818722
  0
VERTEX
  8
1
  10
-62080.834961
  20
-133.818426
  0
VERTEX
  8
1
  10
-62092.548828
  20
-133.818140
  0
VERTEX
  8
1
  10
-62103.652344
  20
-133.817873
  0
VERTEX
  8
1
  10
-62113.974609
  20
-133.817616
  0
VERTEX
  8
1
  10
-62125.512695
  20
-133.817339
  0
VERTEX
  8
1
  10
-62135.224609
  20
-133.817101
  0
VERTEX
  8
1
  10
-62145.092773
  20
-133.816862
  0
SEQEND
  8
1
  0
POINT
  8
2
 10
-62150.039063
 20
-133.816738
  0
TEXT
  8
2
 10
-62150.039063
 20
-133.816738
 40
0.000000
 50
0.000000
  1
# 422
  0
POINT
  8
2
 10
-62150.039063
 20
-28.821623
  0
TEXT
  8
2
 10
-62150.039063
 20
-28.821623
 40
0.000000
 50
0.000000
  1
# 423
  0
POINT
  8
2
 10
-61950.039063
 20
-28.821623
  0
TEXT
  8
2
 10
-61950.039063
 20
-28.821623
 40
0.000000
 50
0.000000
  1
# 424
  0
POINT
  8
2
 10
-61950.039063
 20
-133.821621
  0
TEXT
  8
2
 10
-61950.039063
 20
-133.821621
 40
0.000000
 50
0.000000
  1
# 425
  0
POINT
  8
3
 10
-62150.039063
 20
-122.044277
  0
POINT
  8
3
 10
-62150.039063
 20
-110.861635
  0
POINT
  8
3
 10
-62150.039063
 20
-100.595627
  0
POINT
  8
3
 10
-62150.039063
 20
-89.492254
  0
POINT
  8
3
 10
-62150.039063
 20
-78.039980
  0
POINT
  8
3
 10
-62150.039063
 20
-66.727266
  0
POINT
  8
3
 10
-62150.039063
 20
-56.042576
  0
POINT
  8
3
 10
-62150.039063
 20
-45.227108
  0
POINT
  8
3
 10
-62150.039063
 20
-34.869246
  0
POINT
  8
3
 10
-62138.520508
 20
-28.821623
  0
POINT
  8
3
 10
-62127.612305
 20
-28.821623
  0
POINT
  8
3
 10
-62116.411133
 20
-28.821623
  0
POINT
  8
3
 10
-62103.652344
 20
-28.821623
  0
POINT
  8
3
 10
-62092.548828
 20
-28.821623
  0
POINT
  8
3
 10
-62080.834961
 20
-28.821623
  0
POINT
  8
3
 10
-62068.691406
 20
-28.821623
  0
POINT
  8
3
 10
-62056.284180
 20
-28.821623
  0
POINT
  8
3
 10
-62043.793945
 20
-28.821623
  0
POINT
  8
3
 10
-62031.386719
 20
-28.821623
  0
POINT
  8
3
 10
-62019.243164
 20
-28.821623
  0
POINT
  8
3
 10
-62007.529297
 20
-28.821623
  0
POINT
  8
3
 10
-61996.425781
 20
-28.821623
  0
POINT
  8
3
 10
-61986.103516
 20
-28.821623
  0
POINT
  8
3
 10
-61974.560547
 20
-28.821623
  0
POINT
  8
3
 10
-61964.853516
 20
-28.821623
  0
POINT
  8
3
 10
-61954.980469
 20
-28.821623
  0
POINT
  8
3
 10
-61950.039063
 20
-40.594625
  0
POINT
  8
3
 10
-61950.039063
 20
-51.777792
  0
POINT
  8
3
 10
-61950.039063
 20
-62.044282
  0
POINT
  8
3
 10
-61950.039063
 20
-73.148170
  0
POINT
  8
3
 10
-61950.039063
 20
-84.600973
  0
POINT
  8
3
 10
-61950.039063
 20
-95.914211
  0
POINT
  8
3
 10
-61950.039063
 20
-106.599398
  0
POINT
  8
3
 10
-61950.039063
 20
-117.415371
  0
POINT
  8
3
 10
-61950.039063
 20
-127.773714
  0
POINT
  8
3
 10
-61961.557617
 20
-133.821344
  0
POINT
  8
3
 10
-61972.465820
 20
-133.821077
  0
POINT
  8
3
 10
-61983.666992
 20
-133.820801
  0
POINT
  8
3
 10
-61996.425781
 20
-133.820486
  0
POINT
  8
3
 10
-62007.529297
 20
-133.820219
  0
POINT
  8
3
 10
-62019.243164
 20
-133.819933
  0
POINT
  8
3
 10
-62031.386719
 20
-133.819637
  0
POINT
  8
3
 10
-62043.793945
 20
-133.819332
  0
POINT
  8
3
 10
-62056.284180
 20
-133.819027
  0
POINT
  8
3
 10
-62068.691406
 20
-133.818722
  0
POINT
  8
3
 10
-62080.834961
 20
-133.818426
  0
POINT
  8
3
 10
-62092.548828
 20
-133.818140
  0
POINT
  8
3
 10
-62103.652344
 20
-133.817873
  0
POINT
  8
3
 10
-62113.974609
 20
-133.817616
  0
POINT
  8
3
 10
-62125.512695
 20
-133.817339
  0
POINT
  8
3
 10
-62135.224609
 20
-133.817101
  0
POINT
  8
3
 10
-62145.092773
 20
-133.816862
 0
LINE
 8
7
 10
-62120.761719
 20
-83.696346
 11
-61977.456055
 21
-83.696346
  0
TEXT
  8
1
 10
-62050.039063
 20
-81.321622
 40
10.000000
 50
0.000000
  1
Piece Name: 26SMC-WP117M 展_后袋开线_175/84
  0
TEXT
  8
1
 10
-62050.039063
 20
-66.321622
 40
10.000000
 50
0.000000
  1
Size: 175/84
  0
TEXT
  8
1
 10
-62050.039063
 20
-51.321622
 40
10.000000
 50
0.000000
  1
Annotation: 
  0
TEXT
  8
1
 10
-62050.039063
 20
-36.321622
 40
10.000000
 50
0.000000
  1
Quantity: 1,1
  0
TEXT
  8
1
 10
-62050.039063
 20
-21.321622
 40
10.000000
 50
0.000000
  1
Material: 面
  0
TEXT
  8
1
 10
-62050.039063
 20
-21.321622
 40
10.000000
 50
0.000000
  1
Category: 8
0
ENDBLK
0
BLOCK
  8
1
  2
26SMC-WP117M 展_后袋垫_175/84
 70
0
 10
0.0
 20
0.0
  0
POLYLINE
  8
1
  66
1
  70
1
  0
VERTEX
  8
1
  10
-62140.239258
  20
23.974092
  0
VERTEX
  8
1
  10
-62140.239258
  20
34.824193
  0
VERTEX
  8
1
  10
-62140.239258
  20
45.528855
  0
VERTEX
  8
1
  10
-62140.239258
  20
55.629725
  0
VERTEX
  8
1
  10
-62140.239258
  20
66.142502
  0
VERTEX
  8
1
  10
-62140.239258
  20
76.325755
  0
VERTEX
  8
1
  10
-62140.239258
  20
86.352215
  0
VERTEX
  8
1
  10
-62140.239258
  20
96.231537
  0
VERTEX
  8
1
  10
-62140.239258
  20
98.959446
  0
VERTEX
  8
1
  10
-62128.720703
  20
98.959446
  0
VERTEX
  8
1
  10
-62117.812500
  20
98.959446
  0
VERTEX
  8
1
  10
-62106.611328
  20
98.959446
  0
VERTEX
  8
1
  10
-62093.852539
  20
98.959446
  0
VERTEX
  8
1
  10
-62082.749023
  20
98.959446
  0
VERTEX
  8
1
  10
-62071.035156
  20
98.959446
  0
VERTEX
  8
1
  10
-62058.891602
  20
98.959446
  0
VERTEX
  8
1
  10
-62046.484375
  20
98.959446
  0
VERTEX
  8
1
  10
-62033.994141
  20
98.959446
  0
VERTEX
  8
1
  10
-62021.586914
  20
98.959446
  0
VERTEX
  8
1
  10
-62009.443359
  20
98.959446
  0
VERTEX
  8
1
  10
-61997.729492
  20
98.959446
  0
VERTEX
  8
1
  10
-61986.625977
  20
98.959446
  0
VERTEX
  8
1
  10
-61976.303711
  20
98.959446
  0
VERTEX
  8
1
  10
-61964.765625
  20
98.959446
  0
VERTEX
  8
1
  10
-61955.053711
  20
98.959446
  0
VERTEX
  8
1
  10
-61945.185547
  20
98.959446
  0
VERTEX
  8
1
  10
-61940.239258
  20
98.959446
  0
VERTEX
  8
1
  10
-61940.239258
  20
88.107224
  0
VERTEX
  8
1
  10
-61940.239258
  20
77.400475
  0
VERTEX
  8
1
  10
-61940.239258
  20
67.297630
  0
VERTEX
  8
1
  10
-61940.239258
  20
56.782799
  0
VERTEX
  8
1
  10
-61940.239258
  20
46.597557
  0
VERTEX
  8
1
  10
-61940.239258
  20
36.569140
  0
VERTEX
  8
1
  10
-61940.239258
  20
26.687887
  0
VERTEX
  8
1
  10
-61940.239258
  20
23.959444
  0
VERTEX
  8
1
  10
-61951.757813
  20
23.960288
  0
VERTEX
  8
1
  10
-61962.666016
  20
23.961086
  0
VERTEX
  8
1
  10
-61973.867188
  20
23.961906
  0
VERTEX
  8
1
  10
-61986.625977
  20
23.962841
  0
VERTEX
  8
1
  10
-61997.729492
  20
23.963654
  0
VERTEX
  8
1
  10
-62009.443359
  20
23.964512
  0
VERTEX
  8
1
  10
-62021.586914
  20
23.965402
  0
VERTEX
  8
1
  10
-62033.994141
  20
23.966310
  0
VERTEX
  8
1
  10
-62046.484375
  20
23.967226
  0
VERTEX
  8
1
  10
-62058.891602
  20
23.968134
  0
VERTEX
  8
1
  10
-62071.035156
  20
23.969023
  0
VERTEX
  8
1
  10
-62082.749023
  20
23.969882
  0
VERTEX
  8
1
  10
-62093.852539
  20
23.970695
  0
VERTEX
  8
1
  10
-62104.174805
  20
23.971450
  0
VERTEX
  8
1
  10
-62115.712891
  20
23.972297
  0
VERTEX
  8
1
  10
-62125.424805
  20
23.973007
  0
VERTEX
  8
1
  10
-62135.292969
  20
23.973730
  0
SEQEND
  8
1
  0
POINT
  8
2
 10
-62140.239258
 20
23.974092
  0
TEXT
  8
2
 10
-62140.239258
 20
23.974092
 40
0.000000
 50
0.000000
  1
# 426
  0
POINT
  8
2
 10
-62140.239258
 20
98.959446
  0
TEXT
  8
2
 10
-62140.239258
 20
98.959446
 40
0.000000
 50
0.000000
  1
# 427
  0
POINT
  8
2
 10
-61940.239258
 20
98.959446
  0
TEXT
  8
2
 10
-61940.239258
 20
98.959446
 40
0.000000
 50
0.000000
  1
# 428
  0
POINT
  8
2
 10
-61940.239258
 20
23.959444
  0
TEXT
  8
2
 10
-61940.239258
 20
23.959444
 40
0.000000
 50
0.000000
  1
# 429
  0
POINT
  8
3
 10
-62140.239258
 20
34.824193
  0
POINT
  8
3
 10
-62140.239258
 20
45.528855
  0
POINT
  8
3
 10
-62140.239258
 20
55.629725
  0
POINT
  8
3
 10
-62140.239258
 20
66.142502
  0
POINT
  8
3
 10
-62140.239258
 20
76.325755
  0
POINT
  8
3
 10
-62140.239258
 20
86.352215
  0
POINT
  8
3
 10
-62140.239258
 20
96.231537
  0
POINT
  8
3
 10
-62128.720703
 20
98.959446
  0
POINT
  8
3
 10
-62117.812500
 20
98.959446
  0
POINT
  8
3
 10
-62106.611328
 20
98.959446
  0
POINT
  8
3
 10
-62093.852539
 20
98.959446
  0
POINT
  8
3
 10
-62082.749023
 20
98.959446
  0
POINT
  8
3
 10
-62071.035156
 20
98.959446
  0
POINT
  8
3
 10
-62058.891602
 20
98.959446
  0
POINT
  8
3
 10
-62046.484375
 20
98.959446
  0
POINT
  8
3
 10
-62033.994141
 20
98.959446
  0
POINT
  8
3
 10
-62021.586914
 20
98.959446
  0
POINT
  8
3
 10
-62009.443359
 20
98.959446
  0
POINT
  8
3
 10
-61997.729492
 20
98.959446
  0
POINT
  8
3
 10
-61986.625977
 20
98.959446
  0
POINT
  8
3
 10
-61976.303711
 20
98.959446
  0
POINT
  8
3
 10
-61964.765625
 20
98.959446
  0
POINT
  8
3
 10
-61955.053711
 20
98.959446
  0
POINT
  8
3
 10
-61945.185547
 20
98.959446
  0
POINT
  8
3
 10
-61940.239258
 20
88.107224
  0
POINT
  8
3
 10
-61940.239258
 20
77.400475
  0
POINT
  8
3
 10
-61940.239258
 20
67.297630
  0
POINT
  8
3
 10
-61940.239258
 20
56.782799
  0
POINT
  8
3
 10
-61940.239258
 20
46.597557
  0
POINT
  8
3
 10
-61940.239258
 20
36.569140
  0
POINT
  8
3
 10
-61940.239258
 20
26.687887
  0
POINT
  8
3
 10
-61951.757813
 20
23.960288
  0
POINT
  8
3
 10
-61962.666016
 20
23.961086
  0
POINT
  8
3
 10
-61973.867188
 20
23.961906
  0
POINT
  8
3
 10
-61986.625977
 20
23.962841
  0
POINT
  8
3
 10
-61997.729492
 20
23.963654
  0
POINT
  8
3
 10
-62009.443359
 20
23.964512
  0
POINT
  8
3
 10
-62021.586914
 20
23.965402
  0
POINT
  8
3
 10
-62033.994141
 20
23.966310
  0
POINT
  8
3
 10
-62046.484375
 20
23.967226
  0
POINT
  8
3
 10
-62058.891602
 20
23.968134
  0
POINT
  8
3
 10
-62071.035156
 20
23.969023
  0
POINT
  8
3
 10
-62082.749023
 20
23.969882
  0
POINT
  8
3
 10
-62093.852539
 20
23.970695
  0
POINT
  8
3
 10
-62104.174805
 20
23.971450
  0
POINT
  8
3
 10
-62115.712891
 20
23.972297
  0
POINT
  8
3
 10
-62125.424805
 20
23.973007
  0
POINT
  8
3
 10
-62135.292969
 20
23.973730
 0
LINE
 8
7
 10
-62041.708984
 20
90.744572
 11
-62041.708984
 21
32.000978
  0
TEXT
  8
1
 10
-62040.239258
 20
61.459445
 40
10.000000
 50
0.000000
  1
Piece Name: 26SMC-WP117M 展_后袋垫_175/84
  0
TEXT
  8
1
 10
-62040.239258
 20
76.459445
 40
10.000000
 50
0.000000
  1
Size: 175/84
  0
TEXT
  8
1
 10
-62040.239258
 20
91.459445
 40
10.000000
 50
0.000000
  1
Annotation: 
  0
TEXT
  8
1
 10
-62040.239258
 20
106.459445
 40
10.000000
 50
0.000000
  1
Quantity: 1,1
  0
TEXT
  8
1
 10
-62040.239258
 20
121.459445
 40
10.000000
 50
0.000000
  1
Material: 面
  0
TEXT
  8
1
 10
-62040.239258
 20
121.459445
 40
10.000000
 50
0.000000
  1
Category: 9
0
ENDBLK
0
BLOCK
  8
1
  2
26SMC-WP117M 展_耳仔_175/84
 70
0
 10
0.0
 20
0.0
  0
POLYLINE
  8
1
  66
1
  70
1
  0
VERTEX
  8
1
  10
-61809.306641
  20
452.852211
  0
VERTEX
  8
1
  10
-61809.306641
  20
463.782387
  0
VERTEX
  8
1
  10
-61809.306641
  20
474.101486
  0
VERTEX
  8
1
  10
-61809.306641
  20
484.107018
  0
VERTEX
  8
1
  10
-61809.306641
  20
492.852211
  0
VERTEX
  8
1
  10
-61796.318359
  20
492.852211
  0
VERTEX
  8
1
  10
-61780.947266
  20
492.852211
  0
VERTEX
  8
1
  10
-61766.000977
  20
492.852211
  0
VERTEX
  8
1
  10
-61754.545898
  20
492.852211
  0
VERTEX
  8
1
  10
-61741.982422
  20
492.852211
  0
VERTEX
  8
1
  10
-61728.378906
  20
492.852211
  0
VERTEX
  8
1
  10
-61713.808594
  20
492.852211
  0
VERTEX
  8
1
  10
-61698.339844
  20
492.852211
  0
VERTEX
  8
1
  10
-61682.050781
  20
492.852211
  0
VERTEX
  8
1
  10
-61665.009766
  20
492.852211
  0
VERTEX
  8
1
  10
-61647.290039
  20
492.852211
  0
VERTEX
  8
1
  10
-61628.959961
  20
492.852211
  0
VERTEX
  8
1
  10
-61610.092773
  20
492.852211
  0
VERTEX
  8
1
  10
-61590.756836
  20
492.852211
  0
VERTEX
  8
1
  10
-61571.030273
  20
492.852211
  0
VERTEX
  8
1
  10
-61550.981445
  20
492.852211
  0
VERTEX
  8
1
  10
-61530.683594
  20
492.852211
  0
VERTEX
  8
1
  10
-61510.205078
  20
492.852211
  0
VERTEX
  8
1
  10
-61489.619141
  20
492.852211
  0
VERTEX
  8
1
  10
-61468.994141
  20
492.852211
  0
VERTEX
  8
1
  10
-61448.408203
  20
492.852211
  0
VERTEX
  8
1
  10
-61427.929688
  20
492.852211
  0
VERTEX
  8
1
  10
-61407.631836
  20
492.852211
  0
VERTEX
  8
1
  10
-61387.583008
  20
492.852211
  0
VERTEX
  8
1
  10
-61367.856445
  20
492.852211
  0
VERTEX
  8
1
  10
-61348.520508
  20
492.852211
  0
VERTEX
  8
1
  10
-61329.653320
  20
492.852211
  0
VERTEX
  8
1
  10
-61311.323242
  20
492.852211
  0
VERTEX
  8
1
  10
-61293.603516
  20
492.852211
  0
VERTEX
  8
1
  10
-61276.562500
  20
492.852211
  0
VERTEX
  8
1
  10
-61260.273438
  20
492.852211
  0
VERTEX
  8
1
  10
-61244.804688
  20
492.852211
  0
VERTEX
  8
1
  10
-61230.234375
  20
492.852211
  0
VERTEX
  8
1
  10
-61216.630859
  20
492.852211
  0
VERTEX
  8
1
  10
-61204.067383
  20
492.852211
  0
VERTEX
  8
1
  10
-61192.612305
  20
492.852211
  0
VERTEX
  8
1
  10
-61182.338867
  20
492.852211
  0
VERTEX
  8
1
  10
-61169.296875
  20
492.852211
  0
VERTEX
  8
1
  10
-61159.321289
  20
492.852211
  0
VERTEX
  8
1
  10
-61149.306641
  20
492.852211
  0
VERTEX
  8
1
  10
-61149.306641
  20
481.922035
  0
VERTEX
  8
1
  10
-61149.306641
  20
471.602936
  0
VERTEX
  8
1
  10
-61149.306641
  20
461.597404
  0
VERTEX
  8
1
  10
-61149.306641
  20
452.852211
  0
VERTEX
  8
1
  10
-61162.294922
  20
452.852211
  0
VERTEX
  8
1
  10
-61177.666016
  20
452.852211
  0
VERTEX
  8
1
  10
-61192.612305
  20
452.852211
  0
VERTEX
  8
1
  10
-61204.067383
  20
452.852211
  0
VERTEX
  8
1
  10
-61216.630859
  20
452.852211
  0
VERTEX
  8
1
  10
-61230.234375
  20
452.852211
  0
VERTEX
  8
1
  10
-61244.804688
  20
452.852211
  0
VERTEX
  8
1
  10
-61260.273438
  20
452.852211
  0
VERTEX
  8
1
  10
-61276.562500
  20
452.852211
  0
VERTEX
  8
1
  10
-61293.603516
  20
452.852211
  0
VERTEX
  8
1
  10
-61311.323242
  20
452.852211
  0
VERTEX
  8
1
  10
-61329.653320
  20
452.852211
  0
VERTEX
  8
1
  10
-61348.520508
  20
452.852211
  0
VERTEX
  8
1
  10
-61367.856445
  20
452.852211
  0
VERTEX
  8
1
  10
-61387.583008
  20
452.852211
  0
VERTEX
  8
1
  10
-61407.631836
  20
452.852211
  0
VERTEX
  8
1
  10
-61427.929688
  20
452.852211
  0
VERTEX
  8
1
  10
-61448.408203
  20
452.852211
  0
VERTEX
  8
1
  10
-61468.994141
  20
452.852211
  0
VERTEX
  8
1
  10
-61489.619141
  20
452.852211
  0
VERTEX
  8
1
  10
-61510.205078
  20
452.852211
  0
VERTEX
  8
1
  10
-61530.683594
  20
452.852211
  0
VERTEX
  8
1
  10
-61550.981445
  20
452.852211
  0
VERTEX
  8
1
  10
-61571.030273
  20
452.852211
  0
VERTEX
  8
1
  10
-61590.756836
  20
452.852211
  0
VERTEX
  8
1
  10
-61610.092773
  20
452.852211
  0
VERTEX
  8
1
  10
-61628.959961
  20
452.852211
  0
VERTEX
  8
1
  10
-61647.290039
  20
452.852211
  0
VERTEX
  8
1
  10
-61665.009766
  20
452.852211
  0
VERTEX
  8
1
  10
-61682.050781
  20
452.852211
  0
VERTEX
  8
1
  10
-61698.339844
  20
452.852211
  0
VERTEX
  8
1
  10
-61713.808594
  20
452.852211
  0
VERTEX
  8
1
  10
-61728.378906
  20
452.852211
  0
VERTEX
  8
1
  10
-61741.982422
  20
452.852211
  0
VERTEX
  8
1
  10
-61754.545898
  20
452.852211
  0
VERTEX
  8
1
  10
-61766.000977
  20
452.852211
  0
VERTEX
  8
1
  10
-61776.274414
  20
452.852211
  0
VERTEX
  8
1
  10
-61789.316406
  20
452.852211
  0
VERTEX
  8
1
  10
-61799.291992
  20
452.852211
  0
SEQEND
  8
1
  0
POINT
  8
2
 10
-61809.306641
 20
452.852211
  0
TEXT
  8
2
 10
-61809.306641
 20
452.852211
 40
0.000000
 50
0.000000
  1
# 430
  0
POINT
  8
2
 10
-61809.306641
 20
492.852211
  0
TEXT
  8
2
 10
-61809.306641
 20
492.852211
 40
0.000000
 50
0.000000
  1
# 431
  0
POINT
  8
2
 10
-61149.306641
 20
492.852211
  0
TEXT
  8
2
 10
-61149.306641
 20
492.852211
 40
0.000000
 50
0.000000
  1
# 432
  0
POINT
  8
2
 10
-61149.306641
 20
452.852211
  0
TEXT
  8
2
 10
-61149.306641
 20
452.852211
 40
0.000000
 50
0.000000
  1
# 433
  0
POINT
  8
3
 10
-61809.306641
 20
463.782387
  0
POINT
  8
3
 10
-61809.306641
 20
474.101486
  0
POINT
  8
3
 10
-61809.306641
 20
484.107018
  0
POINT
  8
3
 10
-61796.318359
 20
492.852211
  0
POINT
  8
3
 10
-61780.947266
 20
492.852211
  0
POINT
  8
3
 10
-61766.000977
 20
492.852211
  0
POINT
  8
3
 10
-61754.545898
 20
492.852211
  0
POINT
  8
3
 10
-61741.982422
 20
492.852211
  0
POINT
  8
3
 10
-61728.378906
 20
492.852211
  0
POINT
  8
3
 10
-61713.808594
 20
492.852211
  0
POINT
  8
3
 10
-61698.339844
 20
492.852211
  0
POINT
  8
3
 10
-61682.050781
 20
492.852211
  0
POINT
  8
3
 10
-61665.009766
 20
492.852211
  0
POINT
  8
3
 10
-61647.290039
 20
492.852211
  0
POINT
  8
3
 10
-61628.959961
 20
492.852211
  0
POINT
  8
3
 10
-61610.092773
 20
492.852211
  0
POINT
  8
3
 10
-61590.756836
 20
492.852211
  0
POINT
  8
3
 10
-61571.030273
 20
492.852211
  0
POINT
  8
3
 10
-61550.981445
 20
492.852211
  0
POINT
  8
3
 10
-61530.683594
 20
492.852211
  0
POINT
  8
3
 10
-61510.205078
 20
492.852211
  0
POINT
  8
3
 10
-61489.619141
 20
492.852211
  0
POINT
  8
3
 10
-61468.994141
 20
492.852211
  0
POINT
  8
3
 10
-61448.408203
 20
492.852211
  0
POINT
  8
3
 10
-61427.929688
 20
492.852211
  0
POINT
  8
3
 10
-61407.631836
 20
492.852211
  0
POINT
  8
3
 10
-61387.583008
 20
492.852211
  0
POINT
  8
3
 10
-61367.856445
 20
492.852211
  0
POINT
  8
3
 10
-61348.520508
 20
492.852211
  0
POINT
  8
3
 10
-61329.653320
 20
492.852211
  0
POINT
  8
3
 10
-61311.323242
 20
492.852211
  0
POINT
  8
3
 10
-61293.603516
 20
492.852211
  0
POINT
  8
3
 10
-61276.562500
 20
492.852211
  0
POINT
  8
3
 10
-61260.273438
 20
492.852211
  0
POINT
  8
3
 10
-61244.804688
 20
492.852211
  0
POINT
  8
3
 10
-61230.234375
 20
492.852211
  0
POINT
  8
3
 10
-61216.630859
 20
492.852211
  0
POINT
  8
3
 10
-61204.067383
 20
492.852211
  0
POINT
  8
3
 10
-61192.612305
 20
492.852211
  0
POINT
  8
3
 10
-61182.338867
 20
492.852211
  0
POINT
  8
3
 10
-61169.296875
 20
492.852211
  0
POINT
  8
3
 10
-61159.321289
 20
492.852211
  0
POINT
  8
3
 10
-61149.306641
 20
481.922035
  0
POINT
  8
3
 10
-61149.306641
 20
471.602936
  0
POINT
  8
3
 10
-61149.306641
 20
461.597404
  0
POINT
  8
3
 10
-61162.294922
 20
452.852211
  0
POINT
  8
3
 10
-61177.666016
 20
452.852211
  0
POINT
  8
3
 10
-61192.612305
 20
452.852211
  0
POINT
  8
3
 10
-61204.067383
 20
452.852211
  0
POINT
  8
3
 10
-61216.630859
 20
452.852211
  0
POINT
  8
3
 10
-61230.234375
 20
452.852211
  0
POINT
  8
3
 10
-61244.804688
 20
452.852211
  0
POINT
  8
3
 10
-61260.273438
 20
452.852211
  0
POINT
  8
3
 10
-61276.562500
 20
452.852211
  0
POINT
  8
3
 10
-61293.603516
 20
452.852211
  0
POINT
  8
3
 10
-61311.323242
 20
452.852211
  0
POINT
  8
3
 10
-61329.653320
 20
452.852211
  0
POINT
  8
3
 10
-61348.520508
 20
452.852211
  0
POINT
  8
3
 10
-61367.856445
 20
452.852211
  0
POINT
  8
3
 10
-61387.583008
 20
452.852211
  0
POINT
  8
3
 10
-61407.631836
 20
452.852211
  0
POINT
  8
3
 10
-61427.929688
 20
452.852211
  0
POINT
  8
3
 10
-61448.408203
 20
452.852211
  0
POINT
  8
3
 10
-61468.994141
 20
452.852211
  0
POINT
  8
3
 10
-61489.619141
 20
452.852211
  0
POINT
  8
3
 10
-61510.205078
 20
452.852211
  0
POINT
  8
3
 10
-61530.683594
 20
452.852211
  0
POINT
  8
3
 10
-61550.981445
 20
452.852211
  0
POINT
  8
3
 10
-61571.030273
 20
452.852211
  0
POINT
  8
3
 10
-61590.756836
 20
452.852211
  0
POINT
  8
3
 10
-61610.092773
 20
452.852211
  0
POINT
  8
3
 10
-61628.959961
 20
452.852211
  0
POINT
  8
3
 10
-61647.290039
 20
452.852211
  0
POINT
  8
3
 10
-61665.009766
 20
452.852211
  0
POINT
  8
3
 10
-61682.050781
 20
452.852211
  0
POINT
  8
3
 10
-61698.339844
 20
452.852211
  0
POINT
  8
3
 10
-61713.808594
 20
452.852211
  0
POINT
  8
3
 10
-61728.378906
 20
452.852211
  0
POINT
  8
3
 10
-61741.982422
 20
452.852211
  0
POINT
  8
3
 10
-61754.545898
 20
452.852211
  0
POINT
  8
3
 10
-61766.000977
 20
452.852211
  0
POINT
  8
3
 10
-61776.274414
 20
452.852211
  0
POINT
  8
3
 10
-61789.316406
 20
452.852211
  0
POINT
  8
3
 10
-61799.291992
 20
452.852211
 0
LINE
 8
7
 10
-61735.419922
 20
468.849220
 11
-61359.863281
 21
468.849220
  0
TEXT
  8
1
 10
-61479.306641
 20
472.852211
 40
10.000000
 50
0.000000
  1
Piece Name: 26SMC-WP117M 展_耳仔_175/84
  0
TEXT
  8
1
 10
-61479.306641
 20
487.852211
 40
10.000000
 50
0.000000
  1
Size: 175/84
  0
TEXT
  8
1
 10
-61479.306641
 20
502.852211
 40
10.000000
 50
0.000000
  1
Annotation: 
  0
TEXT
  8
1
 10
-61479.306641
 20
517.852211
 40
10.000000
 50
0.000000
  1
Quantity: 1
  0
TEXT
  8
1
 10
-61479.306641
 20
532.852211
 40
10.000000
 50
0.000000
  1
Material: 面
  0
TEXT
  8
1
 10
-61479.306641
 20
532.852211
 40
10.000000
 50
0.000000
  1
Category: 10
0
ENDBLK
0
BLOCK
  8
1
  2
26SMC-WP117M 展_双刀_175/84
 70
0
 10
0.0
 20
0.0
  0
POLYLINE
  8
1
  66
1
  70
1
  0
VERTEX
  8
1
  10
-59414.814453
  20
-789.950562
  0
VERTEX
  8
1
  10
-59424.814453
  20
-786.596069
  0
VERTEX
  8
1
  10
-59434.814453
  20
-789.950562
  0
VERTEX
  8
1
  10
-59445.415039
  20
-787.436981
  0
VERTEX
  8
1
  10
-59455.732422
  20
-784.990921
  0
VERTEX
  8
1
  10
-59465.585938
  20
-782.654572
  0
VERTEX
  8
1
  10
-59475.170898
  20
-780.383148
  0
VERTEX
  8
1
  10
-59478.002930
  20
-779.711304
  0
VERTEX
  8
1
  10
-59488.603516
  20
-782.224884
  0
VERTEX
  8
1
  10
-59498.920898
  20
-784.670944
  0
VERTEX
  8
1
  10
-59508.774414
  20
-787.007294
  0
VERTEX
  8
1
  10
-59518.359375
  20
-789.278717
  0
VERTEX
  8
1
  10
-59521.191406
  20
-789.950562
  0
VERTEX
  8
1
  10
-59531.191406
  20
-786.596069
  0
VERTEX
  8
1
  10
-59531.191406
  20
-776.129074
  0
VERTEX
  8
1
  10
-59531.191406
  20
-765.941544
  0
VERTEX
  8
1
  10
-59531.191406
  20
-755.571060
  0
VERTEX
  8
1
  10
-59531.191406
  20
-745.297470
  0
VERTEX
  8
1
  10
-59531.191406
  20
-735.191422
  0
VERTEX
  8
1
  10
-59531.191406
  20
-725.085373
  0
VERTEX
  8
1
  10
-59531.191406
  20
-714.979324
  0
VERTEX
  8
1
  10
-59531.191406
  20
-704.772644
  0
VERTEX
  8
1
  10
-59531.191406
  20
-694.666595
  0
VERTEX
  8
1
  10
-59531.191406
  20
-684.560547
  0
VERTEX
  8
1
  10
-59531.191406
  20
-674.440918
  0
VERTEX
  8
1
  10
-59531.191406
  20
-664.334869
  0
VERTEX
  8
1
  10
-59531.191406
  20
-654.228897
  0
VERTEX
  8
1
  10
-59531.191406
  20
-644.122849
  0
VERTEX
  8
1
  10
-59531.191406
  20
-633.818855
  0
VERTEX
  8
1
  10
-59531.191406
  20
-623.712845
  0
VERTEX
  8
1
  10
-59531.191406
  20
-613.606834
  0
VERTEX
  8
1
  10
-59531.191406
  20
-603.465767
  0
VERTEX
  8
1
  10
-59531.191406
  20
-597.559128
  0
VERTEX
  8
1
  10
-59531.191406
  20
-594.256897
  0
VERTEX
  8
1
  10
-59520.737305
  20
-594.229965
  0
VERTEX
  8
1
  10
-59510.590820
  20
-594.207993
  0
VERTEX
  8
1
  10
-59500.434570
  20
-594.190636
  0
VERTEX
  8
1
  10
-59490.156250
  20
-594.179268
  0
VERTEX
  8
1
  10
-59480.136719
  20
-594.174652
  0
VERTEX
  8
1
  10
-59478.002646
  20
-594.175034
  0
VERTEX
  8
1
  10
-59470.112305
  20
-594.176445
  0
VERTEX
  8
1
  10
-59460.068359
  20
-594.184570
  0
VERTEX
  8
1
  10
-59450.043945
  20
-594.198685
  0
VERTEX
  8
1
  10
-59440.019531
  20
-594.218369
  0
VERTEX
  8
1
  10
-59430.048828
  20
-594.242744
  0
VERTEX
  8
1
  10
-59424.814453
  20
-594.256897
  0
VERTEX
  8
1
  10
-59414.658203
  20
-594.256897
  0
VERTEX
  8
1
  10
-59404.814453
  20
-594.256897
  0
VERTEX
  8
1
  10
-59404.814453
  20
-598.371468
  0
VERTEX
  8
1
  10
-59404.814453
  20
-606.715164
  0
VERTEX
  8
1
  10
-59404.814453
  20
-616.851349
  0
VERTEX
  8
1
  10
-59404.814453
  20
-626.893272
  0
VERTEX
  8
1
  10
-59404.814453
  20
-637.163010
  0
VERTEX
  8
1
  10
-59404.814453
  20
-647.456970
  0
VERTEX
  8
1
  10
-59404.814453
  20
-657.750931
  0
VERTEX
  8
1
  10
-59404.814453
  20
-667.937164
  0
VERTEX
  8
1
  10
-59404.814453
  20
-678.231125
  0
VERTEX
  8
1
  10
-59404.814453
  20
-688.525085
  0
VERTEX
  8
1
  10
-59404.814453
  20
-698.702240
  0
VERTEX
  8
1
  10
-59404.814453
  20
-708.996201
  0
VERTEX
  8
1
  10
-59404.814453
  20
-719.290161
  0
VERTEX
  8
1
  10
-59404.814453
  20
-729.659424
  0
VERTEX
  8
1
  10
-59404.814453
  20
-739.953384
  0
VERTEX
  8
1
  10
-59404.814453
  20
-750.247345
  0
VERTEX
  8
1
  10
-59404.814453
  20
-760.541306
  0
VERTEX
  8
1
  10
-59404.814453
  20
-770.639420
  0
VERTEX
  8
1
  10
-59404.814453
  20
-780.586319
  0
VERTEX
  8
1
  10
-59404.814453
  20
-785.339432
  0
VERTEX
  8
1
  10
-59404.814453
  20
-787.579346
  0
SEQEND
  8
1
  0
POINT
  8
2
 10
-59414.814453
 20
-789.950562
  0
TEXT
  8
2
 10
-59414.814453
 20
-789.950562
 40
0.000000
 50
0.000000
  1
# 434
  0
POINT
  8
2
 10
-59424.814453
 20
-786.596069
  0
TEXT
  8
2
 10
-59424.814453
 20
-786.596069
 40
0.000000
 50
0.000000
  1
# 435
  0
POINT
  8
2
 10
-59434.814453
 20
-789.950562
  0
TEXT
  8
2
 10
-59434.814453
 20
-789.950562
 40
0.000000
 50
0.000000
  1
# 436
  0
POINT
  8
2
 10
-59478.002930
 20
-779.711304
  0
TEXT
  8
2
 10
-59478.002930
 20
-779.711304
 40
0.000000
 50
0.000000
  1
# 437
  0
POINT
  8
2
 10
-59521.191406
 20
-789.950562
  0
TEXT
  8
2
 10
-59521.191406
 20
-789.950562
 40
0.000000
 50
0.000000
  1
# 438
  0
POINT
  8
2
 10
-59531.191406
 20
-786.596069
  0
TEXT
  8
2
 10
-59531.191406
 20
-786.596069
 40
0.000000
 50
0.000000
  1
# 439
  0
POINT
  8
2
 10
-59531.191406
 20
-594.256897
  0
TEXT
  8
2
 10
-59531.191406
 20
-594.256897
 40
0.000000
 50
0.000000
  1
# 440
  0
POINT
  8
2
 10
-59424.814453
 20
-594.256897
  0
TEXT
  8
2
 10
-59424.814453
 20
-594.256897
 40
0.000000
 50
0.000000
  1
# 441
  0
POINT
  8
2
 10
-59404.814453
 20
-594.256897
  0
TEXT
  8
2
 10
-59404.814453
 20
-594.256897
 40
0.000000
 50
0.000000
  1
# 442
  0
POINT
  8
2
 10
-59404.814453
 20
-787.579346
  0
TEXT
  8
2
 10
-59404.814453
 20
-787.579346
 40
0.000000
 50
0.000000
  1
# 443
  0
POINT
  8
3
 10
-59445.415039
 20
-787.436981
  0
POINT
  8
3
 10
-59455.732422
 20
-784.990921
  0
POINT
  8
3
 10
-59465.585938
 20
-782.654572
  0
POINT
  8
3
 10
-59475.170898
 20
-780.383148
  0
POINT
  8
3
 10
-59488.603516
 20
-782.224884
  0
POINT
  8
3
 10
-59498.920898
 20
-784.670944
  0
POINT
  8
3
 10
-59508.774414
 20
-787.007294
  0
POINT
  8
3
 10
-59518.359375
 20
-789.278717
  0
POINT
  8
3
 10
-59531.191406
 20
-776.129074
  0
POINT
  8
3
 10
-59531.191406
 20
-765.941544
  0
POINT
  8
3
 10
-59531.191406
 20
-755.571060
  0
POINT
  8
3
 10
-59531.191406
 20
-745.297470
  0
POINT
  8
3
 10
-59531.191406
 20
-735.191422
  0
POINT
  8
3
 10
-59531.191406
 20
-725.085373
  0
POINT
  8
3
 10
-59531.191406
 20
-714.979324
  0
POINT
  8
3
 10
-59531.191406
 20
-704.772644
  0
POINT
  8
3
 10
-59531.191406
 20
-694.666595
  0
POINT
  8
3
 10
-59531.191406
 20
-684.560547
  0
POINT
  8
3
 10
-59531.191406
 20
-674.440918
  0
POINT
  8
3
 10
-59531.191406
 20
-664.334869
  0
POINT
  8
3
 10
-59531.191406
 20
-654.228897
  0
POINT
  8
3
 10
-59531.191406
 20
-644.122849
  0
POINT
  8
3
 10
-59531.191406
 20
-633.818855
  0
POINT
  8
3
 10
-59531.191406
 20
-623.712845
  0
POINT
  8
3
 10
-59531.191406
 20
-613.606834
  0
POINT
  8
3
 10
-59531.191406
 20
-603.465767
  0
POINT
  8
3
 10
-59531.191406
 20
-597.559128
  0
POINT
  8
3
 10
-59520.737305
 20
-594.229965
  0
POINT
  8
3
 10
-59510.590820
 20
-594.207993
  0
POINT
  8
3
 10
-59500.434570
 20
-594.190636
  0
POINT
  8
3
 10
-59490.156250
 20
-594.179268
  0
POINT
  8
3
 10
-59480.136719
 20
-594.174652
  0
POINT
  8
3
 10
-59478.002646
 20
-594.175034
  0
POINT
  8
3
 10
-59470.112305
 20
-594.176445
  0
POINT
  8
3
 10
-59460.068359
 20
-594.184570
  0
POINT
  8
3
 10
-59450.043945
 20
-594.198685
  0
POINT
  8
3
 10
-59440.019531
 20
-594.218369
  0
POINT
  8
3
 10
-59430.048828
 20
-594.242744
  0
POINT
  8
3
 10
-59414.658203
 20
-594.256897
  0
POINT
  8
3
 10
-59404.814453
 20
-598.371468
  0
POINT
  8
3
 10
-59404.814453
 20
-606.715164
  0
POINT
  8
3
 10
-59404.814453
 20
-616.851349
  0
POINT
  8
3
 10
-59404.814453
 20
-626.893272
  0
POINT
  8
3
 10
-59404.814453
 20
-637.163010
  0
POINT
  8
3
 10
-59404.814453
 20
-647.456970
  0
POINT
  8
3
 10
-59404.814453
 20
-657.750931
  0
POINT
  8
3
 10
-59404.814453
 20
-667.937164
  0
POINT
  8
3
 10
-59404.814453
 20
-678.231125
  0
POINT
  8
3
 10
-59404.814453
 20
-688.525085
  0
POINT
  8
3
 10
-59404.814453
 20
-698.702240
  0
POINT
  8
3
 10
-59404.814453
 20
-708.996201
  0
POINT
  8
3
 10
-59404.814453
 20
-719.290161
  0
POINT
  8
3
 10
-59404.814453
 20
-729.659424
  0
POINT
  8
3
 10
-59404.814453
 20
-739.953384
  0
POINT
  8
3
 10
-59404.814453
 20
-750.247345
  0
POINT
  8
3
 10
-59404.814453
 20
-760.541306
  0
POINT
  8
3
 10
-59404.814453
 20
-770.639420
  0
POINT
  8
3
 10
-59404.814453
 20
-780.586319
  0
POINT
  8
3
 10
-59404.814453
 20
-785.339432
  0
POINT
  8
3
 10
-59478.002646
 20
-594.175034
  0
TEXT
  8
3
 10
-59478.002646
 20
-594.175034
 40
0.000000
 50
0.000000
  1
# 444
  0
POLYLINE
  8
14
  66
1
  70
1
  0
VERTEX
  8
14
  10
-59414.814453
  20
-789.950562
  0
VERTEX
  8
14
  10
-59424.814453
  20
-786.596069
  0
VERTEX
  8
14
  10
-59434.814453
  20
-789.950562
  0
VERTEX
  8
14
  10
-59445.416410
  20
-787.437017
  0
VERTEX
  8
14
  10
-59455.733970
  20
-784.990898
  0
VERTEX
  8
14
  10
-59465.588274
  20
-782.654609
  0
VERTEX
  8
14
  10
-59475.169214
  20
-780.383130
  0
VERTEX
  8
14
  10
-59478.002930
  20
-779.711304
  0
VERTEX
  8
14
  10
-59488.604886
  20
-782.224848
  0
VERTEX
  8
14
  10
-59498.922446
  20
-784.670967
  0
VERTEX
  8
14
  10
-59508.776750
  20
-787.007256
  0
VERTEX
  8
14
  10
-59518.357690
  20
-789.278735
  0
VERTEX
  8
14
  10
-59521.191406
  20
-789.950562
  0
VERTEX
  8
14
  10
-59531.191406
  20
-786.596069
  0
VERTEX
  8
14
  10
-59531.191406
  20
-776.129091
  0
VERTEX
  8
14
  10
-59531.191406
  20
-765.941558
  0
VERTEX
  8
14
  10
-59531.191406
  20
-755.571053
  0
VERTEX
  8
14
  10
-59531.191406
  20
-745.297446
  0
VERTEX
  8
14
  10
-59531.191406
  20
-735.191413
  0
VERTEX
  8
14
  10
-59531.191406
  20
-725.085375
  0
VERTEX
  8
14
  10
-59531.191406
  20
-714.979329
  0
VERTEX
  8
14
  10
-59531.191406
  20
-704.772652
  0
VERTEX
  8
14
  10
-59531.191406
  20
-694.666608
  0
VERTEX
  8
14
  10
-59531.191406
  20
-684.560575
  0
VERTEX
  8
14
  10
-59531.191406
  20
-674.440918
  0
VERTEX
  8
14
  10
-59531.191406
  20
-664.334883
  0
VERTEX
  8
14
  10
-59531.191406
  20
-654.228864
  0
VERTEX
  8
14
  10
-59531.191406
  20
-644.122845
  0
VERTEX
  8
14
  10
-59531.191406
  20
-633.818852
  0
VERTEX
  8
14
  10
-59531.191406
  20
-623.712844
  0
VERTEX
  8
14
  10
-59531.191406
  20
-613.606848
  0
VERTEX
  8
14
  10
-59531.191406
  20
-603.465771
  0
VERTEX
  8
14
  10
-59531.191406
  20
-596.256905
  0
VERTEX
  8
14
  10
-59520.730222
  20
-596.229961
  0
VERTEX
  8
14
  10
-59510.588799
  20
-596.207985
  0
VERTEX
  8
14
  10
-59500.430466
  20
-596.190624
  0
VERTEX
  8
14
  10
-59490.156510
  20
-596.179277
  0
VERTEX
  8
14
  10
-59480.134738
  20
-596.174670
  0
VERTEX
  8
14
  10
-59478.003003
  20
-596.174512
  0
VERTEX
  8
14
  10
-59470.112686
  20
-596.176439
  0
VERTEX
  8
14
  10
-59460.068680
  20
-596.184569
  0
VERTEX
  8
14
  10
-59450.046031
  20
-596.198690
  0
VERTEX
  8
14
  10
-59440.023695
  20
-596.218353
  0
VERTEX
  8
14
  10
-59430.052220
  20
-596.242748
  0
VERTEX
  8
14
  10
-59424.814453
  20
-596.256905
  0
VERTEX
  8
14
  10
-59414.658209
  20
-596.256905
  0
VERTEX
  8
14
  10
-59404.814453
  20
-596.256905
  0
VERTEX
  8
14
  10
-59404.814453
  20
-606.715173
  0
VERTEX
  8
14
  10
-59404.814453
  20
-616.851363
  0
VERTEX
  8
14
  10
-59404.814453
  20
-626.893286
  0
VERTEX
  8
14
  10
-59404.814453
  20
-637.163028
  0
VERTEX
  8
14
  10
-59404.814453
  20
-647.456964
  0
VERTEX
  8
14
  10
-59404.814453
  20
-657.750906
  0
VERTEX
  8
14
  10
-59404.814453
  20
-667.937140
  0
VERTEX
  8
14
  10
-59404.814453
  20
-678.231109
  0
VERTEX
  8
14
  10
-59404.814453
  20
-688.525077
  0
VERTEX
  8
14
  10
-59404.814453
  20
-698.702264
  0
VERTEX
  8
14
  10
-59404.814453
  20
-708.996203
  0
VERTEX
  8
14
  10
-59404.814453
  20
-719.290148
  0
VERTEX
  8
14
  10
-59404.814453
  20
-729.659411
  0
VERTEX
  8
14
  10
-59404.814453
  20
-739.953367
  0
VERTEX
  8
14
  10
-59404.814453
  20
-750.247320
  0
VERTEX
  8
14
  10
-59404.814453
  20
-760.541291
  0
VERTEX
  8
14
  10
-59404.814453
  20
-770.639390
  0
VERTEX
  8
14
  10
-59404.814453
  20
-780.586345
  0
VERTEX
  8
14
  10
-59404.814453
  20
-787.579346
  0
SEQEND
  8
14
  0
POINT
  8
2
 10
-59414.814453
 20
-789.950562
  0
TEXT
  8
2
 10
-59414.814453
 20
-789.950562
 40
0.000000
 50
0.000000
  1
# 445
  0
POINT
  8
2
 10
-59424.814453
 20
-786.596069
  0
TEXT
  8
2
 10
-59424.814453
 20
-786.596069
 40
0.000000
 50
0.000000
  1
# 446
  0
POINT
  8
2
 10
-59434.814453
 20
-789.950562
  0
TEXT
  8
2
 10
-59434.814453
 20
-789.950562
 40
0.000000
 50
0.000000
  1
# 447
  0
POINT
  8
2
 10
-59478.002930
 20
-779.711304
  0
TEXT
  8
2
 10
-59478.002930
 20
-779.711304
 40
0.000000
 50
0.000000
  1
# 448
  0
POINT
  8
2
 10
-59521.191406
 20
-789.950562
  0
TEXT
  8
2
 10
-59521.191406
 20
-789.950562
 40
0.000000
 50
0.000000
  1
# 449
  0
POINT
  8
2
 10
-59531.191406
 20
-786.596069
  0
TEXT
  8
2
 10
-59531.191406
 20
-786.596069
 40
0.000000
 50
0.000000
  1
# 450
  0
POINT
  8
2
 10
-59531.191406
 20
-596.256905
  0
TEXT
  8
2
 10
-59531.191406
 20
-596.256905
 40
0.000000
 50
0.000000
  1
# 451
  0
POINT
  8
2
 10
-59424.814453
 20
-596.256905
  0
TEXT
  8
2
 10
-59424.814453
 20
-596.256905
 40
0.000000
 50
0.000000
  1
# 452
  0
POINT
  8
2
 10
-59404.814453
 20
-596.256905
  0
TEXT
  8
2
 10
-59404.814453
 20
-596.256905
 40
0.000000
 50
0.000000
  1
# 453
  0
POINT
  8
2
 10
-59404.814453
 20
-787.579346
  0
TEXT
  8
2
 10
-59404.814453
 20
-787.579346
 40
0.000000
 50
0.000000
  1
# 454
  0
POINT
  8
3
 10
-59445.416410
 20
-787.437017
  0
POINT
  8
3
 10
-59455.733970
 20
-784.990898
  0
POINT
  8
3
 10
-59465.588274
 20
-782.654609
  0
POINT
  8
3
 10
-59475.169214
 20
-780.383130
  0
POINT
  8
3
 10
-59488.604886
 20
-782.224848
  0
POINT
  8
3
 10
-59498.922446
 20
-784.670967
  0
POINT
  8
3
 10
-59508.776750
 20
-787.007256
  0
POINT
  8
3
 10
-59518.357690
 20
-789.278735
  0
POINT
  8
3
 10
-59531.191406
 20
-776.129091
  0
POINT
  8
3
 10
-59531.191406
 20
-765.941558
  0
POINT
  8
3
 10
-59531.191406
 20
-755.571053
  0
POINT
  8
3
 10
-59531.191406
 20
-745.297446
  0
POINT
  8
3
 10
-59531.191406
 20
-735.191413
  0
POINT
  8
3
 10
-59531.191406
 20
-725.085375
  0
POINT
  8
3
 10
-59531.191406
 20
-714.979329
  0
POINT
  8
3
 10
-59531.191406
 20
-704.772652
  0
POINT
  8
3
 10
-59531.191406
 20
-694.666608
  0
POINT
  8
3
 10
-59531.191406
 20
-684.560575
  0
POINT
  8
3
 10
-59531.191406
 20
-674.440918
  0
POINT
  8
3
 10
-59531.191406
 20
-664.334883
  0
POINT
  8
3
 10
-59531.191406
 20
-654.228864
  0
POINT
  8
3
 10
-59531.191406
 20
-644.122845
  0
POINT
  8
3
 10
-59531.191406
 20
-633.818852
  0
POINT
  8
3
 10
-59531.191406
 20
-623.712844
  0
POINT
  8
3
 10
-59531.191406
 20
-613.606848
  0
POINT
  8
3
 10
-59531.191406
 20
-603.465771
  0
POINT
  8
3
 10
-59520.730222
 20
-596.229961
  0
POINT
  8
3
 10
-59510.588799
 20
-596.207985
  0
POINT
  8
3
 10
-59500.430466
 20
-596.190624
  0
POINT
  8
3
 10
-59490.156510
 20
-596.179277
  0
POINT
  8
3
 10
-59480.134738
 20
-596.174670
  0
POINT
  8
3
 10
-59478.003003
 20
-596.174512
  0
POINT
  8
3
 10
-59470.112686
 20
-596.176439
  0
POINT
  8
3
 10
-59460.068680
 20
-596.184569
  0
POINT
  8
3
 10
-59450.046031
 20
-596.198690
  0
POINT
  8
3
 10
-59440.023695
 20
-596.218353
  0
POINT
  8
3
 10
-59430.052220
 20
-596.242748
  0
POINT
  8
3
 10
-59414.658209
 20
-596.256905
  0
POINT
  8
3
 10
-59404.814453
 20
-606.715173
  0
POINT
  8
3
 10
-59404.814453
 20
-616.851363
  0
POINT
  8
3
 10
-59404.814453
 20
-626.893286
  0
POINT
  8
3
 10
-59404.814453
 20
-637.163028
  0
POINT
  8
3
 10
-59404.814453
 20
-647.456964
  0
POINT
  8
3
 10
-59404.814453
 20
-657.750906
  0
POINT
  8
3
 10
-59404.814453
 20
-667.937140
  0
POINT
  8
3
 10
-59404.814453
 20
-678.231109
  0
POINT
  8
3
 10
-59404.814453
 20
-688.525077
  0
POINT
  8
3
 10
-59404.814453
 20
-698.702264
  0
POINT
  8
3
 10
-59404.814453
 20
-708.996203
  0
POINT
  8
3
 10
-59404.814453
 20
-719.290148
  0
POINT
  8
3
 10
-59404.814453
 20
-729.659411
  0
POINT
  8
3
 10
-59404.814453
 20
-739.953367
  0
POINT
  8
3
 10
-59404.814453
 20
-750.247320
  0
POINT
  8
3
 10
-59404.814453
 20
-760.541291
  0
POINT
  8
3
 10
-59404.814453
 20
-770.639390
  0
POINT
  8
3
 10
-59404.814453
 20
-780.586345
  0
POINT
  8
3
 10
-59478.003003
 20
-596.174512
  0
TEXT
  8
3
 10
-59478.003003
 20
-596.174512
 40
0.000000
 50
0.000000
  1
# 455
  0
POLYLINE
  8
8
  66
1
  70
0
  0
VERTEX
  8
8
  10
-59424.814453
  20
-596.256905
  0
VERTEX
  8
8
  10
-59424.814453
  20
-606.655018
  0
VERTEX
  8
8
  10
-59424.814453
  20
-616.843958
  0
VERTEX
  8
8
  10
-59424.814453
  20
-626.951390
  0
VERTEX
  8
8
  10
-59424.814453
  20
-637.198771
  0
VERTEX
  8
8
  10
-59424.814453
  20
-647.497270
  0
VERTEX
  8
8
  10
-59424.814453
  20
-657.795769
  0
VERTEX
  8
8
  10
-59424.814453
  20
-668.094277
  0
VERTEX
  8
8
  10
-59424.814453
  20
-678.365470
  0
VERTEX
  8
8
  10
-59424.814453
  20
-688.663992
  0
VERTEX
  8
8
  10
-59424.814453
  20
-698.962514
  0
VERTEX
  8
8
  10
-59424.814453
  20
-709.152810
  0
VERTEX
  8
8
  10
-59424.814453
  20
-719.451324
  0
VERTEX
  8
8
  10
-59424.814453
  20
-729.749824
  0
VERTEX
  8
8
  10
-59424.814453
  20
-739.836357
  0
VERTEX
  8
8
  10
-59424.814453
  20
-750.134851
  0
VERTEX
  8
8
  10
-59424.814453
  20
-760.433343
  0
VERTEX
  8
8
  10
-59424.814453
  20
-770.731833
  0
VERTEX
  8
8
  10
-59424.814453
  20
-781.030339
  0
VERTEX
  8
8
  10
-59424.814453
  20
-786.596069
  0
SEQEND
  8
8
  0
POINT
  8
2
 10
-59424.814453
 20
-596.256905
  0
TEXT
  8
2
 10
-59424.814453
 20
-596.256905
 40
0.000000
 50
0.000000
  1
# 456
  0
POINT
  8
2
 10
-59424.814453
 20
-786.596069
  0
TEXT
  8
2
 10
-59424.814453
 20
-786.596069
 40
0.000000
 50
0.000000
  1
# 457
  0
POINT
  8
3
 10
-59424.814453
 20
-606.655018
  0
POINT
  8
3
 10
-59424.814453
 20
-616.843958
  0
POINT
  8
3
 10
-59424.814453
 20
-626.951390
  0
POINT
  8
3
 10
-59424.814453
 20
-637.198771
  0
POINT
  8
3
 10
-59424.814453
 20
-647.497270
  0
POINT
  8
3
 10
-59424.814453
 20
-657.795769
  0
POINT
  8
3
 10
-59424.814453
 20
-668.094277
  0
POINT
  8
3
 10
-59424.814453
 20
-678.365470
  0
POINT
  8
3
 10
-59424.814453
 20
-688.663992
  0
POINT
  8
3
 10
-59424.814453
 20
-698.962514
  0
POINT
  8
3
 10
-59424.814453
 20
-709.152810
  0
POINT
  8
3
 10
-59424.814453
 20
-719.451324
  0
POINT
  8
3
 10
-59424.814453
 20
-729.749824
  0
POINT
  8
3
 10
-59424.814453
 20
-739.836357
  0
POINT
  8
3
 10
-59424.814453
 20
-750.134851
  0
POINT
  8
3
 10
-59424.814453
 20
-760.433343
  0
POINT
  8
3
 10
-59424.814453
 20
-770.731833
  0
POINT
  8
3
 10
-59424.814453
 20
-781.030339
  0
POLYLINE
  8
8
  66
1
  70
0
  0
VERTEX
  8
8
  10
-59478.002930
  20
-779.711304
  0
VERTEX
  8
8
  10
-59478.002930
  20
-596.177254
  0
SEQEND
  8
8
  0
POINT
  8
2
 10
-59478.002930
 20
-779.711304
  0
TEXT
  8
2
 10
-59478.002930
 20
-779.711304
 40
0.000000
 50
0.000000
  1
# 458
  0
POINT
  8
2
 10
-59478.002930
 20
-596.177254
  0
TEXT
  8
2
 10
-59478.002930
 20
-596.177254
 40
0.000000
 50
0.000000
  1
# 459
 0
LINE
 8
7
 10
-59485.825195
 20
-612.177620
 11
-59485.825195
 21
-751.866455
  0
TEXT
  8
1
 10
-59468.002930
 20
-692.062607
 40
10.000000
 50
0.000000
  1
Piece Name: 26SMC-WP117M 展_双刀_175/84
  0
TEXT
  8
1
 10
-59468.002930
 20
-677.062607
 40
10.000000
 50
0.000000
  1
Size: 175/84
  0
TEXT
  8
1
 10
-59468.002930
 20
-662.062607
 40
10.000000
 50
0.000000
  1
Annotation: 
  0
TEXT
  8
1
 10
-59468.002930
 20
-647.062607
 40
10.000000
 50
0.000000
  1
Quantity: 1
  0
TEXT
  8
1
 10
-59468.002930
 20
-632.062607
 40
10.000000
 50
0.000000
  1
Material: 面
  0
TEXT
  8
1
 10
-59468.002930
 20
-632.062607
 40
10.000000
 50
0.000000
  1
Category: 11
0
ENDBLK
0
BLOCK
  8
1
  2
26SMC-WP117M 展_双刀_175/84
 70
0
 10
0.0
 20
0.0
  0
POLYLINE
  8
1
  66
1
  70
1
  0
VERTEX
  8
1
  10
-59954.848633
  20
-1076.605759
  0
VERTEX
  8
1
  10
-59954.848633
  20
-1074.221954
  0
VERTEX
  8
1
  10
-59954.848633
  20
-1064.266281
  0
VERTEX
  8
1
  10
-59954.848633
  20
-1054.193268
  0
VERTEX
  8
1
  10
-59954.848633
  20
-1043.950577
  0
VERTEX
  8
1
  10
-59954.848633
  20
-1033.898239
  0
VERTEX
  8
1
  10
-59954.848633
  20
-1023.845901
  0
VERTEX
  8
1
  10
-59954.848633
  20
-1013.770447
  0
VERTEX
  8
1
  10
-59954.848633
  20
-1003.718109
  0
VERTEX
  8
1
  10
-59954.848633
  20
-993.665848
  0
VERTEX
  8
1
  10
-59954.848633
  20
-983.557892
  0
VERTEX
  8
1
  10
-59954.848633
  20
-973.505554
  0
VERTEX
  8
1
  10
-59954.848633
  20
-963.453217
  0
VERTEX
  8
1
  10
-59954.848633
  20
-953.400879
  0
VERTEX
  8
1
  10
-59954.848633
  20
-943.368378
  0
VERTEX
  8
1
  10
-59954.848633
  20
-933.316040
  0
VERTEX
  8
1
  10
-59954.848633
  20
-923.263779
  0
VERTEX
  8
1
  10
-59954.848633
  20
-913.094482
  0
VERTEX
  8
1
  10
-59954.848633
  20
-902.917709
  0
VERTEX
  8
1
  10
-59954.848633
  20
-892.445908
  0
VERTEX
  8
1
  10
-59949.077148
  20
-892.445908
  0
VERTEX
  8
1
  10
-59938.837891
  20
-892.445908
  0
VERTEX
  8
1
  10
-59928.432617
  20
-892.418823
  0
VERTEX
  8
1
  10
-59918.378906
  20
-892.396774
  0
VERTEX
  8
1
  10
-59908.295898
  20
-892.379379
  0
VERTEX
  8
1
  10
-59898.061523
  20
-892.368011
  0
VERTEX
  8
1
  10
-59887.827148
  20
-892.363510
  0
VERTEX
  8
1
  10
-59885.663977
  20
-892.363961
  0
VERTEX
  8
1
  10
-59877.587891
  20
-892.365646
  0
VERTEX
  8
1
  10
-59867.358398
  20
-892.374496
  0
VERTEX
  8
1
  10
-59857.119141
  20
-892.389374
  0
VERTEX
  8
1
  10
-59846.884766
  20
-892.409897
  0
VERTEX
  8
1
  10
-59836.474609
  20
-892.435226
  0
VERTEX
  8
1
  10
-59836.474609
  20
-893.745117
  0
VERTEX
  8
1
  10
-59836.474609
  20
-903.621063
  0
VERTEX
  8
1
  10
-59836.474609
  20
-913.831711
  0
VERTEX
  8
1
  10
-59836.474609
  20
-923.941498
  0
VERTEX
  8
1
  10
-59836.474609
  20
-934.003601
  0
VERTEX
  8
1
  10
-59836.474609
  20
-944.065704
  0
VERTEX
  8
1
  10
-59836.474609
  20
-954.169617
  0
VERTEX
  8
1
  10
-59836.474609
  20
-964.231720
  0
VERTEX
  8
1
  10
-59836.474609
  20
-974.293823
  0
VERTEX
  8
1
  10
-59836.474609
  20
-984.328156
  0
VERTEX
  8
1
  10
-59836.474609
  20
-994.390259
  0
VERTEX
  8
1
  10
-59836.474609
  20
-1004.452362
  0
VERTEX
  8
1
  10
-59836.474609
  20
-1014.667892
  0
VERTEX
  8
1
  10
-59836.474609
  20
-1024.729996
  0
VERTEX
  8
1
  10
-59836.474609
  20
-1034.792099
  0
VERTEX
  8
1
  10
-59836.474609
  20
-1045.037079
  0
VERTEX
  8
1
  10
-59836.474609
  20
-1055.272751
  0
VERTEX
  8
1
  10
-59836.474609
  20
-1065.592194
  0
VERTEX
  8
1
  10
-59836.474609
  20
-1075.907822
  0
VERTEX
  8
1
  10
-59842.661133
  20
-1077.983932
  0
VERTEX
  8
1
  10
-59846.069336
  20
-1077.175446
  0
VERTEX
  8
1
  10
-59855.747070
  20
-1074.881439
  0
VERTEX
  8
1
  10
-59865.625000
  20
-1072.539902
  0
VERTEX
  8
1
  10
-59875.366211
  20
-1070.230103
  0
VERTEX
  8
1
  10
-59885.664063
  20
-1067.789383
  0
VERTEX
  8
1
  10
-59889.028320
  20
-1068.587265
  0
VERTEX
  8
1
  10
-59898.681641
  20
-1070.876236
  0
VERTEX
  8
1
  10
-59908.554688
  20
-1073.216782
  0
VERTEX
  8
1
  10
-59918.398438
  20
-1075.550995
  0
VERTEX
  8
1
  10
-59928.662109
  20
-1077.983780
  0
VERTEX
  8
1
  10
-59938.852539
  20
-1074.565964
  0
VERTEX
  8
1
  10
-59949.038086
  20
-1077.983780
  0
SEQEND
  8
1
  0
POINT
  8
2
 10
-59954.848633
 20
-1076.605759
  0
TEXT
  8
2
 10
-59954.848633
 20
-1076.605759
 40
0.000000
 50
0.000000
  1
# 460
  0
POINT
  8
2
 10
-59954.848633
 20
-892.445908
  0
TEXT
  8
2
 10
-59954.848633
 20
-892.445908
 40
0.000000
 50
0.000000
  1
# 461
  0
POINT
  8
2
 10
-59938.837891
 20
-892.445908
  0
TEXT
  8
2
 10
-59938.837891
 20
-892.445908
 40
0.000000
 50
0.000000
  1
# 462
  0
POINT
  8
2
 10
-59836.474609
 20
-892.435226
  0
TEXT
  8
2
 10
-59836.474609
 20
-892.435226
 40
0.000000
 50
0.000000
  1
# 463
  0
POINT
  8
2
 10
-59836.474609
 20
-1075.907822
  0
TEXT
  8
2
 10
-59836.474609
 20
-1075.907822
 40
0.000000
 50
0.000000
  1
# 464
  0
POINT
  8
2
 10
-59842.661133
 20
-1077.983932
  0
TEXT
  8
2
 10
-59842.661133
 20
-1077.983932
 40
0.000000
 50
0.000000
  1
# 465
  0
POINT
  8
2
 10
-59885.664063
 20
-1067.789383
  0
TEXT
  8
2
 10
-59885.664063
 20
-1067.789383
 40
0.000000
 50
0.000000
  1
# 466
  0
POINT
  8
2
 10
-59928.662109
 20
-1077.983780
  0
TEXT
  8
2
 10
-59928.662109
 20
-1077.983780
 40
0.000000
 50
0.000000
  1
# 467
  0
POINT
  8
2
 10
-59938.852539
 20
-1074.565964
  0
TEXT
  8
2
 10
-59938.852539
 20
-1074.565964
 40
0.000000
 50
0.000000
  1
# 468
  0
POINT
  8
2
 10
-59949.038086
 20
-1077.983780
  0
TEXT
  8
2
 10
-59949.038086
 20
-1077.983780
 40
0.000000
 50
0.000000
  1
# 469
  0
POINT
  8
3
 10
-59954.848633
 20
-1074.221954
  0
POINT
  8
3
 10
-59954.848633
 20
-1064.266281
  0
POINT
  8
3
 10
-59954.848633
 20
-1054.193268
  0
POINT
  8
3
 10
-59954.848633
 20
-1043.950577
  0
POINT
  8
3
 10
-59954.848633
 20
-1033.898239
  0
POINT
  8
3
 10
-59954.848633
 20
-1023.845901
  0
POINT
  8
3
 10
-59954.848633
 20
-1013.770447
  0
POINT
  8
3
 10
-59954.848633
 20
-1003.718109
  0
POINT
  8
3
 10
-59954.848633
 20
-993.665848
  0
POINT
  8
3
 10
-59954.848633
 20
-983.557892
  0
POINT
  8
3
 10
-59954.848633
 20
-973.505554
  0
POINT
  8
3
 10
-59954.848633
 20
-963.453217
  0
POINT
  8
3
 10
-59954.848633
 20
-953.400879
  0
POINT
  8
3
 10
-59954.848633
 20
-943.368378
  0
POINT
  8
3
 10
-59954.848633
 20
-933.316040
  0
POINT
  8
3
 10
-59954.848633
 20
-923.263779
  0
POINT
  8
3
 10
-59954.848633
 20
-913.094482
  0
POINT
  8
3
 10
-59954.848633
 20
-902.917709
  0
POINT
  8
3
 10
-59949.077148
 20
-892.445908
  0
POINT
  8
3
 10
-59928.432617
 20
-892.418823
  0
POINT
  8
3
 10
-59918.378906
 20
-892.396774
  0
POINT
  8
3
 10
-59908.295898
 20
-892.379379
  0
POINT
  8
3
 10
-59898.061523
 20
-892.368011
  0
POINT
  8
3
 10
-59887.827148
 20
-892.363510
  0
POINT
  8
3
 10
-59885.663977
 20
-892.363961
  0
POINT
  8
3
 10
-59877.587891
 20
-892.365646
  0
POINT
  8
3
 10
-59867.358398
 20
-892.374496
  0
POINT
  8
3
 10
-59857.119141
 20
-892.389374
  0
POINT
  8
3
 10
-59846.884766
 20
-892.409897
  0
POINT
  8
3
 10
-59836.474609
 20
-893.745117
  0
POINT
  8
3
 10
-59836.474609
 20
-903.621063
  0
POINT
  8
3
 10
-59836.474609
 20
-913.831711
  0
POINT
  8
3
 10
-59836.474609
 20
-923.941498
  0
POINT
  8
3
 10
-59836.474609
 20
-934.003601
  0
POINT
  8
3
 10
-59836.474609
 20
-944.065704
  0
POINT
  8
3
 10
-59836.474609
 20
-954.169617
  0
POINT
  8
3
 10
-59836.474609
 20
-964.231720
  0
POINT
  8
3
 10
-59836.474609
 20
-974.293823
  0
POINT
  8
3
 10
-59836.474609
 20
-984.328156
  0
POINT
  8
3
 10
-59836.474609
 20
-994.390259
  0
POINT
  8
3
 10
-59836.474609
 20
-1004.452362
  0
POINT
  8
3
 10
-59836.474609
 20
-1014.667892
  0
POINT
  8
3
 10
-59836.474609
 20
-1024.729996
  0
POINT
  8
3
 10
-59836.474609
 20
-1034.792099
  0
POINT
  8
3
 10
-59836.474609
 20
-1045.037079
  0
POINT
  8
3
 10
-59836.474609
 20
-1055.272751
  0
POINT
  8
3
 10
-59836.474609
 20
-1065.592194
  0
POINT
  8
3
 10
-59846.069336
 20
-1077.175446
  0
POINT
  8
3
 10
-59855.747070
 20
-1074.881439
  0
POINT
  8
3
 10
-59865.625000
 20
-1072.539902
  0
POINT
  8
3
 10
-59875.366211
 20
-1070.230103
  0
POINT
  8
3
 10
-59889.028320
 20
-1068.587265
  0
POINT
  8
3
 10
-59898.681641
 20
-1070.876236
  0
POINT
  8
3
 10
-59908.554688
 20
-1073.216782
  0
POINT
  8
3
 10
-59918.398438
 20
-1075.550995
  0
POINT
  8
3
 10
-59885.663977
 20
-892.363961
  0
TEXT
  8
3
 10
-59885.663977
 20
-892.363961
 40
0.000000
 50
0.000000
  1
# 470
  0
POLYLINE
  8
8
  66
1
  70
0
  0
VERTEX
  8
8
  10
-59938.852539
  20
-892.445755
  0
VERTEX
  8
8
  10
-59938.852539
  20
-903.006021
  0
VERTEX
  8
8
  10
-59938.852539
  20
-913.320221
  0
VERTEX
  8
8
  10
-59938.852539
  20
-923.142334
  0
VERTEX
  8
8
  10
-59938.852539
  20
-933.815082
  0
VERTEX
  8
8
  10
-59938.852539
  20
-944.119803
  0
VERTEX
  8
8
  10
-59938.852539
  20
-954.465387
  0
VERTEX
  8
8
  10
-59938.852539
  20
-964.770118
  0
VERTEX
  8
8
  10
-59938.852539
  20
-975.074855
  0
VERTEX
  8
8
  10
-59938.852539
  20
-985.428682
  0
VERTEX
  8
8
  10
-59938.852539
  20
-995.733395
  0
VERTEX
  8
8
  10
-59938.852539
  20
-1006.038115
  0
VERTEX
  8
8
  10
-59938.852539
  20
-1016.369811
  0
VERTEX
  8
8
  10
-59938.852539
  20
-1026.674548
  0
VERTEX
  8
8
  10
-59938.852539
  20
-1036.979277
  0
VERTEX
  8
8
  10
-59938.852539
  20
-1047.008780
  0
VERTEX
  8
8
  10
-59938.852539
  20
-1057.026891
  0
VERTEX
  8
8
  10
-59938.852539
  20
-1067.052231
  0
VERTEX
  8
8
  10
-59938.852539
  20
-1074.565964
  0
SEQEND
  8
8
  0
POINT
  8
2
 10
-59938.852539
 20
-892.445755
  0
TEXT
  8
2
 10
-59938.852539
 20
-892.445755
 40
0.000000
 50
0.000000
  1
# 471
  0
POINT
  8
2
 10
-59938.852539
 20
-1074.565964
  0
TEXT
  8
2
 10
-59938.852539
 20
-1074.565964
 40
0.000000
 50
0.000000
  1
# 472
  0
POINT
  8
3
 10
-59938.852539
 20
-903.006021
  0
POINT
  8
3
 10
-59938.852539
 20
-913.320221
  0
POINT
  8
3
 10
-59938.852539
 20
-923.142334
  0
POINT
  8
3
 10
-59938.852539
 20
-933.815082
  0
POINT
  8
3
 10
-59938.852539
 20
-944.119803
  0
POINT
  8
3
 10
-59938.852539
 20
-954.465387
  0
POINT
  8
3
 10
-59938.852539
 20
-964.770118
  0
POINT
  8
3
 10
-59938.852539
 20
-975.074855
  0
POINT
  8
3
 10
-59938.852539
 20
-985.428682
  0
POINT
  8
3
 10
-59938.852539
 20
-995.733395
  0
POINT
  8
3
 10
-59938.852539
 20
-1006.038115
  0
POINT
  8
3
 10
-59938.852539
 20
-1016.369811
  0
POINT
  8
3
 10
-59938.852539
 20
-1026.674548
  0
POINT
  8
3
 10
-59938.852539
 20
-1036.979277
  0
POINT
  8
3
 10
-59938.852539
 20
-1047.008780
  0
POINT
  8
3
 10
-59938.852539
 20
-1057.026891
  0
POINT
  8
3
 10
-59938.852539
 20
-1067.052231
 0
LINE
 8
7
 10
-59877.841797
 20
-904.366531
 11
-59877.841797
 21
-1044.055405
  0
TEXT
  8
1
 10
-59895.661621
 20
-985.173710
 40
10.000000
 50
0.000000
  1
Piece Name: 26SMC-WP117M 展_双刀_175/84
  0
TEXT
  8
1
 10
-59895.661621
 20
-970.173710
 40
10.000000
 50
0.000000
  1
Size: 175/84
  0
TEXT
  8
1
 10
-59895.661621
 20
-955.173710
 40
10.000000
 50
0.000000
  1
Annotation: 
  0
TEXT
  8
1
 10
-59895.661621
 20
-940.173710
 40
10.000000
 50
0.000000
  1
Quantity: 1
  0
TEXT
  8
1
 10
-59895.661621
 20
-925.173710
 40
10.000000
 50
0.000000
  1
Material: 衬 
  0
TEXT
  8
1
 10
-59895.661621
 20
-925.173710
 40
10.000000
 50
0.000000
  1
Category: 12
0
ENDBLK
0
BLOCK
  8
1
  2
26SMC-WP117M 展_单刀_175/84
 70
0
 10
0.0
 20
0.0
  0
POLYLINE
  8
1
  66
1
  70
1
  0
VERTEX
  8
1
  10
-60039.121094
  20
-1058.848343
  0
VERTEX
  8
1
  10
-60039.121094
  20
-1053.160858
  0
VERTEX
  8
1
  10
-60039.121094
  20
-1042.976456
  0
VERTEX
  8
1
  10
-60039.121094
  20
-1032.698059
  0
VERTEX
  8
1
  10
-60039.121094
  20
-1022.419586
  0
VERTEX
  8
1
  10
-60039.121094
  20
-1012.369461
  0
VERTEX
  8
1
  10
-60039.121094
  20
-1002.090988
  0
VERTEX
  8
1
  10
-60039.121094
  20
-991.812515
  0
VERTEX
  8
1
  10
-60039.121094
  20
-981.668320
  0
VERTEX
  8
1
  10
-60039.121094
  20
-971.389847
  0
VERTEX
  8
1
  10
-60039.121094
  20
-961.111450
  0
VERTEX
  8
1
  10
-60039.121094
  20
-951.089172
  0
VERTEX
  8
1
  10
-60039.121094
  20
-940.810699
  0
VERTEX
  8
1
  10
-60039.121094
  20
-930.532227
  0
VERTEX
  8
1
  10
-60039.121094
  20
-920.457001
  0
VERTEX
  8
1
  10
-60039.121094
  20
-910.314789
  0
VERTEX
  8
1
  10
-60039.121094
  20
-899.950638
  0
VERTEX
  8
1
  10
-59991.147461
  20
-896.287613
  0
VERTEX
  8
1
  10
-59991.147461
  20
-904.532166
  0
VERTEX
  8
1
  10
-59991.142578
  20
-914.517517
  0
VERTEX
  8
1
  10
-59991.137695
  20
-924.729691
  0
VERTEX
  8
1
  10
-59991.137695
  20
-935.070724
  0
VERTEX
  8
1
  10
-59991.132813
  20
-945.411682
  0
VERTEX
  8
1
  10
-59991.132813
  20
-955.756302
  0
VERTEX
  8
1
  10
-59991.127930
  20
-966.097260
  0
VERTEX
  8
1
  10
-59991.127930
  20
-976.438293
  0
VERTEX
  8
1
  10
-59991.127930
  20
-986.727066
  0
VERTEX
  8
1
  10
-59991.123047
  20
-996.797333
  0
VERTEX
  8
1
  10
-59991.123047
  20
-1007.140884
  0
VERTEX
  8
1
  10
-59991.147461
  20
-1010.054169
  0
VERTEX
  8
1
  10
-59991.235352
  20
-1012.456436
  0
VERTEX
  8
1
  10
-59991.396484
  20
-1014.670105
  0
VERTEX
  8
1
  10
-59991.630859
  20
-1016.768799
  0
VERTEX
  8
1
  10
-59991.933594
  20
-1018.784256
  0
VERTEX
  8
1
  10
-59992.304688
  20
-1020.704498
  0
VERTEX
  8
1
  10
-59992.758789
  20
-1022.599258
  0
VERTEX
  8
1
  10
-59993.281250
  20
-1024.445877
  0
VERTEX
  8
1
  10
-59993.891602
  20
-1026.295853
  0
VERTEX
  8
1
  10
-59994.584961
  20
-1028.140335
  0
VERTEX
  8
1
  10
-59995.341797
  20
-1029.933853
  0
VERTEX
  8
1
  10
-59996.176758
  20
-1031.695023
  0
VERTEX
  8
1
  10
-59997.084961
  20
-1033.419342
  0
VERTEX
  8
1
  10
-59998.076172
  20
-1035.126648
  0
VERTEX
  8
1
  10
-59999.125977
  20
-1036.768570
  0
VERTEX
  8
1
  10
-60000.234375
  20
-1038.354492
  0
VERTEX
  8
1
  10
-60001.420898
  20
-1039.901505
  0
VERTEX
  8
1
  10
-60002.685547
  20
-1041.420212
  0
VERTEX
  8
1
  10
-60004.028320
  20
-1042.894821
  0
VERTEX
  8
1
  10
-60005.405273
  20
-1044.290619
  0
VERTEX
  8
1
  10
-60006.865234
  20
-1045.649033
  0
VERTEX
  8
1
  10
-60008.364258
  20
-1046.936035
  0
VERTEX
  8
1
  10
-60009.931641
  20
-1048.169174
  0
VERTEX
  8
1
  10
-60011.542969
  20
-1049.335632
  0
VERTEX
  8
1
  10
-60013.168945
  20
-1050.409775
  0
VERTEX
  8
1
  10
-60014.829102
  20
-1051.408844
  0
VERTEX
  8
1
  10
-60016.538086
  20
-1052.342911
  0
VERTEX
  8
1
  10
-60018.286133
  20
-1053.204422
  0
VERTEX
  8
1
  10
-60020.146484
  20
-1054.030533
  0
VERTEX
  8
1
  10
-60022.119141
  20
-1054.814987
  0
VERTEX
  8
1
  10
-60024.213867
  20
-1055.556107
  0
VERTEX
  8
1
  10
-60026.401367
  20
-1056.243057
  0
VERTEX
  8
1
  10
-60028.803711
  20
-1056.907806
  0
VERTEX
  8
1
  10
-60031.303711
  20
-1057.516861
  0
VERTEX
  8
1
  10
-60033.608398
  20
-1057.999191
  0
VERTEX
  8
1
  10
-60035.996094
  20
-1058.410797
  0
SEQEND
  8
1
  0
POINT
  8
2
 10
-60039.121094
 20
-1058.848343
  0
TEXT
  8
2
 10
-60039.121094
 20
-1058.848343
 40
0.000000
 50
0.000000
  1
# 473
  0
POINT
  8
2
 10
-60039.121094
 20
-899.950638
  0
TEXT
  8
2
 10
-60039.121094
 20
-899.950638
 40
0.000000
 50
0.000000
  1
# 474
  0
POINT
  8
2
 10
-59991.147461
 20
-896.287613
  0
TEXT
  8
2
 10
-59991.147461
 20
-896.287613
 40
0.000000
 50
0.000000
  1
# 475
  0
POINT
  8
2
 10
-59991.123047
 20
-1007.140884
  0
TEXT
  8
2
 10
-59991.123047
 20
-1007.140884
 40
0.000000
 50
0.000000
  1
# 476
  0
POINT
  8
3
 10
-60039.121094
 20
-1053.160858
  0
POINT
  8
3
 10
-60039.121094
 20
-1042.976456
  0
POINT
  8
3
 10
-60039.121094
 20
-1032.698059
  0
POINT
  8
3
 10
-60039.121094
 20
-1022.419586
  0
POINT
  8
3
 10
-60039.121094
 20
-1012.369461
  0
POINT
  8
3
 10
-60039.121094
 20
-1002.090988
  0
POINT
  8
3
 10
-60039.121094
 20
-991.812515
  0
POINT
  8
3
 10
-60039.121094
 20
-981.668320
  0
POINT
  8
3
 10
-60039.121094
 20
-971.389847
  0
POINT
  8
3
 10
-60039.121094
 20
-961.111450
  0
POINT
  8
3
 10
-60039.121094
 20
-951.089172
  0
POINT
  8
3
 10
-60039.121094
 20
-940.810699
  0
POINT
  8
3
 10
-60039.121094
 20
-930.532227
  0
POINT
  8
3
 10
-60039.121094
 20
-920.457001
  0
POINT
  8
3
 10
-60039.121094
 20
-910.314789
  0
POINT
  8
3
 10
-59991.147461
 20
-904.532166
  0
POINT
  8
3
 10
-59991.142578
 20
-914.517517
  0
POINT
  8
3
 10
-59991.137695
 20
-924.729691
  0
POINT
  8
3
 10
-59991.137695
 20
-935.070724
  0
POINT
  8
3
 10
-59991.132813
 20
-945.411682
  0
POINT
  8
3
 10
-59991.132813
 20
-955.756302
  0
POINT
  8
3
 10
-59991.127930
 20
-966.097260
  0
POINT
  8
3
 10
-59991.127930
 20
-976.438293
  0
POINT
  8
3
 10
-59991.127930
 20
-986.727066
  0
POINT
  8
3
 10
-59991.123047
 20
-996.797333
  0
POINT
  8
3
 10
-59991.147461
 20
-1010.054169
  0
POINT
  8
3
 10
-59991.235352
 20
-1012.456436
  0
POINT
  8
3
 10
-59991.396484
 20
-1014.670105
  0
POINT
  8
3
 10
-59991.630859
 20
-1016.768799
  0
POINT
  8
3
 10
-59991.933594
 20
-1018.784256
  0
POINT
  8
3
 10
-59992.304688
 20
-1020.704498
  0
POINT
  8
3
 10
-59992.758789
 20
-1022.599258
  0
POINT
  8
3
 10
-59993.281250
 20
-1024.445877
  0
POINT
  8
3
 10
-59993.891602
 20
-1026.295853
  0
POINT
  8
3
 10
-59994.584961
 20
-1028.140335
  0
POINT
  8
3
 10
-59995.341797
 20
-1029.933853
  0
POINT
  8
3
 10
-59996.176758
 20
-1031.695023
  0
POINT
  8
3
 10
-59997.084961
 20
-1033.419342
  0
POINT
  8
3
 10
-59998.076172
 20
-1035.126648
  0
POINT
  8
3
 10
-59999.125977
 20
-1036.768570
  0
POINT
  8
3
 10
-60000.234375
 20
-1038.354492
  0
POINT
  8
3
 10
-60001.420898
 20
-1039.901505
  0
POINT
  8
3
 10
-60002.685547
 20
-1041.420212
  0
POINT
  8
3
 10
-60004.028320
 20
-1042.894821
  0
POINT
  8
3
 10
-60005.405273
 20
-1044.290619
  0
POINT
  8
3
 10
-60006.865234
 20
-1045.649033
  0
POINT
  8
3
 10
-60008.364258
 20
-1046.936035
  0
POINT
  8
3
 10
-60009.931641
 20
-1048.169174
  0
POINT
  8
3
 10
-60011.542969
 20
-1049.335632
  0
POINT
  8
3
 10
-60013.168945
 20
-1050.409775
  0
POINT
  8
3
 10
-60014.829102
 20
-1051.408844
  0
POINT
  8
3
 10
-60016.538086
 20
-1052.342911
  0
POINT
  8
3
 10
-60018.286133
 20
-1053.204422
  0
POINT
  8
3
 10
-60020.146484
 20
-1054.030533
  0
POINT
  8
3
 10
-60022.119141
 20
-1054.814987
  0
POINT
  8
3
 10
-60024.213867
 20
-1055.556107
  0
POINT
  8
3
 10
-60026.401367
 20
-1056.243057
  0
POINT
  8
3
 10
-60028.803711
 20
-1056.907806
  0
POINT
  8
3
 10
-60031.303711
 20
-1057.516861
  0
POINT
  8
3
 10
-60033.608398
 20
-1057.999191
  0
POINT
  8
3
 10
-60035.996094
 20
-1058.410797
 0
LINE
 8
7
 10
-60021.000977
 20
-915.165176
 11
-60021.000977
 21
-1038.854446
  0
TEXT
  8
1
 10
-60015.122070
 20
-977.567978
 40
10.000000
 50
0.000000
  1
Piece Name: 26SMC-WP117M 展_单刀_175/84
  0
TEXT
  8
1
 10
-60015.122070
 20
-962.567978
 40
10.000000
 50
0.000000
  1
Size: 175/84
  0
TEXT
  8
1
 10
-60015.122070
 20
-947.567978
 40
10.000000
 50
0.000000
  1
Annotation: 
  0
TEXT
  8
1
 10
-60015.122070
 20
-932.567978
 40
10.000000
 50
0.000000
  1
Quantity: 1
  0
TEXT
  8
1
 10
-60015.122070
 20
-917.567978
 40
10.000000
 50
0.000000
  1
Material: 衬 
  0
TEXT
  8
1
 10
-60015.122070
 20
-917.567978
 40
10.000000
 50
0.000000
  1
Category: 13
0
ENDBLK
0
BLOCK
  8
1
  2
26SMC-WP117M 展_单刀_175/84
 70
0
 10
0.0
 20
0.0
  0
POLYLINE
  8
1
  66
1
  70
1
  0
VERTEX
  8
1
  10
-59323.159180
  20
-738.088684
  0
VERTEX
  8
1
  10
-59323.159180
  20
-727.761841
  0
VERTEX
  8
1
  10
-59323.154297
  20
-717.602844
  0
VERTEX
  8
1
  10
-59323.154297
  20
-707.525864
  0
VERTEX
  8
1
  10
-59323.154297
  20
-697.460785
  0
VERTEX
  8
1
  10
-59323.149414
  20
-687.175217
  0
VERTEX
  8
1
  10
-59323.149414
  20
-676.889725
  0
VERTEX
  8
1
  10
-59323.144531
  20
-666.524658
  0
VERTEX
  8
1
  10
-59323.144531
  20
-656.239090
  0
VERTEX
  8
1
  10
-59323.139648
  20
-646.064453
  0
VERTEX
  8
1
  10
-59323.139648
  20
-635.804863
  0
VERTEX
  8
1
  10
-59323.134766
  20
-625.870514
  0
VERTEX
  8
1
  10
-59323.134766
  20
-623.699532
  0
VERTEX
  8
1
  10
-59323.134766
  20
-620.970078
  0
VERTEX
  8
1
  10
-59269.160156
  20
-625.090981
  0
VERTEX
  8
1
  10
-59269.160156
  20
-629.958000
  0
VERTEX
  8
1
  10
-59269.160156
  20
-638.541603
  0
VERTEX
  8
1
  10
-59269.160156
  20
-648.765182
  0
VERTEX
  8
1
  10
-59269.160156
  20
-658.971176
  0
VERTEX
  8
1
  10
-59269.160156
  20
-669.125290
  0
VERTEX
  8
1
  10
-59269.160156
  20
-679.318542
  0
VERTEX
  8
1
  10
-59269.160156
  20
-689.511719
  0
VERTEX
  8
1
  10
-59269.160156
  20
-699.824677
  0
VERTEX
  8
1
  10
-59269.160156
  20
-710.017929
  0
VERTEX
  8
1
  10
-59269.160156
  20
-720.211105
  0
VERTEX
  8
1
  10
-59269.160156
  20
-730.404282
  0
VERTEX
  8
1
  10
-59269.160156
  20
-740.622864
  0
VERTEX
  8
1
  10
-59269.160156
  20
-750.816040
  0
VERTEX
  8
1
  10
-59269.160156
  20
-761.009216
  0
VERTEX
  8
1
  10
-59269.160156
  20
-771.027756
  0
VERTEX
  8
1
  10
-59269.160156
  20
-781.305771
  0
VERTEX
  8
1
  10
-59269.160156
  20
-791.174393
  0
VERTEX
  8
1
  10
-59269.160156
  20
-793.088684
  0
VERTEX
  8
1
  10
-59271.508789
  20
-792.883301
  0
VERTEX
  8
1
  10
-59274.086914
  20
-792.560730
  0
VERTEX
  8
1
  10
-59276.787109
  20
-792.133484
  0
VERTEX
  8
1
  10
-59279.448242
  20
-791.623840
  0
VERTEX
  8
1
  10
-59282.119141
  20
-791.022186
  0
VERTEX
  8
1
  10
-59284.697266
  20
-790.347748
  0
VERTEX
  8
1
  10
-59287.119141
  20
-789.623032
  0
VERTEX
  8
1
  10
-59289.335938
  20
-788.872986
  0
VERTEX
  8
1
  10
-59291.567383
  20
-788.024139
  0
VERTEX
  8
1
  10
-59293.544922
  20
-787.181854
  0
VERTEX
  8
1
  10
-59295.502930
  20
-786.252518
  0
VERTEX
  8
1
  10
-59297.373047
  20
-785.263138
  0
VERTEX
  8
1
  10
-59299.257813
  20
-784.157257
  0
VERTEX
  8
1
  10
-59301.098633
  20
-782.965546
  0
VERTEX
  8
1
  10
-59302.890625
  20
-781.691132
  0
VERTEX
  8
1
  10
-59304.633789
  20
-780.337067
  0
VERTEX
  8
1
  10
-59306.313477
  20
-778.906403
  0
VERTEX
  8
1
  10
-59307.934570
  20
-777.402191
  0
VERTEX
  8
1
  10
-59309.487305
  20
-775.827484
  0
VERTEX
  8
1
  10
-59310.976563
  20
-774.185410
  0
VERTEX
  8
1
  10
-59312.382813
  20
-772.478943
  0
VERTEX
  8
1
  10
-59313.715820
  20
-770.711288
  0
VERTEX
  8
1
  10
-59314.926758
  20
-768.946152
  0
VERTEX
  8
1
  10
-59316.098633
  20
-767.068405
  0
VERTEX
  8
1
  10
-59317.177734
  20
-765.141220
  0
VERTEX
  8
1
  10
-59318.173828
  20
-763.169327
  0
VERTEX
  8
1
  10
-59319.082031
  20
-761.157150
  0
VERTEX
  8
1
  10
-59319.897461
  20
-759.109268
  0
VERTEX
  8
1
  10
-59320.620117
  20
-757.030334
  0
VERTEX
  8
1
  10
-59321.254883
  20
-754.924774
  0
VERTEX
  8
1
  10
-59321.787109
  20
-752.797241
  0
VERTEX
  8
1
  10
-59322.226563
  20
-750.652313
  0
VERTEX
  8
1
  10
-59322.553711
  20
-748.601685
  0
VERTEX
  8
1
  10
-59322.807617
  20
-746.459274
  0
VERTEX
  8
1
  10
-59323.012695
  20
-743.912201
  0
VERTEX
  8
1
  10
-59323.134766
  20
-741.246719
  0
SEQEND
  8
1
  0
POINT
  8
2
 10
-59323.159180
 20
-738.088684
  0
TEXT
  8
2
 10
-59323.159180
 20
-738.088684
 40
0.000000
 50
0.000000
  1
# 477
  0
POINT
  8
2
 10
-59323.134766
 20
-620.970078
  0
TEXT
  8
2
 10
-59323.134766
 20
-620.970078
 40
0.000000
 50
0.000000
  1
# 478
  0
POINT
  8
2
 10
-59269.160156
 20
-625.090981
  0
TEXT
  8
2
 10
-59269.160156
 20
-625.090981
 40
0.000000
 50
0.000000
  1
# 479
  0
POINT
  8
2
 10
-59269.160156
 20
-793.088684
  0
TEXT
  8
2
 10
-59269.160156
 20
-793.088684
 40
0.000000
 50
0.000000
  1
# 480
  0
POINT
  8
3
 10
-59323.159180
 20
-727.761841
  0
POINT
  8
3
 10
-59323.154297
 20
-717.602844
  0
POINT
  8
3
 10
-59323.154297
 20
-707.525864
  0
POINT
  8
3
 10
-59323.154297
 20
-697.460785
  0
POINT
  8
3
 10
-59323.149414
 20
-687.175217
  0
POINT
  8
3
 10
-59323.149414
 20
-676.889725
  0
POINT
  8
3
 10
-59323.144531
 20
-666.524658
  0
POINT
  8
3
 10
-59323.144531
 20
-656.239090
  0
POINT
  8
3
 10
-59323.139648
 20
-646.064453
  0
POINT
  8
3
 10
-59323.139648
 20
-635.804863
  0
POINT
  8
3
 10
-59323.134766
 20
-625.870514
  0
POINT
  8
3
 10
-59323.134766
 20
-623.699532
  0
POINT
  8
3
 10
-59269.160156
 20
-629.958000
  0
POINT
  8
3
 10
-59269.160156
 20
-638.541603
  0
POINT
  8
3
 10
-59269.160156
 20
-648.765182
  0
POINT
  8
3
 10
-59269.160156
 20
-658.971176
  0
POINT
  8
3
 10
-59269.160156
 20
-669.125290
  0
POINT
  8
3
 10
-59269.160156
 20
-679.318542
  0
POINT
  8
3
 10
-59269.160156
 20
-689.511719
  0
POINT
  8
3
 10
-59269.160156
 20
-699.824677
  0
POINT
  8
3
 10
-59269.160156
 20
-710.017929
  0
POINT
  8
3
 10
-59269.160156
 20
-720.211105
  0
POINT
  8
3
 10
-59269.160156
 20
-730.404282
  0
POINT
  8
3
 10
-59269.160156
 20
-740.622864
  0
POINT
  8
3
 10
-59269.160156
 20
-750.816040
  0
POINT
  8
3
 10
-59269.160156
 20
-761.009216
  0
POINT
  8
3
 10
-59269.160156
 20
-771.027756
  0
POINT
  8
3
 10
-59269.160156
 20
-781.305771
  0
POINT
  8
3
 10
-59269.160156
 20
-791.174393
  0
POINT
  8
3
 10
-59271.508789
 20
-792.883301
  0
POINT
  8
3
 10
-59274.086914
 20
-792.560730
  0
POINT
  8
3
 10
-59276.787109
 20
-792.133484
  0
POINT
  8
3
 10
-59279.448242
 20
-791.623840
  0
POINT
  8
3
 10
-59282.119141
 20
-791.022186
  0
POINT
  8
3
 10
-59284.697266
 20
-790.347748
  0
POINT
  8
3
 10
-59287.119141
 20
-789.623032
  0
POINT
  8
3
 10
-59289.335938
 20
-788.872986
  0
POINT
  8
3
 10
-59291.567383
 20
-788.024139
  0
POINT
  8
3
 10
-59293.544922
 20
-787.181854
  0
POINT
  8
3
 10
-59295.502930
 20
-786.252518
  0
POINT
  8
3
 10
-59297.373047
 20
-785.263138
  0
POINT
  8
3
 10
-59299.257813
 20
-784.157257
  0
POINT
  8
3
 10
-59301.098633
 20
-782.965546
  0
POINT
  8
3
 10
-59302.890625
 20
-781.691132
  0
POINT
  8
3
 10
-59304.633789
 20
-780.337067
  0
POINT
  8
3
 10
-59306.313477
 20
-778.906403
  0
POINT
  8
3
 10
-59307.934570
 20
-777.402191
  0
POINT
  8
3
 10
-59309.487305
 20
-775.827484
  0
POINT
  8
3
 10
-59310.976563
 20
-774.185410
  0
POINT
  8
3
 10
-59312.382813
 20
-772.478943
  0
POINT
  8
3
 10
-59313.715820
 20
-770.711288
  0
POINT
  8
3
 10
-59314.926758
 20
-768.946152
  0
POINT
  8
3
 10
-59316.098633
 20
-767.068405
  0
POINT
  8
3
 10
-59317.177734
 20
-765.141220
  0
POINT
  8
3
 10
-59318.173828
 20
-763.169327
  0
POINT
  8
3
 10
-59319.082031
 20
-761.157150
  0
POINT
  8
3
 10
-59319.897461
 20
-759.109268
  0
POINT
  8
3
 10
-59320.620117
 20
-757.030334
  0
POINT
  8
3
 10
-59321.254883
 20
-754.924774
  0
POINT
  8
3
 10
-59321.787109
 20
-752.797241
  0
POINT
  8
3
 10
-59322.226563
 20
-750.652313
  0
POINT
  8
3
 10
-59322.553711
 20
-748.601685
  0
POINT
  8
3
 10
-59322.807617
 20
-746.459274
  0
POINT
  8
3
 10
-59323.012695
 20
-743.912201
  0
POINT
  8
3
 10
-59323.134766
 20
-741.246719
  0
POLYLINE
  8
14
  66
1
  70
1
  0
VERTEX
  8
14
  10
-59323.159180
  20
-738.088684
  0
VERTEX
  8
14
  10
-59323.157301
  20
-727.761840
  0
VERTEX
  8
14
  10
-59323.155540
  20
-717.602856
  0
VERTEX
  8
14
  10
-59323.153889
  20
-707.525889
  0
VERTEX
  8
14
  10
-59323.152336
  20
-697.460760
  0
VERTEX
  8
14
  10
-59323.150661
  20
-687.175245
  0
VERTEX
  8
14
  10
-59323.148645
  20
-676.889733
  0
VERTEX
  8
14
  10
-59323.146084
  20
-666.524640
  0
VERTEX
  8
14
  10
-59323.143209
  20
-656.239128
  0
VERTEX
  8
14
  10
-59323.140341
  20
-646.064460
  0
VERTEX
  8
14
  10
-59323.137648
  20
-635.804873
  0
VERTEX
  8
14
  10
-59323.135211
  20
-625.870496
  0
VERTEX
  8
14
  10
-59323.134766
  20
-623.978767
  0
VERTEX
  8
14
  10
-59269.160156
  20
-628.099709
  0
VERTEX
  8
14
  10
-59269.160156
  20
-638.541619
  0
VERTEX
  8
14
  10
-59269.160156
  20
-648.765187
  0
VERTEX
  8
14
  10
-59269.160156
  20
-658.971154
  0
VERTEX
  8
14
  10
-59269.160156
  20
-669.125297
  0
VERTEX
  8
14
  10
-59269.160156
  20
-679.318524
  0
VERTEX
  8
14
  10
-59269.160156
  20
-689.511752
  0
VERTEX
  8
14
  10
-59269.160156
  20
-699.824690
  0
VERTEX
  8
14
  10
-59269.160156
  20
-710.017899
  0
VERTEX
  8
14
  10
-59269.160156
  20
-720.211086
  0
VERTEX
  8
14
  10
-59269.160156
  20
-730.404266
  0
VERTEX
  8
14
  10
-59269.160156
  20
-740.622848
  0
VERTEX
  8
14
  10
-59269.160156
  20
-750.816026
  0
VERTEX
  8
14
  10
-59269.160156
  20
-761.009216
  0
VERTEX
  8
14
  10
-59269.160156
  20
-771.027759
  0
VERTEX
  8
14
  10
-59269.160156
  20
-781.305783
  0
VERTEX
  8
14
  10
-59269.160156
  20
-791.174396
  0
VERTEX
  8
14
  10
-59269.160156
  20
-793.088684
  0
VERTEX
  8
14
  10
-59271.508147
  20
-792.883293
  0
VERTEX
  8
14
  10
-59274.086119
  20
-792.560733
  0
VERTEX
  8
14
  10
-59276.785393
  20
-792.133453
  0
VERTEX
  8
14
  10
-59279.449270
  20
-791.623815
  0
VERTEX
  8
14
  10
-59282.117886
  20
-791.022217
  0
VERTEX
  8
14
  10
-59284.697056
  20
-790.347740
  0
VERTEX
  8
14
  10
-59287.118724
  20
-789.623043
  0
VERTEX
  8
14
  10
-59289.336187
  20
-788.873012
  0
VERTEX
  8
14
  10
-59291.567771
  20
-788.024149
  0
VERTEX
  8
14
  10
-59293.546224
  20
-787.181822
  0
VERTEX
  8
14
  10
-59295.504388
  20
-786.252523
  0
VERTEX
  8
14
  10
-59297.374699
  20
-785.263128
  0
VERTEX
  8
14
  10
-59299.259940
  20
-784.157257
  0
VERTEX
  8
14
  10
-59301.100722
  20
-782.965576
  0
VERTEX
  8
14
  10
-59302.892795
  20
-781.691160
  0
VERTEX
  8
14
  10
-59304.631923
  20
-780.337075
  0
VERTEX
  8
14
  10
-59306.313868
  20
-778.906384
  0
VERTEX
  8
14
  10
-59307.934383
  20
-777.402163
  0
VERTEX
  8
14
  10
-59309.489229
  20
-775.827476
  0
VERTEX
  8
14
  10
-59310.974171
  20
-774.185387
  0
VERTEX
  8
14
  10
-59312.384959
  20
-772.478972
  0
VERTEX
  8
14
  10
-59313.717357
  20
-770.711296
  0
VERTEX
  8
14
  10
-59314.927934
  20
-768.946156
  0
VERTEX
  8
14
  10
-59316.096440
  20
-767.068386
  0
VERTEX
  8
14
  10
-59317.179115
  20
-765.141252
  0
VERTEX
  8
14
  10
-59318.174455
  20
-763.169321
  0
VERTEX
  8
14
  10
-59319.080961
  20
-761.157150
  0
VERTEX
  8
14
  10
-59319.897138
  20
-759.109295
  0
VERTEX
  8
14
  10
-59320.621483
  20
-757.030319
  0
VERTEX
  8
14
  10
-59321.252496
  20
-754.924787
  0
VERTEX
  8
14
  10
-59321.788679
  20
-752.797254
  0
VERTEX
  8
14
  10
-59322.228533
  20
-750.652282
  0
VERTEX
  8
14
  10
-59322.555994
  20
-748.601677
  0
VERTEX
  8
14
  10
-59322.808927
  20
-746.459243
  0
VERTEX
  8
14
  10
-59323.013899
  20
-743.912204
  0
VERTEX
  8
14
  10
-59323.135081
  20
-741.246753
  0
SEQEND
  8
14
  0
POINT
  8
2
 10
-59323.159180
 20
-738.088684
  0
TEXT
  8
2
 10
-59323.159180
 20
-738.088684
 40
0.000000
 50
0.000000
  1
# 481
  0
POINT
  8
2
 10
-59323.134766
 20
-623.978767
  0
TEXT
  8
2
 10
-59323.134766
 20
-623.978767
 40
0.000000
 50
0.000000
  1
# 482
  0
POINT
  8
2
 10
-59269.160156
 20
-628.099709
  0
TEXT
  8
2
 10
-59269.160156
 20
-628.099709
 40
0.000000
 50
0.000000
  1
# 483
  0
POINT
  8
2
 10
-59269.160156
 20
-793.088684
  0
TEXT
  8
2
 10
-59269.160156
 20
-793.088684
 40
0.000000
 50
0.000000
  1
# 484
  0
POINT
  8
3
 10
-59323.157301
 20
-727.761840
  0
POINT
  8
3
 10
-59323.155540
 20
-717.602856
  0
POINT
  8
3
 10
-59323.153889
 20
-707.525889
  0
POINT
  8
3
 10
-59323.152336
 20
-697.460760
  0
POINT
  8
3
 10
-59323.150661
 20
-687.175245
  0
POINT
  8
3
 10
-59323.148645
 20
-676.889733
  0
POINT
  8
3
 10
-59323.146084
 20
-666.524640
  0
POINT
  8
3
 10
-59323.143209
 20
-656.239128
  0
POINT
  8
3
 10
-59323.140341
 20
-646.064460
  0
POINT
  8
3
 10
-59323.137648
 20
-635.804873
  0
POINT
  8
3
 10
-59323.135211
 20
-625.870496
  0
POINT
  8
3
 10
-59269.160156
 20
-638.541619
  0
POINT
  8
3
 10
-59269.160156
 20
-648.765187
  0
POINT
  8
3
 10
-59269.160156
 20
-658.971154
  0
POINT
  8
3
 10
-59269.160156
 20
-669.125297
  0
POINT
  8
3
 10
-59269.160156
 20
-679.318524
  0
POINT
  8
3
 10
-59269.160156
 20
-689.511752
  0
POINT
  8
3
 10
-59269.160156
 20
-699.824690
  0
POINT
  8
3
 10
-59269.160156
 20
-710.017899
  0
POINT
  8
3
 10
-59269.160156
 20
-720.211086
  0
POINT
  8
3
 10
-59269.160156
 20
-730.404266
  0
POINT
  8
3
 10
-59269.160156
 20
-740.622848
  0
POINT
  8
3
 10
-59269.160156
 20
-750.816026
  0
POINT
  8
3
 10
-59269.160156
 20
-761.009216
  0
POINT
  8
3
 10
-59269.160156
 20
-771.027759
  0
POINT
  8
3
 10
-59269.160156
 20
-781.305783
  0
POINT
  8
3
 10
-59269.160156
 20
-791.174396
  0
POINT
  8
3
 10
-59271.508147
 20
-792.883293
  0
POINT
  8
3
 10
-59274.086119
 20
-792.560733
  0
POINT
  8
3
 10
-59276.785393
 20
-792.133453
  0
POINT
  8
3
 10
-59279.449270
 20
-791.623815
  0
POINT
  8
3
 10
-59282.117886
 20
-791.022217
  0
POINT
  8
3
 10
-59284.697056
 20
-790.347740
  0
POINT
  8
3
 10
-59287.118724
 20
-789.623043
  0
POINT
  8
3
 10
-59289.336187
 20
-788.873012
  0
POINT
  8
3
 10
-59291.567771
 20
-788.024149
  0
POINT
  8
3
 10
-59293.546224
 20
-787.181822
  0
POINT
  8
3
 10
-59295.504388
 20
-786.252523
  0
POINT
  8
3
 10
-59297.374699
 20
-785.263128
  0
POINT
  8
3
 10
-59299.259940
 20
-784.157257
  0
POINT
  8
3
 10
-59301.100722
 20
-782.965576
  0
POINT
  8
3
 10
-59302.892795
 20
-781.691160
  0
POINT
  8
3
 10
-59304.631923
 20
-780.337075
  0
POINT
  8
3
 10
-59306.313868
 20
-778.906384
  0
POINT
  8
3
 10
-59307.934383
 20
-777.402163
  0
POINT
  8
3
 10
-59309.489229
 20
-775.827476
  0
POINT
  8
3
 10
-59310.974171
 20
-774.185387
  0
POINT
  8
3
 10
-59312.384959
 20
-772.478972
  0
POINT
  8
3
 10
-59313.717357
 20
-770.711296
  0
POINT
  8
3
 10
-59314.927934
 20
-768.946156
  0
POINT
  8
3
 10
-59316.096440
 20
-767.068386
  0
POINT
  8
3
 10
-59317.179115
 20
-765.141252
  0
POINT
  8
3
 10
-59318.174455
 20
-763.169321
  0
POINT
  8
3
 10
-59319.080961
 20
-761.157150
  0
POINT
  8
3
 10
-59319.897138
 20
-759.109295
  0
POINT
  8
3
 10
-59320.621483
 20
-757.030319
  0
POINT
  8
3
 10
-59321.252496
 20
-754.924787
  0
POINT
  8
3
 10
-59321.788679
 20
-752.797254
  0
POINT
  8
3
 10
-59322.228533
 20
-750.652282
  0
POINT
  8
3
 10
-59322.555994
 20
-748.601677
  0
POINT
  8
3
 10
-59322.808927
 20
-746.459243
  0
POINT
  8
3
 10
-59323.013899
 20
-743.912204
  0
POINT
  8
3
 10
-59323.135081
 20
-741.246753
 0
LINE
 8
7
 10
-59297.451172
 20
-642.294312
 11
-59297.451172
 21
-758.590088
  0
TEXT
  8
1
 10
-59296.159668
 20
-707.029381
 40
10.000000
 50
0.000000
  1
Piece Name: 26SMC-WP117M 展_单刀_175/84
  0
TEXT
  8
1
 10
-59296.159668
 20
-692.029381
 40
10.000000
 50
0.000000
  1
Size: 175/84
  0
TEXT
  8
1
 10
-59296.159668
 20
-677.029381
 40
10.000000
 50
0.000000
  1
Annotation: 
  0
TEXT
  8
1
 10
-59296.159668
 20
-662.029381
 40
10.000000
 50
0.000000
  1
Quantity: 1
  0
TEXT
  8
1
 10
-59296.159668
 20
-647.029381
 40
10.000000
 50
0.000000
  1
Material: 面
  0
TEXT
  8
1
 10
-59296.159668
 20
-647.029381
 40
10.000000
 50
0.000000
  1
Category: 14
0
ENDBLK
0
BLOCK
  8
1
  2
26SMC-WP117M 展_前中扣袢_175/84
 70
0
 10
0.0
 20
0.0
  0
POLYLINE
  8
1
  66
1
  70
1
  0
VERTEX
  8
1
  10
-61528.642578
  20
536.230354
  0
VERTEX
  8
1
  10
-61528.642578
  20
564.230537
  0
VERTEX
  8
1
  10
-61516.757813
  20
564.230537
  0
VERTEX
  8
1
  10
-61506.420898
  20
564.230537
  0
VERTEX
  8
1
  10
-61495.004883
  20
564.230537
  0
VERTEX
  8
1
  10
-61483.510742
  20
564.230537
  0
VERTEX
  8
1
  10
-61472.685547
  20
564.230537
  0
VERTEX
  8
1
  10
-61461.069336
  20
564.230537
  0
VERTEX
  8
1
  10
-61450.864258
  20
564.230537
  0
VERTEX
  8
1
  10
-61440.253906
  20
564.230537
  0
VERTEX
  8
1
  10
-61429.301758
  20
564.230537
  0
VERTEX
  8
1
  10
-61418.071289
  20
564.230537
  0
VERTEX
  8
1
  10
-61406.621094
  20
564.230537
  0
VERTEX
  8
1
  10
-61395.019531
  20
564.230537
  0
VERTEX
  8
1
  10
-61383.330078
  20
564.230537
  0
VERTEX
  8
1
  10
-61371.611328
  20
564.230537
  0
VERTEX
  8
1
  10
-61359.936523
  20
564.230537
  0
VERTEX
  8
1
  10
-61348.359375
  20
564.230537
  0
VERTEX
  8
1
  10
-61336.948242
  20
564.230537
  0
VERTEX
  8
1
  10
-61325.766602
  20
564.230537
  0
VERTEX
  8
1
  10
-61314.877930
  20
564.230537
  0
VERTEX
  8
1
  10
-61304.345703
  20
564.230537
  0
VERTEX
  8
1
  10
-61294.233398
  20
564.230537
  0
VERTEX
  8
1
  10
-61282.739258
  20
564.230537
  0
VERTEX
  8
1
  10
-61272.050781
  20
564.230537
  0
VERTEX
  8
1
  10
-61260.747070
  20
564.230537
  0
VERTEX
  8
1
  10
-61250.864258
  20
564.230537
  0
VERTEX
  8
1
  10
-61240.527344
  20
564.230537
  0
VERTEX
  8
1
  10
-61231.000977
  20
564.230537
  0
VERTEX
  8
1
  10
-61228.642578
  20
564.230537
  0
VERTEX
  8
1
  10
-61228.642578
  20
553.909912
  0
VERTEX
  8
1
  10
-61228.642578
  20
543.882217
  0
VERTEX
  8
1
  10
-61228.642578
  20
536.230354
  0
SEQEND
  8
1
  0
POINT
  8
2
 10
-61528.642578
 20
536.230354
  0
TEXT
  8
2
 10
-61528.642578
 20
536.230354
 40
0.000000
 50
0.000000
  1
# 485
  0
POINT
  8
2
 10
-61528.642578
 20
564.230537
  0
TEXT
  8
2
 10
-61528.642578
 20
564.230537
 40
0.000000
 50
0.000000
  1
# 486
  0
POINT
  8
2
 10
-61228.642578
 20
564.230537
  0
TEXT
  8
2
 10
-61228.642578
 20
564.230537
 40
0.000000
 50
0.000000
  1
# 487
  0
POINT
  8
2
 10
-61228.642578
 20
536.230354
  0
TEXT
  8
2
 10
-61228.642578
 20
536.230354
 40
0.000000
 50
0.000000
  1
# 488
  0
POINT
  8
3
 10
-61516.757813
 20
564.230537
  0
POINT
  8
3
 10
-61506.420898
 20
564.230537
  0
POINT
  8
3
 10
-61495.004883
 20
564.230537
  0
POINT
  8
3
 10
-61483.510742
 20
564.230537
  0
POINT
  8
3
 10
-61472.685547
 20
564.230537
  0
POINT
  8
3
 10
-61461.069336
 20
564.230537
  0
POINT
  8
3
 10
-61450.864258
 20
564.230537
  0
POINT
  8
3
 10
-61440.253906
 20
564.230537
  0
POINT
  8
3
 10
-61429.301758
 20
564.230537
  0
POINT
  8
3
 10
-61418.071289
 20
564.230537
  0
POINT
  8
3
 10
-61406.621094
 20
564.230537
  0
POINT
  8
3
 10
-61395.019531
 20
564.230537
  0
POINT
  8
3
 10
-61383.330078
 20
564.230537
  0
POINT
  8
3
 10
-61371.611328
 20
564.230537
  0
POINT
  8
3
 10
-61359.936523
 20
564.230537
  0
POINT
  8
3
 10
-61348.359375
 20
564.230537
  0
POINT
  8
3
 10
-61336.948242
 20
564.230537
  0
POINT
  8
3
 10
-61325.766602
 20
564.230537
  0
POINT
  8
3
 10
-61314.877930
 20
564.230537
  0
POINT
  8
3
 10
-61304.345703
 20
564.230537
  0
POINT
  8
3
 10
-61294.233398
 20
564.230537
  0
POINT
  8
3
 10
-61282.739258
 20
564.230537
  0
POINT
  8
3
 10
-61272.050781
 20
564.230537
  0
POINT
  8
3
 10
-61260.747070
 20
564.230537
  0
POINT
  8
3
 10
-61250.864258
 20
564.230537
  0
POINT
  8
3
 10
-61240.527344
 20
564.230537
  0
POINT
  8
3
 10
-61231.000977
 20
564.230537
  0
POINT
  8
3
 10
-61228.642578
 20
553.909912
  0
POINT
  8
3
 10
-61228.642578
 20
543.882217
 0
LINE
 8
7
 10
-61489.448242
 20
548.456001
 11
-61296.245117
 21
548.456001
  0
TEXT
  8
1
 10
-61275.332031
 20
544.420052
 40
10.000000
 50
1.735705
  1
3件
  0
TEXT
  8
1
 10
-61378.642578
 20
550.230446
 40
10.000000
 50
0.000000
  1
Piece Name: 26SMC-WP117M 展_前中扣袢_175/84
  0
TEXT
  8
1
 10
-61378.642578
 20
565.230446
 40
10.000000
 50
0.000000
  1
Size: 175/84
  0
TEXT
  8
1
 10
-61378.642578
 20
580.230446
 40
10.000000
 50
0.000000
  1
Annotation: 
  0
TEXT
  8
1
 10
-61378.642578
 20
595.230446
 40
10.000000
 50
0.000000
  1
Quantity: 1
  0
TEXT
  8
1
 10
-61378.642578
 20
610.230446
 40
10.000000
 50
0.000000
  1
Material: TC
  0
TEXT
  8
1
 10
-61378.642578
 20
610.230446
 40
10.000000
 50
0.000000
  1
Category: 15
0
ENDBLK
0
BLOCK
  8
1
  2
26SMC-WP117M 展_里扣定_175/84
 70
0
 10
0.0
 20
0.0
  0
POLYLINE
  8
1
  66
1
  70
1
  0
VERTEX
  8
1
  10
-60593.735352
  20
456.174927
  0
VERTEX
  8
1
  10
-60594.526367
  20
454.661026
  0
VERTEX
  8
1
  10
-60595.263672
  20
453.015671
  0
VERTEX
  8
1
  10
-60595.888672
  20
451.402168
  0
VERTEX
  8
1
  10
-60596.425781
  20
449.738503
  0
VERTEX
  8
1
  10
-60596.845703
  20
448.114395
  0
VERTEX
  8
1
  10
-60597.138672
  20
446.593895
  0
VERTEX
  8
1
  10
-60597.309570
  20
445.220604
  0
VERTEX
  8
1
  10
-60597.387695
  20
443.821411
  0
VERTEX
  8
1
  10
-60597.363281
  20
442.611656
  0
VERTEX
  8
1
  10
-60597.250977
  20
441.381569
  0
VERTEX
  8
1
  10
-60597.041016
  20
440.174141
  0
VERTEX
  8
1
  10
-60596.704102
  20
438.768654
  0
VERTEX
  8
1
  10
-60596.210938
  20
437.165222
  0
VERTEX
  8
1
  10
-60595.488281
  20
435.162544
  0
VERTEX
  8
1
  10
-60593.378906
  20
429.738998
  0
VERTEX
  8
1
  10
-60592.778320
  20
427.917366
  0
VERTEX
  8
1
  10
-60592.397461
  20
426.493034
  0
VERTEX
  8
1
  10
-60592.114258
  20
425.078888
  0
VERTEX
  8
1
  10
-60591.933594
  20
423.641853
  0
VERTEX
  8
1
  10
-60591.855469
  20
422.213173
  0
VERTEX
  8
1
  10
-60591.870117
  20
420.609818
  0
VERTEX
  8
1
  10
-60591.977539
  20
419.059410
  0
VERTEX
  8
1
  10
-60592.182617
  20
417.406273
  0
VERTEX
  8
1
  10
-60592.480469
  20
415.720100
  0
VERTEX
  8
1
  10
-60592.846680
  20
414.098930
  0
VERTEX
  8
1
  10
-60593.295898
  20
412.479019
  0
VERTEX
  8
1
  10
-60593.735352
  20
411.174927
  0
VERTEX
  8
1
  10
-60715.156250
  20
411.174927
  0
VERTEX
  8
1
  10
-60715.156250
  20
456.174927
  0
SEQEND
  8
1
  0
POINT
  8
2
 10
-60593.735352
 20
456.174927
  0
TEXT
  8
2
 10
-60593.735352
 20
456.174927
 40
0.000000
 50
0.000000
  1
# 489
  0
POINT
  8
2
 10
-60593.735352
 20
411.174927
  0
TEXT
  8
2
 10
-60593.735352
 20
411.174927
 40
0.000000
 50
0.000000
  1
# 490
  0
POINT
  8
2
 10
-60715.156250
 20
411.174927
  0
TEXT
  8
2
 10
-60715.156250
 20
411.174927
 40
0.000000
 50
0.000000
  1
# 491
  0
POINT
  8
2
 10
-60715.156250
 20
456.174927
  0
TEXT
  8
2
 10
-60715.156250
 20
456.174927
 40
0.000000
 50
0.000000
  1
# 492
  0
POINT
  8
3
 10
-60594.526367
 20
454.661026
  0
POINT
  8
3
 10
-60595.263672
 20
453.015671
  0
POINT
  8
3
 10
-60595.888672
 20
451.402168
  0
POINT
  8
3
 10
-60596.425781
 20
449.738503
  0
POINT
  8
3
 10
-60596.845703
 20
448.114395
  0
POINT
  8
3
 10
-60597.138672
 20
446.593895
  0
POINT
  8
3
 10
-60597.309570
 20
445.220604
  0
POINT
  8
3
 10
-60597.387695
 20
443.821411
  0
POINT
  8
3
 10
-60597.363281
 20
442.611656
  0
POINT
  8
3
 10
-60597.250977
 20
441.381569
  0
POINT
  8
3
 10
-60597.041016
 20
440.174141
  0
POINT
  8
3
 10
-60596.704102
 20
438.768654
  0
POINT
  8
3
 10
-60596.210938
 20
437.165222
  0
POINT
  8
3
 10
-60595.488281
 20
435.162544
  0
POINT
  8
3
 10
-60593.378906
 20
429.738998
  0
POINT
  8
3
 10
-60592.778320
 20
427.917366
  0
POINT
  8
3
 10
-60592.397461
 20
426.493034
  0
POINT
  8
3
 10
-60592.114258
 20
425.078888
  0
POINT
  8
3
 10
-60591.933594
 20
423.641853
  0
POINT
  8
3
 10
-60591.855469
 20
422.213173
  0
POINT
  8
3
 10
-60591.870117
 20
420.609818
  0
POINT
  8
3
 10
-60591.977539
 20
419.059410
  0
POINT
  8
3
 10
-60592.182617
 20
417.406273
  0
POINT
  8
3
 10
-60592.480469
 20
415.720100
  0
POINT
  8
3
 10
-60592.846680
 20
414.098930
  0
POINT
  8
3
 10
-60593.295898
 20
412.479019
  0
POLYLINE
  8
8
  66
1
  70
0
  0
VERTEX
  8
8
  10
-60650.156250
  20
411.174927
  0
VERTEX
  8
8
  10
-60650.156250
  20
456.174927
  0
SEQEND
  8
8
  0
POINT
  8
2
 10
-60650.156250
 20
411.174927
  0
TEXT
  8
2
 10
-60650.156250
 20
411.174927
 40
0.000000
 50
0.000000
  1
# 493
  0
POINT
  8
2
 10
-60650.156250
 20
456.174927
  0
TEXT
  8
2
 10
-60650.156250
 20
456.174927
 40
0.000000
 50
0.000000
  1
# 494
  0
POLYLINE
  8
8
  66
1
  70
0
  0
VERTEX
  8
8
  10
-60665.156250
  20
433.674927
  0
VERTEX
  8
8
  10
-60655.012508
  20
433.674927
  0
VERTEX
  8
8
  10
-60650.156250
  20
433.674927
  0
SEQEND
  8
8
  0
POINT
  8
2
 10
-60665.156250
 20
433.674927
  0
TEXT
  8
2
 10
-60665.156250
 20
433.674927
 40
0.000000
 50
0.000000
  1
# 495
  0
POINT
  8
2
 10
-60650.156250
 20
433.674927
  0
TEXT
  8
2
 10
-60650.156250
 20
433.674927
 40
0.000000
 50
0.000000
  1
# 496
  0
POINT
  8
3
 10
-60655.012508
 20
433.674927
  0
POLYLINE
  8
8
  66
1
  70
0
  0
VERTEX
  8
8
  10
-60666.157227
  20
411.174927
  0
VERTEX
  8
8
  10
-60666.157227
  20
456.174927
  0
SEQEND
  8
8
  0
POINT
  8
2
 10
-60666.157227
 20
411.174927
  0
TEXT
  8
2
 10
-60666.157227
 20
411.174927
 40
0.000000
 50
0.000000
  1
# 497
  0
POINT
  8
2
 10
-60666.157227
 20
456.174927
  0
TEXT
  8
2
 10
-60666.157227
 20
456.174927
 40
0.000000
 50
0.000000
  1
# 498
  0
POLYLINE
  8
8
  66
1
  70
0
  0
VERTEX
  8
8
  10
-60645.560056
  20
438.271121
  0
VERTEX
  8
8
  10
-60646.257431
  20
438.873850
  0
VERTEX
  8
8
  10
-60646.820254
  20
439.255277
  0
VERTEX
  8
8
  10
-60647.467994
  20
439.592643
  0
VERTEX
  8
8
  10
-60648.153112
  20
439.858456
  0
VERTEX
  8
8
  10
-60648.847369
  20
440.041856
  0
VERTEX
  8
8
  10
-60649.569313
  20
440.148348
  0
VERTEX
  8
8
  10
-60650.292358
  20
440.173494
  0
VERTEX
  8
8
  10
-60651.019850
  20
440.117293
  0
VERTEX
  8
8
  10
-60651.736478
  20
439.979907
  0
VERTEX
  8
8
  10
-60652.427391
  20
439.765238
  0
VERTEX
  8
8
  10
-60653.095679
  20
439.472305
  0
VERTEX
  8
8
  10
-60653.726932
  20
439.106328
  0
VERTEX
  8
8
  10
-60654.308434
  20
438.675862
  0
VERTEX
  8
8
  10
-60654.842770
  20
438.178967
  0
VERTEX
  8
8
  10
-60655.318057
  20
437.625323
  0
VERTEX
  8
8
  10
-60655.725114
  20
437.027202
  0
VERTEX
  8
8
  10
-60656.065740
  20
436.381915
  0
VERTEX
  8
8
  10
-60656.331906
  20
435.702522
  0
VERTEX
  8
8
  10
-60656.517909
  20
435.008826
  0
VERTEX
  8
8
  10
-60656.627817
  20
434.282124
  0
VERTEX
  8
8
  10
-60656.655095
  20
433.552964
  0
VERTEX
  8
8
  10
-60656.600487
  20
432.825338
  0
VERTEX
  8
8
  10
-60656.466141
  20
432.114426
  0
VERTEX
  8
8
  10
-60656.251479
  20
431.417046
  0
VERTEX
  8
8
  10
-60655.960020
  20
430.748113
  0
VERTEX
  8
8
  10
-60655.598792
  20
430.121247
  0
VERTEX
  8
8
  10
-60655.166199
  20
429.533641
  0
VERTEX
  8
8
  10
-60654.670483
  20
428.998210
  0
VERTEX
  8
8
  10
-60654.122771
  20
428.525497
  0
VERTEX
  8
8
  10
-60653.520626
  20
428.113380
  0
VERTEX
  8
8
  10
-60652.876093
  20
427.771333
  0
VERTEX
  8
8
  10
-60652.203150
  20
427.505637
  0
VERTEX
  8
8
  10
-60651.498796
  20
427.315100
  0
VERTEX
  8
8
  10
-60650.777527
  20
427.204690
  0
VERTEX
  8
8
  10
-60650.054611
  20
427.175725
  0
VERTEX
  8
8
  10
-60649.326821
  20
427.228076
  0
VERTEX
  8
8
  10
-60648.609481
  20
427.361652
  0
VERTEX
  8
8
  10
-60647.917439
  20
427.572657
  0
VERTEX
  8
8
  10
-60647.247606
  20
427.862042
  0
VERTEX
  8
8
  10
-60646.614421
  20
428.224665
  0
VERTEX
  8
8
  10
-60646.030645
  20
428.652043
  0
VERTEX
  8
8
  10
-60645.493681
  20
429.146098
  0
VERTEX
  8
8
  10
-60645.015464
  20
429.697212
  0
VERTEX
  8
8
  10
-60644.605242
  20
430.293167
  0
VERTEX
  8
8
  10
-60644.261198
  20
430.936639
  0
VERTEX
  8
8
  10
-60643.991434
  20
431.614609
  0
VERTEX
  8
8
  10
-60643.800641
  20
432.312494
  0
VERTEX
  8
8
  10
-60643.687989
  20
433.033425
  0
VERTEX
  8
8
  10
-60643.656863
  20
433.762408
  0
VERTEX
  8
8
  10
-60643.706166
  20
434.478929
  0
VERTEX
  8
8
  10
-60643.838096
  20
435.202030
  0
VERTEX
  8
8
  10
-60644.045417
  20
435.889420
  0
VERTEX
  8
8
  10
-60644.336961
  20
436.571011
  0
VERTEX
  8
8
  10
-60644.687658
  20
437.191216
  0
VERTEX
  8
8
  10
-60645.560056
  20
438.271121
  0
SEQEND
  8
8
  0
POINT
  8
2
 10
-60645.560056
 20
438.271121
  0
TEXT
  8
2
 10
-60645.560056
 20
438.271121
 40
0.000000
 50
0.000000
  1
# 499
  0
POINT
  8
2
 10
-60645.560056
 20
438.271121
  0
TEXT
  8
2
 10
-60645.560056
 20
438.271121
 40
0.000000
 50
0.000000
  1
# 500
  0
POINT
  8
3
 10
-60646.257431
 20
438.873850
  0
POINT
  8
3
 10
-60646.820254
 20
439.255277
  0
POINT
  8
3
 10
-60647.467994
 20
439.592643
  0
POINT
  8
3
 10
-60648.153112
 20
439.858456
  0
POINT
  8
3
 10
-60648.847369
 20
440.041856
  0
POINT
  8
3
 10
-60649.569313
 20
440.148348
  0
POINT
  8
3
 10
-60650.292358
 20
440.173494
  0
POINT
  8
3
 10
-60651.019850
 20
440.117293
  0
POINT
  8
3
 10
-60651.736478
 20
439.979907
  0
POINT
  8
3
 10
-60652.427391
 20
439.765238
  0
POINT
  8
3
 10
-60653.095679
 20
439.472305
  0
POINT
  8
3
 10
-60653.726932
 20
439.106328
  0
POINT
  8
3
 10
-60654.308434
 20
438.675862
  0
POINT
  8
3
 10
-60654.842770
 20
438.178967
  0
POINT
  8
3
 10
-60655.318057
 20
437.625323
  0
POINT
  8
3
 10
-60655.725114
 20
437.027202
  0
POINT
  8
3
 10
-60656.065740
 20
436.381915
  0
POINT
  8
3
 10
-60656.331906
 20
435.702522
  0
POINT
  8
3
 10
-60656.517909
 20
435.008826
  0
POINT
  8
3
 10
-60656.627817
 20
434.282124
  0
POINT
  8
3
 10
-60656.655095
 20
433.552964
  0
POINT
  8
3
 10
-60656.600487
 20
432.825338
  0
POINT
  8
3
 10
-60656.466141
 20
432.114426
  0
POINT
  8
3
 10
-60656.251479
 20
431.417046
  0
POINT
  8
3
 10
-60655.960020
 20
430.748113
  0
POINT
  8
3
 10
-60655.598792
 20
430.121247
  0
POINT
  8
3
 10
-60655.166199
 20
429.533641
  0
POINT
  8
3
 10
-60654.670483
 20
428.998210
  0
POINT
  8
3
 10
-60654.122771
 20
428.525497
  0
POINT
  8
3
 10
-60653.520626
 20
428.113380
  0
POINT
  8
3
 10
-60652.876093
 20
427.771333
  0
POINT
  8
3
 10
-60652.203150
 20
427.505637
  0
POINT
  8
3
 10
-60651.498796
 20
427.315100
  0
POINT
  8
3
 10
-60650.777527
 20
427.204690
  0
POINT
  8
3
 10
-60650.054611
 20
427.175725
  0
POINT
  8
3
 10
-60649.326821
 20
427.228076
  0
POINT
  8
3
 10
-60648.609481
 20
427.361652
  0
POINT
  8
3
 10
-60647.917439
 20
427.572657
  0
POINT
  8
3
 10
-60647.247606
 20
427.862042
  0
POINT
  8
3
 10
-60646.614421
 20
428.224665
  0
POINT
  8
3
 10
-60646.030645
 20
428.652043
  0
POINT
  8
3
 10
-60645.493681
 20
429.146098
  0
POINT
  8
3
 10
-60645.015464
 20
429.697212
  0
POINT
  8
3
 10
-60644.605242
 20
430.293167
  0
POINT
  8
3
 10
-60644.261198
 20
430.936639
  0
POINT
  8
3
 10
-60643.991434
 20
431.614609
  0
POINT
  8
3
 10
-60643.800641
 20
432.312494
  0
POINT
  8
3
 10
-60643.687989
 20
433.033425
  0
POINT
  8
3
 10
-60643.656863
 20
433.762408
  0
POINT
  8
3
 10
-60643.706166
 20
434.478929
  0
POINT
  8
3
 10
-60643.838096
 20
435.202030
  0
POINT
  8
3
 10
-60644.045417
 20
435.889420
  0
POINT
  8
3
 10
-60644.336961
 20
436.571011
  0
POINT
  8
3
 10
-60644.687658
 20
437.191216
  0
POLYLINE
  8
8
  66
1
  70
0
  0
VERTEX
  8
8
  10
-60645.560056
  20
438.271121
  0
VERTEX
  8
8
  10
-60654.752444
  20
429.078733
  0
SEQEND
  8
8
  0
POINT
  8
2
 10
-60645.560056
 20
438.271121
  0
TEXT
  8
2
 10
-60645.560056
 20
438.271121
 40
0.000000
 50
0.000000
  1
# 501
  0
POINT
  8
2
 10
-60654.752444
 20
429.078733
  0
TEXT
  8
2
 10
-60654.752444
 20
429.078733
 40
0.000000
 50
0.000000
  1
# 502
  0
POLYLINE
  8
8
  66
1
  70
0
  0
VERTEX
  8
8
  10
-60654.752444
  20
438.271121
  0
VERTEX
  8
8
  10
-60645.560056
  20
429.078733
  0
SEQEND
  8
8
  0
POINT
  8
2
 10
-60654.752444
 20
438.271121
  0
TEXT
  8
2
 10
-60654.752444
 20
438.271121
 40
0.000000
 50
0.000000
  1
# 503
  0
POINT
  8
2
 10
-60645.560056
 20
429.078733
  0
TEXT
  8
2
 10
-60645.560056
 20
429.078733
 40
0.000000
 50
0.000000
  1
# 504
 0
LINE
 8
7
 10
-60693.676758
 20
426.307983
 11
-60626.284180
 21
426.307983
  0
TEXT
  8
1
 10
-60653.505859
 20
433.674927
 40
10.000000
 50
0.000000
  1
Piece Name: 26SMC-WP117M 展_里扣定_175/84
  0
TEXT
  8
1
 10
-60653.505859
 20
448.674927
 40
10.000000
 50
0.000000
  1
Size: 175/84
  0
TEXT
  8
1
 10
-60653.505859
 20
463.674927
 40
10.000000
 50
0.000000
  1
Annotation: 
  0
TEXT
  8
1
 10
-60653.505859
 20
478.674927
 40
10.000000
 50
0.000000
  1
Quantity: 1
  0
TEXT
  8
1
 10
-60653.505859
 20
493.674927
 40
10.000000
 50
0.000000
  1
Material: 净
  0
TEXT
  8
1
 10
-60653.505859
 20
493.674927
 40
10.000000
 50
0.000000
  1
Category: 16
0
ENDBLK
0
BLOCK
  8
1
  2
26SMC-WP117M 展_腰_175/84
 70
0
 10
0.0
 20
0.0
  0
POLYLINE
  8
1
  66
1
  70
1
  0
VERTEX
  8
1
  10
-63249.448242
  20
70.908875
  0
VERTEX
  8
1
  10
-63249.448242
  20
86.829348
  0
VERTEX
  8
1
  10
-63249.448242
  20
97.372789
  0
VERTEX
  8
1
  10
-63249.448242
  20
107.259083
  0
VERTEX
  8
1
  10
-63249.448242
  20
117.090673
  0
VERTEX
  8
1
  10
-63235.620117
  20
117.088556
  0
VERTEX
  8
1
  10
-63224.135742
  20
117.086792
  0
VERTEX
  8
1
  10
-63214.052734
  20
117.085247
  0
VERTEX
  8
1
  10
-63203.627930
  20
117.083635
  0
VERTEX
  8
1
  10
-63193.232422
  20
117.082024
  0
VERTEX
  8
1
  10
-63182.822266
  20
117.080412
  0
VERTEX
  8
1
  10
-63172.412109
  20
117.078781
  0
VERTEX
  8
1
  10
-63162.153320
  20
117.077179
  0
VERTEX
  8
1
  10
-63151.743164
  20
117.075558
  0
VERTEX
  8
1
  10
-63141.337891
  20
117.073927
  0
VERTEX
  8
1
  10
-63130.927734
  20
117.072306
  0
VERTEX
  8
1
  10
-63120.874023
  20
117.070751
  0
VERTEX
  8
1
  10
-63110.463867
  20
117.069139
  0
VERTEX
  8
1
  10
-63100.058594
  20
117.067537
  0
VERTEX
  8
1
  10
-63089.648438
  20
117.065935
  0
VERTEX
  8
1
  10
-63079.536133
  20
117.064371
  0
VERTEX
  8
1
  10
-63069.125977
  20
117.062759
  0
VERTEX
  8
1
  10
-63058.715820
  20
117.061148
  0
VERTEX
  8
1
  10
-63048.618164
  20
117.059565
  0
VERTEX
  8
1
  10
-63038.208008
  20
117.057924
  0
VERTEX
  8
1
  10
-63027.797852
  20
117.056284
  0
VERTEX
  8
1
  10
-63017.387695
  20
117.054653
  0
VERTEX
  8
1
  10
-63007.114258
  20
117.053041
  0
VERTEX
  8
1
  10
-62996.704102
  20
117.051430
  0
VERTEX
  8
1
  10
-62986.293945
  20
117.049809
  0
VERTEX
  8
1
  10
-62976.157227
  20
117.048235
  0
VERTEX
  8
1
  10
-62965.747070
  20
117.046623
  0
VERTEX
  8
1
  10
-62955.336914
  20
117.045002
  0
VERTEX
  8
1
  10
-62944.931641
  20
117.043381
  0
VERTEX
  8
1
  10
-62934.824219
  20
117.041817
  0
VERTEX
  8
1
  10
-62924.414063
  20
117.040195
  0
VERTEX
  8
1
  10
-62914.003906
  20
117.038593
  0
VERTEX
  8
1
  10
-62903.598633
  20
117.036982
  0
VERTEX
  8
1
  10
-62893.408203
  20
117.035408
  0
VERTEX
  8
1
  10
-62883.002930
  20
117.033796
  0
VERTEX
  8
1
  10
-62872.592773
  20
117.032185
  0
VERTEX
  8
1
  10
-62862.182617
  20
117.030573
  0
VERTEX
  8
1
  10
-62851.816406
  20
117.028971
  0
VERTEX
  8
1
  10
-62841.411133
  20
117.027359
  0
VERTEX
  8
1
  10
-62831.000977
  20
117.025738
  0
VERTEX
  8
1
  10
-62820.590820
  20
117.024117
  0
VERTEX
  8
1
  10
-62810.375977
  20
117.022524
  0
VERTEX
  8
1
  10
-62800.200195
  20
117.020931
  0
VERTEX
  8
1
  10
-62790.327148
  20
117.019396
  0
VERTEX
  8
1
  10
-62786.503906
  20
117.018795
  0
VERTEX
  8
1
  10
-62776.088867
  20
117.017174
  0
VERTEX
  8
1
  10
-62765.913086
  20
117.015591
  0
VERTEX
  8
1
  10
-62755.541992
  20
117.013979
  0
VERTEX
  8
1
  10
-62745.463867
  20
117.012415
  0
VERTEX
  8
1
  10
-62735.292969
  20
117.010841
  0
VERTEX
  8
1
  10
-62725.122070
  20
117.009268
  0
VERTEX
  8
1
  10
-62714.863281
  20
117.007675
  0
VERTEX
  8
1
  10
-62704.692383
  20
117.006102
  0
VERTEX
  8
1
  10
-62694.521484
  20
117.004519
  0
VERTEX
  8
1
  10
-62684.428711
  20
117.002945
  0
VERTEX
  8
1
  10
-62674.257813
  20
117.001362
  0
VERTEX
  8
1
  10
-62664.086914
  20
116.999769
  0
VERTEX
  8
1
  10
-62653.916016
  20
116.998177
  0
VERTEX
  8
1
  10
-62643.745117
  20
116.996584
  0
VERTEX
  8
1
  10
-62633.457031
  20
116.994972
  0
VERTEX
  8
1
  10
-62623.286133
  20
116.993380
  0
VERTEX
  8
1
  10
-62613.115234
  20
116.991796
  0
VERTEX
  8
1
  10
-62602.944336
  20
116.990213
  0
VERTEX
  8
1
  10
-62592.880859
  20
116.988649
  0
VERTEX
  8
1
  10
-62582.709961
  20
116.987076
  0
VERTEX
  8
1
  10
-62572.539063
  20
116.985502
  0
VERTEX
  8
1
  10
-62562.368164
  20
116.983929
  0
VERTEX
  8
1
  10
-62552.138672
  20
116.982336
  0
VERTEX
  8
1
  10
-62541.967773
  20
116.980753
  0
VERTEX
  8
1
  10
-62531.796875
  20
116.979160
  0
VERTEX
  8
1
  10
-62521.625977
  20
116.977568
  0
VERTEX
  8
1
  10
-62511.606445
  20
116.976013
  0
VERTEX
  8
1
  10
-62501.435547
  20
116.974430
  0
VERTEX
  8
1
  10
-62491.264648
  20
116.972857
  0
VERTEX
  8
1
  10
-62481.093750
  20
116.971283
  0
VERTEX
  8
1
  10
-62470.883789
  20
116.969700
  0
VERTEX
  8
1
  10
-62460.712891
  20
116.968117
  0
VERTEX
  8
1
  10
-62450.541992
  20
116.966534
  0
VERTEX
  8
1
  10
-62440.371094
  20
116.964951
  0
VERTEX
  8
1
  10
-62430.371094
  20
116.963406
  0
VERTEX
  8
1
  10
-62420.200195
  20
116.961832
  0
VERTEX
  8
1
  10
-62410.029297
  20
116.960249
  0
VERTEX
  8
1
  10
-62399.829102
  20
116.958666
  0
VERTEX
  8
1
  10
-62389.658203
  20
116.957073
  0
VERTEX
  8
1
  10
-62379.487305
  20
116.955481
  0
VERTEX
  8
1
  10
-62369.140625
  20
116.953859
  0
VERTEX
  8
1
  10
-62358.969727
  20
116.952276
  0
VERTEX
  8
1
  10
-62348.798828
  20
116.950693
  0
VERTEX
  8
1
  10
-62338.627930
  20
116.949110
  0
VERTEX
  8
1
  10
-62328.364258
  20
116.947517
  0
VERTEX
  8
1
  10
-62318.193359
  20
116.945934
  0
VERTEX
  8
1
  10
-62308.022461
  20
116.944351
  0
VERTEX
  8
1
  10
-62297.973633
  20
116.942768
  0
VERTEX
  8
1
  10
-62286.435547
  20
116.940947
  0
VERTEX
  8
1
  10
-62272.592773
  20
116.938763
  0
VERTEX
  8
1
  10
-62272.578125
  20
101.077299
  0
VERTEX
  8
1
  10
-62272.568359
  20
90.576763
  0
VERTEX
  8
1
  10
-62272.563477
  20
80.339327
  0
VERTEX
  8
1
  10
-62272.553711
  20
70.908875
  0
VERTEX
  8
1
  10
-62298.095703
  20
70.908875
  0
VERTEX
  8
1
  10
-62308.178711
  20
70.908875
  0
VERTEX
  8
1
  10
-62318.364258
  20
70.908875
  0
VERTEX
  8
1
  10
-62328.344727
  20
70.908875
  0
VERTEX
  8
1
  10
-62338.559570
  20
70.908875
  0
VERTEX
  8
1
  10
-62348.891602
  20
70.908875
  0
VERTEX
  8
1
  10
-62359.218750
  20
70.908875
  0
VERTEX
  8
1
  10
-62369.267578
  20
70.908875
  0
VERTEX
  8
1
  10
-62379.404297
  20
70.908875
  0
VERTEX
  8
1
  10
-62389.628906
  20
70.908875
  0
VERTEX
  8
1
  10
-62399.741211
  20
70.908875
  0
VERTEX
  8
1
  10
-62409.965820
  20
70.908875
  0
VERTEX
  8
1
  10
-62420.190430
  20
70.908875
  0
VERTEX
  8
1
  10
-62430.380859
  20
70.908875
  0
VERTEX
  8
1
  10
-62440.610352
  20
70.908875
  0
VERTEX
  8
1
  10
-62450.834961
  20
70.908875
  0
VERTEX
  8
1
  10
-62461.030273
  20
70.908875
  0
VERTEX
  8
1
  10
-62471.254883
  20
70.908875
  0
VERTEX
  8
1
  10
-62481.484375
  20
70.908875
  0
VERTEX
  8
1
  10
-62491.679688
  20
70.908875
  0
VERTEX
  8
1
  10
-62501.904297
  20
70.908875
  0
VERTEX
  8
1
  10
-62512.128906
  20
70.908875
  0
VERTEX
  8
1
  10
-62522.324219
  20
70.908875
  0
VERTEX
  8
1
  10
-62532.548828
  20
70.908875
  0
VERTEX
  8
1
  10
-62542.778320
  20
70.908875
  0
VERTEX
  8
1
  10
-62552.968750
  20
70.908875
  0
VERTEX
  8
1
  10
-62563.193359
  20
70.908875
  0
VERTEX
  8
1
  10
-62573.417969
  20
70.908875
  0
VERTEX
  8
1
  10
-62583.422852
  20
70.908875
  0
VERTEX
  8
1
  10
-62593.647461
  20
70.908875
  0
VERTEX
  8
1
  10
-62603.872070
  20
70.908875
  0
VERTEX
  8
1
  10
-62614.077148
  20
70.908875
  0
VERTEX
  8
1
  10
-62624.301758
  20
70.908875
  0
VERTEX
  8
1
  10
-62634.526367
  20
70.908875
  0
VERTEX
  8
1
  10
-62644.716797
  20
70.908875
  0
VERTEX
  8
1
  10
-62654.946289
  20
70.908875
  0
VERTEX
  8
1
  10
-62665.170898
  20
70.908875
  0
VERTEX
  8
1
  10
-62675.366211
  20
70.908875
  0
VERTEX
  8
1
  10
-62685.590820
  20
70.908875
  0
VERTEX
  8
1
  10
-62695.815430
  20
70.908875
  0
VERTEX
  8
1
  10
-62706.005859
  20
70.908875
  0
VERTEX
  8
1
  10
-62716.235352
  20
70.908875
  0
VERTEX
  8
1
  10
-62726.459961
  20
70.908875
  0
VERTEX
  8
1
  10
-62736.655273
  20
70.908875
  0
VERTEX
  8
1
  10
-62746.884766
  20
70.908875
  0
VERTEX
  8
1
  10
-62757.109375
  20
70.908875
  0
VERTEX
  8
1
  10
-62767.280273
  20
70.908875
  0
VERTEX
  8
1
  10
-62777.280273
  20
70.908875
  0
VERTEX
  8
1
  10
-62786.503906
  20
70.908875
  0
VERTEX
  8
1
  10
-62796.914063
  20
70.908875
  0
VERTEX
  8
1
  10
-62806.972656
  20
70.908875
  0
VERTEX
  8
1
  10
-62817.016602
  20
70.908875
  0
VERTEX
  8
1
  10
-62827.314453
  20
70.908875
  0
VERTEX
  8
1
  10
-62837.534180
  20
70.908875
  0
VERTEX
  8
1
  10
-62847.446289
  20
70.908875
  0
VERTEX
  8
1
  10
-62857.993164
  20
70.908875
  0
VERTEX
  8
1
  10
-62868.208008
  20
70.908875
  0
VERTEX
  8
1
  10
-62878.442383
  20
70.908875
  0
VERTEX
  8
1
  10
-62888.657227
  20
70.908875
  0
VERTEX
  8
1
  10
-62898.876953
  20
70.908875
  0
VERTEX
  8
1
  10
-62909.106445
  20
70.908875
  0
VERTEX
  8
1
  10
-62919.326172
  20
70.908875
  0
VERTEX
  8
1
  10
-62929.545898
  20
70.908875
  0
VERTEX
  8
1
  10
-62939.780273
  20
70.908875
  0
VERTEX
  8
1
  10
-62950.000000
  20
70.908875
  0
VERTEX
  8
1
  10
-62960.214844
  20
70.908875
  0
VERTEX
  8
1
  10
-62970.463867
  20
70.908875
  0
VERTEX
  8
1
  10
-62980.678711
  20
70.908875
  0
VERTEX
  8
1
  10
-62990.898438
  20
70.908875
  0
VERTEX
  8
1
  10
-63001.015625
  20
70.908875
  0
VERTEX
  8
1
  10
-63011.230469
  20
70.908875
  0
VERTEX
  8
1
  10
-63021.450195
  20
70.908875
  0
VERTEX
  8
1
  10
-63031.684570
  20
70.908875
  0
VERTEX
  8
1
  10
-63041.899414
  20
70.908875
  0
VERTEX
  8
1
  10
-63052.114258
  20
70.908875
  0
VERTEX
  8
1
  10
-63062.373047
  20
70.908875
  0
VERTEX
  8
1
  10
-63072.587891
  20
70.908875
  0
VERTEX
  8
1
  10
-63082.802734
  20
70.908875
  0
VERTEX
  8
1
  10
-63092.822266
  20
70.908875
  0
VERTEX
  8
1
  10
-63103.037109
  20
70.908875
  0
VERTEX
  8
1
  10
-63113.256836
  20
70.908875
  0
VERTEX
  8
1
  10
-63123.447266
  20
70.908875
  0
VERTEX
  8
1
  10
-63133.666992
  20
70.908875
  0
VERTEX
  8
1
  10
-63143.881836
  20
70.908875
  0
VERTEX
  8
1
  10
-63154.150391
  20
70.908875
  0
VERTEX
  8
1
  10
-63164.370117
  20
70.908875
  0
VERTEX
  8
1
  10
-63174.584961
  20
70.908875
  0
VERTEX
  8
1
  10
-63184.604492
  20
70.908875
  0
VERTEX
  8
1
  10
-63194.819336
  20
70.908875
  0
VERTEX
  8
1
  10
-63205.039063
  20
70.908875
  0
VERTEX
  8
1
  10
-63215.058594
  20
70.908875
  0
VERTEX
  8
1
  10
-63225.122070
  20
70.908875
  0
VERTEX
  8
1
  10
-63235.869141
  20
70.908875
  0
SEQEND
  8
1
  0
POINT
  8
2
 10
-63249.448242
 20
70.908875
  0
TEXT
  8
2
 10
-63249.448242
 20
70.908875
 40
0.000000
 50
0.000000
  1
# 505
  0
POINT
  8
2
 10
-63249.448242
 20
117.090673
  0
TEXT
  8
2
 10
-63249.448242
 20
117.090673
 40
0.000000
 50
0.000000
  1
# 506
  0
POINT
  8
2
 10
-62786.503906
 20
117.018795
  0
TEXT
  8
2
 10
-62786.503906
 20
117.018795
 40
0.000000
 50
0.000000
  1
# 507
  0
POINT
  8
2
 10
-62272.592773
 20
116.938763
  0
TEXT
  8
2
 10
-62272.592773
 20
116.938763
 40
0.000000
 50
0.000000
  1
# 508
  0
POINT
  8
2
 10
-62272.553711
 20
70.908875
  0
TEXT
  8
2
 10
-62272.553711
 20
70.908875
 40
0.000000
 50
0.000000
  1
# 509
  0
POINT
  8
2
 10
-62338.559570
 20
70.908875
  0
TEXT
  8
2
 10
-62338.559570
 20
70.908875
 40
0.000000
 50
0.000000
  1
# 510
  0
POINT
  8
2
 10
-62786.503906
 20
70.908875
  0
TEXT
  8
2
 10
-62786.503906
 20
70.908875
 40
0.000000
 50
0.000000
  1
# 511
  0
POINT
  8
3
 10
-63249.448242
 20
86.829348
  0
POINT
  8
3
 10
-63249.448242
 20
97.372789
  0
POINT
  8
3
 10
-63249.448242
 20
107.259083
  0
POINT
  8
3
 10
-63235.620117
 20
117.088556
  0
POINT
  8
3
 10
-63224.135742
 20
117.086792
  0
POINT
  8
3
 10
-63214.052734
 20
117.085247
  0
POINT
  8
3
 10
-63203.627930
 20
117.083635
  0
POINT
  8
3
 10
-63193.232422
 20
117.082024
  0
POINT
  8
3
 10
-63182.822266
 20
117.080412
  0
POINT
  8
3
 10
-63172.412109
 20
117.078781
  0
POINT
  8
3
 10
-63162.153320
 20
117.077179
  0
POINT
  8
3
 10
-63151.743164
 20
117.075558
  0
POINT
  8
3
 10
-63141.337891
 20
117.073927
  0
POINT
  8
3
 10
-63130.927734
 20
117.072306
  0
POINT
  8
3
 10
-63120.874023
 20
117.070751
  0
POINT
  8
3
 10
-63110.463867
 20
117.069139
  0
POINT
  8
3
 10
-63100.058594
 20
117.067537
  0
POINT
  8
3
 10
-63089.648438
 20
117.065935
  0
POINT
  8
3
 10
-63079.536133
 20
117.064371
  0
POINT
  8
3
 10
-63069.125977
 20
117.062759
  0
POINT
  8
3
 10
-63058.715820
 20
117.061148
  0
POINT
  8
3
 10
-63048.618164
 20
117.059565
  0
POINT
  8
3
 10
-63038.208008
 20
117.057924
  0
POINT
  8
3
 10
-63027.797852
 20
117.056284
  0
POINT
  8
3
 10
-63017.387695
 20
117.054653
  0
POINT
  8
3
 10
-63007.114258
 20
117.053041
  0
POINT
  8
3
 10
-62996.704102
 20
117.051430
  0
POINT
  8
3
 10
-62986.293945
 20
117.049809
  0
POINT
  8
3
 10
-62976.157227
 20
117.048235
  0
POINT
  8
3
 10
-62965.747070
 20
117.046623
  0
POINT
  8
3
 10
-62955.336914
 20
117.045002
  0
POINT
  8
3
 10
-62944.931641
 20
117.043381
  0
POINT
  8
3
 10
-62934.824219
 20
117.041817
  0
POINT
  8
3
 10
-62924.414063
 20
117.040195
  0
POINT
  8
3
 10
-62914.003906
 20
117.038593
  0
POINT
  8
3
 10
-62903.598633
 20
117.036982
  0
POINT
  8
3
 10
-62893.408203
 20
117.035408
  0
POINT
  8
3
 10
-62883.002930
 20
117.033796
  0
POINT
  8
3
 10
-62872.592773
 20
117.032185
  0
POINT
  8
3
 10
-62862.182617
 20
117.030573
  0
POINT
  8
3
 10
-62851.816406
 20
117.028971
  0
POINT
  8
3
 10
-62841.411133
 20
117.027359
  0
POINT
  8
3
 10
-62831.000977
 20
117.025738
  0
POINT
  8
3
 10
-62820.590820
 20
117.024117
  0
POINT
  8
3
 10
-62810.375977
 20
117.022524
  0
POINT
  8
3
 10
-62800.200195
 20
117.020931
  0
POINT
  8
3
 10
-62790.327148
 20
117.019396
  0
POINT
  8
3
 10
-62776.088867
 20
117.017174
  0
POINT
  8
3
 10
-62765.913086
 20
117.015591
  0
POINT
  8
3
 10
-62755.541992
 20
117.013979
  0
POINT
  8
3
 10
-62745.463867
 20
117.012415
  0
POINT
  8
3
 10
-62735.292969
 20
117.010841
  0
POINT
  8
3
 10
-62725.122070
 20
117.009268
  0
POINT
  8
3
 10
-62714.863281
 20
117.007675
  0
POINT
  8
3
 10
-62704.692383
 20
117.006102
  0
POINT
  8
3
 10
-62694.521484
 20
117.004519
  0
POINT
  8
3
 10
-62684.428711
 20
117.002945
  0
POINT
  8
3
 10
-62674.257813
 20
117.001362
  0
POINT
  8
3
 10
-62664.086914
 20
116.999769
  0
POINT
  8
3
 10
-62653.916016
 20
116.998177
  0
POINT
  8
3
 10
-62643.745117
 20
116.996584
  0
POINT
  8
3
 10
-62633.457031
 20
116.994972
  0
POINT
  8
3
 10
-62623.286133
 20
116.993380
  0
POINT
  8
3
 10
-62613.115234
 20
116.991796
  0
POINT
  8
3
 10
-62602.944336
 20
116.990213
  0
POINT
  8
3
 10
-62592.880859
 20
116.988649
  0
POINT
  8
3
 10
-62582.709961
 20
116.987076
  0
POINT
  8
3
 10
-62572.539063
 20
116.985502
  0
POINT
  8
3
 10
-62562.368164
 20
116.983929
  0
POINT
  8
3
 10
-62552.138672
 20
116.982336
  0
POINT
  8
3
 10
-62541.967773
 20
116.980753
  0
POINT
  8
3
 10
-62531.796875
 20
116.979160
  0
POINT
  8
3
 10
-62521.625977
 20
116.977568
  0
POINT
  8
3
 10
-62511.606445
 20
116.976013
  0
POINT
  8
3
 10
-62501.435547
 20
116.974430
  0
POINT
  8
3
 10
-62491.264648
 20
116.972857
  0
POINT
  8
3
 10
-62481.093750
 20
116.971283
  0
POINT
  8
3
 10
-62470.883789
 20
116.969700
  0
POINT
  8
3
 10
-62460.712891
 20
116.968117
  0
POINT
  8
3
 10
-62450.541992
 20
116.966534
  0
POINT
  8
3
 10
-62440.371094
 20
116.964951
  0
POINT
  8
3
 10
-62430.371094
 20
116.963406
  0
POINT
  8
3
 10
-62420.200195
 20
116.961832
  0
POINT
  8
3
 10
-62410.029297
 20
116.960249
  0
POINT
  8
3
 10
-62399.829102
 20
116.958666
  0
POINT
  8
3
 10
-62389.658203
 20
116.957073
  0
POINT
  8
3
 10
-62379.487305
 20
116.955481
  0
POINT
  8
3
 10
-62369.140625
 20
116.953859
  0
POINT
  8
3
 10
-62358.969727
 20
116.952276
  0
POINT
  8
3
 10
-62348.798828
 20
116.950693
  0
POINT
  8
3
 10
-62338.627930
 20
116.949110
  0
POINT
  8
3
 10
-62328.364258
 20
116.947517
  0
POINT
  8
3
 10
-62318.193359
 20
116.945934
  0
POINT
  8
3
 10
-62308.022461
 20
116.944351
  0
POINT
  8
3
 10
-62297.973633
 20
116.942768
  0
POINT
  8
3
 10
-62286.435547
 20
116.940947
  0
POINT
  8
3
 10
-62272.578125
 20
101.077299
  0
POINT
  8
3
 10
-62272.568359
 20
90.576763
  0
POINT
  8
3
 10
-62272.563477
 20
80.339327
  0
POINT
  8
3
 10
-62298.095703
 20
70.908875
  0
POINT
  8
3
 10
-62308.178711
 20
70.908875
  0
POINT
  8
3
 10
-62318.364258
 20
70.908875
  0
POINT
  8
3
 10
-62328.344727
 20
70.908875
  0
POINT
  8
3
 10
-62348.891602
 20
70.908875
  0
POINT
  8
3
 10
-62359.218750
 20
70.908875
  0
POINT
  8
3
 10
-62369.267578
 20
70.908875
  0
POINT
  8
3
 10
-62379.404297
 20
70.908875
  0
POINT
  8
3
 10
-62389.628906
 20
70.908875
  0
POINT
  8
3
 10
-62399.741211
 20
70.908875
  0
POINT
  8
3
 10
-62409.965820
 20
70.908875
  0
POINT
  8
3
 10
-62420.190430
 20
70.908875
  0
POINT
  8
3
 10
-62430.380859
 20
70.908875
  0
POINT
  8
3
 10
-62440.610352
 20
70.908875
  0
POINT
  8
3
 10
-62450.834961
 20
70.908875
  0
POINT
  8
3
 10
-62461.030273
 20
70.908875
  0
POINT
  8
3
 10
-62471.254883
 20
70.908875
  0
POINT
  8
3
 10
-62481.484375
 20
70.908875
  0
POINT
  8
3
 10
-62491.679688
 20
70.908875
  0
POINT
  8
3
 10
-62501.904297
 20
70.908875
  0
POINT
  8
3
 10
-62512.128906
 20
70.908875
  0
POINT
  8
3
 10
-62522.324219
 20
70.908875
  0
POINT
  8
3
 10
-62532.548828
 20
70.908875
  0
POINT
  8
3
 10
-62542.778320
 20
70.908875
  0
POINT
  8
3
 10
-62552.968750
 20
70.908875
  0
POINT
  8
3
 10
-62563.193359
 20
70.908875
  0
POINT
  8
3
 10
-62573.417969
 20
70.908875
  0
POINT
  8
3
 10
-62583.422852
 20
70.908875
  0
POINT
  8
3
 10
-62593.647461
 20
70.908875
  0
POINT
  8
3
 10
-62603.872070
 20
70.908875
  0
POINT
  8
3
 10
-62614.077148
 20
70.908875
  0
POINT
  8
3
 10
-62624.301758
 20
70.908875
  0
POINT
  8
3
 10
-62634.526367
 20
70.908875
  0
POINT
  8
3
 10
-62644.716797
 20
70.908875
  0
POINT
  8
3
 10
-62654.946289
 20
70.908875
  0
POINT
  8
3
 10
-62665.170898
 20
70.908875
  0
POINT
  8
3
 10
-62675.366211
 20
70.908875
  0
POINT
  8
3
 10
-62685.590820
 20
70.908875
  0
POINT
  8
3
 10
-62695.815430
 20
70.908875
  0
POINT
  8
3
 10
-62706.005859
 20
70.908875
  0
POINT
  8
3
 10
-62716.235352
 20
70.908875
  0
POINT
  8
3
 10
-62726.459961
 20
70.908875
  0
POINT
  8
3
 10
-62736.655273
 20
70.908875
  0
POINT
  8
3
 10
-62746.884766
 20
70.908875
  0
POINT
  8
3
 10
-62757.109375
 20
70.908875
  0
POINT
  8
3
 10
-62767.280273
 20
70.908875
  0
POINT
  8
3
 10
-62777.280273
 20
70.908875
  0
POINT
  8
3
 10
-62796.914063
 20
70.908875
  0
POINT
  8
3
 10
-62806.972656
 20
70.908875
  0
POINT
  8
3
 10
-62817.016602
 20
70.908875
  0
POINT
  8
3
 10
-62827.314453
 20
70.908875
  0
POINT
  8
3
 10
-62837.534180
 20
70.908875
  0
POINT
  8
3
 10
-62847.446289
 20
70.908875
  0
POINT
  8
3
 10
-62857.993164
 20
70.908875
  0
POINT
  8
3
 10
-62868.208008
 20
70.908875
  0
POINT
  8
3
 10
-62878.442383
 20
70.908875
  0
POINT
  8
3
 10
-62888.657227
 20
70.908875
  0
POINT
  8
3
 10
-62898.876953
 20
70.908875
  0
POINT
  8
3
 10
-62909.106445
 20
70.908875
  0
POINT
  8
3
 10
-62919.326172
 20
70.908875
  0
POINT
  8
3
 10
-62929.545898
 20
70.908875
  0
POINT
  8
3
 10
-62939.780273
 20
70.908875
  0
POINT
  8
3
 10
-62950.000000
 20
70.908875
  0
POINT
  8
3
 10
-62960.214844
 20
70.908875
  0
POINT
  8
3
 10
-62970.463867
 20
70.908875
  0
POINT
  8
3
 10
-62980.678711
 20
70.908875
  0
POINT
  8
3
 10
-62990.898438
 20
70.908875
  0
POINT
  8
3
 10
-63001.015625
 20
70.908875
  0
POINT
  8
3
 10
-63011.230469
 20
70.908875
  0
POINT
  8
3
 10
-63021.450195
 20
70.908875
  0
POINT
  8
3
 10
-63031.684570
 20
70.908875
  0
POINT
  8
3
 10
-63041.899414
 20
70.908875
  0
POINT
  8
3
 10
-63052.114258
 20
70.908875
  0
POINT
  8
3
 10
-63062.373047
 20
70.908875
  0
POINT
  8
3
 10
-63072.587891
 20
70.908875
  0
POINT
  8
3
 10
-63082.802734
 20
70.908875
  0
POINT
  8
3
 10
-63092.822266
 20
70.908875
  0
POINT
  8
3
 10
-63103.037109
 20
70.908875
  0
POINT
  8
3
 10
-63113.256836
 20
70.908875
  0
POINT
  8
3
 10
-63123.447266
 20
70.908875
  0
POINT
  8
3
 10
-63133.666992
 20
70.908875
  0
POINT
  8
3
 10
-63143.881836
 20
70.908875
  0
POINT
  8
3
 10
-63154.150391
 20
70.908875
  0
POINT
  8
3
 10
-63164.370117
 20
70.908875
  0
POINT
  8
3
 10
-63174.584961
 20
70.908875
  0
POINT
  8
3
 10
-63184.604492
 20
70.908875
  0
POINT
  8
3
 10
-63194.819336
 20
70.908875
  0
POINT
  8
3
 10
-63205.039063
 20
70.908875
  0
POINT
  8
3
 10
-63215.058594
 20
70.908875
  0
POINT
  8
3
 10
-63225.122070
 20
70.908875
  0
POINT
  8
3
 10
-63235.869141
 20
70.908875
  0
POLYLINE
  8
14
  66
1
  70
1
  0
VERTEX
  8
14
  10
-63234.448242
  20
75.908875
  0
VERTEX
  8
14
  10
-63234.448242
  20
86.829351
  0
VERTEX
  8
14
  10
-63234.448242
  20
97.372792
  0
VERTEX
  8
14
  10
-63234.448242
  20
107.259081
  0
VERTEX
  8
14
  10
-63234.448242
  20
112.088375
  0
VERTEX
  8
14
  10
-63224.135839
  20
112.086795
  0
VERTEX
  8
14
  10
-63214.053734
  20
112.085246
  0
VERTEX
  8
14
  10
-63203.627197
  20
112.083638
  0
VERTEX
  8
14
  10
-63193.232152
  20
112.082027
  0
VERTEX
  8
14
  10
-63182.823189
  20
112.080408
  0
VERTEX
  8
14
  10
-63172.414291
  20
112.078784
  0
VERTEX
  8
14
  10
-63162.154138
  20
112.077181
  0
VERTEX
  8
14
  10
-63151.745450
  20
112.075554
  0
VERTEX
  8
14
  10
-63141.336846
  20
112.073929
  0
VERTEX
  8
14
  10
-63130.928282
  20
112.072309
  0
VERTEX
  8
14
  10
-63120.874658
  20
112.070749
  0
VERTEX
  8
14
  10
-63110.466079
  20
112.069140
  0
VERTEX
  8
14
  10
-63100.057412
  20
112.067535
  0
VERTEX
  8
14
  10
-63089.648592
  20
112.065931
  0
VERTEX
  8
14
  10
-63079.534941
  20
112.064371
  0
VERTEX
  8
14
  10
-63069.125646
  20
112.062761
  0
VERTEX
  8
14
  10
-63058.716166
  20
112.061144
  0
VERTEX
  8
14
  10
-63048.618543
  20
112.059566
  0
VERTEX
  8
14
  10
-63038.208794
  20
112.057928
  0
VERTEX
  8
14
  10
-63027.799040
  20
112.056287
  0
VERTEX
  8
14
  10
-63017.389422
  20
112.054650
  0
VERTEX
  8
14
  10
-63007.113136
  20
112.053044
  0
VERTEX
  8
14
  10
-62996.703954
  20
112.051425
  0
VERTEX
  8
14
  10
-62986.294920
  20
112.049811
  0
VERTEX
  8
14
  10
-62976.157433
  20
112.048238
  0
VERTEX
  8
14
  10
-62965.748469
  20
112.046620
  0
VERTEX
  8
14
  10
-62955.339521
  20
112.045001
  0
VERTEX
  8
14
  10
-62944.930658
  20
112.043382
  0
VERTEX
  8
14
  10
-62934.823068
  20
112.041813
  0
VERTEX
  8
14
  10
-62924.414377
  20
112.040200
  0
VERTEX
  8
14
  10
-62914.005714
  20
112.038590
  0
VERTEX
  8
14
  10
-62903.596989
  20
112.036981
  0
VERTEX
  8
14
  10
-62893.410387
  20
112.035406
  0
VERTEX
  8
14
  10
-62883.001539
  20
112.033798
  0
VERTEX
  8
14
  10
-62872.592606
  20
112.032188
  0
VERTEX
  8
14
  10
-62862.183704
  20
112.030577
  0
VERTEX
  8
14
  10
-62851.818966
  20
112.028971
  0
VERTEX
  8
14
  10
-62841.410119
  20
112.027354
  0
VERTEX
  8
14
  10
-62831.001220
  20
112.025736
  0
VERTEX
  8
14
  10
-62820.592301
  20
112.024115
  0
VERTEX
  8
14
  10
-62810.374613
  20
112.022522
  0
VERTEX
  8
14
  10
-62800.201520
  20
112.020934
  0
VERTEX
  8
14
  10
-62790.328391
  20
112.019393
  0
VERTEX
  8
14
  10
-62786.503906
  20
112.018795
  0
VERTEX
  8
14
  10
-62776.088019
  20
112.017172
  0
VERTEX
  8
14
  10
-62765.912786
  20
112.015589
  0
VERTEX
  8
14
  10
-62755.540840
  20
112.013978
  0
VERTEX
  8
14
  10
-62745.464192
  20
112.012415
  0
VERTEX
  8
14
  10
-62735.292921
  20
112.010840
  0
VERTEX
  8
14
  10
-62725.121785
  20
112.009266
  0
VERTEX
  8
14
  10
-62714.863335
  20
112.007677
  0
VERTEX
  8
14
  10
-62704.692879
  20
112.006100
  0
VERTEX
  8
14
  10
-62694.522576
  20
112.004519
  0
VERTEX
  8
14
  10
-62684.430571
  20
112.002946
  0
VERTEX
  8
14
  10
-62674.259958
  20
112.001357
  0
VERTEX
  8
14
  10
-62664.089116
  20
111.999766
  0
VERTEX
  8
14
  10
-62653.918053
  20
111.998173
  0
VERTEX
  8
14
  10
-62643.746817
  20
111.996580
  0
VERTEX
  8
14
  10
-62633.459897
  20
111.994971
  0
VERTEX
  8
14
  10
-62623.288386
  20
111.993382
  0
VERTEX
  8
14
  10
-62613.116834
  20
111.991796
  0
VERTEX
  8
14
  10
-62602.945337
  20
111.990214
  0
VERTEX
  8
14
  10
-62592.881992
  20
111.988652
  0
VERTEX
  8
14
  10
-62582.710782
  20
111.987078
  0
VERTEX
  8
14
  10
-62572.539685
  20
111.985504
  0
VERTEX
  8
14
  10
-62562.368678
  20
111.983928
  0
VERTEX
  8
14
  10
-62552.137391
  20
111.982337
  0
VERTEX
  8
14
  10
-62541.966416
  20
111.980749
  0
VERTEX
  8
14
  10
-62531.795422
  20
111.979159
  0
VERTEX
  8
14
  10
-62521.624429
  20
111.977571
  0
VERTEX
  8
14
  10
-62511.605737
  20
111.976011
  0
VERTEX
  8
14
  10
-62501.434754
  20
111.974434
  0
VERTEX
  8
14
  10
-62491.263832
  20
111.972860
  0
VERTEX
  8
14
  10
-62481.092965
  20
111.971285
  0
VERTEX
  8
14
  10
-62470.885564
  20
111.969700
  0
VERTEX
  8
14
  10
-62460.714871
  20
111.968117
  0
VERTEX
  8
14
  10
-62450.544235
  20
111.966532
  0
VERTEX
  8
14
  10
-62440.373545
  20
111.964950
  0
VERTEX
  8
14
  10
-62430.372602
  20
111.963401
  0
VERTEX
  8
14
  10
-62420.201659
  20
111.961828
  0
VERTEX
  8
14
  10
-62410.030577
  20
111.960253
  0
VERTEX
  8
14
  10
-62399.829373
  20
111.958664
  0
VERTEX
  8
14
  10
-62389.658061
  20
111.957073
  0
VERTEX
  8
14
  10
-62379.486739
  20
111.955480
  0
VERTEX
  8
14
  10
-62369.140733
  20
111.953861
  0
VERTEX
  8
14
  10
-62358.969563
  20
111.952274
  0
VERTEX
  8
14
  10
-62348.798520
  20
111.950691
  0
VERTEX
  8
14
  10
-62338.627529
  20
111.949111
  0
VERTEX
  8
14
  10
-62328.363327
  20
111.947519
  0
VERTEX
  8
14
  10
-62318.192424
  20
111.945939
  0
VERTEX
  8
14
  10
-62308.021697
  20
111.944352
  0
VERTEX
  8
14
  10
-62297.974503
  20
111.942772
  0
VERTEX
  8
14
  10
-62287.587891
  20
111.941128
  0
VERTEX
  8
14
  10
-62287.579048
  20
101.065098
  0
VERTEX
  8
14
  10
-62287.570510
  20
90.564568
  0
VERTEX
  8
14
  10
-62287.562186
  20
80.327134
  0
VERTEX
  8
14
  10
-62287.558594
  20
75.908875
  0
VERTEX
  8
14
  10
-62298.094052
  20
75.908875
  0
VERTEX
  8
14
  10
-62308.177046
  20
75.908875
  0
VERTEX
  8
14
  10
-62318.362022
  20
75.908875
  0
VERTEX
  8
14
  10
-62328.342656
  20
75.908875
  0
VERTEX
  8
14
  10
-62338.559570
  20
75.908875
  0
VERTEX
  8
14
  10
-62348.890630
  20
75.908875
  0
VERTEX
  8
14
  10
-62359.217937
  20
75.908875
  0
VERTEX
  8
14
  10
-62369.266072
  20
75.908875
  0
VERTEX
  8
14
  10
-62379.401926
  20
75.908875
  0
VERTEX
  8
14
  10
-62389.627259
  20
75.908875
  0
VERTEX
  8
14
  10
-62399.739814
  20
75.908875
  0
VERTEX
  8
14
  10
-62409.965358
  20
75.908875
  0
VERTEX
  8
14
  10
-62420.191068
  20
75.908875
  0
VERTEX
  8
14
  10
-62430.382220
  20
75.908875
  0
VERTEX
  8
14
  10
-62440.608267
  20
75.908875
  0
VERTEX
  8
14
  10
-62450.834370
  20
75.908875
  0
VERTEX
  8
14
  10
-62461.030563
  20
75.908875
  0
VERTEX
  8
14
  10
-62471.256455
  20
75.908875
  0
VERTEX
  8
14
  10
-62481.482285
  20
75.908875
  0
VERTEX
  8
14
  10
-62491.678365
  20
75.908875
  0
VERTEX
  8
14
  10
-62501.904392
  20
75.908875
  0
VERTEX
  8
14
  10
-62512.130310
  20
75.908875
  0
VERTEX
  8
14
  10
-62522.326078
  20
75.908875
  0
VERTEX
  8
14
  10
-62532.551224
  20
75.908875
  0
VERTEX
  8
14
  10
-62542.776168
  20
75.908875
  0
VERTEX
  8
14
  10
-62552.966490
  20
75.908875
  0
VERTEX
  8
14
  10
-62563.191852
  20
75.908875
  0
VERTEX
  8
14
  10
-62573.417439
  20
75.908875
  0
VERTEX
  8
14
  10
-62583.422845
  20
75.908875
  0
VERTEX
  8
14
  10
-62593.648542
  20
75.908875
  0
VERTEX
  8
14
  10
-62603.874238
  20
75.908875
  0
VERTEX
  8
14
  10
-62614.074987
  20
75.908875
  0
VERTEX
  8
14
  10
-62624.300703
  20
75.908875
  0
VERTEX
  8
14
  10
-62634.526590
  20
75.908875
  0
VERTEX
  8
14
  10
-62644.718039
  20
75.908875
  0
VERTEX
  8
14
  10
-62654.944423
  20
75.908875
  0
VERTEX
  8
14
  10
-62665.170744
  20
75.908875
  0
VERTEX
  8
14
  10
-62675.366724
  20
75.908875
  0
VERTEX
  8
14
  10
-62685.591993
  20
75.908875
  0
VERTEX
  8
14
  10
-62695.817204
  20
75.908875
  0
VERTEX
  8
14
  10
-62706.008062
  20
75.908875
  0
VERTEX
  8
14
  10
-62716.234244
  20
75.908875
  0
VERTEX
  8
14
  10
-62726.460634
  20
75.908875
  0
VERTEX
  8
14
  10
-62736.657064
  20
75.908875
  0
VERTEX
  8
14
  10
-62746.883030
  20
75.908875
  0
VERTEX
  8
14
  10
-62757.108646
  20
75.908875
  0
VERTEX
  8
14
  10
-62767.282160
  20
75.908875
  0
VERTEX
  8
14
  10
-62777.281178
  20
75.908875
  0
VERTEX
  8
14
  10
-62786.503906
  20
75.908875
  0
VERTEX
  8
14
  10
-62796.912620
  20
75.908875
  0
VERTEX
  8
14
  10
-62806.973141
  20
75.908875
  0
VERTEX
  8
14
  10
-62817.016744
  20
75.908875
  0
VERTEX
  8
14
  10
-62827.316327
  20
75.908875
  0
VERTEX
  8
14
  10
-62837.532399
  20
75.908875
  0
VERTEX
  8
14
  10
-62847.445396
  20
75.908875
  0
VERTEX
  8
14
  10
-62857.991635
  20
75.908875
  0
VERTEX
  8
14
  10
-62868.208507
  20
75.908875
  0
VERTEX
  8
14
  10
-62878.441801
  20
75.908875
  0
VERTEX
  8
14
  10
-62888.658324
  20
75.908875
  0
VERTEX
  8
14
  10
-62898.874865
  20
75.908875
  0
VERTEX
  8
14
  10
-62909.108346
  20
75.908875
  0
VERTEX
  8
14
  10
-62919.325862
  20
75.908875
  0
VERTEX
  8
14
  10
-62929.543510
  20
75.908875
  0
VERTEX
  8
14
  10
-62939.782130
  20
75.908875
  0
VERTEX
  8
14
  10
-62949.998560
  20
75.908875
  0
VERTEX
  8
14
  10
-62960.214489
  20
75.908875
  0
VERTEX
  8
14
  10
-62970.463882
  20
75.908875
  0
VERTEX
  8
14
  10
-62980.679875
  20
75.908875
  0
VERTEX
  8
14
  10
-62990.896180
  20
75.908875
  0
VERTEX
  8
14
  10
-63001.014764
  20
75.908875
  0
VERTEX
  8
14
  10
-63011.231972
  20
75.908875
  0
VERTEX
  8
14
  10
-63021.449269
  20
75.908875
  0
VERTEX
  8
14
  10
-63031.682858
  20
75.908875
  0
VERTEX
  8
14
  10
-63041.899405
  20
75.908875
  0
VERTEX
  8
14
  10
-63052.115571
  20
75.908875
  0
VERTEX
  8
14
  10
-63062.372389
  20
75.908875
  0
VERTEX
  8
14
  10
-63072.588186
  20
75.908875
  0
VERTEX
  8
14
  10
-63082.804187
  20
75.908875
  0
VERTEX
  8
14
  10
-63092.819967
  20
75.908875
  0
VERTEX
  8
14
  10
-63103.037063
  20
75.908875
  0
VERTEX
  8
14
  10
-63113.254543
  20
75.908875
  0
VERTEX
  8
14
  10
-63123.449474
  20
75.908875
  0
VERTEX
  8
14
  10
-63133.666825
  20
75.908875
  0
VERTEX
  8
14
  10
-63143.883953
  20
75.908875
  0
VERTEX
  8
14
  10
-63154.151634
  20
75.908875
  0
VERTEX
  8
14
  10
-63164.368372
  20
75.908875
  0
VERTEX
  8
14
  10
-63174.584889
  20
75.908875
  0
VERTEX
  8
14
  10
-63184.605221
  20
75.908875
  0
VERTEX
  8
14
  10
-63194.821161
  20
75.908875
  0
VERTEX
  8
14
  10
-63205.037199
  20
75.908875
  0
VERTEX
  8
14
  10
-63215.057173
  20
75.908875
  0
VERTEX
  8
14
  10
-63225.123445
  20
75.908875
  0
SEQEND
  8
14
  0
POINT
  8
2
 10
-63234.448242
 20
75.908875
  0
TEXT
  8
2
 10
-63234.448242
 20
75.908875
 40
0.000000
 50
0.000000
  1
# 512
  0
POINT
  8
2
 10
-63234.448242
 20
112.088375
  0
TEXT
  8
2
 10
-63234.448242
 20
112.088375
 40
0.000000
 50
0.000000
  1
# 513
  0
POINT
  8
2
 10
-62786.503906
 20
112.018795
  0
TEXT
  8
2
 10
-62786.503906
 20
112.018795
 40
0.000000
 50
0.000000
  1
# 514
  0
POINT
  8
2
 10
-62287.587891
 20
111.941128
  0
TEXT
  8
2
 10
-62287.587891
 20
111.941128
 40
0.000000
 50
0.000000
  1
# 515
  0
POINT
  8
2
 10
-62287.558594
 20
75.908875
  0
TEXT
  8
2
 10
-62287.558594
 20
75.908875
 40
0.000000
 50
0.000000
  1
# 516
  0
POINT
  8
2
 10
-62338.559570
 20
75.908875
  0
TEXT
  8
2
 10
-62338.559570
 20
75.908875
 40
0.000000
 50
0.000000
  1
# 517
  0
POINT
  8
2
 10
-62786.503906
 20
75.908875
  0
TEXT
  8
2
 10
-62786.503906
 20
75.908875
 40
0.000000
 50
0.000000
  1
# 518
  0
POINT
  8
3
 10
-63234.448242
 20
86.829351
  0
POINT
  8
3
 10
-63234.448242
 20
97.372792
  0
POINT
  8
3
 10
-63234.448242
 20
107.259081
  0
POINT
  8
3
 10
-63224.135839
 20
112.086795
  0
POINT
  8
3
 10
-63214.053734
 20
112.085246
  0
POINT
  8
3
 10
-63203.627197
 20
112.083638
  0
POINT
  8
3
 10
-63193.232152
 20
112.082027
  0
POINT
  8
3
 10
-63182.823189
 20
112.080408
  0
POINT
  8
3
 10
-63172.414291
 20
112.078784
  0
POINT
  8
3
 10
-63162.154138
 20
112.077181
  0
POINT
  8
3
 10
-63151.745450
 20
112.075554
  0
POINT
  8
3
 10
-63141.336846
 20
112.073929
  0
POINT
  8
3
 10
-63130.928282
 20
112.072309
  0
POINT
  8
3
 10
-63120.874658
 20
112.070749
  0
POINT
  8
3
 10
-63110.466079
 20
112.069140
  0
POINT
  8
3
 10
-63100.057412
 20
112.067535
  0
POINT
  8
3
 10
-63089.648592
 20
112.065931
  0
POINT
  8
3
 10
-63079.534941
 20
112.064371
  0
POINT
  8
3
 10
-63069.125646
 20
112.062761
  0
POINT
  8
3
 10
-63058.716166
 20
112.061144
  0
POINT
  8
3
 10
-63048.618543
 20
112.059566
  0
POINT
  8
3
 10
-63038.208794
 20
112.057928
  0
POINT
  8
3
 10
-63027.799040
 20
112.056287
  0
POINT
  8
3
 10
-63017.389422
 20
112.054650
  0
POINT
  8
3
 10
-63007.113136
 20
112.053044
  0
POINT
  8
3
 10
-62996.703954
 20
112.051425
  0
POINT
  8
3
 10
-62986.294920
 20
112.049811
  0
POINT
  8
3
 10
-62976.157433
 20
112.048238
  0
POINT
  8
3
 10
-62965.748469
 20
112.046620
  0
POINT
  8
3
 10
-62955.339521
 20
112.045001
  0
POINT
  8
3
 10
-62944.930658
 20
112.043382
  0
POINT
  8
3
 10
-62934.823068
 20
112.041813
  0
POINT
  8
3
 10
-62924.414377
 20
112.040200
  0
POINT
  8
3
 10
-62914.005714
 20
112.038590
  0
POINT
  8
3
 10
-62903.596989
 20
112.036981
  0
POINT
  8
3
 10
-62893.410387
 20
112.035406
  0
POINT
  8
3
 10
-62883.001539
 20
112.033798
  0
POINT
  8
3
 10
-62872.592606
 20
112.032188
  0
POINT
  8
3
 10
-62862.183704
 20
112.030577
  0
POINT
  8
3
 10
-62851.818966
 20
112.028971
  0
POINT
  8
3
 10
-62841.410119
 20
112.027354
  0
POINT
  8
3
 10
-62831.001220
 20
112.025736
  0
POINT
  8
3
 10
-62820.592301
 20
112.024115
  0
POINT
  8
3
 10
-62810.374613
 20
112.022522
  0
POINT
  8
3
 10
-62800.201520
 20
112.020934
  0
POINT
  8
3
 10
-62790.328391
 20
112.019393
  0
POINT
  8
3
 10
-62776.088019
 20
112.017172
  0
POINT
  8
3
 10
-62765.912786
 20
112.015589
  0
POINT
  8
3
 10
-62755.540840
 20
112.013978
  0
POINT
  8
3
 10
-62745.464192
 20
112.012415
  0
POINT
  8
3
 10
-62735.292921
 20
112.010840
  0
POINT
  8
3
 10
-62725.121785
 20
112.009266
  0
POINT
  8
3
 10
-62714.863335
 20
112.007677
  0
POINT
  8
3
 10
-62704.692879
 20
112.006100
  0
POINT
  8
3
 10
-62694.522576
 20
112.004519
  0
POINT
  8
3
 10
-62684.430571
 20
112.002946
  0
POINT
  8
3
 10
-62674.259958
 20
112.001357
  0
POINT
  8
3
 10
-62664.089116
 20
111.999766
  0
POINT
  8
3
 10
-62653.918053
 20
111.998173
  0
POINT
  8
3
 10
-62643.746817
 20
111.996580
  0
POINT
  8
3
 10
-62633.459897
 20
111.994971
  0
POINT
  8
3
 10
-62623.288386
 20
111.993382
  0
POINT
  8
3
 10
-62613.116834
 20
111.991796
  0
POINT
  8
3
 10
-62602.945337
 20
111.990214
  0
POINT
  8
3
 10
-62592.881992
 20
111.988652
  0
POINT
  8
3
 10
-62582.710782
 20
111.987078
  0
POINT
  8
3
 10
-62572.539685
 20
111.985504
  0
POINT
  8
3
 10
-62562.368678
 20
111.983928
  0
POINT
  8
3
 10
-62552.137391
 20
111.982337
  0
POINT
  8
3
 10
-62541.966416
 20
111.980749
  0
POINT
  8
3
 10
-62531.795422
 20
111.979159
  0
POINT
  8
3
 10
-62521.624429
 20
111.977571
  0
POINT
  8
3
 10
-62511.605737
 20
111.976011
  0
POINT
  8
3
 10
-62501.434754
 20
111.974434
  0
POINT
  8
3
 10
-62491.263832
 20
111.972860
  0
POINT
  8
3
 10
-62481.092965
 20
111.971285
  0
POINT
  8
3
 10
-62470.885564
 20
111.969700
  0
POINT
  8
3
 10
-62460.714871
 20
111.968117
  0
POINT
  8
3
 10
-62450.544235
 20
111.966532
  0
POINT
  8
3
 10
-62440.373545
 20
111.964950
  0
POINT
  8
3
 10
-62430.372602
 20
111.963401
  0
POINT
  8
3
 10
-62420.201659
 20
111.961828
  0
POINT
  8
3
 10
-62410.030577
 20
111.960253
  0
POINT
  8
3
 10
-62399.829373
 20
111.958664
  0
POINT
  8
3
 10
-62389.658061
 20
111.957073
  0
POINT
  8
3
 10
-62379.486739
 20
111.955480
  0
POINT
  8
3
 10
-62369.140733
 20
111.953861
  0
POINT
  8
3
 10
-62358.969563
 20
111.952274
  0
POINT
  8
3
 10
-62348.798520
 20
111.950691
  0
POINT
  8
3
 10
-62338.627529
 20
111.949111
  0
POINT
  8
3
 10
-62328.363327
 20
111.947519
  0
POINT
  8
3
 10
-62318.192424
 20
111.945939
  0
POINT
  8
3
 10
-62308.021697
 20
111.944352
  0
POINT
  8
3
 10
-62297.974503
 20
111.942772
  0
POINT
  8
3
 10
-62287.579048
 20
101.065098
  0
POINT
  8
3
 10
-62287.570510
 20
90.564568
  0
POINT
  8
3
 10
-62287.562186
 20
80.327134
  0
POINT
  8
3
 10
-62298.094052
 20
75.908875
  0
POINT
  8
3
 10
-62308.177046
 20
75.908875
  0
POINT
  8
3
 10
-62318.362022
 20
75.908875
  0
POINT
  8
3
 10
-62328.342656
 20
75.908875
  0
POINT
  8
3
 10
-62348.890630
 20
75.908875
  0
POINT
  8
3
 10
-62359.217937
 20
75.908875
  0
POINT
  8
3
 10
-62369.266072
 20
75.908875
  0
POINT
  8
3
 10
-62379.401926
 20
75.908875
  0
POINT
  8
3
 10
-62389.627259
 20
75.908875
  0
POINT
  8
3
 10
-62399.739814
 20
75.908875
  0
POINT
  8
3
 10
-62409.965358
 20
75.908875
  0
POINT
  8
3
 10
-62420.191068
 20
75.908875
  0
POINT
  8
3
 10
-62430.382220
 20
75.908875
  0
POINT
  8
3
 10
-62440.608267
 20
75.908875
  0
POINT
  8
3
 10
-62450.834370
 20
75.908875
  0
POINT
  8
3
 10
-62461.030563
 20
75.908875
  0
POINT
  8
3
 10
-62471.256455
 20
75.908875
  0
POINT
  8
3
 10
-62481.482285
 20
75.908875
  0
POINT
  8
3
 10
-62491.678365
 20
75.908875
  0
POINT
  8
3
 10
-62501.904392
 20
75.908875
  0
POINT
  8
3
 10
-62512.130310
 20
75.908875
  0
POINT
  8
3
 10
-62522.326078
 20
75.908875
  0
POINT
  8
3
 10
-62532.551224
 20
75.908875
  0
POINT
  8
3
 10
-62542.776168
 20
75.908875
  0
POINT
  8
3
 10
-62552.966490
 20
75.908875
  0
POINT
  8
3
 10
-62563.191852
 20
75.908875
  0
POINT
  8
3
 10
-62573.417439
 20
75.908875
  0
POINT
  8
3
 10
-62583.422845
 20
75.908875
  0
POINT
  8
3
 10
-62593.648542
 20
75.908875
  0
POINT
  8
3
 10
-62603.874238
 20
75.908875
  0
POINT
  8
3
 10
-62614.074987
 20
75.908875
  0
POINT
  8
3
 10
-62624.300703
 20
75.908875
  0
POINT
  8
3
 10
-62634.526590
 20
75.908875
  0
POINT
  8
3
 10
-62644.718039
 20
75.908875
  0
POINT
  8
3
 10
-62654.944423
 20
75.908875
  0
POINT
  8
3
 10
-62665.170744
 20
75.908875
  0
POINT
  8
3
 10
-62675.366724
 20
75.908875
  0
POINT
  8
3
 10
-62685.591993
 20
75.908875
  0
POINT
  8
3
 10
-62695.817204
 20
75.908875
  0
POINT
  8
3
 10
-62706.008062
 20
75.908875
  0
POINT
  8
3
 10
-62716.234244
 20
75.908875
  0
POINT
  8
3
 10
-62726.460634
 20
75.908875
  0
POINT
  8
3
 10
-62736.657064
 20
75.908875
  0
POINT
  8
3
 10
-62746.883030
 20
75.908875
  0
POINT
  8
3
 10
-62757.108646
 20
75.908875
  0
POINT
  8
3
 10
-62767.282160
 20
75.908875
  0
POINT
  8
3
 10
-62777.281178
 20
75.908875
  0
POINT
  8
3
 10
-62796.912620
 20
75.908875
  0
POINT
  8
3
 10
-62806.973141
 20
75.908875
  0
POINT
  8
3
 10
-62817.016744
 20
75.908875
  0
POINT
  8
3
 10
-62827.316327
 20
75.908875
  0
POINT
  8
3
 10
-62837.532399
 20
75.908875
  0
POINT
  8
3
 10
-62847.445396
 20
75.908875
  0
POINT
  8
3
 10
-62857.991635
 20
75.908875
  0
POINT
  8
3
 10
-62868.208507
 20
75.908875
  0
POINT
  8
3
 10
-62878.441801
 20
75.908875
  0
POINT
  8
3
 10
-62888.658324
 20
75.908875
  0
POINT
  8
3
 10
-62898.874865
 20
75.908875
  0
POINT
  8
3
 10
-62909.108346
 20
75.908875
  0
POINT
  8
3
 10
-62919.325862
 20
75.908875
  0
POINT
  8
3
 10
-62929.543510
 20
75.908875
  0
POINT
  8
3
 10
-62939.782130
 20
75.908875
  0
POINT
  8
3
 10
-62949.998560
 20
75.908875
  0
POINT
  8
3
 10
-62960.214489
 20
75.908875
  0
POINT
  8
3
 10
-62970.463882
 20
75.908875
  0
POINT
  8
3
 10
-62980.679875
 20
75.908875
  0
POINT
  8
3
 10
-62990.896180
 20
75.908875
  0
POINT
  8
3
 10
-63001.014764
 20
75.908875
  0
POINT
  8
3
 10
-63011.231972
 20
75.908875
  0
POINT
  8
3
 10
-63021.449269
 20
75.908875
  0
POINT
  8
3
 10
-63031.682858
 20
75.908875
  0
POINT
  8
3
 10
-63041.899405
 20
75.908875
  0
POINT
  8
3
 10
-63052.115571
 20
75.908875
  0
POINT
  8
3
 10
-63062.372389
 20
75.908875
  0
POINT
  8
3
 10
-63072.588186
 20
75.908875
  0
POINT
  8
3
 10
-63082.804187
 20
75.908875
  0
POINT
  8
3
 10
-63092.819967
 20
75.908875
  0
POINT
  8
3
 10
-63103.037063
 20
75.908875
  0
POINT
  8
3
 10
-63113.254543
 20
75.908875
  0
POINT
  8
3
 10
-63123.449474
 20
75.908875
  0
POINT
  8
3
 10
-63133.666825
 20
75.908875
  0
POINT
  8
3
 10
-63143.883953
 20
75.908875
  0
POINT
  8
3
 10
-63154.151634
 20
75.908875
  0
POINT
  8
3
 10
-63164.368372
 20
75.908875
  0
POINT
  8
3
 10
-63174.584889
 20
75.908875
  0
POINT
  8
3
 10
-63184.605221
 20
75.908875
  0
POINT
  8
3
 10
-63194.821161
 20
75.908875
  0
POINT
  8
3
 10
-63205.037199
 20
75.908875
  0
POINT
  8
3
 10
-63215.057173
 20
75.908875
  0
POINT
  8
3
 10
-63225.123445
 20
75.908875
  0
POLYLINE
  8
8
  66
1
  70
0
  0
VERTEX
  8
8
  10
-62786.503906
  20
75.908875
  0
VERTEX
  8
8
  10
-62786.503906
  20
112.018795
  0
SEQEND
  8
8
  0
POINT
  8
2
 10
-62786.503906
 20
75.908875
  0
TEXT
  8
2
 10
-62786.503906
 20
75.908875
 40
0.000000
 50
0.000000
  1
# 519
  0
POINT
  8
2
 10
-62786.503906
 20
112.018795
  0
TEXT
  8
2
 10
-62786.503906
 20
112.018795
 40
0.000000
 50
0.000000
  1
# 520
 0
LINE
 8
7
 10
-63060.585938
 20
89.784451
 11
-62591.679688
 21
89.784451
  0
TEXT
  8
1
 10
-62761.000977
 20
93.999774
 40
10.000000
 50
0.000000
  1
Piece Name: 26SMC-WP117M 展_腰_175/84
  0
TEXT
  8
1
 10
-62761.000977
 20
108.999774
 40
10.000000
 50
0.000000
  1
Size: 175/84
  0
TEXT
  8
1
 10
-62761.000977
 20
123.999774
 40
10.000000
 50
0.000000
  1
Annotation: 
  0
TEXT
  8
1
 10
-62761.000977
 20
138.999774
 40
10.000000
 50
0.000000
  1
Quantity: 1,1
  0
TEXT
  8
1
 10
-62761.000977
 20
153.999774
 40
10.000000
 50
0.000000
  1
Material: 衬 
  0
TEXT
  8
1
 10
-62761.000977
 20
153.999774
 40
10.000000
 50
0.000000
  1
Category: 17
0
ENDBLK
0
BLOCK
  8
1
  2
26SMC-WP117M 展_腰_175/84
 70
0
 10
0.0
 20
0.0
  0
POLYLINE
  8
1
  66
1
  70
1
  0
VERTEX
  8
1
  10
-61635.717773
  20
335.607643
  0
VERTEX
  8
1
  10
-61646.201172
  20
335.607643
  0
VERTEX
  8
1
  10
-61656.435547
  20
335.607643
  0
VERTEX
  8
1
  10
-61666.616211
  20
335.607643
  0
VERTEX
  8
1
  10
-61676.855469
  20
335.607643
  0
VERTEX
  8
1
  10
-61687.094727
  20
335.607643
  0
VERTEX
  8
1
  10
-61697.104492
  20
335.607643
  0
VERTEX
  8
1
  10
-61707.343750
  20
335.607643
  0
VERTEX
  8
1
  10
-61717.587891
  20
335.607643
  0
VERTEX
  8
1
  10
-61727.690430
  20
335.607605
  0
VERTEX
  8
1
  10
-61737.929688
  20
335.607567
  0
VERTEX
  8
1
  10
-61748.173828
  20
335.607567
  0
VERTEX
  8
1
  10
-61758.408203
  20
335.607529
  0
VERTEX
  8
1
  10
-61768.652344
  20
335.607567
  0
VERTEX
  8
1
  10
-61778.891602
  20
335.607605
  0
VERTEX
  8
1
  10
-61788.911133
  20
335.607605
  0
VERTEX
  8
1
  10
-61799.150391
  20
335.607567
  0
VERTEX
  8
1
  10
-61809.394531
  20
335.607567
  0
VERTEX
  8
1
  10
-61819.482422
  20
335.607567
  0
VERTEX
  8
1
  10
-61829.492188
  20
335.607567
  0
VERTEX
  8
1
  10
-61839.384766
  20
335.607605
  0
VERTEX
  8
1
  10
-61847.631836
  20
335.607643
  0
VERTEX
  8
1
  10
-61863.715820
  20
335.607719
  0
VERTEX
  8
1
  10
-61863.715820
  20
356.528130
  0
VERTEX
  8
1
  10
-61863.715820
  20
367.071571
  0
VERTEX
  8
1
  10
-61863.715820
  20
376.957855
  0
VERTEX
  8
1
  10
-61863.715820
  20
391.790276
  0
VERTEX
  8
1
  10
-61846.137695
  20
391.787529
  0
VERTEX
  8
1
  10
-61833.403320
  20
391.785507
  0
VERTEX
  8
1
  10
-61823.320313
  20
391.783943
  0
VERTEX
  8
1
  10
-61812.895508
  20
391.782303
  0
VERTEX
  8
1
  10
-61802.500000
  20
391.780701
  0
VERTEX
  8
1
  10
-61792.089844
  20
391.779099
  0
VERTEX
  8
1
  10
-61781.679688
  20
391.777496
  0
VERTEX
  8
1
  10
-61771.420898
  20
391.775894
  0
VERTEX
  8
1
  10
-61761.010742
  20
391.774254
  0
VERTEX
  8
1
  10
-61750.600586
  20
391.772614
  0
VERTEX
  8
1
  10
-61740.195313
  20
391.770973
  0
VERTEX
  8
1
  10
-61730.141602
  20
391.769371
  0
VERTEX
  8
1
  10
-61719.731445
  20
391.767769
  0
VERTEX
  8
1
  10
-61709.321289
  20
391.766167
  0
VERTEX
  8
1
  10
-61698.911133
  20
391.764565
  0
VERTEX
  8
1
  10
-61688.803711
  20
391.763039
  0
VERTEX
  8
1
  10
-61678.393555
  20
391.761475
  0
VERTEX
  8
1
  10
-61667.983398
  20
391.759872
  0
VERTEX
  8
1
  10
-61657.880859
  20
391.758270
  0
VERTEX
  8
1
  10
-61647.475586
  20
391.756630
  0
VERTEX
  8
1
  10
-61637.065430
  20
391.754951
  0
VERTEX
  8
1
  10
-61626.655273
  20
391.753311
  0
VERTEX
  8
1
  10
-61616.376953
  20
391.751671
  0
VERTEX
  8
1
  10
-61605.971680
  20
391.750031
  0
VERTEX
  8
1
  10
-61595.561523
  20
391.748428
  0
VERTEX
  8
1
  10
-61585.424805
  20
391.746864
  0
VERTEX
  8
1
  10
-61575.014648
  20
391.745224
  0
VERTEX
  8
1
  10
-61564.604492
  20
391.743622
  0
VERTEX
  8
1
  10
-61554.194336
  20
391.742020
  0
VERTEX
  8
1
  10
-61544.086914
  20
391.740456
  0
VERTEX
  8
1
  10
-61533.681641
  20
391.738892
  0
VERTEX
  8
1
  10
-61523.271484
  20
391.737289
  0
VERTEX
  8
1
  10
-61512.861328
  20
391.735725
  0
VERTEX
  8
1
  10
-61502.675781
  20
391.734161
  0
VERTEX
  8
1
  10
-61492.265625
  20
391.732559
  0
VERTEX
  8
1
  10
-61481.860352
  20
391.730957
  0
VERTEX
  8
1
  10
-61471.450195
  20
391.729317
  0
VERTEX
  8
1
  10
-61461.083984
  20
391.727715
  0
VERTEX
  8
1
  10
-61450.673828
  20
391.726074
  0
VERTEX
  8
1
  10
-61440.268555
  20
391.724434
  0
VERTEX
  8
1
  10
-61429.858398
  20
391.722794
  0
VERTEX
  8
1
  10
-61419.638672
  20
391.721230
  0
VERTEX
  8
1
  10
-61409.467773
  20
391.719666
  0
VERTEX
  8
1
  10
-61399.594727
  20
391.718140
  0
VERTEX
  8
1
  10
-61395.771484
  20
391.717567
  0
VERTEX
  8
1
  10
-61385.356445
  20
391.715927
  0
VERTEX
  8
1
  10
-61375.180664
  20
391.714363
  0
VERTEX
  8
1
  10
-61364.809570
  20
391.712761
  0
VERTEX
  8
1
  10
-61354.731445
  20
391.711197
  0
VERTEX
  8
1
  10
-61344.560547
  20
391.709595
  0
VERTEX
  8
1
  10
-61334.389648
  20
391.708031
  0
VERTEX
  8
1
  10
-61324.130859
  20
391.706467
  0
VERTEX
  8
1
  10
-61313.959961
  20
391.704865
  0
VERTEX
  8
1
  10
-61303.789063
  20
391.703300
  0
VERTEX
  8
1
  10
-61293.696289
  20
391.701698
  0
VERTEX
  8
1
  10
-61283.525391
  20
391.700096
  0
VERTEX
  8
1
  10
-61273.354492
  20
391.698456
  0
VERTEX
  8
1
  10
-61263.183594
  20
391.696854
  0
VERTEX
  8
1
  10
-61253.012695
  20
391.695251
  0
VERTEX
  8
1
  10
-61242.724609
  20
391.693649
  0
VERTEX
  8
1
  10
-61232.553711
  20
391.692085
  0
VERTEX
  8
1
  10
-61222.382813
  20
391.690521
  0
VERTEX
  8
1
  10
-61212.211914
  20
391.688919
  0
VERTEX
  8
1
  10
-61202.153320
  20
391.687355
  0
VERTEX
  8
1
  10
-61191.982422
  20
391.685791
  0
VERTEX
  8
1
  10
-61181.811523
  20
391.684189
  0
VERTEX
  8
1
  10
-61171.640625
  20
391.682587
  0
VERTEX
  8
1
  10
-61161.401367
  20
391.680984
  0
VERTEX
  8
1
  10
-61151.230469
  20
391.679382
  0
VERTEX
  8
1
  10
-61141.059570
  20
391.677780
  0
VERTEX
  8
1
  10
-61130.888672
  20
391.676216
  0
VERTEX
  8
1
  10
-61120.874023
  20
391.674652
  0
VERTEX
  8
1
  10
-61110.703125
  20
391.673126
  0
VERTEX
  8
1
  10
-61100.532227
  20
391.671562
  0
VERTEX
  8
1
  10
-61090.361328
  20
391.669998
  0
VERTEX
  8
1
  10
-61080.151367
  20
391.668434
  0
VERTEX
  8
1
  10
-61069.980469
  20
391.666832
  0
VERTEX
  8
1
  10
-61059.809570
  20
391.665230
  0
VERTEX
  8
1
  10
-61049.638672
  20
391.663628
  0
VERTEX
  8
1
  10
-61039.638672
  20
391.662064
  0
VERTEX
  8
1
  10
-61029.467773
  20
391.660538
  0
VERTEX
  8
1
  10
-61019.296875
  20
391.658974
  0
VERTEX
  8
1
  10
-61009.096680
  20
391.657410
  0
VERTEX
  8
1
  10
-60998.925781
  20
391.655846
  0
VERTEX
  8
1
  10
-60988.754883
  20
391.654243
  0
VERTEX
  8
1
  10
-60978.408203
  20
391.652603
  0
VERTEX
  8
1
  10
-60968.237305
  20
391.651001
  0
VERTEX
  8
1
  10
-60958.066406
  20
391.649361
  0
VERTEX
  8
1
  10
-60947.895508
  20
391.647797
  0
VERTEX
  8
1
  10
-60937.631836
  20
391.646194
  0
VERTEX
  8
1
  10
-60927.460938
  20
391.644630
  0
VERTEX
  8
1
  10
-60917.290039
  20
391.643066
  0
VERTEX
  8
1
  10
-60907.241211
  20
391.641464
  0
VERTEX
  8
1
  10
-60894.453125
  20
391.639366
  0
VERTEX
  8
1
  10
-60876.865234
  20
391.636505
  0
VERTEX
  8
1
  10
-60876.845703
  20
370.780029
  0
VERTEX
  8
1
  10
-60876.835938
  20
360.279541
  0
VERTEX
  8
1
  10
-60876.831055
  20
350.042152
  0
VERTEX
  8
1
  10
-60876.816406
  20
335.607643
  0
VERTEX
  8
1
  10
-60907.363281
  20
335.607643
  0
VERTEX
  8
1
  10
-60917.446289
  20
335.607643
  0
VERTEX
  8
1
  10
-60927.631836
  20
335.607643
  0
VERTEX
  8
1
  10
-60937.612305
  20
335.607643
  0
VERTEX
  8
1
  10
-60941.826172
  20
335.607643
  0
VERTEX
  8
1
  10
-60947.827148
  20
335.607643
  0
VERTEX
  8
1
  10
-60947.827148
  20
335.607643
  0
VERTEX
  8
1
  10
-60958.291016
  20
335.607643
  0
VERTEX
  8
1
  10
-60968.515625
  20
335.607605
  0
VERTEX
  8
1
  10
-60978.852539
  20
335.607605
  0
VERTEX
  8
1
  10
-60989.101563
  20
335.607567
  0
VERTEX
  8
1
  10
-60999.350586
  20
335.607529
  0
VERTEX
  8
1
  10
-61009.624023
  20
335.607529
  0
VERTEX
  8
1
  10
-61019.873047
  20
335.607567
  0
VERTEX
  8
1
  10
-61030.122070
  20
335.607605
  0
VERTEX
  8
1
  10
-61040.400391
  20
335.607605
  0
VERTEX
  8
1
  10
-61050.649414
  20
335.607643
  0
VERTEX
  8
1
  10
-61060.898438
  20
335.607643
  0
VERTEX
  8
1
  10
-61071.206055
  20
335.607605
  0
VERTEX
  8
1
  10
-61081.455078
  20
335.607567
  0
VERTEX
  8
1
  10
-61091.704102
  20
335.607529
  0
VERTEX
  8
1
  10
-61102.011719
  20
335.607529
  0
VERTEX
  8
1
  10
-61112.260742
  20
335.607567
  0
VERTEX
  8
1
  10
-61122.509766
  20
335.607605
  0
VERTEX
  8
1
  10
-61132.788086
  20
335.607605
  0
VERTEX
  8
1
  10
-61142.949219
  20
335.607643
  0
VERTEX
  8
1
  10
-61152.836914
  20
335.607643
  0
VERTEX
  8
1
  10
-61155.825195
  20
335.607643
  0
VERTEX
  8
1
  10
-61155.825195
  20
335.607643
  0
VERTEX
  8
1
  10
-61166.357422
  20
335.607643
  0
VERTEX
  8
1
  10
-61176.689453
  20
335.607643
  0
VERTEX
  8
1
  10
-61186.894531
  20
335.607643
  0
VERTEX
  8
1
  10
-61196.997070
  20
335.607643
  0
VERTEX
  8
1
  10
-61207.099609
  20
335.607643
  0
VERTEX
  8
1
  10
-61217.202148
  20
335.607605
  0
VERTEX
  8
1
  10
-61227.290039
  20
335.607605
  0
VERTEX
  8
1
  10
-61237.392578
  20
335.607567
  0
VERTEX
  8
1
  10
-61247.495117
  20
335.607529
  0
VERTEX
  8
1
  10
-61257.773438
  20
335.607567
  0
VERTEX
  8
1
  10
-61267.875977
  20
335.607567
  0
VERTEX
  8
1
  10
-61277.978516
  20
335.607605
  0
VERTEX
  8
1
  10
-61288.256836
  20
335.607567
  0
VERTEX
  8
1
  10
-61298.359375
  20
335.607567
  0
VERTEX
  8
1
  10
-61308.461914
  20
335.607529
  0
VERTEX
  8
1
  10
-61318.740234
  20
335.607567
  0
VERTEX
  8
1
  10
-61328.842773
  20
335.607567
  0
VERTEX
  8
1
  10
-61338.940430
  20
335.607605
  0
VERTEX
  8
1
  10
-61349.213867
  20
335.607643
  0
VERTEX
  8
1
  10
-61359.316406
  20
335.607643
  0
VERTEX
  8
1
  10
-61369.418945
  20
335.607643
  0
VERTEX
  8
1
  10
-61379.570313
  20
335.607643
  0
VERTEX
  8
1
  10
-61389.545898
  20
335.607643
  0
VERTEX
  8
1
  10
-61395.771484
  20
335.607643
  0
VERTEX
  8
1
  10
-61395.771484
  20
335.607643
  0
VERTEX
  8
1
  10
-61406.259766
  20
335.607643
  0
VERTEX
  8
1
  10
-61416.557617
  20
335.607643
  0
VERTEX
  8
1
  10
-61426.811523
  20
335.607643
  0
VERTEX
  8
1
  10
-61436.967773
  20
335.607643
  0
VERTEX
  8
1
  10
-61447.055664
  20
335.607643
  0
VERTEX
  8
1
  10
-61457.138672
  20
335.607643
  0
VERTEX
  8
1
  10
-61467.465820
  20
335.607643
  0
VERTEX
  8
1
  10
-61477.548828
  20
335.607643
  0
VERTEX
  8
1
  10
-61487.636719
  20
335.607643
  0
VERTEX
  8
1
  10
-61497.973633
  20
335.607643
  0
VERTEX
  8
1
  10
-61508.056641
  20
335.607643
  0
VERTEX
  8
1
  10
-61518.144531
  20
335.607643
  0
VERTEX
  8
1
  10
-61528.481445
  20
335.607643
  0
VERTEX
  8
1
  10
-61538.564453
  20
335.607643
  0
VERTEX
  8
1
  10
-61548.647461
  20
335.607643
  0
VERTEX
  8
1
  10
-61558.984375
  20
335.607643
  0
VERTEX
  8
1
  10
-61569.072266
  20
335.607643
  0
VERTEX
  8
1
  10
-61579.155273
  20
335.607643
  0
VERTEX
  8
1
  10
-61589.501953
  20
335.607643
  0
VERTEX
  8
1
  10
-61599.584961
  20
335.607643
  0
VERTEX
  8
1
  10
-61609.672852
  20
335.607643
  0
VERTEX
  8
1
  10
-61619.770508
  20
335.607643
  0
VERTEX
  8
1
  10
-61629.765625
  20
335.607643
  0
VERTEX
  8
1
  10
-61635.717773
  20
335.607643
  0
SEQEND
  8
1
  0
POINT
  8
2
 10
-61635.717773
 20
335.607643
  0
TEXT
  8
2
 10
-61635.717773
 20
335.607643
 40
0.000000
 50
0.000000
  1
# 521
  0
POINT
  8
2
 10
-61863.715820
 20
335.607719
  0
TEXT
  8
2
 10
-61863.715820
 20
335.607719
 40
0.000000
 50
0.000000
  1
# 522
  0
POINT
  8
2
 10
-61863.715820
 20
391.790276
  0
TEXT
  8
2
 10
-61863.715820
 20
391.790276
 40
0.000000
 50
0.000000
  1
# 523
  0
POINT
  8
2
 10
-61395.771484
 20
391.717567
  0
TEXT
  8
2
 10
-61395.771484
 20
391.717567
 40
0.000000
 50
0.000000
  1
# 524
  0
POINT
  8
2
 10
-60876.865234
 20
391.636505
  0
TEXT
  8
2
 10
-60876.865234
 20
391.636505
 40
0.000000
 50
0.000000
  1
# 525
  0
POINT
  8
2
 10
-60876.816406
 20
335.607643
  0
TEXT
  8
2
 10
-60876.816406
 20
335.607643
 40
0.000000
 50
0.000000
  1
# 526
  0
POINT
  8
2
 10
-60947.827148
 20
335.607643
  0
TEXT
  8
2
 10
-60947.827148
 20
335.607643
 40
0.000000
 50
0.000000
  1
# 527
  0
POINT
  8
2
 10
-61155.825195
 20
335.607643
  0
TEXT
  8
2
 10
-61155.825195
 20
335.607643
 40
0.000000
 50
0.000000
  1
# 528
  0
POINT
  8
2
 10
-61395.771484
 20
335.607643
  0
TEXT
  8
2
 10
-61395.771484
 20
335.607643
 40
0.000000
 50
0.000000
  1
# 529
  0
POINT
  8
3
 10
-61646.201172
 20
335.607643
  0
POINT
  8
3
 10
-61656.435547
 20
335.607643
  0
POINT
  8
3
 10
-61666.616211
 20
335.607643
  0
POINT
  8
3
 10
-61676.855469
 20
335.607643
  0
POINT
  8
3
 10
-61687.094727
 20
335.607643
  0
POINT
  8
3
 10
-61697.104492
 20
335.607643
  0
POINT
  8
3
 10
-61707.343750
 20
335.607643
  0
POINT
  8
3
 10
-61717.587891
 20
335.607643
  0
POINT
  8
3
 10
-61727.690430
 20
335.607605
  0
POINT
  8
3
 10
-61737.929688
 20
335.607567
  0
POINT
  8
3
 10
-61748.173828
 20
335.607567
  0
POINT
  8
3
 10
-61758.408203
 20
335.607529
  0
POINT
  8
3
 10
-61768.652344
 20
335.607567
  0
POINT
  8
3
 10
-61778.891602
 20
335.607605
  0
POINT
  8
3
 10
-61788.911133
 20
335.607605
  0
POINT
  8
3
 10
-61799.150391
 20
335.607567
  0
POINT
  8
3
 10
-61809.394531
 20
335.607567
  0
POINT
  8
3
 10
-61819.482422
 20
335.607567
  0
POINT
  8
3
 10
-61829.492188
 20
335.607567
  0
POINT
  8
3
 10
-61839.384766
 20
335.607605
  0
POINT
  8
3
 10
-61847.631836
 20
335.607643
  0
POINT
  8
3
 10
-61863.715820
 20
356.528130
  0
POINT
  8
3
 10
-61863.715820
 20
367.071571
  0
POINT
  8
3
 10
-61863.715820
 20
376.957855
  0
POINT
  8
3
 10
-61846.137695
 20
391.787529
  0
POINT
  8
3
 10
-61833.403320
 20
391.785507
  0
POINT
  8
3
 10
-61823.320313
 20
391.783943
  0
POINT
  8
3
 10
-61812.895508
 20
391.782303
  0
POINT
  8
3
 10
-61802.500000
 20
391.780701
  0
POINT
  8
3
 10
-61792.089844
 20
391.779099
  0
POINT
  8
3
 10
-61781.679688
 20
391.777496
  0
POINT
  8
3
 10
-61771.420898
 20
391.775894
  0
POINT
  8
3
 10
-61761.010742
 20
391.774254
  0
POINT
  8
3
 10
-61750.600586
 20
391.772614
  0
POINT
  8
3
 10
-61740.195313
 20
391.770973
  0
POINT
  8
3
 10
-61730.141602
 20
391.769371
  0
POINT
  8
3
 10
-61719.731445
 20
391.767769
  0
POINT
  8
3
 10
-61709.321289
 20
391.766167
  0
POINT
  8
3
 10
-61698.911133
 20
391.764565
  0
POINT
  8
3
 10
-61688.803711
 20
391.763039
  0
POINT
  8
3
 10
-61678.393555
 20
391.761475
  0
POINT
  8
3
 10
-61667.983398
 20
391.759872
  0
POINT
  8
3
 10
-61657.880859
 20
391.758270
  0
POINT
  8
3
 10
-61647.475586
 20
391.756630
  0
POINT
  8
3
 10
-61637.065430
 20
391.754951
  0
POINT
  8
3
 10
-61626.655273
 20
391.753311
  0
POINT
  8
3
 10
-61616.376953
 20
391.751671
  0
POINT
  8
3
 10
-61605.971680
 20
391.750031
  0
POINT
  8
3
 10
-61595.561523
 20
391.748428
  0
POINT
  8
3
 10
-61585.424805
 20
391.746864
  0
POINT
  8
3
 10
-61575.014648
 20
391.745224
  0
POINT
  8
3
 10
-61564.604492
 20
391.743622
  0
POINT
  8
3
 10
-61554.194336
 20
391.742020
  0
POINT
  8
3
 10
-61544.086914
 20
391.740456
  0
POINT
  8
3
 10
-61533.681641
 20
391.738892
  0
POINT
  8
3
 10
-61523.271484
 20
391.737289
  0
POINT
  8
3
 10
-61512.861328
 20
391.735725
  0
POINT
  8
3
 10
-61502.675781
 20
391.734161
  0
POINT
  8
3
 10
-61492.265625
 20
391.732559
  0
POINT
  8
3
 10
-61481.860352
 20
391.730957
  0
POINT
  8
3
 10
-61471.450195
 20
391.729317
  0
POINT
  8
3
 10
-61461.083984
 20
391.727715
  0
POINT
  8
3
 10
-61450.673828
 20
391.726074
  0
POINT
  8
3
 10
-61440.268555
 20
391.724434
  0
POINT
  8
3
 10
-61429.858398
 20
391.722794
  0
POINT
  8
3
 10
-61419.638672
 20
391.721230
  0
POINT
  8
3
 10
-61409.467773
 20
391.719666
  0
POINT
  8
3
 10
-61399.594727
 20
391.718140
  0
POINT
  8
3
 10
-61385.356445
 20
391.715927
  0
POINT
  8
3
 10
-61375.180664
 20
391.714363
  0
POINT
  8
3
 10
-61364.809570
 20
391.712761
  0
POINT
  8
3
 10
-61354.731445
 20
391.711197
  0
POINT
  8
3
 10
-61344.560547
 20
391.709595
  0
POINT
  8
3
 10
-61334.389648
 20
391.708031
  0
POINT
  8
3
 10
-61324.130859
 20
391.706467
  0
POINT
  8
3
 10
-61313.959961
 20
391.704865
  0
POINT
  8
3
 10
-61303.789063
 20
391.703300
  0
POINT
  8
3
 10
-61293.696289
 20
391.701698
  0
POINT
  8
3
 10
-61283.525391
 20
391.700096
  0
POINT
  8
3
 10
-61273.354492
 20
391.698456
  0
POINT
  8
3
 10
-61263.183594
 20
391.696854
  0
POINT
  8
3
 10
-61253.012695
 20
391.695251
  0
POINT
  8
3
 10
-61242.724609
 20
391.693649
  0
POINT
  8
3
 10
-61232.553711
 20
391.692085
  0
POINT
  8
3
 10
-61222.382813
 20
391.690521
  0
POINT
  8
3
 10
-61212.211914
 20
391.688919
  0
POINT
  8
3
 10
-61202.153320
 20
391.687355
  0
POINT
  8
3
 10
-61191.982422
 20
391.685791
  0
POINT
  8
3
 10
-61181.811523
 20
391.684189
  0
POINT
  8
3
 10
-61171.640625
 20
391.682587
  0
POINT
  8
3
 10
-61161.401367
 20
391.680984
  0
POINT
  8
3
 10
-61151.230469
 20
391.679382
  0
POINT
  8
3
 10
-61141.059570
 20
391.677780
  0
POINT
  8
3
 10
-61130.888672
 20
391.676216
  0
POINT
  8
3
 10
-61120.874023
 20
391.674652
  0
POINT
  8
3
 10
-61110.703125
 20
391.673126
  0
POINT
  8
3
 10
-61100.532227
 20
391.671562
  0
POINT
  8
3
 10
-61090.361328
 20
391.669998
  0
POINT
  8
3
 10
-61080.151367
 20
391.668434
  0
POINT
  8
3
 10
-61069.980469
 20
391.666832
  0
POINT
  8
3
 10
-61059.809570
 20
391.665230
  0
POINT
  8
3
 10
-61049.638672
 20
391.663628
  0
POINT
  8
3
 10
-61039.638672
 20
391.662064
  0
POINT
  8
3
 10
-61029.467773
 20
391.660538
  0
POINT
  8
3
 10
-61019.296875
 20
391.658974
  0
POINT
  8
3
 10
-61009.096680
 20
391.657410
  0
POINT
  8
3
 10
-60998.925781
 20
391.655846
  0
POINT
  8
3
 10
-60988.754883
 20
391.654243
  0
POINT
  8
3
 10
-60978.408203
 20
391.652603
  0
POINT
  8
3
 10
-60968.237305
 20
391.651001
  0
POINT
  8
3
 10
-60958.066406
 20
391.649361
  0
POINT
  8
3
 10
-60947.895508
 20
391.647797
  0
POINT
  8
3
 10
-60937.631836
 20
391.646194
  0
POINT
  8
3
 10
-60927.460938
 20
391.644630
  0
POINT
  8
3
 10
-60917.290039
 20
391.643066
  0
POINT
  8
3
 10
-60907.241211
 20
391.641464
  0
POINT
  8
3
 10
-60894.453125
 20
391.639366
  0
POINT
  8
3
 10
-60876.845703
 20
370.780029
  0
POINT
  8
3
 10
-60876.835938
 20
360.279541
  0
POINT
  8
3
 10
-60876.831055
 20
350.042152
  0
POINT
  8
3
 10
-60907.363281
 20
335.607643
  0
POINT
  8
3
 10
-60917.446289
 20
335.607643
  0
POINT
  8
3
 10
-60927.631836
 20
335.607643
  0
POINT
  8
3
 10
-60937.612305
 20
335.607643
  0
POINT
  8
3
 10
-60941.826172
 20
335.607643
  0
POINT
  8
3
 10
-60947.827148
 20
335.607643
  0
POINT
  8
3
 10
-60958.291016
 20
335.607643
  0
POINT
  8
3
 10
-60968.515625
 20
335.607605
  0
POINT
  8
3
 10
-60978.852539
 20
335.607605
  0
POINT
  8
3
 10
-60989.101563
 20
335.607567
  0
POINT
  8
3
 10
-60999.350586
 20
335.607529
  0
POINT
  8
3
 10
-61009.624023
 20
335.607529
  0
POINT
  8
3
 10
-61019.873047
 20
335.607567
  0
POINT
  8
3
 10
-61030.122070
 20
335.607605
  0
POINT
  8
3
 10
-61040.400391
 20
335.607605
  0
POINT
  8
3
 10
-61050.649414
 20
335.607643
  0
POINT
  8
3
 10
-61060.898438
 20
335.607643
  0
POINT
  8
3
 10
-61071.206055
 20
335.607605
  0
POINT
  8
3
 10
-61081.455078
 20
335.607567
  0
POINT
  8
3
 10
-61091.704102
 20
335.607529
  0
POINT
  8
3
 10
-61102.011719
 20
335.607529
  0
POINT
  8
3
 10
-61112.260742
 20
335.607567
  0
POINT
  8
3
 10
-61122.509766
 20
335.607605
  0
POINT
  8
3
 10
-61132.788086
 20
335.607605
  0
POINT
  8
3
 10
-61142.949219
 20
335.607643
  0
POINT
  8
3
 10
-61152.836914
 20
335.607643
  0
POINT
  8
3
 10
-61155.825195
 20
335.607643
  0
POINT
  8
3
 10
-61166.357422
 20
335.607643
  0
POINT
  8
3
 10
-61176.689453
 20
335.607643
  0
POINT
  8
3
 10
-61186.894531
 20
335.607643
  0
POINT
  8
3
 10
-61196.997070
 20
335.607643
  0
POINT
  8
3
 10
-61207.099609
 20
335.607643
  0
POINT
  8
3
 10
-61217.202148
 20
335.607605
  0
POINT
  8
3
 10
-61227.290039
 20
335.607605
  0
POINT
  8
3
 10
-61237.392578
 20
335.607567
  0
POINT
  8
3
 10
-61247.495117
 20
335.607529
  0
POINT
  8
3
 10
-61257.773438
 20
335.607567
  0
POINT
  8
3
 10
-61267.875977
 20
335.607567
  0
POINT
  8
3
 10
-61277.978516
 20
335.607605
  0
POINT
  8
3
 10
-61288.256836
 20
335.607567
  0
POINT
  8
3
 10
-61298.359375
 20
335.607567
  0
POINT
  8
3
 10
-61308.461914
 20
335.607529
  0
POINT
  8
3
 10
-61318.740234
 20
335.607567
  0
POINT
  8
3
 10
-61328.842773
 20
335.607567
  0
POINT
  8
3
 10
-61338.940430
 20
335.607605
  0
POINT
  8
3
 10
-61349.213867
 20
335.607643
  0
POINT
  8
3
 10
-61359.316406
 20
335.607643
  0
POINT
  8
3
 10
-61369.418945
 20
335.607643
  0
POINT
  8
3
 10
-61379.570313
 20
335.607643
  0
POINT
  8
3
 10
-61389.545898
 20
335.607643
  0
POINT
  8
3
 10
-61395.771484
 20
335.607643
  0
POINT
  8
3
 10
-61406.259766
 20
335.607643
  0
POINT
  8
3
 10
-61416.557617
 20
335.607643
  0
POINT
  8
3
 10
-61426.811523
 20
335.607643
  0
POINT
  8
3
 10
-61436.967773
 20
335.607643
  0
POINT
  8
3
 10
-61447.055664
 20
335.607643
  0
POINT
  8
3
 10
-61457.138672
 20
335.607643
  0
POINT
  8
3
 10
-61467.465820
 20
335.607643
  0
POINT
  8
3
 10
-61477.548828
 20
335.607643
  0
POINT
  8
3
 10
-61487.636719
 20
335.607643
  0
POINT
  8
3
 10
-61497.973633
 20
335.607643
  0
POINT
  8
3
 10
-61508.056641
 20
335.607643
  0
POINT
  8
3
 10
-61518.144531
 20
335.607643
  0
POINT
  8
3
 10
-61528.481445
 20
335.607643
  0
POINT
  8
3
 10
-61538.564453
 20
335.607643
  0
POINT
  8
3
 10
-61548.647461
 20
335.607643
  0
POINT
  8
3
 10
-61558.984375
 20
335.607643
  0
POINT
  8
3
 10
-61569.072266
 20
335.607643
  0
POINT
  8
3
 10
-61579.155273
 20
335.607643
  0
POINT
  8
3
 10
-61589.501953
 20
335.607643
  0
POINT
  8
3
 10
-61599.584961
 20
335.607643
  0
POINT
  8
3
 10
-61609.672852
 20
335.607643
  0
POINT
  8
3
 10
-61619.770508
 20
335.607643
  0
POINT
  8
3
 10
-61629.765625
 20
335.607643
  0
POINT
  8
3
 10
-61635.717773
 20
335.607643
  0
POINT
  8
4
 10
-60941.826172
 20
335.607643
 30
1.000000
 50
 90.00
  0
TEXT
  8
4
 10
-60941.826172
 20
335.607643
 40
0.000000
 50
0.000000
  1
# 530
  0
POINT
  8
4
 10
-60947.827148
 20
335.607643
 30
1.000000
 50
 90.00
  0
TEXT
  8
4
 10
-60947.827148
 20
335.607643
 40
0.000000
 50
0.000000
  1
# 531
  0
POINT
  8
4
 10
-61155.825195
 20
335.607643
 30
1.000000
 50
 90.00
  0
TEXT
  8
4
 10
-61155.825195
 20
335.607643
 40
0.000000
 50
0.000000
  1
# 532
  0
POINT
  8
4
 10
-61395.771484
 20
335.607643
 30
1.000000
 50
 90.00
  0
TEXT
  8
4
 10
-61395.771484
 20
335.607643
 40
0.000000
 50
0.000000
  1
# 533
  0
POINT
  8
4
 10
-61635.717773
 20
335.607643
 30
1.000000
 50
 90.00
  0
TEXT
  8
4
 10
-61635.717773
 20
335.607643
 40
0.000000
 50
0.000000
  1
# 534
  0
POLYLINE
  8
14
  66
1
  70
1
  0
VERTEX
  8
14
  10
-61635.717773
  20
345.607643
  0
VERTEX
  8
14
  10
-61646.201756
  20
345.607643
  0
VERTEX
  8
14
  10
-61656.436233
  20
345.607643
  0
VERTEX
  8
14
  10
-61666.614547
  20
345.607643
  0
VERTEX
  8
14
  10
-61676.855688
  20
345.607643
  0
VERTEX
  8
14
  10
-61687.096739
  20
345.607643
  0
VERTEX
  8
14
  10
-61697.104663
  20
345.607643
  0
VERTEX
  8
14
  10
-61707.346023
  20
345.607642
  0
VERTEX
  8
14
  10
-61717.587606
  20
345.607633
  0
VERTEX
  8
14
  10
-61727.688934
  20
345.607612
  0
VERTEX
  8
14
  10
-61737.930836
  20
345.607579
  0
VERTEX
  8
14
  10
-61748.172615
  20
345.607549
  0
VERTEX
  8
14
  10
-61758.410283
  20
345.607543
  0
VERTEX
  8
14
  10
-61768.651255
  20
345.607563
  0
VERTEX
  8
14
  10
-61778.892147
  20
345.607588
  0
VERTEX
  8
14
  10
-61788.909877
  20
345.607595
  0
VERTEX
  8
14
  10
-61799.151526
  20
345.607579
  0
VERTEX
  8
14
  10
-61809.393498
  20
345.607558
  0
VERTEX
  8
14
  10
-61819.481235
  20
345.607556
  0
VERTEX
  8
14
  10
-61829.493495
  20
345.607578
  0
VERTEX
  8
14
  10
-61839.385456
  20
345.607619
  0
VERTEX
  8
14
  10
-61843.715820
  20
345.607643
  0
VERTEX
  8
14
  10
-61843.715820
  20
356.528117
  0
VERTEX
  8
14
  10
-61843.715820
  20
367.071558
  0
VERTEX
  8
14
  10
-61843.715820
  20
376.957848
  0
VERTEX
  8
14
  10
-61843.715820
  20
381.787148
  0
VERTEX
  8
14
  10
-61833.403417
  20
381.785524
  0
VERTEX
  8
14
  10
-61823.321312
  20
381.783945
  0
VERTEX
  8
14
  10
-61812.894775
  20
381.782321
  0
VERTEX
  8
14
  10
-61802.499729
  20
381.780714
  0
VERTEX
  8
14
  10
-61792.090741
  20
381.779111
  0
VERTEX
  8
14
  10
-61781.681758
  20
381.777505
  0
VERTEX
  8
14
  10
-61771.421424
  20
381.775906
  0
VERTEX
  8
14
  10
-61761.012452
  20
381.774265
  0
VERTEX
  8
14
  10
-61750.603519
  20
381.772615
  0
VERTEX
  8
14
  10
-61740.194648
  20
381.770967
  0
VERTEX
  8
14
  10
-61730.140806
  20
381.769387
  0
VERTEX
  8
14
  10
-61719.732099
  20
381.767768
  0
VERTEX
  8
14
  10
-61709.323377
  20
381.766164
  0
VERTEX
  8
14
  10
-61698.914543
  20
381.764572
  0
VERTEX
  8
14
  10
-61688.805776
  20
381.763037
  0
VERTEX
  8
14
  10
-61678.396508
  20
381.761457
  0
VERTEX
  8
14
  10
-61667.987124
  20
381.759863
  0
VERTEX
  8
14
  10
-61657.884820
  20
381.758288
  0
VERTEX
  8
14
  10
-61647.475389
  20
381.756634
  0
VERTEX
  8
14
  10
-61637.065989
  20
381.754965
  0
VERTEX
  8
14
  10
-61626.656679
  20
381.753300
  0
VERTEX
  8
14
  10
-61616.380587
  20
381.751676
  0
VERTEX
  8
14
  10
-61605.971499
  20
381.750048
  0
VERTEX
  8
14
  10
-61595.562495
  20
381.748431
  0
VERTEX
  8
14
  10
-61585.425012
  20
381.746858
  0
VERTEX
  8
14
  10
-61575.016047
  20
381.745241
  0
VERTEX
  8
14
  10
-61564.607099
  20
381.743626
  0
VERTEX
  8
14
  10
-61554.198236
  20
381.742018
  0
VERTEX
  8
14
  10
-61544.090647
  20
381.740467
  0
VERTEX
  8
14
  10
-61533.681955
  20
381.738880
  0
VERTEX
  8
14
  10
-61523.273293
  20
381.737299
  0
VERTEX
  8
14
  10
-61512.864567
  20
381.735716
  0
VERTEX
  8
14
  10
-61502.677965
  20
381.734161
  0
VERTEX
  8
14
  10
-61492.269117
  20
381.732563
  0
VERTEX
  8
14
  10
-61481.860184
  20
381.730953
  0
VERTEX
  8
14
  10
-61471.451282
  20
381.729333
  0
VERTEX
  8
14
  10
-61461.086544
  20
381.727707
  0
VERTEX
  8
14
  10
-61450.677697
  20
381.726067
  0
VERTEX
  8
14
  10
-61440.268798
  20
381.724428
  0
VERTEX
  8
14
  10
-61429.859879
  20
381.722797
  0
VERTEX
  8
14
  10
-61419.642191
  20
381.721211
  0
VERTEX
  8
14
  10
-61409.469098
  20
381.719650
  0
VERTEX
  8
14
  10
-61399.595969
  20
381.718146
  0
VERTEX
  8
14
  10
-61395.771484
  20
381.717567
  0
VERTEX
  8
14
  10
-61385.355751
  20
381.715945
  0
VERTEX
  8
14
  10
-61375.180852
  20
381.714362
  0
VERTEX
  8
14
  10
-61364.809441
  20
381.712750
  0
VERTEX
  8
14
  10
-61354.733545
  20
381.711187
  0
VERTEX
  8
14
  10
-61344.563186
  20
381.709612
  0
VERTEX
  8
14
  10
-61334.392756
  20
381.708038
  0
VERTEX
  8
14
  10
-61324.134413
  20
381.706450
  0
VERTEX
  8
14
  10
-61313.963328
  20
381.704871
  0
VERTEX
  8
14
  10
-61303.791999
  20
381.703284
  0
VERTEX
  8
14
  10
-61293.698960
  20
381.701698
  0
VERTEX
  8
14
  10
-61283.527553
  20
381.700088
  0
VERTEX
  8
14
  10
-61273.356208
  20
381.698472
  0
VERTEX
  8
14
  10
-61263.184952
  20
381.696858
  0
VERTEX
  8
14
  10
-61253.013852
  20
381.695255
  0
VERTEX
  8
14
  10
-61242.727403
  20
381.693649
  0
VERTEX
  8
14
  10
-61232.556538
  20
381.692074
  0
VERTEX
  8
14
  10
-61222.385604
  20
381.690504
  0
VERTEX
  8
14
  10
-61212.214494
  20
381.688933
  0
VERTEX
  8
14
  10
-61202.155993
  20
381.687372
  0
VERTEX
  8
14
  10
-61191.984326
  20
381.685783
  0
VERTEX
  8
14
  10
-61181.812564
  20
381.684186
  0
VERTEX
  8
14
  10
-61171.640902
  20
381.682586
  0
VERTEX
  8
14
  10
-61161.404302
  20
381.680975
  0
VERTEX
  8
14
  10
-61151.233229
  20
381.679377
  0
VERTEX
  8
14
  10
-61141.062360
  20
381.677786
  0
VERTEX
  8
14
  10
-61130.891596
  20
381.676206
  0
VERTEX
  8
14
  10
-61120.873114
  20
381.674664
  0
VERTEX
  8
14
  10
-61110.702258
  20
381.673113
  0
VERTEX
  8
14
  10
-61100.531394
  20
381.671564
  0
VERTEX
  8
14
  10
-61090.360542
  20
381.670005
  0
VERTEX
  8
14
  10
-61080.153142
  20
381.668418
  0
VERTEX
  8
14
  10
-61069.982449
  20
381.666816
  0
VERTEX
  8
14
  10
-61059.811813
  20
381.665211
  0
VERTEX
  8
14
  10
-61049.641123
  20
381.663620
  0
VERTEX
  8
14
  10
-61039.640181
  20
381.662082
  0
VERTEX
  8
14
  10
-61029.469237
  20
381.660536
  0
VERTEX
  8
14
  10
-61019.298155
  20
381.658989
  0
VERTEX
  8
14
  10
-61009.096951
  20
381.657422
  0
VERTEX
  8
14
  10
-60998.925639
  20
381.655839
  0
VERTEX
  8
14
  10
-60988.754317
  20
381.654240
  0
VERTEX
  8
14
  10
-60978.408311
  20
381.652603
  0
VERTEX
  8
14
  10
-60968.237182
  20
381.650988
  0
VERTEX
  8
14
  10
-60958.066345
  20
381.649379
  0
VERTEX
  8
14
  10
-60947.895856
  20
381.647785
  0
VERTEX
  8
14
  10
-60937.632566
  20
381.646202
  0
VERTEX
  8
14
  10
-60927.462630
  20
381.644643
  0
VERTEX
  8
14
  10
-60917.292261
  20
381.643065
  0
VERTEX
  8
14
  10
-60907.244204
  20
381.641458
  0
VERTEX
  8
14
  10
-60896.855469
  20
381.639748
  0
VERTEX
  8
14
  10
-60896.846626
  20
370.763765
  0
VERTEX
  8
14
  10
-60896.838088
  20
360.263280
  0
VERTEX
  8
14
  10
-60896.829764
  20
350.025886
  0
VERTEX
  8
14
  10
-60896.826172
  20
345.607643
  0
VERTEX
  8
14
  10
-60907.361630
  20
345.607643
  0
VERTEX
  8
14
  10
-60917.444624
  20
345.607643
  0
VERTEX
  8
14
  10
-60927.629600
  20
345.607643
  0
VERTEX
  8
14
  10
-60937.610234
  20
345.607643
  0
VERTEX
  8
14
  10
-60941.826172
  20
345.607643
  0
VERTEX
  8
14
  10
-60947.827148
  20
345.607643
  0
VERTEX
  8
14
  10
-60947.827148
  20
345.607643
  0
VERTEX
  8
14
  10
-60958.289803
  20
345.607637
  0
VERTEX
  8
14
  10
-60968.513816
  20
345.607624
  0
VERTEX
  8
14
  10
-60978.852260
  20
345.607601
  0
VERTEX
  8
14
  10
-60989.101218
  20
345.607571
  0
VERTEX
  8
14
  10
-60999.349988
  20
345.607545
  0
VERTEX
  8
14
  10
-61009.624357
  20
345.607539
  0
VERTEX
  8
14
  10
-61019.872419
  20
345.607560
  0
VERTEX
  8
14
  10
-61030.120349
  20
345.607594
  0
VERTEX
  8
14
  10
-61040.402306
  20
345.607624
  0
VERTEX
  8
14
  10
-61050.650741
  20
345.607636
  0
VERTEX
  8
14
  10
-61060.899478
  20
345.607631
  0
VERTEX
  8
14
  10
-61071.203691
  20
345.607608
  0
VERTEX
  8
14
  10
-61081.452865
  20
345.607573
  0
VERTEX
  8
14
  10
-61091.702199
  20
345.607545
  0
VERTEX
  8
14
  10
-61102.011798
  20
345.607540
  0
VERTEX
  8
14
  10
-61112.261303
  20
345.607561
  0
VERTEX
  8
14
  10
-61122.510550
  20
345.607592
  0
VERTEX
  8
14
  10
-61132.786771
  20
345.607618
  0
VERTEX
  8
14
  10
-61142.947979
  20
345.607634
  0
VERTEX
  8
14
  10
-61152.838731
  20
345.607642
  0
VERTEX
  8
14
  10
-61155.825195
  20
345.607643
  0
VERTEX
  8
14
  10
-61155.825195
  20
345.607643
  0
VERTEX
  8
14
  10
-61166.357713
  20
345.607643
  0
VERTEX
  8
14
  10
-61176.688934
  20
345.607643
  0
VERTEX
  8
14
  10
-61186.894904
  20
345.607643
  0
VERTEX
  8
14
  10
-61196.997348
  20
345.607642
  0
VERTEX
  8
14
  10
-61207.099862
  20
345.607636
  0
VERTEX
  8
14
  10
-61217.202148
  20
345.607619
  0
VERTEX
  8
14
  10
-61227.290058
  20
345.607589
  0
VERTEX
  8
14
  10
-61237.391496
  20
345.607557
  0
VERTEX
  8
14
  10
-61247.492739
  20
345.607542
  0
VERTEX
  8
14
  10
-61257.775357
  20
345.607553
  0
VERTEX
  8
14
  10
-61267.876683
  20
345.607577
  0
VERTEX
  8
14
  10
-61277.978241
  20
345.607592
  0
VERTEX
  8
14
  10
-61288.256611
  20
345.607582
  0
VERTEX
  8
14
  10
-61298.358672
  20
345.607558
  0
VERTEX
  8
14
  10
-61308.460747
  20
345.607542
  0
VERTEX
  8
14
  10
-61318.739219
  20
345.607552
  0
VERTEX
  8
14
  10
-61328.840989
  20
345.607581
  0
VERTEX
  8
14
  10
-61338.942589
  20
345.607613
  0
VERTEX
  8
14
  10
-61349.215669
  20
345.607633
  0
VERTEX
  8
14
  10
-61359.317032
  20
345.607641
  0
VERTEX
  8
14
  10
-61369.418419
  20
345.607643
  0
VERTEX
  8
14
  10
-61379.569961
  20
345.607643
  0
VERTEX
  8
14
  10
-61389.545100
  20
345.607643
  0
VERTEX
  8
14
  10
-61395.771484
  20
345.607643
  0
VERTEX
  8
14
  10
-61395.771484
  20
345.607643
  0
VERTEX
  8
14
  10
-61406.260468
  20
345.607643
  0
VERTEX
  8
14
  10
-61416.557779
  20
345.607643
  0
VERTEX
  8
14
  10
-61426.812955
  20
345.607643
  0
VERTEX
  8
14
  10
-61436.968826
  20
345.607643
  0
VERTEX
  8
14
  10
-61447.053972
  20
345.607643
  0
VERTEX
  8
14
  10
-61457.139126
  20
345.607643
  0
VERTEX
  8
14
  10
-61467.465457
  20
345.607643
  0
VERTEX
  8
14
  10
-61477.550390
  20
345.607643
  0
VERTEX
  8
14
  10
-61487.635279
  20
345.607643
  0
VERTEX
  8
14
  10
-61497.972276
  20
345.607643
  0
VERTEX
  8
14
  10
-61508.057211
  20
345.607643
  0
VERTEX
  8
14
  10
-61518.142244
  20
345.607643
  0
VERTEX
  8
14
  10
-61528.479560
  20
345.607643
  0
VERTEX
  8
14
  10
-61538.564766
  20
345.607643
  0
VERTEX
  8
14
  10
-61548.649837
  20
345.607643
  0
VERTEX
  8
14
  10
-61558.986732
  20
345.607643
  0
VERTEX
  8
14
  10
-61569.071305
  20
345.607643
  0
VERTEX
  8
14
  10
-61579.155823
  20
345.607643
  0
VERTEX
  8
14
  10
-61589.502370
  20
345.607643
  0
VERTEX
  8
14
  10
-61599.587136
  20
345.607643
  0
VERTEX
  8
14
  10
-61609.671993
  20
345.607643
  0
VERTEX
  8
14
  10
-61619.768365
  20
345.607643
  0
VERTEX
  8
14
  10
-61629.764612
  20
345.607643
  0
VERTEX
  8
14
  10
-61635.717773
  20
345.607643
  0
SEQEND
  8
14
  0
POINT
  8
2
 10
-61635.717773
 20
345.607643
  0
TEXT
  8
2
 10
-61635.717773
 20
345.607643
 40
0.000000
 50
0.000000
  1
# 535
  0
POINT
  8
2
 10
-61843.715820
 20
345.607643
  0
TEXT
  8
2
 10
-61843.715820
 20
345.607643
 40
0.000000
 50
0.000000
  1
# 536
  0
POINT
  8
2
 10
-61843.715820
 20
381.787148
  0
TEXT
  8
2
 10
-61843.715820
 20
381.787148
 40
0.000000
 50
0.000000
  1
# 537
  0
POINT
  8
2
 10
-61395.771484
 20
381.717567
  0
TEXT
  8
2
 10
-61395.771484
 20
381.717567
 40
0.000000
 50
0.000000
  1
# 538
  0
POINT
  8
2
 10
-60896.855469
 20
381.639748
  0
TEXT
  8
2
 10
-60896.855469
 20
381.639748
 40
0.000000
 50
0.000000
  1
# 539
  0
POINT
  8
2
 10
-60896.826172
 20
345.607643
  0
TEXT
  8
2
 10
-60896.826172
 20
345.607643
 40
0.000000
 50
0.000000
  1
# 540
  0
POINT
  8
2
 10
-60947.827148
 20
345.607643
  0
TEXT
  8
2
 10
-60947.827148
 20
345.607643
 40
0.000000
 50
0.000000
  1
# 541
  0
POINT
  8
2
 10
-61155.825195
 20
345.607643
  0
TEXT
  8
2
 10
-61155.825195
 20
345.607643
 40
0.000000
 50
0.000000
  1
# 542
  0
POINT
  8
2
 10
-61395.771484
 20
345.607643
  0
TEXT
  8
2
 10
-61395.771484
 20
345.607643
 40
0.000000
 50
0.000000
  1
# 543
  0
POINT
  8
3
 10
-61646.201756
 20
345.607643
  0
POINT
  8
3
 10
-61656.436233
 20
345.607643
  0
POINT
  8
3
 10
-61666.614547
 20
345.607643
  0
POINT
  8
3
 10
-61676.855688
 20
345.607643
  0
POINT
  8
3
 10
-61687.096739
 20
345.607643
  0
POINT
  8
3
 10
-61697.104663
 20
345.607643
  0
POINT
  8
3
 10
-61707.346023
 20
345.607642
  0
POINT
  8
3
 10
-61717.587606
 20
345.607633
  0
POINT
  8
3
 10
-61727.688934
 20
345.607612
  0
POINT
  8
3
 10
-61737.930836
 20
345.607579
  0
POINT
  8
3
 10
-61748.172615
 20
345.607549
  0
POINT
  8
3
 10
-61758.410283
 20
345.607543
  0
POINT
  8
3
 10
-61768.651255
 20
345.607563
  0
POINT
  8
3
 10
-61778.892147
 20
345.607588
  0
POINT
  8
3
 10
-61788.909877
 20
345.607595
  0
POINT
  8
3
 10
-61799.151526
 20
345.607579
  0
POINT
  8
3
 10
-61809.393498
 20
345.607558
  0
POINT
  8
3
 10
-61819.481235
 20
345.607556
  0
POINT
  8
3
 10
-61829.493495
 20
345.607578
  0
POINT
  8
3
 10
-61839.385456
 20
345.607619
  0
POINT
  8
3
 10
-61843.715820
 20
356.528117
  0
POINT
  8
3
 10
-61843.715820
 20
367.071558
  0
POINT
  8
3
 10
-61843.715820
 20
376.957848
  0
POINT
  8
3
 10
-61833.403417
 20
381.785524
  0
POINT
  8
3
 10
-61823.321312
 20
381.783945
  0
POINT
  8
3
 10
-61812.894775
 20
381.782321
  0
POINT
  8
3
 10
-61802.499729
 20
381.780714
  0
POINT
  8
3
 10
-61792.090741
 20
381.779111
  0
POINT
  8
3
 10
-61781.681758
 20
381.777505
  0
POINT
  8
3
 10
-61771.421424
 20
381.775906
  0
POINT
  8
3
 10
-61761.012452
 20
381.774265
  0
POINT
  8
3
 10
-61750.603519
 20
381.772615
  0
POINT
  8
3
 10
-61740.194648
 20
381.770967
  0
POINT
  8
3
 10
-61730.140806
 20
381.769387
  0
POINT
  8
3
 10
-61719.732099
 20
381.767768
  0
POINT
  8
3
 10
-61709.323377
 20
381.766164
  0
POINT
  8
3
 10
-61698.914543
 20
381.764572
  0
POINT
  8
3
 10
-61688.805776
 20
381.763037
  0
POINT
  8
3
 10
-61678.396508
 20
381.761457
  0
POINT
  8
3
 10
-61667.987124
 20
381.759863
  0
POINT
  8
3
 10
-61657.884820
 20
381.758288
  0
POINT
  8
3
 10
-61647.475389
 20
381.756634
  0
POINT
  8
3
 10
-61637.065989
 20
381.754965
  0
POINT
  8
3
 10
-61626.656679
 20
381.753300
  0
POINT
  8
3
 10
-61616.380587
 20
381.751676
  0
POINT
  8
3
 10
-61605.971499
 20
381.750048
  0
POINT
  8
3
 10
-61595.562495
 20
381.748431
  0
POINT
  8
3
 10
-61585.425012
 20
381.746858
  0
POINT
  8
3
 10
-61575.016047
 20
381.745241
  0
POINT
  8
3
 10
-61564.607099
 20
381.743626
  0
POINT
  8
3
 10
-61554.198236
 20
381.742018
  0
POINT
  8
3
 10
-61544.090647
 20
381.740467
  0
POINT
  8
3
 10
-61533.681955
 20
381.738880
  0
POINT
  8
3
 10
-61523.273293
 20
381.737299
  0
POINT
  8
3
 10
-61512.864567
 20
381.735716
  0
POINT
  8
3
 10
-61502.677965
 20
381.734161
  0
POINT
  8
3
 10
-61492.269117
 20
381.732563
  0
POINT
  8
3
 10
-61481.860184
 20
381.730953
  0
POINT
  8
3
 10
-61471.451282
 20
381.729333
  0
POINT
  8
3
 10
-61461.086544
 20
381.727707
  0
POINT
  8
3
 10
-61450.677697
 20
381.726067
  0
POINT
  8
3
 10
-61440.268798
 20
381.724428
  0
POINT
  8
3
 10
-61429.859879
 20
381.722797
  0
POINT
  8
3
 10
-61419.642191
 20
381.721211
  0
POINT
  8
3
 10
-61409.469098
 20
381.719650
  0
POINT
  8
3
 10
-61399.595969
 20
381.718146
  0
POINT
  8
3
 10
-61385.355751
 20
381.715945
  0
POINT
  8
3
 10
-61375.180852
 20
381.714362
  0
POINT
  8
3
 10
-61364.809441
 20
381.712750
  0
POINT
  8
3
 10
-61354.733545
 20
381.711187
  0
POINT
  8
3
 10
-61344.563186
 20
381.709612
  0
POINT
  8
3
 10
-61334.392756
 20
381.708038
  0
POINT
  8
3
 10
-61324.134413
 20
381.706450
  0
POINT
  8
3
 10
-61313.963328
 20
381.704871
  0
POINT
  8
3
 10
-61303.791999
 20
381.703284
  0
POINT
  8
3
 10
-61293.698960
 20
381.701698
  0
POINT
  8
3
 10
-61283.527553
 20
381.700088
  0
POINT
  8
3
 10
-61273.356208
 20
381.698472
  0
POINT
  8
3
 10
-61263.184952
 20
381.696858
  0
POINT
  8
3
 10
-61253.013852
 20
381.695255
  0
POINT
  8
3
 10
-61242.727403
 20
381.693649
  0
POINT
  8
3
 10
-61232.556538
 20
381.692074
  0
POINT
  8
3
 10
-61222.385604
 20
381.690504
  0
POINT
  8
3
 10
-61212.214494
 20
381.688933
  0
POINT
  8
3
 10
-61202.155993
 20
381.687372
  0
POINT
  8
3
 10
-61191.984326
 20
381.685783
  0
POINT
  8
3
 10
-61181.812564
 20
381.684186
  0
POINT
  8
3
 10
-61171.640902
 20
381.682586
  0
POINT
  8
3
 10
-61161.404302
 20
381.680975
  0
POINT
  8
3
 10
-61151.233229
 20
381.679377
  0
POINT
  8
3
 10
-61141.062360
 20
381.677786
  0
POINT
  8
3
 10
-61130.891596
 20
381.676206
  0
POINT
  8
3
 10
-61120.873114
 20
381.674664
  0
POINT
  8
3
 10
-61110.702258
 20
381.673113
  0
POINT
  8
3
 10
-61100.531394
 20
381.671564
  0
POINT
  8
3
 10
-61090.360542
 20
381.670005
  0
POINT
  8
3
 10
-61080.153142
 20
381.668418
  0
POINT
  8
3
 10
-61069.982449
 20
381.666816
  0
POINT
  8
3
 10
-61059.811813
 20
381.665211
  0
POINT
  8
3
 10
-61049.641123
 20
381.663620
  0
POINT
  8
3
 10
-61039.640181
 20
381.662082
  0
POINT
  8
3
 10
-61029.469237
 20
381.660536
  0
POINT
  8
3
 10
-61019.298155
 20
381.658989
  0
POINT
  8
3
 10
-61009.096951
 20
381.657422
  0
POINT
  8
3
 10
-60998.925639
 20
381.655839
  0
POINT
  8
3
 10
-60988.754317
 20
381.654240
  0
POINT
  8
3
 10
-60978.408311
 20
381.652603
  0
POINT
  8
3
 10
-60968.237182
 20
381.650988
  0
POINT
  8
3
 10
-60958.066345
 20
381.649379
  0
POINT
  8
3
 10
-60947.895856
 20
381.647785
  0
POINT
  8
3
 10
-60937.632566
 20
381.646202
  0
POINT
  8
3
 10
-60927.462630
 20
381.644643
  0
POINT
  8
3
 10
-60917.292261
 20
381.643065
  0
POINT
  8
3
 10
-60907.244204
 20
381.641458
  0
POINT
  8
3
 10
-60896.846626
 20
370.763765
  0
POINT
  8
3
 10
-60896.838088
 20
360.263280
  0
POINT
  8
3
 10
-60896.829764
 20
350.025886
  0
POINT
  8
3
 10
-60907.361630
 20
345.607643
  0
POINT
  8
3
 10
-60917.444624
 20
345.607643
  0
POINT
  8
3
 10
-60927.629600
 20
345.607643
  0
POINT
  8
3
 10
-60937.610234
 20
345.607643
  0
POINT
  8
3
 10
-60941.826172
 20
345.607643
  0
POINT
  8
3
 10
-60947.827148
 20
345.607643
  0
POINT
  8
3
 10
-60958.289803
 20
345.607637
  0
POINT
  8
3
 10
-60968.513816
 20
345.607624
  0
POINT
  8
3
 10
-60978.852260
 20
345.607601
  0
POINT
  8
3
 10
-60989.101218
 20
345.607571
  0
POINT
  8
3
 10
-60999.349988
 20
345.607545
  0
POINT
  8
3
 10
-61009.624357
 20
345.607539
  0
POINT
  8
3
 10
-61019.872419
 20
345.607560
  0
POINT
  8
3
 10
-61030.120349
 20
345.607594
  0
POINT
  8
3
 10
-61040.402306
 20
345.607624
  0
POINT
  8
3
 10
-61050.650741
 20
345.607636
  0
POINT
  8
3
 10
-61060.899478
 20
345.607631
  0
POINT
  8
3
 10
-61071.203691
 20
345.607608
  0
POINT
  8
3
 10
-61081.452865
 20
345.607573
  0
POINT
  8
3
 10
-61091.702199
 20
345.607545
  0
POINT
  8
3
 10
-61102.011798
 20
345.607540
  0
POINT
  8
3
 10
-61112.261303
 20
345.607561
  0
POINT
  8
3
 10
-61122.510550
 20
345.607592
  0
POINT
  8
3
 10
-61132.786771
 20
345.607618
  0
POINT
  8
3
 10
-61142.947979
 20
345.607634
  0
POINT
  8
3
 10
-61152.838731
 20
345.607642
  0
POINT
  8
3
 10
-61155.825195
 20
345.607643
  0
POINT
  8
3
 10
-61166.357713
 20
345.607643
  0
POINT
  8
3
 10
-61176.688934
 20
345.607643
  0
POINT
  8
3
 10
-61186.894904
 20
345.607643
  0
POINT
  8
3
 10
-61196.997348
 20
345.607642
  0
POINT
  8
3
 10
-61207.099862
 20
345.607636
  0
POINT
  8
3
 10
-61217.202148
 20
345.607619
  0
POINT
  8
3
 10
-61227.290058
 20
345.607589
  0
POINT
  8
3
 10
-61237.391496
 20
345.607557
  0
POINT
  8
3
 10
-61247.492739
 20
345.607542
  0
POINT
  8
3
 10
-61257.775357
 20
345.607553
  0
POINT
  8
3
 10
-61267.876683
 20
345.607577
  0
POINT
  8
3
 10
-61277.978241
 20
345.607592
  0
POINT
  8
3
 10
-61288.256611
 20
345.607582
  0
POINT
  8
3
 10
-61298.358672
 20
345.607558
  0
POINT
  8
3
 10
-61308.460747
 20
345.607542
  0
POINT
  8
3
 10
-61318.739219
 20
345.607552
  0
POINT
  8
3
 10
-61328.840989
 20
345.607581
  0
POINT
  8
3
 10
-61338.942589
 20
345.607613
  0
POINT
  8
3
 10
-61349.215669
 20
345.607633
  0
POINT
  8
3
 10
-61359.317032
 20
345.607641
  0
POINT
  8
3
 10
-61369.418419
 20
345.607643
  0
POINT
  8
3
 10
-61379.569961
 20
345.607643
  0
POINT
  8
3
 10
-61389.545100
 20
345.607643
  0
POINT
  8
3
 10
-61395.771484
 20
345.607643
  0
POINT
  8
3
 10
-61406.260468
 20
345.607643
  0
POINT
  8
3
 10
-61416.557779
 20
345.607643
  0
POINT
  8
3
 10
-61426.812955
 20
345.607643
  0
POINT
  8
3
 10
-61436.968826
 20
345.607643
  0
POINT
  8
3
 10
-61447.053972
 20
345.607643
  0
POINT
  8
3
 10
-61457.139126
 20
345.607643
  0
POINT
  8
3
 10
-61467.465457
 20
345.607643
  0
POINT
  8
3
 10
-61477.550390
 20
345.607643
  0
POINT
  8
3
 10
-61487.635279
 20
345.607643
  0
POINT
  8
3
 10
-61497.972276
 20
345.607643
  0
POINT
  8
3
 10
-61508.057211
 20
345.607643
  0
POINT
  8
3
 10
-61518.142244
 20
345.607643
  0
POINT
  8
3
 10
-61528.479560
 20
345.607643
  0
POINT
  8
3
 10
-61538.564766
 20
345.607643
  0
POINT
  8
3
 10
-61548.649837
 20
345.607643
  0
POINT
  8
3
 10
-61558.986732
 20
345.607643
  0
POINT
  8
3
 10
-61569.071305
 20
345.607643
  0
POINT
  8
3
 10
-61579.155823
 20
345.607643
  0
POINT
  8
3
 10
-61589.502370
 20
345.607643
  0
POINT
  8
3
 10
-61599.587136
 20
345.607643
  0
POINT
  8
3
 10
-61609.671993
 20
345.607643
  0
POINT
  8
3
 10
-61619.768365
 20
345.607643
  0
POINT
  8
3
 10
-61629.764612
 20
345.607643
  0
POINT
  8
3
 10
-61635.717773
 20
345.607643
  0
POINT
  8
4
 10
-60941.826172
 20
345.607643
 30
1.000000
 50
 90.00
  0
TEXT
  8
4
 10
-60941.826172
 20
345.607643
 40
0.000000
 50
0.000000
  1
# 544
  0
POINT
  8
4
 10
-60947.827148
 20
345.607643
 30
1.000000
 50
 90.00
  0
TEXT
  8
4
 10
-60947.827148
 20
345.607643
 40
0.000000
 50
0.000000
  1
# 545
  0
POINT
  8
4
 10
-61155.825195
 20
345.607643
 30
1.000000
 50
 90.00
  0
TEXT
  8
4
 10
-61155.825195
 20
345.607643
 40
0.000000
 50
0.000000
  1
# 546
  0
POINT
  8
4
 10
-61395.771484
 20
345.607643
 30
1.000000
 50
 90.00
  0
TEXT
  8
4
 10
-61395.771484
 20
345.607643
 40
0.000000
 50
0.000000
  1
# 547
  0
POINT
  8
4
 10
-61635.717773
 20
345.607643
 30
1.000000
 50
 90.00
  0
TEXT
  8
4
 10
-61635.717773
 20
345.607643
 40
0.000000
 50
0.000000
  1
# 548
  0
POLYLINE
  8
8
  66
1
  70
0
  0
VERTEX
  8
8
  10
-61395.771484
  20
345.607643
  0
VERTEX
  8
8
  10
-61395.771484
  20
381.717567
  0
SEQEND
  8
8
  0
POINT
  8
2
 10
-61395.771484
 20
345.607643
  0
TEXT
  8
2
 10
-61395.771484
 20
345.607643
 40
0.000000
 50
0.000000
  1
# 549
  0
POINT
  8
2
 10
-61395.771484
 20
381.717567
  0
TEXT
  8
2
 10
-61395.771484
 20
381.717567
 40
0.000000
 50
0.000000
  1
# 550
 0
LINE
 8
7
 10
-61658.740234
 20
362.294350
 11
-61059.916992
 21
362.294350
  0
TEXT
  8
1
 10
-61370.266113
 20
363.698902
 40
10.000000
 50
0.000000
  1
Piece Name: 26SMC-WP117M 展_腰_175/84
  0
TEXT
  8
1
 10
-61370.266113
 20
378.698902
 40
10.000000
 50
0.000000
  1
Size: 175/84
  0
TEXT
  8
1
 10
-61370.266113
 20
393.698902
 40
10.000000
 50
0.000000
  1
Annotation: 
  0
TEXT
  8
1
 10
-61370.266113
 20
408.698902
 40
10.000000
 50
0.000000
  1
Quantity: 1,1
  0
TEXT
  8
1
 10
-61370.266113
 20
423.698902
 40
10.000000
 50
0.000000
  1
Material: 面
  0
TEXT
  8
1
 10
-61370.266113
 20
423.698902
 40
10.000000
 50
0.000000
  1
Category: 18
0
ENDBLK
0
BLOCK
  8
1
  2
26SMC-WP117M 展_表袋_175/84
 70
0
 10
0.0
 20
0.0
  0
POLYLINE
  8
1
  66
1
  70
1
  0
VERTEX
  8
1
  10
-60266.435547
  20
-277.371674
  0
VERTEX
  8
1
  10
-60266.948242
  20
-277.352486
  0
VERTEX
  8
1
  10
-60267.285156
  20
-277.329197
  0
VERTEX
  8
1
  10
-60267.597656
  20
-277.299519
  0
VERTEX
  8
1
  10
-60267.890625
  20
-277.264156
  0
VERTEX
  8
1
  10
-60268.149414
  20
-277.224445
  0
VERTEX
  8
1
  10
-60268.413086
  20
-277.175541
  0
VERTEX
  8
1
  10
-60268.691406
  20
-277.115536
  0
VERTEX
  8
1
  10
-60268.964844
  20
-277.047043
  0
VERTEX
  8
1
  10
-60269.238281
  20
-276.970520
  0
VERTEX
  8
1
  10
-60269.521484
  20
-276.882133
  0
VERTEX
  8
1
  10
-60269.794922
  20
-276.788464
  0
VERTEX
  8
1
  10
-60270.073242
  20
-276.684341
  0
VERTEX
  8
1
  10
-60270.351563
  20
-276.572247
  0
VERTEX
  8
1
  10
-60270.620117
  20
-276.452160
  0
VERTEX
  8
1
  10
-60270.888672
  20
-276.324100
  0
VERTEX
  8
1
  10
-60271.147461
  20
-276.192093
  0
VERTEX
  8
1
  10
-60271.396484
  20
-276.055050
  0
VERTEX
  8
1
  10
-60271.640625
  20
-275.910969
  0
VERTEX
  8
1
  10
-60271.879883
  20
-275.759964
  0
VERTEX
  8
1
  10
-60272.114258
  20
-275.602207
  0
VERTEX
  8
1
  10
-60272.348633
  20
-275.435715
  0
VERTEX
  8
1
  10
-60272.578125
  20
-275.264778
  0
VERTEX
  8
1
  10
-60272.797852
  20
-275.087528
  0
VERTEX
  8
1
  10
-60273.012695
  20
-274.904079
  0
VERTEX
  8
1
  10
-60273.222656
  20
-274.714603
  0
VERTEX
  8
1
  10
-60273.427734
  20
-274.519253
  0
VERTEX
  8
1
  10
-60273.632813
  20
-274.313908
  0
VERTEX
  8
1
  10
-60273.823242
  20
-274.107094
  0
VERTEX
  8
1
  10
-60274.023438
  20
-273.884640
  0
VERTEX
  8
1
  10
-60274.213867
  20
-273.656445
  0
VERTEX
  8
1
  10
-60274.394531
  20
-273.422718
  0
VERTEX
  8
1
  10
-60274.565430
  20
-273.190498
  0
VERTEX
  8
1
  10
-60274.736328
  20
-272.946472
  0
VERTEX
  8
1
  10
-60274.897461
  20
-272.697544
  0
VERTEX
  8
1
  10
-60275.043945
  20
-272.455540
  0
VERTEX
  8
1
  10
-60275.185547
  20
-272.209473
  0
VERTEX
  8
1
  10
-60275.317383
  20
-271.959515
  0
VERTEX
  8
1
  10
-60275.449219
  20
-271.701393
  0
VERTEX
  8
1
  10
-60275.566406
  20
-271.444206
  0
VERTEX
  8
1
  10
-60275.683594
  20
-271.171246
  0
VERTEX
  8
1
  10
-60275.791016
  20
-270.894928
  0
VERTEX
  8
1
  10
-60275.893555
  20
-270.615501
  0
VERTEX
  8
1
  10
-60275.981445
  20
-270.341320
  0
VERTEX
  8
1
  10
-60276.069336
  20
-270.056438
  0
VERTEX
  8
1
  10
-60276.142578
  20
-269.782295
  0
VERTEX
  8
1
  10
-60276.206055
  20
-269.506226
  0
VERTEX
  8
1
  10
-60276.259766
  20
-269.241753
  0
VERTEX
  8
1
  10
-60276.303711
  20
-268.975964
  0
VERTEX
  8
1
  10
-60276.342773
  20
-268.702679
  0
VERTEX
  8
1
  10
-60276.376953
  20
-268.390923
  0
VERTEX
  8
1
  10
-60276.406250
  20
-268.053551
  0
VERTEX
  8
1
  10
-60276.425781
  20
-267.709312
  0
VERTEX
  8
1
  10
-60276.435547
  20
-267.371674
  0
VERTEX
  8
1
  10
-60276.435547
  20
-162.371674
  0
VERTEX
  8
1
  10
-60176.435547
  20
-162.371674
  0
VERTEX
  8
1
  10
-60176.435547
  20
-267.371674
  0
VERTEX
  8
1
  10
-60176.455078
  20
-267.864761
  0
VERTEX
  8
1
  10
-60176.474609
  20
-268.195820
  0
VERTEX
  8
1
  10
-60176.503906
  20
-268.507137
  0
VERTEX
  8
1
  10
-60176.538086
  20
-268.794899
  0
VERTEX
  8
1
  10
-60176.577148
  20
-269.051132
  0
VERTEX
  8
1
  10
-60176.625977
  20
-269.326382
  0
VERTEX
  8
1
  10
-60176.684570
  20
-269.600163
  0
VERTEX
  8
1
  10
-60176.748047
  20
-269.872189
  0
VERTEX
  8
1
  10
-60176.826172
  20
-270.153980
  0
VERTEX
  8
1
  10
-60176.914063
  20
-270.436916
  0
VERTEX
  8
1
  10
-60177.006836
  20
-270.713654
  0
VERTEX
  8
1
  10
-60177.109375
  20
-270.987511
  0
VERTEX
  8
1
  10
-60177.216797
  20
-271.258297
  0
VERTEX
  8
1
  10
-60177.333984
  20
-271.525784
  0
VERTEX
  8
1
  10
-60177.456055
  20
-271.782265
  0
VERTEX
  8
1
  10
-60177.592773
  20
-272.042542
  0
VERTEX
  8
1
  10
-60177.729492
  20
-272.298832
  0
VERTEX
  8
1
  10
-60177.880859
  20
-272.550907
  0
VERTEX
  8
1
  10
-60178.032227
  20
-272.791309
  0
VERTEX
  8
1
  10
-60178.193359
  20
-273.034439
  0
VERTEX
  8
1
  10
-60178.359375
  20
-273.272724
  0
VERTEX
  8
1
  10
-60178.540039
  20
-273.505974
  0
VERTEX
  8
1
  10
-60178.720703
  20
-273.733978
  0
VERTEX
  8
1
  10
-60178.906250
  20
-273.951340
  0
VERTEX
  8
1
  10
-60179.101563
  20
-274.168434
  0
VERTEX
  8
1
  10
-60179.301758
  20
-274.379730
  0
VERTEX
  8
1
  10
-60179.506836
  20
-274.585056
  0
VERTEX
  8
1
  10
-60179.721680
  20
-274.784241
  0
VERTEX
  8
1
  10
-60179.936523
  20
-274.971981
  0
VERTEX
  8
1
  10
-60180.161133
  20
-275.158539
  0
VERTEX
  8
1
  10
-60180.390625
  20
-275.338459
  0
VERTEX
  8
1
  10
-60180.625000
  20
-275.511608
  0
VERTEX
  8
1
  10
-60180.864258
  20
-275.677853
  0
VERTEX
  8
1
  10
-60181.113281
  20
-275.838032
  0
VERTEX
  8
1
  10
-60181.362305
  20
-275.989933
  0
VERTEX
  8
1
  10
-60181.616211
  20
-276.134472
  0
VERTEX
  8
1
  10
-60181.875000
  20
-276.271496
  0
VERTEX
  8
1
  10
-60182.133789
  20
-276.400871
  0
VERTEX
  8
1
  10
-60182.397461
  20
-276.519527
  0
VERTEX
  8
1
  10
-60182.666016
  20
-276.633415
  0
VERTEX
  8
1
  10
-60182.934570
  20
-276.739464
  0
VERTEX
  8
1
  10
-60183.212891
  20
-276.837673
  0
VERTEX
  8
1
  10
-60183.491211
  20
-276.928062
  0
VERTEX
  8
1
  10
-60183.769531
  20
-277.011013
  0
VERTEX
  8
1
  10
-60184.052734
  20
-277.085495
  0
VERTEX
  8
1
  10
-60184.326172
  20
-277.148895
  0
VERTEX
  8
1
  10
-60184.599609
  20
-277.204075
  0
VERTEX
  8
1
  10
-60184.863281
  20
-277.248764
  0
VERTEX
  8
1
  10
-60185.131836
  20
-277.285671
  0
VERTEX
  8
1
  10
-60185.429688
  20
-277.317314
  0
VERTEX
  8
1
  10
-60185.751953
  20
-277.343025
  0
VERTEX
  8
1
  10
-60186.093750
  20
-277.361698
  0
VERTEX
  8
1
  10
-60186.435547
  20
-277.371674
  0
SEQEND
  8
1
  0
POINT
  8
2
 10
-60266.435547
 20
-277.371674
  0
TEXT
  8
2
 10
-60266.435547
 20
-277.371674
 40
0.000000
 50
0.000000
  1
# 551
  0
POINT
  8
2
 10
-60276.435547
 20
-267.371674
  0
TEXT
  8
2
 10
-60276.435547
 20
-267.371674
 40
0.000000
 50
0.000000
  1
# 552
  0
POINT
  8
2
 10
-60276.435547
 20
-162.371674
  0
TEXT
  8
2
 10
-60276.435547
 20
-162.371674
 40
0.000000
 50
0.000000
  1
# 553
  0
POINT
  8
2
 10
-60176.435547
 20
-162.371674
  0
TEXT
  8
2
 10
-60176.435547
 20
-162.371674
 40
0.000000
 50
0.000000
  1
# 554
  0
POINT
  8
2
 10
-60176.435547
 20
-267.371674
  0
TEXT
  8
2
 10
-60176.435547
 20
-267.371674
 40
0.000000
 50
0.000000
  1
# 555
  0
POINT
  8
2
 10
-60186.435547
 20
-277.371674
  0
TEXT
  8
2
 10
-60186.435547
 20
-277.371674
 40
0.000000
 50
0.000000
  1
# 556
  0
POINT
  8
3
 10
-60266.948242
 20
-277.352486
  0
POINT
  8
3
 10
-60267.285156
 20
-277.329197
  0
POINT
  8
3
 10
-60267.597656
 20
-277.299519
  0
POINT
  8
3
 10
-60267.890625
 20
-277.264156
  0
POINT
  8
3
 10
-60268.149414
 20
-277.224445
  0
POINT
  8
3
 10
-60268.413086
 20
-277.175541
  0
POINT
  8
3
 10
-60268.691406
 20
-277.115536
  0
POINT
  8
3
 10
-60268.964844
 20
-277.047043
  0
POINT
  8
3
 10
-60269.238281
 20
-276.970520
  0
POINT
  8
3
 10
-60269.521484
 20
-276.882133
  0
POINT
  8
3
 10
-60269.794922
 20
-276.788464
  0
POINT
  8
3
 10
-60270.073242
 20
-276.684341
  0
POINT
  8
3
 10
-60270.351563
 20
-276.572247
  0
POINT
  8
3
 10
-60270.620117
 20
-276.452160
  0
POINT
  8
3
 10
-60270.888672
 20
-276.324100
  0
POINT
  8
3
 10
-60271.147461
 20
-276.192093
  0
POINT
  8
3
 10
-60271.396484
 20
-276.055050
  0
POINT
  8
3
 10
-60271.640625
 20
-275.910969
  0
POINT
  8
3
 10
-60271.879883
 20
-275.759964
  0
POINT
  8
3
 10
-60272.114258
 20
-275.602207
  0
POINT
  8
3
 10
-60272.348633
 20
-275.435715
  0
POINT
  8
3
 10
-60272.578125
 20
-275.264778
  0
POINT
  8
3
 10
-60272.797852
 20
-275.087528
  0
POINT
  8
3
 10
-60273.012695
 20
-274.904079
  0
POINT
  8
3
 10
-60273.222656
 20
-274.714603
  0
POINT
  8
3
 10
-60273.427734
 20
-274.519253
  0
POINT
  8
3
 10
-60273.632813
 20
-274.313908
  0
POINT
  8
3
 10
-60273.823242
 20
-274.107094
  0
POINT
  8
3
 10
-60274.023438
 20
-273.884640
  0
POINT
  8
3
 10
-60274.213867
 20
-273.656445
  0
POINT
  8
3
 10
-60274.394531
 20
-273.422718
  0
POINT
  8
3
 10
-60274.565430
 20
-273.190498
  0
POINT
  8
3
 10
-60274.736328
 20
-272.946472
  0
POINT
  8
3
 10
-60274.897461
 20
-272.697544
  0
POINT
  8
3
 10
-60275.043945
 20
-272.455540
  0
POINT
  8
3
 10
-60275.185547
 20
-272.209473
  0
POINT
  8
3
 10
-60275.317383
 20
-271.959515
  0
POINT
  8
3
 10
-60275.449219
 20
-271.701393
  0
POINT
  8
3
 10
-60275.566406
 20
-271.444206
  0
POINT
  8
3
 10
-60275.683594
 20
-271.171246
  0
POINT
  8
3
 10
-60275.791016
 20
-270.894928
  0
POINT
  8
3
 10
-60275.893555
 20
-270.615501
  0
POINT
  8
3
 10
-60275.981445
 20
-270.341320
  0
POINT
  8
3
 10
-60276.069336
 20
-270.056438
  0
POINT
  8
3
 10
-60276.142578
 20
-269.782295
  0
POINT
  8
3
 10
-60276.206055
 20
-269.506226
  0
POINT
  8
3
 10
-60276.259766
 20
-269.241753
  0
POINT
  8
3
 10
-60276.303711
 20
-268.975964
  0
POINT
  8
3
 10
-60276.342773
 20
-268.702679
  0
POINT
  8
3
 10
-60276.376953
 20
-268.390923
  0
POINT
  8
3
 10
-60276.406250
 20
-268.053551
  0
POINT
  8
3
 10
-60276.425781
 20
-267.709312
  0
POINT
  8
3
 10
-60176.455078
 20
-267.864761
  0
POINT
  8
3
 10
-60176.474609
 20
-268.195820
  0
POINT
  8
3
 10
-60176.503906
 20
-268.507137
  0
POINT
  8
3
 10
-60176.538086
 20
-268.794899
  0
POINT
  8
3
 10
-60176.577148
 20
-269.051132
  0
POINT
  8
3
 10
-60176.625977
 20
-269.326382
  0
POINT
  8
3
 10
-60176.684570
 20
-269.600163
  0
POINT
  8
3
 10
-60176.748047
 20
-269.872189
  0
POINT
  8
3
 10
-60176.826172
 20
-270.153980
  0
POINT
  8
3
 10
-60176.914063
 20
-270.436916
  0
POINT
  8
3
 10
-60177.006836
 20
-270.713654
  0
POINT
  8
3
 10
-60177.109375
 20
-270.987511
  0
POINT
  8
3
 10
-60177.216797
 20
-271.258297
  0
POINT
  8
3
 10
-60177.333984
 20
-271.525784
  0
POINT
  8
3
 10
-60177.456055
 20
-271.782265
  0
POINT
  8
3
 10
-60177.592773
 20
-272.042542
  0
POINT
  8
3
 10
-60177.729492
 20
-272.298832
  0
POINT
  8
3
 10
-60177.880859
 20
-272.550907
  0
POINT
  8
3
 10
-60178.032227
 20
-272.791309
  0
POINT
  8
3
 10
-60178.193359
 20
-273.034439
  0
POINT
  8
3
 10
-60178.359375
 20
-273.272724
  0
POINT
  8
3
 10
-60178.540039
 20
-273.505974
  0
POINT
  8
3
 10
-60178.720703
 20
-273.733978
  0
POINT
  8
3
 10
-60178.906250
 20
-273.951340
  0
POINT
  8
3
 10
-60179.101563
 20
-274.168434
  0
POINT
  8
3
 10
-60179.301758
 20
-274.379730
  0
POINT
  8
3
 10
-60179.506836
 20
-274.585056
  0
POINT
  8
3
 10
-60179.721680
 20
-274.784241
  0
POINT
  8
3
 10
-60179.936523
 20
-274.971981
  0
POINT
  8
3
 10
-60180.161133
 20
-275.158539
  0
POINT
  8
3
 10
-60180.390625
 20
-275.338459
  0
POINT
  8
3
 10
-60180.625000
 20
-275.511608
  0
POINT
  8
3
 10
-60180.864258
 20
-275.677853
  0
POINT
  8
3
 10
-60181.113281
 20
-275.838032
  0
POINT
  8
3
 10
-60181.362305
 20
-275.989933
  0
POINT
  8
3
 10
-60181.616211
 20
-276.134472
  0
POINT
  8
3
 10
-60181.875000
 20
-276.271496
  0
POINT
  8
3
 10
-60182.133789
 20
-276.400871
  0
POINT
  8
3
 10
-60182.397461
 20
-276.519527
  0
POINT
  8
3
 10
-60182.666016
 20
-276.633415
  0
POINT
  8
3
 10
-60182.934570
 20
-276.739464
  0
POINT
  8
3
 10
-60183.212891
 20
-276.837673
  0
POINT
  8
3
 10
-60183.491211
 20
-276.928062
  0
POINT
  8
3
 10
-60183.769531
 20
-277.011013
  0
POINT
  8
3
 10
-60184.052734
 20
-277.085495
  0
POINT
  8
3
 10
-60184.326172
 20
-277.148895
  0
POINT
  8
3
 10
-60184.599609
 20
-277.204075
  0
POINT
  8
3
 10
-60184.863281
 20
-277.248764
  0
POINT
  8
3
 10
-60185.131836
 20
-277.285671
  0
POINT
  8
3
 10
-60185.429688
 20
-277.317314
  0
POINT
  8
3
 10
-60185.751953
 20
-277.343025
  0
POINT
  8
3
 10
-60186.093750
 20
-277.361698
 0
LINE
 8
7
 10
-60236.406250
 20
-179.793549
 11
-60236.406250
 21
-248.100281
  0
TEXT
  8
1
 10
-60226.435547
 20
-219.871674
 40
10.000000
 50
0.000000
  1
Piece Name: 26SMC-WP117M 展_表袋_175/84
  0
TEXT
  8
1
 10
-60226.435547
 20
-204.871674
 40
10.000000
 50
0.000000
  1
Size: 175/84
  0
TEXT
  8
1
 10
-60226.435547
 20
-189.871674
 40
10.000000
 50
0.000000
  1
Annotation: 
  0
TEXT
  8
1
 10
-60226.435547
 20
-174.871674
 40
10.000000
 50
0.000000
  1
Quantity: 1,1
  0
TEXT
  8
1
 10
-60226.435547
 20
-159.871674
 40
10.000000
 50
0.000000
  1
Material: 面
  0
TEXT
  8
1
 10
-60226.435547
 20
-159.871674
 40
10.000000
 50
0.000000
  1
Category: 19
0
ENDBLK
0
BLOCK
  8
1
  2
26SMC-WP117M 展_前袋贴_175/84
 70
0
 10
0.0
 20
0.0
  0
POLYLINE
  8
1
  66
1
  70
1
  0
VERTEX
  8
1
  10
-60315.781250
  20
174.454842
  0
VERTEX
  8
1
  10
-60263.110352
  20
5.149138
  0
VERTEX
  8
1
  10
-60263.310547
  20
-6.760480
  0
VERTEX
  8
1
  10
-60263.554688
  20
-16.920338
  0
VERTEX
  8
1
  10
-60264.174805
  20
-38.151877
  0
VERTEX
  8
1
  10
-60274.272461
  20
-34.326537
  0
VERTEX
  8
1
  10
-60278.750000
  20
-32.659020
  0
VERTEX
  8
1
  10
-60280.971680
  20
-31.769710
  0
VERTEX
  8
1
  10
-60283.315430
  20
-30.719991
  0
VERTEX
  8
1
  10
-60285.468750
  20
-29.645290
  0
VERTEX
  8
1
  10
-60287.519531
  20
-28.515315
  0
VERTEX
  8
1
  10
-60289.663086
  20
-27.207816
  0
VERTEX
  8
1
  10
-60291.582031
  20
-25.905147
  0
VERTEX
  8
1
  10
-60293.515625
  20
-24.439538
  0
VERTEX
  8
1
  10
-60295.161133
  20
-23.040149
  0
VERTEX
  8
1
  10
-60296.665039
  20
-21.612501
  0
VERTEX
  8
1
  10
-60298.183594
  20
-19.993246
  0
VERTEX
  8
1
  10
-60299.555664
  20
-18.352312
  0
VERTEX
  8
1
  10
-60300.991211
  20
-16.436082
  0
VERTEX
  8
1
  10
-60302.436523
  20
-14.277520
  0
VERTEX
  8
1
  10
-60303.691406
  20
-12.189846
  0
VERTEX
  8
1
  10
-60304.892578
  20
-9.973577
  0
VERTEX
  8
1
  10
-60305.981445
  20
-7.739557
  0
VERTEX
  8
1
  10
-60307.041016
  20
-5.316637
  0
VERTEX
  8
1
  10
-60307.685547
  20
-3.632774
  0
VERTEX
  8
1
  10
-60307.954102
  20
-2.938833
  0
VERTEX
  8
1
  10
-60361.201172
  20
168.118382
  0
VERTEX
  8
1
  10
-60339.399414
  20
171.089115
  0
VERTEX
  8
1
  10
-60329.423828
  20
172.493172
  0
SEQEND
  8
1
  0
POINT
  8
2
 10
-60315.781250
 20
174.454842
  0
TEXT
  8
2
 10
-60315.781250
 20
174.454842
 40
0.000000
 50
0.000000
  1
# 557
  0
POINT
  8
2
 10
-60263.110352
 20
5.149138
  0
TEXT
  8
2
 10
-60263.110352
 20
5.149138
 40
0.000000
 50
0.000000
  1
# 558
  0
POINT
  8
2
 10
-60264.174805
 20
-38.151877
  0
TEXT
  8
2
 10
-60264.174805
 20
-38.151877
 40
0.000000
 50
0.000000
  1
# 559
  0
POINT
  8
2
 10
-60307.954102
 20
-2.938833
  0
TEXT
  8
2
 10
-60307.954102
 20
-2.938833
 40
0.000000
 50
0.000000
  1
# 560
  0
POINT
  8
2
 10
-60361.201172
 20
168.118382
  0
TEXT
  8
2
 10
-60361.201172
 20
168.118382
 40
0.000000
 50
0.000000
  1
# 561
  0
POINT
  8
3
 10
-60263.310547
 20
-6.760480
  0
POINT
  8
3
 10
-60263.554688
 20
-16.920338
  0
POINT
  8
3
 10
-60274.272461
 20
-34.326537
  0
POINT
  8
3
 10
-60278.750000
 20
-32.659020
  0
POINT
  8
3
 10
-60280.971680
 20
-31.769710
  0
POINT
  8
3
 10
-60283.315430
 20
-30.719991
  0
POINT
  8
3
 10
-60285.468750
 20
-29.645290
  0
POINT
  8
3
 10
-60287.519531
 20
-28.515315
  0
POINT
  8
3
 10
-60289.663086
 20
-27.207816
  0
POINT
  8
3
 10
-60291.582031
 20
-25.905147
  0
POINT
  8
3
 10
-60293.515625
 20
-24.439538
  0
POINT
  8
3
 10
-60295.161133
 20
-23.040149
  0
POINT
  8
3
 10
-60296.665039
 20
-21.612501
  0
POINT
  8
3
 10
-60298.183594
 20
-19.993246
  0
POINT
  8
3
 10
-60299.555664
 20
-18.352312
  0
POINT
  8
3
 10
-60300.991211
 20
-16.436082
  0
POINT
  8
3
 10
-60302.436523
 20
-14.277520
  0
POINT
  8
3
 10
-60303.691406
 20
-12.189846
  0
POINT
  8
3
 10
-60304.892578
 20
-9.973577
  0
POINT
  8
3
 10
-60305.981445
 20
-7.739557
  0
POINT
  8
3
 10
-60307.041016
 20
-5.316637
  0
POINT
  8
3
 10
-60307.685547
 20
-3.632774
  0
POINT
  8
3
 10
-60339.399414
 20
171.089115
  0
POINT
  8
3
 10
-60329.423828
 20
172.493172
  0
POLYLINE
  8
14
  66
1
  70
1
  0
VERTEX
  8
14
  10
-60322.807617
  20
163.379364
  0
VERTEX
  8
14
  10
-60273.134766
  20
3.845056
  0
VERTEX
  8
14
  10
-60273.308829
  20
-6.561828
  0
VERTEX
  8
14
  10
-60273.548899
  20
-16.646817
  0
VERTEX
  8
14
  10
-60273.764648
  20
-23.814397
  0
VERTEX
  8
14
  10
-60275.231190
  20
-23.298443
  0
VERTEX
  8
14
  10
-60277.072469
  20
-22.561717
  0
VERTEX
  8
14
  10
-60279.031360
  20
-21.683196
  0
VERTEX
  8
14
  10
-60280.825865
  20
-20.788534
  0
VERTEX
  8
14
  10
-60282.513590
  20
-19.859170
  0
VERTEX
  8
14
  10
-60284.244540
  20
-18.802554
  0
VERTEX
  8
14
  10
-60285.761420
  20
-17.772850
  0
VERTEX
  8
14
  10
-60287.250844
  20
-16.644296
  0
VERTEX
  8
14
  10
-60288.484218
  20
-15.597787
  0
VERTEX
  8
14
  10
-60289.575890
  20
-14.561612
  0
VERTEX
  8
14
  10
-60290.684066
  20
-13.377160
  0
VERTEX
  8
14
  10
-60291.718752
  20
-12.139169
  0
VERTEX
  8
14
  10
-60292.833082
  20
-10.651981
  0
VERTEX
  8
14
  10
-60293.984337
  20
-8.931963
  0
VERTEX
  8
14
  10
-60295.005314
  20
-7.232442
  0
VERTEX
  8
14
  10
-60295.998368
  20
-5.399851
  0
VERTEX
  8
14
  10
-60296.908836
  20
-3.535789
  0
VERTEX
  8
14
  10
-60297.789287
  20
-1.520674
  0
VERTEX
  8
14
  10
-60298.525391
  20
0.415643
  0
VERTEX
  8
14
  10
-60348.149414
  20
159.804525
  0
VERTEX
  8
14
  10
-60338.029984
  20
161.183319
  0
VERTEX
  8
14
  10
-60328.007528
  20
162.593669
  0
SEQEND
  8
14
  0
POINT
  8
2
 10
-60322.807617
 20
163.379364
  0
TEXT
  8
2
 10
-60322.807617
 20
163.379364
 40
0.000000
 50
0.000000
  1
# 562
  0
POINT
  8
2
 10
-60273.134766
 20
3.845056
  0
TEXT
  8
2
 10
-60273.134766
 20
3.845056
 40
0.000000
 50
0.000000
  1
# 563
  0
POINT
  8
2
 10
-60273.764648
 20
-23.814397
  0
TEXT
  8
2
 10
-60273.764648
 20
-23.814397
 40
0.000000
 50
0.000000
  1
# 564
  0
POINT
  8
2
 10
-60298.525391
 20
0.415643
  0
TEXT
  8
2
 10
-60298.525391
 20
0.415643
 40
0.000000
 50
0.000000
  1
# 565
  0
POINT
  8
2
 10
-60348.149414
 20
159.804525
  0
TEXT
  8
2
 10
-60348.149414
 20
159.804525
 40
0.000000
 50
0.000000
  1
# 566
  0
POINT
  8
3
 10
-60273.308829
 20
-6.561828
  0
POINT
  8
3
 10
-60273.548899
 20
-16.646817
  0
POINT
  8
3
 10
-60275.231190
 20
-23.298443
  0
POINT
  8
3
 10
-60277.072469
 20
-22.561717
  0
POINT
  8
3
 10
-60279.031360
 20
-21.683196
  0
POINT
  8
3
 10
-60280.825865
 20
-20.788534
  0
POINT
  8
3
 10
-60282.513590
 20
-19.859170
  0
POINT
  8
3
 10
-60284.244540
 20
-18.802554
  0
POINT
  8
3
 10
-60285.761420
 20
-17.772850
  0
POINT
  8
3
 10
-60287.250844
 20
-16.644296
  0
POINT
  8
3
 10
-60288.484218
 20
-15.597787
  0
POINT
  8
3
 10
-60289.575890
 20
-14.561612
  0
POINT
  8
3
 10
-60290.684066
 20
-13.377160
  0
POINT
  8
3
 10
-60291.718752
 20
-12.139169
  0
POINT
  8
3
 10
-60292.833082
 20
-10.651981
  0
POINT
  8
3
 10
-60293.984337
 20
-8.931963
  0
POINT
  8
3
 10
-60295.005314
 20
-7.232442
  0
POINT
  8
3
 10
-60295.998368
 20
-5.399851
  0
POINT
  8
3
 10
-60296.908836
 20
-3.535789
  0
POINT
  8
3
 10
-60297.789287
 20
-1.520674
  0
POINT
  8
3
 10
-60338.029984
 20
161.183319
  0
POINT
  8
3
 10
-60328.007528
 20
162.593669
 0
LINE
 8
7
 10
-60332.207031
 20
148.911695
 11
-60289.907227
 21
11.955671
  0
TEXT
  8
1
 10
-60312.155762
 20
68.151482
 40
10.000000
 50
0.000000
  1
Piece Name: 26SMC-WP117M 展_前袋贴_175/84
  0
TEXT
  8
1
 10
-60312.155762
 20
83.151482
 40
10.000000
 50
0.000000
  1
Size: 175/84
  0
TEXT
  8
1
 10
-60312.155762
 20
98.151482
 40
10.000000
 50
0.000000
  1
Annotation: 
  0
TEXT
  8
1
 10
-60312.155762
 20
113.151482
 40
10.000000
 50
0.000000
  1
Quantity: 1,1
  0
TEXT
  8
1
 10
-60312.155762
 20
128.151482
 40
10.000000
 50
0.000000
  1
Material: 面
  0
TEXT
  8
1
 10
-60312.155762
 20
128.151482
 40
10.000000
 50
0.000000
  1
Category: 20
0
ENDBLK
0
BLOCK
  8
1
  2
26SMC-WP117M 展_前袋垫_175/84
 70
0
 10
0.0
 20
0.0
  0
POLYLINE
  8
1
  66
1
  70
1
  0
VERTEX
  8
1
  10
-60266.098633
  20
163.149338
  0
VERTEX
  8
1
  10
-60255.776367
  20
164.151764
  0
VERTEX
  8
1
  10
-60246.254883
  20
165.052662
  0
VERTEX
  8
1
  10
-60237.558594
  20
165.951443
  0
VERTEX
  8
1
  10
-60229.780273
  20
166.834145
  0
VERTEX
  8
1
  10
-60222.749023
  20
167.713566
  0
VERTEX
  8
1
  10
-60214.404297
  20
168.850727
  0
VERTEX
  8
1
  10
-60204.453125
  20
170.276642
  0
VERTEX
  8
1
  10
-60194.394531
  20
171.714420
  0
VERTEX
  8
1
  10
-60188.857422
  20
172.490501
  0
VERTEX
  8
1
  10
-60184.399414
  20
173.114929
  0
VERTEX
  8
1
  10
-60174.472656
  20
174.538250
  0
VERTEX
  8
1
  10
-60166.469727
  20
175.757046
  0
VERTEX
  8
1
  10
-60159.526367
  20
176.896114
  0
VERTEX
  8
1
  10
-60153.422852
  20
177.937031
  0
VERTEX
  8
1
  10
-60144.770508
  20
179.392071
  0
VERTEX
  8
1
  10
-60143.105469
  20
169.439831
  0
VERTEX
  8
1
  10
-60141.386719
  20
159.267616
  0
VERTEX
  8
1
  10
-60139.746094
  20
149.164820
  0
VERTEX
  8
1
  10
-60138.149414
  20
138.886185
  0
VERTEX
  8
1
  10
-60136.796875
  20
129.641867
  0
VERTEX
  8
1
  10
-60135.566406
  20
120.679760
  0
VERTEX
  8
1
  10
-60134.428711
  20
111.753464
  0
VERTEX
  8
1
  10
-60133.325195
  20
102.395573
  0
VERTEX
  8
1
  10
-60132.299805
  20
93.032417
  0
VERTEX
  8
1
  10
-60131.347656
  20
83.501806
  0
VERTEX
  8
1
  10
-60130.532227
  20
74.533334
  0
VERTEX
  8
1
  10
-60129.843750
  20
65.974069
  0
VERTEX
  8
1
  10
-60129.277344
  20
57.903385
  0
VERTEX
  8
1
  10
-60128.823242
  20
50.175595
  0
VERTEX
  8
1
  10
-60128.447266
  20
42.443905
  0
VERTEX
  8
1
  10
-60128.154297
  20
34.709280
  0
VERTEX
  8
1
  10
-60127.939453
  20
26.725414
  0
VERTEX
  8
1
  10
-60127.807617
  20
18.560004
  0
VERTEX
  8
1
  10
-60127.758789
  20
10.398684
  0
VERTEX
  8
1
  10
-60127.792969
  20
2.984745
  0
VERTEX
  8
1
  10
-60127.797852
  20
1.813262
  0
VERTEX
  8
1
  10
-60127.919922
  20
-6.765563
  0
VERTEX
  8
1
  10
-60128.144531
  20
-16.160724
  0
VERTEX
  8
1
  10
-60128.466797
  20
-26.266737
  0
VERTEX
  8
1
  10
-60128.857422
  20
-36.363759
  0
VERTEX
  8
1
  10
-60129.106445
  20
-42.429113
  0
VERTEX
  8
1
  10
-60129.560547
  20
-53.644814
  0
VERTEX
  8
1
  10
-60139.663086
  20
-49.863877
  0
VERTEX
  8
1
  10
-60144.145508
  20
-48.194795
  0
VERTEX
  8
1
  10
-60148.989258
  20
-46.363592
  0
VERTEX
  8
1
  10
-60153.193359
  20
-44.693580
  0
VERTEX
  8
1
  10
-60157.041016
  20
-43.070092
  0
VERTEX
  8
1
  10
-60160.864258
  20
-41.362357
  0
VERTEX
  8
1
  10
-60164.536133
  20
-39.625280
  0
VERTEX
  8
1
  10
-60168.144531
  20
-37.821403
  0
VERTEX
  8
1
  10
-60171.718750
  20
-35.935957
  0
VERTEX
  8
1
  10
-60175.117188
  20
-34.044597
  0
VERTEX
  8
1
  10
-60178.344727
  20
-32.154508
  0
VERTEX
  8
1
  10
-60181.406250
  20
-30.261576
  0
VERTEX
  8
1
  10
-60184.404297
  20
-28.304601
  0
VERTEX
  8
1
  10
-60187.128906
  20
-26.417866
  0
VERTEX
  8
1
  10
-60189.794922
  20
-24.463584
  0
VERTEX
  8
1
  10
-60192.309570
  20
-22.512221
  0
VERTEX
  8
1
  10
-60194.829102
  20
-20.434179
  0
VERTEX
  8
1
  10
-60197.221680
  20
-18.344008
  0
VERTEX
  8
1
  10
-60199.653320
  20
-16.103351
  0
VERTEX
  8
1
  10
-60202.031250
  20
-13.780757
  0
VERTEX
  8
1
  10
-60204.394531
  20
-11.344035
  0
VERTEX
  8
1
  10
-60206.640625
  20
-8.899552
  0
VERTEX
  8
1
  10
-60208.925781
  20
-6.274909
  0
VERTEX
  8
1
  10
-60211.127930
  20
-3.605297
  0
VERTEX
  8
1
  10
-60213.359375
  20
-0.757719
  0
VERTEX
  8
1
  10
-60215.512695
  20
2.137242
  0
VERTEX
  8
1
  10
-60217.675781
  20
5.207170
  0
VERTEX
  8
1
  10
-60219.760742
  20
8.323331
  0
VERTEX
  8
1
  10
-60221.801758
  20
11.533288
  0
VERTEX
  8
1
  10
-60223.813477
  20
14.865277
  0
VERTEX
  8
1
  10
-60225.825195
  20
18.373899
  0
VERTEX
  8
1
  10
-60227.797852
  20
22.001665
  0
VERTEX
  8
1
  10
-60229.716797
  20
25.719371
  0
VERTEX
  8
1
  10
-60231.547852
  20
29.465847
  0
VERTEX
  8
1
  10
-60233.374023
  20
33.388088
  0
VERTEX
  8
1
  10
-60235.180664
  20
37.476192
  0
VERTEX
  8
1
  10
-60236.962891
  20
41.736798
  0
VERTEX
  8
1
  10
-60238.666992
  20
46.037464
  0
VERTEX
  8
1
  10
-60240.341797
  20
50.490031
  0
VERTEX
  8
1
  10
-60241.987305
  20
55.108309
  0
VERTEX
  8
1
  10
-60243.652344
  20
60.039921
  0
VERTEX
  8
1
  10
-60245.253906
  20
65.063648
  0
VERTEX
  8
1
  10
-60246.845703
  20
70.323811
  0
VERTEX
  8
1
  10
-60248.437500
  20
75.897427
  0
VERTEX
  8
1
  10
-60250.029297
  20
81.782761
  0
VERTEX
  8
1
  10
-60251.538086
  20
87.689314
  0
VERTEX
  8
1
  10
-60253.076172
  20
94.047413
  0
VERTEX
  8
1
  10
-60254.599609
  20
100.716677
  0
VERTEX
  8
1
  10
-60256.103516
  20
107.695103
  0
VERTEX
  8
1
  10
-60257.622070
  20
115.131674
  0
VERTEX
  8
1
  10
-60259.208984
  20
123.356256
  0
VERTEX
  8
1
  10
-60260.913086
  20
132.647676
  0
VERTEX
  8
1
  10
-60262.651367
  20
142.602863
  0
VERTEX
  8
1
  10
-60264.340820
  20
152.746840
  0
SEQEND
  8
1
  0
POINT
  8
2
 10
-60266.098633
 20
163.149338
  0
TEXT
  8
2
 10
-60266.098633
 20
163.149338
 40
0.000000
 50
0.000000
  1
# 567
  0
POINT
  8
2
 10
-60144.770508
 20
179.392071
  0
TEXT
  8
2
 10
-60144.770508
 20
179.392071
 40
0.000000
 50
0.000000
  1
# 568
  0
POINT
  8
2
 10
-60129.560547
 20
-53.644814
  0
TEXT
  8
2
 10
-60129.560547
 20
-53.644814
 40
0.000000
 50
0.000000
  1
# 569
  0
POINT
  8
3
 10
-60255.776367
 20
164.151764
  0
POINT
  8
3
 10
-60246.254883
 20
165.052662
  0
POINT
  8
3
 10
-60237.558594
 20
165.951443
  0
POINT
  8
3
 10
-60229.780273
 20
166.834145
  0
POINT
  8
3
 10
-60222.749023
 20
167.713566
  0
POINT
  8
3
 10
-60214.404297
 20
168.850727
  0
POINT
  8
3
 10
-60204.453125
 20
170.276642
  0
POINT
  8
3
 10
-60194.394531
 20
171.714420
  0
POINT
  8
3
 10
-60188.857422
 20
172.490501
  0
POINT
  8
3
 10
-60184.399414
 20
173.114929
  0
POINT
  8
3
 10
-60174.472656
 20
174.538250
  0
POINT
  8
3
 10
-60166.469727
 20
175.757046
  0
POINT
  8
3
 10
-60159.526367
 20
176.896114
  0
POINT
  8
3
 10
-60153.422852
 20
177.937031
  0
POINT
  8
3
 10
-60143.105469
 20
169.439831
  0
POINT
  8
3
 10
-60141.386719
 20
159.267616
  0
POINT
  8
3
 10
-60139.746094
 20
149.164820
  0
POINT
  8
3
 10
-60138.149414
 20
138.886185
  0
POINT
  8
3
 10
-60136.796875
 20
129.641867
  0
POINT
  8
3
 10
-60135.566406
 20
120.679760
  0
POINT
  8
3
 10
-60134.428711
 20
111.753464
  0
POINT
  8
3
 10
-60133.325195
 20
102.395573
  0
POINT
  8
3
 10
-60132.299805
 20
93.032417
  0
POINT
  8
3
 10
-60131.347656
 20
83.501806
  0
POINT
  8
3
 10
-60130.532227
 20
74.533334
  0
POINT
  8
3
 10
-60129.843750
 20
65.974069
  0
POINT
  8
3
 10
-60129.277344
 20
57.903385
  0
POINT
  8
3
 10
-60128.823242
 20
50.175595
  0
POINT
  8
3
 10
-60128.447266
 20
42.443905
  0
POINT
  8
3
 10
-60128.154297
 20
34.709280
  0
POINT
  8
3
 10
-60127.939453
 20
26.725414
  0
POINT
  8
3
 10
-60127.807617
 20
18.560004
  0
POINT
  8
3
 10
-60127.758789
 20
10.398684
  0
POINT
  8
3
 10
-60127.792969
 20
2.984745
  0
POINT
  8
3
 10
-60127.797852
 20
1.813262
  0
POINT
  8
3
 10
-60127.919922
 20
-6.765563
  0
POINT
  8
3
 10
-60128.144531
 20
-16.160724
  0
POINT
  8
3
 10
-60128.466797
 20
-26.266737
  0
POINT
  8
3
 10
-60128.857422
 20
-36.363759
  0
POINT
  8
3
 10
-60129.106445
 20
-42.429113
  0
POINT
  8
3
 10
-60139.663086
 20
-49.863877
  0
POINT
  8
3
 10
-60144.145508
 20
-48.194795
  0
POINT
  8
3
 10
-60148.989258
 20
-46.363592
  0
POINT
  8
3
 10
-60153.193359
 20
-44.693580
  0
POINT
  8
3
 10
-60157.041016
 20
-43.070092
  0
POINT
  8
3
 10
-60160.864258
 20
-41.362357
  0
POINT
  8
3
 10
-60164.536133
 20
-39.625280
  0
POINT
  8
3
 10
-60168.144531
 20
-37.821403
  0
POINT
  8
3
 10
-60171.718750
 20
-35.935957
  0
POINT
  8
3
 10
-60175.117188
 20
-34.044597
  0
POINT
  8
3
 10
-60178.344727
 20
-32.154508
  0
POINT
  8
3
 10
-60181.406250
 20
-30.261576
  0
POINT
  8
3
 10
-60184.404297
 20
-28.304601
  0
POINT
  8
3
 10
-60187.128906
 20
-26.417866
  0
POINT
  8
3
 10
-60189.794922
 20
-24.463584
  0
POINT
  8
3
 10
-60192.309570
 20
-22.512221
  0
POINT
  8
3
 10
-60194.829102
 20
-20.434179
  0
POINT
  8
3
 10
-60197.221680
 20
-18.344008
  0
POINT
  8
3
 10
-60199.653320
 20
-16.103351
  0
POINT
  8
3
 10
-60202.031250
 20
-13.780757
  0
POINT
  8
3
 10
-60204.394531
 20
-11.344035
  0
POINT
  8
3
 10
-60206.640625
 20
-8.899552
  0
POINT
  8
3
 10
-60208.925781
 20
-6.274909
  0
POINT
  8
3
 10
-60211.127930
 20
-3.605297
  0
POINT
  8
3
 10
-60213.359375
 20
-0.757719
  0
POINT
  8
3
 10
-60215.512695
 20
2.137242
  0
POINT
  8
3
 10
-60217.675781
 20
5.207170
  0
POINT
  8
3
 10
-60219.760742
 20
8.323331
  0
POINT
  8
3
 10
-60221.801758
 20
11.533288
  0
POINT
  8
3
 10
-60223.813477
 20
14.865277
  0
POINT
  8
3
 10
-60225.825195
 20
18.373899
  0
POINT
  8
3
 10
-60227.797852
 20
22.001665
  0
POINT
  8
3
 10
-60229.716797
 20
25.719371
  0
POINT
  8
3
 10
-60231.547852
 20
29.465847
  0
POINT
  8
3
 10
-60233.374023
 20
33.388088
  0
POINT
  8
3
 10
-60235.180664
 20
37.476192
  0
POINT
  8
3
 10
-60236.962891
 20
41.736798
  0
POINT
  8
3
 10
-60238.666992
 20
46.037464
  0
POINT
  8
3
 10
-60240.341797
 20
50.490031
  0
POINT
  8
3
 10
-60241.987305
 20
55.108309
  0
POINT
  8
3
 10
-60243.652344
 20
60.039921
  0
POINT
  8
3
 10
-60245.253906
 20
65.063648
  0
POINT
  8
3
 10
-60246.845703
 20
70.323811
  0
POINT
  8
3
 10
-60248.437500
 20
75.897427
  0
POINT
  8
3
 10
-60250.029297
 20
81.782761
  0
POINT
  8
3
 10
-60251.538086
 20
87.689314
  0
POINT
  8
3
 10
-60253.076172
 20
94.047413
  0
POINT
  8
3
 10
-60254.599609
 20
100.716677
  0
POINT
  8
3
 10
-60256.103516
 20
107.695103
  0
POINT
  8
3
 10
-60257.622070
 20
115.131674
  0
POINT
  8
3
 10
-60259.208984
 20
123.356256
  0
POINT
  8
3
 10
-60260.913086
 20
132.647676
  0
POINT
  8
3
 10
-60262.651367
 20
142.602863
  0
POINT
  8
3
 10
-60264.340820
 20
152.746840
  0
POINT
  8
4
 10
-60188.857422
 20
172.490501
 30
1.000000
 50
277.98
  0
TEXT
  8
4
 10
-60188.857422
 20
172.490501
 40
0.000000
 50
0.000000
  1
# 570
  0
POINT
  8
4
 10
-60127.792969
 20
2.984745
 30
1.000000
 50
179.74
  0
TEXT
  8
4
 10
-60127.792969
 20
2.984745
 40
0.000000
 50
0.000000
  1
# 571
  0
POLYLINE
  8
14
  66
1
  70
1
  0
VERTEX
  8
14
  10
-60254.443359
  20
154.245749
  0
VERTEX
  8
14
  10
-60245.276469
  20
155.100846
  0
VERTEX
  8
14
  10
-60236.480239
  20
156.009596
  0
VERTEX
  8
14
  10
-60228.595377
  20
156.904305
  0
VERTEX
  8
14
  10
-60221.448007
  20
157.798268
  0
VERTEX
  8
14
  10
-60213.012380
  20
158.948223
  0
VERTEX
  8
14
  10
-60203.022412
  20
160.379368
  0
VERTEX
  8
14
  10
-60193.000216
  20
161.812003
  0
VERTEX
  8
14
  10
-60187.465820
  20
162.587051
  0
VERTEX
  8
14
  10
-60183.005026
  20
163.212362
  0
VERTEX
  8
14
  10
-60173.015711
  20
164.645139
  0
VERTEX
  8
14
  10
-60164.911091
  20
165.879583
  0
VERTEX
  8
14
  10
-60157.854220
  20
167.036946
  0
VERTEX
  8
14
  10
-60152.993164
  20
167.875519
  0
VERTEX
  8
14
  10
-60151.253297
  20
157.630520
  0
VERTEX
  8
14
  10
-60149.622145
  20
147.594199
  0
VERTEX
  8
14
  10
-60148.039344
  20
137.392932
  0
VERTEX
  8
14
  10
-60146.696163
  20
128.236278
  0
VERTEX
  8
14
  10
-60145.481154
  20
119.369472
  0
VERTEX
  8
14
  10
-60144.354816
  20
110.533982
  0
VERTEX
  8
14
  10
-60143.259544
  20
101.266878
  0
VERTEX
  8
14
  10
-60142.246895
  20
91.990084
  0
VERTEX
  8
14
  10
-60141.300214
  20
82.550552
  0
VERTEX
  8
14
  10
-60140.495479
  20
73.679638
  0
VERTEX
  8
14
  10
-60139.814574
  20
65.224176
  0
VERTEX
  8
14
  10
-60139.258193
  20
57.260877
  0
VERTEX
  8
14
  10
-60138.808312
  20
49.639475
  0
VERTEX
  8
14
  10
-60138.439393
  20
42.013517
  0
VERTEX
  8
14
  10
-60138.150948
  20
34.383977
  0
VERTEX
  8
14
  10
-60137.937139
  20
26.507875
  0
VERTEX
  8
14
  10
-60137.805423
  20
18.449833
  0
VERTEX
  8
14
  10
-60137.758211
  20
10.390852
  0
VERTEX
  8
14
  10
-60137.783203
  20
3.030212
  0
VERTEX
  8
14
  10
-60137.795350
  20
1.907725
  0
VERTEX
  8
14
  10
-60137.916905
  20
-6.574367
  0
VERTEX
  8
14
  10
-60138.138737
  20
-15.880119
  0
VERTEX
  8
14
  10
-60138.458462
  20
-25.912875
  0
VERTEX
  8
14
  10
-60138.846907
  20
-35.942318
  0
VERTEX
  8
14
  10
-60139.038086
  20
-39.414525
  0
VERTEX
  8
14
  10
-60140.685381
  20
-38.813051
  0
VERTEX
  8
14
  10
-60145.377585
  20
-37.039144
  0
VERTEX
  8
14
  10
-60149.403681
  20
-35.438533
  0
VERTEX
  8
14
  10
-60153.061107
  20
-33.896867
  0
VERTEX
  8
14
  10
-60156.685164
  20
-32.277348
  0
VERTEX
  8
14
  10
-60160.163151
  20
-30.632234
  0
VERTEX
  8
14
  10
-60163.576775
  20
-28.926043
  0
VERTEX
  8
14
  10
-60166.951750
  20
-27.144904
  0
VERTEX
  8
14
  10
-60170.158890
  20
-25.360388
  0
VERTEX
  8
14
  10
-60173.188810
  20
-23.585340
  0
VERTEX
  8
14
  10
-60176.046110
  20
-21.819892
  0
VERTEX
  8
14
  10
-60178.820776
  20
-20.006972
  0
VERTEX
  8
14
  10
-60181.331619
  20
-18.270247
  0
VERTEX
  8
14
  10
-60183.771644
  20
-16.482287
  0
VERTEX
  8
14
  10
-60186.061554
  20
-14.702880
  0
VERTEX
  8
14
  10
-60188.359142
  20
-12.809849
  0
VERTEX
  8
14
  10
-60190.543970
  20
-10.902382
  0
VERTEX
  8
14
  10
-60192.767522
  20
-8.849637
  0
VERTEX
  8
14
  10
-60194.953294
  20
-6.717867
  0
VERTEX
  8
14
  10
-60197.123416
  20
-4.481219
  0
VERTEX
  8
14
  10
-60199.188102
  20
-2.233240
  0
VERTEX
  8
14
  10
-60201.296608
  20
0.189413
  0
VERTEX
  8
14
  10
-60203.337238
  20
2.661757
  0
VERTEX
  8
14
  10
-60205.408202
  20
5.306377
  0
VERTEX
  8
14
  10
-60207.411732
  20
8.002555
  0
VERTEX
  8
14
  10
-60209.433642
  20
10.869384
  0
VERTEX
  8
14
  10
-60211.386727
  20
13.787070
  0
VERTEX
  8
14
  10
-60213.302585
  20
16.800545
  0
VERTEX
  8
14
  10
-60215.196326
  20
19.936794
  0
VERTEX
  8
14
  10
-60217.094011
  20
23.248021
  0
VERTEX
  8
14
  10
-60218.960252
  20
26.680939
  0
VERTEX
  8
14
  10
-60220.779602
  20
30.208621
  0
VERTEX
  8
14
  10
-60222.525208
  20
33.773453
  0
VERTEX
  8
14
  10
-60224.265799
  20
37.516013
  0
VERTEX
  8
14
  10
-60225.992002
  20
41.426288
  0
VERTEX
  8
14
  10
-60227.701213
  20
45.509853
  0
VERTEX
  8
14
  10
-60229.339729
  20
49.640318
  0
VERTEX
  8
14
  10
-60230.951100
  20
53.926625
  0
VERTEX
  8
14
  10
-60232.538796
  20
58.384180
  0
VERTEX
  8
14
  10
-60234.148500
  20
63.157332
  0
VERTEX
  8
14
  10
-60235.704914
  20
68.031494
  0
VERTEX
  8
14
  10
-60237.251113
  20
73.145646
  0
VERTEX
  8
14
  10
-60238.804100
  20
78.576367
  0
VERTEX
  8
14
  10
-60240.357448
  20
84.323983
  0
VERTEX
  8
14
  10
-60241.835166
  20
90.103678
  0
VERTEX
  8
14
  10
-60243.342079
  20
96.335488
  0
VERTEX
  8
14
  10
-60244.837666
  20
102.883741
  0
VERTEX
  8
14
  10
-60246.318662
  20
109.748117
  0
VERTEX
  8
14
  10
-60247.813254
  20
117.077299
  0
VERTEX
  8
14
  10
-60249.381619
  20
125.204398
  0
VERTEX
  8
14
  10
-60251.068503
  20
134.408040
  0
VERTEX
  8
14
  10
-60252.791592
  20
144.281781
  0
SEQEND
  8
14
  0
POINT
  8
2
 10
-60254.443359
 20
154.245749
  0
TEXT
  8
2
 10
-60254.443359
 20
154.245749
 40
0.000000
 50
0.000000
  1
# 572
  0
POINT
  8
2
 10
-60152.993164
 20
167.875519
  0
TEXT
  8
2
 10
-60152.993164
 20
167.875519
 40
0.000000
 50
0.000000
  1
# 573
  0
POINT
  8
2
 10
-60139.038086
 20
-39.414525
  0
TEXT
  8
2
 10
-60139.038086
 20
-39.414525
 40
0.000000
 50
0.000000
  1
# 574
  0
POINT
  8
3
 10
-60245.276469
 20
155.100846
  0
POINT
  8
3
 10
-60236.480239
 20
156.009596
  0
POINT
  8
3
 10
-60228.595377
 20
156.904305
  0
POINT
  8
3
 10
-60221.448007
 20
157.798268
  0
POINT
  8
3
 10
-60213.012380
 20
158.948223
  0
POINT
  8
3
 10
-60203.022412
 20
160.379368
  0
POINT
  8
3
 10
-60193.000216
 20
161.812003
  0
POINT
  8
3
 10
-60187.465820
 20
162.587051
  0
POINT
  8
3
 10
-60183.005026
 20
163.212362
  0
POINT
  8
3
 10
-60173.015711
 20
164.645139
  0
POINT
  8
3
 10
-60164.911091
 20
165.879583
  0
POINT
  8
3
 10
-60157.854220
 20
167.036946
  0
POINT
  8
3
 10
-60151.253297
 20
157.630520
  0
POINT
  8
3
 10
-60149.622145
 20
147.594199
  0
POINT
  8
3
 10
-60148.039344
 20
137.392932
  0
POINT
  8
3
 10
-60146.696163
 20
128.236278
  0
POINT
  8
3
 10
-60145.481154
 20
119.369472
  0
POINT
  8
3
 10
-60144.354816
 20
110.533982
  0
POINT
  8
3
 10
-60143.259544
 20
101.266878
  0
POINT
  8
3
 10
-60142.246895
 20
91.990084
  0
POINT
  8
3
 10
-60141.300214
 20
82.550552
  0
POINT
  8
3
 10
-60140.495479
 20
73.679638
  0
POINT
  8
3
 10
-60139.814574
 20
65.224176
  0
POINT
  8
3
 10
-60139.258193
 20
57.260877
  0
POINT
  8
3
 10
-60138.808312
 20
49.639475
  0
POINT
  8
3
 10
-60138.439393
 20
42.013517
  0
POINT
  8
3
 10
-60138.150948
 20
34.383977
  0
POINT
  8
3
 10
-60137.937139
 20
26.507875
  0
POINT
  8
3
 10
-60137.805423
 20
18.449833
  0
POINT
  8
3
 10
-60137.758211
 20
10.390852
  0
POINT
  8
3
 10
-60137.783203
 20
3.030212
  0
POINT
  8
3
 10
-60137.795350
 20
1.907725
  0
POINT
  8
3
 10
-60137.916905
 20
-6.574367
  0
POINT
  8
3
 10
-60138.138737
 20
-15.880119
  0
POINT
  8
3
 10
-60138.458462
 20
-25.912875
  0
POINT
  8
3
 10
-60138.846907
 20
-35.942318
  0
POINT
  8
3
 10
-60140.685381
 20
-38.813051
  0
POINT
  8
3
 10
-60145.377585
 20
-37.039144
  0
POINT
  8
3
 10
-60149.403681
 20
-35.438533
  0
POINT
  8
3
 10
-60153.061107
 20
-33.896867
  0
POINT
  8
3
 10
-60156.685164
 20
-32.277348
  0
POINT
  8
3
 10
-60160.163151
 20
-30.632234
  0
POINT
  8
3
 10
-60163.576775
 20
-28.926043
  0
POINT
  8
3
 10
-60166.951750
 20
-27.144904
  0
POINT
  8
3
 10
-60170.158890
 20
-25.360388
  0
POINT
  8
3
 10
-60173.188810
 20
-23.585340
  0
POINT
  8
3
 10
-60176.046110
 20
-21.819892
  0
POINT
  8
3
 10
-60178.820776
 20
-20.006972
  0
POINT
  8
3
 10
-60181.331619
 20
-18.270247
  0
POINT
  8
3
 10
-60183.771644
 20
-16.482287
  0
POINT
  8
3
 10
-60186.061554
 20
-14.702880
  0
POINT
  8
3
 10
-60188.359142
 20
-12.809849
  0
POINT
  8
3
 10
-60190.543970
 20
-10.902382
  0
POINT
  8
3
 10
-60192.767522
 20
-8.849637
  0
POINT
  8
3
 10
-60194.953294
 20
-6.717867
  0
POINT
  8
3
 10
-60197.123416
 20
-4.481219
  0
POINT
  8
3
 10
-60199.188102
 20
-2.233240
  0
POINT
  8
3
 10
-60201.296608
 20
0.189413
  0
POINT
  8
3
 10
-60203.337238
 20
2.661757
  0
POINT
  8
3
 10
-60205.408202
 20
5.306377
  0
POINT
  8
3
 10
-60207.411732
 20
8.002555
  0
POINT
  8
3
 10
-60209.433642
 20
10.869384
  0
POINT
  8
3
 10
-60211.386727
 20
13.787070
  0
POINT
  8
3
 10
-60213.302585
 20
16.800545
  0
POINT
  8
3
 10
-60215.196326
 20
19.936794
  0
POINT
  8
3
 10
-60217.094011
 20
23.248021
  0
POINT
  8
3
 10
-60218.960252
 20
26.680939
  0
POINT
  8
3
 10
-60220.779602
 20
30.208621
  0
POINT
  8
3
 10
-60222.525208
 20
33.773453
  0
POINT
  8
3
 10
-60224.265799
 20
37.516013
  0
POINT
  8
3
 10
-60225.992002
 20
41.426288
  0
POINT
  8
3
 10
-60227.701213
 20
45.509853
  0
POINT
  8
3
 10
-60229.339729
 20
49.640318
  0
POINT
  8
3
 10
-60230.951100
 20
53.926625
  0
POINT
  8
3
 10
-60232.538796
 20
58.384180
  0
POINT
  8
3
 10
-60234.148500
 20
63.157332
  0
POINT
  8
3
 10
-60235.704914
 20
68.031494
  0
POINT
  8
3
 10
-60237.251113
 20
73.145646
  0
POINT
  8
3
 10
-60238.804100
 20
78.576367
  0
POINT
  8
3
 10
-60240.357448
 20
84.323983
  0
POINT
  8
3
 10
-60241.835166
 20
90.103678
  0
POINT
  8
3
 10
-60243.342079
 20
96.335488
  0
POINT
  8
3
 10
-60244.837666
 20
102.883741
  0
POINT
  8
3
 10
-60246.318662
 20
109.748117
  0
POINT
  8
3
 10
-60247.813254
 20
117.077299
  0
POINT
  8
3
 10
-60249.381619
 20
125.204398
  0
POINT
  8
3
 10
-60251.068503
 20
134.408040
  0
POINT
  8
3
 10
-60252.791592
 20
144.281781
  0
POINT
  8
4
 10
-60187.465820
 20
162.587051
 30
1.000000
 50
277.96
  0
TEXT
  8
4
 10
-60187.465820
 20
162.587051
 40
0.000000
 50
0.000000
  1
# 575
  0
POINT
  8
4
 10
-60137.783203
 20
3.030212
 30
1.000000
 50
179.53
  0
TEXT
  8
4
 10
-60137.783203
 20
3.030212
 40
0.000000
 50
0.000000
  1
# 576
  0
POLYLINE
  8
8
  66
1
  70
0
  0
VERTEX
  8
8
  10
-60187.465820
  20
162.573700
  0
VERTEX
  8
8
  10
-60137.832031
  20
3.031000
  0
SEQEND
  8
8
  0
POINT
  8
2
 10
-60187.465820
 20
162.573700
  0
TEXT
  8
2
 10
-60187.465820
 20
162.573700
 40
0.000000
 50
0.000000
  1
# 577
  0
POINT
  8
2
 10
-60137.832031
 20
3.031000
  0
TEXT
  8
2
 10
-60137.832031
 20
3.031000
 40
0.000000
 50
0.000000
  1
# 578
  0
POLYLINE
  8
8
  66
1
  70
0
  0
VERTEX
  8
8
  10
-60156.303711
  20
19.037927
  0
VERTEX
  8
8
  10
-60223.193359
  20
35.247698
  0
SEQEND
  8
8
  0
POINT
  8
2
 10
-60156.303711
 20
19.037927
  0
TEXT
  8
2
 10
-60156.303711
 20
19.037927
 40
0.000000
 50
0.000000
  1
# 579
  0
POINT
  8
2
 10
-60223.193359
 20
35.247698
  0
TEXT
  8
2
 10
-60223.193359
 20
35.247698
 40
0.000000
 50
0.000000
  1
# 580
  0
POLYLINE
  8
8
  66
1
  70
0
  0
VERTEX
  8
8
  10
-60166.953125
  20
-27.097914
  0
VERTEX
  8
8
  10
-60156.303711
  20
19.037927
  0
SEQEND
  8
8
  0
POINT
  8
2
 10
-60166.953125
 20
-27.097914
  0
TEXT
  8
2
 10
-60166.953125
 20
-27.097914
 40
0.000000
 50
0.000000
  1
# 581
  0
POINT
  8
2
 10
-60156.303711
 20
19.037927
  0
TEXT
  8
2
 10
-60156.303711
 20
19.037927
 40
0.000000
 50
0.000000
  1
# 582
 0
LINE
 8
7
 10
-60186.220703
 20
147.656145
 11
-60186.220703
 21
8.083177
  0
TEXT
  8
1
 10
-60196.928711
 20
62.873628
 40
10.000000
 50
0.000000
  1
Piece Name: 26SMC-WP117M 展_前袋垫_175/84
  0
TEXT
  8
1
 10
-60196.928711
 20
77.873628
 40
10.000000
 50
0.000000
  1
Size: 175/84
  0
TEXT
  8
1
 10
-60196.928711
 20
92.873628
 40
10.000000
 50
0.000000
  1
Annotation: 
  0
TEXT
  8
1
 10
-60196.928711
 20
107.873628
 40
10.000000
 50
0.000000
  1
Quantity: 1,1
  0
TEXT
  8
1
 10
-60196.928711
 20
122.873628
 40
10.000000
 50
0.000000
  1
Material: 面
  0
TEXT
  8
1
 10
-60196.928711
 20
122.873628
 40
10.000000
 50
0.000000
  1
Category: 21
0
ENDBLK
0
BLOCK
  8
1
  2
26SMC-WP117M 展_腰_175/84
 70
0
 10
0.0
 20
0.0
  0
POLYLINE
  8
1
  66
1
  70
1
  0
VERTEX
  8
1
  10
-59259.843750
  20
-103.272123
  0
VERTEX
  8
1
  10
-59270.327148
  20
-103.272123
  0
VERTEX
  8
1
  10
-59280.561523
  20
-103.272123
  0
VERTEX
  8
1
  10
-59290.742188
  20
-103.272123
  0
VERTEX
  8
1
  10
-59300.981445
  20
-103.272123
  0
VERTEX
  8
1
  10
-59311.220703
  20
-103.272123
  0
VERTEX
  8
1
  10
-59321.230469
  20
-103.272123
  0
VERTEX
  8
1
  10
-59331.469727
  20
-103.272123
  0
VERTEX
  8
1
  10
-59341.713867
  20
-103.272133
  0
VERTEX
  8
1
  10
-59351.816406
  20
-103.272152
  0
VERTEX
  8
1
  10
-59362.055664
  20
-103.272190
  0
VERTEX
  8
1
  10
-59372.299805
  20
-103.272219
  0
VERTEX
  8
1
  10
-59382.534180
  20
-103.272228
  0
VERTEX
  8
1
  10
-59392.778320
  20
-103.272200
  0
VERTEX
  8
1
  10
-59403.017578
  20
-103.272181
  0
VERTEX
  8
1
  10
-59413.037109
  20
-103.272171
  0
VERTEX
  8
1
  10
-59423.276367
  20
-103.272190
  0
VERTEX
  8
1
  10
-59433.520508
  20
-103.272209
  0
VERTEX
  8
1
  10
-59443.608398
  20
-103.272209
  0
VERTEX
  8
1
  10
-59453.618164
  20
-103.272190
  0
VERTEX
  8
1
  10
-59463.510742
  20
-103.272142
  0
VERTEX
  8
1
  10
-59467.841797
  20
-103.272123
  0
VERTEX
  8
1
  10
-59467.841797
  20
-92.351646
  0
VERTEX
  8
1
  10
-59467.841797
  20
-81.808205
  0
VERTEX
  8
1
  10
-59467.841797
  20
-71.921916
  0
VERTEX
  8
1
  10
-59467.841797
  20
-67.092619
  0
VERTEX
  8
1
  10
-59457.529297
  20
-67.094245
  0
VERTEX
  8
1
  10
-59447.446289
  20
-67.095823
  0
VERTEX
  8
1
  10
-59437.021484
  20
-67.097445
  0
VERTEX
  8
1
  10
-59426.625977
  20
-67.099051
  0
VERTEX
  8
1
  10
-59416.215820
  20
-67.100654
  0
VERTEX
  8
1
  10
-59405.805664
  20
-67.102261
  0
VERTEX
  8
1
  10
-59395.546875
  20
-67.103863
  0
VERTEX
  8
1
  10
-59385.136719
  20
-67.105503
  0
VERTEX
  8
1
  10
-59374.731445
  20
-67.107153
  0
VERTEX
  8
1
  10
-59364.321289
  20
-67.108798
  0
VERTEX
  8
1
  10
-59354.267578
  20
-67.110381
  0
VERTEX
  8
1
  10
-59343.857422
  20
-67.111998
  0
VERTEX
  8
1
  10
-59333.447266
  20
-67.113605
  0
VERTEX
  8
1
  10
-59323.041992
  20
-67.115192
  0
VERTEX
  8
1
  10
-59312.929688
  20
-67.116728
  0
VERTEX
  8
1
  10
-59302.524414
  20
-67.118311
  0
VERTEX
  8
1
  10
-59292.114258
  20
-67.119904
  0
VERTEX
  8
1
  10
-59282.011719
  20
-67.121477
  0
VERTEX
  8
1
  10
-59271.601563
  20
-67.123132
  0
VERTEX
  8
1
  10
-59261.191406
  20
-67.124801
  0
VERTEX
  8
1
  10
-59250.781250
  20
-67.126465
  0
VERTEX
  8
1
  10
-59240.507813
  20
-67.128091
  0
VERTEX
  8
1
  10
-59230.097656
  20
-67.129717
  0
VERTEX
  8
1
  10
-59219.687500
  20
-67.131333
  0
VERTEX
  8
1
  10
-59209.550781
  20
-67.132907
  0
VERTEX
  8
1
  10
-59199.140625
  20
-67.134523
  0
VERTEX
  8
1
  10
-59188.735352
  20
-67.136140
  0
VERTEX
  8
1
  10
-59178.325195
  20
-67.137747
  0
VERTEX
  8
1
  10
-59168.217773
  20
-67.139301
  0
VERTEX
  8
1
  10
-59157.807617
  20
-67.140884
  0
VERTEX
  8
1
  10
-59147.397461
  20
-67.142467
  0
VERTEX
  8
1
  10
-59136.992188
  20
-67.144051
  0
VERTEX
  8
1
  10
-59126.801758
  20
-67.145605
  0
VERTEX
  8
1
  10
-59116.396484
  20
-67.147202
  0
VERTEX
  8
1
  10
-59105.986328
  20
-67.148814
  0
VERTEX
  8
1
  10
-59095.576172
  20
-67.150435
  0
VERTEX
  8
1
  10
-59085.214844
  20
-67.152057
  0
VERTEX
  8
1
  10
-59074.804688
  20
-67.153697
  0
VERTEX
  8
1
  10
-59064.394531
  20
-67.155337
  0
VERTEX
  8
1
  10
-59053.984375
  20
-67.156968
  0
VERTEX
  8
1
  10
-59043.769531
  20
-67.158556
  0
VERTEX
  8
1
  10
-59033.593750
  20
-67.160115
  0
VERTEX
  8
1
  10
-59023.720703
  20
-67.161622
  0
VERTEX
  8
1
  10
-59019.897461
  20
-67.162199
  0
VERTEX
  8
1
  10
-59009.482422
  20
-67.163820
  0
VERTEX
  8
1
  10
-58999.306641
  20
-67.165403
  0
VERTEX
  8
1
  10
-58988.935547
  20
-67.167015
  0
VERTEX
  8
1
  10
-58978.857422
  20
-67.168579
  0
VERTEX
  8
1
  10
-58968.691406
  20
-67.170153
  0
VERTEX
  8
1
  10
-58958.520508
  20
-67.171726
  0
VERTEX
  8
1
  10
-58948.261719
  20
-67.173319
  0
VERTEX
  8
1
  10
-58938.090820
  20
-67.174897
  0
VERTEX
  8
1
  10
-58927.919922
  20
-67.176480
  0
VERTEX
  8
1
  10
-58917.827148
  20
-67.178068
  0
VERTEX
  8
1
  10
-58907.651367
  20
-67.179680
  0
VERTEX
  8
1
  10
-58897.480469
  20
-67.181296
  0
VERTEX
  8
1
  10
-58887.309570
  20
-67.182908
  0
VERTEX
  8
1
  10
-58877.138672
  20
-67.184510
  0
VERTEX
  8
1
  10
-58866.855469
  20
-67.186117
  0
VERTEX
  8
1
  10
-58856.684570
  20
-67.187691
  0
VERTEX
  8
1
  10
-58846.513672
  20
-67.189264
  0
VERTEX
  8
1
  10
-58836.342773
  20
-67.190833
  0
VERTEX
  8
1
  10
-58826.284180
  20
-67.192392
  0
VERTEX
  8
1
  10
-58816.108398
  20
-67.193985
  0
VERTEX
  8
1
  10
-58805.937500
  20
-67.195582
  0
VERTEX
  8
1
  10
-58795.766602
  20
-67.197180
  0
VERTEX
  8
1
  10
-58785.532227
  20
-67.198792
  0
VERTEX
  8
1
  10
-58775.361328
  20
-67.200389
  0
VERTEX
  8
1
  10
-58765.190430
  20
-67.201982
  0
VERTEX
  8
1
  10
-58755.019531
  20
-67.203560
  0
VERTEX
  8
1
  10
-58745.000000
  20
-67.205100
  0
VERTEX
  8
1
  10
-58734.829102
  20
-67.206655
  0
VERTEX
  8
1
  10
-58724.658203
  20
-67.208204
  0
VERTEX
  8
1
  10
-58714.487305
  20
-67.209764
  0
VERTEX
  8
1
  10
-58704.277344
  20
-67.211347
  0
VERTEX
  8
1
  10
-58694.106445
  20
-67.212949
  0
VERTEX
  8
1
  10
-58683.935547
  20
-67.214556
  0
VERTEX
  8
1
  10
-58673.769531
  20
-67.216148
  0
VERTEX
  8
1
  10
-58663.764648
  20
-67.217684
  0
VERTEX
  8
1
  10
-58653.593750
  20
-67.219229
  0
VERTEX
  8
1
  10
-58643.422852
  20
-67.220778
  0
VERTEX
  8
1
  10
-58633.222656
  20
-67.222342
  0
VERTEX
  8
1
  10
-58623.051758
  20
-67.223926
  0
VERTEX
  8
1
  10
-58612.880859
  20
-67.225528
  0
VERTEX
  8
1
  10
-58602.534180
  20
-67.227163
  0
VERTEX
  8
1
  10
-58592.363281
  20
-67.228780
  0
VERTEX
  8
1
  10
-58582.192383
  20
-67.230387
  0
VERTEX
  8
1
  10
-58572.021484
  20
-67.231979
  0
VERTEX
  8
1
  10
-58561.757813
  20
-67.233562
  0
VERTEX
  8
1
  10
-58551.586914
  20
-67.235122
  0
VERTEX
  8
1
  10
-58541.416016
  20
-67.236700
  0
VERTEX
  8
1
  10
-58531.372070
  20
-67.238307
  0
VERTEX
  8
1
  10
-58520.981445
  20
-67.240019
  0
VERTEX
  8
1
  10
-58520.971680
  20
-78.116002
  0
VERTEX
  8
1
  10
-58520.961914
  20
-88.616486
  0
VERTEX
  8
1
  10
-58520.957031
  20
-98.853884
  0
VERTEX
  8
1
  10
-58520.952148
  20
-103.272123
  0
VERTEX
  8
1
  10
-58531.489258
  20
-103.272123
  0
VERTEX
  8
1
  10
-58541.572266
  20
-103.272123
  0
VERTEX
  8
1
  10
-58551.757813
  20
-103.272123
  0
VERTEX
  8
1
  10
-58561.738281
  20
-103.272123
  0
VERTEX
  8
1
  10
-58565.952148
  20
-103.272123
  0
VERTEX
  8
1
  10
-58571.953125
  20
-103.272123
  0
VERTEX
  8
1
  10
-58571.953125
  20
-103.272123
  0
VERTEX
  8
1
  10
-58582.416992
  20
-103.272133
  0
VERTEX
  8
1
  10
-58592.641602
  20
-103.272142
  0
VERTEX
  8
1
  10
-58602.978516
  20
-103.272161
  0
VERTEX
  8
1
  10
-58613.227539
  20
-103.272200
  0
VERTEX
  8
1
  10
-58623.476563
  20
-103.272219
  0
VERTEX
  8
1
  10
-58633.750000
  20
-103.272228
  0
VERTEX
  8
1
  10
-58643.999023
  20
-103.272209
  0
VERTEX
  8
1
  10
-58654.248047
  20
-103.272171
  0
VERTEX
  8
1
  10
-58664.526367
  20
-103.272142
  0
VERTEX
  8
1
  10
-58674.775391
  20
-103.272133
  0
VERTEX
  8
1
  10
-58685.024414
  20
-103.272133
  0
VERTEX
  8
1
  10
-58695.332031
  20
-103.272161
  0
VERTEX
  8
1
  10
-58705.581055
  20
-103.272190
  0
VERTEX
  8
1
  10
-58715.830078
  20
-103.272219
  0
VERTEX
  8
1
  10
-58726.137695
  20
-103.272228
  0
VERTEX
  8
1
  10
-58736.386719
  20
-103.272209
  0
VERTEX
  8
1
  10
-58746.635742
  20
-103.272171
  0
VERTEX
  8
1
  10
-58756.914063
  20
-103.272152
  0
VERTEX
  8
1
  10
-58767.075195
  20
-103.272133
  0
VERTEX
  8
1
  10
-58776.962891
  20
-103.272123
  0
VERTEX
  8
1
  10
-58779.951172
  20
-103.272123
  0
VERTEX
  8
1
  10
-58779.951172
  20
-103.272123
  0
VERTEX
  8
1
  10
-58790.483398
  20
-103.272123
  0
VERTEX
  8
1
  10
-58800.815430
  20
-103.272123
  0
VERTEX
  8
1
  10
-58811.020508
  20
-103.272123
  0
VERTEX
  8
1
  10
-58821.123047
  20
-103.272123
  0
VERTEX
  8
1
  10
-58831.225586
  20
-103.272133
  0
VERTEX
  8
1
  10
-58841.328125
  20
-103.272152
  0
VERTEX
  8
1
  10
-58851.416016
  20
-103.272181
  0
VERTEX
  8
1
  10
-58861.518555
  20
-103.272209
  0
VERTEX
  8
1
  10
-58871.621094
  20
-103.272228
  0
VERTEX
  8
1
  10
-58881.899414
  20
-103.272209
  0
VERTEX
  8
1
  10
-58892.001953
  20
-103.272190
  0
VERTEX
  8
1
  10
-58902.104492
  20
-103.272171
  0
VERTEX
  8
1
  10
-58912.382813
  20
-103.272181
  0
VERTEX
  8
1
  10
-58922.485352
  20
-103.272209
  0
VERTEX
  8
1
  10
-58932.587891
  20
-103.272228
  0
VERTEX
  8
1
  10
-58942.866211
  20
-103.272219
  0
VERTEX
  8
1
  10
-58952.968750
  20
-103.272190
  0
VERTEX
  8
1
  10
-58963.066406
  20
-103.272152
  0
VERTEX
  8
1
  10
-58973.339844
  20
-103.272133
  0
VERTEX
  8
1
  10
-58983.442383
  20
-103.272123
  0
VERTEX
  8
1
  10
-58993.544922
  20
-103.272123
  0
VERTEX
  8
1
  10
-59003.696289
  20
-103.272123
  0
VERTEX
  8
1
  10
-59013.671875
  20
-103.272123
  0
VERTEX
  8
1
  10
-59019.897461
  20
-103.272123
  0
VERTEX
  8
1
  10
-59019.897461
  20
-103.272123
  0
VERTEX
  8
1
  10
-59030.385742
  20
-103.272123
  0
VERTEX
  8
1
  10
-59040.683594
  20
-103.272123
  0
VERTEX
  8
1
  10
-59050.937500
  20
-103.272123
  0
VERTEX
  8
1
  10
-59061.093750
  20
-103.272123
  0
VERTEX
  8
1
  10
-59071.181641
  20
-103.272123
  0
VERTEX
  8
1
  10
-59081.264648
  20
-103.272123
  0
VERTEX
  8
1
  10
-59091.591797
  20
-103.272123
  0
VERTEX
  8
1
  10
-59101.674805
  20
-103.272123
  0
VERTEX
  8
1
  10
-59111.762695
  20
-103.272123
  0
VERTEX
  8
1
  10
-59122.099609
  20
-103.272123
  0
VERTEX
  8
1
  10
-59132.182617
  20
-103.272123
  0
VERTEX
  8
1
  10
-59142.270508
  20
-103.272123
  0
VERTEX
  8
1
  10
-59152.607422
  20
-103.272123
  0
VERTEX
  8
1
  10
-59162.690430
  20
-103.272123
  0
VERTEX
  8
1
  10
-59172.773438
  20
-103.272123
  0
VERTEX
  8
1
  10
-59183.110352
  20
-103.272123
  0
VERTEX
  8
1
  10
-59193.198242
  20
-103.272123
  0
VERTEX
  8
1
  10
-59203.281250
  20
-103.272123
  0
VERTEX
  8
1
  10
-59213.627930
  20
-103.272123
  0
VERTEX
  8
1
  10
-59223.710938
  20
-103.272123
  0
VERTEX
  8
1
  10
-59233.798828
  20
-103.272123
  0
VERTEX
  8
1
  10
-59243.896484
  20
-103.272123
  0
VERTEX
  8
1
  10
-59253.891602
  20
-103.272123
  0
VERTEX
  8
1
  10
-59259.843750
  20
-103.272123
  0
SEQEND
  8
1
  0
POINT
  8
2
 10
-59259.843750
 20
-103.272123
  0
TEXT
  8
2
 10
-59259.843750
 20
-103.272123
 40
0.000000
 50
0.000000
  1
# 583
  0
POINT
  8
2
 10
-59467.841797
 20
-103.272123
  0
TEXT
  8
2
 10
-59467.841797
 20
-103.272123
 40
0.000000
 50
0.000000
  1
# 584
  0
POINT
  8
2
 10
-59467.841797
 20
-67.092619
  0
TEXT
  8
2
 10
-59467.841797
 20
-67.092619
 40
0.000000
 50
0.000000
  1
# 585
  0
POINT
  8
2
 10
-59019.897461
 20
-67.162199
  0
TEXT
  8
2
 10
-59019.897461
 20
-67.162199
 40
0.000000
 50
0.000000
  1
# 586
  0
POINT
  8
2
 10
-58520.981445
 20
-67.240019
  0
TEXT
  8
2
 10
-58520.981445
 20
-67.240019
 40
0.000000
 50
0.000000
  1
# 587
  0
POINT
  8
2
 10
-58520.952148
 20
-103.272123
  0
TEXT
  8
2
 10
-58520.952148
 20
-103.272123
 40
0.000000
 50
0.000000
  1
# 588
  0
POINT
  8
2
 10
-58571.953125
 20
-103.272123
  0
TEXT
  8
2
 10
-58571.953125
 20
-103.272123
 40
0.000000
 50
0.000000
  1
# 589
  0
POINT
  8
2
 10
-58779.951172
 20
-103.272123
  0
TEXT
  8
2
 10
-58779.951172
 20
-103.272123
 40
0.000000
 50
0.000000
  1
# 590
  0
POINT
  8
2
 10
-59019.897461
 20
-103.272123
  0
TEXT
  8
2
 10
-59019.897461
 20
-103.272123
 40
0.000000
 50
0.000000
  1
# 591
  0
POINT
  8
3
 10
-59270.327148
 20
-103.272123
  0
POINT
  8
3
 10
-59280.561523
 20
-103.272123
  0
POINT
  8
3
 10
-59290.742188
 20
-103.272123
  0
POINT
  8
3
 10
-59300.981445
 20
-103.272123
  0
POINT
  8
3
 10
-59311.220703
 20
-103.272123
  0
POINT
  8
3
 10
-59321.230469
 20
-103.272123
  0
POINT
  8
3
 10
-59331.469727
 20
-103.272123
  0
POINT
  8
3
 10
-59341.713867
 20
-103.272133
  0
POINT
  8
3
 10
-59351.816406
 20
-103.272152
  0
POINT
  8
3
 10
-59362.055664
 20
-103.272190
  0
POINT
  8
3
 10
-59372.299805
 20
-103.272219
  0
POINT
  8
3
 10
-59382.534180
 20
-103.272228
  0
POINT
  8
3
 10
-59392.778320
 20
-103.272200
  0
POINT
  8
3
 10
-59403.017578
 20
-103.272181
  0
POINT
  8
3
 10
-59413.037109
 20
-103.272171
  0
POINT
  8
3
 10
-59423.276367
 20
-103.272190
  0
POINT
  8
3
 10
-59433.520508
 20
-103.272209
  0
POINT
  8
3
 10
-59443.608398
 20
-103.272209
  0
POINT
  8
3
 10
-59453.618164
 20
-103.272190
  0
POINT
  8
3
 10
-59463.510742
 20
-103.272142
  0
POINT
  8
3
 10
-59467.841797
 20
-92.351646
  0
POINT
  8
3
 10
-59467.841797
 20
-81.808205
  0
POINT
  8
3
 10
-59467.841797
 20
-71.921916
  0
POINT
  8
3
 10
-59457.529297
 20
-67.094245
  0
POINT
  8
3
 10
-59447.446289
 20
-67.095823
  0
POINT
  8
3
 10
-59437.021484
 20
-67.097445
  0
POINT
  8
3
 10
-59426.625977
 20
-67.099051
  0
POINT
  8
3
 10
-59416.215820
 20
-67.100654
  0
POINT
  8
3
 10
-59405.805664
 20
-67.102261
  0
POINT
  8
3
 10
-59395.546875
 20
-67.103863
  0
POINT
  8
3
 10
-59385.136719
 20
-67.105503
  0
POINT
  8
3
 10
-59374.731445
 20
-67.107153
  0
POINT
  8
3
 10
-59364.321289
 20
-67.108798
  0
POINT
  8
3
 10
-59354.267578
 20
-67.110381
  0
POINT
  8
3
 10
-59343.857422
 20
-67.111998
  0
POINT
  8
3
 10
-59333.447266
 20
-67.113605
  0
POINT
  8
3
 10
-59323.041992
 20
-67.115192
  0
POINT
  8
3
 10
-59312.929688
 20
-67.116728
  0
POINT
  8
3
 10
-59302.524414
 20
-67.118311
  0
POINT
  8
3
 10
-59292.114258
 20
-67.119904
  0
POINT
  8
3
 10
-59282.011719
 20
-67.121477
  0
POINT
  8
3
 10
-59271.601563
 20
-67.123132
  0
POINT
  8
3
 10
-59261.191406
 20
-67.124801
  0
POINT
  8
3
 10
-59250.781250
 20
-67.126465
  0
POINT
  8
3
 10
-59240.507813
 20
-67.128091
  0
POINT
  8
3
 10
-59230.097656
 20
-67.129717
  0
POINT
  8
3
 10
-59219.687500
 20
-67.131333
  0
POINT
  8
3
 10
-59209.550781
 20
-67.132907
  0
POINT
  8
3
 10
-59199.140625
 20
-67.134523
  0
POINT
  8
3
 10
-59188.735352
 20
-67.136140
  0
POINT
  8
3
 10
-59178.325195
 20
-67.137747
  0
POINT
  8
3
 10
-59168.217773
 20
-67.139301
  0
POINT
  8
3
 10
-59157.807617
 20
-67.140884
  0
POINT
  8
3
 10
-59147.397461
 20
-67.142467
  0
POINT
  8
3
 10
-59136.992188
 20
-67.144051
  0
POINT
  8
3
 10
-59126.801758
 20
-67.145605
  0
POINT
  8
3
 10
-59116.396484
 20
-67.147202
  0
POINT
  8
3
 10
-59105.986328
 20
-67.148814
  0
POINT
  8
3
 10
-59095.576172
 20
-67.150435
  0
POINT
  8
3
 10
-59085.214844
 20
-67.152057
  0
POINT
  8
3
 10
-59074.804688
 20
-67.153697
  0
POINT
  8
3
 10
-59064.394531
 20
-67.155337
  0
POINT
  8
3
 10
-59053.984375
 20
-67.156968
  0
POINT
  8
3
 10
-59043.769531
 20
-67.158556
  0
POINT
  8
3
 10
-59033.593750
 20
-67.160115
  0
POINT
  8
3
 10
-59023.720703
 20
-67.161622
  0
POINT
  8
3
 10
-59009.482422
 20
-67.163820
  0
POINT
  8
3
 10
-58999.306641
 20
-67.165403
  0
POINT
  8
3
 10
-58988.935547
 20
-67.167015
  0
POINT
  8
3
 10
-58978.857422
 20
-67.168579
  0
POINT
  8
3
 10
-58968.691406
 20
-67.170153
  0
POINT
  8
3
 10
-58958.520508
 20
-67.171726
  0
POINT
  8
3
 10
-58948.261719
 20
-67.173319
  0
POINT
  8
3
 10
-58938.090820
 20
-67.174897
  0
POINT
  8
3
 10
-58927.919922
 20
-67.176480
  0
POINT
  8
3
 10
-58917.827148
 20
-67.178068
  0
POINT
  8
3
 10
-58907.651367
 20
-67.179680
  0
POINT
  8
3
 10
-58897.480469
 20
-67.181296
  0
POINT
  8
3
 10
-58887.309570
 20
-67.182908
  0
POINT
  8
3
 10
-58877.138672
 20
-67.184510
  0
POINT
  8
3
 10
-58866.855469
 20
-67.186117
  0
POINT
  8
3
 10
-58856.684570
 20
-67.187691
  0
POINT
  8
3
 10
-58846.513672
 20
-67.189264
  0
POINT
  8
3
 10
-58836.342773
 20
-67.190833
  0
POINT
  8
3
 10
-58826.284180
 20
-67.192392
  0
POINT
  8
3
 10
-58816.108398
 20
-67.193985
  0
POINT
  8
3
 10
-58805.937500
 20
-67.195582
  0
POINT
  8
3
 10
-58795.766602
 20
-67.197180
  0
POINT
  8
3
 10
-58785.532227
 20
-67.198792
  0
POINT
  8
3
 10
-58775.361328
 20
-67.200389
  0
POINT
  8
3
 10
-58765.190430
 20
-67.201982
  0
POINT
  8
3
 10
-58755.019531
 20
-67.203560
  0
POINT
  8
3
 10
-58745.000000
 20
-67.205100
  0
POINT
  8
3
 10
-58734.829102
 20
-67.206655
  0
POINT
  8
3
 10
-58724.658203
 20
-67.208204
  0
POINT
  8
3
 10
-58714.487305
 20
-67.209764
  0
POINT
  8
3
 10
-58704.277344
 20
-67.211347
  0
POINT
  8
3
 10
-58694.106445
 20
-67.212949
  0
POINT
  8
3
 10
-58683.935547
 20
-67.214556
  0
POINT
  8
3
 10
-58673.769531
 20
-67.216148
  0
POINT
  8
3
 10
-58663.764648
 20
-67.217684
  0
POINT
  8
3
 10
-58653.593750
 20
-67.219229
  0
POINT
  8
3
 10
-58643.422852
 20
-67.220778
  0
POINT
  8
3
 10
-58633.222656
 20
-67.222342
  0
POINT
  8
3
 10
-58623.051758
 20
-67.223926
  0
POINT
  8
3
 10
-58612.880859
 20
-67.225528
  0
POINT
  8
3
 10
-58602.534180
 20
-67.227163
  0
POINT
  8
3
 10
-58592.363281
 20
-67.228780
  0
POINT
  8
3
 10
-58582.192383
 20
-67.230387
  0
POINT
  8
3
 10
-58572.021484
 20
-67.231979
  0
POINT
  8
3
 10
-58561.757813
 20
-67.233562
  0
POINT
  8
3
 10
-58551.586914
 20
-67.235122
  0
POINT
  8
3
 10
-58541.416016
 20
-67.236700
  0
POINT
  8
3
 10
-58531.372070
 20
-67.238307
  0
POINT
  8
3
 10
-58520.971680
 20
-78.116002
  0
POINT
  8
3
 10
-58520.961914
 20
-88.616486
  0
POINT
  8
3
 10
-58520.957031
 20
-98.853884
  0
POINT
  8
3
 10
-58531.489258
 20
-103.272123
  0
POINT
  8
3
 10
-58541.572266
 20
-103.272123
  0
POINT
  8
3
 10
-58551.757813
 20
-103.272123
  0
POINT
  8
3
 10
-58561.738281
 20
-103.272123
  0
POINT
  8
3
 10
-58565.952148
 20
-103.272123
  0
POINT
  8
3
 10
-58571.953125
 20
-103.272123
  0
POINT
  8
3
 10
-58582.416992
 20
-103.272133
  0
POINT
  8
3
 10
-58592.641602
 20
-103.272142
  0
POINT
  8
3
 10
-58602.978516
 20
-103.272161
  0
POINT
  8
3
 10
-58613.227539
 20
-103.272200
  0
POINT
  8
3
 10
-58623.476563
 20
-103.272219
  0
POINT
  8
3
 10
-58633.750000
 20
-103.272228
  0
POINT
  8
3
 10
-58643.999023
 20
-103.272209
  0
POINT
  8
3
 10
-58654.248047
 20
-103.272171
  0
POINT
  8
3
 10
-58664.526367
 20
-103.272142
  0
POINT
  8
3
 10
-58674.775391
 20
-103.272133
  0
POINT
  8
3
 10
-58685.024414
 20
-103.272133
  0
POINT
  8
3
 10
-58695.332031
 20
-103.272161
  0
POINT
  8
3
 10
-58705.581055
 20
-103.272190
  0
POINT
  8
3
 10
-58715.830078
 20
-103.272219
  0
POINT
  8
3
 10
-58726.137695
 20
-103.272228
  0
POINT
  8
3
 10
-58736.386719
 20
-103.272209
  0
POINT
  8
3
 10
-58746.635742
 20
-103.272171
  0
POINT
  8
3
 10
-58756.914063
 20
-103.272152
  0
POINT
  8
3
 10
-58767.075195
 20
-103.272133
  0
POINT
  8
3
 10
-58776.962891
 20
-103.272123
  0
POINT
  8
3
 10
-58779.951172
 20
-103.272123
  0
POINT
  8
3
 10
-58790.483398
 20
-103.272123
  0
POINT
  8
3
 10
-58800.815430
 20
-103.272123
  0
POINT
  8
3
 10
-58811.020508
 20
-103.272123
  0
POINT
  8
3
 10
-58821.123047
 20
-103.272123
  0
POINT
  8
3
 10
-58831.225586
 20
-103.272133
  0
POINT
  8
3
 10
-58841.328125
 20
-103.272152
  0
POINT
  8
3
 10
-58851.416016
 20
-103.272181
  0
POINT
  8
3
 10
-58861.518555
 20
-103.272209
  0
POINT
  8
3
 10
-58871.621094
 20
-103.272228
  0
POINT
  8
3
 10
-58881.899414
 20
-103.272209
  0
POINT
  8
3
 10
-58892.001953
 20
-103.272190
  0
POINT
  8
3
 10
-58902.104492
 20
-103.272171
  0
POINT
  8
3
 10
-58912.382813
 20
-103.272181
  0
POINT
  8
3
 10
-58922.485352
 20
-103.272209
  0
POINT
  8
3
 10
-58932.587891
 20
-103.272228
  0
POINT
  8
3
 10
-58942.866211
 20
-103.272219
  0
POINT
  8
3
 10
-58952.968750
 20
-103.272190
  0
POINT
  8
3
 10
-58963.066406
 20
-103.272152
  0
POINT
  8
3
 10
-58973.339844
 20
-103.272133
  0
POINT
  8
3
 10
-58983.442383
 20
-103.272123
  0
POINT
  8
3
 10
-58993.544922
 20
-103.272123
  0
POINT
  8
3
 10
-59003.696289
 20
-103.272123
  0
POINT
  8
3
 10
-59013.671875
 20
-103.272123
  0
POINT
  8
3
 10
-59019.897461
 20
-103.272123
  0
POINT
  8
3
 10
-59030.385742
 20
-103.272123
  0
POINT
  8
3
 10
-59040.683594
 20
-103.272123
  0
POINT
  8
3
 10
-59050.937500
 20
-103.272123
  0
POINT
  8
3
 10
-59061.093750
 20
-103.272123
  0
POINT
  8
3
 10
-59071.181641
 20
-103.272123
  0
POINT
  8
3
 10
-59081.264648
 20
-103.272123
  0
POINT
  8
3
 10
-59091.591797
 20
-103.272123
  0
POINT
  8
3
 10
-59101.674805
 20
-103.272123
  0
POINT
  8
3
 10
-59111.762695
 20
-103.272123
  0
POINT
  8
3
 10
-59122.099609
 20
-103.272123
  0
POINT
  8
3
 10
-59132.182617
 20
-103.272123
  0
POINT
  8
3
 10
-59142.270508
 20
-103.272123
  0
POINT
  8
3
 10
-59152.607422
 20
-103.272123
  0
POINT
  8
3
 10
-59162.690430
 20
-103.272123
  0
POINT
  8
3
 10
-59172.773438
 20
-103.272123
  0
POINT
  8
3
 10
-59183.110352
 20
-103.272123
  0
POINT
  8
3
 10
-59193.198242
 20
-103.272123
  0
POINT
  8
3
 10
-59203.281250
 20
-103.272123
  0
POINT
  8
3
 10
-59213.627930
 20
-103.272123
  0
POINT
  8
3
 10
-59223.710938
 20
-103.272123
  0
POINT
  8
3
 10
-59233.798828
 20
-103.272123
  0
POINT
  8
3
 10
-59243.896484
 20
-103.272123
  0
POINT
  8
3
 10
-59253.891602
 20
-103.272123
  0
POINT
  8
3
 10
-59259.843750
 20
-103.272123
  0
POINT
  8
4
 10
-58565.952148
 20
-103.272123
 30
1.000000
 50
 90.00
  0
TEXT
  8
4
 10
-58565.952148
 20
-103.272123
 40
0.000000
 50
0.000000
  1
# 592
  0
POINT
  8
4
 10
-58571.953125
 20
-103.272123
 30
1.000000
 50
 90.00
  0
TEXT
  8
4
 10
-58571.953125
 20
-103.272123
 40
0.000000
 50
0.000000
  1
# 593
  0
POINT
  8
4
 10
-58779.951172
 20
-103.272123
 30
1.000000
 50
 90.00
  0
TEXT
  8
4
 10
-58779.951172
 20
-103.272123
 40
0.000000
 50
0.000000
  1
# 594
  0
POINT
  8
4
 10
-59019.897461
 20
-103.272123
 30
1.000000
 50
 90.00
  0
TEXT
  8
4
 10
-59019.897461
 20
-103.272123
 40
0.000000
 50
0.000000
  1
# 595
  0
POINT
  8
4
 10
-59259.843750
 20
-103.272123
 30
1.000000
 50
 90.00
  0
TEXT
  8
4
 10
-59259.843750
 20
-103.272123
 40
0.000000
 50
0.000000
  1
# 596
  0
POLYLINE
  8
8
  66
1
  70
0
  0
VERTEX
  8
8
  10
-59019.897461
  20
-103.272123
  0
VERTEX
  8
8
  10
-59019.897461
  20
-67.162199
  0
SEQEND
  8
8
  0
POINT
  8
2
 10
-59019.897461
 20
-103.272123
  0
TEXT
  8
2
 10
-59019.897461
 20
-103.272123
 40
0.000000
 50
0.000000
  1
# 597
  0
POINT
  8
2
 10
-59019.897461
 20
-67.162199
  0
TEXT
  8
2
 10
-59019.897461
 20
-67.162199
 40
0.000000
 50
0.000000
  1
# 598
 0
LINE
 8
7
 10
-59262.958984
 20
-89.613838
 11
-58732.719727
 21
-89.613838
  0
TEXT
  8
1
 10
-58994.396973
 20
-85.182424
 40
10.000000
 50
0.000000
  1
Piece Name: 26SMC-WP117M 展_腰_175/84
  0
TEXT
  8
1
 10
-58994.396973
 20
-70.182424
 40
10.000000
 50
0.000000
  1
Size: 175/84
  0
TEXT
  8
1
 10
-58994.396973
 20
-55.182424
 40
10.000000
 50
0.000000
  1
Annotation: 
  0
TEXT
  8
1
 10
-58994.396973
 20
-40.182424
 40
10.000000
 50
0.000000
  1
Quantity: 1
  0
TEXT
  8
1
 10
-58994.396973
 20
-25.182424
 40
10.000000
 50
0.000000
  1
Material: 净
  0
TEXT
  8
1
 10
-58994.396973
 20
-25.182424
 40
10.000000
 50
0.000000
  1
Category: 22
0
ENDBLK
0
BLOCK
  8
1
  2
26SMC-WP117M 展_手机袋_175/84
 70
0
 10
0.0
 20
0.0
  0
POLYLINE
  8
1
  66
1
  70
1
  0
VERTEX
  8
1
  10
-59999.482422
  20
-431.191940
  0
VERTEX
  8
1
  10
-59901.831055
  20
-407.527428
  0
VERTEX
  8
1
  10
-59865.922852
  20
-574.761620
  0
VERTEX
  8
1
  10
-59966.347656
  20
-574.761620
  0
SEQEND
  8
1
  0
POINT
  8
2
 10
-59999.482422
 20
-431.191940
  0
TEXT
  8
2
 10
-59999.482422
 20
-431.191940
 40
0.000000
 50
0.000000
  1
# 599
  0
POINT
  8
2
 10
-59901.831055
 20
-407.527428
  0
TEXT
  8
2
 10
-59901.831055
 20
-407.527428
 40
0.000000
 50
0.000000
  1
# 600
  0
POINT
  8
2
 10
-59865.922852
 20
-574.761620
  0
TEXT
  8
2
 10
-59865.922852
 20
-574.761620
 40
0.000000
 50
0.000000
  1
# 601
  0
POINT
  8
2
 10
-59966.347656
 20
-574.761620
  0
TEXT
  8
2
 10
-59966.347656
 20
-574.761620
 40
0.000000
 50
0.000000
  1
# 602
 0
LINE
 8
7
 10
-59925.747070
 20
-452.064552
 11
-59925.747070
 21
-544.039307
  0
TEXT
  8
1
 10
-59932.702637
 20
-491.144524
 40
10.000000
 50
0.000000
  1
Piece Name: 26SMC-WP117M 展_手机袋_175/84
  0
TEXT
  8
1
 10
-59932.702637
 20
-476.144524
 40
10.000000
 50
0.000000
  1
Size: 175/84
  0
TEXT
  8
1
 10
-59932.702637
 20
-461.144524
 40
10.000000
 50
0.000000
  1
Annotation: 
  0
TEXT
  8
1
 10
-59932.702637
 20
-446.144524
 40
10.000000
 50
0.000000
  1
Quantity: 1
  0
TEXT
  8
1
 10
-59932.702637
 20
-431.144524
 40
10.000000
 50
0.000000
  1
Material: 净
  0
TEXT
  8
1
 10
-59932.702637
 20
-431.144524
 40
10.000000
 50
0.000000
  1
Category: 23
0
ENDBLK
0
BLOCK
  8
1
  2
26SMC-WP117M 展_手机袋_175/84
 70
0
 10
0.0
 20
0.0
  0
POLYLINE
  8
1
  66
1
  70
1
  0
VERTEX
  8
1
  10
-59996.694336
  20
-645.350952
  0
VERTEX
  8
1
  10
-59879.301758
  20
-616.902962
  0
VERTEX
  8
1
  10
-59836.542969
  20
-816.054230
  0
VERTEX
  8
1
  10
-59957.294922
  20
-816.054230
  0
SEQEND
  8
1
  0
POINT
  8
2
 10
-59996.694336
 20
-645.350952
  0
TEXT
  8
2
 10
-59996.694336
 20
-645.350952
 40
0.000000
 50
0.000000
  1
# 603
  0
POINT
  8
2
 10
-59879.301758
 20
-616.902962
  0
TEXT
  8
2
 10
-59879.301758
 20
-616.902962
 40
0.000000
 50
0.000000
  1
# 604
  0
POINT
  8
2
 10
-59836.542969
 20
-816.054230
  0
TEXT
  8
2
 10
-59836.542969
 20
-816.054230
 40
0.000000
 50
0.000000
  1
# 605
  0
POINT
  8
2
 10
-59957.294922
 20
-816.054230
  0
TEXT
  8
2
 10
-59957.294922
 20
-816.054230
 40
0.000000
 50
0.000000
  1
# 606
  0
POLYLINE
  8
14
  66
1
  70
1
  0
VERTEX
  8
14
  10
-59982.475586
  20
-662.484512
  0
VERTEX
  8
14
  10
-59884.824219
  20
-638.820000
  0
VERTEX
  8
14
  10
-59848.916016
  20
-806.054230
  0
VERTEX
  8
14
  10
-59949.340820
  20
-806.054230
  0
SEQEND
  8
14
  0
POINT
  8
2
 10
-59982.475586
 20
-662.484512
  0
TEXT
  8
2
 10
-59982.475586
 20
-662.484512
 40
0.000000
 50
0.000000
  1
# 607
  0
POINT
  8
2
 10
-59884.824219
 20
-638.820000
  0
TEXT
  8
2
 10
-59884.824219
 20
-638.820000
 40
0.000000
 50
0.000000
  1
# 608
  0
POINT
  8
2
 10
-59848.916016
 20
-806.054230
  0
TEXT
  8
2
 10
-59848.916016
 20
-806.054230
 40
0.000000
 50
0.000000
  1
# 609
  0
POINT
  8
2
 10
-59949.340820
 20
-806.054230
  0
TEXT
  8
2
 10
-59949.340820
 20
-806.054230
 40
0.000000
 50
0.000000
  1
# 610
 0
LINE
 8
7
 10
-59929.926758
 20
-672.886353
 11
-59929.926758
 21
-786.440506
  0
TEXT
  8
1
 10
-59916.618652
 20
-716.478596
 40
10.000000
 50
0.000000
  1
Piece Name: 26SMC-WP117M 展_手机袋_175/84
  0
TEXT
  8
1
 10
-59916.618652
 20
-701.478596
 40
10.000000
 50
0.000000
  1
Size: 175/84
  0
TEXT
  8
1
 10
-59916.618652
 20
-686.478596
 40
10.000000
 50
0.000000
  1
Annotation: 
  0
TEXT
  8
1
 10
-59916.618652
 20
-671.478596
 40
10.000000
 50
0.000000
  1
Quantity: 1
  0
TEXT
  8
1
 10
-59916.618652
 20
-656.478596
 40
10.000000
 50
0.000000
  1
Material: TC
  0
TEXT
  8
1
 10
-59916.618652
 20
-656.478596
 40
10.000000
 50
0.000000
  1
Category: 24
0
ENDBLK
  0
ENDSEC
  0
SECTION
  2
ENTITIES
  0
INSERT
  8
1
  2
26SMC-WP117M 展_后片_175/84
  10
-61649.513857
  20
-163.736765
  0
INSERT
  8
1
  2
26SMC-WP117M 展_后袋开线衬_175/84
  10
-62881.020476
  20
-68.974052
  0
INSERT
  8
1
  2
26SMC-WP117M 展_前袋布_175/84
  10
-60203.720177
  20
-665.026068
  0
INSERT
  8
1
  2
26SMC-WP117M 展_左前片_175/84
  10
-60574.593181
  20
-248.462673
  0
INSERT
  8
1
  2
26SMC-WP117M 展_右前片_175/84
  10
-61060.438893
  20
-193.415573
  0
INSERT
  8
1
  2
26SMC-WP117M 展_前原_175/84
  10
-61075.552959
  20
1491.941072
  0
INSERT
  8
1
  2
26SMC-WP117M 展_后片_175/84
  10
-61676.486513
  20
1538.607379
  0
INSERT
  8
1
  2
26SMC-WP117M 展_后袋布_175/84
  10
-62067.123897
  20
-452.156442
  0
INSERT
  8
1
  2
26SMC-WP117M 展_后袋开线_175/84
  10
-62050.039062
  20
-81.320401
  0
INSERT
  8
1
  2
26SMC-WP117M 展_后袋垫_175/84
  10
-62040.239258
  20
61.463107
  0
INSERT
  8
1
  2
26SMC-WP117M 展_耳仔_175/84
  10
-61479.306641
  20
472.852211
  0
INSERT
  8
1
  2
26SMC-WP117M 展_双刀_175/84
  10
-59457.046860
  20
-729.858645
  0
INSERT
  8
1
  2
26SMC-WP117M 展_双刀_175/84
  10
-59906.636301
  20
-1020.612101
  0
INSERT
  8
1
  2
26SMC-WP117M 展_单刀_175/84
  10
-60014.212593
  20
-966.393029
  0
INSERT
  8
1
  2
26SMC-WP117M 展_单刀_175/84
  10
-59297.157158
  20
-696.776708
  0
INSERT
  8
1
  2
26SMC-WP117M 展_前中扣袢_175/84
  10
-61378.642554
  20
550.230449
  0
INSERT
  8
1
  2
26SMC-WP117M 展_里扣定_175/84
  10
-60654.548181
  20
433.687741
  0
INSERT
  8
1
  2
26SMC-WP117M 展_腰_175/84
  10
-62707.944360
  20
91.383400
  0
INSERT
  8
1
  2
26SMC-WP117M 展_腰_175/84
  10
-61334.669600
  20
357.643357
  0
INSERT
  8
1
  2
26SMC-WP117M 展_表袋_175/84
  10
-60226.435473
  20
-235.935147
  0
INSERT
  8
1
  2
26SMC-WP117M 展_前袋贴_175/84
  10
-60303.482646
  20
60.510420
  0
INSERT
  8
1
  2
26SMC-WP117M 展_前袋垫_175/84
  10
-60184.558515
  20
92.099133
  0
INSERT
  8
1
  2
26SMC-WP117M 展_腰_175/84
  10
-58958.795576
  20
-91.236410
  0
INSERT
  8
1
  2
26SMC-WP117M 展_手机袋_175/84
  10
-59933.395996
  20
-497.060652
  0
INSERT
  8
1
  2
26SMC-WP117M 展_手机袋_175/84
  10
-59916.389160
  20
-728.353243
  0
TEXT
  8
1
 10
-60885.200195
 20
-1067.983932
 40
10.000000
 50
0.000000
  1
STYLE NAME: 26SMC-WP117M 展
  0
TEXT
  8
1
 10
-60885.200195
 20
-1082.983932
 40
10.000000
 50
0.000000
  1
CREATION DATE: 2025/3/27/17/31
  0
TEXT
  8
1
 10
-60885.200195
 20
-1097.983932
 40
10.000000
 50
0.000000
  1
AUTHOR: BUYI-TECH
  0
TEXT
  8
1
 10
-60885.200195
 20
-1112.983932
 40
10.000000
 50
0.000000
  1
SAMPLE SIZE: 175/84
  0
TEXT
  8
1
 10
-60885.200195
 20
-1127.983932
 40
10.000000
 50
0.000000
  1
GRADE RULE TABLE: 26SMC-WP117M 展
  0
TEXT
  8
1
 10
-60885.200195
 20
-1142.983932
 40
10.000000
 50
0.000000
  1
UNITS: METRIC
  0
ENDSEC
  0
EOF
