999
ANSI/AAMA
  0
SECTION
  2
BLOCKS
0
BLOCK
  8
1
  2
26SMC-WP186M展_前袋口
 70
0
 10
0.0
 20
0.0
  0
POLYLINE
  8
1
  66
1
  70
1
  0
VERTEX
  8
1
  10
308.344231
  20
-58.032517
  0
VERTEX
  8
1
  10
372.752245
  20
-58.032521
  0
VERTEX
  8
1
  10
424.385180
  20
-58.032520
  0
VERTEX
  8
1
  10
474.954563
  20
-58.032510
  0
VERTEX
  8
1
  10
516.437808
  20
-58.032507
  0
VERTEX
  8
1
  10
511.600744
  20
-78.032543
  0
VERTEX
  8
1
  10
516.437808
  20
-98.032537
  0
VERTEX
  8
1
  10
474.954563
  20
-98.032534
  0
VERTEX
  8
1
  10
424.385180
  20
-98.032524
  0
VERTEX
  8
1
  10
372.752245
  20
-98.032523
  0
VERTEX
  8
1
  10
308.344231
  20
-98.032528
  0
VERTEX
  8
1
  10
308.344269
  20
-78.032522
  0
SEQEND
  8
1
  0
POINT
  8
2
 10
308.344231
 20
-58.032517
  0
TEXT
  8
2
 10
308.344231
 20
-58.032517
 40
0.000000
 50
0.000000
  1
# 1
  0
POINT
  8
2
 10
516.437808
 20
-58.032507
  0
TEXT
  8
2
 10
516.437808
 20
-58.032507
 40
0.000000
 50
0.000000
  1
# 2
  0
POINT
  8
2
 10
511.600744
 20
-78.032543
  0
TEXT
  8
2
 10
511.600744
 20
-78.032543
 40
0.000000
 50
0.000000
  1
# 3
  0
POINT
  8
2
 10
516.437808
 20
-98.032537
  0
TEXT
  8
2
 10
516.437808
 20
-98.032537
 40
0.000000
 50
0.000000
  1
# 4
  0
POINT
  8
2
 10
308.344231
 20
-98.032528
  0
TEXT
  8
2
 10
308.344231
 20
-98.032528
 40
0.000000
 50
0.000000
  1
# 5
  0
POINT
  8
2
 10
308.344269
 20
-78.032522
  0
TEXT
  8
2
 10
308.344269
 20
-78.032522
 40
0.000000
 50
0.000000
  1
# 6
  0
POINT
  8
3
 10
372.752245
 20
-58.032521
  0
POINT
  8
3
 10
424.385180
 20
-58.032520
  0
POINT
  8
3
 10
474.954563
 20
-58.032510
  0
POINT
  8
3
 10
474.954563
 20
-98.032534
  0
POINT
  8
3
 10
424.385180
 20
-98.032524
  0
POINT
  8
3
 10
372.752245
 20
-98.032523
  0
POLYLINE
  8
14
  66
1
  70
1
  0
VERTEX
  8
14
  10
318.344269
  20
-68.032517
  0
VERTEX
  8
14
  10
372.752244
  20
-68.032521
  0
VERTEX
  8
14
  10
424.385182
  20
-68.032520
  0
VERTEX
  8
14
  10
474.954565
  20
-68.032510
  0
VERTEX
  8
14
  10
503.730965
  20
-68.032513
  0
VERTEX
  8
14
  10
501.312561
  20
-78.033066
  0
VERTEX
  8
14
  10
502.772167
  20
-84.203128
  0
VERTEX
  8
14
  10
503.734398
  20
-88.032537
  0
VERTEX
  8
14
  10
501.724111
  20
-88.032536
  0
VERTEX
  8
14
  10
491.732953
  20
-88.032536
  0
VERTEX
  8
14
  10
481.618551
  20
-88.032535
  0
VERTEX
  8
14
  10
471.288044
  20
-88.032534
  0
VERTEX
  8
14
  10
461.124625
  20
-88.032532
  0
VERTEX
  8
14
  10
450.961205
  20
-88.032530
  0
VERTEX
  8
14
  10
440.947801
  20
-88.032527
  0
VERTEX
  8
14
  10
430.784376
  20
-88.032525
  0
VERTEX
  8
14
  10
420.620949
  20
-88.032524
  0
VERTEX
  8
14
  10
410.289072
  20
-88.032523
  0
VERTEX
  8
14
  10
400.125643
  20
-88.032522
  0
VERTEX
  8
14
  10
389.962215
  20
-88.032522
  0
VERTEX
  8
14
  10
379.904284
  20
-88.032523
  0
VERTEX
  8
14
  10
369.740858
  20
-88.032524
  0
VERTEX
  8
14
  10
359.577433
  20
-88.032525
  0
VERTEX
  8
14
  10
349.485914
  20
-88.032526
  0
VERTEX
  8
14
  10
339.152701
  20
-88.032526
  0
VERTEX
  8
14
  10
328.742996
  20
-88.032527
  0
VERTEX
  8
14
  10
318.344250
  20
-88.013096
  0
VERTEX
  8
14
  10
318.344269
  20
-78.032522
  0
SEQEND
  8
14
  0
POINT
  8
2
 10
318.344269
 20
-68.032517
  0
TEXT
  8
2
 10
318.344269
 20
-68.032517
 40
0.000000
 50
0.000000
  1
# 7
  0
POINT
  8
2
 10
503.730965
 20
-68.032513
  0
TEXT
  8
2
 10
503.730965
 20
-68.032513
 40
0.000000
 50
0.000000
  1
# 8
  0
POINT
  8
2
 10
501.312561
 20
-78.033066
  0
TEXT
  8
2
 10
501.312561
 20
-78.033066
 40
0.000000
 50
0.000000
  1
# 9
  0
POINT
  8
2
 10
503.734398
 20
-88.032537
  0
TEXT
  8
2
 10
503.734398
 20
-88.032537
 40
0.000000
 50
0.000000
  1
# 10
  0
POINT
  8
2
 10
318.344250
 20
-88.013096
  0
TEXT
  8
2
 10
318.344250
 20
-88.013096
 40
0.000000
 50
0.000000
  1
# 11
  0
POINT
  8
2
 10
318.344269
 20
-78.032522
  0
TEXT
  8
2
 10
318.344269
 20
-78.032522
 40
0.000000
 50
0.000000
  1
# 12
  0
POINT
  8
3
 10
372.752244
 20
-68.032521
  0
POINT
  8
3
 10
424.385182
 20
-68.032520
  0
POINT
  8
3
 10
474.954565
 20
-68.032510
  0
POINT
  8
3
 10
502.772167
 20
-84.203128
  0
POINT
  8
3
 10
501.724111
 20
-88.032536
  0
POINT
  8
3
 10
491.732953
 20
-88.032536
  0
POINT
  8
3
 10
481.618551
 20
-88.032535
  0
POINT
  8
3
 10
471.288044
 20
-88.032534
  0
POINT
  8
3
 10
461.124625
 20
-88.032532
  0
POINT
  8
3
 10
450.961205
 20
-88.032530
  0
POINT
  8
3
 10
440.947801
 20
-88.032527
  0
POINT
  8
3
 10
430.784376
 20
-88.032525
  0
POINT
  8
3
 10
420.620949
 20
-88.032524
  0
POINT
  8
3
 10
410.289072
 20
-88.032523
  0
POINT
  8
3
 10
400.125643
 20
-88.032522
  0
POINT
  8
3
 10
389.962215
 20
-88.032522
  0
POINT
  8
3
 10
379.904284
 20
-88.032523
  0
POINT
  8
3
 10
369.740858
 20
-88.032524
  0
POINT
  8
3
 10
359.577433
 20
-88.032525
  0
POINT
  8
3
 10
349.485914
 20
-88.032526
  0
POINT
  8
3
 10
339.152701
 20
-88.032526
  0
POINT
  8
3
 10
328.742996
 20
-88.032527
  0
POLYLINE
  8
8
  66
1
  70
0
  0
VERTEX
  8
8
  10
318.344269
  20
-78.032522
  0
VERTEX
  8
8
  10
372.177230
  20
-78.032509
  0
VERTEX
  8
8
  10
423.030378
  20
-78.032510
  0
VERTEX
  8
8
  10
473.161318
  20
-78.032508
  0
VERTEX
  8
8
  10
501.315041
  20
-78.032503
  0
SEQEND
  8
8
  0
POINT
  8
2
 10
318.344269
 20
-78.032522
  0
TEXT
  8
2
 10
318.344269
 20
-78.032522
 40
0.000000
 50
0.000000
  1
# 13
  0
POINT
  8
2
 10
501.315041
 20
-78.032503
  0
TEXT
  8
2
 10
501.315041
 20
-78.032503
 40
0.000000
 50
0.000000
  1
# 14
  0
POINT
  8
3
 10
372.177230
 20
-78.032509
  0
POINT
  8
3
 10
423.030378
 20
-78.032510
  0
POINT
  8
3
 10
473.161318
 20
-78.032508
  0
POLYLINE
  8
8
  66
1
  70
0
  0
VERTEX
  8
8
  10
318.295689
  20
-68.032527
  0
VERTEX
  8
8
  10
343.512001
  20
-78.061461
  0
SEQEND
  8
8
  0
POINT
  8
2
 10
318.295689
 20
-68.032527
  0
TEXT
  8
2
 10
318.295689
 20
-68.032527
 40
0.000000
 50
0.000000
  1
# 15
  0
POINT
  8
2
 10
343.512001
 20
-78.061461
  0
TEXT
  8
2
 10
343.512001
 20
-78.061461
 40
0.000000
 50
0.000000
  1
# 16
  0
POLYLINE
  8
8
  66
1
  70
0
  0
VERTEX
  8
8
  10
318.295689
  20
-88.032517
  0
VERTEX
  8
8
  10
327.762164
  20
-84.212417
  0
VERTEX
  8
8
  10
337.133797
  20
-80.497026
  0
VERTEX
  8
8
  10
343.512001
  20
-78.003583
  0
SEQEND
  8
8
  0
POINT
  8
2
 10
318.295689
 20
-88.032517
  0
TEXT
  8
2
 10
318.295689
 20
-88.032517
 40
0.000000
 50
0.000000
  1
# 17
  0
POINT
  8
2
 10
343.512001
 20
-78.003583
  0
TEXT
  8
2
 10
343.512001
 20
-78.003583
 40
0.000000
 50
0.000000
  1
# 18
  0
POINT
  8
3
 10
327.762164
 20
-84.212417
  0
POINT
  8
3
 10
337.133797
 20
-80.497026
 0
LINE
 8
7
 10
400.796852
 20
-83.457279
 11
430.449867
 21
-83.457279
  0
TEXT
  8
1
 10
412.391019
 20
-78.032522
 40
10.000000
 50
0.000000
  1
Piece Name: 26SMC-WP186M展_前袋口
  0
TEXT
  8
1
 10
412.391019
 20
-63.032522
 40
10.000000
 50
0.000000
  1
Size: 175/84
  0
TEXT
  8
1
 10
412.391019
 20
-48.032522
 40
10.000000
 50
0.000000
  1
Annotation: 
  0
TEXT
  8
1
 10
412.391019
 20
-33.032522
 40
10.000000
 50
0.000000
  1
Quantity: 1,1
  0
TEXT
  8
1
 10
412.391019
 20
-18.032522
 40
10.000000
 50
0.000000
  1
Material: 面
  0
TEXT
  8
1
 10
412.391019
 20
-18.032522
 40
10.000000
 50
0.000000
  1
Category: 0
0
ENDBLK
0
BLOCK
  8
1
  2
26SMC-WP186M展_双刀
 70
0
 10
0.0
 20
0.0
  0
POLYLINE
  8
1
  66
1
  70
1
  0
VERTEX
  8
1
  10
3914.458313
  20
-597.313805
  0
VERTEX
  8
1
  10
3912.062683
  20
-590.172081
  0
VERTEX
  8
1
  10
3922.268066
  20
-547.126236
  0
VERTEX
  8
1
  10
3912.062683
  20
-504.079361
  0
VERTEX
  8
1
  10
3915.464478
  20
-493.937759
  0
VERTEX
  8
1
  10
3912.110005
  20
-483.937778
  0
VERTEX
  8
1
  10
3914.458313
  20
-476.937752
  0
VERTEX
  8
1
  10
3948.489627
  20
-476.937752
  0
VERTEX
  8
1
  10
3998.416029
  20
-476.937752
  0
VERTEX
  8
1
  10
4048.648169
  20
-476.937752
  0
VERTEX
  8
1
  10
4102.338562
  20
-476.937752
  0
VERTEX
  8
1
  10
4102.338562
  20
-493.940086
  0
VERTEX
  8
1
  10
4102.338566
  20
-493.942460
  0
VERTEX
  8
1
  10
4102.340379
  20
-495.104159
  0
VERTEX
  8
1
  10
4102.421570
  20
-547.126236
  0
VERTEX
  8
1
  10
4102.343445
  20
-597.313805
  0
VERTEX
  8
1
  10
4070.340082
  20
-597.313805
  0
VERTEX
  8
1
  10
4019.596350
  20
-597.313805
  0
VERTEX
  8
1
  10
3968.406319
  20
-597.313805
  0
SEQEND
  8
1
  0
POINT
  8
2
 10
3914.458313
 20
-597.313805
  0
TEXT
  8
2
 10
3914.458313
 20
-597.313805
 40
0.000000
 50
0.000000
  1
# 19
  0
POINT
  8
2
 10
3912.062683
 20
-590.172081
  0
TEXT
  8
2
 10
3912.062683
 20
-590.172081
 40
0.000000
 50
0.000000
  1
# 20
  0
POINT
  8
2
 10
3922.268066
 20
-547.126236
  0
TEXT
  8
2
 10
3922.268066
 20
-547.126236
 40
0.000000
 50
0.000000
  1
# 21
  0
POINT
  8
2
 10
3912.062683
 20
-504.079361
  0
TEXT
  8
2
 10
3912.062683
 20
-504.079361
 40
0.000000
 50
0.000000
  1
# 22
  0
POINT
  8
2
 10
3915.464478
 20
-493.937759
  0
TEXT
  8
2
 10
3915.464478
 20
-493.937759
 40
0.000000
 50
0.000000
  1
# 23
  0
POINT
  8
2
 10
3912.110005
 20
-483.937778
  0
TEXT
  8
2
 10
3912.110005
 20
-483.937778
 40
0.000000
 50
0.000000
  1
# 24
  0
POINT
  8
2
 10
3914.458313
 20
-476.937752
  0
TEXT
  8
2
 10
3914.458313
 20
-476.937752
 40
0.000000
 50
0.000000
  1
# 25
  0
POINT
  8
2
 10
4102.338562
 20
-476.937752
  0
TEXT
  8
2
 10
4102.338562
 20
-476.937752
 40
0.000000
 50
0.000000
  1
# 26
  0
POINT
  8
2
 10
4102.338562
 20
-493.940086
  0
TEXT
  8
2
 10
4102.338562
 20
-493.940086
 40
0.000000
 50
0.000000
  1
# 27
  0
POINT
  8
2
 10
4102.421570
 20
-547.126236
  0
TEXT
  8
2
 10
4102.421570
 20
-547.126236
 40
0.000000
 50
0.000000
  1
# 28
  0
POINT
  8
2
 10
4102.343445
 20
-597.313805
  0
TEXT
  8
2
 10
4102.343445
 20
-597.313805
 40
0.000000
 50
0.000000
  1
# 29
  0
POINT
  8
3
 10
3948.489627
 20
-476.937752
  0
POINT
  8
3
 10
3998.416029
 20
-476.937752
  0
POINT
  8
3
 10
4048.648169
 20
-476.937752
  0
POINT
  8
3
 10
4102.338566
 20
-493.942460
  0
POINT
  8
3
 10
4102.340379
 20
-495.104159
  0
POINT
  8
3
 10
4070.340082
 20
-597.313805
  0
POINT
  8
3
 10
4019.596350
 20
-597.313805
  0
POINT
  8
3
 10
3968.406319
 20
-597.313805
  0
POINT
  8
3
 10
4102.338566
 20
-493.942460
  0
TEXT
  8
3
 10
4102.338566
 20
-493.942460
 40
0.000000
 50
0.000000
  1
# 30
  0
POLYLINE
  8
8
  66
1
  70
0
  0
VERTEX
  8
8
  10
4105.338745
  20
-493.937759
  0
VERTEX
  8
8
  10
4026.822667
  20
-493.937759
  0
VERTEX
  8
8
  10
3973.378949
  20
-493.937759
  0
VERTEX
  8
8
  10
3920.595031
  20
-493.937759
  0
VERTEX
  8
8
  10
3912.300415
  20
-493.937759
  0
SEQEND
  8
8
  0
POINT
  8
2
 10
4105.338745
 20
-493.937759
  0
TEXT
  8
2
 10
4105.338745
 20
-493.937759
 40
0.000000
 50
0.000000
  1
# 31
  0
POINT
  8
2
 10
3912.300415
 20
-493.937759
  0
TEXT
  8
2
 10
3912.300415
 20
-493.937759
 40
0.000000
 50
0.000000
  1
# 32
  0
POINT
  8
3
 10
4026.822667
 20
-493.937759
  0
POINT
  8
3
 10
3973.378949
 20
-493.937759
  0
POINT
  8
3
 10
3920.595031
 20
-493.937759
 0
LINE
 8
7
 10
3984.771118
 20
-538.457108
 11
4071.941833
 21
-538.457108
  0
TEXT
  8
1
 10
4008.700562
 20
-537.125778
 40
10.000000
 50
0.000000
  1
Piece Name: 26SMC-WP186M展_双刀
  0
TEXT
  8
1
 10
4008.700562
 20
-522.125778
 40
10.000000
 50
0.000000
  1
Size: 175/84
  0
TEXT
  8
1
 10
4008.700562
 20
-507.125778
 40
10.000000
 50
0.000000
  1
Annotation: 
  0
TEXT
  8
1
 10
4008.700562
 20
-492.125778
 40
10.000000
 50
0.000000
  1
Quantity: 1
  0
TEXT
  8
1
 10
4008.700562
 20
-477.125778
 40
10.000000
 50
0.000000
  1
Material: 衬
  0
TEXT
  8
1
 10
4008.700562
 20
-477.125778
 40
10.000000
 50
0.000000
  1
Category: 1
0
ENDBLK
0
BLOCK
  8
1
  2
26SMC-WP186M展_单刀
 70
0
 10
0.0
 20
0.0
  0
POLYLINE
  8
1
  66
1
  70
1
  0
VERTEX
  8
1
  10
3953.910828
  20
-681.559906
  0
VERTEX
  8
1
  10
3951.215998
  20
-681.437650
  0
VERTEX
  8
1
  10
3942.680979
  20
-680.613660
  0
VERTEX
  8
1
  10
3935.430600
  20
-679.131849
  0
VERTEX
  8
1
  10
3928.776791
  20
-676.953845
  0
VERTEX
  8
1
  10
3923.317350
  20
-674.367311
  0
VERTEX
  8
1
  10
3918.800818
  20
-671.384425
  0
VERTEX
  8
1
  10
3915.120224
  20
-667.994730
  0
VERTEX
  8
1
  10
3911.785751
  20
-663.727899
  0
VERTEX
  8
1
  10
3908.795391
  20
-658.451875
  0
VERTEX
  8
1
  10
3906.111651
  20
-651.834923
  0
VERTEX
  8
1
  10
3903.816515
  20
-643.635399
  0
VERTEX
  8
1
  10
3901.735840
  20
-631.561661
  0
VERTEX
  8
1
  10
3922.360492
  20
-631.561661
  0
VERTEX
  8
1
  10
3972.727498
  20
-631.561661
  0
VERTEX
  8
1
  10
4022.812689
  20
-631.561661
  0
VERTEX
  8
1
  10
4076.535339
  20
-631.561661
  0
VERTEX
  8
1
  10
4080.281372
  20
-681.536102
  0
VERTEX
  8
1
  10
4058.277309
  20
-681.539377
  0
VERTEX
  8
1
  10
4007.244960
  20
-681.548991
  0
SEQEND
  8
1
  0
POINT
  8
2
 10
3953.910828
 20
-681.559906
  0
TEXT
  8
2
 10
3953.910828
 20
-681.559906
 40
0.000000
 50
0.000000
  1
# 33
  0
POINT
  8
2
 10
3901.735840
 20
-631.561661
  0
TEXT
  8
2
 10
3901.735840
 20
-631.561661
 40
0.000000
 50
0.000000
  1
# 34
  0
POINT
  8
2
 10
4076.535339
 20
-631.561661
  0
TEXT
  8
2
 10
4076.535339
 20
-631.561661
 40
0.000000
 50
0.000000
  1
# 35
  0
POINT
  8
2
 10
4080.281372
 20
-681.536102
  0
TEXT
  8
2
 10
4080.281372
 20
-681.536102
 40
0.000000
 50
0.000000
  1
# 36
  0
POINT
  8
3
 10
3951.215998
 20
-681.437650
  0
POINT
  8
3
 10
3942.680979
 20
-680.613660
  0
POINT
  8
3
 10
3935.430600
 20
-679.131849
  0
POINT
  8
3
 10
3928.776791
 20
-676.953845
  0
POINT
  8
3
 10
3923.317350
 20
-674.367311
  0
POINT
  8
3
 10
3918.800818
 20
-671.384425
  0
POINT
  8
3
 10
3915.120224
 20
-667.994730
  0
POINT
  8
3
 10
3911.785751
 20
-663.727899
  0
POINT
  8
3
 10
3908.795391
 20
-658.451875
  0
POINT
  8
3
 10
3906.111651
 20
-651.834923
  0
POINT
  8
3
 10
3903.816515
 20
-643.635399
  0
POINT
  8
3
 10
3922.360492
 20
-631.561661
  0
POINT
  8
3
 10
3972.727498
 20
-631.561661
  0
POINT
  8
3
 10
4022.812689
 20
-631.561661
  0
POINT
  8
3
 10
4058.277309
 20
-681.539377
  0
POINT
  8
3
 10
4007.244960
 20
-681.548991
 0
LINE
 8
7
 10
3960.438538
 20
-657.559967
 11
4051.591492
 21
-657.559967
  0
TEXT
  8
1
 10
3990.989685
 20
-656.560783
 40
10.000000
 50
0.000000
  1
Piece Name: 26SMC-WP186M展_单刀
  0
TEXT
  8
1
 10
3990.989685
 20
-641.560783
 40
10.000000
 50
0.000000
  1
Size: 175/84
  0
TEXT
  8
1
 10
3990.989685
 20
-626.560783
 40
10.000000
 50
0.000000
  1
Annotation: 
  0
TEXT
  8
1
 10
3990.989685
 20
-611.560783
 40
10.000000
 50
0.000000
  1
Quantity: 1
  0
TEXT
  8
1
 10
3990.989685
 20
-596.560783
 40
10.000000
 50
0.000000
  1
Material: 衬
  0
TEXT
  8
1
 10
3990.989685
 20
-596.560783
 40
10.000000
 50
0.000000
  1
Category: 2
0
ENDBLK
0
BLOCK
  8
1
  2
26SMC-WP186M展_前片中
 70
0
 10
0.0
 20
0.0
  0
POLYLINE
  8
1
  66
1
  70
1
  0
VERTEX
  8
1
  10
-430.917563
  20
317.409909
  0
VERTEX
  8
1
  10
-431.671102
  20
317.452837
  0
VERTEX
  8
1
  10
-484.193873
  20
320.444936
  0
VERTEX
  8
1
  10
-528.160744
  20
322.682288
  0
VERTEX
  8
1
  10
-534.852930
  20
323.022835
  0
VERTEX
  8
1
  10
-547.955617
  20
323.584990
  0
VERTEX
  8
1
  10
-601.423765
  20
319.065966
  0
VERTEX
  8
1
  10
-650.297580
  20
314.398009
  0
VERTEX
  8
1
  10
-659.720333
  20
360.849157
  0
VERTEX
  8
1
  10
-665.708115
  20
395.903346
  0
VERTEX
  8
1
  10
-669.603119
  20
423.981366
  0
VERTEX
  8
1
  10
-673.001224
  20
457.995829
  0
VERTEX
  8
1
  10
-675.136368
  20
492.054226
  0
VERTEX
  8
1
  10
-676.297878
  20
526.075557
  0
VERTEX
  8
1
  10
-676.718186
  20
546.912531
  0
VERTEX
  8
1
  10
-627.687788
  20
549.622706
  0
VERTEX
  8
1
  10
-575.614551
  20
552.241004
  0
VERTEX
  8
1
  10
-574.296903
  20
552.307257
  0
VERTEX
  8
1
  10
-565.107752
  20
554.108359
  0
VERTEX
  8
1
  10
-561.323055
  20
554.843724
  0
VERTEX
  8
1
  10
-557.472726
  20
554.562415
  0
VERTEX
  8
1
  10
-547.355258
  20
553.804725
  0
VERTEX
  8
1
  10
-546.844491
  20
553.759888
  0
VERTEX
  8
1
  10
-545.904881
  20
553.677404
  0
VERTEX
  8
1
  10
-530.729892
  20
552.837914
  0
VERTEX
  8
1
  10
-528.160744
  20
552.864976
  0
VERTEX
  8
1
  10
-518.896786
  20
552.962560
  0
VERTEX
  8
1
  10
-482.868068
  20
555.726893
  0
VERTEX
  8
1
  10
-431.847663
  20
559.764177
  0
VERTEX
  8
1
  10
-419.288953
  20
562.581966
  0
VERTEX
  8
1
  10
-374.195134
  20
573.337381
  0
VERTEX
  8
1
  10
-373.875590
  20
573.413596
  0
VERTEX
  8
1
  10
-362.619171
  20
576.234509
  0
VERTEX
  8
1
  10
-352.110858
  20
575.578584
  0
VERTEX
  8
1
  10
-350.679403
  20
575.814637
  0
VERTEX
  8
1
  10
-310.784796
  20
582.393432
  0
VERTEX
  8
1
  10
-308.221417
  20
564.707236
  0
VERTEX
  8
1
  10
-304.268745
  20
533.729013
  0
VERTEX
  8
1
  10
-300.774015
  20
499.964431
  0
VERTEX
  8
1
  10
-298.336502
  20
468.032215
  0
VERTEX
  8
1
  10
-296.901118
  20
433.758846
  0
VERTEX
  8
1
  10
-296.622306
  20
394.125660
  0
VERTEX
  8
1
  10
-297.829842
  20
322.716472
  0
VERTEX
  8
1
  10
-340.096845
  20
323.649003
  0
VERTEX
  8
1
  10
-392.844825
  20
319.950392
  0
VERTEX
  8
1
  10
-397.797455
  20
319.580577
  0
VERTEX
  8
1
  10
-399.140160
  20
319.480317
  0
VERTEX
  8
1
  10
-403.343763
  20
318.651465
  0
VERTEX
  8
1
  10
-414.609371
  20
316.418663
  0
VERTEX
  8
1
  10
-426.081232
  20
317.119315
  0
SEQEND
  8
1
  0
POINT
  8
2
 10
-430.917563
 20
317.409909
  0
TEXT
  8
2
 10
-430.917563
 20
317.409909
 40
0.000000
 50
0.000000
  1
# 37
  0
POINT
  8
2
 10
-547.955617
 20
323.584990
  0
TEXT
  8
2
 10
-547.955617
 20
323.584990
 40
0.000000
 50
0.000000
  1
# 38
  0
POINT
  8
2
 10
-650.297580
 20
314.398009
  0
TEXT
  8
2
 10
-650.297580
 20
314.398009
 40
0.000000
 50
0.000000
  1
# 39
  0
POINT
  8
2
 10
-676.718186
 20
546.912531
  0
TEXT
  8
2
 10
-676.718186
 20
546.912531
 40
0.000000
 50
0.000000
  1
# 40
  0
POINT
  8
2
 10
-574.296903
 20
552.307257
  0
TEXT
  8
2
 10
-574.296903
 20
552.307257
 40
0.000000
 50
0.000000
  1
# 41
  0
POINT
  8
2
 10
-547.355258
 20
553.804725
  0
TEXT
  8
2
 10
-547.355258
 20
553.804725
 40
0.000000
 50
0.000000
  1
# 42
  0
POINT
  8
2
 10
-431.847663
 20
559.764177
  0
TEXT
  8
2
 10
-431.847663
 20
559.764177
 40
0.000000
 50
0.000000
  1
# 43
  0
POINT
  8
2
 10
-373.875590
 20
573.413596
  0
TEXT
  8
2
 10
-373.875590
 20
573.413596
 40
0.000000
 50
0.000000
  1
# 44
  0
POINT
  8
2
 10
-352.110858
 20
575.578584
  0
TEXT
  8
2
 10
-352.110858
 20
575.578584
 40
0.000000
 50
0.000000
  1
# 45
  0
POINT
  8
2
 10
-310.784796
 20
582.393432
  0
TEXT
  8
2
 10
-310.784796
 20
582.393432
 40
0.000000
 50
0.000000
  1
# 46
  0
POINT
  8
2
 10
-297.829842
 20
322.716472
  0
TEXT
  8
2
 10
-297.829842
 20
322.716472
 40
0.000000
 50
0.000000
  1
# 47
  0
POINT
  8
2
 10
-340.096845
 20
323.649003
  0
TEXT
  8
2
 10
-340.096845
 20
323.649003
 40
0.000000
 50
0.000000
  1
# 48
  0
POINT
  8
2
 10
-399.140160
 20
319.480317
  0
TEXT
  8
2
 10
-399.140160
 20
319.480317
 40
0.000000
 50
0.000000
  1
# 49
  0
POINT
  8
3
 10
-431.671102
 20
317.452837
  0
POINT
  8
3
 10
-484.193873
 20
320.444936
  0
POINT
  8
3
 10
-528.160744
 20
322.682288
  0
POINT
  8
3
 10
-534.852930
 20
323.022835
  0
POINT
  8
3
 10
-601.423765
 20
319.065966
  0
POINT
  8
3
 10
-659.720333
 20
360.849157
  0
POINT
  8
3
 10
-665.708115
 20
395.903346
  0
POINT
  8
3
 10
-669.603119
 20
423.981366
  0
POINT
  8
3
 10
-673.001224
 20
457.995829
  0
POINT
  8
3
 10
-675.136368
 20
492.054226
  0
POINT
  8
3
 10
-676.297878
 20
526.075557
  0
POINT
  8
3
 10
-627.687788
 20
549.622706
  0
POINT
  8
3
 10
-575.614551
 20
552.241004
  0
POINT
  8
3
 10
-565.107752
 20
554.108359
  0
POINT
  8
3
 10
-561.323055
 20
554.843724
  0
POINT
  8
3
 10
-557.472726
 20
554.562415
  0
POINT
  8
3
 10
-546.844491
 20
553.759888
  0
POINT
  8
3
 10
-545.904881
 20
553.677404
  0
POINT
  8
3
 10
-530.729892
 20
552.837914
  0
POINT
  8
3
 10
-528.160744
 20
552.864976
  0
POINT
  8
3
 10
-518.896786
 20
552.962560
  0
POINT
  8
3
 10
-482.868068
 20
555.726893
  0
POINT
  8
3
 10
-419.288953
 20
562.581966
  0
POINT
  8
3
 10
-374.195134
 20
573.337381
  0
POINT
  8
3
 10
-362.619171
 20
576.234509
  0
POINT
  8
3
 10
-350.679403
 20
575.814637
  0
POINT
  8
3
 10
-308.221417
 20
564.707236
  0
POINT
  8
3
 10
-304.268745
 20
533.729013
  0
POINT
  8
3
 10
-300.774015
 20
499.964431
  0
POINT
  8
3
 10
-298.336502
 20
468.032215
  0
POINT
  8
3
 10
-296.901118
 20
433.758846
  0
POINT
  8
3
 10
-296.622306
 20
394.125660
  0
POINT
  8
3
 10
-392.844825
 20
319.950392
  0
POINT
  8
3
 10
-397.797455
 20
319.580577
  0
POINT
  8
3
 10
-403.343763
 20
318.651465
  0
POINT
  8
3
 10
-414.609371
 20
316.418663
  0
POINT
  8
3
 10
-426.081232
 20
317.119315
  0
POINT
  8
4
 10
-431.671102
 20
317.452837
 30
0.400000
 50
 82.42
  0
TEXT
  8
4
 10
-431.671102
 20
317.452837
 40
0.000000
 50
0.000000
  1
# 50
  0
POINT
  8
4
 10
-528.160744
 20
322.682288
 30
0.400000
 50
 90.00
  0
TEXT
  8
4
 10
-528.160744
 20
322.682288
 40
0.000000
 50
0.000000
  1
# 51
  0
POINT
  8
4
 10
-575.614551
 20
552.241004
 30
0.400000
 50
284.39
  0
TEXT
  8
4
 10
-575.614551
 20
552.241004
 40
0.000000
 50
0.000000
  1
# 52
  0
POINT
  8
4
 10
-546.844491
 20
553.759888
 30
0.400000
 50
262.41
  0
TEXT
  8
4
 10
-546.844491
 20
553.759888
 40
0.000000
 50
0.000000
  1
# 53
  0
POINT
  8
4
 10
-528.160744
 20
552.864976
 30
0.400000
 50
270.00
  0
TEXT
  8
4
 10
-528.160744
 20
552.864976
 40
0.000000
 50
0.000000
  1
# 54
  0
POINT
  8
4
 10
-374.195134
 20
573.337381
 30
0.400000
 50
285.62
  0
TEXT
  8
4
 10
-374.195134
 20
573.337381
 40
0.000000
 50
0.000000
  1
# 55
  0
POINT
  8
4
 10
-350.679403
 20
575.814637
 30
0.400000
 50
264.87
  0
TEXT
  8
4
 10
-350.679403
 20
575.814637
 40
0.000000
 50
0.000000
  1
# 56
  0
POINT
  8
4
 10
-397.797455
 20
319.580577
 30
0.400000
 50
105.29
  0
TEXT
  8
4
 10
-397.797455
 20
319.580577
 40
0.000000
 50
0.000000
  1
# 57
  0
POLYLINE
  8
14
  66
1
  70
1
  0
VERTEX
  8
14
  10
-430.348816
  20
327.393723
  0
VERTEX
  8
14
  10
-430.348816
  20
327.393723
  0
VERTEX
  8
14
  10
-483.653281
  20
330.430313
  0
VERTEX
  8
14
  10
-528.160744
  20
332.718887
  0
VERTEX
  8
14
  10
-534.408324
  20
333.012946
  0
VERTEX
  8
14
  10
-548.163223
  20
333.603096
  0
VERTEX
  8
14
  10
-602.332880
  20
329.024555
  0
VERTEX
  8
14
  10
-642.286835
  20
325.208435
  0
VERTEX
  8
14
  10
-649.889336
  20
362.679866
  0
VERTEX
  8
14
  10
-655.825160
  20
397.428860
  0
VERTEX
  8
14
  10
-659.676116
  20
425.187442
  0
VERTEX
  8
14
  10
-663.032937
  20
458.791599
  0
VERTEX
  8
14
  10
-665.147392
  20
492.523646
  0
VERTEX
  8
14
  10
-666.300448
  20
526.302298
  0
VERTEX
  8
14
  10
-666.525497
  20
537.460670
  0
VERTEX
  8
14
  10
-627.116146
  20
539.639058
  0
VERTEX
  8
14
  10
-573.077850
  20
542.355919
  0
VERTEX
  8
14
  10
-573.077850
  20
542.355919
  0
VERTEX
  8
14
  10
-563.184319
  20
544.295082
  0
VERTEX
  8
14
  10
-560.723267
  20
544.773254
  0
VERTEX
  8
14
  10
-558.219528
  20
544.590340
  0
VERTEX
  8
14
  10
-548.165932
  20
543.837433
  0
VERTEX
  8
14
  10
-548.165932
  20
543.837433
  0
VERTEX
  8
14
  10
-546.742462
  20
543.712543
  0
VERTEX
  8
14
  10
-530.947004
  20
542.840271
  0
VERTEX
  8
14
  10
-528.160744
  20
542.821655
  0
VERTEX
  8
14
  10
-518.496209
  20
542.970586
  0
VERTEX
  8
14
  10
-482.095064
  20
545.756815
  0
VERTEX
  8
14
  10
-430.351105
  20
549.851341
  0
VERTEX
  8
14
  10
-417.074346
  20
552.830273
  0
VERTEX
  8
14
  10
-371.500053
  20
563.699684
  0
VERTEX
  8
14
  10
-371.500053
  20
563.699684
  0
VERTEX
  8
14
  10
-361.693459
  20
566.157265
  0
VERTEX
  8
14
  10
-351.602364
  20
565.527382
  0
VERTEX
  8
14
  10
-351.602364
  20
565.527382
  0
VERTEX
  8
14
  10
-319.222336
  20
570.892220
  0
VERTEX
  8
14
  10
-318.124482
  20
563.318243
  0
VERTEX
  8
14
  10
-314.202093
  20
532.576366
  0
VERTEX
  8
14
  10
-310.733381
  20
499.063852
  0
VERTEX
  8
14
  10
-308.317933
  20
467.423080
  0
VERTEX
  8
14
  10
-306.898381
  20
433.524916
  0
VERTEX
  8
14
  10
-306.622095
  20
394.190640
  0
VERTEX
  8
14
  10
-307.658463
  20
332.935753
  0
VERTEX
  8
14
  10
-340.336800
  20
333.656731
  0
VERTEX
  8
14
  10
-393.584526
  20
329.922997
  0
VERTEX
  8
14
  10
-400.484581
  20
329.407768
  0
VERTEX
  8
14
  10
-400.484581
  20
329.407768
  0
VERTEX
  8
14
  10
-405.278282
  20
328.462563
  0
VERTEX
  8
14
  10
-415.287743
  20
326.478729
  0
VERTEX
  8
14
  10
-425.471611
  20
327.100716
  0
SEQEND
  8
14
  0
POINT
  8
2
 10
-430.348816
 20
327.393723
  0
TEXT
  8
2
 10
-430.348816
 20
327.393723
 40
0.000000
 50
0.000000
  1
# 58
  0
POINT
  8
2
 10
-548.163223
 20
333.603096
  0
TEXT
  8
2
 10
-548.163223
 20
333.603096
 40
0.000000
 50
0.000000
  1
# 59
  0
POINT
  8
2
 10
-642.286835
 20
325.208435
  0
TEXT
  8
2
 10
-642.286835
 20
325.208435
 40
0.000000
 50
0.000000
  1
# 60
  0
POINT
  8
2
 10
-666.525497
 20
537.460670
  0
TEXT
  8
2
 10
-666.525497
 20
537.460670
 40
0.000000
 50
0.000000
  1
# 61
  0
POINT
  8
2
 10
-573.077850
 20
542.355919
  0
TEXT
  8
2
 10
-573.077850
 20
542.355919
 40
0.000000
 50
0.000000
  1
# 62
  0
POINT
  8
2
 10
-548.165932
 20
543.837433
  0
TEXT
  8
2
 10
-548.165932
 20
543.837433
 40
0.000000
 50
0.000000
  1
# 63
  0
POINT
  8
2
 10
-430.351105
 20
549.851341
  0
TEXT
  8
2
 10
-430.351105
 20
549.851341
 40
0.000000
 50
0.000000
  1
# 64
  0
POINT
  8
2
 10
-371.500053
 20
563.699684
  0
TEXT
  8
2
 10
-371.500053
 20
563.699684
 40
0.000000
 50
0.000000
  1
# 65
  0
POINT
  8
2
 10
-351.602364
 20
565.527382
  0
TEXT
  8
2
 10
-351.602364
 20
565.527382
 40
0.000000
 50
0.000000
  1
# 66
  0
POINT
  8
2
 10
-319.222336
 20
570.892220
  0
TEXT
  8
2
 10
-319.222336
 20
570.892220
 40
0.000000
 50
0.000000
  1
# 67
  0
POINT
  8
2
 10
-307.658463
 20
332.935753
  0
TEXT
  8
2
 10
-307.658463
 20
332.935753
 40
0.000000
 50
0.000000
  1
# 68
  0
POINT
  8
2
 10
-340.336800
 20
333.656731
  0
TEXT
  8
2
 10
-340.336800
 20
333.656731
 40
0.000000
 50
0.000000
  1
# 69
  0
POINT
  8
2
 10
-400.484581
 20
329.407768
  0
TEXT
  8
2
 10
-400.484581
 20
329.407768
 40
0.000000
 50
0.000000
  1
# 70
  0
POINT
  8
3
 10
-430.348816
 20
327.393723
  0
POINT
  8
3
 10
-483.653281
 20
330.430313
  0
POINT
  8
3
 10
-528.160744
 20
332.718887
  0
POINT
  8
3
 10
-534.408324
 20
333.012946
  0
POINT
  8
3
 10
-602.332880
 20
329.024555
  0
POINT
  8
3
 10
-649.889336
 20
362.679866
  0
POINT
  8
3
 10
-655.825160
 20
397.428860
  0
POINT
  8
3
 10
-659.676116
 20
425.187442
  0
POINT
  8
3
 10
-663.032937
 20
458.791599
  0
POINT
  8
3
 10
-665.147392
 20
492.523646
  0
POINT
  8
3
 10
-666.300448
 20
526.302298
  0
POINT
  8
3
 10
-627.116146
 20
539.639058
  0
POINT
  8
3
 10
-548.165932
 20
543.837433
  0
POINT
  8
3
 10
-546.742462
 20
543.712543
  0
POINT
  8
3
 10
-530.947004
 20
542.840271
  0
POINT
  8
3
 10
-528.160744
 20
542.821655
  0
POINT
  8
3
 10
-518.496209
 20
542.970586
  0
POINT
  8
3
 10
-482.095064
 20
545.756815
  0
POINT
  8
3
 10
-417.074346
 20
552.830273
  0
POINT
  8
3
 10
-371.500053
 20
563.699684
  0
POINT
  8
3
 10
-351.602364
 20
565.527382
  0
POINT
  8
3
 10
-318.124482
 20
563.318243
  0
POINT
  8
3
 10
-314.202093
 20
532.576366
  0
POINT
  8
3
 10
-310.733381
 20
499.063852
  0
POINT
  8
3
 10
-308.317933
 20
467.423080
  0
POINT
  8
3
 10
-306.898381
 20
433.524916
  0
POINT
  8
3
 10
-306.622095
 20
394.190640
  0
POINT
  8
3
 10
-393.584526
 20
329.922997
  0
POINT
  8
3
 10
-400.484581
 20
329.407768
  0
POINT
  8
4
 10
-430.348816
 20
327.393723
 30
0.400000
 50
 82.42
  0
TEXT
  8
4
 10
-430.348816
 20
327.393723
 40
0.000000
 50
0.000000
  1
# 71
  0
POINT
  8
4
 10
-528.160744
 20
332.718887
 30
0.400000
 50
 90.00
  0
TEXT
  8
4
 10
-528.160744
 20
332.718887
 40
0.000000
 50
0.000000
  1
# 72
  0
POINT
  8
4
 10
-573.077850
 20
542.355919
 30
0.400000
 50
284.39
  0
TEXT
  8
4
 10
-573.077850
 20
542.355919
 40
0.000000
 50
0.000000
  1
# 73
  0
POINT
  8
4
 10
-548.165932
 20
543.837433
 30
0.400000
 50
262.41
  0
TEXT
  8
4
 10
-548.165932
 20
543.837433
 40
0.000000
 50
0.000000
  1
# 74
  0
POINT
  8
4
 10
-528.160744
 20
542.821655
 30
0.400000
 50
270.00
  0
TEXT
  8
4
 10
-528.160744
 20
542.821655
 40
0.000000
 50
0.000000
  1
# 75
  0
POINT
  8
4
 10
-371.500053
 20
563.699684
 30
0.400000
 50
285.62
  0
TEXT
  8
4
 10
-371.500053
 20
563.699684
 40
0.000000
 50
0.000000
  1
# 76
  0
POINT
  8
4
 10
-351.602364
 20
565.527382
 30
0.400000
 50
264.87
  0
TEXT
  8
4
 10
-351.602364
 20
565.527382
 40
0.000000
 50
0.000000
  1
# 77
  0
POINT
  8
4
 10
-400.484581
 20
329.407768
 30
0.400000
 50
105.29
  0
TEXT
  8
4
 10
-400.484581
 20
329.407768
 40
0.000000
 50
0.000000
  1
# 78
  0
POLYLINE
  8
8
  66
1
  70
0
  0
VERTEX
  8
8
  10
-528.160744
  20
542.781410
  0
VERTEX
  8
8
  10
-528.160744
  20
332.736244
  0
SEQEND
  8
8
  0
POINT
  8
2
 10
-528.160744
 20
542.781410
  0
TEXT
  8
2
 10
-528.160744
 20
542.781410
 40
0.000000
 50
0.000000
  1
# 79
  0
POINT
  8
2
 10
-528.160744
 20
332.736244
  0
TEXT
  8
2
 10
-528.160744
 20
332.736244
 40
0.000000
 50
0.000000
  1
# 80
  0
POLYLINE
  8
8
  66
1
  70
0
  0
VERTEX
  8
8
  10
-659.631348
  20
425.177879
  0
VERTEX
  8
8
  10
-560.504532
  20
437.007751
  0
SEQEND
  8
8
  0
POINT
  8
2
 10
-659.631348
 20
425.177879
  0
TEXT
  8
2
 10
-659.631348
 20
425.177879
 40
0.000000
 50
0.000000
  1
# 81
  0
POINT
  8
2
 10
-560.504532
 20
437.007751
  0
TEXT
  8
2
 10
-560.504532
 20
437.007751
 40
0.000000
 50
0.000000
  1
# 82
  0
POLYLINE
  8
8
  66
1
  70
0
  0
VERTEX
  8
8
  10
-345.879364
  20
447.734833
  0
VERTEX
  8
8
  10
-307.452908
  20
449.602165
  0
SEQEND
  8
8
  0
POINT
  8
2
 10
-345.879364
 20
447.734833
  0
TEXT
  8
2
 10
-345.879364
 20
447.734833
 40
0.000000
 50
0.000000
  1
# 83
  0
POINT
  8
2
 10
-307.452908
 20
449.602165
  0
TEXT
  8
2
 10
-307.452908
 20
449.602165
 40
0.000000
 50
0.000000
  1
# 84
  0
POLYLINE
  8
8
  66
1
  70
0
  0
VERTEX
  8
8
  10
-351.602364
  20
565.527382
  0
VERTEX
  8
8
  10
-356.559753
  20
510.272675
  0
SEQEND
  8
8
  0
POINT
  8
2
 10
-351.602364
 20
565.527382
  0
TEXT
  8
2
 10
-351.602364
 20
565.527382
 40
0.000000
 50
0.000000
  1
# 85
  0
POINT
  8
2
 10
-356.559753
 20
510.272675
  0
TEXT
  8
2
 10
-356.559753
 20
510.272675
 40
0.000000
 50
0.000000
  1
# 86
  0
POLYLINE
  8
8
  66
1
  70
0
  0
VERTEX
  8
8
  10
-361.590576
  20
565.042114
  0
VERTEX
  8
8
  10
-356.559753
  20
510.272675
  0
SEQEND
  8
8
  0
POINT
  8
2
 10
-361.590576
 20
565.042114
  0
TEXT
  8
2
 10
-361.590576
 20
565.042114
 40
0.000000
 50
0.000000
  1
# 87
  0
POINT
  8
2
 10
-356.559753
 20
510.272675
  0
TEXT
  8
2
 10
-356.559753
 20
510.272675
 40
0.000000
 50
0.000000
  1
# 88
  0
POLYLINE
  8
8
  66
1
  70
0
  0
VERTEX
  8
8
  10
-371.500053
  20
563.699684
  0
VERTEX
  8
8
  10
-356.559753
  20
510.272675
  0
SEQEND
  8
8
  0
POINT
  8
2
 10
-371.500053
 20
563.699684
  0
TEXT
  8
2
 10
-371.500053
 20
563.699684
 40
0.000000
 50
0.000000
  1
# 89
  0
POINT
  8
2
 10
-356.559753
 20
510.272675
  0
TEXT
  8
2
 10
-356.559753
 20
510.272675
 40
0.000000
 50
0.000000
  1
# 90
  0
POLYLINE
  8
8
  66
1
  70
0
  0
VERTEX
  8
8
  10
-352.841721
  20
551.713715
  0
VERTEX
  8
8
  10
-366.270943
  20
545.000229
  0
VERTEX
  8
8
  10
-358.885002
  20
547.014046
  0
SEQEND
  8
8
  0
POINT
  8
2
 10
-352.841721
 20
551.713715
  0
TEXT
  8
2
 10
-352.841721
 20
551.713715
 40
0.000000
 50
0.000000
  1
# 91
  0
POINT
  8
2
 10
-358.885002
 20
547.014046
  0
TEXT
  8
2
 10
-358.885002
 20
547.014046
 40
0.000000
 50
0.000000
  1
# 92
  0
POLYLINE
  8
8
  66
1
  70
0
  0
VERTEX
  8
8
  10
-548.164558
  20
437.741623
  0
VERTEX
  8
8
  10
-430.349960
  20
437.742043
  0
SEQEND
  8
8
  0
POINT
  8
2
 10
-548.164558
 20
437.741623
  0
TEXT
  8
2
 10
-548.164558
 20
437.741623
 40
0.000000
 50
0.000000
  1
# 93
  0
POINT
  8
2
 10
-430.349960
 20
437.742043
  0
TEXT
  8
2
 10
-430.349960
 20
437.742043
 40
0.000000
 50
0.000000
  1
# 94
  0
POLYLINE
  8
8
  66
1
  70
0
  0
VERTEX
  8
8
  10
-548.165932
  20
543.837433
  0
VERTEX
  8
8
  10
-556.807175
  20
478.951912
  0
SEQEND
  8
8
  0
POINT
  8
2
 10
-548.165932
 20
543.837433
  0
TEXT
  8
2
 10
-548.165932
 20
543.837433
 40
0.000000
 50
0.000000
  1
# 95
  0
POINT
  8
2
 10
-556.807175
 20
478.951912
  0
TEXT
  8
2
 10
-556.807175
 20
478.951912
 40
0.000000
 50
0.000000
  1
# 96
  0
POLYLINE
  8
8
  66
1
  70
0
  0
VERTEX
  8
8
  10
-560.665932
  20
543.837280
  0
VERTEX
  8
8
  10
-556.807175
  20
478.951912
  0
SEQEND
  8
8
  0
POINT
  8
2
 10
-560.665932
 20
543.837280
  0
TEXT
  8
2
 10
-560.665932
 20
543.837280
 40
0.000000
 50
0.000000
  1
# 97
  0
POINT
  8
2
 10
-556.807175
 20
478.951912
  0
TEXT
  8
2
 10
-556.807175
 20
478.951912
 40
0.000000
 50
0.000000
  1
# 98
  0
POLYLINE
  8
8
  66
1
  70
0
  0
VERTEX
  8
8
  10
-573.077850
  20
542.355919
  0
VERTEX
  8
8
  10
-556.807175
  20
478.951912
  0
SEQEND
  8
8
  0
POINT
  8
2
 10
-573.077850
 20
542.355919
  0
TEXT
  8
2
 10
-573.077850
 20
542.355919
 40
0.000000
 50
0.000000
  1
# 99
  0
POINT
  8
2
 10
-556.807175
 20
478.951912
  0
TEXT
  8
2
 10
-556.807175
 20
478.951912
 40
0.000000
 50
0.000000
  1
# 100
  0
POLYLINE
  8
8
  66
1
  70
0
  0
VERTEX
  8
8
  10
-569.010162
  20
526.504898
  0
VERTEX
  8
8
  10
-551.190376
  20
521.127472
  0
VERTEX
  8
8
  10
-559.562531
  20
525.598183
  0
SEQEND
  8
8
  0
POINT
  8
2
 10
-569.010162
 20
526.504898
  0
TEXT
  8
2
 10
-569.010162
 20
526.504898
 40
0.000000
 50
0.000000
  1
# 101
  0
POINT
  8
2
 10
-559.562531
 20
525.598183
  0
TEXT
  8
2
 10
-559.562531
 20
525.598183
 40
0.000000
 50
0.000000
  1
# 102
  0
POLYLINE
  8
8
  66
1
  70
0
  0
VERTEX
  8
8
  10
-415.299644
  20
438.757019
  0
VERTEX
  8
8
  10
-355.668831
  20
446.835632
  0
SEQEND
  8
8
  0
POINT
  8
2
 10
-415.299644
 20
438.757019
  0
TEXT
  8
2
 10
-415.299644
 20
438.757019
 40
0.000000
 50
0.000000
  1
# 103
  0
POINT
  8
2
 10
-355.668831
 20
446.835632
  0
TEXT
  8
2
 10
-355.668831
 20
446.835632
 40
0.000000
 50
0.000000
  1
# 104
  0
POLYLINE
  8
8
  66
1
  70
0
  0
VERTEX
  8
8
  10
-430.348816
  20
327.393723
  0
VERTEX
  8
8
  10
-420.395279
  20
402.223930
  0
SEQEND
  8
8
  0
POINT
  8
2
 10
-430.348816
 20
327.393723
  0
TEXT
  8
2
 10
-430.348816
 20
327.393723
 40
0.000000
 50
0.000000
  1
# 105
  0
POINT
  8
2
 10
-420.395279
 20
402.223930
  0
TEXT
  8
2
 10
-420.395279
 20
402.223930
 40
0.000000
 50
0.000000
  1
# 106
  0
POLYLINE
  8
8
  66
1
  70
0
  0
VERTEX
  8
8
  10
-415.348816
  20
327.393913
  0
VERTEX
  8
8
  10
-420.395279
  20
402.223930
  0
SEQEND
  8
8
  0
POINT
  8
2
 10
-415.348816
 20
327.393913
  0
TEXT
  8
2
 10
-415.348816
 20
327.393913
 40
0.000000
 50
0.000000
  1
# 107
  0
POINT
  8
2
 10
-420.395279
 20
402.223930
  0
TEXT
  8
2
 10
-420.395279
 20
402.223930
 40
0.000000
 50
0.000000
  1
# 108
  0
POLYLINE
  8
8
  66
1
  70
0
  0
VERTEX
  8
8
  10
-400.484581
  20
329.407768
  0
VERTEX
  8
8
  10
-420.395279
  20
402.223930
  0
SEQEND
  8
8
  0
POINT
  8
2
 10
-400.484581
 20
329.407768
  0
TEXT
  8
2
 10
-400.484581
 20
329.407768
 40
0.000000
 50
0.000000
  1
# 109
  0
POINT
  8
2
 10
-420.395279
 20
402.223930
  0
TEXT
  8
2
 10
-420.395279
 20
402.223930
 40
0.000000
 50
0.000000
  1
# 110
  0
POLYLINE
  8
8
  66
1
  70
0
  0
VERTEX
  8
8
  10
-405.462265
  20
347.611809
  0
VERTEX
  8
8
  10
-426.865044
  20
353.584290
  0
VERTEX
  8
8
  10
-416.760902
  20
348.457756
  0
SEQEND
  8
8
  0
POINT
  8
2
 10
-405.462265
 20
347.611809
  0
TEXT
  8
2
 10
-405.462265
 20
347.611809
 40
0.000000
 50
0.000000
  1
# 111
  0
POINT
  8
2
 10
-416.760902
 20
348.457756
  0
TEXT
  8
2
 10
-416.760902
 20
348.457756
 40
0.000000
 50
0.000000
  1
# 112
 0
LINE
 8
7
 10
-555.226021
 20
420.769157
 11
-435.875549
 21
420.769157
  0
TEXT
  8
19
 10
-503.482628
 20
341.416016
 40
10.000000
 50
357.892556
  1
侧缝
  0
TEXT
  8
1
 10
-486.670246
 20
448.395720
 40
10.000000
 50
0.000000
  1
Piece Name: 26SMC-WP186M展_前片中
  0
TEXT
  8
1
 10
-486.670246
 20
463.395720
 40
10.000000
 50
0.000000
  1
Size: 175/84
  0
TEXT
  8
1
 10
-486.670246
 20
478.395720
 40
10.000000
 50
0.000000
  1
Annotation: 
  0
TEXT
  8
1
 10
-486.670246
 20
493.395720
 40
10.000000
 50
0.000000
  1
Quantity: 1,1
  0
TEXT
  8
1
 10
-486.670246
 20
508.395720
 40
10.000000
 50
0.000000
  1
Material: 面
  0
TEXT
  8
1
 10
-486.670246
 20
508.395720
 40
10.000000
 50
0.000000
  1
Category: 3
0
ENDBLK
0
BLOCK
  8
1
  2
26SMC-WP186M展_右前上
 70
0
 10
0.0
 20
0.0
  0
POLYLINE
  8
1
  66
1
  70
1
  0
VERTEX
  8
1
  10
-295.404626
  20
555.448076
  0
VERTEX
  8
1
  10
-232.116436
  20
560.068254
  0
VERTEX
  8
1
  10
-181.735709
  20
563.494165
  0
VERTEX
  8
1
  10
-131.236634
  20
566.259387
  0
VERTEX
  8
1
  10
-88.468417
  20
567.820836
  0
VERTEX
  8
1
  10
-43.181190
  20
568.819563
  0
VERTEX
  8
1
  10
138.566974
  20
497.761959
  0
VERTEX
  8
1
  10
134.354294
  20
464.844613
  0
VERTEX
  8
1
  10
132.119225
  20
440.087785
  0
VERTEX
  8
1
  10
130.787010
  20
415.916984
  0
VERTEX
  8
1
  10
130.743304
  20
415.124015
  0
VERTEX
  8
1
  10
130.044982
  20
385.256978
  0
VERTEX
  8
1
  10
130.229792
  20
355.569056
  0
VERTEX
  8
1
  10
131.424969
  20
315.275316
  0
VERTEX
  8
1
  10
82.326979
  20
309.415465
  0
VERTEX
  8
1
  10
30.993238
  20
303.283516
  0
VERTEX
  8
1
  10
-20.549916
  20
297.048905
  0
VERTEX
  8
1
  10
-31.351708
  20
301.465571
  0
VERTEX
  8
1
  10
-38.045057
  20
300.435364
  0
VERTEX
  8
1
  10
-49.791414
  20
297.980339
  0
VERTEX
  8
1
  10
-57.532857
  20
295.711470
  0
VERTEX
  8
1
  10
-63.287607
  20
293.380399
  0
VERTEX
  8
1
  10
-68.042194
  20
290.744143
  0
VERTEX
  8
1
  10
-72.806471
  20
287.179318
  0
VERTEX
  8
1
  10
-77.188896
  20
282.959375
  0
VERTEX
  8
1
  10
-81.472142
  20
277.795709
  0
VERTEX
  8
1
  10
-91.594024
  20
262.896063
  0
VERTEX
  8
1
  10
-128.521048
  20
271.502544
  0
VERTEX
  8
1
  10
-163.328567
  20
278.721538
  0
VERTEX
  8
1
  10
-200.567652
  20
285.528290
  0
VERTEX
  8
1
  10
-239.321419
  20
291.720716
  0
VERTEX
  8
1
  10
-295.584052
  20
299.370685
  0
VERTEX
  8
1
  10
-293.950524
  20
316.483052
  0
VERTEX
  8
1
  10
-291.550868
  20
347.142109
  0
VERTEX
  8
1
  10
-289.734452
  20
380.530887
  0
VERTEX
  8
1
  10
-288.872890
  20
411.959642
  0
VERTEX
  8
1
  10
-289.105827
  20
445.511146
  0
VERTEX
  8
1
  10
-290.736230
  20
484.513411
  0
SEQEND
  8
1
  0
POINT
  8
2
 10
-295.404626
 20
555.448076
  0
TEXT
  8
2
 10
-295.404626
 20
555.448076
 40
0.000000
 50
0.000000
  1
# 113
  0
POINT
  8
2
 10
-43.181190
 20
568.819563
  0
TEXT
  8
2
 10
-43.181190
 20
568.819563
 40
0.000000
 50
0.000000
  1
# 114
  0
POINT
  8
2
 10
138.566974
 20
497.761959
  0
TEXT
  8
2
 10
138.566974
 20
497.761959
 40
0.000000
 50
0.000000
  1
# 115
  0
POINT
  8
2
 10
131.424969
 20
315.275316
  0
TEXT
  8
2
 10
131.424969
 20
315.275316
 40
0.000000
 50
0.000000
  1
# 116
  0
POINT
  8
2
 10
-20.549916
 20
297.048905
  0
TEXT
  8
2
 10
-20.549916
 20
297.048905
 40
0.000000
 50
0.000000
  1
# 117
  0
POINT
  8
2
 10
-31.351708
 20
301.465571
  0
TEXT
  8
2
 10
-31.351708
 20
301.465571
 40
0.000000
 50
0.000000
  1
# 118
  0
POINT
  8
2
 10
-91.594024
 20
262.896063
  0
TEXT
  8
2
 10
-91.594024
 20
262.896063
 40
0.000000
 50
0.000000
  1
# 119
  0
POINT
  8
2
 10
-295.584052
 20
299.370685
  0
TEXT
  8
2
 10
-295.584052
 20
299.370685
 40
0.000000
 50
0.000000
  1
# 120
  0
POINT
  8
3
 10
-232.116436
 20
560.068254
  0
POINT
  8
3
 10
-181.735709
 20
563.494165
  0
POINT
  8
3
 10
-131.236634
 20
566.259387
  0
POINT
  8
3
 10
-88.468417
 20
567.820836
  0
POINT
  8
3
 10
134.354294
 20
464.844613
  0
POINT
  8
3
 10
132.119225
 20
440.087785
  0
POINT
  8
3
 10
130.787010
 20
415.916984
  0
POINT
  8
3
 10
130.743304
 20
415.124015
  0
POINT
  8
3
 10
130.044982
 20
385.256978
  0
POINT
  8
3
 10
130.229792
 20
355.569056
  0
POINT
  8
3
 10
82.326979
 20
309.415465
  0
POINT
  8
3
 10
30.993238
 20
303.283516
  0
POINT
  8
3
 10
-38.045057
 20
300.435364
  0
POINT
  8
3
 10
-49.791414
 20
297.980339
  0
POINT
  8
3
 10
-57.532857
 20
295.711470
  0
POINT
  8
3
 10
-63.287607
 20
293.380399
  0
POINT
  8
3
 10
-68.042194
 20
290.744143
  0
POINT
  8
3
 10
-72.806471
 20
287.179318
  0
POINT
  8
3
 10
-77.188896
 20
282.959375
  0
POINT
  8
3
 10
-81.472142
 20
277.795709
  0
POINT
  8
3
 10
-128.521048
 20
271.502544
  0
POINT
  8
3
 10
-163.328567
 20
278.721538
  0
POINT
  8
3
 10
-200.567652
 20
285.528290
  0
POINT
  8
3
 10
-239.321419
 20
291.720716
  0
POINT
  8
3
 10
-293.950524
 20
316.483052
  0
POINT
  8
3
 10
-291.550868
 20
347.142109
  0
POINT
  8
3
 10
-289.734452
 20
380.530887
  0
POINT
  8
3
 10
-288.872890
 20
411.959642
  0
POINT
  8
3
 10
-289.105827
 20
445.511146
  0
POINT
  8
3
 10
-290.736230
 20
484.513411
  0
POINT
  8
4
 10
130.787010
 20
415.916984
 30
0.400000
 50
180.01
  0
TEXT
  8
4
 10
130.787010
 20
415.916984
 40
0.000000
 50
0.000000
  1
# 121
  0
POLYLINE
  8
14
  66
1
  70
1
  0
VERTEX
  8
14
  10
-284.774189
  20
546.197510
  0
VERTEX
  8
14
  10
-231.397730
  20
550.094114
  0
VERTEX
  8
14
  10
-181.108926
  20
553.513828
  0
VERTEX
  8
14
  10
-130.780159
  20
556.269811
  0
VERTEX
  8
14
  10
-88.189865
  20
557.824716
  0
VERTEX
  8
14
  10
-37.579743
  20
558.941515
  0
VERTEX
  8
14
  10
-18.150048
  20
559.033203
  0
VERTEX
  8
14
  10
128.965740
  20
501.515160
  0
VERTEX
  8
14
  10
124.412715
  20
465.923968
  0
VERTEX
  8
14
  10
122.145251
  20
440.808775
  0
VERTEX
  8
14
  10
120.778751
  20
415.914803
  0
VERTEX
  8
14
  10
120.750915
  20
415.514105
  0
VERTEX
  8
14
  10
120.045381
  20
385.346328
  0
VERTEX
  8
14
  10
120.231948
  20
355.361460
  0
VERTEX
  8
14
  10
120.979595
  20
330.142212
  0
VERTEX
  8
14
  10
80.432917
  20
325.302961
  0
VERTEX
  8
14
  10
29.119852
  20
319.173464
  0
VERTEX
  8
14
  10
-22.988191
  20
312.870598
  0
VERTEX
  8
14
  10
-39.817254
  20
310.277077
  0
VERTEX
  8
14
  10
-52.208001
  20
307.683952
  0
VERTEX
  8
14
  10
-60.810388
  20
305.159104
  0
VERTEX
  8
14
  10
-67.574398
  20
302.414967
  0
VERTEX
  8
14
  10
-73.465190
  20
299.145995
  0
VERTEX
  8
14
  10
-79.304892
  20
294.780011
  0
VERTEX
  8
14
  10
-84.518046
  20
289.762577
  0
VERTEX
  8
14
  10
-89.492606
  20
283.768326
  0
VERTEX
  8
14
  10
-95.815449
  20
274.147949
  0
VERTEX
  8
14
  10
-126.366094
  20
281.267592
  0
VERTEX
  8
14
  10
-161.415863
  20
288.536912
  0
VERTEX
  8
14
  10
-198.881980
  20
295.385191
  0
VERTEX
  8
14
  10
-237.849193
  20
301.611750
  0
VERTEX
  8
14
  10
-284.718647
  20
307.960205
  0
VERTEX
  8
14
  10
-283.991500
  20
315.578706
  0
VERTEX
  8
14
  10
-281.573124
  20
346.475304
  0
VERTEX
  8
14
  10
-279.743016
  20
380.117118
  0
VERTEX
  8
14
  10
-278.873630
  20
411.838047
  0
VERTEX
  8
14
  10
-279.109052
  20
445.765082
  0
VERTEX
  8
14
  10
-280.751511
  20
485.066025
  0
SEQEND
  8
14
  0
POINT
  8
2
 10
-284.774189
 20
546.197510
  0
TEXT
  8
2
 10
-284.774189
 20
546.197510
 40
0.000000
 50
0.000000
  1
# 122
  0
POINT
  8
2
 10
-18.150048
 20
559.033203
  0
TEXT
  8
2
 10
-18.150048
 20
559.033203
 40
0.000000
 50
0.000000
  1
# 123
  0
POINT
  8
2
 10
128.965740
 20
501.515160
  0
TEXT
  8
2
 10
128.965740
 20
501.515160
 40
0.000000
 50
0.000000
  1
# 124
  0
POINT
  8
2
 10
120.979595
 20
330.142212
  0
TEXT
  8
2
 10
120.979595
 20
330.142212
 40
0.000000
 50
0.000000
  1
# 125
  0
POINT
  8
2
 10
-22.988191
 20
312.870598
  0
TEXT
  8
2
 10
-22.988191
 20
312.870598
 40
0.000000
 50
0.000000
  1
# 126
  0
POINT
  8
2
 10
-95.815449
 20
274.147949
  0
TEXT
  8
2
 10
-95.815449
 20
274.147949
 40
0.000000
 50
0.000000
  1
# 127
  0
POINT
  8
2
 10
-284.718647
 20
307.960205
  0
TEXT
  8
2
 10
-284.718647
 20
307.960205
 40
0.000000
 50
0.000000
  1
# 128
  0
POINT
  8
3
 10
-231.397730
 20
550.094114
  0
POINT
  8
3
 10
-181.108926
 20
553.513828
  0
POINT
  8
3
 10
-130.780159
 20
556.269811
  0
POINT
  8
3
 10
-88.189865
 20
557.824716
  0
POINT
  8
3
 10
-37.579743
 20
558.941515
  0
POINT
  8
3
 10
124.412715
 20
465.923968
  0
POINT
  8
3
 10
122.145251
 20
440.808775
  0
POINT
  8
3
 10
120.778751
 20
415.914803
  0
POINT
  8
3
 10
120.750915
 20
415.514105
  0
POINT
  8
3
 10
120.045381
 20
385.346328
  0
POINT
  8
3
 10
120.231948
 20
355.361460
  0
POINT
  8
3
 10
80.432917
 20
325.302961
  0
POINT
  8
3
 10
29.119852
 20
319.173464
  0
POINT
  8
3
 10
-39.817254
 20
310.277077
  0
POINT
  8
3
 10
-52.208001
 20
307.683952
  0
POINT
  8
3
 10
-60.810388
 20
305.159104
  0
POINT
  8
3
 10
-67.574398
 20
302.414967
  0
POINT
  8
3
 10
-73.465190
 20
299.145995
  0
POINT
  8
3
 10
-79.304892
 20
294.780011
  0
POINT
  8
3
 10
-84.518046
 20
289.762577
  0
POINT
  8
3
 10
-89.492606
 20
283.768326
  0
POINT
  8
3
 10
-126.366094
 20
281.267592
  0
POINT
  8
3
 10
-161.415863
 20
288.536912
  0
POINT
  8
3
 10
-198.881980
 20
295.385191
  0
POINT
  8
3
 10
-237.849193
 20
301.611750
  0
POINT
  8
3
 10
-283.991500
 20
315.578706
  0
POINT
  8
3
 10
-281.573124
 20
346.475304
  0
POINT
  8
3
 10
-279.743016
 20
380.117118
  0
POINT
  8
3
 10
-278.873630
 20
411.838047
  0
POINT
  8
3
 10
-279.109052
 20
445.765082
  0
POINT
  8
3
 10
-280.751511
 20
485.066025
  0
POINT
  8
4
 10
120.778751
 20
415.914803
 30
0.400000
 50
180.01
  0
TEXT
  8
4
 10
120.778751
 20
415.914803
 40
0.000000
 50
0.000000
  1
# 129
  0
POLYLINE
  8
8
  66
1
  70
0
  0
VERTEX
  8
8
  10
-15.823998
  20
313.793030
  0
VERTEX
  8
8
  10
-15.836771
  20
366.933111
  0
VERTEX
  8
8
  10
-15.849322
  20
418.800485
  0
VERTEX
  8
8
  10
-15.861677
  20
469.454269
  0
VERTEX
  8
8
  10
-15.874249
  20
521.065546
  0
VERTEX
  8
8
  10
-15.881982
  20
559.171448
  0
SEQEND
  8
8
  0
POINT
  8
2
 10
-15.823998
 20
313.793030
  0
TEXT
  8
2
 10
-15.823998
 20
313.793030
 40
0.000000
 50
0.000000
  1
# 130
  0
POINT
  8
2
 10
-15.881982
 20
559.171448
  0
TEXT
  8
2
 10
-15.881982
 20
559.171448
 40
0.000000
 50
0.000000
  1
# 131
  0
POINT
  8
3
 10
-15.836771
 20
366.933111
  0
POINT
  8
3
 10
-15.849322
 20
418.800485
  0
POINT
  8
3
 10
-15.861677
 20
469.454269
  0
POINT
  8
3
 10
-15.874249
 20
521.065546
  0
POLYLINE
  8
8
  66
1
  70
0
  0
VERTEX
  8
8
  10
-95.815449
  20
274.147949
  0
VERTEX
  8
8
  10
-95.827522
  20
327.274595
  0
VERTEX
  8
8
  10
-95.839741
  20
379.166851
  0
VERTEX
  8
8
  10
-95.852452
  20
431.052849
  0
VERTEX
  8
8
  10
-95.864651
  20
481.405193
  0
VERTEX
  8
8
  10
-95.876326
  20
533.018286
  0
VERTEX
  8
8
  10
-95.880756
  20
557.585449
  0
SEQEND
  8
8
  0
POINT
  8
2
 10
-95.815449
 20
274.147949
  0
TEXT
  8
2
 10
-95.815449
 20
274.147949
 40
0.000000
 50
0.000000
  1
# 132
  0
POINT
  8
2
 10
-95.880756
 20
557.585449
  0
TEXT
  8
2
 10
-95.880756
 20
557.585449
 40
0.000000
 50
0.000000
  1
# 133
  0
POINT
  8
3
 10
-95.827522
 20
327.274595
  0
POINT
  8
3
 10
-95.839741
 20
379.166851
  0
POINT
  8
3
 10
-95.852452
 20
431.052849
  0
POINT
  8
3
 10
-95.864651
 20
481.405193
  0
POINT
  8
3
 10
-95.876326
 20
533.018286
  0
POLYLINE
  8
8
  66
1
  70
0
  0
VERTEX
  8
8
  10
-278.878784
  20
429.679947
  0
VERTEX
  8
8
  10
-95.852070
  20
429.722900
  0
SEQEND
  8
8
  0
POINT
  8
2
 10
-278.878784
 20
429.679947
  0
TEXT
  8
2
 10
-278.878784
 20
429.679947
 40
0.000000
 50
0.000000
  1
# 134
  0
POINT
  8
2
 10
-95.852070
 20
429.722900
  0
TEXT
  8
2
 10
-95.852070
 20
429.722900
 40
0.000000
 50
0.000000
  1
# 135
  0
POLYLINE
  8
8
  66
1
  70
0
  0
VERTEX
  8
8
  10
-120.202656
  20
279.819946
  0
VERTEX
  8
8
  10
-120.266132
  20
556.723022
  0
SEQEND
  8
8
  0
POINT
  8
2
 10
-120.202656
 20
279.819946
  0
TEXT
  8
2
 10
-120.202656
 20
279.819946
 40
0.000000
 50
0.000000
  1
# 136
  0
POINT
  8
2
 10
-120.266132
 20
556.723022
  0
TEXT
  8
2
 10
-120.266132
 20
556.723022
 40
0.000000
 50
0.000000
  1
# 137
  0
POLYLINE
  8
8
  66
1
  70
0
  0
VERTEX
  8
8
  10
-95.848408
  20
415.867920
  0
VERTEX
  8
8
  10
40.887427
  20
415.897522
  0
SEQEND
  8
8
  0
POINT
  8
2
 10
-95.848408
 20
415.867920
  0
TEXT
  8
2
 10
-95.848408
 20
415.867920
 40
0.000000
 50
0.000000
  1
# 138
  0
POINT
  8
2
 10
40.887427
 20
415.897522
  0
TEXT
  8
2
 10
40.887427
 20
415.897522
 40
0.000000
 50
0.000000
  1
# 139
 0
LINE
 8
7
 10
-156.993618
 20
403.711967
 11
-21.268301
 21
403.711967
  0
TEXT
  8
1
 10
-78.508539
 20
415.857813
 40
10.000000
 50
0.000000
  1
Piece Name: 26SMC-WP186M展_右前上
  0
TEXT
  8
1
 10
-78.508539
 20
430.857813
 40
10.000000
 50
0.000000
  1
Size: 175/84
  0
TEXT
  8
1
 10
-78.508539
 20
445.857813
 40
10.000000
 50
0.000000
  1
Annotation: 
  0
TEXT
  8
1
 10
-78.508539
 20
460.857813
 40
10.000000
 50
0.000000
  1
Quantity: 1
  0
TEXT
  8
1
 10
-78.508539
 20
475.857813
 40
10.000000
 50
0.000000
  1
Material: 面
  0
TEXT
  8
1
 10
-78.508539
 20
475.857813
 40
10.000000
 50
0.000000
  1
Category: 4
0
ENDBLK
0
BLOCK
  8
1
  2
26SMC-WP186M展_前片
 70
0
 10
0.0
 20
0.0
  0
POLYLINE
  8
1
  66
1
  70
1
  0
VERTEX
  8
1
  10
-1924.831536
  20
266.912874
  0
VERTEX
  8
1
  10
-1959.501859
  20
269.377466
  0
VERTEX
  8
1
  10
-2010.376582
  20
272.668060
  0
VERTEX
  8
1
  10
-2061.244065
  20
275.629227
  0
VERTEX
  8
1
  10
-2115.130923
  20
278.454316
  0
VERTEX
  8
1
  10
-2504.024277
  20
291.066832
  0
VERTEX
  8
1
  10
-2504.024048
  20
291.066824
  0
VERTEX
  8
1
  10
-2541.024578
  20
289.883832
  0
VERTEX
  8
1
  10
-2541.018449
  20
314.154753
  0
VERTEX
  8
1
  10
-2541.005105
  20
365.552321
  0
VERTEX
  8
1
  10
-2540.995114
  20
417.806489
  0
VERTEX
  8
1
  10
-2540.981808
  20
470.032145
  0
VERTEX
  8
1
  10
-2540.964685
  20
531.201865
  0
VERTEX
  8
1
  10
-2503.964180
  20
533.563184
  0
VERTEX
  8
1
  10
-2114.663983
  20
508.512023
  0
VERTEX
  8
1
  10
-2114.657799
  20
508.512426
  0
VERTEX
  8
1
  10
-2063.477166
  20
511.844800
  0
VERTEX
  8
1
  10
-2011.986848
  20
515.991130
  0
VERTEX
  8
1
  10
-1969.385688
  20
520.020131
  0
VERTEX
  8
1
  10
-1924.968824
  20
525.064618
  0
VERTEX
  8
1
  10
-1885.413374
  20
530.377772
  0
VERTEX
  8
1
  10
-1846.182147
  20
536.497779
  0
VERTEX
  8
1
  10
-1810.001878
  20
542.952778
  0
VERTEX
  8
1
  10
-1774.868379
  20
550.055651
  0
VERTEX
  8
1
  10
-1743.357971
  20
557.234387
  0
VERTEX
  8
1
  10
-1737.360603
  20
558.673052
  0
VERTEX
  8
1
  10
-1731.026018
  20
560.150902
  0
VERTEX
  8
1
  10
-1720.822025
  20
545.292689
  0
VERTEX
  8
1
  10
-1715.328736
  20
538.863956
  0
VERTEX
  8
1
  10
-1710.060843
  20
534.216212
  0
VERTEX
  8
1
  10
-1705.995633
  20
531.480230
  0
VERTEX
  8
1
  10
-1699.792182
  20
528.461683
  0
VERTEX
  8
1
  10
-1692.794465
  20
526.083678
  0
VERTEX
  8
1
  10
-1683.711772
  20
523.869171
  0
VERTEX
  8
1
  10
-1668.954327
  20
521.267205
  0
VERTEX
  8
1
  10
-1653.899979
  20
519.198946
  0
VERTEX
  8
1
  10
-1508.086347
  20
501.786154
  0
VERTEX
  8
1
  10
-1509.119060
  20
468.866588
  0
VERTEX
  8
1
  10
-1509.302575
  20
438.651490
  0
VERTEX
  8
1
  10
-1508.587525
  20
407.510001
  0
VERTEX
  8
1
  10
-1508.568405
  20
407.168230
  0
VERTEX
  8
1
  10
-1507.175458
  20
382.268752
  0
VERTEX
  8
1
  10
-1504.620197
  20
354.791145
  0
VERTEX
  8
1
  10
-1500.314481
  20
321.846825
  0
VERTEX
  8
1
  10
-1491.963197
  20
271.756239
  0
VERTEX
  8
1
  10
-1507.523918
  20
269.314236
  0
VERTEX
  8
1
  10
-1534.366365
  20
264.954166
  0
VERTEX
  8
1
  10
-1564.902906
  20
260.852111
  0
VERTEX
  8
1
  10
-1596.678724
  20
257.437702
  0
VERTEX
  8
1
  10
-1623.449933
  20
255.306534
  0
VERTEX
  8
1
  10
-1646.186366
  20
254.272034
  0
VERTEX
  8
1
  10
-1674.888140
  20
254.109292
  0
VERTEX
  8
1
  10
-1727.199217
  20
255.244270
  0
VERTEX
  8
1
  10
-1770.777082
  20
256.834687
  0
VERTEX
  8
1
  10
-1820.601144
  20
259.560766
  0
VERTEX
  8
1
  10
-1872.485987
  20
263.090554
  0
SEQEND
  8
1
  0
POINT
  8
2
 10
-1924.831536
 20
266.912874
  0
TEXT
  8
2
 10
-1924.831536
 20
266.912874
 40
0.000000
 50
0.000000
  1
# 140
  0
POINT
  8
2
 10
-2115.130923
 20
278.454316
  0
TEXT
  8
2
 10
-2115.130923
 20
278.454316
 40
0.000000
 50
0.000000
  1
# 141
  0
POINT
  8
2
 10
-2504.024048
 20
291.066824
  0
TEXT
  8
2
 10
-2504.024048
 20
291.066824
 40
0.000000
 50
0.000000
  1
# 142
  0
POINT
  8
2
 10
-2541.024578
 20
289.883832
  0
TEXT
  8
2
 10
-2541.024578
 20
289.883832
 40
0.000000
 50
0.000000
  1
# 143
  0
POINT
  8
2
 10
-2540.964685
 20
531.201865
  0
TEXT
  8
2
 10
-2540.964685
 20
531.201865
 40
0.000000
 50
0.000000
  1
# 144
  0
POINT
  8
2
 10
-2503.964180
 20
533.563184
  0
TEXT
  8
2
 10
-2503.964180
 20
533.563184
 40
0.000000
 50
0.000000
  1
# 145
  0
POINT
  8
2
 10
-2114.663983
 20
508.512023
  0
TEXT
  8
2
 10
-2114.663983
 20
508.512023
 40
0.000000
 50
0.000000
  1
# 146
  0
POINT
  8
2
 10
-1731.026018
 20
560.150902
  0
TEXT
  8
2
 10
-1731.026018
 20
560.150902
 40
0.000000
 50
0.000000
  1
# 147
  0
POINT
  8
2
 10
-1653.899979
 20
519.198946
  0
TEXT
  8
2
 10
-1653.899979
 20
519.198946
 40
0.000000
 50
0.000000
  1
# 148
  0
POINT
  8
2
 10
-1508.086347
 20
501.786154
  0
TEXT
  8
2
 10
-1508.086347
 20
501.786154
 40
0.000000
 50
0.000000
  1
# 149
  0
POINT
  8
2
 10
-1491.963197
 20
271.756239
  0
TEXT
  8
2
 10
-1491.963197
 20
271.756239
 40
0.000000
 50
0.000000
  1
# 150
  0
POINT
  8
3
 10
-1959.501859
 20
269.377466
  0
POINT
  8
3
 10
-2010.376582
 20
272.668060
  0
POINT
  8
3
 10
-2061.244065
 20
275.629227
  0
POINT
  8
3
 10
-2504.024277
 20
291.066832
  0
POINT
  8
3
 10
-2541.018449
 20
314.154753
  0
POINT
  8
3
 10
-2541.005105
 20
365.552321
  0
POINT
  8
3
 10
-2540.995114
 20
417.806489
  0
POINT
  8
3
 10
-2540.981808
 20
470.032145
  0
POINT
  8
3
 10
-2114.657799
 20
508.512426
  0
POINT
  8
3
 10
-2063.477166
 20
511.844800
  0
POINT
  8
3
 10
-2011.986848
 20
515.991130
  0
POINT
  8
3
 10
-1969.385688
 20
520.020131
  0
POINT
  8
3
 10
-1924.968824
 20
525.064618
  0
POINT
  8
3
 10
-1885.413374
 20
530.377772
  0
POINT
  8
3
 10
-1846.182147
 20
536.497779
  0
POINT
  8
3
 10
-1810.001878
 20
542.952778
  0
POINT
  8
3
 10
-1774.868379
 20
550.055651
  0
POINT
  8
3
 10
-1743.357971
 20
557.234387
  0
POINT
  8
3
 10
-1737.360603
 20
558.673052
  0
POINT
  8
3
 10
-1720.822025
 20
545.292689
  0
POINT
  8
3
 10
-1715.328736
 20
538.863956
  0
POINT
  8
3
 10
-1710.060843
 20
534.216212
  0
POINT
  8
3
 10
-1705.995633
 20
531.480230
  0
POINT
  8
3
 10
-1699.792182
 20
528.461683
  0
POINT
  8
3
 10
-1692.794465
 20
526.083678
  0
POINT
  8
3
 10
-1683.711772
 20
523.869171
  0
POINT
  8
3
 10
-1668.954327
 20
521.267205
  0
POINT
  8
3
 10
-1509.119060
 20
468.866588
  0
POINT
  8
3
 10
-1509.302575
 20
438.651490
  0
POINT
  8
3
 10
-1508.587525
 20
407.510001
  0
POINT
  8
3
 10
-1508.568405
 20
407.168230
  0
POINT
  8
3
 10
-1507.175458
 20
382.268752
  0
POINT
  8
3
 10
-1504.620197
 20
354.791145
  0
POINT
  8
3
 10
-1500.314481
 20
321.846825
  0
POINT
  8
3
 10
-1507.523918
 20
269.314236
  0
POINT
  8
3
 10
-1534.366365
 20
264.954166
  0
POINT
  8
3
 10
-1564.902906
 20
260.852111
  0
POINT
  8
3
 10
-1596.678724
 20
257.437702
  0
POINT
  8
3
 10
-1623.449933
 20
255.306534
  0
POINT
  8
3
 10
-1646.186366
 20
254.272034
  0
POINT
  8
3
 10
-1674.888140
 20
254.109292
  0
POINT
  8
3
 10
-1727.199217
 20
255.244270
  0
POINT
  8
3
 10
-1770.777082
 20
256.834687
  0
POINT
  8
3
 10
-1820.601144
 20
259.560766
  0
POINT
  8
3
 10
-1872.485987
 20
263.090554
  0
POINT
  8
4
 10
-2504.024277
 20
291.066832
 30
0.400000
 50
 89.99
  0
TEXT
  8
4
 10
-2504.024277
 20
291.066832
 40
0.000000
 50
0.000000
  1
# 151
  0
POINT
  8
4
 10
-2114.657799
 20
508.512426
 30
0.400000
 50
269.99
  0
TEXT
  8
4
 10
-2114.657799
 20
508.512426
 40
0.000000
 50
0.000000
  1
# 152
  0
POINT
  8
4
 10
-1508.568405
 20
407.168230
 30
0.400000
 50
179.99
  0
TEXT
  8
4
 10
-1508.568405
 20
407.168230
 40
0.000000
 50
0.000000
  1
# 153
  0
POLYLINE
  8
14
  66
1
  70
1
  0
VERTEX
  8
14
  10
-1924.122467
  20
276.887703
  0
VERTEX
  8
14
  10
-1958.815147
  20
279.353860
  0
VERTEX
  8
14
  10
-2009.766905
  20
282.649458
  0
VERTEX
  8
14
  10
-2060.690308
  20
285.613883
  0
VERTEX
  8
14
  10
-2114.710236
  20
288.445930
  0
VERTEX
  8
14
  10
-2504.021759
  20
301.070747
  0
VERTEX
  8
14
  10
-2504.021759
  20
301.040230
  0
VERTEX
  8
14
  10
-2504.018450
  20
314.145313
  0
VERTEX
  8
14
  10
-2504.005105
  20
365.543655
  0
VERTEX
  8
14
  10
-2503.995114
  20
417.798835
  0
VERTEX
  8
14
  10
-2503.981809
  20
470.021971
  0
VERTEX
  8
14
  10
-2503.966827
  20
523.542671
  0
VERTEX
  8
14
  10
-2114.660187
  20
498.491096
  0
VERTEX
  8
14
  10
-2114.660187
  20
498.491096
  0
VERTEX
  8
14
  10
-2062.756548
  20
501.870798
  0
VERTEX
  8
14
  10
-2011.130816
  20
506.027837
  0
VERTEX
  8
14
  10
-1968.348800
  20
510.074033
  0
VERTEX
  8
14
  10
-1923.737998
  20
515.140654
  0
VERTEX
  8
14
  10
-1883.979535
  20
520.481101
  0
VERTEX
  8
14
  10
-1844.532322
  20
526.634814
  0
VERTEX
  8
14
  10
-1808.132231
  20
533.129112
  0
VERTEX
  8
14
  10
-1772.773889
  20
540.277455
  0
VERTEX
  8
14
  10
-1741.009581
  20
547.514044
  0
VERTEX
  8
14
  10
-1735.163727
  20
548.937263
  0
VERTEX
  8
14
  10
-1728.848857
  20
539.328634
  0
VERTEX
  8
14
  10
-1722.441976
  20
531.835313
  0
VERTEX
  8
14
  10
-1716.111015
  20
526.254088
  0
VERTEX
  8
14
  10
-1711.068808
  20
522.862638
  0
VERTEX
  8
14
  10
-1703.531694
  20
519.187199
  0
VERTEX
  8
14
  10
-1695.561286
  20
516.474063
  0
VERTEX
  8
14
  10
-1685.746984
  20
514.078466
  0
VERTEX
  8
14
  10
-1670.475628
  20
511.383600
  0
VERTEX
  8
14
  10
-1655.173492
  20
509.279976
  0
VERTEX
  8
14
  10
-1518.368683
  20
492.943001
  0
VERTEX
  8
14
  10
-1519.117175
  20
469.060702
  0
VERTEX
  8
14
  10
-1519.302295
  20
438.576729
  0
VERTEX
  8
14
  10
-1518.579254
  20
407.167854
  0
VERTEX
  8
14
  10
-1518.579649
  20
407.113207
  0
VERTEX
  8
14
  10
-1517.148417
  20
381.533844
  0
VERTEX
  8
14
  10
-1514.558813
  20
353.684837
  0
VERTEX
  8
14
  10
-1510.205757
  20
320.376225
  0
VERTEX
  8
14
  10
-1503.499298
  20
280.141792
  0
VERTEX
  8
14
  10
-1535.848152
  20
274.843772
  0
VERTEX
  8
14
  10
-1566.097647
  20
270.780484
  0
VERTEX
  8
14
  10
-1597.610411
  20
267.394205
  0
VERTEX
  8
14
  10
-1624.084783
  20
265.286362
  0
VERTEX
  8
14
  10
-1646.444370
  20
264.268705
  0
VERTEX
  8
14
  10
-1674.786043
  20
264.108770
  0
VERTEX
  8
14
  10
-1726.920965
  20
265.240398
  0
VERTEX
  8
14
  10
-1770.320317
  20
266.824250
  0
VERTEX
  8
14
  10
-1819.975639
  20
269.541184
  0
VERTEX
  8
14
  10
-1871.766277
  20
273.064621
  0
SEQEND
  8
14
  0
POINT
  8
2
 10
-1924.122467
 20
276.887703
  0
TEXT
  8
2
 10
-1924.122467
 20
276.887703
 40
0.000000
 50
0.000000
  1
# 154
  0
POINT
  8
2
 10
-2114.710236
 20
288.445930
  0
TEXT
  8
2
 10
-2114.710236
 20
288.445930
 40
0.000000
 50
0.000000
  1
# 155
  0
POINT
  8
2
 10
-2504.021759
 20
301.040230
  0
TEXT
  8
2
 10
-2504.021759
 20
301.040230
 40
0.000000
 50
0.000000
  1
# 156
  0
POINT
  8
2
 10
-2503.966827
 20
523.542671
  0
TEXT
  8
2
 10
-2503.966827
 20
523.542671
 40
0.000000
 50
0.000000
  1
# 157
  0
POINT
  8
2
 10
-2114.660187
 20
498.491096
  0
TEXT
  8
2
 10
-2114.660187
 20
498.491096
 40
0.000000
 50
0.000000
  1
# 158
  0
POINT
  8
2
 10
-1735.163727
 20
548.937263
  0
TEXT
  8
2
 10
-1735.163727
 20
548.937263
 40
0.000000
 50
0.000000
  1
# 159
  0
POINT
  8
2
 10
-1655.173492
 20
509.279976
  0
TEXT
  8
2
 10
-1655.173492
 20
509.279976
 40
0.000000
 50
0.000000
  1
# 160
  0
POINT
  8
2
 10
-1518.368683
 20
492.943001
  0
TEXT
  8
2
 10
-1518.368683
 20
492.943001
 40
0.000000
 50
0.000000
  1
# 161
  0
POINT
  8
2
 10
-1503.499298
 20
280.141792
  0
TEXT
  8
2
 10
-1503.499298
 20
280.141792
 40
0.000000
 50
0.000000
  1
# 162
  0
POINT
  8
3
 10
-1958.815147
 20
279.353860
  0
POINT
  8
3
 10
-2009.766905
 20
282.649458
  0
POINT
  8
3
 10
-2060.690308
 20
285.613883
  0
POINT
  8
3
 10
-2504.021759
 20
301.070747
  0
POINT
  8
3
 10
-2504.018450
 20
314.145313
  0
POINT
  8
3
 10
-2504.005105
 20
365.543655
  0
POINT
  8
3
 10
-2503.995114
 20
417.798835
  0
POINT
  8
3
 10
-2503.981809
 20
470.021971
  0
POINT
  8
3
 10
-2114.660187
 20
498.491096
  0
POINT
  8
3
 10
-2062.756548
 20
501.870798
  0
POINT
  8
3
 10
-2011.130816
 20
506.027837
  0
POINT
  8
3
 10
-1968.348800
 20
510.074033
  0
POINT
  8
3
 10
-1923.737998
 20
515.140654
  0
POINT
  8
3
 10
-1883.979535
 20
520.481101
  0
POINT
  8
3
 10
-1844.532322
 20
526.634814
  0
POINT
  8
3
 10
-1808.132231
 20
533.129112
  0
POINT
  8
3
 10
-1772.773889
 20
540.277455
  0
POINT
  8
3
 10
-1741.009581
 20
547.514044
  0
POINT
  8
3
 10
-1728.848857
 20
539.328634
  0
POINT
  8
3
 10
-1722.441976
 20
531.835313
  0
POINT
  8
3
 10
-1716.111015
 20
526.254088
  0
POINT
  8
3
 10
-1711.068808
 20
522.862638
  0
POINT
  8
3
 10
-1703.531694
 20
519.187199
  0
POINT
  8
3
 10
-1695.561286
 20
516.474063
  0
POINT
  8
3
 10
-1685.746984
 20
514.078466
  0
POINT
  8
3
 10
-1670.475628
 20
511.383600
  0
POINT
  8
3
 10
-1519.117175
 20
469.060702
  0
POINT
  8
3
 10
-1519.302295
 20
438.576729
  0
POINT
  8
3
 10
-1518.579254
 20
407.167854
  0
POINT
  8
3
 10
-1518.579649
 20
407.113207
  0
POINT
  8
3
 10
-1517.148417
 20
381.533844
  0
POINT
  8
3
 10
-1514.558813
 20
353.684837
  0
POINT
  8
3
 10
-1510.205757
 20
320.376225
  0
POINT
  8
3
 10
-1535.848152
 20
274.843772
  0
POINT
  8
3
 10
-1566.097647
 20
270.780484
  0
POINT
  8
3
 10
-1597.610411
 20
267.394205
  0
POINT
  8
3
 10
-1624.084783
 20
265.286362
  0
POINT
  8
3
 10
-1646.444370
 20
264.268705
  0
POINT
  8
3
 10
-1674.786043
 20
264.108770
  0
POINT
  8
3
 10
-1726.920965
 20
265.240398
  0
POINT
  8
3
 10
-1770.320317
 20
266.824250
  0
POINT
  8
3
 10
-1819.975639
 20
269.541184
  0
POINT
  8
3
 10
-1871.766277
 20
273.064621
  0
POINT
  8
4
 10
-2504.021759
 20
301.070747
 30
0.400000
 50
 89.99
  0
TEXT
  8
4
 10
-2504.021759
 20
301.070747
 40
0.000000
 50
0.000000
  1
# 163
  0
POINT
  8
4
 10
-2114.660187
 20
498.491096
 30
0.400000
 50
269.99
  0
TEXT
  8
4
 10
-2114.660187
 20
498.491096
 40
0.000000
 50
0.000000
  1
# 164
  0
POINT
  8
4
 10
-1518.579254
 20
407.167854
 30
0.400000
 50
179.99
  0
TEXT
  8
4
 10
-1518.579254
 20
407.167854
 40
0.000000
 50
0.000000
  1
# 165
  0
POLYLINE
  8
8
  66
1
  70
0
  0
VERTEX
  8
8
  10
-2503.976593
  20
486.042671
  0
VERTEX
  8
8
  10
-2503.976593
  20
486.042671
  0
VERTEX
  8
8
  10
-2114.660187
  20
498.491096
  0
SEQEND
  8
8
  0
POINT
  8
2
 10
-2503.976593
 20
486.042671
  0
TEXT
  8
2
 10
-2503.976593
 20
486.042671
 40
0.000000
 50
0.000000
  1
# 166
  0
POINT
  8
2
 10
-2114.660187
 20
498.491096
  0
TEXT
  8
2
 10
-2114.660187
 20
498.491096
 40
0.000000
 50
0.000000
  1
# 167
  0
POINT
  8
3
 10
-2503.976593
 20
486.042671
  0
POINT
  8
4
 10
-2503.976593
 20
486.042671
 30
0.400000
 50
269.98
  0
TEXT
  8
4
 10
-2503.976593
 20
486.042671
 40
0.000000
 50
0.000000
  1
# 168
  0
POLYLINE
  8
8
  66
1
  70
0
  0
VERTEX
  8
8
  10
-2134.665070
  20
499.778328
  0
VERTEX
  8
8
  10
-2134.679718
  20
434.778328
  0
SEQEND
  8
8
  0
POINT
  8
2
 10
-2134.665070
 20
499.778328
  0
TEXT
  8
2
 10
-2134.665070
 20
499.778328
 40
0.000000
 50
0.000000
  1
# 169
  0
POINT
  8
2
 10
-2134.679718
 20
434.778328
  0
TEXT
  8
2
 10
-2134.679718
 20
434.778328
 40
0.000000
 50
0.000000
  1
# 170
  0
POLYLINE
  8
8
  66
1
  70
0
  0
VERTEX
  8
8
  10
-1735.163727
  20
548.937263
  0
VERTEX
  8
8
  10
-1735.175801
  20
495.810618
  0
VERTEX
  8
8
  10
-1735.188019
  20
443.918361
  0
VERTEX
  8
8
  10
-1735.200730
  20
392.032363
  0
VERTEX
  8
8
  10
-1735.212929
  20
341.680020
  0
VERTEX
  8
8
  10
-1735.224604
  20
290.066927
  0
VERTEX
  8
8
  10
-1735.229034
  20
265.499763
  0
SEQEND
  8
8
  0
POINT
  8
2
 10
-1735.163727
 20
548.937263
  0
TEXT
  8
2
 10
-1735.163727
 20
548.937263
 40
0.000000
 50
0.000000
  1
# 171
  0
POINT
  8
2
 10
-1735.229034
 20
265.499763
  0
TEXT
  8
2
 10
-1735.229034
 20
265.499763
 40
0.000000
 50
0.000000
  1
# 172
  0
POINT
  8
3
 10
-1735.175801
 20
495.810618
  0
POINT
  8
3
 10
-1735.188019
 20
443.918361
  0
POINT
  8
3
 10
-1735.200730
 20
392.032363
  0
POINT
  8
3
 10
-1735.212929
 20
341.680020
  0
POINT
  8
3
 10
-1735.224604
 20
290.066927
  0
POLYLINE
  8
8
  66
1
  70
0
  0
VERTEX
  8
8
  10
-2504.001007
  20
393.542671
  0
VERTEX
  8
8
  10
-1735.200348
  20
393.362312
  0
SEQEND
  8
8
  0
POINT
  8
2
 10
-2504.001007
 20
393.542671
  0
TEXT
  8
2
 10
-2504.001007
 20
393.542671
 40
0.000000
 50
0.000000
  1
# 173
  0
POINT
  8
2
 10
-1735.200348
 20
393.362312
  0
TEXT
  8
2
 10
-1735.200348
 20
393.362312
 40
0.000000
 50
0.000000
  1
# 174
  0
POLYLINE
  8
8
  66
1
  70
0
  0
VERTEX
  8
8
  10
-1759.550934
  20
543.265266
  0
VERTEX
  8
8
  10
-1759.614410
  20
266.362190
  0
SEQEND
  8
8
  0
POINT
  8
2
 10
-1759.550934
 20
543.265266
  0
TEXT
  8
2
 10
-1759.550934
 20
543.265266
 40
0.000000
 50
0.000000
  1
# 175
  0
POINT
  8
2
 10
-1759.614410
 20
266.362190
  0
TEXT
  8
2
 10
-1759.614410
 20
266.362190
 40
0.000000
 50
0.000000
  1
# 176
  0
POLYLINE
  8
8
  66
1
  70
0
  0
VERTEX
  8
8
  10
-1655.172272
  20
509.292183
  0
VERTEX
  8
8
  10
-1655.185044
  20
456.152102
  0
VERTEX
  8
8
  10
-1655.197595
  20
404.284728
  0
VERTEX
  8
8
  10
-1655.209951
  20
353.630944
  0
VERTEX
  8
8
  10
-1655.222523
  20
302.019667
  0
VERTEX
  8
8
  10
-1655.230255
  20
263.913765
  0
SEQEND
  8
8
  0
POINT
  8
2
 10
-1655.172272
 20
509.292183
  0
TEXT
  8
2
 10
-1655.172272
 20
509.292183
 40
0.000000
 50
0.000000
  1
# 177
  0
POINT
  8
2
 10
-1655.230255
 20
263.913765
  0
TEXT
  8
2
 10
-1655.230255
 20
263.913765
 40
0.000000
 50
0.000000
  1
# 178
  0
POINT
  8
3
 10
-1655.185044
 20
456.152102
  0
POINT
  8
3
 10
-1655.197595
 20
404.284728
  0
POINT
  8
3
 10
-1655.209951
 20
353.630944
  0
POINT
  8
3
 10
-1655.222523
 20
302.019667
  0
POLYLINE
  8
8
  66
1
  70
0
  0
VERTEX
  8
8
  10
-1735.196686
  20
407.217293
  0
VERTEX
  8
8
  10
-1598.460846
  20
407.187691
  0
SEQEND
  8
8
  0
POINT
  8
2
 10
-1735.196686
 20
407.217293
  0
TEXT
  8
2
 10
-1735.196686
 20
407.217293
 40
0.000000
 50
0.000000
  1
# 179
  0
POINT
  8
2
 10
-1598.460846
 20
407.187691
  0
TEXT
  8
2
 10
-1598.460846
 20
407.187691
 40
0.000000
 50
0.000000
  1
# 180
  0
POLYLINE
  8
8
  66
1
  70
0
  0
VERTEX
  8
8
  10
-1657.498322
  20
264.052010
  0
VERTEX
  8
8
  10
-1510.380402
  20
321.570320
  0
SEQEND
  8
8
  0
POINT
  8
2
 10
-1657.498322
 20
264.052010
  0
TEXT
  8
2
 10
-1657.498322
 20
264.052010
 40
0.000000
 50
0.000000
  1
# 181
  0
POINT
  8
2
 10
-1510.380402
 20
321.570320
  0
TEXT
  8
2
 10
-1510.380402
 20
321.570320
 40
0.000000
 50
0.000000
  1
# 182
  0
POLYLINE
  8
8
  66
1
  70
0
  0
VERTEX
  8
8
  10
-1697.124786
  20
280.774231
  0
VERTEX
  8
8
  10
-1514.355621
  20
352.227974
  0
SEQEND
  8
8
  0
POINT
  8
2
 10
-1697.124786
 20
280.774231
  0
TEXT
  8
2
 10
-1697.124786
 20
280.774231
 40
0.000000
 50
0.000000
  1
# 183
  0
POINT
  8
2
 10
-1514.355621
 20
352.227974
  0
TEXT
  8
2
 10
-1514.355621
 20
352.227974
 40
0.000000
 50
0.000000
  1
# 184
  0
POLYLINE
  8
8
  66
1
  70
0
  0
VERTEX
  8
8
  10
-1518.975983
  20
419.131966
  0
VERTEX
  8
8
  10
-1808.661652
  20
440.573006
  0
SEQEND
  8
8
  0
POINT
  8
2
 10
-1518.975983
 20
419.131966
  0
TEXT
  8
2
 10
-1518.975983
 20
419.131966
 40
0.000000
 50
0.000000
  1
# 185
  0
POINT
  8
2
 10
-1808.661652
 20
440.573006
  0
TEXT
  8
2
 10
-1808.661652
 20
440.573006
 40
0.000000
 50
0.000000
  1
# 186
  0
POLYLINE
  8
8
  66
1
  70
0
  0
VERTEX
  8
8
  10
-1808.661652
  20
440.573006
  0
VERTEX
  8
8
  10
-1816.031036
  20
341.026192
  0
SEQEND
  8
8
  0
POINT
  8
2
 10
-1808.661652
 20
440.573006
  0
TEXT
  8
2
 10
-1808.661652
 20
440.573006
 40
0.000000
 50
0.000000
  1
# 187
  0
POINT
  8
2
 10
-1816.031036
 20
341.026192
  0
TEXT
  8
2
 10
-1816.031036
 20
341.026192
 40
0.000000
 50
0.000000
  1
# 188
  0
POLYLINE
  8
8
  66
1
  70
0
  0
VERTEX
  8
8
  10
-1675.096588
  20
264.111977
  0
VERTEX
  8
8
  10
-1686.699376
  20
274.058183
  0
VERTEX
  8
8
  10
-1696.000854
  20
280.181428
  0
VERTEX
  8
8
  10
-1707.285962
  20
285.711429
  0
VERTEX
  8
8
  10
-1715.760507
  20
288.573901
  0
VERTEX
  8
8
  10
-1729.277298
  20
291.663156
  0
VERTEX
  8
8
  10
-1743.415525
  20
293.851634
  0
VERTEX
  8
8
  10
-1780.054978
  20
299.484545
  0
VERTEX
  8
8
  10
-1791.858610
  20
303.096038
  0
VERTEX
  8
8
  10
-1798.708288
  20
306.401251
  0
VERTEX
  8
8
  10
-1804.556045
  20
310.615449
  0
VERTEX
  8
8
  10
-1809.242118
  20
315.902298
  0
VERTEX
  8
8
  10
-1811.968073
  20
320.829778
  0
VERTEX
  8
8
  10
-1814.285547
  20
328.105699
  0
VERTEX
  8
8
  10
-1815.503824
  20
335.015173
  0
VERTEX
  8
8
  10
-1816.031036
  20
341.026192
  0
SEQEND
  8
8
  0
POINT
  8
2
 10
-1675.096588
 20
264.111977
  0
TEXT
  8
2
 10
-1675.096588
 20
264.111977
 40
0.000000
 50
0.000000
  1
# 189
  0
POINT
  8
2
 10
-1816.031036
 20
341.026192
  0
TEXT
  8
2
 10
-1816.031036
 20
341.026192
 40
0.000000
 50
0.000000
  1
# 190
  0
POINT
  8
3
 10
-1686.699376
 20
274.058183
  0
POINT
  8
3
 10
-1696.000854
 20
280.181428
  0
POINT
  8
3
 10
-1707.285962
 20
285.711429
  0
POINT
  8
3
 10
-1715.760507
 20
288.573901
  0
POINT
  8
3
 10
-1729.277298
 20
291.663156
  0
POINT
  8
3
 10
-1743.415525
 20
293.851634
  0
POINT
  8
3
 10
-1780.054978
 20
299.484545
  0
POINT
  8
3
 10
-1791.858610
 20
303.096038
  0
POINT
  8
3
 10
-1798.708288
 20
306.401251
  0
POINT
  8
3
 10
-1804.556045
 20
310.615449
  0
POINT
  8
3
 10
-1809.242118
 20
315.902298
  0
POINT
  8
3
 10
-1811.968073
 20
320.829778
  0
POINT
  8
3
 10
-1814.285547
 20
328.105699
  0
POINT
  8
3
 10
-1815.503824
 20
335.015173
  0
POLYLINE
  8
8
  66
1
  70
0
  0
VERTEX
  8
8
  10
-1517.667389
  20
389.158516
  0
VERTEX
  8
8
  10
-1729.888153
  20
291.729012
  0
SEQEND
  8
8
  0
POINT
  8
2
 10
-1517.667389
 20
389.158516
  0
TEXT
  8
2
 10
-1517.667389
 20
389.158516
 40
0.000000
 50
0.000000
  1
# 191
  0
POINT
  8
2
 10
-1729.888153
 20
291.729012
  0
TEXT
  8
2
 10
-1729.888153
 20
291.729012
 40
0.000000
 50
0.000000
  1
# 192
  0
POLYLINE
  8
8
  66
1
  70
0
  0
VERTEX
  8
8
  10
-2114.660187
  20
498.491096
  0
VERTEX
  8
8
  10
-2114.710236
  20
288.445930
  0
SEQEND
  8
8
  0
POINT
  8
2
 10
-2114.660187
 20
498.491096
  0
TEXT
  8
2
 10
-2114.660187
 20
498.491096
 40
0.000000
 50
0.000000
  1
# 193
  0
POINT
  8
2
 10
-2114.710236
 20
288.445930
  0
TEXT
  8
2
 10
-2114.710236
 20
288.445930
 40
0.000000
 50
0.000000
  1
# 194
  0
POLYLINE
  8
8
  66
1
  70
0
  0
VERTEX
  8
8
  10
-2016.899567
  20
283.084908
  0
VERTEX
  8
8
  10
-2016.882477
  20
358.084908
  0
SEQEND
  8
8
  0
POINT
  8
2
 10
-2016.899567
 20
283.084908
  0
TEXT
  8
2
 10
-2016.899567
 20
283.084908
 40
0.000000
 50
0.000000
  1
# 195
  0
POINT
  8
2
 10
-2016.882477
 20
358.084908
  0
TEXT
  8
2
 10
-2016.882477
 20
358.084908
 40
0.000000
 50
0.000000
  1
# 196
  0
POLYLINE
  8
8
  66
1
  70
0
  0
VERTEX
  8
8
  10
-1956.670074
  20
511.338997
  0
VERTEX
  8
8
  10
-1956.682925
  20
458.702278
  0
VERTEX
  8
8
  10
-1956.683502
  20
456.338997
  0
SEQEND
  8
8
  0
POINT
  8
2
 10
-1956.670074
 20
511.338997
  0
TEXT
  8
2
 10
-1956.670074
 20
511.338997
 40
0.000000
 50
0.000000
  1
# 197
  0
POINT
  8
2
 10
-1956.683502
 20
456.338997
  0
TEXT
  8
2
 10
-1956.683502
 20
456.338997
 40
0.000000
 50
0.000000
  1
# 198
  0
POINT
  8
3
 10
-1956.682925
 20
458.702278
  0
POLYLINE
  8
8
  66
1
  70
0
  0
VERTEX
  8
8
  10
-2229.167023
  20
292.157784
  0
VERTEX
  8
8
  10
-2232.266677
  20
330.266828
  0
VERTEX
  8
8
  10
-2234.034680
  20
365.474800
  0
VERTEX
  8
8
  10
-2234.562548
  20
393.494257
  0
VERTEX
  8
8
  10
-2233.905711
  20
427.259268
  0
VERTEX
  8
8
  10
-2232.000114
  20
461.003757
  0
VERTEX
  8
8
  10
-2229.134397
  20
494.680381
  0
VERTEX
  8
8
  10
-2228.032990
  20
505.786629
  0
SEQEND
  8
8
  0
POINT
  8
2
 10
-2229.167023
 20
292.157784
  0
TEXT
  8
2
 10
-2229.167023
 20
292.157784
 40
0.000000
 50
0.000000
  1
# 199
  0
POINT
  8
2
 10
-2228.032990
 20
505.786629
  0
TEXT
  8
2
 10
-2228.032990
 20
505.786629
 40
0.000000
 50
0.000000
  1
# 200
  0
POINT
  8
3
 10
-2232.266677
 20
330.266828
  0
POINT
  8
3
 10
-2234.034680
 20
365.474800
  0
POINT
  8
3
 10
-2234.562548
 20
393.494257
  0
POINT
  8
3
 10
-2233.905711
 20
427.259268
  0
POINT
  8
3
 10
-2232.000114
 20
461.003757
  0
POINT
  8
3
 10
-2229.134397
 20
494.680381
  0
POLYLINE
  8
8
  66
1
  70
0
  0
VERTEX
  8
8
  10
-1924.122467
  20
276.887703
  0
VERTEX
  8
8
  10
-1920.099789
  20
338.019188
  0
VERTEX
  8
8
  10
-1918.457330
  20
377.320131
  0
VERTEX
  8
8
  10
-1918.221908
  20
411.247166
  0
VERTEX
  8
8
  10
-1919.091294
  20
442.968095
  0
VERTEX
  8
8
  10
-1920.921402
  20
476.609909
  0
VERTEX
  8
8
  10
-1923.339778
  20
507.506507
  0
VERTEX
  8
8
  10
-1924.066925
  20
515.125008
  0
SEQEND
  8
8
  0
POINT
  8
2
 10
-1924.122467
 20
276.887703
  0
TEXT
  8
2
 10
-1924.122467
 20
276.887703
 40
0.000000
 50
0.000000
  1
# 201
  0
POINT
  8
2
 10
-1924.066925
 20
515.125008
  0
TEXT
  8
2
 10
-1924.066925
 20
515.125008
 40
0.000000
 50
0.000000
  1
# 202
  0
POINT
  8
3
 10
-1920.099789
 20
338.019188
  0
POINT
  8
3
 10
-1918.457330
 20
377.320131
  0
POINT
  8
3
 10
-1918.221908
 20
411.247166
  0
POINT
  8
3
 10
-1919.091294
 20
442.968095
  0
POINT
  8
3
 10
-1920.921402
 20
476.609909
  0
POINT
  8
3
 10
-1923.339778
 20
507.506507
  0
POLYLINE
  8
8
  66
1
  70
0
  0
VERTEX
  8
8
  10
-1809.438019
  20
430.368156
  0
VERTEX
  8
8
  10
-1622.107086
  20
387.057114
  0
SEQEND
  8
8
  0
POINT
  8
2
 10
-1809.438019
 20
430.368156
  0
TEXT
  8
2
 10
-1809.438019
 20
430.368156
 40
0.000000
 50
0.000000
  1
# 203
  0
POINT
  8
2
 10
-1622.107086
 20
387.057114
  0
TEXT
  8
2
 10
-1622.107086
 20
387.057114
 40
0.000000
 50
0.000000
  1
# 204
  0
POLYLINE
  8
8
  66
1
  70
0
  0
VERTEX
  8
8
  10
-1622.107086
  20
387.057114
  0
VERTEX
  8
8
  10
-1644.477081
  20
289.590588
  0
SEQEND
  8
8
  0
POINT
  8
2
 10
-1622.107086
 20
387.057114
  0
TEXT
  8
2
 10
-1622.107086
 20
387.057114
 40
0.000000
 50
0.000000
  1
# 205
  0
POINT
  8
2
 10
-1644.477081
 20
289.590588
  0
TEXT
  8
2
 10
-1644.477081
 20
289.590588
 40
0.000000
 50
0.000000
  1
# 206
  0
POLYLINE
  8
8
  66
1
  70
0
  0
VERTEX
  8
8
  10
-1814.472961
  20
328.924866
  0
VERTEX
  8
8
  10
-1644.477081
  20
289.590588
  0
SEQEND
  8
8
  0
POINT
  8
2
 10
-1814.472961
 20
328.924866
  0
TEXT
  8
2
 10
-1814.472961
 20
328.924866
 40
0.000000
 50
0.000000
  1
# 207
  0
POINT
  8
2
 10
-1644.477081
 20
289.590588
  0
TEXT
  8
2
 10
-1644.477081
 20
289.590588
 40
0.000000
 50
0.000000
  1
# 208
 0
LINE
 8
7
 10
-2215.438995
 20
366.345406
 11
-1978.556671
 21
366.290169
  0
TEXT
  8
1
 10
-2016.493887
 20
407.130097
 40
10.000000
 50
0.000000
  1
Piece Name: 26SMC-WP186M展_前片
  0
TEXT
  8
1
 10
-2016.493887
 20
422.130097
 40
10.000000
 50
0.000000
  1
Size: 175/84
  0
TEXT
  8
1
 10
-2016.493887
 20
437.130097
 40
10.000000
 50
0.000000
  1
Annotation: 
  0
TEXT
  8
1
 10
-2016.493887
 20
452.130097
 40
10.000000
 50
0.000000
  1
Quantity: 1,1
  0
TEXT
  8
1
 10
-2016.493887
 20
467.130097
 40
10.000000
 50
0.000000
  1
Material: 面
  0
TEXT
  8
1
 10
-2016.493887
 20
467.130097
 40
10.000000
 50
0.000000
  1
Category: 5
0
ENDBLK
0
BLOCK
  8
1
  2
26SMC-WP186M展_后片
 70
0
 10
0.0
 20
0.0
  0
POLYLINE
  8
1
  66
1
  70
1
  0
VERTEX
  8
1
  10
-2501.300850
  20
728.386219
  0
VERTEX
  8
1
  10
-2538.301384
  20
727.206921
  0
VERTEX
  8
1
  10
-2538.292710
  20
781.327294
  0
VERTEX
  8
1
  10
-2538.286974
  20
831.276731
  0
VERTEX
  8
1
  10
-2538.286982
  20
883.167780
  0
VERTEX
  8
1
  10
-2538.299591
  20
935.882513
  0
VERTEX
  8
1
  10
-2538.309101
  20
984.573021
  0
VERTEX
  8
1
  10
-2501.309195
  20
983.393671
  0
VERTEX
  8
1
  10
-2501.308869
  20
983.393681
  0
VERTEX
  8
1
  10
-2112.853050
  20
995.952704
  0
VERTEX
  8
1
  10
-2111.979292
  20
996.078359
  0
VERTEX
  8
1
  10
-2061.588108
  20
1003.325122
  0
VERTEX
  8
1
  10
-2015.087697
  20
1011.285033
  0
VERTEX
  8
1
  10
-1973.864598
  20
1019.515563
  0
VERTEX
  8
1
  10
-1938.872507
  20
1027.651606
  0
VERTEX
  8
1
  10
-1907.935568
  20
1035.870561
  0
VERTEX
  8
1
  10
-1877.302171
  20
1045.049510
  0
VERTEX
  8
1
  10
-1846.654014
  20
1055.349276
  0
VERTEX
  8
1
  10
-1808.848599
  20
1069.394081
  0
VERTEX
  8
1
  10
-1777.506112
  20
1081.956676
  0
VERTEX
  8
1
  10
-1753.673878
  20
1092.067099
  0
VERTEX
  8
1
  10
-1737.622351
  20
1098.782417
  0
VERTEX
  8
1
  10
-1736.139085
  20
1087.009586
  0
VERTEX
  8
1
  10
-1735.086189
  20
1077.960066
  0
VERTEX
  8
1
  10
-1732.802900
  20
1061.512570
  0
VERTEX
  8
1
  10
-1730.089311
  20
1047.498698
  0
VERTEX
  8
1
  10
-1726.977700
  20
1035.278907
  0
VERTEX
  8
1
  10
-1723.948307
  20
1026.175849
  0
VERTEX
  8
1
  10
-1720.555168
  20
1018.272506
  0
VERTEX
  8
1
  10
-1716.877613
  20
1011.562079
  0
VERTEX
  8
1
  10
-1712.674367
  20
1005.572105
  0
VERTEX
  8
1
  10
-1708.813674
  20
1001.305565
  0
VERTEX
  8
1
  10
-1703.859626
  20
997.062610
  0
VERTEX
  8
1
  10
-1697.233487
  20
992.627682
  0
VERTEX
  8
1
  10
-1689.726079
  20
988.620176
  0
VERTEX
  8
1
  10
-1679.674384
  20
984.282663
  0
VERTEX
  8
1
  10
-1664.600160
  20
978.907740
  0
VERTEX
  8
1
  10
-1642.552582
  20
972.197653
  0
VERTEX
  8
1
  10
-1593.462747
  20
958.463492
  0
VERTEX
  8
1
  10
-1545.477900
  20
945.075463
  0
VERTEX
  8
1
  10
-1497.298309
  20
931.631027
  0
VERTEX
  8
1
  10
-1457.996048
  20
920.665860
  0
VERTEX
  8
1
  10
-1439.023832
  20
915.372544
  0
VERTEX
  8
1
  10
-1449.496280
  20
858.679289
  0
VERTEX
  8
1
  10
-1454.729317
  20
824.185380
  0
VERTEX
  8
1
  10
-1459.037732
  20
790.671049
  0
VERTEX
  8
1
  10
-1459.411332
  20
787.438438
  0
VERTEX
  8
1
  10
-1459.413739
  20
787.307074
  0
VERTEX
  8
1
  10
-1459.669854
  20
773.326834
  0
VERTEX
  8
1
  10
-1465.203824
  20
760.500020
  0
VERTEX
  8
1
  10
-1465.264389
  20
760.359640
  0
VERTEX
  8
1
  10
-1475.930816
  20
727.499255
  0
VERTEX
  8
1
  10
-1481.933644
  20
706.097508
  0
VERTEX
  8
1
  10
-1487.096580
  20
684.478021
  0
VERTEX
  8
1
  10
-1492.092855
  20
659.402397
  0
VERTEX
  8
1
  10
-1495.827547
  20
638.466398
  0
VERTEX
  8
1
  10
-1506.724127
  20
639.197685
  0
VERTEX
  8
1
  10
-1521.650715
  20
640.138480
  0
VERTEX
  8
1
  10
-1560.322762
  20
643.016093
  0
VERTEX
  8
1
  10
-1604.728452
  20
647.235949
  0
VERTEX
  8
1
  10
-1638.625644
  20
651.224406
  0
VERTEX
  8
1
  10
-1670.902744
  20
655.913473
  0
VERTEX
  8
1
  10
-1721.210312
  20
663.960695
  0
VERTEX
  8
1
  10
-1772.928362
  20
672.175550
  0
VERTEX
  8
1
  10
-1821.218383
  20
679.784407
  0
VERTEX
  8
1
  10
-1871.556950
  20
687.461924
  0
VERTEX
  8
1
  10
-1923.552141
  20
694.875498
  0
VERTEX
  8
1
  10
-1958.303672
  20
699.485095
  0
VERTEX
  8
1
  10
-2008.630928
  20
705.466873
  0
VERTEX
  8
1
  10
-2059.116175
  20
710.822839
  0
VERTEX
  8
1
  10
-2111.914830
  20
715.843669
  0
VERTEX
  8
1
  10
-2114.000474
  20
716.042001
  0
VERTEX
  8
1
  10
-2501.259061
  20
728.384888
  0
SEQEND
  8
1
  0
POINT
  8
2
 10
-2501.300850
 20
728.386219
  0
TEXT
  8
2
 10
-2501.300850
 20
728.386219
 40
0.000000
 50
0.000000
  1
# 209
  0
POINT
  8
2
 10
-2538.301384
 20
727.206921
  0
TEXT
  8
2
 10
-2538.301384
 20
727.206921
 40
0.000000
 50
0.000000
  1
# 210
  0
POINT
  8
2
 10
-2538.299591
 20
935.882513
  0
TEXT
  8
2
 10
-2538.299591
 20
935.882513
 40
0.000000
 50
0.000000
  1
# 211
  0
POINT
  8
2
 10
-2538.309101
 20
984.573021
  0
TEXT
  8
2
 10
-2538.309101
 20
984.573021
 40
0.000000
 50
0.000000
  1
# 212
  0
POINT
  8
2
 10
-2501.309195
 20
983.393671
  0
TEXT
  8
2
 10
-2501.309195
 20
983.393671
 40
0.000000
 50
0.000000
  1
# 213
  0
POINT
  8
2
 10
-2112.853050
 20
995.952704
  0
TEXT
  8
2
 10
-2112.853050
 20
995.952704
 40
0.000000
 50
0.000000
  1
# 214
  0
POINT
  8
2
 10
-1737.622351
 20
1098.782417
  0
TEXT
  8
2
 10
-1737.622351
 20
1098.782417
 40
0.000000
 50
0.000000
  1
# 215
  0
POINT
  8
2
 10
-1439.023832
 20
915.372544
  0
TEXT
  8
2
 10
-1439.023832
 20
915.372544
 40
0.000000
 50
0.000000
  1
# 216
  0
POINT
  8
2
 10
-1459.411332
 20
787.438438
  0
TEXT
  8
2
 10
-1459.411332
 20
787.438438
 40
0.000000
 50
0.000000
  1
# 217
  0
POINT
  8
2
 10
-1459.669854
 20
773.326834
  0
TEXT
  8
2
 10
-1459.669854
 20
773.326834
 40
0.000000
 50
0.000000
  1
# 218
  0
POINT
  8
2
 10
-1465.264389
 20
760.359640
  0
TEXT
  8
2
 10
-1465.264389
 20
760.359640
 40
0.000000
 50
0.000000
  1
# 219
  0
POINT
  8
2
 10
-1495.827547
 20
638.466398
  0
TEXT
  8
2
 10
-1495.827547
 20
638.466398
 40
0.000000
 50
0.000000
  1
# 220
  0
POINT
  8
2
 10
-1923.552141
 20
694.875498
  0
TEXT
  8
2
 10
-1923.552141
 20
694.875498
 40
0.000000
 50
0.000000
  1
# 221
  0
POINT
  8
2
 10
-2114.000474
 20
716.042001
  0
TEXT
  8
2
 10
-2114.000474
 20
716.042001
 40
0.000000
 50
0.000000
  1
# 222
  0
POINT
  8
3
 10
-2538.292710
 20
781.327294
  0
POINT
  8
3
 10
-2538.286974
 20
831.276731
  0
POINT
  8
3
 10
-2538.286982
 20
883.167780
  0
POINT
  8
3
 10
-2501.308869
 20
983.393681
  0
POINT
  8
3
 10
-2111.979292
 20
996.078359
  0
POINT
  8
3
 10
-2061.588108
 20
1003.325122
  0
POINT
  8
3
 10
-2015.087697
 20
1011.285033
  0
POINT
  8
3
 10
-1973.864598
 20
1019.515563
  0
POINT
  8
3
 10
-1938.872507
 20
1027.651606
  0
POINT
  8
3
 10
-1907.935568
 20
1035.870561
  0
POINT
  8
3
 10
-1877.302171
 20
1045.049510
  0
POINT
  8
3
 10
-1846.654014
 20
1055.349276
  0
POINT
  8
3
 10
-1808.848599
 20
1069.394081
  0
POINT
  8
3
 10
-1777.506112
 20
1081.956676
  0
POINT
  8
3
 10
-1753.673878
 20
1092.067099
  0
POINT
  8
3
 10
-1736.139085
 20
1087.009586
  0
POINT
  8
3
 10
-1735.086189
 20
1077.960066
  0
POINT
  8
3
 10
-1732.802900
 20
1061.512570
  0
POINT
  8
3
 10
-1730.089311
 20
1047.498698
  0
POINT
  8
3
 10
-1726.977700
 20
1035.278907
  0
POINT
  8
3
 10
-1723.948307
 20
1026.175849
  0
POINT
  8
3
 10
-1720.555168
 20
1018.272506
  0
POINT
  8
3
 10
-1716.877613
 20
1011.562079
  0
POINT
  8
3
 10
-1712.674367
 20
1005.572105
  0
POINT
  8
3
 10
-1708.813674
 20
1001.305565
  0
POINT
  8
3
 10
-1703.859626
 20
997.062610
  0
POINT
  8
3
 10
-1697.233487
 20
992.627682
  0
POINT
  8
3
 10
-1689.726079
 20
988.620176
  0
POINT
  8
3
 10
-1679.674384
 20
984.282663
  0
POINT
  8
3
 10
-1664.600160
 20
978.907740
  0
POINT
  8
3
 10
-1642.552582
 20
972.197653
  0
POINT
  8
3
 10
-1593.462747
 20
958.463492
  0
POINT
  8
3
 10
-1545.477900
 20
945.075463
  0
POINT
  8
3
 10
-1497.298309
 20
931.631027
  0
POINT
  8
3
 10
-1457.996048
 20
920.665860
  0
POINT
  8
3
 10
-1449.496280
 20
858.679289
  0
POINT
  8
3
 10
-1454.729317
 20
824.185380
  0
POINT
  8
3
 10
-1459.037732
 20
790.671049
  0
POINT
  8
3
 10
-1459.413739
 20
787.307074
  0
POINT
  8
3
 10
-1465.203824
 20
760.500020
  0
POINT
  8
3
 10
-1475.930816
 20
727.499255
  0
POINT
  8
3
 10
-1481.933644
 20
706.097508
  0
POINT
  8
3
 10
-1487.096580
 20
684.478021
  0
POINT
  8
3
 10
-1492.092855
 20
659.402397
  0
POINT
  8
3
 10
-1506.724127
 20
639.197685
  0
POINT
  8
3
 10
-1521.650715
 20
640.138480
  0
POINT
  8
3
 10
-1560.322762
 20
643.016093
  0
POINT
  8
3
 10
-1604.728452
 20
647.235949
  0
POINT
  8
3
 10
-1638.625644
 20
651.224406
  0
POINT
  8
3
 10
-1670.902744
 20
655.913473
  0
POINT
  8
3
 10
-1721.210312
 20
663.960695
  0
POINT
  8
3
 10
-1772.928362
 20
672.175550
  0
POINT
  8
3
 10
-1821.218383
 20
679.784407
  0
POINT
  8
3
 10
-1871.556950
 20
687.461924
  0
POINT
  8
3
 10
-1958.303672
 20
699.485095
  0
POINT
  8
3
 10
-2008.630928
 20
705.466873
  0
POINT
  8
3
 10
-2059.116175
 20
710.822839
  0
POINT
  8
3
 10
-2111.914830
 20
715.843669
  0
POINT
  8
3
 10
-2501.259061
 20
728.384888
  0
POINT
  8
4
 10
-2501.308869
 20
983.393681
 30
0.400000
 50
270.01
  0
TEXT
  8
4
 10
-2501.308869
 20
983.393681
 40
0.000000
 50
0.000000
  1
# 223
  0
POINT
  8
4
 10
-2111.979292
 20
996.078359
 30
0.400000
 50
270.01
  0
TEXT
  8
4
 10
-2111.979292
 20
996.078359
 40
0.000000
 50
0.000000
  1
# 224
  0
POINT
  8
4
 10
-1459.413739
 20
787.307074
 30
0.400000
 50
175.43
  0
TEXT
  8
4
 10
-1459.413739
 20
787.307074
 40
0.000000
 50
0.000000
  1
# 225
  0
POINT
  8
4
 10
-1465.203824
 20
760.500020
 30
0.400000
 50
160.21
  0
TEXT
  8
4
 10
-1465.203824
 20
760.500020
 40
0.000000
 50
0.000000
  1
# 226
  0
POINT
  8
4
 10
-2111.914830
 20
715.843669
 30
0.400000
 50
 90.01
  0
TEXT
  8
4
 10
-2111.914830
 20
715.843669
 40
0.000000
 50
0.000000
  1
# 227
  0
POINT
  8
4
 10
-2501.259061
 20
728.384888
 30
0.400000
 50
 90.01
  0
TEXT
  8
4
 10
-2501.259061
 20
728.384888
 40
0.000000
 50
0.000000
  1
# 228
  0
POLYLINE
  8
14
  66
1
  70
1
  0
VERTEX
  8
14
  10
-2501.299591
  20
738.388519
  0
VERTEX
  8
14
  10
-2501.292711
  20
781.316954
  0
VERTEX
  8
14
  10
-2501.286974
  20
831.278202
  0
VERTEX
  8
14
  10
-2501.286982
  20
883.173865
  0
VERTEX
  8
14
  10
-2501.299591
  20
935.589447
  0
VERTEX
  8
14
  10
-2501.299591
  20
935.889740
  0
VERTEX
  8
14
  10
-2501.306915
  20
973.388519
  0
VERTEX
  8
14
  10
-2501.306915
  20
973.388519
  0
VERTEX
  8
14
  10
-2111.977081
  20
985.975800
  0
VERTEX
  8
14
  10
-2111.977081
  20
985.975800
  0
VERTEX
  8
14
  10
-2060.025107
  20
993.448026
  0
VERTEX
  8
14
  10
-2013.268632
  20
1001.451875
  0
VERTEX
  8
14
  10
-1971.753218
  20
1009.741001
  0
VERTEX
  8
14
  10
-1936.450826
  20
1017.949263
  0
VERTEX
  8
14
  10
-1905.219437
  20
1026.246495
  0
VERTEX
  8
14
  10
-1874.275163
  20
1035.518653
  0
VERTEX
  8
14
  10
-1843.321404
  20
1045.920930
  0
VERTEX
  8
14
  10
-1805.229761
  20
1060.071849
  0
VERTEX
  8
14
  10
-1773.686350
  20
1072.714954
  0
VERTEX
  8
14
  10
-1745.865021
  20
1084.564362
  0
VERTEX
  8
14
  10
-1745.019335
  20
1076.805679
  0
VERTEX
  8
14
  10
-1742.668654
  20
1059.879504
  0
VERTEX
  8
14
  10
-1739.849821
  20
1045.323281
  0
VERTEX
  8
14
  10
-1736.574067
  20
1032.466481
  0
VERTEX
  8
14
  10
-1733.300054
  20
1022.633981
  0
VERTEX
  8
14
  10
-1729.549232
  20
1013.901372
  0
VERTEX
  8
14
  10
-1725.384354
  20
1006.305144
  0
VERTEX
  8
14
  10
-1720.475588
  20
999.315832
  0
VERTEX
  8
14
  10
-1715.799152
  20
994.149931
  0
VERTEX
  8
14
  10
-1709.900481
  20
989.093414
  0
VERTEX
  8
14
  10
-1702.347497
  20
984.034260
  0
VERTEX
  8
14
  10
-1694.062530
  20
979.609339
  0
VERTEX
  8
14
  10
-1683.321359
  20
974.971402
  0
VERTEX
  8
14
  10
-1667.718528
  20
969.406384
  0
VERTEX
  8
14
  10
-1645.313960
  20
962.586473
  0
VERTEX
  8
14
  10
-1596.153271
  20
948.832237
  0
VERTEX
  8
14
  10
-1548.165699
  20
935.443446
  0
VERTEX
  8
14
  10
-1499.986071
  20
921.999000
  0
VERTEX
  8
14
  10
-1450.518341
  20
908.197784
  0
VERTEX
  8
14
  10
-1459.359978
  20
860.324722
  0
VERTEX
  8
14
  10
-1464.634240
  20
825.561066
  0
VERTEX
  8
14
  10
-1468.969304
  20
791.838903
  0
VERTEX
  8
14
  10
-1469.400787
  20
788.105621
  0
VERTEX
  8
14
  10
-1469.400787
  20
788.105621
  0
VERTEX
  8
14
  10
-1469.630890
  20
775.482330
  0
VERTEX
  8
14
  10
-1474.631500
  20
763.891754
  0
VERTEX
  8
14
  10
-1474.631500
  20
763.891754
  0
VERTEX
  8
14
  10
-1485.507462
  20
730.378117
  0
VERTEX
  8
14
  10
-1491.611914
  20
708.613675
  0
VERTEX
  8
14
  10
-1496.866240
  20
686.611970
  0
VERTEX
  8
14
  10
-1501.928937
  20
661.205589
  0
VERTEX
  8
14
  10
-1504.093170
  20
649.073944
  0
VERTEX
  8
14
  10
-1521.005787
  20
650.117662
  0
VERTEX
  8
14
  10
-1559.477264
  20
652.980285
  0
VERTEX
  8
14
  10
-1603.676270
  20
657.180441
  0
VERTEX
  8
14
  10
-1637.326595
  20
661.139670
  0
VERTEX
  8
14
  10
-1669.351336
  20
665.792397
  0
VERTEX
  8
14
  10
-1719.641771
  20
673.836913
  0
VERTEX
  8
14
  10
-1771.358616
  20
682.051577
  0
VERTEX
  8
14
  10
-1819.679576
  20
689.665301
  0
VERTEX
  8
14
  10
-1870.083031
  20
697.352706
  0
VERTEX
  8
14
  10
-1922.188873
  20
704.782257
  0
VERTEX
  8
14
  10
-1957.038587
  20
709.404750
  0
VERTEX
  8
14
  10
-2007.518829
  20
715.404843
  0
VERTEX
  8
14
  10
-2058.114328
  20
720.772527
  0
VERTEX
  8
14
  10
-2111.917267
  20
725.889130
  0
VERTEX
  8
14
  10
-2111.917267
  20
725.980682
  0
SEQEND
  8
14
  0
POINT
  8
2
 10
-2501.299591
 20
738.388519
  0
TEXT
  8
2
 10
-2501.299591
 20
738.388519
 40
0.000000
 50
0.000000
  1
# 229
  0
POINT
  8
2
 10
-2501.299591
 20
935.889740
  0
TEXT
  8
2
 10
-2501.299591
 20
935.889740
 40
0.000000
 50
0.000000
  1
# 230
  0
POINT
  8
2
 10
-2501.306915
 20
973.388519
  0
TEXT
  8
2
 10
-2501.306915
 20
973.388519
 40
0.000000
 50
0.000000
  1
# 231
  0
POINT
  8
2
 10
-2111.977081
 20
985.975800
  0
TEXT
  8
2
 10
-2111.977081
 20
985.975800
 40
0.000000
 50
0.000000
  1
# 232
  0
POINT
  8
2
 10
-1745.865021
 20
1084.564362
  0
TEXT
  8
2
 10
-1745.865021
 20
1084.564362
 40
0.000000
 50
0.000000
  1
# 233
  0
POINT
  8
2
 10
-1450.518341
 20
908.197784
  0
TEXT
  8
2
 10
-1450.518341
 20
908.197784
 40
0.000000
 50
0.000000
  1
# 234
  0
POINT
  8
2
 10
-1469.400787
 20
788.105621
  0
TEXT
  8
2
 10
-1469.400787
 20
788.105621
 40
0.000000
 50
0.000000
  1
# 235
  0
POINT
  8
2
 10
-1469.630890
 20
775.482330
  0
TEXT
  8
2
 10
-1469.630890
 20
775.482330
 40
0.000000
 50
0.000000
  1
# 236
  0
POINT
  8
2
 10
-1474.631500
 20
763.891754
  0
TEXT
  8
2
 10
-1474.631500
 20
763.891754
 40
0.000000
 50
0.000000
  1
# 237
  0
POINT
  8
2
 10
-1504.093170
 20
649.073944
  0
TEXT
  8
2
 10
-1504.093170
 20
649.073944
 40
0.000000
 50
0.000000
  1
# 238
  0
POINT
  8
2
 10
-1922.188873
 20
704.782257
  0
TEXT
  8
2
 10
-1922.188873
 20
704.782257
 40
0.000000
 50
0.000000
  1
# 239
  0
POINT
  8
2
 10
-2111.917267
 20
725.980682
  0
TEXT
  8
2
 10
-2111.917267
 20
725.980682
 40
0.000000
 50
0.000000
  1
# 240
  0
POINT
  8
3
 10
-2501.292711
 20
781.316954
  0
POINT
  8
3
 10
-2501.286974
 20
831.278202
  0
POINT
  8
3
 10
-2501.286982
 20
883.173865
  0
POINT
  8
3
 10
-2501.299591
 20
935.589447
  0
POINT
  8
3
 10
-2501.306915
 20
973.388519
  0
POINT
  8
3
 10
-2111.977081
 20
985.975800
  0
POINT
  8
3
 10
-2060.025107
 20
993.448026
  0
POINT
  8
3
 10
-2013.268632
 20
1001.451875
  0
POINT
  8
3
 10
-1971.753218
 20
1009.741001
  0
POINT
  8
3
 10
-1936.450826
 20
1017.949263
  0
POINT
  8
3
 10
-1905.219437
 20
1026.246495
  0
POINT
  8
3
 10
-1874.275163
 20
1035.518653
  0
POINT
  8
3
 10
-1843.321404
 20
1045.920930
  0
POINT
  8
3
 10
-1805.229761
 20
1060.071849
  0
POINT
  8
3
 10
-1773.686350
 20
1072.714954
  0
POINT
  8
3
 10
-1745.019335
 20
1076.805679
  0
POINT
  8
3
 10
-1742.668654
 20
1059.879504
  0
POINT
  8
3
 10
-1739.849821
 20
1045.323281
  0
POINT
  8
3
 10
-1736.574067
 20
1032.466481
  0
POINT
  8
3
 10
-1733.300054
 20
1022.633981
  0
POINT
  8
3
 10
-1729.549232
 20
1013.901372
  0
POINT
  8
3
 10
-1725.384354
 20
1006.305144
  0
POINT
  8
3
 10
-1720.475588
 20
999.315832
  0
POINT
  8
3
 10
-1715.799152
 20
994.149931
  0
POINT
  8
3
 10
-1709.900481
 20
989.093414
  0
POINT
  8
3
 10
-1702.347497
 20
984.034260
  0
POINT
  8
3
 10
-1694.062530
 20
979.609339
  0
POINT
  8
3
 10
-1683.321359
 20
974.971402
  0
POINT
  8
3
 10
-1667.718528
 20
969.406384
  0
POINT
  8
3
 10
-1645.313960
 20
962.586473
  0
POINT
  8
3
 10
-1596.153271
 20
948.832237
  0
POINT
  8
3
 10
-1548.165699
 20
935.443446
  0
POINT
  8
3
 10
-1499.986071
 20
921.999000
  0
POINT
  8
3
 10
-1459.359978
 20
860.324722
  0
POINT
  8
3
 10
-1464.634240
 20
825.561066
  0
POINT
  8
3
 10
-1468.969304
 20
791.838903
  0
POINT
  8
3
 10
-1469.400787
 20
788.105621
  0
POINT
  8
3
 10
-1474.631500
 20
763.891754
  0
POINT
  8
3
 10
-1485.507462
 20
730.378117
  0
POINT
  8
3
 10
-1491.611914
 20
708.613675
  0
POINT
  8
3
 10
-1496.866240
 20
686.611970
  0
POINT
  8
3
 10
-1501.928937
 20
661.205589
  0
POINT
  8
3
 10
-1521.005787
 20
650.117662
  0
POINT
  8
3
 10
-1559.477264
 20
652.980285
  0
POINT
  8
3
 10
-1603.676270
 20
657.180441
  0
POINT
  8
3
 10
-1637.326595
 20
661.139670
  0
POINT
  8
3
 10
-1669.351336
 20
665.792397
  0
POINT
  8
3
 10
-1719.641771
 20
673.836913
  0
POINT
  8
3
 10
-1771.358616
 20
682.051577
  0
POINT
  8
3
 10
-1819.679576
 20
689.665301
  0
POINT
  8
3
 10
-1870.083031
 20
697.352706
  0
POINT
  8
3
 10
-1957.038587
 20
709.404750
  0
POINT
  8
3
 10
-2007.518829
 20
715.404843
  0
POINT
  8
3
 10
-2058.114328
 20
720.772527
  0
POINT
  8
3
 10
-2111.917267
 20
725.889130
  0
POINT
  8
4
 10
-2501.299591
 20
935.589447
 30
0.400000
 50
 90.01
  0
TEXT
  8
4
 10
-2501.299591
 20
935.589447
 40
0.000000
 50
0.000000
  1
# 241
  0
POINT
  8
4
 10
-2501.306915
 20
973.388519
 30
0.400000
 50
270.01
  0
TEXT
  8
4
 10
-2501.306915
 20
973.388519
 40
0.000000
 50
0.000000
  1
# 242
  0
POINT
  8
4
 10
-2111.977081
 20
985.975800
 30
0.400000
 50
270.01
  0
TEXT
  8
4
 10
-2111.977081
 20
985.975800
 40
0.000000
 50
0.000000
  1
# 243
  0
POINT
  8
4
 10
-1469.400787
 20
788.105621
 30
0.400000
 50
175.43
  0
TEXT
  8
4
 10
-1469.400787
 20
788.105621
 40
0.000000
 50
0.000000
  1
# 244
  0
POINT
  8
4
 10
-1474.631500
 20
763.891754
 30
0.400000
 50
160.21
  0
TEXT
  8
4
 10
-1474.631500
 20
763.891754
 40
0.000000
 50
0.000000
  1
# 245
  0
POINT
  8
4
 10
-2111.917267
 20
725.889130
 30
0.400000
 50
 90.01
  0
TEXT
  8
4
 10
-2111.917267
 20
725.889130
 40
0.000000
 50
0.000000
  1
# 246
  0
POLYLINE
  8
8
  66
1
  70
0
  0
VERTEX
  8
8
  10
-1548.281403
  20
708.023529
  0
VERTEX
  8
8
  10
-1534.087021
  20
773.615911
  0
VERTEX
  8
8
  10
-1521.477366
  20
831.885254
  0
VERTEX
  8
8
  10
-1513.383331
  20
869.287872
  0
SEQEND
  8
8
  0
POINT
  8
2
 10
-1548.281403
 20
708.023529
  0
TEXT
  8
2
 10
-1548.281403
 20
708.023529
 40
0.000000
 50
0.000000
  1
# 247
  0
POINT
  8
2
 10
-1513.383331
 20
869.287872
  0
TEXT
  8
2
 10
-1513.383331
 20
869.287872
 40
0.000000
 50
0.000000
  1
# 248
  0
POINT
  8
3
 10
-1534.087021
 20
773.615911
  0
POINT
  8
3
 10
-1521.477366
 20
831.885254
  0
POLYLINE
  8
8
  66
1
  70
0
  0
VERTEX
  8
8
  10
-1513.383331
  20
869.287872
  0
VERTEX
  8
8
  10
-1534.881744
  20
873.942413
  0
SEQEND
  8
8
  0
POINT
  8
2
 10
-1513.383331
 20
869.287872
  0
TEXT
  8
2
 10
-1513.383331
 20
869.287872
 40
0.000000
 50
0.000000
  1
# 249
  0
POINT
  8
2
 10
-1534.881744
 20
873.942413
  0
TEXT
  8
2
 10
-1534.881744
 20
873.942413
 40
0.000000
 50
0.000000
  1
# 250
  0
POLYLINE
  8
8
  66
1
  70
0
  0
VERTEX
  8
8
  10
-1534.881744
  20
873.942413
  0
VERTEX
  8
8
  10
-1569.781647
  20
712.674408
  0
SEQEND
  8
8
  0
POINT
  8
2
 10
-1534.881744
 20
873.942413
  0
TEXT
  8
2
 10
-1534.881744
 20
873.942413
 40
0.000000
 50
0.000000
  1
# 251
  0
POINT
  8
2
 10
-1569.781647
 20
712.674408
  0
TEXT
  8
2
 10
-1569.781647
 20
712.674408
 40
0.000000
 50
0.000000
  1
# 252
  0
POLYLINE
  8
8
  66
1
  70
0
  0
VERTEX
  8
8
  10
-1569.781647
  20
712.674408
  0
VERTEX
  8
8
  10
-1548.281403
  20
708.023529
  0
SEQEND
  8
8
  0
POINT
  8
2
 10
-1569.781647
 20
712.674408
  0
TEXT
  8
2
 10
-1569.781647
 20
712.674408
 40
0.000000
 50
0.000000
  1
# 253
  0
POINT
  8
2
 10
-1548.281403
 20
708.023529
  0
TEXT
  8
2
 10
-1548.281403
 20
708.023529
 40
0.000000
 50
0.000000
  1
# 254
  0
POLYLINE
  8
8
  66
1
  70
0
  0
VERTEX
  8
8
  10
-1574.509430
  20
723.929291
  0
VERTEX
  8
8
  10
-1543.841095
  20
865.650482
  0
SEQEND
  8
8
  0
POINT
  8
2
 10
-1574.509430
 20
723.929291
  0
TEXT
  8
2
 10
-1574.509430
 20
723.929291
 40
0.000000
 50
0.000000
  1
# 255
  0
POINT
  8
2
 10
-1543.841095
 20
865.650482
  0
TEXT
  8
2
 10
-1543.841095
 20
865.650482
 40
0.000000
 50
0.000000
  1
# 256
  0
POLYLINE
  8
8
  66
1
  70
0
  0
VERTEX
  8
8
  10
-1543.841095
  20
865.650482
  0
VERTEX
  8
8
  10
-1555.570221
  20
868.188019
  0
SEQEND
  8
8
  0
POINT
  8
2
 10
-1543.841095
 20
865.650482
  0
TEXT
  8
2
 10
-1543.841095
 20
865.650482
 40
0.000000
 50
0.000000
  1
# 257
  0
POINT
  8
2
 10
-1555.570221
 20
868.188019
  0
TEXT
  8
2
 10
-1555.570221
 20
868.188019
 40
0.000000
 50
0.000000
  1
# 258
  0
POLYLINE
  8
8
  66
1
  70
0
  0
VERTEX
  8
8
  10
-1555.570221
  20
868.188019
  0
VERTEX
  8
8
  10
-1586.237335
  20
726.468048
  0
SEQEND
  8
8
  0
POINT
  8
2
 10
-1555.570221
 20
868.188019
  0
TEXT
  8
2
 10
-1555.570221
 20
868.188019
 40
0.000000
 50
0.000000
  1
# 259
  0
POINT
  8
2
 10
-1586.237335
 20
726.468048
  0
TEXT
  8
2
 10
-1586.237335
 20
726.468048
 40
0.000000
 50
0.000000
  1
# 260
  0
POLYLINE
  8
8
  66
1
  70
0
  0
VERTEX
  8
8
  10
-1586.237335
  20
726.468048
  0
VERTEX
  8
8
  10
-1574.509430
  20
723.929291
  0
SEQEND
  8
8
  0
POINT
  8
2
 10
-1586.237335
 20
726.468048
  0
TEXT
  8
2
 10
-1586.237335
 20
726.468048
 40
0.000000
 50
0.000000
  1
# 261
  0
POINT
  8
2
 10
-1574.509430
 20
723.929291
  0
TEXT
  8
2
 10
-1574.509430
 20
723.929291
 40
0.000000
 50
0.000000
  1
# 262
  0
POLYLINE
  8
8
  66
1
  70
0
  0
VERTEX
  8
8
  10
-1556.996002
  20
715.024872
  0
VERTEX
  8
8
  10
-1591.204376
  20
722.427826
  0
SEQEND
  8
8
  0
POINT
  8
2
 10
-1556.996002
 20
715.024872
  0
TEXT
  8
2
 10
-1556.996002
 20
715.024872
 40
0.000000
 50
0.000000
  1
# 263
  0
POINT
  8
2
 10
-1591.204376
 20
722.427826
  0
TEXT
  8
2
 10
-1591.204376
 20
722.427826
 40
0.000000
 50
0.000000
  1
# 264
  0
POLYLINE
  8
8
  66
1
  70
0
  0
VERTEX
  8
8
  10
-1524.214020
  20
866.519318
  0
VERTEX
  8
8
  10
-1540.605011
  20
790.772095
  0
VERTEX
  8
8
  10
-1551.873817
  20
738.695879
  0
VERTEX
  8
8
  10
-1556.996002
  20
715.024872
  0
SEQEND
  8
8
  0
POINT
  8
2
 10
-1524.214020
 20
866.519318
  0
TEXT
  8
2
 10
-1524.214020
 20
866.519318
 40
0.000000
 50
0.000000
  1
# 265
  0
POINT
  8
2
 10
-1556.996002
 20
715.024872
  0
TEXT
  8
2
 10
-1556.996002
 20
715.024872
 40
0.000000
 50
0.000000
  1
# 266
  0
POINT
  8
3
 10
-1540.605011
 20
790.772095
  0
POINT
  8
3
 10
-1551.873817
 20
738.695879
  0
POLYLINE
  8
8
  66
1
  70
0
  0
VERTEX
  8
8
  10
-1573.081207
  20
877.093964
  0
VERTEX
  8
8
  10
-1524.214020
  20
866.519318
  0
SEQEND
  8
8
  0
POINT
  8
2
 10
-1573.081207
 20
877.093964
  0
TEXT
  8
2
 10
-1573.081207
 20
877.093964
 40
0.000000
 50
0.000000
  1
# 267
  0
POINT
  8
2
 10
-1524.214020
 20
866.519318
  0
TEXT
  8
2
 10
-1524.214020
 20
866.519318
 40
0.000000
 50
0.000000
  1
# 268
  0
POLYLINE
  8
8
  66
1
  70
0
  0
VERTEX
  8
8
  10
-1573.081207
  20
877.093964
  0
VERTEX
  8
8
  10
-1577.143609
  20
877.535718
  0
VERTEX
  8
8
  10
-1580.361101
  20
877.107700
  0
VERTEX
  8
8
  10
-1583.111065
  20
875.947028
  0
VERTEX
  8
8
  10
-1585.424622
  20
874.098269
  0
VERTEX
  8
8
  10
-1587.406903
  20
871.417160
  0
VERTEX
  8
8
  10
-1588.881027
  20
867.999288
  0
VERTEX
  8
8
  10
-1589.489288
  20
865.366364
  0
SEQEND
  8
8
  0
POINT
  8
2
 10
-1573.081207
 20
877.093964
  0
TEXT
  8
2
 10
-1573.081207
 20
877.093964
 40
0.000000
 50
0.000000
  1
# 269
  0
POINT
  8
2
 10
-1589.489288
 20
865.366364
  0
TEXT
  8
2
 10
-1589.489288
 20
865.366364
 40
0.000000
 50
0.000000
  1
# 270
  0
POINT
  8
3
 10
-1577.143609
 20
877.535718
  0
POINT
  8
3
 10
-1580.361101
 20
877.107700
  0
POINT
  8
3
 10
-1583.111065
 20
875.947028
  0
POINT
  8
3
 10
-1585.424622
 20
874.098269
  0
POINT
  8
3
 10
-1587.406903
 20
871.417160
  0
POINT
  8
3
 10
-1588.881027
 20
867.999288
  0
POLYLINE
  8
8
  66
1
  70
0
  0
VERTEX
  8
8
  10
-1604.119415
  20
740.499725
  0
VERTEX
  8
8
  10
-1589.489288
  20
865.366364
  0
SEQEND
  8
8
  0
POINT
  8
2
 10
-1604.119415
 20
740.499725
  0
TEXT
  8
2
 10
-1604.119415
 20
740.499725
 40
0.000000
 50
0.000000
  1
# 271
  0
POINT
  8
2
 10
-1589.489288
 20
865.366364
  0
TEXT
  8
2
 10
-1589.489288
 20
865.366364
 40
0.000000
 50
0.000000
  1
# 272
  0
POLYLINE
  8
8
  66
1
  70
0
  0
VERTEX
  8
8
  10
-1591.204376
  20
722.427826
  0
VERTEX
  8
8
  10
-1595.161644
  20
723.718459
  0
VERTEX
  8
8
  10
-1598.192123
  20
725.535043
  0
VERTEX
  8
8
  10
-1600.600612
  20
727.902838
  0
VERTEX
  8
8
  10
-1602.446380
  20
730.878784
  0
VERTEX
  8
8
  10
-1603.680812
  20
734.507899
  0
VERTEX
  8
8
  10
-1604.178674
  20
738.549853
  0
VERTEX
  8
8
  10
-1604.119415
  20
740.499725
  0
SEQEND
  8
8
  0
POINT
  8
2
 10
-1591.204376
 20
722.427826
  0
TEXT
  8
2
 10
-1591.204376
 20
722.427826
 40
0.000000
 50
0.000000
  1
# 273
  0
POINT
  8
2
 10
-1604.119415
 20
740.499725
  0
TEXT
  8
2
 10
-1604.119415
 20
740.499725
 40
0.000000
 50
0.000000
  1
# 274
  0
POINT
  8
3
 10
-1595.161644
 20
723.718459
  0
POINT
  8
3
 10
-1598.192123
 20
725.535043
  0
POINT
  8
3
 10
-1600.600612
 20
727.902838
  0
POINT
  8
3
 10
-1602.446380
 20
730.878784
  0
POINT
  8
3
 10
-1603.680812
 20
734.507899
  0
POINT
  8
3
 10
-1604.178674
 20
738.549853
  0
POLYLINE
  8
8
  66
1
  70
0
  0
VERTEX
  8
8
  10
-1922.188873
  20
704.782257
  0
VERTEX
  8
8
  10
-1914.648995
  20
757.700130
  0
VERTEX
  8
8
  10
-1908.737540
  20
810.946595
  0
VERTEX
  8
8
  10
-1905.392204
  20
853.796182
  0
VERTEX
  8
8
  10
-1903.543208
  20
898.566509
  0
VERTEX
  8
8
  10
-1903.097413
  20
940.630059
  0
VERTEX
  8
8
  10
-1903.821044
  20
987.640931
  0
VERTEX
  8
8
  10
-1905.176138
  20
1022.442259
  0
VERTEX
  8
8
  10
-1905.383453
  20
1026.244965
  0
SEQEND
  8
8
  0
POINT
  8
2
 10
-1922.188873
 20
704.782257
  0
TEXT
  8
2
 10
-1922.188873
 20
704.782257
 40
0.000000
 50
0.000000
  1
# 275
  0
POINT
  8
2
 10
-1905.383453
 20
1026.244965
  0
TEXT
  8
2
 10
-1905.383453
 20
1026.244965
 40
0.000000
 50
0.000000
  1
# 276
  0
POINT
  8
3
 10
-1914.648995
 20
757.700130
  0
POINT
  8
3
 10
-1908.737540
 20
810.946595
  0
POINT
  8
3
 10
-1905.392204
 20
853.796182
  0
POINT
  8
3
 10
-1903.543208
 20
898.566509
  0
POINT
  8
3
 10
-1903.097413
 20
940.630059
  0
POINT
  8
3
 10
-1903.821044
 20
987.640931
  0
POINT
  8
3
 10
-1905.176138
 20
1022.442259
  0
POLYLINE
  8
8
  66
1
  70
0
  0
VERTEX
  8
8
  10
-1905.383453
  20
1026.244965
  0
VERTEX
  8
8
  10
-1922.188873
  20
704.782257
  0
SEQEND
  8
8
  0
POINT
  8
2
 10
-1905.383453
 20
1026.244965
  0
TEXT
  8
2
 10
-1905.383453
 20
1026.244965
 40
0.000000
 50
0.000000
  1
# 277
  0
POINT
  8
2
 10
-1922.188873
 20
704.782257
  0
TEXT
  8
2
 10
-1922.188873
 20
704.782257
 40
0.000000
 50
0.000000
  1
# 278
  0
POLYLINE
  8
8
  66
1
  70
0
  0
VERTEX
  8
8
  10
-2036.222076
  20
718.510590
  0
VERTEX
  8
8
  10
-2036.242161
  20
806.749773
  0
VERTEX
  8
8
  10
-2036.259735
  20
883.959059
  0
VERTEX
  8
8
  10
-2036.270831
  20
932.708484
  0
VERTEX
  8
8
  10
-2036.282825
  20
985.406885
  0
VERTEX
  8
8
  10
-2036.285553
  20
997.389984
  0
SEQEND
  8
8
  0
POINT
  8
2
 10
-2036.222076
 20
718.510590
  0
TEXT
  8
2
 10
-2036.222076
 20
718.510590
 40
0.000000
 50
0.000000
  1
# 279
  0
POINT
  8
2
 10
-2036.285553
 20
997.389984
  0
TEXT
  8
2
 10
-2036.285553
 20
997.389984
 40
0.000000
 50
0.000000
  1
# 280
  0
POINT
  8
3
 10
-2036.242161
 20
806.749773
  0
POINT
  8
3
 10
-2036.259735
 20
883.959059
  0
POINT
  8
3
 10
-2036.270831
 20
932.708484
  0
POINT
  8
3
 10
-2036.282825
 20
985.406885
  0
POLYLINE
  8
8
  66
1
  70
0
  0
VERTEX
  8
8
  10
-2036.285553
  20
997.389984
  0
VERTEX
  8
8
  10
-2039.808998
  20
944.525049
  0
VERTEX
  8
8
  10
-2041.706549
  20
898.102815
  0
VERTEX
  8
8
  10
-2042.302940
  20
854.827653
  0
VERTEX
  8
8
  10
-2041.250640
  20
803.678709
  0
VERTEX
  8
8
  10
-2039.104188
  20
759.369450
  0
VERTEX
  8
8
  10
-2036.673534
  20
724.017007
  0
VERTEX
  8
8
  10
-2036.222076
  20
718.510590
  0
SEQEND
  8
8
  0
POINT
  8
2
 10
-2036.285553
 20
997.389984
  0
TEXT
  8
2
 10
-2036.285553
 20
997.389984
 40
0.000000
 50
0.000000
  1
# 281
  0
POINT
  8
2
 10
-2036.222076
 20
718.510590
  0
TEXT
  8
2
 10
-2036.222076
 20
718.510590
 40
0.000000
 50
0.000000
  1
# 282
  0
POINT
  8
3
 10
-2039.808998
 20
944.525049
  0
POINT
  8
3
 10
-2041.706549
 20
898.102815
  0
POINT
  8
3
 10
-2042.302940
 20
854.827653
  0
POINT
  8
3
 10
-2041.250640
 20
803.678709
  0
POINT
  8
3
 10
-2039.104188
 20
759.369450
  0
POINT
  8
3
 10
-2036.673534
 20
724.017007
  0
POLYLINE
  8
8
  66
1
  70
0
  0
VERTEX
  8
8
  10
-2111.917267
  20
725.980682
  0
VERTEX
  8
8
  10
-2111.931766
  20
786.282284
  0
VERTEX
  8
8
  10
-2111.945279
  20
843.806838
  0
VERTEX
  8
8
  10
-2111.958928
  20
903.711720
  0
VERTEX
  8
8
  10
-2111.970119
  20
954.095295
  0
VERTEX
  8
8
  10
-2111.977081
  20
985.975800
  0
SEQEND
  8
8
  0
POINT
  8
2
 10
-2111.917267
 20
725.980682
  0
TEXT
  8
2
 10
-2111.917267
 20
725.980682
 40
0.000000
 50
0.000000
  1
# 283
  0
POINT
  8
2
 10
-2111.977081
 20
985.975800
  0
TEXT
  8
2
 10
-2111.977081
 20
985.975800
 40
0.000000
 50
0.000000
  1
# 284
  0
POINT
  8
3
 10
-2111.931766
 20
786.282284
  0
POINT
  8
3
 10
-2111.945279
 20
843.806838
  0
POINT
  8
3
 10
-2111.958928
 20
903.711720
  0
POINT
  8
3
 10
-2111.970119
 20
954.095295
  0
POLYLINE
  8
8
  66
1
  70
0
  0
VERTEX
  8
8
  10
-2501.286163
  20
855.887299
  0
VERTEX
  8
8
  10
-1733.086700
  20
856.066437
  0
SEQEND
  8
8
  0
POINT
  8
2
 10
-2501.286163
 20
855.887299
  0
TEXT
  8
2
 10
-2501.286163
 20
855.887299
 40
0.000000
 50
0.000000
  1
# 285
  0
POINT
  8
2
 10
-1733.086700
 20
856.066437
  0
TEXT
  8
2
 10
-1733.086700
 20
856.066437
 40
0.000000
 50
0.000000
  1
# 286
  0
POLYLINE
  8
8
  66
1
  70
0
  0
VERTEX
  8
8
  10
-1469.400787
  20
788.105621
  0
VERTEX
  8
8
  10
-1524.750248
  20
792.531353
  0
VERTEX
  8
8
  10
-1562.694855
  20
795.576324
  0
SEQEND
  8
8
  0
POINT
  8
2
 10
-1469.400787
 20
788.105621
  0
TEXT
  8
2
 10
-1469.400787
 20
788.105621
 40
0.000000
 50
0.000000
  1
# 287
  0
POINT
  8
2
 10
-1562.694855
 20
795.576324
  0
TEXT
  8
2
 10
-1562.694855
 20
795.576324
 40
0.000000
 50
0.000000
  1
# 288
  0
POINT
  8
3
 10
-1524.750248
 20
792.531353
  0
POLYLINE
  8
8
  66
1
  70
0
  0
VERTEX
  8
8
  10
-1474.631500
  20
763.891754
  0
VERTEX
  8
8
  10
-1526.875951
  20
782.687424
  0
VERTEX
  8
8
  10
-1562.694855
  20
795.576324
  0
SEQEND
  8
8
  0
POINT
  8
2
 10
-1474.631500
 20
763.891754
  0
TEXT
  8
2
 10
-1474.631500
 20
763.891754
 40
0.000000
 50
0.000000
  1
# 289
  0
POINT
  8
2
 10
-1562.694855
 20
795.576324
  0
TEXT
  8
2
 10
-1562.694855
 20
795.576324
 40
0.000000
 50
0.000000
  1
# 290
  0
POINT
  8
3
 10
-1526.875951
 20
782.687424
  0
POLYLINE
  8
8
  66
1
  70
0
  0
VERTEX
  8
8
  10
-1759.249420
  20
680.125275
  0
VERTEX
  8
8
  10
-1768.985748
  20
1074.700775
  0
SEQEND
  8
8
  0
POINT
  8
2
 10
-1759.249420
 20
680.125275
  0
TEXT
  8
2
 10
-1759.249420
 20
680.125275
 40
0.000000
 50
0.000000
  1
# 291
  0
POINT
  8
2
 10
-1768.985748
 20
1074.700775
  0
TEXT
  8
2
 10
-1768.985748
 20
1074.700775
 40
0.000000
 50
0.000000
  1
# 292
  0
POLYLINE
  8
8
  66
1
  70
0
  0
VERTEX
  8
8
  10
-1656.047516
  20
663.701630
  0
VERTEX
  8
8
  10
-1628.329010
  20
957.805939
  0
SEQEND
  8
8
  0
POINT
  8
2
 10
-1656.047516
 20
663.701630
  0
TEXT
  8
2
 10
-1656.047516
 20
663.701630
 40
0.000000
 50
0.000000
  1
# 293
  0
POINT
  8
2
 10
-1628.329010
 20
957.805939
  0
TEXT
  8
2
 10
-1628.329010
 20
957.805939
 40
0.000000
 50
0.000000
  1
# 294
  0
POLYLINE
  8
8
  66
1
  70
0
  0
VERTEX
  8
8
  10
-2111.977081
  20
985.975800
  0
VERTEX
  8
8
  10
-2501.299591
  20
935.889740
  0
SEQEND
  8
8
  0
POINT
  8
2
 10
-2111.977081
 20
985.975800
  0
TEXT
  8
2
 10
-2111.977081
 20
985.975800
 40
0.000000
 50
0.000000
  1
# 295
  0
POINT
  8
2
 10
-2501.299591
 20
935.889740
  0
TEXT
  8
2
 10
-2501.299591
 20
935.889740
 40
0.000000
 50
0.000000
  1
# 296
  0
POLYLINE
  8
8
  66
1
  70
0
  0
VERTEX
  8
8
  10
-1903.197174
  20
921.872711
  0
VERTEX
  8
8
  10
-1851.891828
  20
920.725677
  0
VERTEX
  8
8
  10
-1822.179095
  20
920.786025
  0
VERTEX
  8
8
  10
-1795.158896
  20
921.662644
  0
VERTEX
  8
8
  10
-1774.345372
  20
923.064186
  0
VERTEX
  8
8
  10
-1758.538326
  20
924.892480
  0
VERTEX
  8
8
  10
-1746.021251
  20
927.140964
  0
VERTEX
  8
8
  10
-1735.258415
  20
929.907588
  0
VERTEX
  8
8
  10
-1726.214292
  20
933.053808
  0
VERTEX
  8
8
  10
-1717.950016
  20
936.823063
  0
VERTEX
  8
8
  10
-1711.123579
  20
940.806996
  0
VERTEX
  8
8
  10
-1704.028473
  20
946.111631
  0
VERTEX
  8
8
  10
-1697.755223
  20
952.074189
  0
VERTEX
  8
8
  10
-1691.579677
  20
959.162650
  0
VERTEX
  8
8
  10
-1685.182560
  20
967.865650
  0
VERTEX
  8
8
  10
-1681.231232
  20
974.173126
  0
SEQEND
  8
8
  0
POINT
  8
2
 10
-1903.197174
 20
921.872711
  0
TEXT
  8
2
 10
-1903.197174
 20
921.872711
 40
0.000000
 50
0.000000
  1
# 297
  0
POINT
  8
2
 10
-1681.231232
 20
974.173126
  0
TEXT
  8
2
 10
-1681.231232
 20
974.173126
 40
0.000000
 50
0.000000
  1
# 298
  0
POINT
  8
3
 10
-1851.891828
 20
920.725677
  0
POINT
  8
3
 10
-1822.179095
 20
920.786025
  0
POINT
  8
3
 10
-1795.158896
 20
921.662644
  0
POINT
  8
3
 10
-1774.345372
 20
923.064186
  0
POINT
  8
3
 10
-1758.538326
 20
924.892480
  0
POINT
  8
3
 10
-1746.021251
 20
927.140964
  0
POINT
  8
3
 10
-1735.258415
 20
929.907588
  0
POINT
  8
3
 10
-1726.214292
 20
933.053808
  0
POINT
  8
3
 10
-1717.950016
 20
936.823063
  0
POINT
  8
3
 10
-1711.123579
 20
940.806996
  0
POINT
  8
3
 10
-1704.028473
 20
946.111631
  0
POINT
  8
3
 10
-1697.755223
 20
952.074189
  0
POINT
  8
3
 10
-1691.579677
 20
959.162650
  0
POINT
  8
3
 10
-1685.182560
 20
967.865650
 0
LINE
 8
7
 10
-2313.040314
 20
861.058197
 11
-1852.814484
 21
861.168060
  0
TEXT
  8
1
 10
-1988.666467
 20
868.624408
 40
10.000000
 50
0.000000
  1
Piece Name: 26SMC-WP186M展_后片
  0
TEXT
  8
1
 10
-1988.666467
 20
883.624408
 40
10.000000
 50
0.000000
  1
Size: 175/84
  0
TEXT
  8
1
 10
-1988.666467
 20
898.624408
 40
10.000000
 50
0.000000
  1
Annotation: 
  0
TEXT
  8
1
 10
-1988.666467
 20
913.624408
 40
10.000000
 50
0.000000
  1
Quantity: 1,1
  0
TEXT
  8
1
 10
-1988.666467
 20
928.624408
 40
10.000000
 50
0.000000
  1
Material: 面
  0
TEXT
  8
1
 10
-1988.666467
 20
928.624408
 40
10.000000
 50
0.000000
  1
Category: 6
0
ENDBLK
0
BLOCK
  8
1
  2
26SMC-WP186M展_腿袋位
 70
0
 10
0.0
 20
0.0
  0
POLYLINE
  8
1
  66
1
  70
1
  0
VERTEX
  8
1
  10
3093.266907
  20
1505.697174
  0
VERTEX
  8
1
  10
3264.439392
  20
1505.700836
  0
VERTEX
  8
1
  10
3268.031115
  20
1507.280521
  0
VERTEX
  8
1
  10
3271.972733
  20
1508.105621
  0
VERTEX
  8
1
  10
3273.267517
  20
1508.200836
  0
VERTEX
  8
1
  10
3301.266785
  20
1508.199615
  0
VERTEX
  8
1
  10
3301.267395
  20
1513.197174
  0
VERTEX
  8
1
  10
3323.268127
  20
1513.200836
  0
VERTEX
  8
1
  10
3323.268127
  20
1425.698395
  0
VERTEX
  8
1
  10
3376.273753
  20
1425.699125
  0
VERTEX
  8
1
  10
3426.854955
  20
1425.699175
  0
VERTEX
  8
1
  10
3479.184275
  20
1425.698589
  0
VERTEX
  8
1
  10
3525.266418
  20
1425.699900
  0
VERTEX
  8
1
  10
3525.267029
  20
1410.700022
  0
VERTEX
  8
1
  10
3525.267639
  20
1395.698486
  0
VERTEX
  8
1
  10
3479.183992
  20
1395.698065
  0
VERTEX
  8
1
  10
3426.853753
  20
1395.699025
  0
VERTEX
  8
1
  10
3376.273947
  20
1395.700725
  0
VERTEX
  8
1
  10
3323.267517
  20
1395.699615
  0
VERTEX
  8
1
  10
3323.268738
  20
1308.198395
  0
VERTEX
  8
1
  10
3301.268616
  20
1308.198395
  0
VERTEX
  8
1
  10
3301.269226
  20
1313.200836
  0
VERTEX
  8
1
  10
3258.267517
  20
1313.199615
  0
VERTEX
  8
1
  10
3254.216471
  20
1313.621921
  0
VERTEX
  8
1
  10
3251.124096
  20
1314.725124
  0
VERTEX
  8
1
  10
3249.552307
  20
1315.698395
  0
VERTEX
  8
1
  10
3093.267517
  20
1315.695953
  0
VERTEX
  8
1
  10
3093.267212
  20
1410.698395
  0
SEQEND
  8
1
  0
POINT
  8
2
 10
3093.266907
 20
1505.697174
  0
TEXT
  8
2
 10
3093.266907
 20
1505.697174
 40
0.000000
 50
0.000000
  1
# 299
  0
POINT
  8
2
 10
3264.439392
 20
1505.700836
  0
TEXT
  8
2
 10
3264.439392
 20
1505.700836
 40
0.000000
 50
0.000000
  1
# 300
  0
POINT
  8
2
 10
3273.267517
 20
1508.200836
  0
TEXT
  8
2
 10
3273.267517
 20
1508.200836
 40
0.000000
 50
0.000000
  1
# 301
  0
POINT
  8
2
 10
3301.266785
 20
1508.199615
  0
TEXT
  8
2
 10
3301.266785
 20
1508.199615
 40
0.000000
 50
0.000000
  1
# 302
  0
POINT
  8
2
 10
3301.267395
 20
1513.197174
  0
TEXT
  8
2
 10
3301.267395
 20
1513.197174
 40
0.000000
 50
0.000000
  1
# 303
  0
POINT
  8
2
 10
3323.268127
 20
1513.200836
  0
TEXT
  8
2
 10
3323.268127
 20
1513.200836
 40
0.000000
 50
0.000000
  1
# 304
  0
POINT
  8
2
 10
3323.268127
 20
1425.698395
  0
TEXT
  8
2
 10
3323.268127
 20
1425.698395
 40
0.000000
 50
0.000000
  1
# 305
  0
POINT
  8
2
 10
3525.266418
 20
1425.699900
  0
TEXT
  8
2
 10
3525.266418
 20
1425.699900
 40
0.000000
 50
0.000000
  1
# 306
  0
POINT
  8
2
 10
3525.267639
 20
1395.698486
  0
TEXT
  8
2
 10
3525.267639
 20
1395.698486
 40
0.000000
 50
0.000000
  1
# 307
  0
POINT
  8
2
 10
3323.267517
 20
1395.699615
  0
TEXT
  8
2
 10
3323.267517
 20
1395.699615
 40
0.000000
 50
0.000000
  1
# 308
  0
POINT
  8
2
 10
3323.268738
 20
1308.198395
  0
TEXT
  8
2
 10
3323.268738
 20
1308.198395
 40
0.000000
 50
0.000000
  1
# 309
  0
POINT
  8
2
 10
3301.268616
 20
1308.198395
  0
TEXT
  8
2
 10
3301.268616
 20
1308.198395
 40
0.000000
 50
0.000000
  1
# 310
  0
POINT
  8
2
 10
3301.269226
 20
1313.200836
  0
TEXT
  8
2
 10
3301.269226
 20
1313.200836
 40
0.000000
 50
0.000000
  1
# 311
  0
POINT
  8
2
 10
3258.267517
 20
1313.199615
  0
TEXT
  8
2
 10
3258.267517
 20
1313.199615
 40
0.000000
 50
0.000000
  1
# 312
  0
POINT
  8
2
 10
3249.552307
 20
1315.698395
  0
TEXT
  8
2
 10
3249.552307
 20
1315.698395
 40
0.000000
 50
0.000000
  1
# 313
  0
POINT
  8
2
 10
3093.267517
 20
1315.695953
  0
TEXT
  8
2
 10
3093.267517
 20
1315.695953
 40
0.000000
 50
0.000000
  1
# 314
  0
POINT
  8
3
 10
3268.031115
 20
1507.280521
  0
POINT
  8
3
 10
3271.972733
 20
1508.105621
  0
POINT
  8
3
 10
3376.273753
 20
1425.699125
  0
POINT
  8
3
 10
3426.854955
 20
1425.699175
  0
POINT
  8
3
 10
3479.184275
 20
1425.698589
  0
POINT
  8
3
 10
3525.267029
 20
1410.700022
  0
POINT
  8
3
 10
3479.183992
 20
1395.698065
  0
POINT
  8
3
 10
3426.853753
 20
1395.699025
  0
POINT
  8
3
 10
3376.273947
 20
1395.700725
  0
POINT
  8
3
 10
3254.216471
 20
1313.621921
  0
POINT
  8
3
 10
3251.124096
 20
1314.725124
  0
POINT
  8
3
 10
3093.267212
 20
1410.698395
  0
POINT
  8
4
 10
3525.267029
 20
1410.700022
 30
0.400000
 50
180.00
  0
TEXT
  8
4
 10
3525.267029
 20
1410.700022
 40
0.000000
 50
0.000000
  1
# 315
  0
POINT
  8
4
 10
3093.267212
 20
1410.698395
 30
0.400000
 50
  0.00
  0
TEXT
  8
4
 10
3093.267212
 20
1410.698395
 40
0.000000
 50
0.000000
  1
# 316
  0
POLYLINE
  8
14
  66
1
  70
1
  0
VERTEX
  8
14
  10
3093.266907
  20
1505.697174
  0
VERTEX
  8
14
  10
3264.439392
  20
1505.700836
  0
VERTEX
  8
14
  10
3268.031115
  20
1507.280521
  0
VERTEX
  8
14
  10
3271.972733
  20
1508.105621
  0
VERTEX
  8
14
  10
3273.267517
  20
1508.200836
  0
VERTEX
  8
14
  10
3301.266785
  20
1508.199615
  0
VERTEX
  8
14
  10
3301.267395
  20
1513.197174
  0
VERTEX
  8
14
  10
3323.268127
  20
1513.200836
  0
VERTEX
  8
14
  10
3323.268127
  20
1425.698395
  0
VERTEX
  8
14
  10
3376.273753
  20
1425.699125
  0
VERTEX
  8
14
  10
3426.854955
  20
1425.699175
  0
VERTEX
  8
14
  10
3479.184275
  20
1425.698589
  0
VERTEX
  8
14
  10
3515.266418
  20
1425.699615
  0
VERTEX
  8
14
  10
3515.267029
  20
1410.699615
  0
VERTEX
  8
14
  10
3515.267639
  20
1395.698395
  0
VERTEX
  8
14
  10
3479.183992
  20
1395.698065
  0
VERTEX
  8
14
  10
3426.853753
  20
1395.699025
  0
VERTEX
  8
14
  10
3376.273947
  20
1395.700725
  0
VERTEX
  8
14
  10
3323.267517
  20
1395.699615
  0
VERTEX
  8
14
  10
3323.268738
  20
1308.198395
  0
VERTEX
  8
14
  10
3301.268616
  20
1308.198395
  0
VERTEX
  8
14
  10
3301.269226
  20
1313.200836
  0
VERTEX
  8
14
  10
3258.267517
  20
1313.199615
  0
VERTEX
  8
14
  10
3254.216471
  20
1313.621921
  0
VERTEX
  8
14
  10
3251.124096
  20
1314.725124
  0
VERTEX
  8
14
  10
3249.552307
  20
1315.698395
  0
VERTEX
  8
14
  10
3093.267517
  20
1315.695953
  0
VERTEX
  8
14
  10
3093.268127
  20
1410.698395
  0
SEQEND
  8
14
  0
POINT
  8
2
 10
3093.266907
 20
1505.697174
  0
TEXT
  8
2
 10
3093.266907
 20
1505.697174
 40
0.000000
 50
0.000000
  1
# 317
  0
POINT
  8
2
 10
3264.439392
 20
1505.700836
  0
TEXT
  8
2
 10
3264.439392
 20
1505.700836
 40
0.000000
 50
0.000000
  1
# 318
  0
POINT
  8
2
 10
3273.267517
 20
1508.200836
  0
TEXT
  8
2
 10
3273.267517
 20
1508.200836
 40
0.000000
 50
0.000000
  1
# 319
  0
POINT
  8
2
 10
3301.266785
 20
1508.199615
  0
TEXT
  8
2
 10
3301.266785
 20
1508.199615
 40
0.000000
 50
0.000000
  1
# 320
  0
POINT
  8
2
 10
3301.267395
 20
1513.197174
  0
TEXT
  8
2
 10
3301.267395
 20
1513.197174
 40
0.000000
 50
0.000000
  1
# 321
  0
POINT
  8
2
 10
3323.268127
 20
1513.200836
  0
TEXT
  8
2
 10
3323.268127
 20
1513.200836
 40
0.000000
 50
0.000000
  1
# 322
  0
POINT
  8
2
 10
3323.268127
 20
1425.698395
  0
TEXT
  8
2
 10
3323.268127
 20
1425.698395
 40
0.000000
 50
0.000000
  1
# 323
  0
POINT
  8
2
 10
3515.266418
 20
1425.699615
  0
TEXT
  8
2
 10
3515.266418
 20
1425.699615
 40
0.000000
 50
0.000000
  1
# 324
  0
POINT
  8
2
 10
3515.267639
 20
1395.698395
  0
TEXT
  8
2
 10
3515.267639
 20
1395.698395
 40
0.000000
 50
0.000000
  1
# 325
  0
POINT
  8
2
 10
3323.267517
 20
1395.699615
  0
TEXT
  8
2
 10
3323.267517
 20
1395.699615
 40
0.000000
 50
0.000000
  1
# 326
  0
POINT
  8
2
 10
3323.268738
 20
1308.198395
  0
TEXT
  8
2
 10
3323.268738
 20
1308.198395
 40
0.000000
 50
0.000000
  1
# 327
  0
POINT
  8
2
 10
3301.268616
 20
1308.198395
  0
TEXT
  8
2
 10
3301.268616
 20
1308.198395
 40
0.000000
 50
0.000000
  1
# 328
  0
POINT
  8
2
 10
3301.269226
 20
1313.200836
  0
TEXT
  8
2
 10
3301.269226
 20
1313.200836
 40
0.000000
 50
0.000000
  1
# 329
  0
POINT
  8
2
 10
3258.267517
 20
1313.199615
  0
TEXT
  8
2
 10
3258.267517
 20
1313.199615
 40
0.000000
 50
0.000000
  1
# 330
  0
POINT
  8
2
 10
3249.552307
 20
1315.698395
  0
TEXT
  8
2
 10
3249.552307
 20
1315.698395
 40
0.000000
 50
0.000000
  1
# 331
  0
POINT
  8
2
 10
3093.267517
 20
1315.695953
  0
TEXT
  8
2
 10
3093.267517
 20
1315.695953
 40
0.000000
 50
0.000000
  1
# 332
  0
POINT
  8
3
 10
3268.031115
 20
1507.280521
  0
POINT
  8
3
 10
3271.972733
 20
1508.105621
  0
POINT
  8
3
 10
3376.273753
 20
1425.699125
  0
POINT
  8
3
 10
3426.854955
 20
1425.699175
  0
POINT
  8
3
 10
3479.184275
 20
1425.698589
  0
POINT
  8
3
 10
3515.267029
 20
1410.699615
  0
POINT
  8
3
 10
3479.183992
 20
1395.698065
  0
POINT
  8
3
 10
3426.853753
 20
1395.699025
  0
POINT
  8
3
 10
3376.273947
 20
1395.700725
  0
POINT
  8
3
 10
3254.216471
 20
1313.621921
  0
POINT
  8
3
 10
3251.124096
 20
1314.725124
  0
POINT
  8
3
 10
3093.268127
 20
1410.698395
  0
POINT
  8
4
 10
3515.267029
 20
1410.699615
 30
0.400000
 50
180.00
  0
TEXT
  8
4
 10
3515.267029
 20
1410.699615
 40
0.000000
 50
0.000000
  1
# 333
  0
POINT
  8
4
 10
3093.268127
 20
1410.698395
 30
0.400000
 50
  0.00
  0
TEXT
  8
4
 10
3093.268127
 20
1410.698395
 40
0.000000
 50
0.000000
  1
# 334
  0
POLYLINE
  8
8
  66
1
  70
0
  0
VERTEX
  8
8
  10
3301.266785
  20
1508.199615
  0
VERTEX
  8
8
  10
3313.266907
  20
1508.195953
  0
SEQEND
  8
8
  0
POINT
  8
2
 10
3301.266785
 20
1508.199615
  0
TEXT
  8
2
 10
3301.266785
 20
1508.199615
 40
0.000000
 50
0.000000
  1
# 335
  0
POINT
  8
2
 10
3313.266907
 20
1508.195953
  0
TEXT
  8
2
 10
3313.266907
 20
1508.195953
 40
0.000000
 50
0.000000
  1
# 336
  0
POLYLINE
  8
8
  66
1
  70
0
  0
VERTEX
  8
8
  10
3313.266907
  20
1508.195953
  0
VERTEX
  8
8
  10
3313.267517
  20
1425.699615
  0
SEQEND
  8
8
  0
POINT
  8
2
 10
3313.266907
 20
1508.195953
  0
TEXT
  8
2
 10
3313.266907
 20
1508.195953
 40
0.000000
 50
0.000000
  1
# 337
  0
POINT
  8
2
 10
3313.267517
 20
1425.699615
  0
TEXT
  8
2
 10
3313.267517
 20
1425.699615
 40
0.000000
 50
0.000000
  1
# 338
  0
POLYLINE
  8
8
  66
1
  70
0
  0
VERTEX
  8
8
  10
3323.268127
  20
1425.698395
  0
VERTEX
  8
8
  10
3313.267517
  20
1425.699615
  0
SEQEND
  8
8
  0
POINT
  8
2
 10
3323.268127
 20
1425.698395
  0
TEXT
  8
2
 10
3323.268127
 20
1425.698395
 40
0.000000
 50
0.000000
  1
# 339
  0
POINT
  8
2
 10
3313.267517
 20
1425.699615
  0
TEXT
  8
2
 10
3313.267517
 20
1425.699615
 40
0.000000
 50
0.000000
  1
# 340
  0
POLYLINE
  8
8
  66
1
  70
0
  0
VERTEX
  8
8
  10
3323.267517
  20
1395.699615
  0
VERTEX
  8
8
  10
3323.268127
  20
1425.698395
  0
SEQEND
  8
8
  0
POINT
  8
2
 10
3323.267517
 20
1395.699615
  0
TEXT
  8
2
 10
3323.267517
 20
1395.699615
 40
0.000000
 50
0.000000
  1
# 341
  0
POINT
  8
2
 10
3323.268127
 20
1425.698395
  0
TEXT
  8
2
 10
3323.268127
 20
1425.698395
 40
0.000000
 50
0.000000
  1
# 342
  0
POLYLINE
  8
8
  66
1
  70
0
  0
VERTEX
  8
8
  10
3313.266907
  20
1395.695953
  0
VERTEX
  8
8
  10
3323.267517
  20
1395.699615
  0
SEQEND
  8
8
  0
POINT
  8
2
 10
3313.266907
 20
1395.695953
  0
TEXT
  8
2
 10
3313.266907
 20
1395.695953
 40
0.000000
 50
0.000000
  1
# 343
  0
POINT
  8
2
 10
3323.267517
 20
1395.699615
  0
TEXT
  8
2
 10
3323.267517
 20
1395.699615
 40
0.000000
 50
0.000000
  1
# 344
  0
POLYLINE
  8
8
  66
1
  70
0
  0
VERTEX
  8
8
  10
3313.266907
  20
1395.695953
  0
VERTEX
  8
8
  10
3313.268738
  20
1313.197174
  0
SEQEND
  8
8
  0
POINT
  8
2
 10
3313.266907
 20
1395.695953
  0
TEXT
  8
2
 10
3313.266907
 20
1395.695953
 40
0.000000
 50
0.000000
  1
# 345
  0
POINT
  8
2
 10
3313.268738
 20
1313.197174
  0
TEXT
  8
2
 10
3313.268738
 20
1313.197174
 40
0.000000
 50
0.000000
  1
# 346
  0
POLYLINE
  8
8
  66
1
  70
0
  0
VERTEX
  8
8
  10
3313.268738
  20
1313.197174
  0
VERTEX
  8
8
  10
3301.269226
  20
1313.200836
  0
SEQEND
  8
8
  0
POINT
  8
2
 10
3313.268738
 20
1313.197174
  0
TEXT
  8
2
 10
3313.268738
 20
1313.197174
 40
0.000000
 50
0.000000
  1
# 347
  0
POINT
  8
2
 10
3301.269226
 20
1313.200836
  0
TEXT
  8
2
 10
3301.269226
 20
1313.200836
 40
0.000000
 50
0.000000
  1
# 348
  0
POLYLINE
  8
8
  66
1
  70
0
  0
VERTEX
  8
8
  10
3301.269226
  20
1313.200836
  0
VERTEX
  8
8
  10
3301.266785
  20
1508.199615
  0
SEQEND
  8
8
  0
POINT
  8
2
 10
3301.269226
 20
1313.200836
  0
TEXT
  8
2
 10
3301.269226
 20
1313.200836
 40
0.000000
 50
0.000000
  1
# 349
  0
POINT
  8
2
 10
3301.266785
 20
1508.199615
  0
TEXT
  8
2
 10
3301.266785
 20
1508.199615
 40
0.000000
 50
0.000000
  1
# 350
  0
POLYLINE
  8
8
  66
1
  70
0
  0
VERTEX
  8
8
  10
3244.418640
  20
1328.155670
  0
VERTEX
  8
8
  10
3257.117004
  20
1493.242340
  0
SEQEND
  8
8
  0
POINT
  8
2
 10
3244.418640
 20
1328.155670
  0
TEXT
  8
2
 10
3244.418640
 20
1328.155670
 40
0.000000
 50
0.000000
  1
# 351
  0
POINT
  8
2
 10
3257.117004
 20
1493.242340
  0
TEXT
  8
2
 10
3257.117004
 20
1493.242340
 40
0.000000
 50
0.000000
  1
# 352
  0
POLYLINE
  8
8
  66
1
  70
0
  0
VERTEX
  8
8
  10
3257.117004
  20
1493.242340
  0
VERTEX
  8
8
  10
3257.856099
  20
1497.321855
  0
VERTEX
  8
8
  10
3259.238788
  20
1500.542298
  0
VERTEX
  8
8
  10
3261.233407
  20
1503.197198
  0
VERTEX
  8
8
  10
3264.439392
  20
1505.700836
  0
SEQEND
  8
8
  0
POINT
  8
2
 10
3257.117004
 20
1493.242340
  0
TEXT
  8
2
 10
3257.117004
 20
1493.242340
 40
0.000000
 50
0.000000
  1
# 353
  0
POINT
  8
2
 10
3264.439392
 20
1505.700836
  0
TEXT
  8
2
 10
3264.439392
 20
1505.700836
 40
0.000000
 50
0.000000
  1
# 354
  0
POINT
  8
3
 10
3257.856099
 20
1497.321855
  0
POINT
  8
3
 10
3259.238788
 20
1500.542298
  0
POINT
  8
3
 10
3261.233407
 20
1503.197198
  0
POLYLINE
  8
8
  66
1
  70
0
  0
VERTEX
  8
8
  10
3298.268127
  20
1505.699615
  0
VERTEX
  8
8
  10
3264.439392
  20
1505.700836
  0
SEQEND
  8
8
  0
POINT
  8
2
 10
3298.268127
 20
1505.699615
  0
TEXT
  8
2
 10
3298.268127
 20
1505.699615
 40
0.000000
 50
0.000000
  1
# 355
  0
POINT
  8
2
 10
3264.439392
 20
1505.700836
  0
TEXT
  8
2
 10
3264.439392
 20
1505.700836
 40
0.000000
 50
0.000000
  1
# 356
  0
POLYLINE
  8
8
  66
1
  70
0
  0
VERTEX
  8
8
  10
3298.268127
  20
1315.699615
  0
VERTEX
  8
8
  10
3298.268127
  20
1505.699615
  0
SEQEND
  8
8
  0
POINT
  8
2
 10
3298.268127
 20
1315.699615
  0
TEXT
  8
2
 10
3298.268127
 20
1315.699615
 40
0.000000
 50
0.000000
  1
# 357
  0
POINT
  8
2
 10
3298.268127
 20
1505.699615
  0
TEXT
  8
2
 10
3298.268127
 20
1505.699615
 40
0.000000
 50
0.000000
  1
# 358
  0
POLYLINE
  8
8
  66
1
  70
0
  0
VERTEX
  8
8
  10
3249.552307
  20
1315.698395
  0
VERTEX
  8
8
  10
3298.268127
  20
1315.699615
  0
SEQEND
  8
8
  0
POINT
  8
2
 10
3249.552307
 20
1315.698395
  0
TEXT
  8
2
 10
3249.552307
 20
1315.698395
 40
0.000000
 50
0.000000
  1
# 359
  0
POINT
  8
2
 10
3298.268127
 20
1315.699615
  0
TEXT
  8
2
 10
3298.268127
 20
1315.699615
 40
0.000000
 50
0.000000
  1
# 360
  0
POLYLINE
  8
8
  66
1
  70
0
  0
VERTEX
  8
8
  10
3249.552307
  20
1315.698395
  0
VERTEX
  8
8
  10
3247.385913
  20
1317.810703
  0
VERTEX
  8
8
  10
3245.769610
  20
1320.558442
  0
VERTEX
  8
8
  10
3244.720452
  20
1324.029217
  0
VERTEX
  8
8
  10
3244.418640
  20
1328.155670
  0
SEQEND
  8
8
  0
POINT
  8
2
 10
3249.552307
 20
1315.698395
  0
TEXT
  8
2
 10
3249.552307
 20
1315.698395
 40
0.000000
 50
0.000000
  1
# 361
  0
POINT
  8
2
 10
3244.418640
 20
1328.155670
  0
TEXT
  8
2
 10
3244.418640
 20
1328.155670
 40
0.000000
 50
0.000000
  1
# 362
  0
POINT
  8
3
 10
3247.385913
 20
1317.810703
  0
POINT
  8
3
 10
3245.769610
 20
1320.558442
  0
POINT
  8
3
 10
3244.720452
 20
1324.029217
  0
POLYLINE
  8
8
  66
1
  70
0
  0
VERTEX
  8
8
  10
3298.269348
  20
1385.697174
  0
VERTEX
  8
8
  10
3245.779495
  20
1385.698817
  0
VERTEX
  8
8
  10
3194.507055
  20
1385.698456
  0
VERTEX
  8
8
  10
3143.695446
  20
1385.696927
  0
VERTEX
  8
8
  10
3094.349654
  20
1385.700775
  0
VERTEX
  8
8
  10
3093.267517
  20
1385.700836
  0
SEQEND
  8
8
  0
POINT
  8
2
 10
3298.269348
 20
1385.697174
  0
TEXT
  8
2
 10
3298.269348
 20
1385.697174
 40
0.000000
 50
0.000000
  1
# 363
  0
POINT
  8
2
 10
3093.267517
 20
1385.700836
  0
TEXT
  8
2
 10
3093.267517
 20
1385.700836
 40
0.000000
 50
0.000000
  1
# 364
  0
POINT
  8
3
 10
3245.779495
 20
1385.698817
  0
POINT
  8
3
 10
3194.507055
 20
1385.698456
  0
POINT
  8
3
 10
3143.695446
 20
1385.696927
  0
POINT
  8
3
 10
3094.349654
 20
1385.700775
  0
POLYLINE
  8
8
  66
1
  70
0
  0
VERTEX
  8
8
  10
3298.267517
  20
1435.697174
  0
VERTEX
  8
8
  10
3245.779910
  20
1435.698307
  0
VERTEX
  8
8
  10
3194.508651
  20
1435.696130
  0
VERTEX
  8
8
  10
3143.696033
  20
1435.696920
  0
VERTEX
  8
8
  10
3094.349631
  20
1435.696010
  0
VERTEX
  8
8
  10
3093.268127
  20
1435.695953
  0
SEQEND
  8
8
  0
POINT
  8
2
 10
3298.267517
 20
1435.697174
  0
TEXT
  8
2
 10
3298.267517
 20
1435.697174
 40
0.000000
 50
0.000000
  1
# 365
  0
POINT
  8
2
 10
3093.268127
 20
1435.695953
  0
TEXT
  8
2
 10
3093.268127
 20
1435.695953
 40
0.000000
 50
0.000000
  1
# 366
  0
POINT
  8
3
 10
3245.779910
 20
1435.698307
  0
POINT
  8
3
 10
3194.508651
 20
1435.696130
  0
POINT
  8
3
 10
3143.696033
 20
1435.696920
  0
POINT
  8
3
 10
3094.349631
 20
1435.696010
  0
POLYLINE
  8
8
  66
1
  70
0
  0
VERTEX
  8
8
  10
3313.266907
  20
1395.695953
  0
VERTEX
  8
8
  10
3313.267517
  20
1425.699615
  0
SEQEND
  8
8
  0
POINT
  8
2
 10
3313.266907
 20
1395.695953
  0
TEXT
  8
2
 10
3313.266907
 20
1395.695953
 40
0.000000
 50
0.000000
  1
# 367
  0
POINT
  8
2
 10
3313.267517
 20
1425.699615
  0
TEXT
  8
2
 10
3313.267517
 20
1425.699615
 40
0.000000
 50
0.000000
  1
# 368
  0
POLYLINE
  8
8
  66
1
  70
0
  0
VERTEX
  8
8
  10
3515.265808
  20
1410.698395
  0
VERTEX
  8
8
  10
3093.268127
  20
1410.698395
  0
SEQEND
  8
8
  0
POINT
  8
2
 10
3515.265808
 20
1410.698395
  0
TEXT
  8
2
 10
3515.265808
 20
1410.698395
 40
0.000000
 50
0.000000
  1
# 369
  0
POINT
  8
2
 10
3093.268127
 20
1410.698395
  0
TEXT
  8
2
 10
3093.268127
 20
1410.698395
 40
0.000000
 50
0.000000
  1
# 370
 0
LINE
 8
7
 10
3190.790710
 20
1419.519196
 11
3232.295837
 21
1419.520416
  0
TEXT
  8
19
 10
3500.516663
 20
1417.092438
 40
10.000000
 50
180.430996
  1
腰下口
  0
TEXT
  8
19
 10
3506.832581
 20
1413.945465
 40
10.000000
 50
270.000209
  1
毛
  0
TEXT
  8
1
 10
3309.267273
 20
1410.699615
 40
10.000000
 50
0.000000
  1
Piece Name: 26SMC-WP186M展_腿袋位
  0
TEXT
  8
1
 10
3309.267273
 20
1425.699615
 40
10.000000
 50
0.000000
  1
Size: 175/84
  0
TEXT
  8
1
 10
3309.267273
 20
1440.699615
 40
10.000000
 50
0.000000
  1
Annotation: 
  0
TEXT
  8
1
 10
3309.267273
 20
1455.699615
 40
10.000000
 50
0.000000
  1
Quantity: 1
  0
TEXT
  8
1
 10
3309.267273
 20
1470.699615
 40
10.000000
 50
0.000000
  1
Material: 净
  0
TEXT
  8
1
 10
3309.267273
 20
1470.699615
 40
10.000000
 50
0.000000
  1
Category: 7
0
ENDBLK
0
BLOCK
  8
1
  2
26SMC-WP186M展_腿袋盖
 70
0
 10
0.0
 20
0.0
  0
POLYLINE
  8
1
  66
1
  70
1
  0
VERTEX
  8
1
  10
1403.692725
  20
-148.872572
  0
VERTEX
  8
1
  10
1400.744022
  20
-148.597293
  0
VERTEX
  8
1
  10
1394.493744
  20
-147.048696
  0
VERTEX
  8
1
  10
1388.949268
  20
-144.338264
  0
VERTEX
  8
1
  10
1384.244136
  20
-140.497796
  0
VERTEX
  8
1
  10
1380.644434
  20
-135.708914
  0
VERTEX
  8
1
  10
1378.258322
  20
-130.161499
  0
VERTEX
  8
1
  10
1377.133703
  20
-124.386418
  0
VERTEX
  8
1
  10
1364.338645
  20
41.950873
  0
VERTEX
  8
1
  10
1364.483327
  20
45.818427
  0
VERTEX
  8
1
  10
1365.746120
  20
51.858936
  0
VERTEX
  8
1
  10
1368.297449
  20
57.350620
  0
VERTEX
  8
1
  10
1372.140900
  20
61.984290
  0
VERTEX
  8
1
  10
1377.047109
  20
65.392721
  0
VERTEX
  8
1
  10
1382.682222
  20
67.423508
  0
VERTEX
  8
1
  10
1388.556730
  20
68.127428
  0
VERTEX
  8
1
  10
1455.203644
  20
68.127428
  0
VERTEX
  8
1
  10
1455.203644
  20
-148.872572
  0
SEQEND
  8
1
  0
POINT
  8
2
 10
1403.692725
 20
-148.872572
  0
TEXT
  8
2
 10
1403.692725
 20
-148.872572
 40
0.000000
 50
0.000000
  1
# 371
  0
POINT
  8
2
 10
1377.133703
 20
-124.386418
  0
TEXT
  8
2
 10
1377.133703
 20
-124.386418
 40
0.000000
 50
0.000000
  1
# 372
  0
POINT
  8
2
 10
1364.338645
 20
41.950873
  0
TEXT
  8
2
 10
1364.338645
 20
41.950873
 40
0.000000
 50
0.000000
  1
# 373
  0
POINT
  8
2
 10
1388.556730
 20
68.127428
  0
TEXT
  8
2
 10
1388.556730
 20
68.127428
 40
0.000000
 50
0.000000
  1
# 374
  0
POINT
  8
2
 10
1455.203644
 20
68.127428
  0
TEXT
  8
2
 10
1455.203644
 20
68.127428
 40
0.000000
 50
0.000000
  1
# 375
  0
POINT
  8
2
 10
1455.203644
 20
-148.872572
  0
TEXT
  8
2
 10
1455.203644
 20
-148.872572
 40
0.000000
 50
0.000000
  1
# 376
  0
POINT
  8
3
 10
1400.744022
 20
-148.597293
  0
POINT
  8
3
 10
1394.493744
 20
-147.048696
  0
POINT
  8
3
 10
1388.949268
 20
-144.338264
  0
POINT
  8
3
 10
1384.244136
 20
-140.497796
  0
POINT
  8
3
 10
1380.644434
 20
-135.708914
  0
POINT
  8
3
 10
1378.258322
 20
-130.161499
  0
POINT
  8
3
 10
1364.483327
 20
45.818427
  0
POINT
  8
3
 10
1365.746120
 20
51.858936
  0
POINT
  8
3
 10
1368.297449
 20
57.350620
  0
POINT
  8
3
 10
1372.140900
 20
61.984290
  0
POINT
  8
3
 10
1377.047109
 20
65.392721
  0
POINT
  8
3
 10
1382.682222
 20
67.423508
  0
POLYLINE
  8
14
  66
1
  70
1
  0
VERTEX
  8
14
  10
1404.203644
  20
-137.872572
  0
VERTEX
  8
14
  10
1402.229241
  20
-137.698021
  0
VERTEX
  8
14
  10
1398.236035
  20
-136.704845
  0
VERTEX
  8
14
  10
1394.855535
  20
-135.058393
  0
VERTEX
  8
14
  10
1392.172879
  20
-132.873162
  0
VERTEX
  8
14
  10
1390.170069
  20
-130.207796
  0
VERTEX
  8
14
  10
1388.791078
  20
-126.989582
  0
VERTEX
  8
14
  10
1388.053131
  20
-122.916517
  0
VERTEX
  8
14
  10
1375.354156
  20
42.171679
  0
VERTEX
  8
14
  10
1375.425901
  20
44.695897
  0
VERTEX
  8
14
  10
1376.202373
  20
48.443268
  0
VERTEX
  8
14
  10
1377.619783
  20
51.511604
  0
VERTEX
  8
14
  10
1379.582133
  20
53.883175
  0
VERTEX
  8
14
  10
1382.058418
  20
55.600541
  0
VERTEX
  8
14
  10
1385.129953
  20
56.699301
  0
VERTEX
  8
14
  10
1389.203644
  20
57.127428
  0
VERTEX
  8
14
  10
1444.203644
  20
57.127428
  0
VERTEX
  8
14
  10
1444.203644
  20
-137.872572
  0
SEQEND
  8
14
  0
POINT
  8
2
 10
1404.203644
 20
-137.872572
  0
TEXT
  8
2
 10
1404.203644
 20
-137.872572
 40
0.000000
 50
0.000000
  1
# 377
  0
POINT
  8
2
 10
1388.053131
 20
-122.916517
  0
TEXT
  8
2
 10
1388.053131
 20
-122.916517
 40
0.000000
 50
0.000000
  1
# 378
  0
POINT
  8
2
 10
1375.354156
 20
42.171679
  0
TEXT
  8
2
 10
1375.354156
 20
42.171679
 40
0.000000
 50
0.000000
  1
# 379
  0
POINT
  8
2
 10
1389.203644
 20
57.127428
  0
TEXT
  8
2
 10
1389.203644
 20
57.127428
 40
0.000000
 50
0.000000
  1
# 380
  0
POINT
  8
2
 10
1444.203644
 20
57.127428
  0
TEXT
  8
2
 10
1444.203644
 20
57.127428
 40
0.000000
 50
0.000000
  1
# 381
  0
POINT
  8
2
 10
1444.203644
 20
-137.872572
  0
TEXT
  8
2
 10
1444.203644
 20
-137.872572
 40
0.000000
 50
0.000000
  1
# 382
  0
POINT
  8
3
 10
1402.229241
 20
-137.698021
  0
POINT
  8
3
 10
1398.236035
 20
-136.704845
  0
POINT
  8
3
 10
1394.855535
 20
-135.058393
  0
POINT
  8
3
 10
1392.172879
 20
-132.873162
  0
POINT
  8
3
 10
1390.170069
 20
-130.207796
  0
POINT
  8
3
 10
1388.791078
 20
-126.989582
  0
POINT
  8
3
 10
1375.425901
 20
44.695897
  0
POINT
  8
3
 10
1376.202373
 20
48.443268
  0
POINT
  8
3
 10
1377.619783
 20
51.511604
  0
POINT
  8
3
 10
1379.582133
 20
53.883175
  0
POINT
  8
3
 10
1382.058418
 20
55.600541
  0
POINT
  8
3
 10
1385.129953
 20
56.699301
  0
POLYLINE
  8
8
  66
1
  70
0
  0
VERTEX
  8
8
  10
1394.674835
  20
38.070424
  0
VERTEX
  8
8
  10
1394.578755
  20
38.156107
  0
VERTEX
  8
8
  10
1394.498685
  20
38.217152
  0
VERTEX
  8
8
  10
1394.417438
  20
38.268563
  0
VERTEX
  8
8
  10
1394.327878
  20
38.315406
  0
VERTEX
  8
8
  10
1394.233348
  20
38.355683
  0
VERTEX
  8
8
  10
1394.138047
  20
38.387510
  0
VERTEX
  8
8
  10
1394.039835
  20
38.411616
  0
VERTEX
  8
8
  10
1393.940451
  20
38.427622
  0
VERTEX
  8
8
  10
1393.839577
  20
38.435630
  0
VERTEX
  8
8
  10
1393.738922
  20
38.435516
  0
VERTEX
  8
8
  10
1393.638191
  20
38.427266
  0
VERTEX
  8
8
  10
1393.538466
  20
38.410913
  0
VERTEX
  8
8
  10
1393.440617
  20
38.386628
  0
VERTEX
  8
8
  10
1393.344767
  20
38.354454
  0
VERTEX
  8
8
  10
1393.252451
  20
38.314934
  0
VERTEX
  8
8
  10
1393.163139
  20
38.267826
  0
VERTEX
  8
8
  10
1393.078361
  20
38.213890
  0
VERTEX
  8
8
  10
1392.997796
  20
38.152986
  0
VERTEX
  8
8
  10
1392.922626
  20
38.086079
  0
VERTEX
  8
8
  10
1392.852697
  20
38.012987
  0
VERTEX
  8
8
  10
1392.789146
  20
37.934712
  0
VERTEX
  8
8
  10
1392.732022
  20
37.851380
  0
VERTEX
  8
8
  10
1392.681206
  20
37.762712
  0
VERTEX
  8
8
  10
1392.638117
  20
37.671160
  0
VERTEX
  8
8
  10
1392.602720
  20
37.576795
  0
VERTEX
  8
8
  10
1392.575037
  20
37.479604
  0
VERTEX
  8
8
  10
1392.555440
  20
37.381152
  0
VERTEX
  8
8
  10
1392.543750
  20
37.280697
  0
VERTEX
  8
8
  10
1392.540199
  20
37.179937
  0
VERTEX
  8
8
  10
1392.544803
  20
37.078968
  0
VERTEX
  8
8
  10
1392.557503
  20
36.979183
  0
VERTEX
  8
8
  10
1392.578352
  20
36.880257
  0
VERTEX
  8
8
  10
1392.606974
  20
36.783883
  0
VERTEX
  8
8
  10
1392.643493
  20
36.689563
  0
VERTEX
  8
8
  10
1392.687205
  20
36.598993
  0
VERTEX
  8
8
  10
1392.738281
  20
36.511749
  0
VERTEX
  8
8
  10
1392.795785
  20
36.429377
  0
VERTEX
  8
8
  10
1392.860068
  20
36.351451
  0
VERTEX
  8
8
  10
1392.929178
  20
36.280278
  0
VERTEX
  8
8
  10
1393.005259
  20
36.213705
  0
VERTEX
  8
8
  10
1393.085990
  20
36.153818
  0
VERTEX
  8
8
  10
1393.171743
  20
36.100264
  0
VERTEX
  8
8
  10
1393.261296
  20
36.053868
  0
VERTEX
  8
8
  10
1393.354405
  20
36.014792
  0
VERTEX
  8
8
  10
1393.449775
  20
35.983534
  0
VERTEX
  8
8
  10
1393.548138
  20
35.959879
  0
VERTEX
  8
8
  10
1393.647620
  20
35.944307
  0
VERTEX
  8
8
  10
1393.748543
  20
35.936793
  0
VERTEX
  8
8
  10
1393.849197
  20
35.937434
  0
VERTEX
  8
8
  10
1393.949871
  20
35.946219
  0
VERTEX
  8
8
  10
1394.049102
  20
35.963035
  0
VERTEX
  8
8
  10
1394.146909
  20
35.987901
  0
VERTEX
  8
8
  10
1394.242462
  20
36.020620
  0
VERTEX
  8
8
  10
1394.334667
  20
36.060723
  0
VERTEX
  8
8
  10
1394.423920
  20
36.108405
  0
VERTEX
  8
8
  10
1394.508625
  20
36.162914
  0
VERTEX
  8
8
  10
1394.588894
  20
36.224234
  0
VERTEX
  8
8
  10
1394.664784
  20
36.292502
  0
VERTEX
  8
8
  10
1394.734239
  20
36.365962
  0
VERTEX
  8
8
  10
1394.796278
  20
36.443277
  0
VERTEX
  8
8
  10
1394.852899
  20
36.526903
  0
VERTEX
  8
8
  10
1394.902323
  20
36.614369
  0
VERTEX
  8
8
  10
1394.944895
  20
36.706121
  0
VERTEX
  8
8
  10
1394.979959
  20
36.800706
  0
VERTEX
  8
8
  10
1395.007384
  20
36.898086
  0
VERTEX
  8
8
  10
1395.026297
  20
36.994961
  0
VERTEX
  8
8
  10
1395.037537
  20
37.095353
  0
VERTEX
  8
8
  10
1395.040674
  20
37.197713
  0
VERTEX
  8
8
  10
1395.035683
  20
37.298669
  0
VERTEX
  8
8
  10
1395.022739
  20
37.398480
  0
VERTEX
  8
8
  10
1395.001715
  20
37.497404
  0
VERTEX
  8
8
  10
1394.972862
  20
37.593643
  0
VERTEX
  8
8
  10
1394.936092
  20
37.687763
  0
VERTEX
  8
8
  10
1394.891497
  20
37.779746
  0
VERTEX
  8
8
  10
1394.841910
  20
37.864009
  0
VERTEX
  8
8
  10
1394.787624
  20
37.940501
  0
VERTEX
  8
8
  10
1394.674835
  20
38.070424
  0
SEQEND
  8
8
  0
POINT
  8
2
 10
1394.674835
 20
38.070424
  0
TEXT
  8
2
 10
1394.674835
 20
38.070424
 40
0.000000
 50
0.000000
  1
# 383
  0
POINT
  8
2
 10
1394.674835
 20
38.070424
  0
TEXT
  8
2
 10
1394.674835
 20
38.070424
 40
0.000000
 50
0.000000
  1
# 384
  0
POINT
  8
3
 10
1394.578755
 20
38.156107
  0
POINT
  8
3
 10
1394.498685
 20
38.217152
  0
POINT
  8
3
 10
1394.417438
 20
38.268563
  0
POINT
  8
3
 10
1394.327878
 20
38.315406
  0
POINT
  8
3
 10
1394.233348
 20
38.355683
  0
POINT
  8
3
 10
1394.138047
 20
38.387510
  0
POINT
  8
3
 10
1394.039835
 20
38.411616
  0
POINT
  8
3
 10
1393.940451
 20
38.427622
  0
POINT
  8
3
 10
1393.839577
 20
38.435630
  0
POINT
  8
3
 10
1393.738922
 20
38.435516
  0
POINT
  8
3
 10
1393.638191
 20
38.427266
  0
POINT
  8
3
 10
1393.538466
 20
38.410913
  0
POINT
  8
3
 10
1393.440617
 20
38.386628
  0
POINT
  8
3
 10
1393.344767
 20
38.354454
  0
POINT
  8
3
 10
1393.252451
 20
38.314934
  0
POINT
  8
3
 10
1393.163139
 20
38.267826
  0
POINT
  8
3
 10
1393.078361
 20
38.213890
  0
POINT
  8
3
 10
1392.997796
 20
38.152986
  0
POINT
  8
3
 10
1392.922626
 20
38.086079
  0
POINT
  8
3
 10
1392.852697
 20
38.012987
  0
POINT
  8
3
 10
1392.789146
 20
37.934712
  0
POINT
  8
3
 10
1392.732022
 20
37.851380
  0
POINT
  8
3
 10
1392.681206
 20
37.762712
  0
POINT
  8
3
 10
1392.638117
 20
37.671160
  0
POINT
  8
3
 10
1392.602720
 20
37.576795
  0
POINT
  8
3
 10
1392.575037
 20
37.479604
  0
POINT
  8
3
 10
1392.555440
 20
37.381152
  0
POINT
  8
3
 10
1392.543750
 20
37.280697
  0
POINT
  8
3
 10
1392.540199
 20
37.179937
  0
POINT
  8
3
 10
1392.544803
 20
37.078968
  0
POINT
  8
3
 10
1392.557503
 20
36.979183
  0
POINT
  8
3
 10
1392.578352
 20
36.880257
  0
POINT
  8
3
 10
1392.606974
 20
36.783883
  0
POINT
  8
3
 10
1392.643493
 20
36.689563
  0
POINT
  8
3
 10
1392.687205
 20
36.598993
  0
POINT
  8
3
 10
1392.738281
 20
36.511749
  0
POINT
  8
3
 10
1392.795785
 20
36.429377
  0
POINT
  8
3
 10
1392.860068
 20
36.351451
  0
POINT
  8
3
 10
1392.929178
 20
36.280278
  0
POINT
  8
3
 10
1393.005259
 20
36.213705
  0
POINT
  8
3
 10
1393.085990
 20
36.153818
  0
POINT
  8
3
 10
1393.171743
 20
36.100264
  0
POINT
  8
3
 10
1393.261296
 20
36.053868
  0
POINT
  8
3
 10
1393.354405
 20
36.014792
  0
POINT
  8
3
 10
1393.449775
 20
35.983534
  0
POINT
  8
3
 10
1393.548138
 20
35.959879
  0
POINT
  8
3
 10
1393.647620
 20
35.944307
  0
POINT
  8
3
 10
1393.748543
 20
35.936793
  0
POINT
  8
3
 10
1393.849197
 20
35.937434
  0
POINT
  8
3
 10
1393.949871
 20
35.946219
  0
POINT
  8
3
 10
1394.049102
 20
35.963035
  0
POINT
  8
3
 10
1394.146909
 20
35.987901
  0
POINT
  8
3
 10
1394.242462
 20
36.020620
  0
POINT
  8
3
 10
1394.334667
 20
36.060723
  0
POINT
  8
3
 10
1394.423920
 20
36.108405
  0
POINT
  8
3
 10
1394.508625
 20
36.162914
  0
POINT
  8
3
 10
1394.588894
 20
36.224234
  0
POINT
  8
3
 10
1394.664784
 20
36.292502
  0
POINT
  8
3
 10
1394.734239
 20
36.365962
  0
POINT
  8
3
 10
1394.796278
 20
36.443277
  0
POINT
  8
3
 10
1394.852899
 20
36.526903
  0
POINT
  8
3
 10
1394.902323
 20
36.614369
  0
POINT
  8
3
 10
1394.944895
 20
36.706121
  0
POINT
  8
3
 10
1394.979959
 20
36.800706
  0
POINT
  8
3
 10
1395.007384
 20
36.898086
  0
POINT
  8
3
 10
1395.026297
 20
36.994961
  0
POINT
  8
3
 10
1395.037537
 20
37.095353
  0
POINT
  8
3
 10
1395.040674
 20
37.197713
  0
POINT
  8
3
 10
1395.035683
 20
37.298669
  0
POINT
  8
3
 10
1395.022739
 20
37.398480
  0
POINT
  8
3
 10
1395.001715
 20
37.497404
  0
POINT
  8
3
 10
1394.972862
 20
37.593643
  0
POINT
  8
3
 10
1394.936092
 20
37.687763
  0
POINT
  8
3
 10
1394.891497
 20
37.779746
  0
POINT
  8
3
 10
1394.841910
 20
37.864009
  0
POINT
  8
3
 10
1394.787624
 20
37.940501
  0
POLYLINE
  8
8
  66
1
  70
0
  0
VERTEX
  8
8
  10
1393.540802
  20
37.186329
  0
VERTEX
  8
8
  10
1394.040680
  20
37.186329
  0
SEQEND
  8
8
  0
POINT
  8
2
 10
1393.540802
 20
37.186329
  0
TEXT
  8
2
 10
1393.540802
 20
37.186329
 40
0.000000
 50
0.000000
  1
# 385
  0
POINT
  8
2
 10
1394.040680
 20
37.186329
  0
TEXT
  8
2
 10
1394.040680
 20
37.186329
 40
0.000000
 50
0.000000
  1
# 386
  0
POLYLINE
  8
8
  66
1
  70
0
  0
VERTEX
  8
8
  10
1393.791046
  20
36.936390
  0
VERTEX
  8
8
  10
1393.791046
  20
37.436268
  0
SEQEND
  8
8
  0
POINT
  8
2
 10
1393.791046
 20
36.936390
  0
TEXT
  8
2
 10
1393.791046
 20
36.936390
 40
0.000000
 50
0.000000
  1
# 387
  0
POINT
  8
2
 10
1393.791046
 20
37.436268
  0
TEXT
  8
2
 10
1393.791046
 20
37.436268
 40
0.000000
 50
0.000000
  1
# 388
  0
POLYLINE
  8
8
  66
1
  70
0
  0
VERTEX
  8
8
  10
1406.606598
  20
-117.047377
  0
VERTEX
  8
8
  10
1406.510441
  20
-116.961626
  0
VERTEX
  8
8
  10
1406.430329
  20
-116.900557
  0
VERTEX
  8
8
  10
1406.349062
  20
-116.849151
  0
VERTEX
  8
8
  10
1406.259968
  20
-116.802551
  0
VERTEX
  8
8
  10
1406.165451
  20
-116.762253
  0
VERTEX
  8
8
  10
1406.069639
  20
-116.730245
  0
VERTEX
  8
8
  10
1405.971489
  20
-116.706158
  0
VERTEX
  8
8
  10
1405.872276
  20
-116.690173
  0
VERTEX
  8
8
  10
1405.771549
  20
-116.682167
  0
VERTEX
  8
8
  10
1405.671015
  20
-116.682286
  0
VERTEX
  8
8
  10
1405.570333
  20
-116.690554
  0
VERTEX
  8
8
  10
1405.470611
  20
-116.706934
  0
VERTEX
  8
8
  10
1405.373371
  20
-116.731065
  0
VERTEX
  8
8
  10
1405.277450
  20
-116.763201
  0
VERTEX
  8
8
  10
1405.184449
  20
-116.802913
  0
VERTEX
  8
8
  10
1405.094975
  20
-116.850002
  0
VERTEX
  8
8
  10
1405.010095
  20
-116.903950
  0
VERTEX
  8
8
  10
1404.929544
  20
-116.964885
  0
VERTEX
  8
8
  10
1404.854528
  20
-117.031822
  0
VERTEX
  8
8
  10
1404.784742
  20
-117.104945
  0
VERTEX
  8
8
  10
1404.720394
  20
-117.184244
  0
VERTEX
  8
8
  10
1404.663219
  20
-117.267669
  0
VERTEX
  8
8
  10
1404.613155
  20
-117.355236
  0
VERTEX
  8
8
  10
1404.570275
  20
-117.446773
  0
VERTEX
  8
8
  10
1404.535105
  20
-117.540880
  0
VERTEX
  8
8
  10
1404.507443
  20
-117.638069
  0
VERTEX
  8
8
  10
1404.487809
  20
-117.736683
  0
VERTEX
  8
8
  10
1404.476120
  20
-117.837115
  0
VERTEX
  8
8
  10
1404.472571
  20
-117.937852
  0
VERTEX
  8
8
  10
1404.477173
  20
-118.038799
  0
VERTEX
  8
8
  10
1404.489866
  20
-118.138566
  0
VERTEX
  8
8
  10
1404.510663
  20
-118.237487
  0
VERTEX
  8
8
  10
1404.539695
  20
-118.335585
  0
VERTEX
  8
8
  10
1404.576106
  20
-118.429907
  0
VERTEX
  8
8
  10
1404.619783
  20
-118.520422
  0
VERTEX
  8
8
  10
1404.670971
  20
-118.607542
  0
VERTEX
  8
8
  10
1404.728882
  20
-118.689992
  0
VERTEX
  8
8
  10
1404.793479
  20
-118.767800
  0
VERTEX
  8
8
  10
1404.863522
  20
-118.839592
  0
VERTEX
  8
8
  10
1404.939665
  20
-118.906026
  0
VERTEX
  8
8
  10
1405.020809
  20
-118.966016
  0
VERTEX
  8
8
  10
1405.106689
  20
-119.019336
  0
VERTEX
  8
8
  10
1405.196001
  20
-119.065245
  0
VERTEX
  8
8
  10
1405.289376
  20
-119.104075
  0
VERTEX
  8
8
  10
1405.384955
  20
-119.135112
  0
VERTEX
  8
8
  10
1405.483160
  20
-119.158507
  0
VERTEX
  8
8
  10
1405.582974
  20
-119.173889
  0
VERTEX
  8
8
  10
1405.683831
  20
-119.181122
  0
VERTEX
  8
8
  10
1405.784510
  20
-119.180201
  0
VERTEX
  8
8
  10
1405.885245
  20
-119.171120
  0
VERTEX
  8
8
  10
1405.984019
  20
-119.154120
  0
VERTEX
  8
8
  10
1406.082037
  20
-119.128980
  0
VERTEX
  8
8
  10
1406.177084
  20
-119.096225
  0
VERTEX
  8
8
  10
1406.269647
  20
-119.055673
  0
VERTEX
  8
8
  10
1406.358620
  20
-119.007827
  0
VERTEX
  8
8
  10
1406.443244
  20
-118.953215
  0
VERTEX
  8
8
  10
1406.523454
  20
-118.891782
  0
VERTEX
  8
8
  10
1406.598237
  20
-118.824128
  0
VERTEX
  8
8
  10
1406.667437
  20
-118.750490
  0
VERTEX
  8
8
  10
1406.731147
  20
-118.670697
  0
VERTEX
  8
8
  10
1406.787652
  20
-118.586823
  0
VERTEX
  8
8
  10
1406.837008
  20
-118.498858
  0
VERTEX
  8
8
  10
1406.879158
  20
-118.406986
  0
VERTEX
  8
8
  10
1406.913580
  20
-118.312605
  0
VERTEX
  8
8
  10
1406.940470
  20
-118.215198
  0
VERTEX
  8
8
  10
1406.959318
  20
-118.116426
  0
VERTEX
  8
8
  10
1406.970208
  20
-118.015905
  0
VERTEX
  8
8
  10
1406.972957
  20
-117.915146
  0
VERTEX
  8
8
  10
1406.967551
  20
-117.814213
  0
VERTEX
  8
8
  10
1406.954057
  20
-117.714471
  0
VERTEX
  8
8
  10
1406.932431
  20
-117.615654
  0
VERTEX
  8
8
  10
1406.903022
  20
-117.519434
  0
VERTEX
  8
8
  10
1406.865181
  20
-117.423958
  0
VERTEX
  8
8
  10
1406.820113
  20
-117.332211
  0
VERTEX
  8
8
  10
1406.770059
  20
-117.248241
  0
VERTEX
  8
8
  10
1406.715385
  20
-117.172159
  0
VERTEX
  8
8
  10
1406.606598
  20
-117.047377
  0
SEQEND
  8
8
  0
POINT
  8
2
 10
1406.606598
 20
-117.047377
  0
TEXT
  8
2
 10
1406.606598
 20
-117.047377
 40
0.000000
 50
0.000000
  1
# 389
  0
POINT
  8
2
 10
1406.606598
 20
-117.047377
  0
TEXT
  8
2
 10
1406.606598
 20
-117.047377
 40
0.000000
 50
0.000000
  1
# 390
  0
POINT
  8
3
 10
1406.510441
 20
-116.961626
  0
POINT
  8
3
 10
1406.430329
 20
-116.900557
  0
POINT
  8
3
 10
1406.349062
 20
-116.849151
  0
POINT
  8
3
 10
1406.259968
 20
-116.802551
  0
POINT
  8
3
 10
1406.165451
 20
-116.762253
  0
POINT
  8
3
 10
1406.069639
 20
-116.730245
  0
POINT
  8
3
 10
1405.971489
 20
-116.706158
  0
POINT
  8
3
 10
1405.872276
 20
-116.690173
  0
POINT
  8
3
 10
1405.771549
 20
-116.682167
  0
POINT
  8
3
 10
1405.671015
 20
-116.682286
  0
POINT
  8
3
 10
1405.570333
 20
-116.690554
  0
POINT
  8
3
 10
1405.470611
 20
-116.706934
  0
POINT
  8
3
 10
1405.373371
 20
-116.731065
  0
POINT
  8
3
 10
1405.277450
 20
-116.763201
  0
POINT
  8
3
 10
1405.184449
 20
-116.802913
  0
POINT
  8
3
 10
1405.094975
 20
-116.850002
  0
POINT
  8
3
 10
1405.010095
 20
-116.903950
  0
POINT
  8
3
 10
1404.929544
 20
-116.964885
  0
POINT
  8
3
 10
1404.854528
 20
-117.031822
  0
POINT
  8
3
 10
1404.784742
 20
-117.104945
  0
POINT
  8
3
 10
1404.720394
 20
-117.184244
  0
POINT
  8
3
 10
1404.663219
 20
-117.267669
  0
POINT
  8
3
 10
1404.613155
 20
-117.355236
  0
POINT
  8
3
 10
1404.570275
 20
-117.446773
  0
POINT
  8
3
 10
1404.535105
 20
-117.540880
  0
POINT
  8
3
 10
1404.507443
 20
-117.638069
  0
POINT
  8
3
 10
1404.487809
 20
-117.736683
  0
POINT
  8
3
 10
1404.476120
 20
-117.837115
  0
POINT
  8
3
 10
1404.472571
 20
-117.937852
  0
POINT
  8
3
 10
1404.477173
 20
-118.038799
  0
POINT
  8
3
 10
1404.489866
 20
-118.138566
  0
POINT
  8
3
 10
1404.510663
 20
-118.237487
  0
POINT
  8
3
 10
1404.539695
 20
-118.335585
  0
POINT
  8
3
 10
1404.576106
 20
-118.429907
  0
POINT
  8
3
 10
1404.619783
 20
-118.520422
  0
POINT
  8
3
 10
1404.670971
 20
-118.607542
  0
POINT
  8
3
 10
1404.728882
 20
-118.689992
  0
POINT
  8
3
 10
1404.793479
 20
-118.767800
  0
POINT
  8
3
 10
1404.863522
 20
-118.839592
  0
POINT
  8
3
 10
1404.939665
 20
-118.906026
  0
POINT
  8
3
 10
1405.020809
 20
-118.966016
  0
POINT
  8
3
 10
1405.106689
 20
-119.019336
  0
POINT
  8
3
 10
1405.196001
 20
-119.065245
  0
POINT
  8
3
 10
1405.289376
 20
-119.104075
  0
POINT
  8
3
 10
1405.384955
 20
-119.135112
  0
POINT
  8
3
 10
1405.483160
 20
-119.158507
  0
POINT
  8
3
 10
1405.582974
 20
-119.173889
  0
POINT
  8
3
 10
1405.683831
 20
-119.181122
  0
POINT
  8
3
 10
1405.784510
 20
-119.180201
  0
POINT
  8
3
 10
1405.885245
 20
-119.171120
  0
POINT
  8
3
 10
1405.984019
 20
-119.154120
  0
POINT
  8
3
 10
1406.082037
 20
-119.128980
  0
POINT
  8
3
 10
1406.177084
 20
-119.096225
  0
POINT
  8
3
 10
1406.269647
 20
-119.055673
  0
POINT
  8
3
 10
1406.358620
 20
-119.007827
  0
POINT
  8
3
 10
1406.443244
 20
-118.953215
  0
POINT
  8
3
 10
1406.523454
 20
-118.891782
  0
POINT
  8
3
 10
1406.598237
 20
-118.824128
  0
POINT
  8
3
 10
1406.667437
 20
-118.750490
  0
POINT
  8
3
 10
1406.731147
 20
-118.670697
  0
POINT
  8
3
 10
1406.787652
 20
-118.586823
  0
POINT
  8
3
 10
1406.837008
 20
-118.498858
  0
POINT
  8
3
 10
1406.879158
 20
-118.406986
  0
POINT
  8
3
 10
1406.913580
 20
-118.312605
  0
POINT
  8
3
 10
1406.940470
 20
-118.215198
  0
POINT
  8
3
 10
1406.959318
 20
-118.116426
  0
POINT
  8
3
 10
1406.970208
 20
-118.015905
  0
POINT
  8
3
 10
1406.972957
 20
-117.915146
  0
POINT
  8
3
 10
1406.967551
 20
-117.814213
  0
POINT
  8
3
 10
1406.954057
 20
-117.714471
  0
POINT
  8
3
 10
1406.932431
 20
-117.615654
  0
POINT
  8
3
 10
1406.903022
 20
-117.519434
  0
POINT
  8
3
 10
1406.865181
 20
-117.423958
  0
POINT
  8
3
 10
1406.820113
 20
-117.332211
  0
POINT
  8
3
 10
1406.770059
 20
-117.248241
  0
POINT
  8
3
 10
1406.715385
 20
-117.172159
  0
POLYLINE
  8
8
  66
1
  70
0
  0
VERTEX
  8
8
  10
1405.472565
  20
-117.931471
  0
VERTEX
  8
8
  10
1405.973053
  20
-117.931471
  0
SEQEND
  8
8
  0
POINT
  8
2
 10
1405.472565
 20
-117.931471
  0
TEXT
  8
2
 10
1405.472565
 20
-117.931471
 40
0.000000
 50
0.000000
  1
# 391
  0
POINT
  8
2
 10
1405.973053
 20
-117.931471
  0
TEXT
  8
2
 10
1405.973053
 20
-117.931471
 40
0.000000
 50
0.000000
  1
# 392
  0
POLYLINE
  8
8
  66
1
  70
0
  0
VERTEX
  8
8
  10
1405.722809
  20
-118.181410
  0
VERTEX
  8
8
  10
1405.722809
  20
-117.681532
  0
SEQEND
  8
8
  0
POINT
  8
2
 10
1405.722809
 20
-118.181410
  0
TEXT
  8
2
 10
1405.722809
 20
-118.181410
 40
0.000000
 50
0.000000
  1
# 393
  0
POINT
  8
2
 10
1405.722809
 20
-117.681532
  0
TEXT
  8
2
 10
1405.722809
 20
-117.681532
 40
0.000000
 50
0.000000
  1
# 394
 0
LINE
 8
7
 10
1391.068268
 20
-37.505748
 11
1429.115143
 21
-37.505748
  0
TEXT
  8
1
 10
1409.771145
 20
-40.372572
 40
10.000000
 50
0.000000
  1
Piece Name: 26SMC-WP186M展_腿袋盖
  0
TEXT
  8
1
 10
1409.771145
 20
-25.372572
 40
10.000000
 50
0.000000
  1
Size: 175/84
  0
TEXT
  8
1
 10
1409.771145
 20
-10.372572
 40
10.000000
 50
0.000000
  1
Annotation: 
  0
TEXT
  8
1
 10
1409.771145
 20
4.627428
 40
10.000000
 50
0.000000
  1
Quantity: 2,2
  0
TEXT
  8
1
 10
1409.771145
 20
19.627428
 40
10.000000
 50
0.000000
  1
Material: 面
  0
TEXT
  8
1
 10
1409.771145
 20
19.627428
 40
10.000000
 50
0.000000
  1
Category: 8
0
ENDBLK
0
BLOCK
  8
1
  2
26SMC-WP186M展_腿袋
 70
0
 10
0.0
 20
0.0
  0
POLYLINE
  8
1
  66
1
  70
1
  0
VERTEX
  8
1
  10
1092.951568
  20
-506.803185
  0
VERTEX
  8
1
  10
1092.951568
  20
-425.803185
  0
VERTEX
  8
1
  10
1092.951568
  20
-425.803185
  0
VERTEX
  8
1
  10
1092.951568
  20
-400.803185
  0
VERTEX
  8
1
  10
1092.951568
  20
-375.803185
  0
VERTEX
  8
1
  10
1092.951568
  20
-375.803185
  0
VERTEX
  8
1
  10
1092.951568
  20
-350.803185
  0
VERTEX
  8
1
  10
1092.951568
  20
-325.803185
  0
VERTEX
  8
1
  10
1092.951568
  20
-325.803185
  0
VERTEX
  8
1
  10
1092.951568
  20
-300.803165
  0
VERTEX
  8
1
  10
1092.951568
  20
-275.803165
  0
VERTEX
  8
1
  10
1092.951568
  20
-275.803165
  0
VERTEX
  8
1
  10
1092.951568
  20
-194.803165
  0
VERTEX
  8
1
  10
1394.951572
  20
-194.803165
  0
VERTEX
  8
1
  10
1394.951572
  20
-275.803165
  0
VERTEX
  8
1
  10
1394.951572
  20
-275.803165
  0
VERTEX
  8
1
  10
1394.951572
  20
-300.803165
  0
VERTEX
  8
1
  10
1394.951572
  20
-325.803185
  0
VERTEX
  8
1
  10
1394.951572
  20
-325.803185
  0
VERTEX
  8
1
  10
1394.951572
  20
-350.803185
  0
VERTEX
  8
1
  10
1394.951572
  20
-375.803185
  0
VERTEX
  8
1
  10
1394.951572
  20
-375.803185
  0
VERTEX
  8
1
  10
1394.951572
  20
-400.803185
  0
VERTEX
  8
1
  10
1394.951572
  20
-425.803185
  0
VERTEX
  8
1
  10
1394.951572
  20
-425.803185
  0
VERTEX
  8
1
  10
1394.951572
  20
-506.803185
  0
SEQEND
  8
1
  0
POINT
  8
2
 10
1092.951568
 20
-506.803185
  0
TEXT
  8
2
 10
1092.951568
 20
-506.803185
 40
0.000000
 50
0.000000
  1
# 395
  0
POINT
  8
2
 10
1092.951568
 20
-425.803185
  0
TEXT
  8
2
 10
1092.951568
 20
-425.803185
 40
0.000000
 50
0.000000
  1
# 396
  0
POINT
  8
2
 10
1092.951568
 20
-375.803185
  0
TEXT
  8
2
 10
1092.951568
 20
-375.803185
 40
0.000000
 50
0.000000
  1
# 397
  0
POINT
  8
2
 10
1092.951568
 20
-325.803185
  0
TEXT
  8
2
 10
1092.951568
 20
-325.803185
 40
0.000000
 50
0.000000
  1
# 398
  0
POINT
  8
2
 10
1092.951568
 20
-275.803165
  0
TEXT
  8
2
 10
1092.951568
 20
-275.803165
 40
0.000000
 50
0.000000
  1
# 399
  0
POINT
  8
2
 10
1092.951568
 20
-194.803165
  0
TEXT
  8
2
 10
1092.951568
 20
-194.803165
 40
0.000000
 50
0.000000
  1
# 400
  0
POINT
  8
2
 10
1394.951572
 20
-194.803165
  0
TEXT
  8
2
 10
1394.951572
 20
-194.803165
 40
0.000000
 50
0.000000
  1
# 401
  0
POINT
  8
2
 10
1394.951572
 20
-275.803165
  0
TEXT
  8
2
 10
1394.951572
 20
-275.803165
 40
0.000000
 50
0.000000
  1
# 402
  0
POINT
  8
2
 10
1394.951572
 20
-325.803185
  0
TEXT
  8
2
 10
1394.951572
 20
-325.803185
 40
0.000000
 50
0.000000
  1
# 403
  0
POINT
  8
2
 10
1394.951572
 20
-375.803185
  0
TEXT
  8
2
 10
1394.951572
 20
-375.803185
 40
0.000000
 50
0.000000
  1
# 404
  0
POINT
  8
2
 10
1394.951572
 20
-425.803185
  0
TEXT
  8
2
 10
1394.951572
 20
-425.803185
 40
0.000000
 50
0.000000
  1
# 405
  0
POINT
  8
2
 10
1394.951572
 20
-506.803185
  0
TEXT
  8
2
 10
1394.951572
 20
-506.803185
 40
0.000000
 50
0.000000
  1
# 406
  0
POINT
  8
3
 10
1092.951568
 20
-425.803185
  0
POINT
  8
3
 10
1092.951568
 20
-400.803185
  0
POINT
  8
3
 10
1092.951568
 20
-375.803185
  0
POINT
  8
3
 10
1092.951568
 20
-350.803185
  0
POINT
  8
3
 10
1092.951568
 20
-325.803185
  0
POINT
  8
3
 10
1092.951568
 20
-300.803165
  0
POINT
  8
3
 10
1092.951568
 20
-275.803165
  0
POINT
  8
3
 10
1394.951572
 20
-275.803165
  0
POINT
  8
3
 10
1394.951572
 20
-300.803165
  0
POINT
  8
3
 10
1394.951572
 20
-325.803185
  0
POINT
  8
3
 10
1394.951572
 20
-350.803185
  0
POINT
  8
3
 10
1394.951572
 20
-375.803185
  0
POINT
  8
3
 10
1394.951572
 20
-400.803185
  0
POINT
  8
3
 10
1394.951572
 20
-425.803185
  0
POINT
  8
4
 10
1092.951568
 20
-425.803185
 30
0.400000
 50
  0.00
  0
TEXT
  8
4
 10
1092.951568
 20
-425.803185
 40
0.000000
 50
0.000000
  1
# 407
  0
POINT
  8
4
 10
1092.951568
 20
-375.803185
 30
0.400000
 50
  0.00
  0
TEXT
  8
4
 10
1092.951568
 20
-375.803185
 40
0.000000
 50
0.000000
  1
# 408
  0
POINT
  8
4
 10
1092.951568
 20
-350.803185
 30
0.400000
 50
  0.00
  0
TEXT
  8
4
 10
1092.951568
 20
-350.803185
 40
0.000000
 50
0.000000
  1
# 409
  0
POINT
  8
4
 10
1092.951568
 20
-325.803185
 30
0.400000
 50
  0.00
  0
TEXT
  8
4
 10
1092.951568
 20
-325.803185
 40
0.000000
 50
0.000000
  1
# 410
  0
POINT
  8
4
 10
1092.951568
 20
-275.803165
 30
0.400000
 50
  0.00
  0
TEXT
  8
4
 10
1092.951568
 20
-275.803165
 40
0.000000
 50
0.000000
  1
# 411
  0
POINT
  8
4
 10
1394.951572
 20
-275.803165
 30
0.400000
 50
180.00
  0
TEXT
  8
4
 10
1394.951572
 20
-275.803165
 40
0.000000
 50
0.000000
  1
# 412
  0
POINT
  8
4
 10
1394.951572
 20
-325.803185
 30
0.400000
 50
180.00
  0
TEXT
  8
4
 10
1394.951572
 20
-325.803185
 40
0.000000
 50
0.000000
  1
# 413
  0
POINT
  8
4
 10
1394.951572
 20
-350.803185
 30
0.400000
 50
180.00
  0
TEXT
  8
4
 10
1394.951572
 20
-350.803185
 40
0.000000
 50
0.000000
  1
# 414
  0
POINT
  8
4
 10
1394.951572
 20
-375.803185
 30
0.400000
 50
180.00
  0
TEXT
  8
4
 10
1394.951572
 20
-375.803185
 40
0.000000
 50
0.000000
  1
# 415
  0
POINT
  8
4
 10
1394.951572
 20
-425.803185
 30
0.400000
 50
180.00
  0
TEXT
  8
4
 10
1394.951572
 20
-425.803185
 40
0.000000
 50
0.000000
  1
# 416
  0
POLYLINE
  8
14
  66
1
  70
1
  0
VERTEX
  8
14
  10
1103.951569
  20
-495.803185
  0
VERTEX
  8
14
  10
1103.951569
  20
-425.803185
  0
VERTEX
  8
14
  10
1103.951569
  20
-425.803185
  0
VERTEX
  8
14
  10
1103.951569
  20
-400.803185
  0
VERTEX
  8
14
  10
1103.951569
  20
-375.803185
  0
VERTEX
  8
14
  10
1103.951569
  20
-375.803185
  0
VERTEX
  8
14
  10
1103.951569
  20
-350.803185
  0
VERTEX
  8
14
  10
1103.951569
  20
-325.803185
  0
VERTEX
  8
14
  10
1103.951569
  20
-325.803185
  0
VERTEX
  8
14
  10
1103.951569
  20
-300.803165
  0
VERTEX
  8
14
  10
1103.951569
  20
-275.803165
  0
VERTEX
  8
14
  10
1103.951569
  20
-275.803165
  0
VERTEX
  8
14
  10
1103.951569
  20
-205.803165
  0
VERTEX
  8
14
  10
1308.951569
  20
-205.803165
  0
VERTEX
  8
14
  10
1308.951569
  20
-275.803165
  0
VERTEX
  8
14
  10
1308.951569
  20
-275.803165
  0
VERTEX
  8
14
  10
1308.951569
  20
-300.803165
  0
VERTEX
  8
14
  10
1308.951569
  20
-325.803185
  0
VERTEX
  8
14
  10
1308.951569
  20
-325.803185
  0
VERTEX
  8
14
  10
1308.951569
  20
-350.803185
  0
VERTEX
  8
14
  10
1308.951569
  20
-375.803185
  0
VERTEX
  8
14
  10
1308.951569
  20
-375.803185
  0
VERTEX
  8
14
  10
1308.951569
  20
-400.803185
  0
VERTEX
  8
14
  10
1308.951569
  20
-425.803185
  0
VERTEX
  8
14
  10
1308.951569
  20
-425.803185
  0
VERTEX
  8
14
  10
1308.951569
  20
-495.803185
  0
SEQEND
  8
14
  0
POINT
  8
2
 10
1103.951569
 20
-495.803185
  0
TEXT
  8
2
 10
1103.951569
 20
-495.803185
 40
0.000000
 50
0.000000
  1
# 417
  0
POINT
  8
2
 10
1103.951569
 20
-425.803185
  0
TEXT
  8
2
 10
1103.951569
 20
-425.803185
 40
0.000000
 50
0.000000
  1
# 418
  0
POINT
  8
2
 10
1103.951569
 20
-375.803185
  0
TEXT
  8
2
 10
1103.951569
 20
-375.803185
 40
0.000000
 50
0.000000
  1
# 419
  0
POINT
  8
2
 10
1103.951569
 20
-325.803185
  0
TEXT
  8
2
 10
1103.951569
 20
-325.803185
 40
0.000000
 50
0.000000
  1
# 420
  0
POINT
  8
2
 10
1103.951569
 20
-275.803165
  0
TEXT
  8
2
 10
1103.951569
 20
-275.803165
 40
0.000000
 50
0.000000
  1
# 421
  0
POINT
  8
2
 10
1103.951569
 20
-205.803165
  0
TEXT
  8
2
 10
1103.951569
 20
-205.803165
 40
0.000000
 50
0.000000
  1
# 422
  0
POINT
  8
2
 10
1308.951569
 20
-205.803165
  0
TEXT
  8
2
 10
1308.951569
 20
-205.803165
 40
0.000000
 50
0.000000
  1
# 423
  0
POINT
  8
2
 10
1308.951569
 20
-275.803165
  0
TEXT
  8
2
 10
1308.951569
 20
-275.803165
 40
0.000000
 50
0.000000
  1
# 424
  0
POINT
  8
2
 10
1308.951569
 20
-325.803185
  0
TEXT
  8
2
 10
1308.951569
 20
-325.803185
 40
0.000000
 50
0.000000
  1
# 425
  0
POINT
  8
2
 10
1308.951569
 20
-375.803185
  0
TEXT
  8
2
 10
1308.951569
 20
-375.803185
 40
0.000000
 50
0.000000
  1
# 426
  0
POINT
  8
2
 10
1308.951569
 20
-425.803185
  0
TEXT
  8
2
 10
1308.951569
 20
-425.803185
 40
0.000000
 50
0.000000
  1
# 427
  0
POINT
  8
2
 10
1308.951569
 20
-495.803185
  0
TEXT
  8
2
 10
1308.951569
 20
-495.803185
 40
0.000000
 50
0.000000
  1
# 428
  0
POINT
  8
3
 10
1103.951569
 20
-425.803185
  0
POINT
  8
3
 10
1103.951569
 20
-375.803185
  0
POINT
  8
3
 10
1103.951569
 20
-350.803185
  0
POINT
  8
3
 10
1103.951569
 20
-325.803185
  0
POINT
  8
3
 10
1103.951569
 20
-275.803165
  0
POINT
  8
3
 10
1308.951569
 20
-275.803165
  0
POINT
  8
3
 10
1308.951569
 20
-325.803185
  0
POINT
  8
3
 10
1308.951569
 20
-350.803185
  0
POINT
  8
3
 10
1308.951569
 20
-375.803185
  0
POINT
  8
3
 10
1308.951569
 20
-425.803185
  0
POINT
  8
4
 10
1103.951569
 20
-425.803185
 30
0.400000
 50
  0.00
  0
TEXT
  8
4
 10
1103.951569
 20
-425.803185
 40
0.000000
 50
0.000000
  1
# 429
  0
POINT
  8
4
 10
1103.951569
 20
-375.803185
 30
0.400000
 50
  0.00
  0
TEXT
  8
4
 10
1103.951569
 20
-375.803185
 40
0.000000
 50
0.000000
  1
# 430
  0
POINT
  8
4
 10
1103.951569
 20
-350.803185
 30
0.400000
 50
  0.00
  0
TEXT
  8
4
 10
1103.951569
 20
-350.803185
 40
0.000000
 50
0.000000
  1
# 431
  0
POINT
  8
4
 10
1103.951569
 20
-325.803185
 30
0.400000
 50
  0.00
  0
TEXT
  8
4
 10
1103.951569
 20
-325.803185
 40
0.000000
 50
0.000000
  1
# 432
  0
POINT
  8
4
 10
1103.951569
 20
-275.803165
 30
0.400000
 50
  0.00
  0
TEXT
  8
4
 10
1103.951569
 20
-275.803165
 40
0.000000
 50
0.000000
  1
# 433
  0
POINT
  8
4
 10
1308.951569
 20
-275.803165
 30
0.400000
 50
180.00
  0
TEXT
  8
4
 10
1308.951569
 20
-275.803165
 40
0.000000
 50
0.000000
  1
# 434
  0
POINT
  8
4
 10
1308.951569
 20
-325.803185
 30
0.400000
 50
180.00
  0
TEXT
  8
4
 10
1308.951569
 20
-325.803185
 40
0.000000
 50
0.000000
  1
# 435
  0
POINT
  8
4
 10
1308.951569
 20
-350.803185
 30
0.400000
 50
180.00
  0
TEXT
  8
4
 10
1308.951569
 20
-350.803185
 40
0.000000
 50
0.000000
  1
# 436
  0
POINT
  8
4
 10
1308.951569
 20
-375.803185
 30
0.400000
 50
180.00
  0
TEXT
  8
4
 10
1308.951569
 20
-375.803185
 40
0.000000
 50
0.000000
  1
# 437
  0
POINT
  8
4
 10
1308.951569
 20
-425.803185
 30
0.400000
 50
180.00
  0
TEXT
  8
4
 10
1308.951569
 20
-425.803185
 40
0.000000
 50
0.000000
  1
# 438
  0
POLYLINE
  8
8
  66
1
  70
0
  0
VERTEX
  8
8
  10
1293.951569
  20
-205.803165
  0
VERTEX
  8
8
  10
1293.951569
  20
-275.803165
  0
SEQEND
  8
8
  0
POINT
  8
2
 10
1293.951569
 20
-205.803165
  0
TEXT
  8
2
 10
1293.951569
 20
-205.803165
 40
0.000000
 50
0.000000
  1
# 439
  0
POINT
  8
2
 10
1293.951569
 20
-275.803165
  0
TEXT
  8
2
 10
1293.951569
 20
-275.803165
 40
0.000000
 50
0.000000
  1
# 440
  0
POLYLINE
  8
8
  66
1
  70
0
  0
VERTEX
  8
8
  10
1293.951569
  20
-425.803185
  0
VERTEX
  8
8
  10
1293.951569
  20
-495.803185
  0
SEQEND
  8
8
  0
POINT
  8
2
 10
1293.951569
 20
-425.803185
  0
TEXT
  8
2
 10
1293.951569
 20
-425.803185
 40
0.000000
 50
0.000000
  1
# 441
  0
POINT
  8
2
 10
1293.951569
 20
-495.803185
  0
TEXT
  8
2
 10
1293.951569
 20
-495.803185
 40
0.000000
 50
0.000000
  1
# 442
  0
POLYLINE
  8
8
  66
1
  70
0
  0
VERTEX
  8
8
  10
1293.951569
  20
-325.803185
  0
VERTEX
  8
8
  10
1293.951569
  20
-375.803185
  0
SEQEND
  8
8
  0
POINT
  8
2
 10
1293.951569
 20
-325.803185
  0
TEXT
  8
2
 10
1293.951569
 20
-325.803185
 40
0.000000
 50
0.000000
  1
# 443
  0
POINT
  8
2
 10
1293.951569
 20
-375.803185
  0
TEXT
  8
2
 10
1293.951569
 20
-375.803185
 40
0.000000
 50
0.000000
  1
# 444
  0
POLYLINE
  8
8
  66
1
  70
0
  0
VERTEX
  8
8
  10
1308.951569
  20
-425.803185
  0
VERTEX
  8
8
  10
1256.463288
  20
-425.803185
  0
VERTEX
  8
8
  10
1205.192545
  20
-425.803185
  0
VERTEX
  8
8
  10
1154.379382
  20
-425.803185
  0
VERTEX
  8
8
  10
1105.033351
  20
-425.803185
  0
VERTEX
  8
8
  10
1103.951569
  20
-425.803185
  0
SEQEND
  8
8
  0
POINT
  8
2
 10
1308.951569
 20
-425.803185
  0
TEXT
  8
2
 10
1308.951569
 20
-425.803185
 40
0.000000
 50
0.000000
  1
# 445
  0
POINT
  8
2
 10
1103.951569
 20
-425.803185
  0
TEXT
  8
2
 10
1103.951569
 20
-425.803185
 40
0.000000
 50
0.000000
  1
# 446
  0
POINT
  8
3
 10
1256.463288
 20
-425.803185
  0
POINT
  8
3
 10
1205.192545
 20
-425.803185
  0
POINT
  8
3
 10
1154.379382
 20
-425.803185
  0
POINT
  8
3
 10
1105.033351
 20
-425.803185
  0
POLYLINE
  8
8
  66
1
  70
0
  0
VERTEX
  8
8
  10
1308.951569
  20
-325.803185
  0
VERTEX
  8
8
  10
1256.463288
  20
-325.803185
  0
VERTEX
  8
8
  10
1205.192545
  20
-325.803185
  0
VERTEX
  8
8
  10
1154.379382
  20
-325.803185
  0
VERTEX
  8
8
  10
1105.033351
  20
-325.803185
  0
VERTEX
  8
8
  10
1103.951569
  20
-325.803185
  0
SEQEND
  8
8
  0
POINT
  8
2
 10
1308.951569
 20
-325.803185
  0
TEXT
  8
2
 10
1308.951569
 20
-325.803185
 40
0.000000
 50
0.000000
  1
# 447
  0
POINT
  8
2
 10
1103.951569
 20
-325.803185
  0
TEXT
  8
2
 10
1103.951569
 20
-325.803185
 40
0.000000
 50
0.000000
  1
# 448
  0
POINT
  8
3
 10
1256.463288
 20
-325.803185
  0
POINT
  8
3
 10
1205.192545
 20
-325.803185
  0
POINT
  8
3
 10
1154.379382
 20
-325.803185
  0
POINT
  8
3
 10
1105.033351
 20
-325.803185
  0
POLYLINE
  8
8
  66
1
  70
0
  0
VERTEX
  8
8
  10
1308.951569
  20
-400.803185
  0
VERTEX
  8
8
  10
1103.951569
  20
-400.803185
  0
SEQEND
  8
8
  0
POINT
  8
2
 10
1308.951569
 20
-400.803185
  0
TEXT
  8
2
 10
1308.951569
 20
-400.803185
 40
0.000000
 50
0.000000
  1
# 449
  0
POINT
  8
2
 10
1103.951569
 20
-400.803185
  0
TEXT
  8
2
 10
1103.951569
 20
-400.803185
 40
0.000000
 50
0.000000
  1
# 450
  0
POLYLINE
  8
8
  66
1
  70
0
  0
VERTEX
  8
8
  10
1308.951569
  20
-375.803185
  0
VERTEX
  8
8
  10
1256.463288
  20
-375.803185
  0
VERTEX
  8
8
  10
1205.192545
  20
-375.803185
  0
VERTEX
  8
8
  10
1154.379382
  20
-375.803185
  0
VERTEX
  8
8
  10
1105.033351
  20
-375.803185
  0
VERTEX
  8
8
  10
1103.951569
  20
-375.803185
  0
SEQEND
  8
8
  0
POINT
  8
2
 10
1308.951569
 20
-375.803185
  0
TEXT
  8
2
 10
1308.951569
 20
-375.803185
 40
0.000000
 50
0.000000
  1
# 451
  0
POINT
  8
2
 10
1103.951569
 20
-375.803185
  0
TEXT
  8
2
 10
1103.951569
 20
-375.803185
 40
0.000000
 50
0.000000
  1
# 452
  0
POINT
  8
3
 10
1256.463288
 20
-375.803185
  0
POINT
  8
3
 10
1205.192545
 20
-375.803185
  0
POINT
  8
3
 10
1154.379382
 20
-375.803185
  0
POINT
  8
3
 10
1105.033351
 20
-375.803185
  0
POLYLINE
  8
8
  66
1
  70
0
  0
VERTEX
  8
8
  10
1308.951569
  20
-300.803165
  0
VERTEX
  8
8
  10
1103.951569
  20
-300.803165
  0
SEQEND
  8
8
  0
POINT
  8
2
 10
1308.951569
 20
-300.803165
  0
TEXT
  8
2
 10
1308.951569
 20
-300.803165
 40
0.000000
 50
0.000000
  1
# 453
  0
POINT
  8
2
 10
1103.951569
 20
-300.803165
  0
TEXT
  8
2
 10
1103.951569
 20
-300.803165
 40
0.000000
 50
0.000000
  1
# 454
  0
POLYLINE
  8
8
  66
1
  70
0
  0
VERTEX
  8
8
  10
1308.951569
  20
-275.803165
  0
VERTEX
  8
8
  10
1256.463288
  20
-275.803165
  0
VERTEX
  8
8
  10
1205.192545
  20
-275.803165
  0
VERTEX
  8
8
  10
1154.379382
  20
-275.803165
  0
VERTEX
  8
8
  10
1105.033351
  20
-275.803165
  0
VERTEX
  8
8
  10
1103.951569
  20
-275.803165
  0
SEQEND
  8
8
  0
POINT
  8
2
 10
1308.951569
 20
-275.803165
  0
TEXT
  8
2
 10
1308.951569
 20
-275.803165
 40
0.000000
 50
0.000000
  1
# 455
  0
POINT
  8
2
 10
1103.951569
 20
-275.803165
  0
TEXT
  8
2
 10
1103.951569
 20
-275.803165
 40
0.000000
 50
0.000000
  1
# 456
  0
POINT
  8
3
 10
1256.463288
 20
-275.803165
  0
POINT
  8
3
 10
1205.192545
 20
-275.803165
  0
POINT
  8
3
 10
1154.379382
 20
-275.803165
  0
POINT
  8
3
 10
1105.033351
 20
-275.803165
  0
POLYLINE
  8
8
  66
1
  70
0
  0
VERTEX
  8
8
  10
1257.700958
  20
-375.803185
  0
VERTEX
  8
8
  10
1237.201691
  20
-425.803185
  0
VERTEX
  8
8
  10
1252.451324
  20
-402.853050
  0
SEQEND
  8
8
  0
POINT
  8
2
 10
1257.700958
 20
-375.803185
  0
TEXT
  8
2
 10
1257.700958
 20
-375.803185
 40
0.000000
 50
0.000000
  1
# 457
  0
POINT
  8
2
 10
1252.451324
 20
-402.853050
  0
TEXT
  8
2
 10
1252.451324
 20
-402.853050
 40
0.000000
 50
0.000000
  1
# 458
  0
POLYLINE
  8
8
  66
1
  70
0
  0
VERTEX
  8
8
  10
1257.700958
  20
-275.803165
  0
VERTEX
  8
8
  10
1237.201691
  20
-325.803185
  0
VERTEX
  8
8
  10
1252.451324
  20
-302.853031
  0
SEQEND
  8
8
  0
POINT
  8
2
 10
1257.700958
 20
-275.803165
  0
TEXT
  8
2
 10
1257.700958
 20
-275.803165
 40
0.000000
 50
0.000000
  1
# 459
  0
POINT
  8
2
 10
1252.451324
 20
-302.853031
  0
TEXT
  8
2
 10
1252.451324
 20
-302.853031
 40
0.000000
 50
0.000000
  1
# 460
 0
LINE
 8
7
 10
1124.451447
 20
-350.803185
 11
1288.451691
 21
-350.803185
  0
TEXT
  8
19
 10
1219.472809
 20
-480.890465
 40
10.000000
 50
0.000000
  1
有2.8眼皮
  0
TEXT
  8
1
 10
1243.951570
 20
-350.803175
 40
10.000000
 50
0.000000
  1
Piece Name: 26SMC-WP186M展_腿袋
  0
TEXT
  8
1
 10
1243.951570
 20
-335.803175
 40
10.000000
 50
0.000000
  1
Size: 175/84
  0
TEXT
  8
1
 10
1243.951570
 20
-320.803175
 40
10.000000
 50
0.000000
  1
Annotation: 
  0
TEXT
  8
1
 10
1243.951570
 20
-305.803175
 40
10.000000
 50
0.000000
  1
Quantity: 1,1
  0
TEXT
  8
1
 10
1243.951570
 20
-290.803175
 40
10.000000
 50
0.000000
  1
Material: 面
  0
TEXT
  8
1
 10
1243.951570
 20
-290.803175
 40
10.000000
 50
0.000000
  1
Category: 9
0
ENDBLK
0
BLOCK
  8
1
  2
26SMC-WP186M展_裤耳
 70
0
 10
0.0
 20
0.0
  0
POLYLINE
  8
1
  66
1
  70
1
  0
VERTEX
  8
1
  10
-534.057961
  20
-830.309219
  0
VERTEX
  8
1
  10
-534.057961
  20
-772.309341
  0
VERTEX
  8
1
  10
185.942631
  20
-772.309341
  0
VERTEX
  8
1
  10
185.942631
  20
-830.309219
  0
SEQEND
  8
1
  0
POINT
  8
2
 10
-534.057961
 20
-830.309219
  0
TEXT
  8
2
 10
-534.057961
 20
-830.309219
 40
0.000000
 50
0.000000
  1
# 461
  0
POINT
  8
2
 10
-534.057961
 20
-772.309341
  0
TEXT
  8
2
 10
-534.057961
 20
-772.309341
 40
0.000000
 50
0.000000
  1
# 462
  0
POINT
  8
2
 10
185.942631
 20
-772.309341
  0
TEXT
  8
2
 10
185.942631
 20
-772.309341
 40
0.000000
 50
0.000000
  1
# 463
  0
POINT
  8
2
 10
185.942631
 20
-830.309219
  0
TEXT
  8
2
 10
185.942631
 20
-830.309219
 40
0.000000
 50
0.000000
  1
# 464
 0
LINE
 8
7
 10
-335.823097
 20
-787.647171
 11
-119.565783
 21
-787.647171
  0
TEXT
  8
1
 10
-174.057665
 20
-801.309280
 40
10.000000
 50
0.000000
  1
Piece Name: 26SMC-WP186M展_裤耳
  0
TEXT
  8
1
 10
-174.057665
 20
-786.309280
 40
10.000000
 50
0.000000
  1
Size: 175/84
  0
TEXT
  8
1
 10
-174.057665
 20
-771.309280
 40
10.000000
 50
0.000000
  1
Annotation: 
  0
TEXT
  8
1
 10
-174.057665
 20
-756.309280
 40
10.000000
 50
0.000000
  1
Quantity: 1
  0
TEXT
  8
1
 10
-174.057665
 20
-741.309280
 40
10.000000
 50
0.000000
  1
Material: 面
  0
TEXT
  8
1
 10
-174.057665
 20
-741.309280
 40
10.000000
 50
0.000000
  1
Category: 10
0
ENDBLK
0
BLOCK
  8
1
  2
26SMC-WP186M展_腰
 70
0
 10
0.0
 20
0.0
  0
POLYLINE
  8
1
  66
1
  70
1
  0
VERTEX
  8
1
  10
306.523685
  20
-225.718437
  0
VERTEX
  8
1
  10
243.523197
  20
-225.718437
  0
VERTEX
  8
1
  10
237.523441
  20
-225.718437
  0
VERTEX
  8
1
  10
25.724742
  20
-225.718437
  0
VERTEX
  8
1
  10
-212.475338
  20
-225.718437
  0
VERTEX
  8
1
  10
-450.675392
  20
-225.718437
  0
VERTEX
  8
1
  10
-682.474747
  20
-225.718437
  0
VERTEX
  8
1
  10
-682.474747
  20
-155.717949
  0
VERTEX
  8
1
  10
-622.972684
  20
-155.717949
  0
VERTEX
  8
1
  10
-571.264536
  20
-155.717949
  0
VERTEX
  8
1
  10
-520.730375
  20
-155.717949
  0
VERTEX
  8
1
  10
-470.485305
  20
-155.717949
  0
VERTEX
  8
1
  10
-418.866068
  20
-155.717949
  0
VERTEX
  8
1
  10
-367.590262
  20
-155.717949
  0
VERTEX
  8
1
  10
-316.369934
  20
-155.717949
  0
VERTEX
  8
1
  10
-264.995368
  20
-155.717949
  0
VERTEX
  8
1
  10
-212.475338
  20
-155.717949
  0
VERTEX
  8
1
  10
-157.928804
  20
-155.717949
  0
VERTEX
  8
1
  10
-106.180030
  20
-155.717949
  0
VERTEX
  8
1
  10
-54.276812
  20
-155.717949
  0
VERTEX
  8
1
  10
-2.642912
  20
-155.717949
  0
VERTEX
  8
1
  10
47.770635
  20
-155.717949
  0
VERTEX
  8
1
  10
99.622747
  20
-155.717949
  0
VERTEX
  8
1
  10
149.761429
  20
-155.717949
  0
VERTEX
  8
1
  10
200.067240
  20
-155.717949
  0
VERTEX
  8
1
  10
243.523197
  20
-155.717949
  0
VERTEX
  8
1
  10
306.523685
  20
-155.717949
  0
SEQEND
  8
1
  0
POINT
  8
2
 10
306.523685
 20
-225.718437
  0
TEXT
  8
2
 10
306.523685
 20
-225.718437
 40
0.000000
 50
0.000000
  1
# 465
  0
POINT
  8
2
 10
243.523197
 20
-225.718437
  0
TEXT
  8
2
 10
243.523197
 20
-225.718437
 40
0.000000
 50
0.000000
  1
# 466
  0
POINT
  8
2
 10
237.523441
 20
-225.718437
  0
TEXT
  8
2
 10
237.523441
 20
-225.718437
 40
0.000000
 50
0.000000
  1
# 467
  0
POINT
  8
2
 10
25.724742
 20
-225.718437
  0
TEXT
  8
2
 10
25.724742
 20
-225.718437
 40
0.000000
 50
0.000000
  1
# 468
  0
POINT
  8
2
 10
-212.475338
 20
-225.718437
  0
TEXT
  8
2
 10
-212.475338
 20
-225.718437
 40
0.000000
 50
0.000000
  1
# 469
  0
POINT
  8
2
 10
-450.675392
 20
-225.718437
  0
TEXT
  8
2
 10
-450.675392
 20
-225.718437
 40
0.000000
 50
0.000000
  1
# 470
  0
POINT
  8
2
 10
-682.474747
 20
-225.718437
  0
TEXT
  8
2
 10
-682.474747
 20
-225.718437
 40
0.000000
 50
0.000000
  1
# 471
  0
POINT
  8
2
 10
-682.474747
 20
-155.717949
  0
TEXT
  8
2
 10
-682.474747
 20
-155.717949
 40
0.000000
 50
0.000000
  1
# 472
  0
POINT
  8
2
 10
-212.475338
 20
-155.717949
  0
TEXT
  8
2
 10
-212.475338
 20
-155.717949
 40
0.000000
 50
0.000000
  1
# 473
  0
POINT
  8
2
 10
243.523197
 20
-155.717949
  0
TEXT
  8
2
 10
243.523197
 20
-155.717949
 40
0.000000
 50
0.000000
  1
# 474
  0
POINT
  8
2
 10
306.523685
 20
-155.717949
  0
TEXT
  8
2
 10
306.523685
 20
-155.717949
 40
0.000000
 50
0.000000
  1
# 475
  0
POINT
  8
3
 10
-622.972684
 20
-155.717949
  0
POINT
  8
3
 10
-571.264536
 20
-155.717949
  0
POINT
  8
3
 10
-520.730375
 20
-155.717949
  0
POINT
  8
3
 10
-470.485305
 20
-155.717949
  0
POINT
  8
3
 10
-418.866068
 20
-155.717949
  0
POINT
  8
3
 10
-367.590262
 20
-155.717949
  0
POINT
  8
3
 10
-316.369934
 20
-155.717949
  0
POINT
  8
3
 10
-264.995368
 20
-155.717949
  0
POINT
  8
3
 10
-157.928804
 20
-155.717949
  0
POINT
  8
3
 10
-106.180030
 20
-155.717949
  0
POINT
  8
3
 10
-54.276812
 20
-155.717949
  0
POINT
  8
3
 10
-2.642912
 20
-155.717949
  0
POINT
  8
3
 10
47.770635
 20
-155.717949
  0
POINT
  8
3
 10
99.622747
 20
-155.717949
  0
POINT
  8
3
 10
149.761429
 20
-155.717949
  0
POINT
  8
3
 10
200.067240
 20
-155.717949
  0
POLYLINE
  8
14
  66
1
  70
1
  0
VERTEX
  8
14
  10
286.523685
  20
-214.718437
  0
VERTEX
  8
14
  10
243.523197
  20
-214.718437
  0
VERTEX
  8
14
  10
237.523441
  20
-214.718437
  0
VERTEX
  8
14
  10
25.724742
  20
-214.718437
  0
VERTEX
  8
14
  10
-212.475338
  20
-214.718437
  0
VERTEX
  8
14
  10
-450.675392
  20
-214.718437
  0
VERTEX
  8
14
  10
-662.474747
  20
-214.718437
  0
VERTEX
  8
14
  10
-662.474747
  20
-166.717949
  0
VERTEX
  8
14
  10
-622.972684
  20
-166.717949
  0
VERTEX
  8
14
  10
-571.264536
  20
-166.717949
  0
VERTEX
  8
14
  10
-520.730375
  20
-166.717949
  0
VERTEX
  8
14
  10
-470.485305
  20
-166.717949
  0
VERTEX
  8
14
  10
-418.866068
  20
-166.717949
  0
VERTEX
  8
14
  10
-367.590262
  20
-166.717949
  0
VERTEX
  8
14
  10
-316.369934
  20
-166.717949
  0
VERTEX
  8
14
  10
-264.995368
  20
-166.717949
  0
VERTEX
  8
14
  10
-212.475338
  20
-166.717949
  0
VERTEX
  8
14
  10
-157.928804
  20
-166.717949
  0
VERTEX
  8
14
  10
-106.180030
  20
-166.717949
  0
VERTEX
  8
14
  10
-54.276812
  20
-166.717949
  0
VERTEX
  8
14
  10
-2.642912
  20
-166.717949
  0
VERTEX
  8
14
  10
47.770635
  20
-166.717949
  0
VERTEX
  8
14
  10
99.622747
  20
-166.717949
  0
VERTEX
  8
14
  10
149.761429
  20
-166.717949
  0
VERTEX
  8
14
  10
200.067240
  20
-166.717949
  0
VERTEX
  8
14
  10
243.523197
  20
-166.717949
  0
VERTEX
  8
14
  10
286.523685
  20
-166.717949
  0
SEQEND
  8
14
  0
POINT
  8
2
 10
286.523685
 20
-214.718437
  0
TEXT
  8
2
 10
286.523685
 20
-214.718437
 40
0.000000
 50
0.000000
  1
# 476
  0
POINT
  8
2
 10
243.523197
 20
-214.718437
  0
TEXT
  8
2
 10
243.523197
 20
-214.718437
 40
0.000000
 50
0.000000
  1
# 477
  0
POINT
  8
2
 10
237.523441
 20
-214.718437
  0
TEXT
  8
2
 10
237.523441
 20
-214.718437
 40
0.000000
 50
0.000000
  1
# 478
  0
POINT
  8
2
 10
25.724742
 20
-214.718437
  0
TEXT
  8
2
 10
25.724742
 20
-214.718437
 40
0.000000
 50
0.000000
  1
# 479
  0
POINT
  8
2
 10
-212.475338
 20
-214.718437
  0
TEXT
  8
2
 10
-212.475338
 20
-214.718437
 40
0.000000
 50
0.000000
  1
# 480
  0
POINT
  8
2
 10
-450.675392
 20
-214.718437
  0
TEXT
  8
2
 10
-450.675392
 20
-214.718437
 40
0.000000
 50
0.000000
  1
# 481
  0
POINT
  8
2
 10
-662.474747
 20
-214.718437
  0
TEXT
  8
2
 10
-662.474747
 20
-214.718437
 40
0.000000
 50
0.000000
  1
# 482
  0
POINT
  8
2
 10
-662.474747
 20
-166.717949
  0
TEXT
  8
2
 10
-662.474747
 20
-166.717949
 40
0.000000
 50
0.000000
  1
# 483
  0
POINT
  8
2
 10
-212.475338
 20
-166.717949
  0
TEXT
  8
2
 10
-212.475338
 20
-166.717949
 40
0.000000
 50
0.000000
  1
# 484
  0
POINT
  8
2
 10
243.523197
 20
-166.717949
  0
TEXT
  8
2
 10
243.523197
 20
-166.717949
 40
0.000000
 50
0.000000
  1
# 485
  0
POINT
  8
2
 10
286.523685
 20
-166.717949
  0
TEXT
  8
2
 10
286.523685
 20
-166.717949
 40
0.000000
 50
0.000000
  1
# 486
  0
POINT
  8
3
 10
-622.972684
 20
-166.717949
  0
POINT
  8
3
 10
-571.264536
 20
-166.717949
  0
POINT
  8
3
 10
-520.730375
 20
-166.717949
  0
POINT
  8
3
 10
-470.485305
 20
-166.717949
  0
POINT
  8
3
 10
-418.866068
 20
-166.717949
  0
POINT
  8
3
 10
-367.590262
 20
-166.717949
  0
POINT
  8
3
 10
-316.369934
 20
-166.717949
  0
POINT
  8
3
 10
-264.995368
 20
-166.717949
  0
POINT
  8
3
 10
-157.928804
 20
-166.717949
  0
POINT
  8
3
 10
-106.180030
 20
-166.717949
  0
POINT
  8
3
 10
-54.276812
 20
-166.717949
  0
POINT
  8
3
 10
-2.642912
 20
-166.717949
  0
POINT
  8
3
 10
47.770635
 20
-166.717949
  0
POINT
  8
3
 10
99.622747
 20
-166.717949
  0
POINT
  8
3
 10
149.761429
 20
-166.717949
  0
POINT
  8
3
 10
200.067240
 20
-166.717949
  0
POLYLINE
  8
8
  66
1
  70
0
  0
VERTEX
  8
8
  10
-212.475338
  20
-214.718437
  0
VERTEX
  8
8
  10
-212.475338
  20
-166.717949
  0
SEQEND
  8
8
  0
POINT
  8
2
 10
-212.475338
 20
-214.718437
  0
TEXT
  8
2
 10
-212.475338
 20
-214.718437
 40
0.000000
 50
0.000000
  1
# 487
  0
POINT
  8
2
 10
-212.475338
 20
-166.717949
  0
TEXT
  8
2
 10
-212.475338
 20
-166.717949
 40
0.000000
 50
0.000000
  1
# 488
  0
POLYLINE
  8
8
  66
1
  70
0
  0
VERTEX
  8
8
  10
25.724742
  20
-166.717949
  0
VERTEX
  8
8
  10
25.724742
  20
-214.718437
  0
SEQEND
  8
8
  0
POINT
  8
2
 10
25.724742
 20
-166.717949
  0
TEXT
  8
2
 10
25.724742
 20
-166.717949
 40
0.000000
 50
0.000000
  1
# 489
  0
POINT
  8
2
 10
25.724742
 20
-214.718437
  0
TEXT
  8
2
 10
25.724742
 20
-214.718437
 40
0.000000
 50
0.000000
  1
# 490
  0
POLYLINE
  8
8
  66
1
  70
0
  0
VERTEX
  8
8
  10
243.523197
  20
-166.717949
  0
VERTEX
  8
8
  10
243.523197
  20
-214.718437
  0
SEQEND
  8
8
  0
POINT
  8
2
 10
243.523197
 20
-166.717949
  0
TEXT
  8
2
 10
243.523197
 20
-166.717949
 40
0.000000
 50
0.000000
  1
# 491
  0
POINT
  8
2
 10
243.523197
 20
-214.718437
  0
TEXT
  8
2
 10
243.523197
 20
-214.718437
 40
0.000000
 50
0.000000
  1
# 492
  0
POLYLINE
  8
8
  66
1
  70
0
  0
VERTEX
  8
8
  10
237.523441
  20
-166.717949
  0
VERTEX
  8
8
  10
237.523441
  20
-214.718437
  0
SEQEND
  8
8
  0
POINT
  8
2
 10
237.523441
 20
-166.717949
  0
TEXT
  8
2
 10
237.523441
 20
-166.717949
 40
0.000000
 50
0.000000
  1
# 493
  0
POINT
  8
2
 10
237.523441
 20
-214.718437
  0
TEXT
  8
2
 10
237.523441
 20
-214.718437
 40
0.000000
 50
0.000000
  1
# 494
  0
POLYLINE
  8
8
  66
1
  70
0
  0
VERTEX
  8
8
  10
-450.675392
  20
-166.717949
  0
VERTEX
  8
8
  10
-450.675392
  20
-214.718437
  0
SEQEND
  8
8
  0
POINT
  8
2
 10
-450.675392
 20
-166.717949
  0
TEXT
  8
2
 10
-450.675392
 20
-166.717949
 40
0.000000
 50
0.000000
  1
# 495
  0
POINT
  8
2
 10
-450.675392
 20
-214.718437
  0
TEXT
  8
2
 10
-450.675392
 20
-214.718437
 40
0.000000
 50
0.000000
  1
# 496
 0
LINE
 8
7
 10
-199.077511
 20
-201.307793
 11
-0.954335
 21
-201.307793
  0
TEXT
  8
1
 10
-187.975531
 20
-190.718193
 40
10.000000
 50
0.000000
  1
Piece Name: 26SMC-WP186M展_腰
  0
TEXT
  8
1
 10
-187.975531
 20
-175.718193
 40
10.000000
 50
0.000000
  1
Size: 175/84
  0
TEXT
  8
1
 10
-187.975531
 20
-160.718193
 40
10.000000
 50
0.000000
  1
Annotation: 
  0
TEXT
  8
1
 10
-187.975531
 20
-145.718193
 40
10.000000
 50
0.000000
  1
Quantity: 1,1
  0
TEXT
  8
1
 10
-187.975531
 20
-130.718193
 40
10.000000
 50
0.000000
  1
Material: 面
  0
TEXT
  8
1
 10
-187.975531
 20
-130.718193
 40
10.000000
 50
0.000000
  1
Category: 11
0
ENDBLK
0
BLOCK
  8
1
  2
26SMC-WP186M展_双刀
 70
0
 10
0.0
 20
0.0
  0
POLYLINE
  8
1
  66
1
  70
1
  0
VERTEX
  8
1
  10
-161.941280
  20
-544.835014
  0
VERTEX
  8
1
  10
-165.295773
  20
-534.835014
  0
VERTEX
  8
1
  10
-161.941280
  20
-524.835014
  0
VERTEX
  8
1
  10
-165.295773
  20
-514.835014
  0
VERTEX
  8
1
  10
-155.056505
  20
-471.646538
  0
VERTEX
  8
1
  10
-165.295773
  20
-428.458977
  0
VERTEX
  8
1
  10
-161.941280
  20
-418.458977
  0
VERTEX
  8
1
  10
-83.425199
  20
-418.458977
  0
VERTEX
  8
1
  10
-29.981480
  20
-418.458977
  0
VERTEX
  8
1
  10
22.802441
  20
-418.458977
  0
VERTEX
  8
1
  10
31.097057
  20
-418.458977
  0
VERTEX
  8
1
  10
31.180065
  20
-471.646538
  0
VERTEX
  8
1
  10
31.098871
  20
-523.672473
  0
VERTEX
  8
1
  10
31.097057
  20
-524.835014
  0
VERTEX
  8
1
  10
31.097057
  20
-524.835014
  0
VERTEX
  8
1
  10
31.097057
  20
-544.835014
  0
VERTEX
  8
1
  10
-47.419025
  20
-544.835014
  0
VERTEX
  8
1
  10
-100.862744
  20
-544.835014
  0
VERTEX
  8
1
  10
-153.646664
  20
-544.835014
  0
SEQEND
  8
1
  0
POINT
  8
2
 10
-161.941280
 20
-544.835014
  0
TEXT
  8
2
 10
-161.941280
 20
-544.835014
 40
0.000000
 50
0.000000
  1
# 497
  0
POINT
  8
2
 10
-165.295773
 20
-534.835014
  0
TEXT
  8
2
 10
-165.295773
 20
-534.835014
 40
0.000000
 50
0.000000
  1
# 498
  0
POINT
  8
2
 10
-161.941280
 20
-524.835014
  0
TEXT
  8
2
 10
-161.941280
 20
-524.835014
 40
0.000000
 50
0.000000
  1
# 499
  0
POINT
  8
2
 10
-165.295773
 20
-514.835014
  0
TEXT
  8
2
 10
-165.295773
 20
-514.835014
 40
0.000000
 50
0.000000
  1
# 500
  0
POINT
  8
2
 10
-155.056505
 20
-471.646538
  0
TEXT
  8
2
 10
-155.056505
 20
-471.646538
 40
0.000000
 50
0.000000
  1
# 501
  0
POINT
  8
2
 10
-165.295773
 20
-428.458977
  0
TEXT
  8
2
 10
-165.295773
 20
-428.458977
 40
0.000000
 50
0.000000
  1
# 502
  0
POINT
  8
2
 10
-161.941280
 20
-418.458977
  0
TEXT
  8
2
 10
-161.941280
 20
-418.458977
 40
0.000000
 50
0.000000
  1
# 503
  0
POINT
  8
2
 10
31.097057
 20
-418.458977
  0
TEXT
  8
2
 10
31.097057
 20
-418.458977
 40
0.000000
 50
0.000000
  1
# 504
  0
POINT
  8
2
 10
31.180065
 20
-471.646538
  0
TEXT
  8
2
 10
31.180065
 20
-471.646538
 40
0.000000
 50
0.000000
  1
# 505
  0
POINT
  8
2
 10
31.097057
 20
-524.835014
  0
TEXT
  8
2
 10
31.097057
 20
-524.835014
 40
0.000000
 50
0.000000
  1
# 506
  0
POINT
  8
2
 10
31.097057
 20
-544.835014
  0
TEXT
  8
2
 10
31.097057
 20
-544.835014
 40
0.000000
 50
0.000000
  1
# 507
  0
POINT
  8
3
 10
-83.425199
 20
-418.458977
  0
POINT
  8
3
 10
-29.981480
 20
-418.458977
  0
POINT
  8
3
 10
22.802441
 20
-418.458977
  0
POINT
  8
3
 10
31.098871
 20
-523.672473
  0
POINT
  8
3
 10
31.097057
 20
-524.835014
  0
POINT
  8
3
 10
-47.419025
 20
-544.835014
  0
POINT
  8
3
 10
-100.862744
 20
-544.835014
  0
POINT
  8
3
 10
-153.646664
 20
-544.835014
  0
POINT
  8
3
 10
31.097057
 20
-524.835014
  0
TEXT
  8
3
 10
31.097057
 20
-524.835014
 40
0.000000
 50
0.000000
  1
# 508
  0
POLYLINE
  8
8
  66
1
  70
0
  0
VERTEX
  8
8
  10
31.097057
  20
-524.835014
  0
VERTEX
  8
8
  10
-47.419025
  20
-524.835014
  0
VERTEX
  8
8
  10
-100.862744
  20
-524.835014
  0
VERTEX
  8
8
  10
-153.646664
  20
-524.835014
  0
VERTEX
  8
8
  10
-161.941280
  20
-524.835014
  0
SEQEND
  8
8
  0
POINT
  8
2
 10
31.097057
 20
-524.835014
  0
TEXT
  8
2
 10
31.097057
 20
-524.835014
 40
0.000000
 50
0.000000
  1
# 509
  0
POINT
  8
2
 10
-161.941280
 20
-524.835014
  0
TEXT
  8
2
 10
-161.941280
 20
-524.835014
 40
0.000000
 50
0.000000
  1
# 510
  0
POINT
  8
3
 10
-47.419025
 20
-524.835014
  0
POINT
  8
3
 10
-100.862744
 20
-524.835014
  0
POINT
  8
3
 10
-153.646664
 20
-524.835014
 0
LINE
 8
7
 10
-120.246935
 20
-484.759331
 11
-5.723011
 21
-484.759331
  0
TEXT
  8
1
 10
-67.057854
 20
-481.646996
 40
10.000000
 50
0.000000
  1
Piece Name: 26SMC-WP186M展_双刀
  0
TEXT
  8
1
 10
-67.057854
 20
-466.646996
 40
10.000000
 50
0.000000
  1
Size: 175/84
  0
TEXT
  8
1
 10
-67.057854
 20
-451.646996
 40
10.000000
 50
0.000000
  1
Annotation: 
  0
TEXT
  8
1
 10
-67.057854
 20
-436.646996
 40
10.000000
 50
0.000000
  1
Quantity: 1
  0
TEXT
  8
1
 10
-67.057854
 20
-421.646996
 40
10.000000
 50
0.000000
  1
Material: 面
  0
TEXT
  8
1
 10
-67.057854
 20
-421.646996
 40
10.000000
 50
0.000000
  1
Category: 12
0
ENDBLK
0
BLOCK
  8
1
  2
26SMC-WP186M展_单刀
 70
0
 10
0.0
 20
0.0
  0
POLYLINE
  8
1
  66
1
  70
1
  0
VERTEX
  8
1
  10
-175.384274
  20
-389.711113
  0
VERTEX
  8
1
  10
-173.026980
  20
-375.321860
  0
VERTEX
  8
1
  10
-170.386178
  20
-365.809922
  0
VERTEX
  8
1
  10
-167.604082
  20
-359.041212
  0
VERTEX
  8
1
  10
-163.989625
  20
-352.859237
  0
VERTEX
  8
1
  10
-160.247360
  20
-348.333483
  0
VERTEX
  8
1
  10
-156.058022
  20
-344.723722
  0
VERTEX
  8
1
  10
-150.986024
  20
-341.596576
  0
VERTEX
  8
1
  10
-144.344074
  20
-338.727842
  0
VERTEX
  8
1
  10
-136.504130
  20
-336.518467
  0
VERTEX
  8
1
  10
-128.304572
  20
-335.232194
  0
VERTEX
  8
1
  10
-120.384264
  20
-334.713249
  0
VERTEX
  8
1
  10
-65.348577
  20
-334.724117
  0
VERTEX
  8
1
  10
-14.688179
  20
-334.733607
  0
VERTEX
  8
1
  10
8.734386
  20
-334.737053
  0
VERTEX
  8
1
  10
4.790370
  20
-387.348946
  0
VERTEX
  8
1
  10
4.613292
  20
-389.711113
  0
VERTEX
  8
1
  10
-68.598608
  20
-389.711113
  0
VERTEX
  8
1
  10
-133.636791
  20
-389.711113
  0
SEQEND
  8
1
  0
POINT
  8
2
 10
-175.384274
 20
-389.711113
  0
TEXT
  8
2
 10
-175.384274
 20
-389.711113
 40
0.000000
 50
0.000000
  1
# 511
  0
POINT
  8
2
 10
-120.384264
 20
-334.713249
  0
TEXT
  8
2
 10
-120.384264
 20
-334.713249
 40
0.000000
 50
0.000000
  1
# 512
  0
POINT
  8
2
 10
8.734386
 20
-334.737053
  0
TEXT
  8
2
 10
8.734386
 20
-334.737053
 40
0.000000
 50
0.000000
  1
# 513
  0
POINT
  8
2
 10
4.613292
 20
-389.711113
  0
TEXT
  8
2
 10
4.613292
 20
-389.711113
 40
0.000000
 50
0.000000
  1
# 514
  0
POINT
  8
3
 10
-173.026980
 20
-375.321860
  0
POINT
  8
3
 10
-170.386178
 20
-365.809922
  0
POINT
  8
3
 10
-167.604082
 20
-359.041212
  0
POINT
  8
3
 10
-163.989625
 20
-352.859237
  0
POINT
  8
3
 10
-160.247360
 20
-348.333483
  0
POINT
  8
3
 10
-156.058022
 20
-344.723722
  0
POINT
  8
3
 10
-150.986024
 20
-341.596576
  0
POINT
  8
3
 10
-144.344074
 20
-338.727842
  0
POINT
  8
3
 10
-136.504130
 20
-336.518467
  0
POINT
  8
3
 10
-128.304572
 20
-335.232194
  0
POINT
  8
3
 10
-65.348577
 20
-334.724117
  0
POINT
  8
3
 10
-14.688179
 20
-334.733607
  0
POINT
  8
3
 10
4.790370
 20
-387.348946
  0
POINT
  8
3
 10
-68.598608
 20
-389.711113
  0
POINT
  8
3
 10
-133.636791
 20
-389.711113
 0
LINE
 8
7
 10
-115.169420
 20
-369.593620
 11
-35.783436
 21
-369.593620
  0
TEXT
  8
1
 10
-83.324944
 20
-362.212181
 40
10.000000
 50
0.000000
  1
Piece Name: 26SMC-WP186M展_单刀
  0
TEXT
  8
1
 10
-83.324944
 20
-347.212181
 40
10.000000
 50
0.000000
  1
Size: 175/84
  0
TEXT
  8
1
 10
-83.324944
 20
-332.212181
 40
10.000000
 50
0.000000
  1
Annotation: 
  0
TEXT
  8
1
 10
-83.324944
 20
-317.212181
 40
10.000000
 50
0.000000
  1
Quantity: 1
  0
TEXT
  8
1
 10
-83.324944
 20
-302.212181
 40
10.000000
 50
0.000000
  1
Material: 面
  0
TEXT
  8
1
 10
-83.324944
 20
-302.212181
 40
10.000000
 50
0.000000
  1
Category: 13
0
ENDBLK
0
BLOCK
  8
1
  2
26SMC-WP186M展_后袋布
 70
0
 10
0.0
 20
0.0
  0
POLYLINE
  8
1
  66
1
  70
1
  0
VERTEX
  8
1
  10
316.315479
  20
1313.579407
  0
VERTEX
  8
1
  10
130.596485
  20
1313.579407
  0
VERTEX
  8
1
  10
110.436606
  20
1314.909334
  0
VERTEX
  8
1
  10
96.483900
  20
1316.633922
  0
VERTEX
  8
1
  10
85.306604
  20
1318.914041
  0
VERTEX
  8
1
  10
76.856777
  20
1321.510082
  0
VERTEX
  8
1
  10
68.764982
  20
1324.948072
  0
VERTEX
  8
1
  10
58.099960
  20
1330.592662
  0
VERTEX
  8
1
  10
53.448043
  20
1333.290710
  0
VERTEX
  8
1
  10
53.448043
  20
1498.918762
  0
VERTEX
  8
1
  10
64.384933
  20
1505.052795
  0
VERTEX
  8
1
  10
75.714278
  20
1510.268250
  0
VERTEX
  8
1
  10
88.995533
  20
1514.170227
  0
VERTEX
  8
1
  10
102.733936
  20
1516.457825
  0
VERTEX
  8
1
  10
130.596485
  20
1518.625183
  0
VERTEX
  8
1
  10
316.315479
  20
1518.625183
  0
VERTEX
  8
1
  10
432.187042
  20
1518.625183
  0
VERTEX
  8
1
  10
502.038116
  20
1518.625183
  0
VERTEX
  8
1
  10
522.197378
  20
1517.298366
  0
VERTEX
  8
1
  10
536.150787
  20
1515.576135
  0
VERTEX
  8
1
  10
547.327381
  20
1513.293758
  0
VERTEX
  8
1
  10
555.775595
  20
1510.693611
  0
VERTEX
  8
1
  10
563.865511
  20
1507.257177
  0
VERTEX
  8
1
  10
574.534887
  20
1501.614996
  0
VERTEX
  8
1
  10
579.186554
  20
1498.918762
  0
VERTEX
  8
1
  10
579.186554
  20
1333.290710
  0
VERTEX
  8
1
  10
568.248444
  20
1327.152405
  0
VERTEX
  8
1
  10
556.916046
  20
1321.936951
  0
VERTEX
  8
1
  10
543.639069
  20
1318.039246
  0
VERTEX
  8
1
  10
529.901276
  20
1315.751648
  0
VERTEX
  8
1
  10
502.038116
  20
1313.579407
  0
VERTEX
  8
1
  10
432.187042
  20
1313.579407
  0
SEQEND
  8
1
  0
POINT
  8
2
 10
316.315479
 20
1313.579407
  0
TEXT
  8
2
 10
316.315479
 20
1313.579407
 40
0.000000
 50
0.000000
  1
# 515
  0
POINT
  8
2
 10
130.596485
 20
1313.579407
  0
TEXT
  8
2
 10
130.596485
 20
1313.579407
 40
0.000000
 50
0.000000
  1
# 516
  0
POINT
  8
2
 10
53.448043
 20
1333.290710
  0
TEXT
  8
2
 10
53.448043
 20
1333.290710
 40
0.000000
 50
0.000000
  1
# 517
  0
POINT
  8
2
 10
53.448043
 20
1498.918762
  0
TEXT
  8
2
 10
53.448043
 20
1498.918762
 40
0.000000
 50
0.000000
  1
# 518
  0
POINT
  8
2
 10
130.596485
 20
1518.625183
  0
TEXT
  8
2
 10
130.596485
 20
1518.625183
 40
0.000000
 50
0.000000
  1
# 519
  0
POINT
  8
2
 10
316.315479
 20
1518.625183
  0
TEXT
  8
2
 10
316.315479
 20
1518.625183
 40
0.000000
 50
0.000000
  1
# 520
  0
POINT
  8
2
 10
502.038116
 20
1518.625183
  0
TEXT
  8
2
 10
502.038116
 20
1518.625183
 40
0.000000
 50
0.000000
  1
# 521
  0
POINT
  8
2
 10
579.186554
 20
1498.918762
  0
TEXT
  8
2
 10
579.186554
 20
1498.918762
 40
0.000000
 50
0.000000
  1
# 522
  0
POINT
  8
2
 10
579.186554
 20
1333.290710
  0
TEXT
  8
2
 10
579.186554
 20
1333.290710
 40
0.000000
 50
0.000000
  1
# 523
  0
POINT
  8
2
 10
502.038116
 20
1313.579407
  0
TEXT
  8
2
 10
502.038116
 20
1313.579407
 40
0.000000
 50
0.000000
  1
# 524
  0
POINT
  8
3
 10
110.436606
 20
1314.909334
  0
POINT
  8
3
 10
96.483900
 20
1316.633922
  0
POINT
  8
3
 10
85.306604
 20
1318.914041
  0
POINT
  8
3
 10
76.856777
 20
1321.510082
  0
POINT
  8
3
 10
68.764982
 20
1324.948072
  0
POINT
  8
3
 10
58.099960
 20
1330.592662
  0
POINT
  8
3
 10
64.384933
 20
1505.052795
  0
POINT
  8
3
 10
75.714278
 20
1510.268250
  0
POINT
  8
3
 10
88.995533
 20
1514.170227
  0
POINT
  8
3
 10
102.733936
 20
1516.457825
  0
POINT
  8
3
 10
432.187042
 20
1518.625183
  0
POINT
  8
3
 10
522.197378
 20
1517.298366
  0
POINT
  8
3
 10
536.150787
 20
1515.576135
  0
POINT
  8
3
 10
547.327381
 20
1513.293758
  0
POINT
  8
3
 10
555.775595
 20
1510.693611
  0
POINT
  8
3
 10
563.865511
 20
1507.257177
  0
POINT
  8
3
 10
574.534887
 20
1501.614996
  0
POINT
  8
3
 10
568.248444
 20
1327.152405
  0
POINT
  8
3
 10
556.916046
 20
1321.936951
  0
POINT
  8
3
 10
543.639069
 20
1318.039246
  0
POINT
  8
3
 10
529.901276
 20
1315.751648
  0
POINT
  8
3
 10
432.187042
 20
1313.579407
  0
POINT
  8
4
 10
432.187042
 20
1518.625183
 30
0.400000
 50
270.00
  0
TEXT
  8
4
 10
432.187042
 20
1518.625183
 40
0.000000
 50
0.000000
  1
# 525
  0
POINT
  8
4
 10
432.187042
 20
1313.579407
 30
0.400000
 50
 90.00
  0
TEXT
  8
4
 10
432.187042
 20
1313.579407
 40
0.000000
 50
0.000000
  1
# 526
  0
POLYLINE
  8
8
  66
1
  70
0
  0
VERTEX
  8
8
  10
432.187042
  20
1518.625183
  0
VERTEX
  8
8
  10
432.187042
  20
1313.579407
  0
SEQEND
  8
8
  0
POINT
  8
2
 10
432.187042
 20
1518.625183
  0
TEXT
  8
2
 10
432.187042
 20
1518.625183
 40
0.000000
 50
0.000000
  1
# 527
  0
POINT
  8
2
 10
432.187042
 20
1313.579407
  0
TEXT
  8
2
 10
432.187042
 20
1313.579407
 40
0.000000
 50
0.000000
  1
# 528
 0
LINE
 8
7
 10
246.469288
 20
1417.333069
 11
452.245636
 21
1417.333069
  0
TEXT
  8
1
 10
316.317298
 20
1416.102295
 40
10.000000
 50
0.000000
  1
Piece Name: 26SMC-WP186M展_后袋布
  0
TEXT
  8
1
 10
316.317298
 20
1431.102295
 40
10.000000
 50
0.000000
  1
Size: 175/84
  0
TEXT
  8
1
 10
316.317298
 20
1446.102295
 40
10.000000
 50
0.000000
  1
Annotation: 
  0
TEXT
  8
1
 10
316.317298
 20
1461.102295
 40
10.000000
 50
0.000000
  1
Quantity: 1,1
  0
TEXT
  8
1
 10
316.317298
 20
1476.102295
 40
10.000000
 50
0.000000
  1
Material: TC
  0
TEXT
  8
1
 10
316.317298
 20
1476.102295
 40
10.000000
 50
0.000000
  1
Category: 14
0
ENDBLK
0
BLOCK
  8
1
  2
26SMC-WP186M展_后袋垫
 70
0
 10
0.0
 20
0.0
  0
POLYLINE
  8
1
  66
1
  70
1
  0
VERTEX
  8
1
  10
38.145308
  20
1060.569534
  0
VERTEX
  8
1
  10
38.161178
  20
1265.570450
  0
VERTEX
  8
1
  10
113.145313
  20
1265.569229
  0
VERTEX
  8
1
  10
113.145313
  20
1060.569534
  0
SEQEND
  8
1
  0
POINT
  8
2
 10
38.145308
 20
1060.569534
  0
TEXT
  8
2
 10
38.145308
 20
1060.569534
 40
0.000000
 50
0.000000
  1
# 529
  0
POINT
  8
2
 10
38.161178
 20
1265.570450
  0
TEXT
  8
2
 10
38.161178
 20
1265.570450
 40
0.000000
 50
0.000000
  1
# 530
  0
POINT
  8
2
 10
113.145313
 20
1265.569229
  0
TEXT
  8
2
 10
113.145313
 20
1265.569229
 40
0.000000
 50
0.000000
  1
# 531
  0
POINT
  8
2
 10
113.145313
 20
1060.569534
  0
TEXT
  8
2
 10
113.145313
 20
1060.569534
 40
0.000000
 50
0.000000
  1
# 532
 0
LINE
 8
7
 10
51.718307
 20
1156.759720
 11
103.839893
 21
1156.759720
  0
TEXT
  8
1
 10
75.645311
 20
1163.069992
 40
10.000000
 50
0.000000
  1
Piece Name: 26SMC-WP186M展_后袋垫
  0
TEXT
  8
1
 10
75.645311
 20
1178.069992
 40
10.000000
 50
0.000000
  1
Size: 175/84
  0
TEXT
  8
1
 10
75.645311
 20
1193.069992
 40
10.000000
 50
0.000000
  1
Annotation: 
  0
TEXT
  8
1
 10
75.645311
 20
1208.069992
 40
10.000000
 50
0.000000
  1
Quantity: 1,1
  0
TEXT
  8
1
 10
75.645311
 20
1223.069992
 40
10.000000
 50
0.000000
  1
Material: 面
  0
TEXT
  8
1
 10
75.645311
 20
1223.069992
 40
10.000000
 50
0.000000
  1
Category: 15
0
ENDBLK
0
BLOCK
  8
1
  2
26SMC-WP186M展_后袋开线
 70
0
 10
0.0
 20
0.0
  0
POLYLINE
  8
1
  66
1
  70
1
  0
VERTEX
  8
1
  10
133.274708
  20
1208.931351
  0
VERTEX
  8
1
  10
338.274689
  20
1208.927689
  0
VERTEX
  8
1
  10
338.274689
  20
1103.931351
  0
VERTEX
  8
1
  10
133.274708
  20
1103.931351
  0
SEQEND
  8
1
  0
POINT
  8
2
 10
133.274708
 20
1208.931351
  0
TEXT
  8
2
 10
133.274708
 20
1208.931351
 40
0.000000
 50
0.000000
  1
# 533
  0
POINT
  8
2
 10
338.274689
 20
1208.927689
  0
TEXT
  8
2
 10
338.274689
 20
1208.927689
 40
0.000000
 50
0.000000
  1
# 534
  0
POINT
  8
2
 10
338.274689
 20
1103.931351
  0
TEXT
  8
2
 10
338.274689
 20
1103.931351
 40
0.000000
 50
0.000000
  1
# 535
  0
POINT
  8
2
 10
133.274708
 20
1103.931351
  0
TEXT
  8
2
 10
133.274708
 20
1103.931351
 40
0.000000
 50
0.000000
  1
# 536
 0
LINE
 8
7
 10
201.306934
 20
1157.231827
 11
272.167530
 21
1157.231827
  0
TEXT
  8
1
 10
235.774698
 20
1156.431351
 40
10.000000
 50
0.000000
  1
Piece Name: 26SMC-WP186M展_后袋开线
  0
TEXT
  8
1
 10
235.774698
 20
1171.431351
 40
10.000000
 50
0.000000
  1
Size: 175/84
  0
TEXT
  8
1
 10
235.774698
 20
1186.431351
 40
10.000000
 50
0.000000
  1
Annotation: 
  0
TEXT
  8
1
 10
235.774698
 20
1201.431351
 40
10.000000
 50
0.000000
  1
Quantity: 1,1
  0
TEXT
  8
1
 10
235.774698
 20
1216.431351
 40
10.000000
 50
0.000000
  1
Material: 面
  0
TEXT
  8
1
 10
235.774698
 20
1216.431351
 40
10.000000
 50
0.000000
  1
Category: 16
0
ENDBLK
0
BLOCK
  8
1
  2
26SMC-WP186M展_腿袋贴布
 70
0
 10
0.0
 20
0.0
  0
POLYLINE
  8
1
  66
1
  70
1
  0
VERTEX
  8
1
  10
1505.151641
  20
-225.541813
  0
VERTEX
  8
1
  10
1505.151641
  20
3.458180
  0
VERTEX
  8
1
  10
1551.151764
  20
3.458180
  0
VERTEX
  8
1
  10
1551.151764
  20
-225.541813
  0
SEQEND
  8
1
  0
POINT
  8
2
 10
1505.151641
 20
-225.541813
  0
TEXT
  8
2
 10
1505.151641
 20
-225.541813
 40
0.000000
 50
0.000000
  1
# 537
  0
POINT
  8
2
 10
1505.151641
 20
3.458180
  0
TEXT
  8
2
 10
1505.151641
 20
3.458180
 40
0.000000
 50
0.000000
  1
# 538
  0
POINT
  8
2
 10
1551.151764
 20
3.458180
  0
TEXT
  8
2
 10
1551.151764
 20
3.458180
 40
0.000000
 50
0.000000
  1
# 539
  0
POINT
  8
2
 10
1551.151764
 20
-225.541813
  0
TEXT
  8
2
 10
1551.151764
 20
-225.541813
 40
0.000000
 50
0.000000
  1
# 540
  0
POLYLINE
  8
14
  66
1
  70
1
  0
VERTEX
  8
14
  10
1517.151642
  20
-213.541813
  0
VERTEX
  8
14
  10
1517.151642
  20
-8.541821
  0
VERTEX
  8
14
  10
1539.151764
  20
-8.541821
  0
VERTEX
  8
14
  10
1539.151764
  20
-213.541813
  0
SEQEND
  8
14
  0
POINT
  8
2
 10
1517.151642
 20
-213.541813
  0
TEXT
  8
2
 10
1517.151642
 20
-213.541813
 40
0.000000
 50
0.000000
  1
# 541
  0
POINT
  8
2
 10
1517.151642
 20
-8.541821
  0
TEXT
  8
2
 10
1517.151642
 20
-8.541821
 40
0.000000
 50
0.000000
  1
# 542
  0
POINT
  8
2
 10
1539.151764
 20
-8.541821
  0
TEXT
  8
2
 10
1539.151764
 20
-8.541821
 40
0.000000
 50
0.000000
  1
# 543
  0
POINT
  8
2
 10
1539.151764
 20
-213.541813
  0
TEXT
  8
2
 10
1539.151764
 20
-213.541813
 40
0.000000
 50
0.000000
  1
# 544
 0
LINE
 8
7
 10
1526.497345
 20
-116.102858
 11
1536.932526
 21
-116.102858
  0
TEXT
  8
1
 10
1528.151703
 20
-111.041817
 40
10.000000
 50
0.000000
  1
Piece Name: 26SMC-WP186M展_腿袋贴布
  0
TEXT
  8
1
 10
1528.151703
 20
-96.041817
 40
10.000000
 50
0.000000
  1
Size: 175/84
  0
TEXT
  8
1
 10
1528.151703
 20
-81.041817
 40
10.000000
 50
0.000000
  1
Annotation: 
  0
TEXT
  8
1
 10
1528.151703
 20
-66.041817
 40
10.000000
 50
0.000000
  1
Quantity: 1,1
  0
TEXT
  8
1
 10
1528.151703
 20
-51.041817
 40
10.000000
 50
0.000000
  1
Material: 面
  0
TEXT
  8
1
 10
1528.151703
 20
-51.041817
 40
10.000000
 50
0.000000
  1
Category: 17
0
ENDBLK
0
BLOCK
  8
1
  2
26SMC-WP186M展_后袋盖
 70
0
 10
0.0
 20
0.0
  0
POLYLINE
  8
1
  66
1
  70
1
  0
VERTEX
  8
1
  10
822.800712
  20
1048.936905
  0
VERTEX
  8
1
  10
816.936242
  20
1049.617107
  0
VERTEX
  8
1
  10
811.211130
  20
1051.566944
  0
VERTEX
  8
1
  10
806.146784
  20
1054.767546
  0
VERTEX
  8
1
  10
801.919431
  20
1059.133292
  0
VERTEX
  8
1
  10
798.761419
  20
1064.347214
  0
VERTEX
  8
1
  10
796.661136
  20
1070.307380
  0
VERTEX
  8
1
  10
796.084741
  20
1073.293186
  0
VERTEX
  8
1
  10
783.864143
  20
1199.575675
  0
VERTEX
  8
1
  10
783.938228
  20
1203.490306
  0
VERTEX
  8
1
  10
785.097262
  20
1209.542174
  0
VERTEX
  8
1
  10
787.564376
  20
1215.058371
  0
VERTEX
  8
1
  10
791.358486
  20
1219.733234
  0
VERTEX
  8
1
  10
796.265824
  20
1223.185894
  0
VERTEX
  8
1
  10
801.912459
  20
1225.233011
  0
VERTEX
  8
1
  10
807.781135
  20
1225.936905
  0
VERTEX
  8
1
  10
869.428498
  20
1225.936905
  0
VERTEX
  8
1
  10
869.428498
  20
1048.936905
  0
SEQEND
  8
1
  0
POINT
  8
2
 10
822.800712
 20
1048.936905
  0
TEXT
  8
2
 10
822.800712
 20
1048.936905
 40
0.000000
 50
0.000000
  1
# 545
  0
POINT
  8
2
 10
796.084741
 20
1073.293186
  0
TEXT
  8
2
 10
796.084741
 20
1073.293186
 40
0.000000
 50
0.000000
  1
# 546
  0
POINT
  8
2
 10
783.864143
 20
1199.575675
  0
TEXT
  8
2
 10
783.864143
 20
1199.575675
 40
0.000000
 50
0.000000
  1
# 547
  0
POINT
  8
2
 10
807.781135
 20
1225.936905
  0
TEXT
  8
2
 10
807.781135
 20
1225.936905
 40
0.000000
 50
0.000000
  1
# 548
  0
POINT
  8
2
 10
869.428498
 20
1225.936905
  0
TEXT
  8
2
 10
869.428498
 20
1225.936905
 40
0.000000
 50
0.000000
  1
# 549
  0
POINT
  8
2
 10
869.428498
 20
1048.936905
  0
TEXT
  8
2
 10
869.428498
 20
1048.936905
 40
0.000000
 50
0.000000
  1
# 550
  0
POINT
  8
3
 10
816.936242
 20
1049.617107
  0
POINT
  8
3
 10
811.211130
 20
1051.566944
  0
POINT
  8
3
 10
806.146784
 20
1054.767546
  0
POINT
  8
3
 10
801.919431
 20
1059.133292
  0
POINT
  8
3
 10
798.761419
 20
1064.347214
  0
POINT
  8
3
 10
796.661136
 20
1070.307380
  0
POINT
  8
3
 10
783.938228
 20
1203.490306
  0
POINT
  8
3
 10
785.097262
 20
1209.542174
  0
POINT
  8
3
 10
787.564376
 20
1215.058371
  0
POINT
  8
3
 10
791.358486
 20
1219.733234
  0
POINT
  8
3
 10
796.265824
 20
1223.185894
  0
POINT
  8
3
 10
801.912459
 20
1225.233011
  0
POLYLINE
  8
14
  66
1
  70
1
  0
VERTEX
  8
14
  10
823.428497
  20
1059.936905
  0
VERTEX
  8
14
  10
819.287177
  20
1060.362948
  0
VERTEX
  8
14
  10
815.942335
  20
1061.497488
  0
VERTEX
  8
14
  10
813.089556
  20
1063.299716
  0
VERTEX
  8
14
  10
810.653480
  20
1065.820325
  0
VERTEX
  8
14
  10
808.714429
  20
1069.030972
  0
VERTEX
  8
14
  10
807.358264
  20
1072.870863
  0
VERTEX
  8
14
  10
806.983795
  20
1074.867325
  0
VERTEX
  8
14
  10
794.873810
  20
1200.006790
  0
VERTEX
  8
14
  10
794.898712
  20
1202.558749
  0
VERTEX
  8
14
  10
795.605463
  20
1206.289835
  0
VERTEX
  8
14
  10
796.959776
  20
1209.337666
  0
VERTEX
  8
14
  10
798.867994
  20
1211.695367
  0
VERTEX
  8
14
  10
801.312009
  20
1213.411641
  0
VERTEX
  8
14
  10
804.365350
  20
1214.509983
  0
VERTEX
  8
14
  10
808.428497
  20
1214.936905
  0
VERTEX
  8
14
  10
858.428497
  20
1214.936905
  0
VERTEX
  8
14
  10
858.428497
  20
1059.936905
  0
SEQEND
  8
14
  0
POINT
  8
2
 10
823.428497
 20
1059.936905
  0
TEXT
  8
2
 10
823.428497
 20
1059.936905
 40
0.000000
 50
0.000000
  1
# 551
  0
POINT
  8
2
 10
806.983795
 20
1074.867325
  0
TEXT
  8
2
 10
806.983795
 20
1074.867325
 40
0.000000
 50
0.000000
  1
# 552
  0
POINT
  8
2
 10
794.873810
 20
1200.006790
  0
TEXT
  8
2
 10
794.873810
 20
1200.006790
 40
0.000000
 50
0.000000
  1
# 553
  0
POINT
  8
2
 10
808.428497
 20
1214.936905
  0
TEXT
  8
2
 10
808.428497
 20
1214.936905
 40
0.000000
 50
0.000000
  1
# 554
  0
POINT
  8
2
 10
858.428497
 20
1214.936905
  0
TEXT
  8
2
 10
858.428497
 20
1214.936905
 40
0.000000
 50
0.000000
  1
# 555
  0
POINT
  8
2
 10
858.428497
 20
1059.936905
  0
TEXT
  8
2
 10
858.428497
 20
1059.936905
 40
0.000000
 50
0.000000
  1
# 556
  0
POINT
  8
3
 10
819.287177
 20
1060.362948
  0
POINT
  8
3
 10
815.942335
 20
1061.497488
  0
POINT
  8
3
 10
813.089556
 20
1063.299716
  0
POINT
  8
3
 10
810.653480
 20
1065.820325
  0
POINT
  8
3
 10
808.714429
 20
1069.030972
  0
POINT
  8
3
 10
807.358264
 20
1072.870863
  0
POINT
  8
3
 10
794.898712
 20
1202.558749
  0
POINT
  8
3
 10
795.605463
 20
1206.289835
  0
POINT
  8
3
 10
796.959776
 20
1209.337666
  0
POINT
  8
3
 10
798.867994
 20
1211.695367
  0
POINT
  8
3
 10
801.312009
 20
1213.411641
  0
POINT
  8
3
 10
804.365350
 20
1214.509983
  0
POLYLINE
  8
8
  66
1
  70
0
  0
VERTEX
  8
8
  10
819.729156
  20
1140.055008
  0
VERTEX
  8
8
  10
819.633048
  20
1140.140715
  0
VERTEX
  8
8
  10
819.552955
  20
1140.201772
  0
VERTEX
  8
8
  10
819.471686
  20
1140.253182
  0
VERTEX
  8
8
  10
819.382243
  20
1140.299909
  0
VERTEX
  8
8
  10
819.287692
  20
1140.340101
  0
VERTEX
  8
8
  10
819.192376
  20
1140.371889
  0
VERTEX
  8
8
  10
819.094157
  20
1140.396061
  0
VERTEX
  8
8
  10
818.994773
  20
1140.412159
  0
VERTEX
  8
8
  10
818.893899
  20
1140.420208
  0
VERTEX
  8
8
  10
818.793243
  20
1140.420101
  0
VERTEX
  8
8
  10
818.692513
  20
1140.411850
  0
VERTEX
  8
8
  10
818.592787
  20
1140.395497
  0
VERTEX
  8
8
  10
818.494937
  20
1140.371206
  0
VERTEX
  8
8
  10
818.399080
  20
1140.338990
  0
VERTEX
  8
8
  10
818.306747
  20
1140.299366
  0
VERTEX
  8
8
  10
818.217412
  20
1140.252140
  0
VERTEX
  8
8
  10
818.132613
  20
1140.198137
  0
VERTEX
  8
8
  10
818.052030
  20
1140.137232
  0
VERTEX
  8
8
  10
817.975780
  20
1140.069361
  0
VERTEX
  8
8
  10
817.905932
  20
1139.996267
  0
VERTEX
  8
8
  10
817.842479
  20
1139.917958
  0
VERTEX
  8
8
  10
817.785463
  20
1139.834560
  0
VERTEX
  8
8
  10
817.734762
  20
1139.745822
  0
VERTEX
  8
8
  10
817.691794
  20
1139.654184
  0
VERTEX
  8
8
  10
817.656524
  20
1139.559691
  0
VERTEX
  8
8
  10
817.628971
  20
1139.462382
  0
VERTEX
  8
8
  10
817.609508
  20
1139.363919
  0
VERTEX
  8
8
  10
817.597999
  20
1139.263542
  0
VERTEX
  8
8
  10
817.594738
  20
1139.162845
  0
VERTEX
  8
8
  10
817.599646
  20
1139.061884
  0
VERTEX
  8
8
  10
817.612741
  20
1138.960428
  0
VERTEX
  8
8
  10
817.633662
  20
1138.861487
  0
VERTEX
  8
8
  10
817.662378
  20
1138.765159
  0
VERTEX
  8
8
  10
817.699080
  20
1138.670950
  0
VERTEX
  8
8
  10
817.743137
  20
1138.580263
  0
VERTEX
  8
8
  10
817.794440
  20
1138.493182
  0
VERTEX
  8
8
  10
817.852172
  20
1138.411024
  0
VERTEX
  8
8
  10
817.916690
  20
1138.333345
  0
VERTEX
  8
8
  10
817.987064
  20
1138.261379
  0
VERTEX
  8
8
  10
818.063436
  20
1138.195004
  0
VERTEX
  8
8
  10
818.144413
  20
1138.135345
  0
VERTEX
  8
8
  10
818.230367
  20
1138.082104
  0
VERTEX
  8
8
  10
818.320083
  20
1138.036068
  0
VERTEX
  8
8
  10
818.413329
  20
1137.997378
  0
VERTEX
  8
8
  10
818.508916
  20
1137.966525
  0
VERTEX
  8
8
  10
818.607361
  20
1137.943370
  0
VERTEX
  8
8
  10
818.706892
  20
1137.928290
  0
VERTEX
  8
8
  10
818.807832
  20
1137.921214
  0
VERTEX
  8
8
  10
818.908473
  20
1137.922260
  0
VERTEX
  8
8
  10
819.009118
  20
1137.931443
  0
VERTEX
  8
8
  10
819.108410
  20
1137.948661
  0
VERTEX
  8
8
  10
819.206315
  20
1137.973914
  0
VERTEX
  8
8
  10
819.301279
  20
1138.006746
  0
VERTEX
  8
8
  10
819.393794
  20
1138.047346
  0
VERTEX
  8
8
  10
819.482658
  20
1138.095282
  0
VERTEX
  8
8
  10
819.566929
  20
1138.150007
  0
VERTEX
  8
8
  10
819.646939
  20
1138.211660
  0
VERTEX
  8
8
  10
819.721500
  20
1138.279263
  0
VERTEX
  8
8
  10
819.790742
  20
1138.352996
  0
VERTEX
  8
8
  10
819.853551
  20
1138.431855
  0
VERTEX
  8
8
  10
819.909907
  20
1138.515717
  0
VERTEX
  8
8
  10
819.959914
  20
1138.604858
  0
VERTEX
  8
8
  10
820.002156
  20
1138.696813
  0
VERTEX
  8
8
  10
820.036672
  20
1138.791524
  0
VERTEX
  8
8
  10
820.063454
  20
1138.889003
  0
VERTEX
  8
8
  10
820.082129
  20
1138.987660
  0
VERTEX
  8
8
  10
820.092821
  20
1139.088225
  0
VERTEX
  8
8
  10
820.095265
  20
1139.188705
  0
VERTEX
  8
8
  10
820.089576
  20
1139.289616
  0
VERTEX
  8
8
  10
820.075659
  20
1139.391188
  0
VERTEX
  8
8
  10
820.053949
  20
1139.489854
  0
VERTEX
  8
8
  10
820.024443
  20
1139.585903
  0
VERTEX
  8
8
  10
819.987046
  20
1139.679897
  0
VERTEX
  8
8
  10
819.941850
  20
1139.771677
  0
VERTEX
  8
8
  10
819.891673
  20
1139.855585
  0
VERTEX
  8
8
  10
819.837069
  20
1139.931340
  0
VERTEX
  8
8
  10
819.729156
  20
1140.055008
  0
SEQEND
  8
8
  0
POINT
  8
2
 10
819.729156
 20
1140.055008
  0
TEXT
  8
2
 10
819.729156
 20
1140.055008
 40
0.000000
 50
0.000000
  1
# 557
  0
POINT
  8
2
 10
819.729156
 20
1140.055008
  0
TEXT
  8
2
 10
819.729156
 20
1140.055008
 40
0.000000
 50
0.000000
  1
# 558
  0
POINT
  8
3
 10
819.633048
 20
1140.140715
  0
POINT
  8
3
 10
819.552955
 20
1140.201772
  0
POINT
  8
3
 10
819.471686
 20
1140.253182
  0
POINT
  8
3
 10
819.382243
 20
1140.299909
  0
POINT
  8
3
 10
819.287692
 20
1140.340101
  0
POINT
  8
3
 10
819.192376
 20
1140.371889
  0
POINT
  8
3
 10
819.094157
 20
1140.396061
  0
POINT
  8
3
 10
818.994773
 20
1140.412159
  0
POINT
  8
3
 10
818.893899
 20
1140.420208
  0
POINT
  8
3
 10
818.793243
 20
1140.420101
  0
POINT
  8
3
 10
818.692513
 20
1140.411850
  0
POINT
  8
3
 10
818.592787
 20
1140.395497
  0
POINT
  8
3
 10
818.494937
 20
1140.371206
  0
POINT
  8
3
 10
818.399080
 20
1140.338990
  0
POINT
  8
3
 10
818.306747
 20
1140.299366
  0
POINT
  8
3
 10
818.217412
 20
1140.252140
  0
POINT
  8
3
 10
818.132613
 20
1140.198137
  0
POINT
  8
3
 10
818.052030
 20
1140.137232
  0
POINT
  8
3
 10
817.975780
 20
1140.069361
  0
POINT
  8
3
 10
817.905932
 20
1139.996267
  0
POINT
  8
3
 10
817.842479
 20
1139.917958
  0
POINT
  8
3
 10
817.785463
 20
1139.834560
  0
POINT
  8
3
 10
817.734762
 20
1139.745822
  0
POINT
  8
3
 10
817.691794
 20
1139.654184
  0
POINT
  8
3
 10
817.656524
 20
1139.559691
  0
POINT
  8
3
 10
817.628971
 20
1139.462382
  0
POINT
  8
3
 10
817.609508
 20
1139.363919
  0
POINT
  8
3
 10
817.597999
 20
1139.263542
  0
POINT
  8
3
 10
817.594738
 20
1139.162845
  0
POINT
  8
3
 10
817.599646
 20
1139.061884
  0
POINT
  8
3
 10
817.612741
 20
1138.960428
  0
POINT
  8
3
 10
817.633662
 20
1138.861487
  0
POINT
  8
3
 10
817.662378
 20
1138.765159
  0
POINT
  8
3
 10
817.699080
 20
1138.670950
  0
POINT
  8
3
 10
817.743137
 20
1138.580263
  0
POINT
  8
3
 10
817.794440
 20
1138.493182
  0
POINT
  8
3
 10
817.852172
 20
1138.411024
  0
POINT
  8
3
 10
817.916690
 20
1138.333345
  0
POINT
  8
3
 10
817.987064
 20
1138.261379
  0
POINT
  8
3
 10
818.063436
 20
1138.195004
  0
POINT
  8
3
 10
818.144413
 20
1138.135345
  0
POINT
  8
3
 10
818.230367
 20
1138.082104
  0
POINT
  8
3
 10
818.320083
 20
1138.036068
  0
POINT
  8
3
 10
818.413329
 20
1137.997378
  0
POINT
  8
3
 10
818.508916
 20
1137.966525
  0
POINT
  8
3
 10
818.607361
 20
1137.943370
  0
POINT
  8
3
 10
818.706892
 20
1137.928290
  0
POINT
  8
3
 10
818.807832
 20
1137.921214
  0
POINT
  8
3
 10
818.908473
 20
1137.922260
  0
POINT
  8
3
 10
819.009118
 20
1137.931443
  0
POINT
  8
3
 10
819.108410
 20
1137.948661
  0
POINT
  8
3
 10
819.206315
 20
1137.973914
  0
POINT
  8
3
 10
819.301279
 20
1138.006746
  0
POINT
  8
3
 10
819.393794
 20
1138.047346
  0
POINT
  8
3
 10
819.482658
 20
1138.095282
  0
POINT
  8
3
 10
819.566929
 20
1138.150007
  0
POINT
  8
3
 10
819.646939
 20
1138.211660
  0
POINT
  8
3
 10
819.721500
 20
1138.279263
  0
POINT
  8
3
 10
819.790742
 20
1138.352996
  0
POINT
  8
3
 10
819.853551
 20
1138.431855
  0
POINT
  8
3
 10
819.909907
 20
1138.515717
  0
POINT
  8
3
 10
819.959914
 20
1138.604858
  0
POINT
  8
3
 10
820.002156
 20
1138.696813
  0
POINT
  8
3
 10
820.036672
 20
1138.791524
  0
POINT
  8
3
 10
820.063454
 20
1138.889003
  0
POINT
  8
3
 10
820.082129
 20
1138.987660
  0
POINT
  8
3
 10
820.092821
 20
1139.088225
  0
POINT
  8
3
 10
820.095265
 20
1139.188705
  0
POINT
  8
3
 10
820.089576
 20
1139.289616
  0
POINT
  8
3
 10
820.075659
 20
1139.391188
  0
POINT
  8
3
 10
820.053949
 20
1139.489854
  0
POINT
  8
3
 10
820.024443
 20
1139.585903
  0
POINT
  8
3
 10
819.987046
 20
1139.679897
  0
POINT
  8
3
 10
819.941850
 20
1139.771677
  0
POINT
  8
3
 10
819.891673
 20
1139.855585
  0
POINT
  8
3
 10
819.837069
 20
1139.931340
  0
POLYLINE
  8
8
  66
1
  70
0
  0
VERTEX
  8
8
  10
818.595123
  20
1139.170914
  0
VERTEX
  8
8
  10
819.095001
  20
1139.170914
  0
SEQEND
  8
8
  0
POINT
  8
2
 10
818.595123
 20
1139.170914
  0
TEXT
  8
2
 10
818.595123
 20
1139.170914
 40
0.000000
 50
0.000000
  1
# 559
  0
POINT
  8
2
 10
819.095001
 20
1139.170914
  0
TEXT
  8
2
 10
819.095001
 20
1139.170914
 40
0.000000
 50
0.000000
  1
# 560
  0
POLYLINE
  8
8
  66
1
  70
0
  0
VERTEX
  8
8
  10
818.845367
  20
1138.920670
  0
VERTEX
  8
8
  10
818.845367
  20
1139.420853
  0
SEQEND
  8
8
  0
POINT
  8
2
 10
818.845367
 20
1138.920670
  0
TEXT
  8
2
 10
818.845367
 20
1138.920670
 40
0.000000
 50
0.000000
  1
# 561
  0
POINT
  8
2
 10
818.845367
 20
1139.420853
  0
TEXT
  8
2
 10
818.845367
 20
1139.420853
 40
0.000000
 50
0.000000
  1
# 562
 0
LINE
 8
7
 10
803.501129
 20
1134.355545
 11
849.379425
 21
1134.355545
  0
TEXT
  8
1
 10
826.646320
 20
1137.436905
 40
10.000000
 50
0.000000
  1
Piece Name: 26SMC-WP186M展_后袋盖
  0
TEXT
  8
1
 10
826.646320
 20
1152.436905
 40
10.000000
 50
0.000000
  1
Size: 175/84
  0
TEXT
  8
1
 10
826.646320
 20
1167.436905
 40
10.000000
 50
0.000000
  1
Annotation: 
  0
TEXT
  8
1
 10
826.646320
 20
1182.436905
 40
10.000000
 50
0.000000
  1
Quantity: 2,2
  0
TEXT
  8
1
 10
826.646320
 20
1197.436905
 40
10.000000
 50
0.000000
  1
Material: 面
  0
TEXT
  8
1
 10
826.646320
 20
1197.436905
 40
10.000000
 50
0.000000
  1
Category: 18
0
ENDBLK
0
BLOCK
  8
1
  2
26SMC-WP186M展_后袋贴布
 70
0
 10
0.0
 20
0.0
  0
POLYLINE
  8
1
  66
1
  70
1
  0
VERTEX
  8
1
  10
966.440704
  20
1003.223464
  0
VERTEX
  8
1
  10
966.440704
  20
1192.223465
  0
VERTEX
  8
1
  10
1012.440217
  20
1192.223465
  0
VERTEX
  8
1
  10
1012.440217
  20
1003.223464
  0
SEQEND
  8
1
  0
POINT
  8
2
 10
966.440704
 20
1003.223464
  0
TEXT
  8
2
 10
966.440704
 20
1003.223464
 40
0.000000
 50
0.000000
  1
# 563
  0
POINT
  8
2
 10
966.440704
 20
1192.223465
  0
TEXT
  8
2
 10
966.440704
 20
1192.223465
 40
0.000000
 50
0.000000
  1
# 564
  0
POINT
  8
2
 10
1012.440217
 20
1192.223465
  0
TEXT
  8
2
 10
1012.440217
 20
1192.223465
 40
0.000000
 50
0.000000
  1
# 565
  0
POINT
  8
2
 10
1012.440217
 20
1003.223464
  0
TEXT
  8
2
 10
1012.440217
 20
1003.223464
 40
0.000000
 50
0.000000
  1
# 566
  0
POLYLINE
  8
14
  66
1
  70
1
  0
VERTEX
  8
14
  10
978.440704
  20
1015.223465
  0
VERTEX
  8
14
  10
978.440704
  20
1180.223465
  0
VERTEX
  8
14
  10
1000.440216
  20
1180.223465
  0
VERTEX
  8
14
  10
1000.440216
  20
1015.223465
  0
SEQEND
  8
14
  0
POINT
  8
2
 10
978.440704
 20
1015.223465
  0
TEXT
  8
2
 10
978.440704
 20
1015.223465
 40
0.000000
 50
0.000000
  1
# 567
  0
POINT
  8
2
 10
978.440704
 20
1180.223465
  0
TEXT
  8
2
 10
978.440704
 20
1180.223465
 40
0.000000
 50
0.000000
  1
# 568
  0
POINT
  8
2
 10
1000.440216
 20
1180.223465
  0
TEXT
  8
2
 10
1000.440216
 20
1180.223465
 40
0.000000
 50
0.000000
  1
# 569
  0
POINT
  8
2
 10
1000.440216
 20
1015.223465
  0
TEXT
  8
2
 10
1000.440216
 20
1015.223465
 40
0.000000
 50
0.000000
  1
# 570
 0
LINE
 8
7
 10
984.489288
 20
1109.029617
 11
998.165436
 21
1109.029617
  0
TEXT
  8
1
 10
989.440460
 20
1097.723465
 40
10.000000
 50
0.000000
  1
Piece Name: 26SMC-WP186M展_后袋贴布
  0
TEXT
  8
1
 10
989.440460
 20
1112.723465
 40
10.000000
 50
0.000000
  1
Size: 175/84
  0
TEXT
  8
1
 10
989.440460
 20
1127.723465
 40
10.000000
 50
0.000000
  1
Annotation: 
  0
TEXT
  8
1
 10
989.440460
 20
1142.723465
 40
10.000000
 50
0.000000
  1
Quantity: 1,1
  0
TEXT
  8
1
 10
989.440460
 20
1157.723465
 40
10.000000
 50
0.000000
  1
Material: 面
  0
TEXT
  8
1
 10
989.440460
 20
1157.723465
 40
10.000000
 50
0.000000
  1
Category: 19
0
ENDBLK
0
BLOCK
  8
1
  2
26SMC-WP186M展_后片上
 70
0
 10
0.0
 20
0.0
  0
POLYLINE
  8
1
  66
1
  70
1
  0
VERTEX
  8
1
  10
210.468487
  20
934.416776
  0
VERTEX
  8
1
  10
199.996003
  20
877.723326
  0
VERTEX
  8
1
  10
194.762965
  20
843.229417
  0
VERTEX
  8
1
  10
190.454551
  20
809.715085
  0
VERTEX
  8
1
  10
190.080951
  20
806.482475
  0
VERTEX
  8
1
  10
190.078544
  20
806.351111
  0
VERTEX
  8
1
  10
189.822429
  20
792.370871
  0
VERTEX
  8
1
  10
184.288459
  20
779.544057
  0
VERTEX
  8
1
  10
184.227894
  20
779.403676
  0
VERTEX
  8
1
  10
173.561464
  20
746.543291
  0
VERTEX
  8
1
  10
167.558632
  20
725.141544
  0
VERTEX
  8
1
  10
162.395693
  20
703.522056
  0
VERTEX
  8
1
  10
157.399418
  20
678.446434
  0
VERTEX
  8
1
  10
153.664726
  20
657.510435
  0
VERTEX
  8
1
  10
142.768147
  20
658.241722
  0
VERTEX
  8
1
  10
127.841558
  20
659.182517
  0
VERTEX
  8
1
  10
89.169511
  20
662.060129
  0
VERTEX
  8
1
  10
44.763824
  20
666.279986
  0
VERTEX
  8
1
  10
10.866631
  20
670.268443
  0
VERTEX
  8
1
  10
-21.410469
  20
674.957510
  0
VERTEX
  8
1
  10
-71.718040
  20
683.004732
  0
VERTEX
  8
1
  10
-123.436089
  20
691.219587
  0
VERTEX
  8
1
  10
-171.726100
  20
698.828443
  0
VERTEX
  8
1
  10
-222.064667
  20
706.505961
  0
VERTEX
  8
1
  10
-263.576290
  20
712.436878
  0
VERTEX
  8
1
  10
-284.024151
  20
715.388703
  0
VERTEX
  8
1
  10
-282.433890
  20
725.675998
  0
VERTEX
  8
1
  10
-280.892769
  20
735.938975
  0
VERTEX
  8
1
  10
-279.435499
  20
745.907787
  0
VERTEX
  8
1
  10
-278.005075
  20
755.986154
  0
VERTEX
  8
1
  10
-276.619433
  20
766.100145
  0
VERTEX
  8
1
  10
-275.299149
  20
776.171930
  0
VERTEX
  8
1
  10
-274.017561
  20
786.453642
  0
VERTEX
  8
1
  10
-272.799592
  20
796.743327
  0
VERTEX
  8
1
  10
-271.642860
  20
807.040203
  0
VERTEX
  8
1
  10
-270.578085
  20
817.032145
  0
VERTEX
  8
1
  10
-269.543464
  20
827.341832
  0
VERTEX
  8
1
  10
-268.580600
  20
837.658321
  0
VERTEX
  8
1
  10
-267.720841
  20
847.689623
  0
VERTEX
  8
1
  10
-266.919492
  20
858.020049
  0
VERTEX
  8
1
  10
-266.236062
  20
867.886964
  0
VERTEX
  8
1
  10
-265.619702
  20
878.020923
  0
VERTEX
  8
1
  10
-265.104106
  20
887.898133
  0
VERTEX
  8
1
  10
-264.672831
  20
897.779298
  0
VERTEX
  8
1
  10
-264.326201
  20
907.663553
  0
VERTEX
  8
1
  10
-264.052747
  20
917.877428
  0
VERTEX
  8
1
  10
-263.847494
  20
928.016725
  0
VERTEX
  8
1
  10
-263.700385
  20
937.901378
  0
VERTEX
  8
1
  10
-263.664928
  20
941.139419
  0
VERTEX
  8
1
  10
-263.392365
  20
951.047654
  0
VERTEX
  8
1
  10
-243.160781
  20
950.661315
  0
VERTEX
  8
1
  10
-202.287883
  20
949.769104
  0
VERTEX
  8
1
  10
-172.858381
  20
949.829040
  0
VERTEX
  8
1
  10
-146.151143
  20
950.695812
  0
VERTEX
  8
1
  10
-125.751452
  20
952.068156
  0
VERTEX
  8
1
  10
-110.495747
  20
953.830183
  0
VERTEX
  8
1
  10
-98.649089
  20
955.957660
  0
VERTEX
  8
1
  10
-88.654106
  20
958.525733
  0
VERTEX
  8
1
  10
-80.427034
  20
961.385934
  0
VERTEX
  8
1
  10
-73.067019
  20
964.741234
  0
VERTEX
  8
1
  10
-67.108391
  20
968.217198
  0
VERTEX
  8
1
  10
-61.017235
  20
972.771887
  0
VERTEX
  8
1
  10
-55.500506
  20
978.018162
  0
VERTEX
  8
1
  10
-49.892977
  20
984.457858
  0
VERTEX
  8
1
  10
-43.976712
  20
992.507360
  0
VERTEX
  8
1
  10
-39.696902
  20
999.139393
  0
VERTEX
  8
1
  10
-34.383996
  20
1006.998359
  0
VERTEX
  8
1
  10
-26.335990
  20
1001.845084
  0
VERTEX
  8
1
  10
-23.075146
  20
1000.730539
  0
VERTEX
  8
1
  10
-14.087741
  20
997.719500
  0
VERTEX
  8
1
  10
-6.414501
  20
995.225821
  0
VERTEX
  8
1
  10
0.300417
  20
993.124815
  0
VERTEX
  8
1
  10
7.226337
  20
991.047814
  0
VERTEX
  8
1
  10
15.383087
  20
988.698136
  0
VERTEX
  8
1
  10
25.075530
  20
985.998922
  0
VERTEX
  8
1
  10
35.084649
  20
983.263853
  0
VERTEX
  8
1
  10
44.515162
  20
980.690976
  0
VERTEX
  8
1
  10
54.217800
  20
978.031992
  0
VERTEX
  8
1
  10
64.217966
  20
975.270052
  0
VERTEX
  8
1
  10
73.628231
  20
972.646104
  0
VERTEX
  8
1
  10
83.314718
  20
969.928277
  0
VERTEX
  8
1
  10
93.302631
  20
967.120744
  0
VERTEX
  8
1
  10
102.926503
  20
964.420841
  0
VERTEX
  8
1
  10
112.614749
  20
961.709498
  0
VERTEX
  8
1
  10
122.607291
  20
958.918980
  0
VERTEX
  8
1
  10
132.103996
  20
956.271443
  0
VERTEX
  8
1
  10
141.795607
  20
953.572093
  0
VERTEX
  8
1
  10
151.487300
  20
950.873027
  0
VERTEX
  8
1
  10
161.151131
  20
948.180163
  0
VERTEX
  8
1
  10
170.841963
  20
945.478035
  0
VERTEX
  8
1
  10
180.835239
  20
942.690057
  0
VERTEX
  8
1
  10
190.599746
  20
939.964732
  0
VERTEX
  8
1
  10
200.376508
  20
937.235143
  0
SEQEND
  8
1
  0
POINT
  8
2
 10
210.468487
 20
934.416776
  0
TEXT
  8
2
 10
210.468487
 20
934.416776
 40
0.000000
 50
0.000000
  1
# 571
  0
POINT
  8
2
 10
190.080951
 20
806.482475
  0
TEXT
  8
2
 10
190.080951
 20
806.482475
 40
0.000000
 50
0.000000
  1
# 572
  0
POINT
  8
2
 10
189.822429
 20
792.370871
  0
TEXT
  8
2
 10
189.822429
 20
792.370871
 40
0.000000
 50
0.000000
  1
# 573
  0
POINT
  8
2
 10
184.227894
 20
779.403676
  0
TEXT
  8
2
 10
184.227894
 20
779.403676
 40
0.000000
 50
0.000000
  1
# 574
  0
POINT
  8
2
 10
153.664726
 20
657.510435
  0
TEXT
  8
2
 10
153.664726
 20
657.510435
 40
0.000000
 50
0.000000
  1
# 575
  0
POINT
  8
2
 10
-284.024151
 20
715.388703
  0
TEXT
  8
2
 10
-284.024151
 20
715.388703
 40
0.000000
 50
0.000000
  1
# 576
  0
POINT
  8
2
 10
-263.664928
 20
941.139419
  0
TEXT
  8
2
 10
-263.664928
 20
941.139419
 40
0.000000
 50
0.000000
  1
# 577
  0
POINT
  8
2
 10
-263.392365
 20
951.047654
  0
TEXT
  8
2
 10
-263.392365
 20
951.047654
 40
0.000000
 50
0.000000
  1
# 578
  0
POINT
  8
2
 10
-34.383996
 20
1006.998359
  0
TEXT
  8
2
 10
-34.383996
 20
1006.998359
 40
0.000000
 50
0.000000
  1
# 579
  0
POINT
  8
2
 10
-26.335990
 20
1001.845084
  0
TEXT
  8
2
 10
-26.335990
 20
1001.845084
 40
0.000000
 50
0.000000
  1
# 580
  0
POINT
  8
3
 10
199.996003
 20
877.723326
  0
POINT
  8
3
 10
194.762965
 20
843.229417
  0
POINT
  8
3
 10
190.454551
 20
809.715085
  0
POINT
  8
3
 10
190.078544
 20
806.351111
  0
POINT
  8
3
 10
184.288459
 20
779.544057
  0
POINT
  8
3
 10
173.561464
 20
746.543291
  0
POINT
  8
3
 10
167.558632
 20
725.141544
  0
POINT
  8
3
 10
162.395693
 20
703.522056
  0
POINT
  8
3
 10
157.399418
 20
678.446434
  0
POINT
  8
3
 10
142.768147
 20
658.241722
  0
POINT
  8
3
 10
127.841558
 20
659.182517
  0
POINT
  8
3
 10
89.169511
 20
662.060129
  0
POINT
  8
3
 10
44.763824
 20
666.279986
  0
POINT
  8
3
 10
10.866631
 20
670.268443
  0
POINT
  8
3
 10
-21.410469
 20
674.957510
  0
POINT
  8
3
 10
-71.718040
 20
683.004732
  0
POINT
  8
3
 10
-123.436089
 20
691.219587
  0
POINT
  8
3
 10
-171.726100
 20
698.828443
  0
POINT
  8
3
 10
-222.064667
 20
706.505961
  0
POINT
  8
3
 10
-263.576290
 20
712.436878
  0
POINT
  8
3
 10
-282.433890
 20
725.675998
  0
POINT
  8
3
 10
-280.892769
 20
735.938975
  0
POINT
  8
3
 10
-279.435499
 20
745.907787
  0
POINT
  8
3
 10
-278.005075
 20
755.986154
  0
POINT
  8
3
 10
-276.619433
 20
766.100145
  0
POINT
  8
3
 10
-275.299149
 20
776.171930
  0
POINT
  8
3
 10
-274.017561
 20
786.453642
  0
POINT
  8
3
 10
-272.799592
 20
796.743327
  0
POINT
  8
3
 10
-271.642860
 20
807.040203
  0
POINT
  8
3
 10
-270.578085
 20
817.032145
  0
POINT
  8
3
 10
-269.543464
 20
827.341832
  0
POINT
  8
3
 10
-268.580600
 20
837.658321
  0
POINT
  8
3
 10
-267.720841
 20
847.689623
  0
POINT
  8
3
 10
-266.919492
 20
858.020049
  0
POINT
  8
3
 10
-266.236062
 20
867.886964
  0
POINT
  8
3
 10
-265.619702
 20
878.020923
  0
POINT
  8
3
 10
-265.104106
 20
887.898133
  0
POINT
  8
3
 10
-264.672831
 20
897.779298
  0
POINT
  8
3
 10
-264.326201
 20
907.663553
  0
POINT
  8
3
 10
-264.052747
 20
917.877428
  0
POINT
  8
3
 10
-263.847494
 20
928.016725
  0
POINT
  8
3
 10
-263.700385
 20
937.901378
  0
POINT
  8
3
 10
-243.160781
 20
950.661315
  0
POINT
  8
3
 10
-202.287883
 20
949.769104
  0
POINT
  8
3
 10
-172.858381
 20
949.829040
  0
POINT
  8
3
 10
-146.151143
 20
950.695812
  0
POINT
  8
3
 10
-125.751452
 20
952.068156
  0
POINT
  8
3
 10
-110.495747
 20
953.830183
  0
POINT
  8
3
 10
-98.649089
 20
955.957660
  0
POINT
  8
3
 10
-88.654106
 20
958.525733
  0
POINT
  8
3
 10
-80.427034
 20
961.385934
  0
POINT
  8
3
 10
-73.067019
 20
964.741234
  0
POINT
  8
3
 10
-67.108391
 20
968.217198
  0
POINT
  8
3
 10
-61.017235
 20
972.771887
  0
POINT
  8
3
 10
-55.500506
 20
978.018162
  0
POINT
  8
3
 10
-49.892977
 20
984.457858
  0
POINT
  8
3
 10
-43.976712
 20
992.507360
  0
POINT
  8
3
 10
-39.696902
 20
999.139393
  0
POINT
  8
3
 10
-23.075146
 20
1000.730539
  0
POINT
  8
3
 10
-14.087741
 20
997.719500
  0
POINT
  8
3
 10
-6.414501
 20
995.225821
  0
POINT
  8
3
 10
0.300417
 20
993.124815
  0
POINT
  8
3
 10
7.226337
 20
991.047814
  0
POINT
  8
3
 10
15.383087
 20
988.698136
  0
POINT
  8
3
 10
25.075530
 20
985.998922
  0
POINT
  8
3
 10
35.084649
 20
983.263853
  0
POINT
  8
3
 10
44.515162
 20
980.690976
  0
POINT
  8
3
 10
54.217800
 20
978.031992
  0
POINT
  8
3
 10
64.217966
 20
975.270052
  0
POINT
  8
3
 10
73.628231
 20
972.646104
  0
POINT
  8
3
 10
83.314718
 20
969.928277
  0
POINT
  8
3
 10
93.302631
 20
967.120744
  0
POINT
  8
3
 10
102.926503
 20
964.420841
  0
POINT
  8
3
 10
112.614749
 20
961.709498
  0
POINT
  8
3
 10
122.607291
 20
958.918980
  0
POINT
  8
3
 10
132.103996
 20
956.271443
  0
POINT
  8
3
 10
141.795607
 20
953.572093
  0
POINT
  8
3
 10
151.487300
 20
950.873027
  0
POINT
  8
3
 10
161.151131
 20
948.180163
  0
POINT
  8
3
 10
170.841963
 20
945.478035
  0
POINT
  8
3
 10
180.835239
 20
942.690057
  0
POINT
  8
3
 10
190.599746
 20
939.964732
  0
POINT
  8
3
 10
200.376508
 20
937.235143
  0
POINT
  8
4
 10
190.078544
 20
806.351111
 30
0.400000
 50
175.43
  0
TEXT
  8
4
 10
190.078544
 20
806.351111
 40
0.000000
 50
0.000000
  1
# 581
  0
POINT
  8
4
 10
184.288459
 20
779.544057
 30
0.400000
 50
160.21
  0
TEXT
  8
4
 10
184.288459
 20
779.544057
 40
0.000000
 50
0.000000
  1
# 582
  0
POLYLINE
  8
14
  66
1
  70
1
  0
VERTEX
  8
14
  10
198.973942
  20
927.241821
  0
VERTEX
  8
14
  10
190.132304
  20
879.368759
  0
VERTEX
  8
14
  10
184.858043
  20
844.605103
  0
VERTEX
  8
14
  10
180.522979
  20
810.882940
  0
VERTEX
  8
14
  10
180.091496
  20
807.149658
  0
VERTEX
  8
14
  10
180.091496
  20
807.149658
  0
VERTEX
  8
14
  10
179.861393
  20
794.526367
  0
VERTEX
  8
14
  10
174.860783
  20
782.935791
  0
VERTEX
  8
14
  10
174.860783
  20
782.935791
  0
VERTEX
  8
14
  10
163.984818
  20
749.422154
  0
VERTEX
  8
14
  10
157.880363
  20
727.657713
  0
VERTEX
  8
14
  10
152.626033
  20
705.656007
  0
VERTEX
  8
14
  10
147.563336
  20
680.249625
  0
VERTEX
  8
14
  10
145.399103
  20
668.117981
  0
VERTEX
  8
14
  10
128.486486
  20
669.161699
  0
VERTEX
  8
14
  10
90.015009
  20
672.024322
  0
VERTEX
  8
14
  10
45.816006
  20
676.224478
  0
VERTEX
  8
14
  10
12.165680
  20
680.183707
  0
VERTEX
  8
14
  10
-19.859060
  20
684.836433
  0
VERTEX
  8
14
  10
-70.149499
  20
692.880950
  0
VERTEX
  8
14
  10
-121.866343
  20
701.095614
  0
VERTEX
  8
14
  10
-170.187293
  20
708.709338
  0
VERTEX
  8
14
  10
-220.590748
  20
716.396742
  0
VERTEX
  8
14
  10
-272.696590
  20
723.826294
  0
VERTEX
  8
14
  10
-266.110377
  20
769.270013
  0
VERTEX
  8
14
  10
-261.480390
  20
807.990393
  0
VERTEX
  8
14
  10
-258.069148
  20
843.090098
  0
VERTEX
  8
14
  10
-255.689515
  20
876.509337
  0
VERTEX
  8
14
  10
-254.316920
  20
907.814313
  0
VERTEX
  8
14
  10
-253.704948
  20
940.916748
  0
VERTEX
  8
14
  10
-202.399095
  20
939.769723
  0
VERTEX
  8
14
  10
-172.686279
  20
939.830522
  0
VERTEX
  8
14
  10
-145.666158
  20
940.707579
  0
VERTEX
  8
14
  10
-124.852882
  20
942.108609
  0
VERTEX
  8
14
  10
-109.045523
  20
943.935899
  0
VERTEX
  8
14
  10
-96.528636
  20
946.185062
  0
VERTEX
  8
14
  10
-85.765997
  20
948.951871
  0
VERTEX
  8
14
  10
-76.721830
  20
952.097691
  0
VERTEX
  8
14
  10
-68.457510
  20
955.866978
  0
VERTEX
  8
14
  10
-61.630926
  20
959.850754
  0
VERTEX
  8
14
  10
-54.536674
  20
965.155961
  0
VERTEX
  8
14
  10
-48.262627
  20
971.117936
  0
VERTEX
  8
14
  10
-42.088079
  20
978.206172
  0
VERTEX
  8
14
  10
-35.690194
  20
986.909716
  0
VERTEX
  8
14
  10
-31.741514
  20
993.209915
  0
VERTEX
  8
14
  10
-20.213668
  20
989.185430
  0
VERTEX
  8
14
  10
-1.771760
  20
983.318031
  0
VERTEX
  8
14
  10
47.324389
  20
969.560861
  0
VERTEX
  8
14
  10
97.347069
  20
955.598557
  0
VERTEX
  8
14
  10
147.278610
  20
941.664698
  0
SEQEND
  8
14
  0
POINT
  8
2
 10
198.973942
 20
927.241821
  0
TEXT
  8
2
 10
198.973942
 20
927.241821
 40
0.000000
 50
0.000000
  1
# 583
  0
POINT
  8
2
 10
180.091496
 20
807.149658
  0
TEXT
  8
2
 10
180.091496
 20
807.149658
 40
0.000000
 50
0.000000
  1
# 584
  0
POINT
  8
2
 10
179.861393
 20
794.526367
  0
TEXT
  8
2
 10
179.861393
 20
794.526367
 40
0.000000
 50
0.000000
  1
# 585
  0
POINT
  8
2
 10
174.860783
 20
782.935791
  0
TEXT
  8
2
 10
174.860783
 20
782.935791
 40
0.000000
 50
0.000000
  1
# 586
  0
POINT
  8
2
 10
145.399103
 20
668.117981
  0
TEXT
  8
2
 10
145.399103
 20
668.117981
 40
0.000000
 50
0.000000
  1
# 587
  0
POINT
  8
2
 10
-272.696590
 20
723.826294
  0
TEXT
  8
2
 10
-272.696590
 20
723.826294
 40
0.000000
 50
0.000000
  1
# 588
  0
POINT
  8
2
 10
-253.704948
 20
940.916748
  0
TEXT
  8
2
 10
-253.704948
 20
940.916748
 40
0.000000
 50
0.000000
  1
# 589
  0
POINT
  8
2
 10
-31.741514
 20
993.209915
  0
TEXT
  8
2
 10
-31.741514
 20
993.209915
 40
0.000000
 50
0.000000
  1
# 590
  0
POINT
  8
3
 10
190.132304
 20
879.368759
  0
POINT
  8
3
 10
184.858043
 20
844.605103
  0
POINT
  8
3
 10
180.522979
 20
810.882940
  0
POINT
  8
3
 10
180.091496
 20
807.149658
  0
POINT
  8
3
 10
174.860783
 20
782.935791
  0
POINT
  8
3
 10
163.984818
 20
749.422154
  0
POINT
  8
3
 10
157.880363
 20
727.657713
  0
POINT
  8
3
 10
152.626033
 20
705.656007
  0
POINT
  8
3
 10
147.563336
 20
680.249625
  0
POINT
  8
3
 10
128.486486
 20
669.161699
  0
POINT
  8
3
 10
90.015009
 20
672.024322
  0
POINT
  8
3
 10
45.816006
 20
676.224478
  0
POINT
  8
3
 10
12.165680
 20
680.183707
  0
POINT
  8
3
 10
-19.859060
 20
684.836433
  0
POINT
  8
3
 10
-70.149499
 20
692.880950
  0
POINT
  8
3
 10
-121.866343
 20
701.095614
  0
POINT
  8
3
 10
-170.187293
 20
708.709338
  0
POINT
  8
3
 10
-220.590748
 20
716.396742
  0
POINT
  8
3
 10
-266.110377
 20
769.270013
  0
POINT
  8
3
 10
-261.480390
 20
807.990393
  0
POINT
  8
3
 10
-258.069148
 20
843.090098
  0
POINT
  8
3
 10
-255.689515
 20
876.509337
  0
POINT
  8
3
 10
-254.316920
 20
907.814313
  0
POINT
  8
3
 10
-202.399095
 20
939.769723
  0
POINT
  8
3
 10
-172.686279
 20
939.830522
  0
POINT
  8
3
 10
-145.666158
 20
940.707579
  0
POINT
  8
3
 10
-124.852882
 20
942.108609
  0
POINT
  8
3
 10
-109.045523
 20
943.935899
  0
POINT
  8
3
 10
-96.528636
 20
946.185062
  0
POINT
  8
3
 10
-85.765997
 20
948.951871
  0
POINT
  8
3
 10
-76.721830
 20
952.097691
  0
POINT
  8
3
 10
-68.457510
 20
955.866978
  0
POINT
  8
3
 10
-61.630926
 20
959.850754
  0
POINT
  8
3
 10
-54.536674
 20
965.155961
  0
POINT
  8
3
 10
-48.262627
 20
971.117936
  0
POINT
  8
3
 10
-42.088079
 20
978.206172
  0
POINT
  8
3
 10
-35.690194
 20
986.909716
  0
POINT
  8
3
 10
-20.213668
 20
989.185430
  0
POINT
  8
3
 10
-1.771760
 20
983.318031
  0
POINT
  8
3
 10
47.324389
 20
969.560861
  0
POINT
  8
3
 10
97.347069
 20
955.598557
  0
POINT
  8
3
 10
147.278610
 20
941.664698
  0
POINT
  8
4
 10
180.091496
 20
807.149658
 30
0.400000
 50
175.44
  0
TEXT
  8
4
 10
180.091496
 20
807.149658
 40
0.000000
 50
0.000000
  1
# 591
  0
POINT
  8
4
 10
174.860783
 20
782.935791
 30
0.400000
 50
160.21
  0
TEXT
  8
4
 10
174.860783
 20
782.935791
 40
0.000000
 50
0.000000
  1
# 592
  0
POLYLINE
  8
8
  66
1
  70
0
  0
VERTEX
  8
8
  10
101.210871
  20
727.067566
  0
VERTEX
  8
8
  10
115.405252
  20
792.659948
  0
VERTEX
  8
8
  10
128.014907
  20
850.929291
  0
VERTEX
  8
8
  10
136.108942
  20
888.331909
  0
SEQEND
  8
8
  0
POINT
  8
2
 10
101.210871
 20
727.067566
  0
TEXT
  8
2
 10
101.210871
 20
727.067566
 40
0.000000
 50
0.000000
  1
# 593
  0
POINT
  8
2
 10
136.108942
 20
888.331909
  0
TEXT
  8
2
 10
136.108942
 20
888.331909
 40
0.000000
 50
0.000000
  1
# 594
  0
POINT
  8
3
 10
115.405252
 20
792.659948
  0
POINT
  8
3
 10
128.014907
 20
850.929291
  0
POLYLINE
  8
8
  66
1
  70
0
  0
VERTEX
  8
8
  10
136.108942
  20
888.331909
  0
VERTEX
  8
8
  10
114.610529
  20
892.986450
  0
SEQEND
  8
8
  0
POINT
  8
2
 10
136.108942
 20
888.331909
  0
TEXT
  8
2
 10
136.108942
 20
888.331909
 40
0.000000
 50
0.000000
  1
# 595
  0
POINT
  8
2
 10
114.610529
 20
892.986450
  0
TEXT
  8
2
 10
114.610529
 20
892.986450
 40
0.000000
 50
0.000000
  1
# 596
  0
POLYLINE
  8
8
  66
1
  70
0
  0
VERTEX
  8
8
  10
114.610529
  20
892.986450
  0
VERTEX
  8
8
  10
79.710627
  20
731.718445
  0
SEQEND
  8
8
  0
POINT
  8
2
 10
114.610529
 20
892.986450
  0
TEXT
  8
2
 10
114.610529
 20
892.986450
 40
0.000000
 50
0.000000
  1
# 597
  0
POINT
  8
2
 10
79.710627
 20
731.718445
  0
TEXT
  8
2
 10
79.710627
 20
731.718445
 40
0.000000
 50
0.000000
  1
# 598
  0
POLYLINE
  8
8
  66
1
  70
0
  0
VERTEX
  8
8
  10
79.710627
  20
731.718445
  0
VERTEX
  8
8
  10
101.210871
  20
727.067566
  0
SEQEND
  8
8
  0
POINT
  8
2
 10
79.710627
 20
731.718445
  0
TEXT
  8
2
 10
79.710627
 20
731.718445
 40
0.000000
 50
0.000000
  1
# 599
  0
POINT
  8
2
 10
101.210871
 20
727.067566
  0
TEXT
  8
2
 10
101.210871
 20
727.067566
 40
0.000000
 50
0.000000
  1
# 600
  0
POLYLINE
  8
8
  66
1
  70
0
  0
VERTEX
  8
8
  10
74.982843
  20
742.973328
  0
VERTEX
  8
8
  10
105.651178
  20
884.694519
  0
SEQEND
  8
8
  0
POINT
  8
2
 10
74.982843
 20
742.973328
  0
TEXT
  8
2
 10
74.982843
 20
742.973328
 40
0.000000
 50
0.000000
  1
# 601
  0
POINT
  8
2
 10
105.651178
 20
884.694519
  0
TEXT
  8
2
 10
105.651178
 20
884.694519
 40
0.000000
 50
0.000000
  1
# 602
  0
POLYLINE
  8
8
  66
1
  70
0
  0
VERTEX
  8
8
  10
105.651178
  20
884.694519
  0
VERTEX
  8
8
  10
93.922052
  20
887.232056
  0
SEQEND
  8
8
  0
POINT
  8
2
 10
105.651178
 20
884.694519
  0
TEXT
  8
2
 10
105.651178
 20
884.694519
 40
0.000000
 50
0.000000
  1
# 603
  0
POINT
  8
2
 10
93.922052
 20
887.232056
  0
TEXT
  8
2
 10
93.922052
 20
887.232056
 40
0.000000
 50
0.000000
  1
# 604
  0
POLYLINE
  8
8
  66
1
  70
0
  0
VERTEX
  8
8
  10
93.922052
  20
887.232056
  0
VERTEX
  8
8
  10
63.254938
  20
745.512085
  0
SEQEND
  8
8
  0
POINT
  8
2
 10
93.922052
 20
887.232056
  0
TEXT
  8
2
 10
93.922052
 20
887.232056
 40
0.000000
 50
0.000000
  1
# 605
  0
POINT
  8
2
 10
63.254938
 20
745.512085
  0
TEXT
  8
2
 10
63.254938
 20
745.512085
 40
0.000000
 50
0.000000
  1
# 606
  0
POLYLINE
  8
8
  66
1
  70
0
  0
VERTEX
  8
8
  10
63.254938
  20
745.512085
  0
VERTEX
  8
8
  10
74.982843
  20
742.973328
  0
SEQEND
  8
8
  0
POINT
  8
2
 10
63.254938
 20
745.512085
  0
TEXT
  8
2
 10
63.254938
 20
745.512085
 40
0.000000
 50
0.000000
  1
# 607
  0
POINT
  8
2
 10
74.982843
 20
742.973328
  0
TEXT
  8
2
 10
74.982843
 20
742.973328
 40
0.000000
 50
0.000000
  1
# 608
  0
POLYLINE
  8
8
  66
1
  70
0
  0
VERTEX
  8
8
  10
92.496271
  20
734.068909
  0
VERTEX
  8
8
  10
58.287897
  20
741.471863
  0
SEQEND
  8
8
  0
POINT
  8
2
 10
92.496271
 20
734.068909
  0
TEXT
  8
2
 10
92.496271
 20
734.068909
 40
0.000000
 50
0.000000
  1
# 609
  0
POINT
  8
2
 10
58.287897
 20
741.471863
  0
TEXT
  8
2
 10
58.287897
 20
741.471863
 40
0.000000
 50
0.000000
  1
# 610
  0
POLYLINE
  8
8
  66
1
  70
0
  0
VERTEX
  8
8
  10
125.278254
  20
885.563354
  0
VERTEX
  8
8
  10
108.887262
  20
809.816132
  0
VERTEX
  8
8
  10
97.618456
  20
757.739916
  0
VERTEX
  8
8
  10
92.496271
  20
734.068909
  0
SEQEND
  8
8
  0
POINT
  8
2
 10
125.278254
 20
885.563354
  0
TEXT
  8
2
 10
125.278254
 20
885.563354
 40
0.000000
 50
0.000000
  1
# 611
  0
POINT
  8
2
 10
92.496271
 20
734.068909
  0
TEXT
  8
2
 10
92.496271
 20
734.068909
 40
0.000000
 50
0.000000
  1
# 612
  0
POINT
  8
3
 10
108.887262
 20
809.816132
  0
POINT
  8
3
 10
97.618456
 20
757.739916
  0
POLYLINE
  8
8
  66
1
  70
0
  0
VERTEX
  8
8
  10
76.411066
  20
896.138000
  0
VERTEX
  8
8
  10
125.278254
  20
885.563354
  0
SEQEND
  8
8
  0
POINT
  8
2
 10
76.411066
 20
896.138000
  0
TEXT
  8
2
 10
76.411066
 20
896.138000
 40
0.000000
 50
0.000000
  1
# 613
  0
POINT
  8
2
 10
125.278254
 20
885.563354
  0
TEXT
  8
2
 10
125.278254
 20
885.563354
 40
0.000000
 50
0.000000
  1
# 614
  0
POLYLINE
  8
8
  66
1
  70
0
  0
VERTEX
  8
8
  10
76.411066
  20
896.138000
  0
VERTEX
  8
8
  10
72.348665
  20
896.579755
  0
VERTEX
  8
8
  10
69.131173
  20
896.151737
  0
VERTEX
  8
8
  10
66.381208
  20
894.991065
  0
VERTEX
  8
8
  10
64.067652
  20
893.142306
  0
VERTEX
  8
8
  10
62.085370
  20
890.461197
  0
VERTEX
  8
8
  10
60.611246
  20
887.043325
  0
VERTEX
  8
8
  10
60.002985
  20
884.410400
  0
SEQEND
  8
8
  0
POINT
  8
2
 10
76.411066
 20
896.138000
  0
TEXT
  8
2
 10
76.411066
 20
896.138000
 40
0.000000
 50
0.000000
  1
# 615
  0
POINT
  8
2
 10
60.002985
 20
884.410400
  0
TEXT
  8
2
 10
60.002985
 20
884.410400
 40
0.000000
 50
0.000000
  1
# 616
  0
POINT
  8
3
 10
72.348665
 20
896.579755
  0
POINT
  8
3
 10
69.131173
 20
896.151737
  0
POINT
  8
3
 10
66.381208
 20
894.991065
  0
POINT
  8
3
 10
64.067652
 20
893.142306
  0
POINT
  8
3
 10
62.085370
 20
890.461197
  0
POINT
  8
3
 10
60.611246
 20
887.043325
  0
POLYLINE
  8
8
  66
1
  70
0
  0
VERTEX
  8
8
  10
45.372858
  20
759.543762
  0
VERTEX
  8
8
  10
60.002985
  20
884.410400
  0
SEQEND
  8
8
  0
POINT
  8
2
 10
45.372858
 20
759.543762
  0
TEXT
  8
2
 10
45.372858
 20
759.543762
 40
0.000000
 50
0.000000
  1
# 617
  0
POINT
  8
2
 10
60.002985
 20
884.410400
  0
TEXT
  8
2
 10
60.002985
 20
884.410400
 40
0.000000
 50
0.000000
  1
# 618
  0
POLYLINE
  8
8
  66
1
  70
0
  0
VERTEX
  8
8
  10
58.287897
  20
741.471863
  0
VERTEX
  8
8
  10
54.330629
  20
742.762496
  0
VERTEX
  8
8
  10
51.300150
  20
744.579080
  0
VERTEX
  8
8
  10
48.891662
  20
746.946875
  0
VERTEX
  8
8
  10
47.045893
  20
749.922821
  0
VERTEX
  8
8
  10
45.811461
  20
753.551936
  0
VERTEX
  8
8
  10
45.313600
  20
757.593890
  0
VERTEX
  8
8
  10
45.372858
  20
759.543762
  0
SEQEND
  8
8
  0
POINT
  8
2
 10
58.287897
 20
741.471863
  0
TEXT
  8
2
 10
58.287897
 20
741.471863
 40
0.000000
 50
0.000000
  1
# 619
  0
POINT
  8
2
 10
45.372858
 20
759.543762
  0
TEXT
  8
2
 10
45.372858
 20
759.543762
 40
0.000000
 50
0.000000
  1
# 620
  0
POINT
  8
3
 10
54.330629
 20
742.762496
  0
POINT
  8
3
 10
51.300150
 20
744.579080
  0
POINT
  8
3
 10
48.891662
 20
746.946875
  0
POINT
  8
3
 10
47.045893
 20
749.922821
  0
POINT
  8
3
 10
45.811461
 20
753.551936
  0
POINT
  8
3
 10
45.313600
 20
757.593890
  0
POLYLINE
  8
8
  66
1
  70
0
  0
VERTEX
  8
8
  10
180.091496
  20
807.149658
  0
VERTEX
  8
8
  10
124.742022
  20
811.575390
  0
VERTEX
  8
8
  10
86.797419
  20
814.620361
  0
SEQEND
  8
8
  0
POINT
  8
2
 10
180.091496
 20
807.149658
  0
TEXT
  8
2
 10
180.091496
 20
807.149658
 40
0.000000
 50
0.000000
  1
# 621
  0
POINT
  8
2
 10
86.797419
 20
814.620361
  0
TEXT
  8
2
 10
86.797419
 20
814.620361
 40
0.000000
 50
0.000000
  1
# 622
  0
POINT
  8
3
 10
124.742022
 20
811.575390
  0
POLYLINE
  8
8
  66
1
  70
0
  0
VERTEX
  8
8
  10
174.860783
  20
782.935791
  0
VERTEX
  8
8
  10
122.616320
  20
801.731462
  0
VERTEX
  8
8
  10
86.797419
  20
814.620361
  0
SEQEND
  8
8
  0
POINT
  8
2
 10
174.860783
 20
782.935791
  0
TEXT
  8
2
 10
174.860783
 20
782.935791
 40
0.000000
 50
0.000000
  1
# 623
  0
POINT
  8
2
 10
86.797419
 20
814.620361
  0
TEXT
  8
2
 10
86.797419
 20
814.620361
 40
0.000000
 50
0.000000
  1
# 624
  0
POINT
  8
3
 10
122.616320
 20
801.731462
  0
POLYLINE
  8
8
  66
1
  70
0
  0
VERTEX
  8
8
  10
-6.555241
  20
682.745667
  0
VERTEX
  8
8
  10
21.163266
  20
976.849976
  0
SEQEND
  8
8
  0
POINT
  8
2
 10
-6.555241
 20
682.745667
  0
TEXT
  8
2
 10
-6.555241
 20
682.745667
 40
0.000000
 50
0.000000
  1
# 625
  0
POINT
  8
2
 10
21.163266
 20
976.849976
  0
TEXT
  8
2
 10
21.163266
 20
976.849976
 40
0.000000
 50
0.000000
  1
# 626
  0
POLYLINE
  8
8
  66
1
  70
0
  0
VERTEX
  8
8
  10
-109.757147
  20
699.169312
  0
VERTEX
  8
8
  10
-115.775766
  20
943.080521
  0
SEQEND
  8
8
  0
POINT
  8
2
 10
-109.757147
 20
699.169312
  0
TEXT
  8
2
 10
-109.757147
 20
699.169312
 40
0.000000
 50
0.000000
  1
# 627
  0
POINT
  8
2
 10
-115.775766
 20
943.080521
  0
TEXT
  8
2
 10
-115.775766
 20
943.080521
 40
0.000000
 50
0.000000
  1
# 628
 0
LINE
 8
7
 10
-169.603920
 20
822.247772
 11
61.206703
 21
822.247772
  0
TEXT
  8
1
 10
-36.777832
 20
832.254397
 40
10.000000
 50
0.000000
  1
Piece Name: 26SMC-WP186M展_后片上
  0
TEXT
  8
1
 10
-36.777832
 20
847.254397
 40
10.000000
 50
0.000000
  1
Size: 175/84
  0
TEXT
  8
1
 10
-36.777832
 20
862.254397
 40
10.000000
 50
0.000000
  1
Annotation: 
  0
TEXT
  8
1
 10
-36.777832
 20
877.254397
 40
10.000000
 50
0.000000
  1
Quantity: 1,1
  0
TEXT
  8
1
 10
-36.777832
 20
892.254397
 40
10.000000
 50
0.000000
  1
Material: 面
  0
TEXT
  8
1
 10
-36.777832
 20
892.254397
 40
10.000000
 50
0.000000
  1
Category: 20
0
ENDBLK
0
BLOCK
  8
1
  2
26SMC-WP186M展_后片上拼
 70
0
 10
0.0
 20
0.0
  0
POLYLINE
  8
1
  66
1
  70
1
  0
VERTEX
  8
1
  10
-265.634124
  20
1013.223020
  0
VERTEX
  8
1
  10
-265.357440
  20
1023.307548
  0
VERTEX
  8
1
  10
-265.322070
  20
1033.823991
  0
VERTEX
  8
1
  10
-265.322357
  20
1043.958419
  0
VERTEX
  8
1
  10
-265.370261
  20
1054.040555
  0
VERTEX
  8
1
  10
-265.475291
  20
1064.122271
  0
VERTEX
  8
1
  10
-265.644474
  20
1074.197728
  0
VERTEX
  8
1
  10
-265.883231
  20
1084.277155
  0
VERTEX
  8
1
  10
-266.189179
  20
1094.354803
  0
VERTEX
  8
1
  10
-266.558118
  20
1104.430294
  0
VERTEX
  8
1
  10
-266.982004
  20
1114.495972
  0
VERTEX
  8
1
  10
-267.440917
  20
1124.464016
  0
VERTEX
  8
1
  10
-267.623714
  20
1128.315149
  0
VERTEX
  8
1
  10
-267.925818
  20
1134.782690
  0
VERTEX
  8
1
  10
-225.701583
  20
1147.477559
  0
VERTEX
  8
1
  10
-196.665953
  20
1157.330309
  0
VERTEX
  8
1
  10
-163.981324
  20
1169.463274
  0
VERTEX
  8
1
  10
-130.980545
  20
1182.655780
  0
VERTEX
  8
1
  10
-89.903862
  20
1200.103868
  0
VERTEX
  8
1
  10
-89.607225
  20
1197.931465
  0
VERTEX
  8
1
  10
-88.501876
  20
1189.456583
  0
VERTEX
  8
1
  10
-87.309210
  20
1179.466076
  0
VERTEX
  8
1
  10
-86.532498
  20
1173.173013
  0
VERTEX
  8
1
  10
-85.817517
  20
1168.013900
  0
VERTEX
  8
1
  10
-85.055011
  20
1163.095755
  0
VERTEX
  8
1
  10
-84.249802
  20
1158.431736
  0
VERTEX
  8
1
  10
-83.402951
  20
1153.998019
  0
VERTEX
  8
1
  10
-82.475681
  20
1149.580316
  0
VERTEX
  8
1
  10
-81.492146
  20
1145.293202
  0
VERTEX
  8
1
  10
-80.499172
  20
1141.312477
  0
VERTEX
  8
1
  10
-79.528014
  20
1137.738126
  0
VERTEX
  8
1
  10
-78.541522
  20
1134.408977
  0
VERTEX
  8
1
  10
-77.542346
  20
1131.316921
  0
VERTEX
  8
1
  10
-76.504266
  20
1128.368946
  0
VERTEX
  8
1
  10
-75.426520
  20
1125.558782
  0
VERTEX
  8
1
  10
-74.349671
  20
1122.974271
  0
VERTEX
  8
1
  10
-73.205032
  20
1120.442467
  0
VERTEX
  8
1
  10
-72.032504
  20
1118.051990
  0
VERTEX
  8
1
  10
-70.810411
  20
1115.753407
  0
VERTEX
  8
1
  10
-69.598111
  20
1113.646129
  0
VERTEX
  8
1
  10
-68.314053
  20
1111.581668
  0
VERTEX
  8
1
  10
-67.044341
  20
1109.693695
  0
VERTEX
  8
1
  10
-65.749087
  20
1107.915640
  0
VERTEX
  8
1
  10
-64.441668
  20
1106.263610
  0
VERTEX
  8
1
  10
-63.080836
  20
1104.684722
  0
VERTEX
  8
1
  10
-61.734222
  20
1103.248740
  0
VERTEX
  8
1
  10
-60.312386
  20
1101.855289
  0
VERTEX
  8
1
  10
-58.762296
  20
1100.462387
  0
VERTEX
  8
1
  10
-57.156408
  20
1099.133470
  0
VERTEX
  8
1
  10
-55.352493
  20
1097.753449
  0
VERTEX
  8
1
  10
-53.463840
  20
1096.413939
  0
VERTEX
  8
1
  10
-51.434004
  20
1095.075997
  0
VERTEX
  8
1
  10
-49.163242
  20
1093.684957
  0
VERTEX
  8
1
  10
-46.748622
  20
1092.309973
  0
VERTEX
  8
1
  10
-44.293716
  20
1091.008459
  0
VERTEX
  8
1
  10
-41.605905
  20
1089.681352
  0
VERTEX
  8
1
  10
-38.688234
  20
1088.338862
  0
VERTEX
  8
1
  10
-35.393643
  20
1086.918014
  0
VERTEX
  8
1
  10
-31.757649
  20
1085.444470
  0
VERTEX
  8
1
  10
-28.068740
  20
1084.045913
  0
VERTEX
  8
1
  10
-19.187776
  20
1078.498715
  0
VERTEX
  8
1
  10
-24.350002
  20
1070.820836
  0
VERTEX
  8
1
  10
-28.380745
  20
1064.529727
  0
VERTEX
  8
1
  10
-35.246900
  20
1055.028759
  0
VERTEX
  8
1
  10
-42.324279
  20
1046.790660
  0
VERTEX
  8
1
  10
-49.062021
  20
1040.290340
  0
VERTEX
  8
1
  10
-56.309460
  20
1034.676469
  0
VERTEX
  8
1
  10
-64.586430
  20
1029.658517
  0
VERTEX
  8
1
  10
-73.339313
  20
1025.531027
  0
VERTEX
  8
1
  10
-83.762422
  20
1021.789285
  0
VERTEX
  8
1
  10
-95.742046
  20
1018.656716
  0
VERTEX
  8
1
  10
-109.317846
  20
1016.204075
  0
VERTEX
  8
1
  10
-126.126147
  20
1014.259294
  0
VERTEX
  8
1
  10
-146.842364
  20
1012.886816
  0
VERTEX
  8
1
  10
-174.745648
  20
1011.992183
  0
VERTEX
  8
1
  10
-203.992535
  20
1011.934579
  0
VERTEX
  8
1
  10
-245.212313
  20
1012.833044
  0
SEQEND
  8
1
  0
POINT
  8
2
 10
-265.634124
 20
1013.223020
  0
TEXT
  8
2
 10
-265.634124
 20
1013.223020
 40
0.000000
 50
0.000000
  1
# 629
  0
POINT
  8
2
 10
-265.357440
 20
1023.307548
  0
TEXT
  8
2
 10
-265.357440
 20
1023.307548
 40
0.000000
 50
0.000000
  1
# 630
  0
POINT
  8
2
 10
-267.925818
 20
1134.782690
  0
TEXT
  8
2
 10
-267.925818
 20
1134.782690
 40
0.000000
 50
0.000000
  1
# 631
  0
POINT
  8
2
 10
-89.903862
 20
1200.103868
  0
TEXT
  8
2
 10
-89.903862
 20
1200.103868
 40
0.000000
 50
0.000000
  1
# 632
  0
POINT
  8
2
 10
-28.068740
 20
1084.045913
  0
TEXT
  8
2
 10
-28.068740
 20
1084.045913
 40
0.000000
 50
0.000000
  1
# 633
  0
POINT
  8
2
 10
-19.187776
 20
1078.498715
  0
TEXT
  8
2
 10
-19.187776
 20
1078.498715
 40
0.000000
 50
0.000000
  1
# 634
  0
POINT
  8
3
 10
-265.322070
 20
1033.823991
  0
POINT
  8
3
 10
-265.322357
 20
1043.958419
  0
POINT
  8
3
 10
-265.370261
 20
1054.040555
  0
POINT
  8
3
 10
-265.475291
 20
1064.122271
  0
POINT
  8
3
 10
-265.644474
 20
1074.197728
  0
POINT
  8
3
 10
-265.883231
 20
1084.277155
  0
POINT
  8
3
 10
-266.189179
 20
1094.354803
  0
POINT
  8
3
 10
-266.558118
 20
1104.430294
  0
POINT
  8
3
 10
-266.982004
 20
1114.495972
  0
POINT
  8
3
 10
-267.440917
 20
1124.464016
  0
POINT
  8
3
 10
-267.623714
 20
1128.315149
  0
POINT
  8
3
 10
-225.701583
 20
1147.477559
  0
POINT
  8
3
 10
-196.665953
 20
1157.330309
  0
POINT
  8
3
 10
-163.981324
 20
1169.463274
  0
POINT
  8
3
 10
-130.980545
 20
1182.655780
  0
POINT
  8
3
 10
-89.607225
 20
1197.931465
  0
POINT
  8
3
 10
-88.501876
 20
1189.456583
  0
POINT
  8
3
 10
-87.309210
 20
1179.466076
  0
POINT
  8
3
 10
-86.532498
 20
1173.173013
  0
POINT
  8
3
 10
-85.817517
 20
1168.013900
  0
POINT
  8
3
 10
-85.055011
 20
1163.095755
  0
POINT
  8
3
 10
-84.249802
 20
1158.431736
  0
POINT
  8
3
 10
-83.402951
 20
1153.998019
  0
POINT
  8
3
 10
-82.475681
 20
1149.580316
  0
POINT
  8
3
 10
-81.492146
 20
1145.293202
  0
POINT
  8
3
 10
-80.499172
 20
1141.312477
  0
POINT
  8
3
 10
-79.528014
 20
1137.738126
  0
POINT
  8
3
 10
-78.541522
 20
1134.408977
  0
POINT
  8
3
 10
-77.542346
 20
1131.316921
  0
POINT
  8
3
 10
-76.504266
 20
1128.368946
  0
POINT
  8
3
 10
-75.426520
 20
1125.558782
  0
POINT
  8
3
 10
-74.349671
 20
1122.974271
  0
POINT
  8
3
 10
-73.205032
 20
1120.442467
  0
POINT
  8
3
 10
-72.032504
 20
1118.051990
  0
POINT
  8
3
 10
-70.810411
 20
1115.753407
  0
POINT
  8
3
 10
-69.598111
 20
1113.646129
  0
POINT
  8
3
 10
-68.314053
 20
1111.581668
  0
POINT
  8
3
 10
-67.044341
 20
1109.693695
  0
POINT
  8
3
 10
-65.749087
 20
1107.915640
  0
POINT
  8
3
 10
-64.441668
 20
1106.263610
  0
POINT
  8
3
 10
-63.080836
 20
1104.684722
  0
POINT
  8
3
 10
-61.734222
 20
1103.248740
  0
POINT
  8
3
 10
-60.312386
 20
1101.855289
  0
POINT
  8
3
 10
-58.762296
 20
1100.462387
  0
POINT
  8
3
 10
-57.156408
 20
1099.133470
  0
POINT
  8
3
 10
-55.352493
 20
1097.753449
  0
POINT
  8
3
 10
-53.463840
 20
1096.413939
  0
POINT
  8
3
 10
-51.434004
 20
1095.075997
  0
POINT
  8
3
 10
-49.163242
 20
1093.684957
  0
POINT
  8
3
 10
-46.748622
 20
1092.309973
  0
POINT
  8
3
 10
-44.293716
 20
1091.008459
  0
POINT
  8
3
 10
-41.605905
 20
1089.681352
  0
POINT
  8
3
 10
-38.688234
 20
1088.338862
  0
POINT
  8
3
 10
-35.393643
 20
1086.918014
  0
POINT
  8
3
 10
-31.757649
 20
1085.444470
  0
POINT
  8
3
 10
-24.350002
 20
1070.820836
  0
POINT
  8
3
 10
-28.380745
 20
1064.529727
  0
POINT
  8
3
 10
-35.246900
 20
1055.028759
  0
POINT
  8
3
 10
-42.324279
 20
1046.790660
  0
POINT
  8
3
 10
-49.062021
 20
1040.290340
  0
POINT
  8
3
 10
-56.309460
 20
1034.676469
  0
POINT
  8
3
 10
-64.586430
 20
1029.658517
  0
POINT
  8
3
 10
-73.339313
 20
1025.531027
  0
POINT
  8
3
 10
-83.762422
 20
1021.789285
  0
POINT
  8
3
 10
-95.742046
 20
1018.656716
  0
POINT
  8
3
 10
-109.317846
 20
1016.204075
  0
POINT
  8
3
 10
-126.126147
 20
1014.259294
  0
POINT
  8
3
 10
-146.842364
 20
1012.886816
  0
POINT
  8
3
 10
-174.745648
 20
1011.992183
  0
POINT
  8
3
 10
-203.992535
 20
1011.934579
  0
POINT
  8
3
 10
-245.212313
 20
1012.833044
  0
POLYLINE
  8
14
  66
1
  70
1
  0
VERTEX
  8
14
  10
-255.358067
  20
1023.085556
  0
VERTEX
  8
14
  10
-255.563772
  20
1070.116612
  0
VERTEX
  8
14
  10
-256.651865
  20
1106.986184
  0
VERTEX
  8
14
  10
-257.578449
  20
1127.451477
  0
VERTEX
  8
14
  10
-222.654719
  20
1137.953032
  0
VERTEX
  8
14
  10
-193.309144
  20
1147.910552
  0
VERTEX
  8
14
  10
-160.386166
  20
1160.131884
  0
VERTEX
  8
14
  10
-127.148385
  20
1173.419192
  0
VERTEX
  8
14
  10
-98.055763
  20
1185.776443
  0
VERTEX
  8
14
  10
-96.595593
  20
1173.017359
  0
VERTEX
  8
14
  10
-94.171206
  20
1157.099941
  0
VERTEX
  8
14
  10
-91.162089
  20
1142.734647
  0
VERTEX
  8
14
  10
-87.983802
  20
1131.096540
  0
VERTEX
  8
14
  10
-84.662252
  20
1121.722533
  0
VERTEX
  8
14
  10
-80.701220
  20
1113.042741
  0
VERTEX
  8
14
  10
-76.707847
  20
1106.146209
  0
VERTEX
  8
14
  10
-72.352974
  20
1100.140381
  0
VERTEX
  8
14
  10
-67.477199
  20
1094.867730
  0
VERTEX
  8
14
  10
-61.562341
  20
1089.908465
  0
VERTEX
  8
14
  10
-54.690739
  20
1085.337311
  0
VERTEX
  8
14
  10
-46.129937
  20
1080.760063
  0
VERTEX
  8
14
  10
-33.421977
  20
1075.385208
  0
VERTEX
  8
14
  10
-36.729831
  20
1070.033614
  0
VERTEX
  8
14
  10
-43.105895
  20
1061.212303
  0
VERTEX
  8
14
  10
-49.599319
  20
1053.651695
  0
VERTEX
  8
14
  10
-55.625997
  20
1047.834492
  0
VERTEX
  8
14
  10
-61.970544
  20
1042.919777
  0
VERTEX
  8
14
  10
-69.297400
  20
1038.479332
  0
VERTEX
  8
14
  10
-77.170250
  20
1034.768122
  0
VERTEX
  8
14
  10
-86.713001
  20
1031.344079
  0
VERTEX
  8
14
  10
-97.878600
  20
1028.425807
  0
VERTEX
  8
14
  10
-110.775054
  20
1026.097332
  0
VERTEX
  8
14
  10
-127.013128
  20
1024.219880
  0
VERTEX
  8
14
  10
-147.320917
  20
1022.875359
  0
VERTEX
  8
14
  10
-174.913785
  20
1021.990770
  0
VERTEX
  8
14
  10
-203.882278
  20
1021.933971
  0
SEQEND
  8
14
  0
POINT
  8
2
 10
-255.358067
 20
1023.085556
  0
TEXT
  8
2
 10
-255.358067
 20
1023.085556
 40
0.000000
 50
0.000000
  1
# 635
  0
POINT
  8
2
 10
-257.578449
 20
1127.451477
  0
TEXT
  8
2
 10
-257.578449
 20
1127.451477
 40
0.000000
 50
0.000000
  1
# 636
  0
POINT
  8
2
 10
-98.055763
 20
1185.776443
  0
TEXT
  8
2
 10
-98.055763
 20
1185.776443
 40
0.000000
 50
0.000000
  1
# 637
  0
POINT
  8
2
 10
-33.421977
 20
1075.385208
  0
TEXT
  8
2
 10
-33.421977
 20
1075.385208
 40
0.000000
 50
0.000000
  1
# 638
  0
POINT
  8
3
 10
-255.563772
 20
1070.116612
  0
POINT
  8
3
 10
-256.651865
 20
1106.986184
  0
POINT
  8
3
 10
-222.654719
 20
1137.953032
  0
POINT
  8
3
 10
-193.309144
 20
1147.910552
  0
POINT
  8
3
 10
-160.386166
 20
1160.131884
  0
POINT
  8
3
 10
-127.148385
 20
1173.419192
  0
POINT
  8
3
 10
-96.595593
 20
1173.017359
  0
POINT
  8
3
 10
-94.171206
 20
1157.099941
  0
POINT
  8
3
 10
-91.162089
 20
1142.734647
  0
POINT
  8
3
 10
-87.983802
 20
1131.096540
  0
POINT
  8
3
 10
-84.662252
 20
1121.722533
  0
POINT
  8
3
 10
-80.701220
 20
1113.042741
  0
POINT
  8
3
 10
-76.707847
 20
1106.146209
  0
POINT
  8
3
 10
-72.352974
 20
1100.140381
  0
POINT
  8
3
 10
-67.477199
 20
1094.867730
  0
POINT
  8
3
 10
-61.562341
 20
1089.908465
  0
POINT
  8
3
 10
-54.690739
 20
1085.337311
  0
POINT
  8
3
 10
-46.129937
 20
1080.760063
  0
POINT
  8
3
 10
-36.729831
 20
1070.033614
  0
POINT
  8
3
 10
-43.105895
 20
1061.212303
  0
POINT
  8
3
 10
-49.599319
 20
1053.651695
  0
POINT
  8
3
 10
-55.625997
 20
1047.834492
  0
POINT
  8
3
 10
-61.970544
 20
1042.919777
  0
POINT
  8
3
 10
-69.297400
 20
1038.479332
  0
POINT
  8
3
 10
-77.170250
 20
1034.768122
  0
POINT
  8
3
 10
-86.713001
 20
1031.344079
  0
POINT
  8
3
 10
-97.878600
 20
1028.425807
  0
POINT
  8
3
 10
-110.775054
 20
1026.097332
  0
POINT
  8
3
 10
-127.013128
 20
1024.219880
  0
POINT
  8
3
 10
-147.320917
 20
1022.875359
  0
POINT
  8
3
 10
-174.913785
 20
1021.990770
  0
POINT
  8
3
 10
-203.882278
 20
1021.933971
  0
POLYLINE
  8
8
  66
1
  70
0
  0
VERTEX
  8
8
  10
-117.458963
  20
1025.255966
  0
VERTEX
  8
8
  10
-121.176491
  20
1175.912857
  0
SEQEND
  8
8
  0
POINT
  8
2
 10
-117.458963
 20
1025.255966
  0
TEXT
  8
2
 10
-117.458963
 20
1025.255966
 40
0.000000
 50
0.000000
  1
# 639
  0
POINT
  8
2
 10
-121.176491
 20
1175.912857
  0
TEXT
  8
2
 10
-121.176491
 20
1175.912857
 40
0.000000
 50
0.000000
  1
# 640
 0
LINE
 8
7
 10
-211.610088
 20
1061.990280
 11
-128.597002
 21
1061.990280
  0
TEXT
  8
1
 10
-143.556797
 20
1106.019224
 40
10.000000
 50
0.000000
  1
Piece Name: 26SMC-WP186M展_后片上拼
  0
TEXT
  8
1
 10
-143.556797
 20
1121.019224
 40
10.000000
 50
0.000000
  1
Size: 175/84
  0
TEXT
  8
1
 10
-143.556797
 20
1136.019224
 40
10.000000
 50
0.000000
  1
Annotation: 
  0
TEXT
  8
1
 10
-143.556797
 20
1151.019224
 40
10.000000
 50
0.000000
  1
Quantity: 1,1
  0
TEXT
  8
1
 10
-143.556797
 20
1166.019224
 40
10.000000
 50
0.000000
  1
Material: 面
  0
TEXT
  8
1
 10
-143.556797
 20
1166.019224
 40
10.000000
 50
0.000000
  1
Category: 21
0
ENDBLK
0
BLOCK
  8
1
  2
26SMC-WP186M展_后片中
 70
0
 10
0.0
 20
0.0
  0
POLYLINE
  8
1
  66
1
  70
1
  0
VERTEX
  8
1
  10
-304.135480
  20
1085.714516
  0
VERTEX
  8
1
  10
-303.258446
  20
1069.624588
  0
VERTEX
  8
1
  10
-301.893986
  20
1034.589503
  0
VERTEX
  8
1
  10
-301.166362
  20
987.317561
  0
VERTEX
  8
1
  10
-301.366421
  20
968.445263
  0
VERTEX
  8
1
  10
-301.615070
  20
944.989246
  0
VERTEX
  8
1
  10
-303.479161
  20
899.861006
  0
VERTEX
  8
1
  10
-306.850576
  20
856.673469
  0
VERTEX
  8
1
  10
-312.797233
  20
803.108265
  0
VERTEX
  8
1
  10
-321.758521
  20
740.204283
  0
VERTEX
  8
1
  10
-343.899144
  20
743.204458
  0
VERTEX
  8
1
  10
-392.736885
  20
749.383075
  0
VERTEX
  8
1
  10
-454.288967
  20
756.235640
  0
VERTEX
  8
1
  10
-454.303201
  20
818.819963
  0
VERTEX
  8
1
  10
-454.314868
  20
870.055549
  0
VERTEX
  8
1
  10
-454.326501
  20
921.144345
  0
VERTEX
  8
1
  10
-454.338024
  20
971.837405
  0
VERTEX
  8
1
  10
-454.349631
  20
1022.819826
  0
VERTEX
  8
1
  10
-454.356368
  20
1052.339923
  0
VERTEX
  8
1
  10
-400.840004
  20
1062.245180
  0
VERTEX
  8
1
  10
-368.861592
  20
1069.073729
  0
VERTEX
  8
1
  10
-341.064816
  20
1075.817914
  0
SEQEND
  8
1
  0
POINT
  8
2
 10
-304.135480
 20
1085.714516
  0
TEXT
  8
2
 10
-304.135480
 20
1085.714516
 40
0.000000
 50
0.000000
  1
# 641
  0
POINT
  8
2
 10
-321.758521
 20
740.204283
  0
TEXT
  8
2
 10
-321.758521
 20
740.204283
 40
0.000000
 50
0.000000
  1
# 642
  0
POINT
  8
2
 10
-454.288967
 20
756.235640
  0
TEXT
  8
2
 10
-454.288967
 20
756.235640
 40
0.000000
 50
0.000000
  1
# 643
  0
POINT
  8
2
 10
-454.356368
 20
1052.339923
  0
TEXT
  8
2
 10
-454.356368
 20
1052.339923
 40
0.000000
 50
0.000000
  1
# 644
  0
POINT
  8
3
 10
-303.258446
 20
1069.624588
  0
POINT
  8
3
 10
-301.893986
 20
1034.589503
  0
POINT
  8
3
 10
-301.166362
 20
987.317561
  0
POINT
  8
3
 10
-301.366421
 20
968.445263
  0
POINT
  8
3
 10
-301.615070
 20
944.989246
  0
POINT
  8
3
 10
-303.479161
 20
899.861006
  0
POINT
  8
3
 10
-306.850576
 20
856.673469
  0
POINT
  8
3
 10
-312.797233
 20
803.108265
  0
POINT
  8
3
 10
-343.899144
 20
743.204458
  0
POINT
  8
3
 10
-392.736885
 20
749.383075
  0
POINT
  8
3
 10
-454.303201
 20
818.819963
  0
POINT
  8
3
 10
-454.314868
 20
870.055549
  0
POINT
  8
3
 10
-454.326501
 20
921.144345
  0
POINT
  8
3
 10
-454.338024
 20
971.837405
  0
POINT
  8
3
 10
-454.349631
 20
1022.819826
  0
POINT
  8
3
 10
-400.840004
 20
1062.245180
  0
POINT
  8
3
 10
-368.861592
 20
1069.073729
  0
POINT
  8
3
 10
-341.064816
 20
1075.817914
  0
POINT
  8
4
 10
-301.366421
 20
968.445263
 30
0.400000
 50
179.39
  0
TEXT
  8
4
 10
-301.366421
 20
968.445263
 40
0.000000
 50
0.000000
  1
# 645
  0
POLYLINE
  8
14
  66
1
  70
1
  0
VERTEX
  8
14
  10
-313.452377
  20
1072.910080
  0
VERTEX
  8
14
  10
-313.245062
  20
1069.107375
  0
VERTEX
  8
14
  10
-311.889968
  20
1034.306046
  0
VERTEX
  8
14
  10
-311.166337
  20
987.295175
  0
VERTEX
  8
14
  10
-311.228237
  20
968.549805
  0
VERTEX
  8
14
  10
-311.612132
  20
945.231624
  0
VERTEX
  8
14
  10
-313.461128
  20
900.461298
  0
VERTEX
  8
14
  10
-316.806464
  20
857.611710
  0
VERTEX
  8
14
  10
-322.717918
  20
804.365245
  0
VERTEX
  8
14
  10
-330.257797
  20
751.447372
  0
VERTEX
  8
14
  10
-342.569181
  20
753.115623
  0
VERTEX
  8
14
  10
-391.562255
  20
759.313848
  0
VERTEX
  8
14
  10
-444.291000
  20
765.175781
  0
VERTEX
  8
14
  10
-444.303201
  20
818.822240
  0
VERTEX
  8
14
  10
-444.314869
  20
870.057827
  0
VERTEX
  8
14
  10
-444.326501
  20
921.146617
  0
VERTEX
  8
14
  10
-444.338024
  20
971.839680
  0
VERTEX
  8
14
  10
-444.349631
  20
1022.822106
  0
VERTEX
  8
14
  10
-444.348755
  20
1044.022369
  0
VERTEX
  8
14
  10
-398.873581
  20
1052.440427
  0
VERTEX
  8
14
  10
-366.642011
  20
1059.323167
  0
VERTEX
  8
14
  10
-338.567679
  20
1066.134717
  0
SEQEND
  8
14
  0
POINT
  8
2
 10
-313.452377
 20
1072.910080
  0
TEXT
  8
2
 10
-313.452377
 20
1072.910080
 40
0.000000
 50
0.000000
  1
# 646
  0
POINT
  8
2
 10
-330.257797
 20
751.447372
  0
TEXT
  8
2
 10
-330.257797
 20
751.447372
 40
0.000000
 50
0.000000
  1
# 647
  0
POINT
  8
2
 10
-444.291000
 20
765.175781
  0
TEXT
  8
2
 10
-444.291000
 20
765.175781
 40
0.000000
 50
0.000000
  1
# 648
  0
POINT
  8
2
 10
-444.348755
 20
1044.022369
  0
TEXT
  8
2
 10
-444.348755
 20
1044.022369
 40
0.000000
 50
0.000000
  1
# 649
  0
POINT
  8
3
 10
-313.245062
 20
1069.107375
  0
POINT
  8
3
 10
-311.889968
 20
1034.306046
  0
POINT
  8
3
 10
-311.166337
 20
987.295175
  0
POINT
  8
3
 10
-311.228237
 20
968.549805
  0
POINT
  8
3
 10
-311.612132
 20
945.231624
  0
POINT
  8
3
 10
-313.461128
 20
900.461298
  0
POINT
  8
3
 10
-316.806464
 20
857.611710
  0
POINT
  8
3
 10
-322.717918
 20
804.365245
  0
POINT
  8
3
 10
-342.569181
 20
753.115623
  0
POINT
  8
3
 10
-391.562255
 20
759.313848
  0
POINT
  8
3
 10
-444.303201
 20
818.822240
  0
POINT
  8
3
 10
-444.314869
 20
870.057827
  0
POINT
  8
3
 10
-444.326501
 20
921.146617
  0
POINT
  8
3
 10
-444.338024
 20
971.839680
  0
POINT
  8
3
 10
-444.349631
 20
1022.822106
  0
POINT
  8
3
 10
-398.873581
 20
1052.440427
  0
POINT
  8
3
 10
-366.642011
 20
1059.323167
  0
POINT
  8
3
 10
-338.567679
 20
1066.134717
  0
POINT
  8
4
 10
-311.228237
 20
968.549805
 30
0.400000
 50
179.49
  0
TEXT
  8
4
 10
-311.228237
 20
968.549805
 40
0.000000
 50
0.000000
  1
# 650
  0
POLYLINE
  8
8
  66
1
  70
0
  0
VERTEX
  8
8
  10
-444.322281
  20
902.660828
  0
VERTEX
  8
8
  10
-313.366661
  20
902.691422
  0
SEQEND
  8
8
  0
POINT
  8
2
 10
-444.322281
 20
902.660828
  0
TEXT
  8
2
 10
-444.322281
 20
902.660828
 40
0.000000
 50
0.000000
  1
# 651
  0
POINT
  8
2
 10
-313.366661
 20
902.691422
  0
TEXT
  8
2
 10
-313.366661
 20
902.691422
 40
0.000000
 50
0.000000
  1
# 652
 0
LINE
 8
7
 10
-411.899338
 20
893.852386
 11
-372.344093
 21
893.852386
  0
TEXT
  8
19
 10
-399.737244
 20
778.346710
 40
10.000000
 50
348.407824
  1
侧缝
  0
TEXT
  8
1
 10
-377.761365
 20
912.959400
 40
10.000000
 50
0.000000
  1
Piece Name: 26SMC-WP186M展_后片中
  0
TEXT
  8
1
 10
-377.761365
 20
927.959400
 40
10.000000
 50
0.000000
  1
Size: 175/84
  0
TEXT
  8
1
 10
-377.761365
 20
942.959400
 40
10.000000
 50
0.000000
  1
Annotation: 
  0
TEXT
  8
1
 10
-377.761365
 20
957.959400
 40
10.000000
 50
0.000000
  1
Quantity: 1,1
  0
TEXT
  8
1
 10
-377.761365
 20
972.959400
 40
10.000000
 50
0.000000
  1
Material: 面
  0
TEXT
  8
1
 10
-377.761365
 20
972.959400
 40
10.000000
 50
0.000000
  1
Category: 22
0
ENDBLK
0
BLOCK
  8
1
  2
26SMC-WP186M展_后片下
 70
0
 10
0.0
 20
0.0
  0
POLYLINE
  8
1
  66
1
  70
1
  0
VERTEX
  8
1
  10
-572.465505
  20
1062.840841
  0
VERTEX
  8
1
  10
-571.127007
  20
1063.030828
  0
VERTEX
  8
1
  10
-526.603055
  20
1069.350567
  0
VERTEX
  8
1
  10
-484.619966
  20
1076.210965
  0
VERTEX
  8
1
  10
-488.970670
  20
1010.952457
  0
VERTEX
  8
1
  10
-490.858235
  20
964.777854
  0
VERTEX
  8
1
  10
-491.450741
  20
921.804206
  0
VERTEX
  8
1
  10
-490.405145
  20
871.000627
  0
VERTEX
  8
1
  10
-488.269645
  20
826.919308
  0
VERTEX
  8
1
  10
-485.852482
  20
791.761703
  0
VERTEX
  8
1
  10
-484.420251
  20
774.294547
  0
VERTEX
  8
1
  10
-518.845404
  20
777.837698
  0
VERTEX
  8
1
  10
-571.062550
  20
782.798857
  0
VERTEX
  8
1
  10
-573.149700
  20
782.997158
  0
VERTEX
  8
1
  10
-960.448914
  20
795.341339
  0
VERTEX
  8
1
  10
-960.448570
  20
795.341328
  0
VERTEX
  8
1
  10
-997.449104
  20
794.162030
  0
VERTEX
  8
1
  10
-997.440430
  20
848.282403
  0
VERTEX
  8
1
  10
-997.434695
  20
898.231840
  0
VERTEX
  8
1
  10
-997.434703
  20
950.122889
  0
VERTEX
  8
1
  10
-997.450863
  20
1017.687416
  0
VERTEX
  8
1
  10
-960.448580
  20
1012.927099
  0
VERTEX
  8
1
  10
-960.449723
  20
1012.926952
  0
SEQEND
  8
1
  0
POINT
  8
2
 10
-572.465505
 20
1062.840841
  0
TEXT
  8
2
 10
-572.465505
 20
1062.840841
 40
0.000000
 50
0.000000
  1
# 653
  0
POINT
  8
2
 10
-484.619966
 20
1076.210965
  0
TEXT
  8
2
 10
-484.619966
 20
1076.210965
 40
0.000000
 50
0.000000
  1
# 654
  0
POINT
  8
2
 10
-484.420251
 20
774.294547
  0
TEXT
  8
2
 10
-484.420251
 20
774.294547
 40
0.000000
 50
0.000000
  1
# 655
  0
POINT
  8
2
 10
-573.149700
 20
782.997158
  0
TEXT
  8
2
 10
-573.149700
 20
782.997158
 40
0.000000
 50
0.000000
  1
# 656
  0
POINT
  8
2
 10
-960.448570
 20
795.341328
  0
TEXT
  8
2
 10
-960.448570
 20
795.341328
 40
0.000000
 50
0.000000
  1
# 657
  0
POINT
  8
2
 10
-997.449104
 20
794.162030
  0
TEXT
  8
2
 10
-997.449104
 20
794.162030
 40
0.000000
 50
0.000000
  1
# 658
  0
POINT
  8
2
 10
-997.450863
 20
1017.687416
  0
TEXT
  8
2
 10
-997.450863
 20
1017.687416
 40
0.000000
 50
0.000000
  1
# 659
  0
POINT
  8
2
 10
-960.448580
 20
1012.927099
  0
TEXT
  8
2
 10
-960.448580
 20
1012.927099
 40
0.000000
 50
0.000000
  1
# 660
  0
POINT
  8
3
 10
-571.127007
 20
1063.030828
  0
POINT
  8
3
 10
-526.603055
 20
1069.350567
  0
POINT
  8
3
 10
-488.970670
 20
1010.952457
  0
POINT
  8
3
 10
-490.858235
 20
964.777854
  0
POINT
  8
3
 10
-491.450741
 20
921.804206
  0
POINT
  8
3
 10
-490.405145
 20
871.000627
  0
POINT
  8
3
 10
-488.269645
 20
826.919308
  0
POINT
  8
3
 10
-485.852482
 20
791.761703
  0
POINT
  8
3
 10
-518.845404
 20
777.837698
  0
POINT
  8
3
 10
-571.062550
 20
782.798857
  0
POINT
  8
3
 10
-960.448914
 20
795.341339
  0
POINT
  8
3
 10
-997.440430
 20
848.282403
  0
POINT
  8
3
 10
-997.434695
 20
898.231840
  0
POINT
  8
3
 10
-997.434703
 20
950.122889
  0
POINT
  8
3
 10
-960.449723
 20
1012.926952
  0
POINT
  8
4
 10
-571.127007
 20
1063.030828
 30
0.400000
 50
270.01
  0
TEXT
  8
4
 10
-571.127007
 20
1063.030828
 40
0.000000
 50
0.000000
  1
# 661
  0
POINT
  8
4
 10
-571.062550
 20
782.798857
 30
0.400000
 50
 90.01
  0
TEXT
  8
4
 10
-571.062550
 20
782.798857
 40
0.000000
 50
0.000000
  1
# 662
  0
POINT
  8
4
 10
-960.448914
 20
795.341339
 30
0.400000
 50
 89.99
  0
TEXT
  8
4
 10
-960.448914
 20
795.341339
 40
0.000000
 50
0.000000
  1
# 663
  0
POINT
  8
4
 10
-960.449723
 20
1012.926952
 30
0.400000
 50
270.01
  0
TEXT
  8
4
 10
-960.449723
 20
1012.926952
 40
0.000000
 50
0.000000
  1
# 664
  0
POLYLINE
  8
14
  66
1
  70
1
  0
VERTEX
  8
14
  10
-571.124802
  20
1052.930908
  0
VERTEX
  8
14
  10
-571.124802
  20
1052.930908
  0
VERTEX
  8
14
  10
-525.069632
  20
1059.468836
  0
VERTEX
  8
14
  10
-495.433197
  20
1064.345856
  0
VERTEX
  8
14
  10
-498.956705
  20
1011.480750
  0
VERTEX
  8
14
  10
-500.854299
  20
965.058376
  0
VERTEX
  8
14
  10
-501.450718
  20
921.782532
  0
VERTEX
  8
14
  10
-500.398403
  20
870.633493
  0
VERTEX
  8
14
  10
-498.251924
  20
826.324238
  0
VERTEX
  8
14
  10
-495.821248
  20
790.971955
  0
VERTEX
  8
14
  10
-495.368881
  20
785.474243
  0
VERTEX
  8
14
  10
-517.844031
  20
787.787434
  0
VERTEX
  8
14
  10
-571.064949
  20
792.844086
  0
VERTEX
  8
14
  10
-571.064987
  20
792.935791
  0
VERTEX
  8
14
  10
-960.444528
  20
825.833065
  0
VERTEX
  8
14
  10
-960.447311
  20
805.343628
  0
VERTEX
  8
14
  10
-960.440431
  20
848.272062
  0
VERTEX
  8
14
  10
-960.434694
  20
898.233310
  0
VERTEX
  8
14
  10
-960.434703
  20
950.128974
  0
VERTEX
  8
14
  10
-960.447311
  20
1002.844849
  0
VERTEX
  8
14
  10
-960.447311
  20
1002.844849
  0
SEQEND
  8
14
  0
POINT
  8
2
 10
-571.124802
 20
1052.930908
  0
TEXT
  8
2
 10
-571.124802
 20
1052.930908
 40
0.000000
 50
0.000000
  1
# 665
  0
POINT
  8
2
 10
-495.433197
 20
1064.345856
  0
TEXT
  8
2
 10
-495.433197
 20
1064.345856
 40
0.000000
 50
0.000000
  1
# 666
  0
POINT
  8
2
 10
-495.368881
 20
785.474243
  0
TEXT
  8
2
 10
-495.368881
 20
785.474243
 40
0.000000
 50
0.000000
  1
# 667
  0
POINT
  8
2
 10
-571.064987
 20
792.935791
  0
TEXT
  8
2
 10
-571.064987
 20
792.935791
 40
0.000000
 50
0.000000
  1
# 668
  0
POINT
  8
2
 10
-960.447311
 20
805.343628
  0
TEXT
  8
2
 10
-960.447311
 20
805.343628
 40
0.000000
 50
0.000000
  1
# 669
  0
POINT
  8
2
 10
-960.447311
 20
1002.844849
  0
TEXT
  8
2
 10
-960.447311
 20
1002.844849
 40
0.000000
 50
0.000000
  1
# 670
  0
POINT
  8
3
 10
-571.124802
 20
1052.930908
  0
POINT
  8
3
 10
-525.069632
 20
1059.468836
  0
POINT
  8
3
 10
-498.956705
 20
1011.480750
  0
POINT
  8
3
 10
-500.854299
 20
965.058376
  0
POINT
  8
3
 10
-501.450718
 20
921.782532
  0
POINT
  8
3
 10
-500.398403
 20
870.633493
  0
POINT
  8
3
 10
-498.251924
 20
826.324238
  0
POINT
  8
3
 10
-495.821248
 20
790.971955
  0
POINT
  8
3
 10
-517.844031
 20
787.787434
  0
POINT
  8
3
 10
-571.064949
 20
792.844086
  0
POINT
  8
3
 10
-960.444528
 20
825.833065
  0
POINT
  8
3
 10
-960.440431
 20
848.272062
  0
POINT
  8
3
 10
-960.434694
 20
898.233310
  0
POINT
  8
3
 10
-960.434703
 20
950.128974
  0
POINT
  8
3
 10
-960.447311
 20
1002.844849
  0
POINT
  8
4
 10
-571.124802
 20
1052.930908
 30
0.400000
 50
270.01
  0
TEXT
  8
4
 10
-571.124802
 20
1052.930908
 40
0.000000
 50
0.000000
  1
# 671
  0
POINT
  8
4
 10
-571.064949
 20
792.844086
 30
0.400000
 50
 90.01
  0
TEXT
  8
4
 10
-571.064949
 20
792.844086
 40
0.000000
 50
0.000000
  1
# 672
  0
POINT
  8
4
 10
-960.444528
 20
825.833065
 30
0.400000
 50
 89.99
  0
TEXT
  8
4
 10
-960.444528
 20
825.833065
 40
0.000000
 50
0.000000
  1
# 673
  0
POINT
  8
4
 10
-960.447311
 20
1002.844849
 30
0.400000
 50
270.01
  0
TEXT
  8
4
 10
-960.447311
 20
1002.844849
 40
0.000000
 50
0.000000
  1
# 674
  0
POLYLINE
  8
8
  66
1
  70
0
  0
VERTEX
  8
8
  10
-571.064987
  20
792.935791
  0
VERTEX
  8
8
  10
-571.079486
  20
853.237393
  0
VERTEX
  8
8
  10
-571.093000
  20
910.761947
  0
VERTEX
  8
8
  10
-571.106648
  20
970.666829
  0
VERTEX
  8
8
  10
-571.117840
  20
1021.050404
  0
VERTEX
  8
8
  10
-571.124802
  20
1052.930908
  0
SEQEND
  8
8
  0
POINT
  8
2
 10
-571.064987
 20
792.935791
  0
TEXT
  8
2
 10
-571.064987
 20
792.935791
 40
0.000000
 50
0.000000
  1
# 675
  0
POINT
  8
2
 10
-571.124802
 20
1052.930908
  0
TEXT
  8
2
 10
-571.124802
 20
1052.930908
 40
0.000000
 50
0.000000
  1
# 676
  0
POINT
  8
3
 10
-571.079486
 20
853.237393
  0
POINT
  8
3
 10
-571.093000
 20
910.761947
  0
POINT
  8
3
 10
-571.106648
 20
970.666829
  0
POINT
  8
3
 10
-571.117840
 20
1021.050404
  0
POLYLINE
  8
8
  66
1
  70
0
  0
VERTEX
  8
8
  10
-960.433884
  20
922.842407
  0
VERTEX
  8
8
  10
-501.404190
  20
922.949448
  0
SEQEND
  8
8
  0
POINT
  8
2
 10
-960.433884
 20
922.842407
  0
TEXT
  8
2
 10
-960.433884
 20
922.842407
 40
0.000000
 50
0.000000
  1
# 677
  0
POINT
  8
2
 10
-501.404190
 20
922.949448
  0
TEXT
  8
2
 10
-501.404190
 20
922.949448
 40
0.000000
 50
0.000000
  1
# 678
 0
LINE
 8
7
 10
-855.534363
 20
875.567398
 11
-625.700188
 21
875.567398
  0
TEXT
  8
19
 10
-756.944733
 20
814.049683
 40
10.000000
 50
348.407824
  1
侧缝
  0
TEXT
  8
1
 10
-740.935557
 20
925.252756
 40
10.000000
 50
0.000000
  1
Piece Name: 26SMC-WP186M展_后片下
  0
TEXT
  8
1
 10
-740.935557
 20
940.252756
 40
10.000000
 50
0.000000
  1
Size: 175/84
  0
TEXT
  8
1
 10
-740.935557
 20
955.252756
 40
10.000000
 50
0.000000
  1
Annotation: 
  0
TEXT
  8
1
 10
-740.935557
 20
970.252756
 40
10.000000
 50
0.000000
  1
Quantity: 1,1
  0
TEXT
  8
1
 10
-740.935557
 20
985.252756
 40
10.000000
 50
0.000000
  1
Material: 面
  0
TEXT
  8
1
 10
-740.935557
 20
985.252756
 40
10.000000
 50
0.000000
  1
Category: 23
0
ENDBLK
0
BLOCK
  8
1
  2
26SMC-WP186M展_
 70
0
 10
0.0
 20
0.0
  0
POLYLINE
  8
1
  66
1
  70
1
  0
VERTEX
  8
1
  10
-1813.358892
  20
172.978129
  0
VERTEX
  8
1
  10
-1811.662003
  20
155.196830
  0
VERTEX
  8
1
  10
-1809.224908
  20
124.062688
  0
VERTEX
  8
1
  10
-1807.381108
  20
90.167837
  0
VERTEX
  8
1
  10
-1806.503897
  20
58.154734
  0
VERTEX
  8
1
  10
-1806.741805
  20
23.852163
  0
VERTEX
  8
1
  10
-1808.396321
  20
-15.747457
  0
VERTEX
  8
1
  10
-1813.085288
  20
-87.013947
  0
VERTEX
  8
1
  10
-1857.783107
  20
-83.836540
  0
VERTEX
  8
1
  10
-1908.657831
  20
-80.545960
  0
VERTEX
  8
1
  10
-1959.525315
  20
-77.584793
  0
VERTEX
  8
1
  10
-2012.993872
  20
-74.781634
  0
VERTEX
  8
1
  10
-2013.412173
  20
-74.759704
  0
VERTEX
  8
1
  10
-2136.692205
  20
-70.761507
  0
VERTEX
  8
1
  10
-2140.526747
  20
-23.597696
  0
VERTEX
  8
1
  10
-2142.310105
  20
11.919481
  0
VERTEX
  8
1
  10
-2142.843780
  20
40.261350
  0
VERTEX
  8
1
  10
-2142.179219
  20
74.438667
  0
VERTEX
  8
1
  10
-2140.255416
  20
108.509651
  0
VERTEX
  8
1
  10
-2137.369279
  20
142.428236
  0
VERTEX
  8
1
  10
-2135.312155
  20
163.172219
  0
VERTEX
  8
1
  10
-2012.946688
  20
155.298092
  0
VERTEX
  8
1
  10
-2012.939049
  20
155.298591
  0
VERTEX
  8
1
  10
-1959.650670
  20
158.783740
  0
VERTEX
  8
1
  10
-1908.308425
  20
162.946390
  0
VERTEX
  8
1
  10
-1864.274494
  20
167.160389
  0
SEQEND
  8
1
  0
POINT
  8
2
 10
-1813.358892
 20
172.978129
  0
TEXT
  8
2
 10
-1813.358892
 20
172.978129
 40
0.000000
 50
0.000000
  1
# 679
  0
POINT
  8
2
 10
-1813.085288
 20
-87.013947
  0
TEXT
  8
2
 10
-1813.085288
 20
-87.013947
 40
0.000000
 50
0.000000
  1
# 680
  0
POINT
  8
2
 10
-2013.412173
 20
-74.759704
  0
TEXT
  8
2
 10
-2013.412173
 20
-74.759704
 40
0.000000
 50
0.000000
  1
# 681
  0
POINT
  8
2
 10
-2136.692205
 20
-70.761507
  0
TEXT
  8
2
 10
-2136.692205
 20
-70.761507
 40
0.000000
 50
0.000000
  1
# 682
  0
POINT
  8
2
 10
-2135.312155
 20
163.172219
  0
TEXT
  8
2
 10
-2135.312155
 20
163.172219
 40
0.000000
 50
0.000000
  1
# 683
  0
POINT
  8
2
 10
-2012.946688
 20
155.298092
  0
TEXT
  8
2
 10
-2012.946688
 20
155.298092
 40
0.000000
 50
0.000000
  1
# 684
  0
POINT
  8
3
 10
-1811.662003
 20
155.196830
  0
POINT
  8
3
 10
-1809.224908
 20
124.062688
  0
POINT
  8
3
 10
-1807.381108
 20
90.167837
  0
POINT
  8
3
 10
-1806.503897
 20
58.154734
  0
POINT
  8
3
 10
-1806.741805
 20
23.852163
  0
POINT
  8
3
 10
-1808.396321
 20
-15.747457
  0
POINT
  8
3
 10
-1857.783107
 20
-83.836540
  0
POINT
  8
3
 10
-1908.657831
 20
-80.545960
  0
POINT
  8
3
 10
-1959.525315
 20
-77.584793
  0
POINT
  8
3
 10
-2012.993872
 20
-74.781634
  0
POINT
  8
3
 10
-2140.526747
 20
-23.597696
  0
POINT
  8
3
 10
-2142.310105
 20
11.919481
  0
POINT
  8
3
 10
-2142.843780
 20
40.261350
  0
POINT
  8
3
 10
-2142.179219
 20
74.438667
  0
POINT
  8
3
 10
-2140.255416
 20
108.509651
  0
POINT
  8
3
 10
-2137.369279
 20
142.428236
  0
POINT
  8
3
 10
-2012.939049
 20
155.298591
  0
POINT
  8
3
 10
-1959.650670
 20
158.783740
  0
POINT
  8
3
 10
-1908.308425
 20
162.946390
  0
POINT
  8
3
 10
-1864.274494
 20
167.160389
  0
POINT
  8
4
 10
-2012.993872
 20
-74.781634
 30
0.400000
 50
 89.99
  0
TEXT
  8
4
 10
-2012.993872
 20
-74.781634
 40
0.000000
 50
0.000000
  1
# 685
  0
POINT
  8
4
 10
-2012.939049
 20
155.298591
 30
0.400000
 50
269.99
  0
TEXT
  8
4
 10
-2012.939049
 20
155.298591
 40
0.000000
 50
0.000000
  1
# 686
  0
POLYLINE
  8
14
  66
1
  70
1
  0
VERTEX
  8
14
  10
-1822.348175
  20
161.910992
  0
VERTEX
  8
14
  10
-1821.621027
  20
154.292484
  0
VERTEX
  8
14
  10
-1819.202652
  20
123.395883
  0
VERTEX
  8
14
  10
-1817.372544
  20
89.754068
  0
VERTEX
  8
14
  10
-1816.503158
  20
58.033139
  0
VERTEX
  8
14
  10
-1816.738580
  20
24.106099
  0
VERTEX
  8
14
  10
-1818.381040
  20
-15.194843
  0
VERTEX
  8
14
  10
-1822.403717
  20
-76.326299
  0
VERTEX
  8
14
  10
-1857.096397
  20
-73.860147
  0
VERTEX
  8
14
  10
-1908.048154
  20
-70.564563
  0
VERTEX
  8
14
  10
-1958.971558
  20
-67.600137
  0
VERTEX
  8
14
  10
-2012.991486
  20
-64.768014
  0
VERTEX
  8
14
  10
-2012.991486
  20
-64.768090
  0
VERTEX
  8
14
  10
-2127.448273
  20
-61.056237
  0
VERTEX
  8
14
  10
-2130.547927
  20
-22.947194
  0
VERTEX
  8
14
  10
-2132.315930
  20
12.260776
  0
VERTEX
  8
14
  10
-2132.843798
  20
40.280235
  0
VERTEX
  8
14
  10
-2132.186961
  20
74.045246
  0
VERTEX
  8
14
  10
-2130.281364
  20
107.789734
  0
VERTEX
  8
14
  10
-2127.415647
  20
141.466359
  0
VERTEX
  8
14
  10
-2126.314240
  20
152.572527
  0
VERTEX
  8
14
  10
-2012.941437
  20
145.277071
  0
VERTEX
  8
14
  10
-2012.941437
  20
145.277071
  0
VERTEX
  8
14
  10
-1958.921948
  20
148.810327
  0
VERTEX
  8
14
  10
-1907.446867
  20
152.983573
  0
VERTEX
  8
14
  10
-1863.217121
  20
157.216448
  0
SEQEND
  8
14
  0
POINT
  8
2
 10
-1822.348175
 20
161.910992
  0
TEXT
  8
2
 10
-1822.348175
 20
161.910992
 40
0.000000
 50
0.000000
  1
# 687
  0
POINT
  8
2
 10
-1822.403717
 20
-76.326299
  0
TEXT
  8
2
 10
-1822.403717
 20
-76.326299
 40
0.000000
 50
0.000000
  1
# 688
  0
POINT
  8
2
 10
-2012.991486
 20
-64.768090
  0
TEXT
  8
2
 10
-2012.991486
 20
-64.768090
 40
0.000000
 50
0.000000
  1
# 689
  0
POINT
  8
2
 10
-2127.448273
 20
-61.056237
  0
TEXT
  8
2
 10
-2127.448273
 20
-61.056237
 40
0.000000
 50
0.000000
  1
# 690
  0
POINT
  8
2
 10
-2126.314240
 20
152.572527
  0
TEXT
  8
2
 10
-2126.314240
 20
152.572527
 40
0.000000
 50
0.000000
  1
# 691
  0
POINT
  8
2
 10
-2012.941437
 20
145.277071
  0
TEXT
  8
2
 10
-2012.941437
 20
145.277071
 40
0.000000
 50
0.000000
  1
# 692
  0
POINT
  8
3
 10
-1821.621027
 20
154.292484
  0
POINT
  8
3
 10
-1819.202652
 20
123.395883
  0
POINT
  8
3
 10
-1817.372544
 20
89.754068
  0
POINT
  8
3
 10
-1816.503158
 20
58.033139
  0
POINT
  8
3
 10
-1816.738580
 20
24.106099
  0
POINT
  8
3
 10
-1818.381040
 20
-15.194843
  0
POINT
  8
3
 10
-1857.096397
 20
-73.860147
  0
POINT
  8
3
 10
-1908.048154
 20
-70.564563
  0
POINT
  8
3
 10
-1958.971558
 20
-67.600137
  0
POINT
  8
3
 10
-2012.991486
 20
-64.768014
  0
POINT
  8
3
 10
-2130.547927
 20
-22.947194
  0
POINT
  8
3
 10
-2132.315930
 20
12.260776
  0
POINT
  8
3
 10
-2132.843798
 20
40.280235
  0
POINT
  8
3
 10
-2132.186961
 20
74.045246
  0
POINT
  8
3
 10
-2130.281364
 20
107.789734
  0
POINT
  8
3
 10
-2127.415647
 20
141.466359
  0
POINT
  8
3
 10
-2012.941437
 20
145.277071
  0
POINT
  8
3
 10
-1958.921948
 20
148.810327
  0
POINT
  8
3
 10
-1907.446867
 20
152.983573
  0
POINT
  8
3
 10
-1863.217121
 20
157.216448
  0
POINT
  8
4
 10
-2012.991486
 20
-64.768014
 30
0.400000
 50
 89.99
  0
TEXT
  8
4
 10
-2012.991486
 20
-64.768014
 40
0.000000
 50
0.000000
  1
# 693
  0
POINT
  8
4
 10
-2012.941437
 20
145.277071
 30
0.400000
 50
269.99
  0
TEXT
  8
4
 10
-2012.941437
 20
145.277071
 40
0.000000
 50
0.000000
  1
# 694
  0
POLYLINE
  8
8
  66
1
  70
0
  0
VERTEX
  8
8
  10
-2032.946320
  20
146.564302
  0
VERTEX
  8
8
  10
-2032.960968
  20
81.564302
  0
SEQEND
  8
8
  0
POINT
  8
2
 10
-2032.946320
 20
146.564302
  0
TEXT
  8
2
 10
-2032.946320
 20
146.564302
 40
0.000000
 50
0.000000
  1
# 695
  0
POINT
  8
2
 10
-2032.960968
 20
81.564302
  0
TEXT
  8
2
 10
-2032.960968
 20
81.564302
 40
0.000000
 50
0.000000
  1
# 696
  0
POLYLINE
  8
8
  66
1
  70
0
  0
VERTEX
  8
8
  10
-1854.951324
  20
158.124971
  0
VERTEX
  8
8
  10
-1854.964175
  20
105.488253
  0
VERTEX
  8
8
  10
-1854.964752
  20
103.124971
  0
SEQEND
  8
8
  0
POINT
  8
2
 10
-1854.951324
 20
158.124971
  0
TEXT
  8
2
 10
-1854.951324
 20
158.124971
 40
0.000000
 50
0.000000
  1
# 697
  0
POINT
  8
2
 10
-1854.964752
 20
103.124971
  0
TEXT
  8
2
 10
-1854.964752
 20
103.124971
 40
0.000000
 50
0.000000
  1
# 698
  0
POINT
  8
3
 10
-1854.964175
 20
105.488253
  0
POLYLINE
  8
8
  66
1
  70
0
  0
VERTEX
  8
8
  10
-2012.941437
  20
145.277071
  0
VERTEX
  8
8
  10
-2012.991486
  20
-64.768090
  0
SEQEND
  8
8
  0
POINT
  8
2
 10
-2012.941437
 20
145.277071
  0
TEXT
  8
2
 10
-2012.941437
 20
145.277071
 40
0.000000
 50
0.000000
  1
# 699
  0
POINT
  8
2
 10
-2012.991486
 20
-64.768090
  0
TEXT
  8
2
 10
-2012.991486
 20
-64.768090
 40
0.000000
 50
0.000000
  1
# 700
  0
POLYLINE
  8
8
  66
1
  70
0
  0
VERTEX
  8
8
  10
-1915.180817
  20
-70.129113
  0
VERTEX
  8
8
  10
-1915.163727
  20
4.870885
  0
SEQEND
  8
8
  0
POINT
  8
2
 10
-1915.180817
 20
-70.129113
  0
TEXT
  8
2
 10
-1915.180817
 20
-70.129113
 40
0.000000
 50
0.000000
  1
# 701
  0
POINT
  8
2
 10
-1915.163727
 20
4.870885
  0
TEXT
  8
2
 10
-1915.163727
 20
4.870885
 40
0.000000
 50
0.000000
  1
# 702
  0
POLYLINE
  8
8
  66
1
  70
0
  0
VERTEX
  8
8
  10
-2132.800446
  20
40.265441
  0
VERTEX
  8
8
  10
-1816.508331
  20
40.191245
  0
SEQEND
  8
8
  0
POINT
  8
2
 10
-2132.800446
 20
40.265441
  0
TEXT
  8
2
 10
-2132.800446
 20
40.265441
 40
0.000000
 50
0.000000
  1
# 703
  0
POINT
  8
2
 10
-1816.508331
 20
40.191245
  0
TEXT
  8
2
 10
-1816.508331
 20
40.191245
 40
0.000000
 50
0.000000
  1
# 704
 0
LINE
 8
7
 10
-1982.399902
 20
104.493990
 11
-1982.399902
 21
-23.630741
  0
TEXT
  8
19
 10
-1988.311157
 20
-56.094193
 40
10.000000
 50
357.878904
  1
侧缝
  0
TEXT
  8
1
 10
-1974.673839
 20
42.982091
 40
10.000000
 50
0.000000
  1
Piece Name: 26SMC-WP186M展_
  0
TEXT
  8
1
 10
-1974.673839
 20
57.982091
 40
10.000000
 50
0.000000
  1
Size: 175/84
  0
TEXT
  8
1
 10
-1974.673839
 20
72.982091
 40
10.000000
 50
0.000000
  1
Annotation: 
  0
TEXT
  8
1
 10
-1974.673839
 20
87.982091
 40
10.000000
 50
0.000000
  1
Quantity: 1,1
  0
TEXT
  8
1
 10
-1974.673839
 20
102.982091
 40
10.000000
 50
0.000000
  1
Material: 净
  0
TEXT
  8
1
 10
-1974.673839
 20
102.982091
 40
10.000000
 50
0.000000
  1
Category: 24
0
ENDBLK
0
BLOCK
  8
1
  2
26SMC-WP186M展_前片下片
 70
0
 10
0.0
 20
0.0
  0
POLYLINE
  8
1
  66
1
  70
1
  0
VERTEX
  8
1
  10
-683.398995
  20
562.790772
  0
VERTEX
  8
1
  10
-685.519571
  20
541.408171
  0
VERTEX
  8
1
  10
-688.364868
  20
507.973507
  0
VERTEX
  8
1
  10
-690.252259
  20
474.555514
  0
VERTEX
  8
1
  10
-690.901372
  20
441.202809
  0
VERTEX
  8
1
  10
-690.379312
  20
413.505761
  0
VERTEX
  8
1
  10
-688.626663
  20
378.606996
  0
VERTEX
  8
1
  10
-684.629958
  20
329.489657
  0
VERTEX
  8
1
  10
-970.363083
  20
338.756498
  0
VERTEX
  8
1
  10
-970.362854
  20
338.756491
  0
VERTEX
  8
1
  10
-1007.363384
  20
337.573499
  0
VERTEX
  8
1
  10
-1007.357255
  20
361.844420
  0
VERTEX
  8
1
  10
-1007.343911
  20
413.241988
  0
VERTEX
  8
1
  10
-1007.333920
  20
465.496156
  0
VERTEX
  8
1
  10
-1007.320614
  20
517.721812
  0
VERTEX
  8
1
  10
-1007.303491
  20
578.891527
  0
VERTEX
  8
1
  10
-970.302986
  20
581.252850
  0
VERTEX
  8
1
  10
-970.302829
  20
581.252840
  0
SEQEND
  8
1
  0
POINT
  8
2
 10
-683.398995
 20
562.790772
  0
TEXT
  8
2
 10
-683.398995
 20
562.790772
 40
0.000000
 50
0.000000
  1
# 705
  0
POINT
  8
2
 10
-684.629958
 20
329.489657
  0
TEXT
  8
2
 10
-684.629958
 20
329.489657
 40
0.000000
 50
0.000000
  1
# 706
  0
POINT
  8
2
 10
-970.362854
 20
338.756491
  0
TEXT
  8
2
 10
-970.362854
 20
338.756491
 40
0.000000
 50
0.000000
  1
# 707
  0
POINT
  8
2
 10
-1007.363384
 20
337.573499
  0
TEXT
  8
2
 10
-1007.363384
 20
337.573499
 40
0.000000
 50
0.000000
  1
# 708
  0
POINT
  8
2
 10
-1007.303491
 20
578.891527
  0
TEXT
  8
2
 10
-1007.303491
 20
578.891527
 40
0.000000
 50
0.000000
  1
# 709
  0
POINT
  8
2
 10
-970.302986
 20
581.252850
  0
TEXT
  8
2
 10
-970.302986
 20
581.252850
 40
0.000000
 50
0.000000
  1
# 710
  0
POINT
  8
3
 10
-685.519571
 20
541.408171
  0
POINT
  8
3
 10
-688.364868
 20
507.973507
  0
POINT
  8
3
 10
-690.252259
 20
474.555514
  0
POINT
  8
3
 10
-690.901372
 20
441.202809
  0
POINT
  8
3
 10
-690.379312
 20
413.505761
  0
POINT
  8
3
 10
-688.626663
 20
378.606996
  0
POINT
  8
3
 10
-970.363083
 20
338.756498
  0
POINT
  8
3
 10
-1007.357255
 20
361.844420
  0
POINT
  8
3
 10
-1007.343911
 20
413.241988
  0
POINT
  8
3
 10
-1007.333920
 20
465.496156
  0
POINT
  8
3
 10
-1007.320614
 20
517.721812
  0
POINT
  8
3
 10
-970.302829
 20
581.252840
  0
POINT
  8
4
 10
-970.363083
 20
338.756498
 30
0.400000
 50
 89.99
  0
TEXT
  8
4
 10
-970.363083
 20
338.756498
 40
0.000000
 50
0.000000
  1
# 711
  0
POINT
  8
4
 10
-970.302829
 20
581.252840
 30
0.400000
 50
269.98
  0
TEXT
  8
4
 10
-970.302829
 20
581.252840
 40
0.000000
 50
0.000000
  1
# 712
  0
POLYLINE
  8
14
  66
1
  70
1
  0
VERTEX
  8
14
  10
-694.371796
  20
553.476295
  0
VERTEX
  8
14
  10
-695.473203
  20
542.370048
  0
VERTEX
  8
14
  10
-698.338920
  20
508.693424
  0
VERTEX
  8
14
  10
-700.244517
  20
474.948935
  0
VERTEX
  8
14
  10
-700.901354
  20
441.183924
  0
VERTEX
  8
14
  10
-700.373487
  20
413.164466
  0
VERTEX
  8
14
  10
-698.605483
  20
377.956495
  0
VERTEX
  8
14
  10
-695.505905
  20
339.847641
  0
VERTEX
  8
14
  10
-970.360565
  20
348.761673
  0
VERTEX
  8
14
  10
-970.360565
  20
348.729897
  0
VERTEX
  8
14
  10
-970.357256
  20
361.834980
  0
VERTEX
  8
14
  10
-970.343911
  20
413.233321
  0
VERTEX
  8
14
  10
-970.333921
  20
465.488502
  0
VERTEX
  8
14
  10
-970.320615
  20
517.711638
  0
VERTEX
  8
14
  10
-970.305634
  20
571.232338
  0
VERTEX
  8
14
  10
-970.305634
  20
571.232338
  0
SEQEND
  8
14
  0
POINT
  8
2
 10
-694.371796
 20
553.476295
  0
TEXT
  8
2
 10
-694.371796
 20
553.476295
 40
0.000000
 50
0.000000
  1
# 713
  0
POINT
  8
2
 10
-695.505905
 20
339.847641
  0
TEXT
  8
2
 10
-695.505905
 20
339.847641
 40
0.000000
 50
0.000000
  1
# 714
  0
POINT
  8
2
 10
-970.360565
 20
348.729897
  0
TEXT
  8
2
 10
-970.360565
 20
348.729897
 40
0.000000
 50
0.000000
  1
# 715
  0
POINT
  8
2
 10
-970.305634
 20
571.232338
  0
TEXT
  8
2
 10
-970.305634
 20
571.232338
 40
0.000000
 50
0.000000
  1
# 716
  0
POINT
  8
3
 10
-695.473203
 20
542.370048
  0
POINT
  8
3
 10
-698.338920
 20
508.693424
  0
POINT
  8
3
 10
-700.244517
 20
474.948935
  0
POINT
  8
3
 10
-700.901354
 20
441.183924
  0
POINT
  8
3
 10
-700.373487
 20
413.164466
  0
POINT
  8
3
 10
-698.605483
 20
377.956495
  0
POINT
  8
3
 10
-970.360565
 20
348.761673
  0
POINT
  8
3
 10
-970.357256
 20
361.834980
  0
POINT
  8
3
 10
-970.343911
 20
413.233321
  0
POINT
  8
3
 10
-970.333921
 20
465.488502
  0
POINT
  8
3
 10
-970.320615
 20
517.711638
  0
POINT
  8
3
 10
-970.305634
 20
571.232338
  0
POINT
  8
4
 10
-970.360565
 20
348.761673
 30
0.400000
 50
 89.99
  0
TEXT
  8
4
 10
-970.360565
 20
348.761673
 40
0.000000
 50
0.000000
  1
# 717
  0
POINT
  8
4
 10
-970.305634
 20
571.232338
 30
0.400000
 50
269.98
  0
TEXT
  8
4
 10
-970.305634
 20
571.232338
 40
0.000000
 50
0.000000
  1
# 718
  0
POLYLINE
  8
8
  66
1
  70
0
  0
VERTEX
  8
8
  10
-970.339813
  20
441.232338
  0
VERTEX
  8
8
  10
-700.858002
  20
441.169090
  0
SEQEND
  8
8
  0
POINT
  8
2
 10
-970.339813
 20
441.232338
  0
TEXT
  8
2
 10
-970.339813
 20
441.232338
 40
0.000000
 50
0.000000
  1
# 719
  0
POINT
  8
2
 10
-700.858002
 20
441.169090
  0
TEXT
  8
2
 10
-700.858002
 20
441.169090
 40
0.000000
 50
0.000000
  1
# 720
 0
LINE
 8
7
 10
-880.517654
 20
428.453217
 11
-761.077957
 21
428.453217
  0
TEXT
  8
19
 10
-866.512299
 20
357.443810
 40
10.000000
 50
359.341457
  1
侧缝
  0
TEXT
  8
1
 10
-845.381190
 20
455.371254
 40
10.000000
 50
0.000000
  1
Piece Name: 26SMC-WP186M展_前片下片
  0
TEXT
  8
1
 10
-845.381190
 20
470.371254
 40
10.000000
 50
0.000000
  1
Size: 175/84
  0
TEXT
  8
1
 10
-845.381190
 20
485.371254
 40
10.000000
 50
0.000000
  1
Annotation: 
  0
TEXT
  8
1
 10
-845.381190
 20
500.371254
 40
10.000000
 50
0.000000
  1
Quantity: 1,1
  0
TEXT
  8
1
 10
-845.381190
 20
515.371254
 40
10.000000
 50
0.000000
  1
Material: 面
  0
TEXT
  8
1
 10
-845.381190
 20
515.371254
 40
10.000000
 50
0.000000
  1
Category: 25
0
ENDBLK
0
BLOCK
  8
1
  2
26SMC-WP186M展_前袋布
 70
0
 10
0.0
 20
0.0
  0
POLYLINE
  8
1
  66
1
  70
1
  0
VERTEX
  8
1
  10
377.019520
  20
84.790365
  0
VERTEX
  8
1
  10
374.054185
  20
86.978812
  0
VERTEX
  8
1
  10
367.627181
  20
91.930018
  0
VERTEX
  8
1
  10
360.216113
  20
96.626242
  0
VERTEX
  8
1
  10
353.088248
  20
100.301092
  0
VERTEX
  8
1
  10
346.247210
  20
103.049849
  0
VERTEX
  8
1
  10
339.385094
  20
105.024364
  0
VERTEX
  8
1
  10
330.528829
  20
106.701733
  0
VERTEX
  8
1
  10
318.732138
  20
108.025797
  0
VERTEX
  8
1
  10
279.341405
  20
110.706733
  0
VERTEX
  8
1
  10
268.353813
  20
112.345595
  0
VERTEX
  8
1
  10
259.598614
  20
114.493794
  0
VERTEX
  8
1
  10
251.722322
  20
117.449916
  0
VERTEX
  8
1
  10
245.487278
  20
120.850638
  0
VERTEX
  8
1
  10
240.315284
  20
124.776540
  0
VERTEX
  8
1
  10
235.579200
  20
129.807898
  0
VERTEX
  8
1
  10
231.880144
  20
135.473792
  0
VERTEX
  8
1
  10
228.985417
  20
142.099358
  0
VERTEX
  8
1
  10
226.637323
  20
150.264305
  0
VERTEX
  8
1
  10
225.500679
  20
156.646860
  0
VERTEX
  8
1
  10
225.022049
  20
159.204885
  0
VERTEX
  8
1
  10
225.022049
  20
260.101556
  0
VERTEX
  8
1
  10
225.021798
  20
268.793686
  0
VERTEX
  8
1
  10
225.019138
  20
360.998259
  0
VERTEX
  8
1
  10
225.497689
  20
363.556291
  0
VERTEX
  8
1
  10
226.634140
  20
369.938877
  0
VERTEX
  8
1
  10
226.712184
  20
370.210286
  0
VERTEX
  8
1
  10
228.981995
  20
378.103882
  0
VERTEX
  8
1
  10
231.876557
  20
384.729614
  0
VERTEX
  8
1
  10
235.575454
  20
390.395579
  0
VERTEX
  8
1
  10
240.311409
  20
395.427080
  0
VERTEX
  8
1
  10
245.483287
  20
399.353127
  0
VERTEX
  8
1
  10
251.718201
  20
402.754016
  0
VERTEX
  8
1
  10
259.594381
  20
405.710365
  0
VERTEX
  8
1
  10
268.349564
  20
407.858821
  0
VERTEX
  8
1
  10
279.337068
  20
409.497983
  0
VERTEX
  8
1
  10
318.727709
  20
412.180065
  0
VERTEX
  8
1
  10
330.524405
  20
413.504477
  0
VERTEX
  8
1
  10
339.380649
  20
415.182097
  0
VERTEX
  8
1
  10
346.242638
  20
417.156794
  0
VERTEX
  8
1
  10
353.083607
  20
419.905770
  0
VERTEX
  8
1
  10
360.211411
  20
423.580825
  0
VERTEX
  8
1
  10
367.622315
  20
428.277248
  0
VERTEX
  8
1
  10
374.059742
  20
433.236129
  0
VERTEX
  8
1
  10
378.468261
  20
436.488882
  0
VERTEX
  8
1
  10
414.676160
  20
433.484738
  0
VERTEX
  8
1
  10
437.552982
  20
430.624197
  0
VERTEX
  8
1
  10
466.572557
  20
425.947635
  0
VERTEX
  8
1
  10
498.377071
  20
419.954268
  0
VERTEX
  8
1
  10
528.692600
  20
413.348383
  0
VERTEX
  8
1
  10
563.005087
  20
404.989568
  0
VERTEX
  8
1
  10
560.915845
  20
395.300379
  0
VERTEX
  8
1
  10
558.844028
  20
385.800700
  0
VERTEX
  8
1
  10
556.741488
  20
375.778882
  0
VERTEX
  8
1
  10
554.751082
  20
365.893847
  0
VERTEX
  8
1
  10
552.829452
  20
355.925430
  0
VERTEX
  8
1
  10
551.088701
  20
346.448998
  0
VERTEX
  8
1
  10
549.483894
  20
337.222353
  0
VERTEX
  8
1
  10
548.153003
  20
329.086975
  0
VERTEX
  8
1
  10
546.888688
  20
320.797109
  0
VERTEX
  8
1
  10
545.734299
  20
312.613157
  0
VERTEX
  8
1
  10
544.672113
  20
304.416231
  0
VERTEX
  8
1
  10
543.774591
  20
296.839508
  0
VERTEX
  8
1
  10
542.957759
  20
289.253977
  0
VERTEX
  8
1
  10
542.222636
  20
281.660716
  0
VERTEX
  8
1
  10
541.502466
  20
273.261687
  0
VERTEX
  8
1
  10
540.772215
  20
263.698699
  0
VERTEX
  8
1
  10
540.508038
  20
259.904066
  0
VERTEX
  8
1
  10
540.669527
  20
256.769394
  0
VERTEX
  8
1
  10
541.194498
  20
247.980589
  0
VERTEX
  8
1
  10
541.790438
  20
239.364910
  0
VERTEX
  8
1
  10
542.427171
  20
231.339985
  0
VERTEX
  8
1
  10
543.054768
  20
224.408671
  0
VERTEX
  8
1
  10
543.824866
  20
216.911549
  0
VERTEX
  8
1
  10
544.750749
  20
208.822870
  0
VERTEX
  8
1
  10
545.815011
  20
200.340918
  0
VERTEX
  8
1
  10
546.980519
  20
191.751592
  0
VERTEX
  8
1
  10
548.267941
  20
182.897904
  0
VERTEX
  8
1
  10
549.677339
  20
173.819465
  0
VERTEX
  8
1
  10
550.656165
  20
167.937353
  0
SEQEND
  8
1
  0
POINT
  8
2
 10
377.019520
 20
84.790365
  0
TEXT
  8
2
 10
377.019520
 20
84.790365
 40
0.000000
 50
0.000000
  1
# 721
  0
POINT
  8
2
 10
225.022049
 20
159.204885
  0
TEXT
  8
2
 10
225.022049
 20
159.204885
 40
0.000000
 50
0.000000
  1
# 722
  0
POINT
  8
2
 10
225.022049
 20
260.101556
  0
TEXT
  8
2
 10
225.022049
 20
260.101556
 40
0.000000
 50
0.000000
  1
# 723
  0
POINT
  8
2
 10
225.019138
 20
360.998259
  0
TEXT
  8
2
 10
225.019138
 20
360.998259
 40
0.000000
 50
0.000000
  1
# 724
  0
POINT
  8
2
 10
378.468261
 20
436.488882
  0
TEXT
  8
2
 10
378.468261
 20
436.488882
 40
0.000000
 50
0.000000
  1
# 725
  0
POINT
  8
2
 10
563.005087
 20
404.989568
  0
TEXT
  8
2
 10
563.005087
 20
404.989568
 40
0.000000
 50
0.000000
  1
# 726
  0
POINT
  8
2
 10
540.508038
 20
259.904066
  0
TEXT
  8
2
 10
540.508038
 20
259.904066
 40
0.000000
 50
0.000000
  1
# 727
  0
POINT
  8
2
 10
550.656165
 20
167.937353
  0
TEXT
  8
2
 10
550.656165
 20
167.937353
 40
0.000000
 50
0.000000
  1
# 728
  0
POINT
  8
3
 10
374.054185
 20
86.978812
  0
POINT
  8
3
 10
367.627181
 20
91.930018
  0
POINT
  8
3
 10
360.216113
 20
96.626242
  0
POINT
  8
3
 10
353.088248
 20
100.301092
  0
POINT
  8
3
 10
346.247210
 20
103.049849
  0
POINT
  8
3
 10
339.385094
 20
105.024364
  0
POINT
  8
3
 10
330.528829
 20
106.701733
  0
POINT
  8
3
 10
318.732138
 20
108.025797
  0
POINT
  8
3
 10
279.341405
 20
110.706733
  0
POINT
  8
3
 10
268.353813
 20
112.345595
  0
POINT
  8
3
 10
259.598614
 20
114.493794
  0
POINT
  8
3
 10
251.722322
 20
117.449916
  0
POINT
  8
3
 10
245.487278
 20
120.850638
  0
POINT
  8
3
 10
240.315284
 20
124.776540
  0
POINT
  8
3
 10
235.579200
 20
129.807898
  0
POINT
  8
3
 10
231.880144
 20
135.473792
  0
POINT
  8
3
 10
228.985417
 20
142.099358
  0
POINT
  8
3
 10
226.637323
 20
150.264305
  0
POINT
  8
3
 10
225.500679
 20
156.646860
  0
POINT
  8
3
 10
225.021798
 20
268.793686
  0
POINT
  8
3
 10
225.497689
 20
363.556291
  0
POINT
  8
3
 10
226.634140
 20
369.938877
  0
POINT
  8
3
 10
226.712184
 20
370.210286
  0
POINT
  8
3
 10
228.981995
 20
378.103882
  0
POINT
  8
3
 10
231.876557
 20
384.729614
  0
POINT
  8
3
 10
235.575454
 20
390.395579
  0
POINT
  8
3
 10
240.311409
 20
395.427080
  0
POINT
  8
3
 10
245.483287
 20
399.353127
  0
POINT
  8
3
 10
251.718201
 20
402.754016
  0
POINT
  8
3
 10
259.594381
 20
405.710365
  0
POINT
  8
3
 10
268.349564
 20
407.858821
  0
POINT
  8
3
 10
279.337068
 20
409.497983
  0
POINT
  8
3
 10
318.727709
 20
412.180065
  0
POINT
  8
3
 10
330.524405
 20
413.504477
  0
POINT
  8
3
 10
339.380649
 20
415.182097
  0
POINT
  8
3
 10
346.242638
 20
417.156794
  0
POINT
  8
3
 10
353.083607
 20
419.905770
  0
POINT
  8
3
 10
360.211411
 20
423.580825
  0
POINT
  8
3
 10
367.622315
 20
428.277248
  0
POINT
  8
3
 10
374.059742
 20
433.236129
  0
POINT
  8
3
 10
414.676160
 20
433.484738
  0
POINT
  8
3
 10
437.552982
 20
430.624197
  0
POINT
  8
3
 10
466.572557
 20
425.947635
  0
POINT
  8
3
 10
498.377071
 20
419.954268
  0
POINT
  8
3
 10
528.692600
 20
413.348383
  0
POINT
  8
3
 10
560.915845
 20
395.300379
  0
POINT
  8
3
 10
558.844028
 20
385.800700
  0
POINT
  8
3
 10
556.741488
 20
375.778882
  0
POINT
  8
3
 10
554.751082
 20
365.893847
  0
POINT
  8
3
 10
552.829452
 20
355.925430
  0
POINT
  8
3
 10
551.088701
 20
346.448998
  0
POINT
  8
3
 10
549.483894
 20
337.222353
  0
POINT
  8
3
 10
548.153003
 20
329.086975
  0
POINT
  8
3
 10
546.888688
 20
320.797109
  0
POINT
  8
3
 10
545.734299
 20
312.613157
  0
POINT
  8
3
 10
544.672113
 20
304.416231
  0
POINT
  8
3
 10
543.774591
 20
296.839508
  0
POINT
  8
3
 10
542.957759
 20
289.253977
  0
POINT
  8
3
 10
542.222636
 20
281.660716
  0
POINT
  8
3
 10
541.502466
 20
273.261687
  0
POINT
  8
3
 10
540.772215
 20
263.698699
  0
POINT
  8
3
 10
540.669527
 20
256.769394
  0
POINT
  8
3
 10
541.194498
 20
247.980589
  0
POINT
  8
3
 10
541.790438
 20
239.364910
  0
POINT
  8
3
 10
542.427171
 20
231.339985
  0
POINT
  8
3
 10
543.054768
 20
224.408671
  0
POINT
  8
3
 10
543.824866
 20
216.911549
  0
POINT
  8
3
 10
544.750749
 20
208.822870
  0
POINT
  8
3
 10
545.815011
 20
200.340918
  0
POINT
  8
3
 10
546.980519
 20
191.751592
  0
POINT
  8
3
 10
548.267941
 20
182.897904
  0
POINT
  8
3
 10
549.677339
 20
173.819465
  0
POINT
  8
4
 10
225.021798
 20
268.793686
 30
0.400000
 50
  8.79
  0
TEXT
  8
4
 10
225.021798
 20
268.793686
 40
0.000000
 50
0.000000
  1
# 729
  0
POINT
  8
4
 10
226.712184
 20
370.210286
 30
0.400000
 50
  8.80
  0
TEXT
  8
4
 10
226.712184
 20
370.210286
 40
0.000000
 50
0.000000
  1
# 730
  0
POLYLINE
  8
14
  66
1
  70
1
  0
VERTEX
  8
14
  10
381.217194
  20
94.012957
  0
VERTEX
  8
14
  10
373.337179
  20
100.139520
  0
VERTEX
  8
14
  10
365.191253
  20
105.300801
  0
VERTEX
  8
14
  10
357.253265
  20
109.392441
  0
VERTEX
  8
14
  10
349.496771
  20
112.507140
  0
VERTEX
  8
14
  10
341.695339
  20
114.753844
  0
VERTEX
  8
14
  10
332.002349
  20
116.592575
  0
VERTEX
  8
14
  10
319.558911
  20
117.991561
  0
VERTEX
  8
14
  10
280.450865
  20
120.644997
  0
VERTEX
  8
14
  10
270.265298
  20
122.161206
  0
VERTEX
  8
14
  10
262.508790
  20
124.060972
  0
VERTEX
  8
14
  10
255.885973
  20
126.541891
  0
VERTEX
  8
14
  10
250.915885
  20
129.248865
  0
VERTEX
  8
14
  10
246.966340
  20
132.244032
  0
VERTEX
  8
14
  10
243.442716
  20
135.985690
  0
VERTEX
  8
14
  10
240.694120
  20
140.197542
  0
VERTEX
  8
14
  10
238.406228
  20
145.453209
  0
VERTEX
  8
14
  10
236.381905
  20
152.509998
  0
VERTEX
  8
14
  10
235.022049
  20
160.282516
  0
VERTEX
  8
14
  10
235.022049
  20
260.101700
  0
VERTEX
  8
14
  10
235.021763
  20
270.339241
  0
VERTEX
  8
14
  10
235.019169
  20
359.920921
  0
VERTEX
  8
14
  10
236.378789
  20
367.693480
  0
VERTEX
  8
14
  10
237.486877
  20
371.877480
  0
VERTEX
  8
14
  10
238.402911
  20
374.750327
  0
VERTEX
  8
14
  10
240.690641
  20
380.006065
  0
VERTEX
  8
14
  10
243.439126
  20
384.217985
  0
VERTEX
  8
14
  10
246.962638
  20
387.959741
  0
VERTEX
  8
14
  10
250.912099
  20
390.955032
  0
VERTEX
  8
14
  10
255.882095
  20
393.662152
  0
VERTEX
  8
14
  10
262.504855
  20
396.143278
  0
VERTEX
  8
14
  10
270.261298
  20
398.043259
  0
VERTEX
  8
14
  10
280.446826
  20
399.559752
  0
VERTEX
  8
14
  10
319.554775
  20
402.214326
  0
VERTEX
  8
14
  10
331.998208
  20
403.613678
  0
VERTEX
  8
14
  10
341.691164
  20
405.452682
  0
VERTEX
  8
14
  10
349.492499
  20
407.699607
  0
VERTEX
  8
14
  10
357.248874
  20
410.814535
  0
VERTEX
  8
14
  10
365.186781
  20
414.906398
  0
VERTEX
  8
14
  10
373.332571
  20
420.067926
  0
VERTEX
  8
14
  10
381.216049
  20
426.226540
  0
VERTEX
  8
14
  10
413.634518
  20
423.539137
  0
VERTEX
  8
14
  10
436.124746
  20
420.726716
  0
VERTEX
  8
14
  10
464.848363
  20
416.097399
  0
VERTEX
  8
14
  10
496.394881
  20
410.152690
  0
VERTEX
  8
14
  10
526.415049
  20
403.611198
  0
VERTEX
  8
14
  10
551.191864
  20
397.574921
  0
VERTEX
  8
14
  10
541.622506
  20
358.335887
  0
VERTEX
  8
14
  10
535.934701
  20
331.339638
  0
VERTEX
  8
14
  10
531.201351
  20
304.678582
  0
VERTEX
  8
14
  10
527.976874
  20
281.888851
  0
VERTEX
  8
14
  10
525.502129
  20
260.102196
  0
VERTEX
  8
14
  10
526.788386
  20
248.264489
  0
VERTEX
  8
14
  10
529.879025
  20
224.186852
  0
VERTEX
  8
14
  10
534.042224
  20
198.944314
  0
VERTEX
  8
14
  10
541.275330
  20
163.445282
  0
VERTEX
  8
14
  10
398.959236
  20
95.287428
  0
SEQEND
  8
14
  0
POINT
  8
2
 10
381.217194
 20
94.012957
  0
TEXT
  8
2
 10
381.217194
 20
94.012957
 40
0.000000
 50
0.000000
  1
# 731
  0
POINT
  8
2
 10
235.022049
 20
160.282516
  0
TEXT
  8
2
 10
235.022049
 20
160.282516
 40
0.000000
 50
0.000000
  1
# 732
  0
POINT
  8
2
 10
235.022049
 20
260.101700
  0
TEXT
  8
2
 10
235.022049
 20
260.101700
 40
0.000000
 50
0.000000
  1
# 733
  0
POINT
  8
2
 10
235.019169
 20
359.920921
  0
TEXT
  8
2
 10
235.019169
 20
359.920921
 40
0.000000
 50
0.000000
  1
# 734
  0
POINT
  8
2
 10
381.216049
 20
426.226540
  0
TEXT
  8
2
 10
381.216049
 20
426.226540
 40
0.000000
 50
0.000000
  1
# 735
  0
POINT
  8
2
 10
551.191864
 20
397.574921
  0
TEXT
  8
2
 10
551.191864
 20
397.574921
 40
0.000000
 50
0.000000
  1
# 736
  0
POINT
  8
2
 10
525.502129
 20
260.102196
  0
TEXT
  8
2
 10
525.502129
 20
260.102196
 40
0.000000
 50
0.000000
  1
# 737
  0
POINT
  8
2
 10
541.275330
 20
163.445282
  0
TEXT
  8
2
 10
541.275330
 20
163.445282
 40
0.000000
 50
0.000000
  1
# 738
  0
POINT
  8
2
 10
398.959236
 20
95.287428
  0
TEXT
  8
2
 10
398.959236
 20
95.287428
 40
0.000000
 50
0.000000
  1
# 739
  0
POINT
  8
3
 10
373.337179
 20
100.139520
  0
POINT
  8
3
 10
365.191253
 20
105.300801
  0
POINT
  8
3
 10
357.253265
 20
109.392441
  0
POINT
  8
3
 10
349.496771
 20
112.507140
  0
POINT
  8
3
 10
341.695339
 20
114.753844
  0
POINT
  8
3
 10
332.002349
 20
116.592575
  0
POINT
  8
3
 10
319.558911
 20
117.991561
  0
POINT
  8
3
 10
280.450865
 20
120.644997
  0
POINT
  8
3
 10
270.265298
 20
122.161206
  0
POINT
  8
3
 10
262.508790
 20
124.060972
  0
POINT
  8
3
 10
255.885973
 20
126.541891
  0
POINT
  8
3
 10
250.915885
 20
129.248865
  0
POINT
  8
3
 10
246.966340
 20
132.244032
  0
POINT
  8
3
 10
243.442716
 20
135.985690
  0
POINT
  8
3
 10
240.694120
 20
140.197542
  0
POINT
  8
3
 10
238.406228
 20
145.453209
  0
POINT
  8
3
 10
236.381905
 20
152.509998
  0
POINT
  8
3
 10
235.021763
 20
270.339241
  0
POINT
  8
3
 10
236.378789
 20
367.693480
  0
POINT
  8
3
 10
237.486877
 20
371.877480
  0
POINT
  8
3
 10
238.402911
 20
374.750327
  0
POINT
  8
3
 10
240.690641
 20
380.006065
  0
POINT
  8
3
 10
243.439126
 20
384.217985
  0
POINT
  8
3
 10
246.962638
 20
387.959741
  0
POINT
  8
3
 10
250.912099
 20
390.955032
  0
POINT
  8
3
 10
255.882095
 20
393.662152
  0
POINT
  8
3
 10
262.504855
 20
396.143278
  0
POINT
  8
3
 10
270.261298
 20
398.043259
  0
POINT
  8
3
 10
280.446826
 20
399.559752
  0
POINT
  8
3
 10
319.554775
 20
402.214326
  0
POINT
  8
3
 10
331.998208
 20
403.613678
  0
POINT
  8
3
 10
341.691164
 20
405.452682
  0
POINT
  8
3
 10
349.492499
 20
407.699607
  0
POINT
  8
3
 10
357.248874
 20
410.814535
  0
POINT
  8
3
 10
365.186781
 20
414.906398
  0
POINT
  8
3
 10
373.332571
 20
420.067926
  0
POINT
  8
3
 10
413.634518
 20
423.539137
  0
POINT
  8
3
 10
436.124746
 20
420.726716
  0
POINT
  8
3
 10
464.848363
 20
416.097399
  0
POINT
  8
3
 10
496.394881
 20
410.152690
  0
POINT
  8
3
 10
526.415049
 20
403.611198
  0
POINT
  8
3
 10
541.622506
 20
358.335887
  0
POINT
  8
3
 10
535.934701
 20
331.339638
  0
POINT
  8
3
 10
531.201351
 20
304.678582
  0
POINT
  8
3
 10
527.976874
 20
281.888851
  0
POINT
  8
3
 10
526.788386
 20
248.264489
  0
POINT
  8
3
 10
529.879025
 20
224.186852
  0
POINT
  8
3
 10
534.042224
 20
198.944314
  0
POINT
  8
4
 10
235.021763
 20
270.339241
 30
0.400000
 50
  8.79
  0
TEXT
  8
4
 10
235.021763
 20
270.339241
 40
0.000000
 50
0.000000
  1
# 740
  0
POINT
  8
4
 10
237.486877
 20
371.877480
 30
0.400000
 50
  8.80
  0
TEXT
  8
4
 10
237.486877
 20
371.877480
 40
0.000000
 50
0.000000
  1
# 741
  0
POLYLINE
  8
8
  66
1
  70
0
  0
VERTEX
  8
8
  10
525.537834
  20
260.105915
  0
VERTEX
  8
8
  10
235.022049
  20
260.101738
  0
SEQEND
  8
8
  0
POINT
  8
2
 10
525.537834
 20
260.105915
  0
TEXT
  8
2
 10
525.537834
 20
260.105915
 40
0.000000
 50
0.000000
  1
# 742
  0
POINT
  8
2
 10
235.022049
 20
260.101738
  0
TEXT
  8
2
 10
235.022049
 20
260.101738
 40
0.000000
 50
0.000000
  1
# 743
  0
POLYLINE
  8
8
  66
1
  70
0
  0
VERTEX
  8
8
  10
235.000896
  20
270.336018
  0
VERTEX
  8
8
  10
425.017319
  20
299.704227
  0
SEQEND
  8
8
  0
POINT
  8
2
 10
235.000896
 20
270.336018
  0
TEXT
  8
2
 10
235.000896
 20
270.336018
 40
0.000000
 50
0.000000
  1
# 744
  0
POINT
  8
2
 10
425.017319
 20
299.704227
  0
TEXT
  8
2
 10
425.017319
 20
299.704227
 40
0.000000
 50
0.000000
  1
# 745
  0
POLYLINE
  8
8
  66
1
  70
0
  0
VERTEX
  8
8
  10
425.017319
  20
299.704227
  0
VERTEX
  8
8
  10
409.901199
  20
398.555870
  0
SEQEND
  8
8
  0
POINT
  8
2
 10
425.017319
 20
299.704227
  0
TEXT
  8
2
 10
425.017319
 20
299.704227
 40
0.000000
 50
0.000000
  1
# 746
  0
POINT
  8
2
 10
409.901199
 20
398.555870
  0
TEXT
  8
2
 10
409.901199
 20
398.555870
 40
0.000000
 50
0.000000
  1
# 747
  0
POLYLINE
  8
8
  66
1
  70
0
  0
VERTEX
  8
8
  10
237.466049
  20
371.874275
  0
VERTEX
  8
8
  10
409.901199
  20
398.555870
  0
SEQEND
  8
8
  0
POINT
  8
2
 10
237.466049
 20
371.874275
  0
TEXT
  8
2
 10
237.466049
 20
371.874275
 40
0.000000
 50
0.000000
  1
# 748
  0
POINT
  8
2
 10
409.901199
 20
398.555870
  0
TEXT
  8
2
 10
409.901199
 20
398.555870
 40
0.000000
 50
0.000000
  1
# 749
 0
LINE
 8
7
 10
319.475479
 20
228.667507
 11
466.953545
 21
228.667507
  0
TEXT
  8
1
 10
394.012112
 20
260.639623
 40
10.000000
 50
0.000000
  1
Piece Name: 26SMC-WP186M展_前袋布
  0
TEXT
  8
1
 10
394.012112
 20
275.639623
 40
10.000000
 50
0.000000
  1
Size: 175/84
  0
TEXT
  8
1
 10
394.012112
 20
290.639623
 40
10.000000
 50
0.000000
  1
Annotation: 
  0
TEXT
  8
1
 10
394.012112
 20
305.639623
 40
10.000000
 50
0.000000
  1
Quantity: 1,1
  0
TEXT
  8
1
 10
394.012112
 20
320.639623
 40
10.000000
 50
0.000000
  1
Material: TC
  0
TEXT
  8
1
 10
394.012112
 20
320.639623
 40
10.000000
 50
0.000000
  1
Category: 26
0
ENDBLK
0
BLOCK
  8
1
  2
26SMC-WP186M展_前袋垫
 70
0
 10
0.0
 20
0.0
  0
POLYLINE
  8
1
  66
1
  70
1
  0
VERTEX
  8
1
  10
866.555953
  20
392.696082
  0
VERTEX
  8
1
  10
874.093668
  20
385.153118
  0
VERTEX
  8
1
  10
875.286045
  20
369.438771
  0
VERTEX
  8
1
  10
877.838275
  20
342.807549
  0
VERTEX
  8
1
  10
881.256328
  20
316.856119
  0
VERTEX
  8
1
  10
881.404597
  20
315.730395
  0
VERTEX
  8
1
  10
890.070677
  20
263.465455
  0
VERTEX
  8
1
  10
854.968914
  20
257.617360
  0
VERTEX
  8
1
  10
824.248607
  20
253.266739
  0
VERTEX
  8
1
  10
792.088432
  20
249.636818
  0
VERTEX
  8
1
  10
762.802869
  20
247.114604
  0
VERTEX
  8
1
  10
739.777326
  20
245.950141
  0
VERTEX
  8
1
  10
724.819107
  20
245.816804
  0
VERTEX
  8
1
  10
703.169351
  20
245.623818
  0
VERTEX
  8
1
  10
692.988823
  20
254.816150
  0
VERTEX
  8
1
  10
685.716293
  20
260.165743
  0
VERTEX
  8
1
  10
678.910646
  20
264.280403
  0
VERTEX
  8
1
  10
672.291573
  20
267.471308
  0
VERTEX
  8
1
  10
665.161081
  20
270.032841
  0
VERTEX
  8
1
  10
656.463213
  20
272.271394
  0
VERTEX
  8
1
  10
636.761436
  20
276.195050
  0
VERTEX
  8
1
  10
645.133245
  20
291.041998
  0
SEQEND
  8
1
  0
POINT
  8
2
 10
866.555953
 20
392.696082
  0
TEXT
  8
2
 10
866.555953
 20
392.696082
 40
0.000000
 50
0.000000
  1
# 750
  0
POINT
  8
2
 10
874.093668
 20
385.153118
  0
TEXT
  8
2
 10
874.093668
 20
385.153118
 40
0.000000
 50
0.000000
  1
# 751
  0
POINT
  8
2
 10
890.070677
 20
263.465455
  0
TEXT
  8
2
 10
890.070677
 20
263.465455
 40
0.000000
 50
0.000000
  1
# 752
  0
POINT
  8
2
 10
703.169351
 20
245.623818
  0
TEXT
  8
2
 10
703.169351
 20
245.623818
 40
0.000000
 50
0.000000
  1
# 753
  0
POINT
  8
2
 10
636.761436
 20
276.195050
  0
TEXT
  8
2
 10
636.761436
 20
276.195050
 40
0.000000
 50
0.000000
  1
# 754
  0
POINT
  8
2
 10
645.133245
 20
291.041998
  0
TEXT
  8
2
 10
645.133245
 20
291.041998
 40
0.000000
 50
0.000000
  1
# 755
  0
POINT
  8
3
 10
875.286045
 20
369.438771
  0
POINT
  8
3
 10
877.838275
 20
342.807549
  0
POINT
  8
3
 10
881.256328
 20
316.856119
  0
POINT
  8
3
 10
881.404597
 20
315.730395
  0
POINT
  8
3
 10
854.968914
 20
257.617360
  0
POINT
  8
3
 10
824.248607
 20
253.266739
  0
POINT
  8
3
 10
792.088432
 20
249.636818
  0
POINT
  8
3
 10
762.802869
 20
247.114604
  0
POINT
  8
3
 10
739.777326
 20
245.950141
  0
POINT
  8
3
 10
724.819107
 20
245.816804
  0
POINT
  8
3
 10
692.988823
 20
254.816150
  0
POINT
  8
3
 10
685.716293
 20
260.165743
  0
POINT
  8
3
 10
678.910646
 20
264.280403
  0
POINT
  8
3
 10
672.291573
 20
267.471308
  0
POINT
  8
3
 10
665.161081
 20
270.032841
  0
POINT
  8
3
 10
656.463213
 20
272.271394
  0
POINT
  8
4
 10
881.256328
 20
316.856119
 30
0.400000
 50
201.35
  0
TEXT
  8
4
 10
881.256328
 20
316.856119
 40
0.000000
 50
0.000000
  1
# 756
  0
POINT
  8
4
 10
724.819107
 20
245.816804
 30
0.400000
 50
 90.51
  0
TEXT
  8
4
 10
724.819107
 20
245.816804
 40
0.000000
 50
0.000000
  1
# 757
  0
POLYLINE
  8
14
  66
1
  70
1
  0
VERTEX
  8
14
  10
864.402084
  20
380.709648
  0
VERTEX
  8
14
  10
865.319220
  20
368.624902
  0
VERTEX
  8
14
  10
867.901898
  20
341.681311
  0
VERTEX
  8
14
  10
871.512773
  20
314.263485
  0
VERTEX
  8
14
  10
871.695786
  20
313.118248
  0
VERTEX
  8
14
  10
878.570862
  20
271.687374
  0
VERTEX
  8
14
  10
853.416169
  20
267.496074
  0
VERTEX
  8
14
  10
822.995162
  20
263.187872
  0
VERTEX
  8
14
  10
791.095869
  20
259.587437
  0
VERTEX
  8
14
  10
762.108946
  20
257.090499
  0
VERTEX
  8
14
  10
739.472496
  20
255.945494
  0
VERTEX
  8
14
  10
724.731445
  20
255.651016
  0
VERTEX
  8
14
  10
706.942825
  20
255.689869
  0
VERTEX
  8
14
  10
699.259863
  20
262.605505
  0
VERTEX
  8
14
  10
691.266690
  20
268.483982
  0
VERTEX
  8
14
  10
683.682097
  20
273.068648
  0
VERTEX
  8
14
  10
676.164866
  20
276.690723
  0
VERTEX
  8
14
  10
668.087406
  20
279.595091
  0
VERTEX
  8
14
  10
658.597128
  20
282.041061
  0
VERTEX
  8
14
  10
652.182083
  20
283.274593
  0
SEQEND
  8
14
  0
POINT
  8
2
 10
864.402084
 20
380.709648
  0
TEXT
  8
2
 10
864.402084
 20
380.709648
 40
0.000000
 50
0.000000
  1
# 758
  0
POINT
  8
2
 10
878.570862
 20
271.687374
  0
TEXT
  8
2
 10
878.570862
 20
271.687374
 40
0.000000
 50
0.000000
  1
# 759
  0
POINT
  8
2
 10
706.942825
 20
255.689869
  0
TEXT
  8
2
 10
706.942825
 20
255.689869
 40
0.000000
 50
0.000000
  1
# 760
  0
POINT
  8
2
 10
652.182083
 20
283.274593
  0
TEXT
  8
2
 10
652.182083
 20
283.274593
 40
0.000000
 50
0.000000
  1
# 761
  0
POINT
  8
3
 10
865.319220
 20
368.624902
  0
POINT
  8
3
 10
867.901898
 20
341.681311
  0
POINT
  8
3
 10
871.512773
 20
314.263485
  0
POINT
  8
3
 10
871.695786
 20
313.118248
  0
POINT
  8
3
 10
853.416169
 20
267.496074
  0
POINT
  8
3
 10
822.995162
 20
263.187872
  0
POINT
  8
3
 10
791.095869
 20
259.587437
  0
POINT
  8
3
 10
762.108946
 20
257.090499
  0
POINT
  8
3
 10
739.472496
 20
255.945494
  0
POINT
  8
3
 10
724.731445
 20
255.651016
  0
POINT
  8
3
 10
699.259863
 20
262.605505
  0
POINT
  8
3
 10
691.266690
 20
268.483982
  0
POINT
  8
3
 10
683.682097
 20
273.068648
  0
POINT
  8
3
 10
676.164866
 20
276.690723
  0
POINT
  8
3
 10
668.087406
 20
279.595091
  0
POINT
  8
3
 10
658.597128
 20
282.041061
  0
POINT
  8
4
 10
871.695786
 20
313.118248
 30
0.400000
 50
201.35
  0
TEXT
  8
4
 10
871.695786
 20
313.118248
 40
0.000000
 50
0.000000
  1
# 762
  0
POINT
  8
4
 10
724.731445
 20
255.651016
 30
0.400000
 50
 90.60
  0
TEXT
  8
4
 10
724.731445
 20
255.651016
 40
0.000000
 50
0.000000
  1
# 763
  0
POLYLINE
  8
8
  66
1
  70
0
  0
VERTEX
  8
8
  10
724.571838
  20
255.597591
  0
VERTEX
  8
8
  10
871.689758
  20
313.115902
  0
SEQEND
  8
8
  0
POINT
  8
2
 10
724.571838
 20
255.597591
  0
TEXT
  8
2
 10
724.571838
 20
255.597591
 40
0.000000
 50
0.000000
  1
# 764
  0
POINT
  8
2
 10
871.689758
 20
313.115902
  0
TEXT
  8
2
 10
871.689758
 20
313.115902
 40
0.000000
 50
0.000000
  1
# 765
 0
LINE
 8
7
 10
758.296890
 20
298.708420
 11
813.567123
 21
298.708420
  0
TEXT
  8
1
 10
763.416056
 20
319.159950
 40
10.000000
 50
0.000000
  1
Piece Name: 26SMC-WP186M展_前袋垫
  0
TEXT
  8
1
 10
763.416056
 20
334.159950
 40
10.000000
 50
0.000000
  1
Size: 175/84
  0
TEXT
  8
1
 10
763.416056
 20
349.159950
 40
10.000000
 50
0.000000
  1
Annotation: 
  0
TEXT
  8
1
 10
763.416056
 20
364.159950
 40
10.000000
 50
0.000000
  1
Quantity: 1,1
  0
TEXT
  8
1
 10
763.416056
 20
379.159950
 40
10.000000
 50
0.000000
  1
Material: 面
  0
TEXT
  8
1
 10
763.416056
 20
379.159950
 40
10.000000
 50
0.000000
  1
Category: 27
0
ENDBLK
0
BLOCK
  8
1
  2
26SMC-WP186M展_前袋贴
 70
0
 10
0.0
 20
0.0
  0
POLYLINE
  8
1
  66
1
  70
1
  0
VERTEX
  8
1
  10
666.095379
  20
127.760289
  0
VERTEX
  8
1
  10
668.561829
  20
140.028638
  0
VERTEX
  8
1
  10
857.040159
  20
230.279301
  0
VERTEX
  8
1
  10
863.593864
  20
222.330148
  0
VERTEX
  8
1
  10
869.845595
  20
192.061316
  0
VERTEX
  8
1
  10
696.152709
  20
108.887396
  0
VERTEX
  8
1
  10
686.912884
  20
116.094586
  0
VERTEX
  8
1
  10
679.481136
  20
120.804302
  0
SEQEND
  8
1
  0
POINT
  8
2
 10
666.095379
 20
127.760289
  0
TEXT
  8
2
 10
666.095379
 20
127.760289
 40
0.000000
 50
0.000000
  1
# 766
  0
POINT
  8
2
 10
668.561829
 20
140.028638
  0
TEXT
  8
2
 10
668.561829
 20
140.028638
 40
0.000000
 50
0.000000
  1
# 767
  0
POINT
  8
2
 10
857.040159
 20
230.279301
  0
TEXT
  8
2
 10
857.040159
 20
230.279301
 40
0.000000
 50
0.000000
  1
# 768
  0
POINT
  8
2
 10
863.593864
 20
222.330148
  0
TEXT
  8
2
 10
863.593864
 20
222.330148
 40
0.000000
 50
0.000000
  1
# 769
  0
POINT
  8
2
 10
869.845595
 20
192.061316
  0
TEXT
  8
2
 10
869.845595
 20
192.061316
 40
0.000000
 50
0.000000
  1
# 770
  0
POINT
  8
2
 10
696.152709
 20
108.887396
  0
TEXT
  8
2
 10
696.152709
 20
108.887396
 40
0.000000
 50
0.000000
  1
# 771
  0
POINT
  8
3
 10
686.912884
 20
116.094586
  0
POINT
  8
3
 10
679.481136
 20
120.804302
  0
POLYLINE
  8
14
  66
1
  70
1
  0
VERTEX
  8
14
  10
677.332611
  20
133.141108
  0
VERTEX
  8
14
  10
854.300308
  20
217.887859
  0
VERTEX
  8
14
  10
860.555878
  20
187.612877
  0
VERTEX
  8
14
  10
718.239822
  20
119.455023
  0
VERTEX
  8
14
  10
700.497742
  20
118.180552
  0
VERTEX
  8
14
  10
692.620482
  20
124.305757
  0
VERTEX
  8
14
  10
684.463370
  20
129.474789
  0
SEQEND
  8
14
  0
POINT
  8
2
 10
677.332611
 20
133.141108
  0
TEXT
  8
2
 10
677.332611
 20
133.141108
 40
0.000000
 50
0.000000
  1
# 772
  0
POINT
  8
2
 10
854.300308
 20
217.887859
  0
TEXT
  8
2
 10
854.300308
 20
217.887859
 40
0.000000
 50
0.000000
  1
# 773
  0
POINT
  8
2
 10
860.555878
 20
187.612877
  0
TEXT
  8
2
 10
860.555878
 20
187.612877
 40
0.000000
 50
0.000000
  1
# 774
  0
POINT
  8
2
 10
718.239822
 20
119.455023
  0
TEXT
  8
2
 10
718.239822
 20
119.455023
 40
0.000000
 50
0.000000
  1
# 775
  0
POINT
  8
2
 10
700.497742
 20
118.180552
  0
TEXT
  8
2
 10
700.497742
 20
118.180552
 40
0.000000
 50
0.000000
  1
# 776
  0
POINT
  8
3
 10
692.620482
 20
124.305757
  0
POINT
  8
3
 10
684.463370
 20
129.474789
 0
LINE
 8
7
 10
746.665421
 20
149.853640
 11
830.465164
 21
190.247288
  0
TEXT
  8
1
 10
767.970487
 20
169.583348
 40
10.000000
 50
0.000000
  1
Piece Name: 26SMC-WP186M展_前袋贴
  0
TEXT
  8
1
 10
767.970487
 20
184.583348
 40
10.000000
 50
0.000000
  1
Size: 175/84
  0
TEXT
  8
1
 10
767.970487
 20
199.583348
 40
10.000000
 50
0.000000
  1
Annotation: 
  0
TEXT
  8
1
 10
767.970487
 20
214.583348
 40
10.000000
 50
0.000000
  1
Quantity: 1,1
  0
TEXT
  8
1
 10
767.970487
 20
229.583348
 40
10.000000
 50
0.000000
  1
Material: 面
  0
TEXT
  8
1
 10
767.970487
 20
229.583348
 40
10.000000
 50
0.000000
  1
Category: 28
0
ENDBLK
0
BLOCK
  8
1
  2
26SMC-WP186M展_手机袋
 70
0
 10
0.0
 20
0.0
  0
POLYLINE
  8
1
  66
1
  70
1
  0
VERTEX
  8
1
  10
696.314950
  20
538.935229
  0
VERTEX
  8
1
  10
711.726557
  20
639.738892
  0
VERTEX
  8
1
  10
713.077744
  20
644.148605
  0
VERTEX
  8
1
  10
718.966494
  20
658.940730
  0
VERTEX
  8
1
  10
922.214081
  20
659.301451
  0
VERTEX
  8
1
  10
922.214081
  20
539.296915
  0
SEQEND
  8
1
  0
POINT
  8
2
 10
696.314950
 20
538.935229
  0
TEXT
  8
2
 10
696.314950
 20
538.935229
 40
0.000000
 50
0.000000
  1
# 777
  0
POINT
  8
2
 10
711.726557
 20
639.738892
  0
TEXT
  8
2
 10
711.726557
 20
639.738892
 40
0.000000
 50
0.000000
  1
# 778
  0
POINT
  8
2
 10
718.966494
 20
658.940730
  0
TEXT
  8
2
 10
718.966494
 20
658.940730
 40
0.000000
 50
0.000000
  1
# 779
  0
POINT
  8
2
 10
922.214081
 20
659.301451
  0
TEXT
  8
2
 10
922.214081
 20
659.301451
 40
0.000000
 50
0.000000
  1
# 780
  0
POINT
  8
2
 10
922.214081
 20
539.296915
  0
TEXT
  8
2
 10
922.214081
 20
539.296915
 40
0.000000
 50
0.000000
  1
# 781
  0
POINT
  8
3
 10
713.077744
 20
644.148605
  0
POLYLINE
  8
14
  66
1
  70
1
  0
VERTEX
  8
14
  10
707.962875
  20
548.953896
  0
VERTEX
  8
14
  10
721.501465
  20
637.506599
  0
VERTEX
  8
14
  10
722.576308
  20
641.021740
  0
VERTEX
  8
14
  10
725.727158
  20
648.952713
  0
VERTEX
  8
14
  10
900.214081
  20
649.262390
  0
VERTEX
  8
14
  10
900.214081
  20
549.261703
  0
SEQEND
  8
14
  0
POINT
  8
2
 10
707.962875
 20
548.953896
  0
TEXT
  8
2
 10
707.962875
 20
548.953896
 40
0.000000
 50
0.000000
  1
# 782
  0
POINT
  8
2
 10
721.501465
 20
637.506599
  0
TEXT
  8
2
 10
721.501465
 20
637.506599
 40
0.000000
 50
0.000000
  1
# 783
  0
POINT
  8
2
 10
725.727158
 20
648.952713
  0
TEXT
  8
2
 10
725.727158
 20
648.952713
 40
0.000000
 50
0.000000
  1
# 784
  0
POINT
  8
2
 10
900.214081
 20
649.262390
  0
TEXT
  8
2
 10
900.214081
 20
649.262390
 40
0.000000
 50
0.000000
  1
# 785
  0
POINT
  8
2
 10
900.214081
 20
549.261703
  0
TEXT
  8
2
 10
900.214081
 20
549.261703
 40
0.000000
 50
0.000000
  1
# 786
  0
POINT
  8
3
 10
722.576308
 20
641.021740
 0
LINE
 8
7
 10
772.834778
 20
574.449959
 11
847.817230
 21
574.449959
  0
TEXT
  8
1
 10
809.264516
 20
599.118340
 40
10.000000
 50
0.000000
  1
Piece Name: 26SMC-WP186M展_手机袋
  0
TEXT
  8
1
 10
809.264516
 20
614.118340
 40
10.000000
 50
0.000000
  1
Size: 175/84
  0
TEXT
  8
1
 10
809.264516
 20
629.118340
 40
10.000000
 50
0.000000
  1
Annotation: 
  0
TEXT
  8
1
 10
809.264516
 20
644.118340
 40
10.000000
 50
0.000000
  1
Quantity: 1
  0
TEXT
  8
1
 10
809.264516
 20
659.118340
 40
10.000000
 50
0.000000
  1
Material: TC
  0
TEXT
  8
1
 10
809.264516
 20
659.118340
 40
10.000000
 50
0.000000
  1
Category: 29
0
ENDBLK
0
BLOCK
  8
1
  2
26SMC-WP186M展_左前下
 70
0
 10
0.0
 20
0.0
  0
POLYLINE
  8
1
  66
1
  70
1
  0
VERTEX
  8
1
  10
128.209804
  20
126.213588
  0
VERTEX
  8
1
  10
127.193246
  20
91.941731
  0
VERTEX
  8
1
  10
127.008435
  20
62.253803
  0
VERTEX
  8
1
  10
127.706757
  20
32.386766
  0
VERTEX
  8
1
  10
127.750463
  20
31.593797
  0
VERTEX
  8
1
  10
129.082679
  20
7.422997
  0
VERTEX
  8
1
  10
131.317747
  20
-17.333830
  0
VERTEX
  8
1
  10
135.530427
  20
-50.251178
  0
VERTEX
  8
1
  10
-46.217712
  20
-121.308768
  0
VERTEX
  8
1
  10
-91.504964
  20
-120.310031
  0
VERTEX
  8
1
  10
-134.273179
  20
-118.748597
  0
VERTEX
  8
1
  10
-184.772249
  20
-115.983369
  0
VERTEX
  8
1
  10
-235.152973
  20
-112.557466
  0
VERTEX
  8
1
  10
-298.441163
  20
-107.937290
  0
VERTEX
  8
1
  10
-293.772768
  20
-37.002632
  0
VERTEX
  8
1
  10
-292.142364
  20
1.999633
  0
VERTEX
  8
1
  10
-291.909427
  20
35.551137
  0
VERTEX
  8
1
  10
-292.770989
  20
66.979893
  0
VERTEX
  8
1
  10
-294.587405
  20
100.368672
  0
VERTEX
  8
1
  10
-296.987061
  20
131.027732
  0
VERTEX
  8
1
  10
-298.620590
  20
148.140101
  0
VERTEX
  8
1
  10
-242.357958
  20
155.790070
  0
VERTEX
  8
1
  10
-203.604190
  20
161.982496
  0
VERTEX
  8
1
  10
-166.365101
  20
168.789247
  0
VERTEX
  8
1
  10
-131.557596
  20
176.008233
  0
VERTEX
  8
1
  10
-94.726077
  20
184.592454
  0
VERTEX
  8
1
  10
-84.510293
  20
169.718253
  0
VERTEX
  8
1
  10
-79.017005
  20
163.289522
  0
VERTEX
  8
1
  10
-73.749113
  20
158.641781
  0
VERTEX
  8
1
  10
-69.683909
  20
155.905804
  0
VERTEX
  8
1
  10
-63.480457
  20
152.887257
  0
VERTEX
  8
1
  10
-56.482740
  20
150.509252
  0
VERTEX
  8
1
  10
-47.400045
  20
148.294745
  0
VERTEX
  8
1
  10
-32.642600
  20
145.692778
  0
VERTEX
  8
1
  10
-17.588251
  20
143.624520
  0
SEQEND
  8
1
  0
POINT
  8
2
 10
128.209804
 20
126.213588
  0
TEXT
  8
2
 10
128.209804
 20
126.213588
 40
0.000000
 50
0.000000
  1
# 787
  0
POINT
  8
2
 10
135.530427
 20
-50.251178
  0
TEXT
  8
2
 10
135.530427
 20
-50.251178
 40
0.000000
 50
0.000000
  1
# 788
  0
POINT
  8
2
 10
-46.217712
 20
-121.308768
  0
TEXT
  8
2
 10
-46.217712
 20
-121.308768
 40
0.000000
 50
0.000000
  1
# 789
  0
POINT
  8
2
 10
-298.441163
 20
-107.937290
  0
TEXT
  8
2
 10
-298.441163
 20
-107.937290
 40
0.000000
 50
0.000000
  1
# 790
  0
POINT
  8
2
 10
-298.620590
 20
148.140101
  0
TEXT
  8
2
 10
-298.620590
 20
148.140101
 40
0.000000
 50
0.000000
  1
# 791
  0
POINT
  8
2
 10
-94.726077
 20
184.592454
  0
TEXT
  8
2
 10
-94.726077
 20
184.592454
 40
0.000000
 50
0.000000
  1
# 792
  0
POINT
  8
2
 10
-17.588251
 20
143.624520
  0
TEXT
  8
2
 10
-17.588251
 20
143.624520
 40
0.000000
 50
0.000000
  1
# 793
  0
POINT
  8
3
 10
127.193246
 20
91.941731
  0
POINT
  8
3
 10
127.008435
 20
62.253803
  0
POINT
  8
3
 10
127.706757
 20
32.386766
  0
POINT
  8
3
 10
127.750463
 20
31.593797
  0
POINT
  8
3
 10
129.082679
 20
7.422997
  0
POINT
  8
3
 10
131.317747
 20
-17.333830
  0
POINT
  8
3
 10
-91.504964
 20
-120.310031
  0
POINT
  8
3
 10
-134.273179
 20
-118.748597
  0
POINT
  8
3
 10
-184.772249
 20
-115.983369
  0
POINT
  8
3
 10
-235.152973
 20
-112.557466
  0
POINT
  8
3
 10
-293.772768
 20
-37.002632
  0
POINT
  8
3
 10
-292.142364
 20
1.999633
  0
POINT
  8
3
 10
-291.909427
 20
35.551137
  0
POINT
  8
3
 10
-292.770989
 20
66.979893
  0
POINT
  8
3
 10
-294.587405
 20
100.368672
  0
POINT
  8
3
 10
-296.987061
 20
131.027732
  0
POINT
  8
3
 10
-242.357958
 20
155.790070
  0
POINT
  8
3
 10
-203.604190
 20
161.982496
  0
POINT
  8
3
 10
-166.365101
 20
168.789247
  0
POINT
  8
3
 10
-131.557596
 20
176.008233
  0
POINT
  8
3
 10
-84.510293
 20
169.718253
  0
POINT
  8
3
 10
-79.017005
 20
163.289522
  0
POINT
  8
3
 10
-73.749113
 20
158.641781
  0
POINT
  8
3
 10
-69.683909
 20
155.905804
  0
POINT
  8
3
 10
-63.480457
 20
152.887257
  0
POINT
  8
3
 10
-56.482740
 20
150.509252
  0
POINT
  8
3
 10
-47.400045
 20
148.294745
  0
POINT
  8
3
 10
-32.642600
 20
145.692778
  0
POINT
  8
4
 10
127.750463
 20
31.593797
 30
0.400000
 50
179.99
  0
TEXT
  8
4
 10
127.750463
 20
31.593797
 40
0.000000
 50
0.000000
  1
# 794
  0
POLYLINE
  8
14
  66
1
  70
1
  0
VERTEX
  8
14
  10
117.943048
  20
117.368574
  0
VERTEX
  8
14
  10
117.195401
  20
92.149327
  0
VERTEX
  8
14
  10
117.008834
  20
62.164453
  0
VERTEX
  8
14
  10
117.714368
  20
31.996675
  0
VERTEX
  8
14
  10
117.742205
  20
31.595979
  0
VERTEX
  8
14
  10
119.108704
  20
6.702007
  0
VERTEX
  8
14
  10
121.376169
  20
-18.413186
  0
VERTEX
  8
14
  10
125.931721
  20
-54.003959
  0
VERTEX
  8
14
  10
-21.027534
  20
-111.491308
  0
VERTEX
  8
14
  10
-40.616290
  20
-111.430720
  0
VERTEX
  8
14
  10
-91.226413
  20
-110.313912
  0
VERTEX
  8
14
  10
-133.816707
  20
-108.759021
  0
VERTEX
  8
14
  10
-184.145462
  20
-106.003031
  0
VERTEX
  8
14
  10
-234.434269
  20
-102.583326
  0
VERTEX
  8
14
  10
-287.810726
  20
-98.686724
  0
VERTEX
  8
14
  10
-283.788048
  20
-37.555246
  0
VERTEX
  8
14
  10
-282.145589
  20
1.745697
  0
VERTEX
  8
14
  10
-281.910167
  20
35.672732
  0
VERTEX
  8
14
  10
-282.779553
  20
67.393662
  0
VERTEX
  8
14
  10
-284.609661
  20
101.035477
  0
VERTEX
  8
14
  10
-287.028037
  20
131.932077
  0
VERTEX
  8
14
  10
-287.752113
  20
139.525862
  0
VERTEX
  8
14
  10
-240.885731
  20
145.899036
  0
VERTEX
  8
14
  10
-201.918518
  20
152.125595
  0
VERTEX
  8
14
  10
-164.452398
  20
158.973873
  0
VERTEX
  8
14
  10
-129.402643
  20
166.243184
  0
VERTEX
  8
14
  10
-98.851995
  20
173.362827
  0
VERTEX
  8
14
  10
-92.537125
  20
163.754197
  0
VERTEX
  8
14
  10
-86.130244
  20
156.260878
  0
VERTEX
  8
14
  10
-79.799283
  20
150.679656
  0
VERTEX
  8
14
  10
-74.757084
  20
147.288211
  0
VERTEX
  8
14
  10
-67.219970
  20
143.612773
  0
VERTEX
  8
14
  10
-59.249561
  20
140.899637
  0
VERTEX
  8
14
  10
-49.435257
  20
138.504039
  0
VERTEX
  8
14
  10
-34.163901
  20
135.809174
  0
VERTEX
  8
14
  10
-18.861765
  20
133.705549
  0
SEQEND
  8
14
  0
POINT
  8
2
 10
117.943048
 20
117.368574
  0
TEXT
  8
2
 10
117.943048
 20
117.368574
 40
0.000000
 50
0.000000
  1
# 795
  0
POINT
  8
2
 10
125.931721
 20
-54.003959
  0
TEXT
  8
2
 10
125.931721
 20
-54.003959
 40
0.000000
 50
0.000000
  1
# 796
  0
POINT
  8
2
 10
-21.027534
 20
-111.491308
  0
TEXT
  8
2
 10
-21.027534
 20
-111.491308
 40
0.000000
 50
0.000000
  1
# 797
  0
POINT
  8
2
 10
-287.810726
 20
-98.686724
  0
TEXT
  8
2
 10
-287.810726
 20
-98.686724
 40
0.000000
 50
0.000000
  1
# 798
  0
POINT
  8
2
 10
-287.752113
 20
139.525862
  0
TEXT
  8
2
 10
-287.752113
 20
139.525862
 40
0.000000
 50
0.000000
  1
# 799
  0
POINT
  8
2
 10
-98.851995
 20
173.362827
  0
TEXT
  8
2
 10
-98.851995
 20
173.362827
 40
0.000000
 50
0.000000
  1
# 800
  0
POINT
  8
2
 10
-18.861765
 20
133.705549
  0
TEXT
  8
2
 10
-18.861765
 20
133.705549
 40
0.000000
 50
0.000000
  1
# 801
  0
POINT
  8
3
 10
117.195401
 20
92.149327
  0
POINT
  8
3
 10
117.008834
 20
62.164453
  0
POINT
  8
3
 10
117.714368
 20
31.996675
  0
POINT
  8
3
 10
117.742205
 20
31.595979
  0
POINT
  8
3
 10
119.108704
 20
6.702007
  0
POINT
  8
3
 10
121.376169
 20
-18.413186
  0
POINT
  8
3
 10
-40.616290
 20
-111.430720
  0
POINT
  8
3
 10
-91.226413
 20
-110.313912
  0
POINT
  8
3
 10
-133.816707
 20
-108.759021
  0
POINT
  8
3
 10
-184.145462
 20
-106.003031
  0
POINT
  8
3
 10
-234.434269
 20
-102.583326
  0
POINT
  8
3
 10
-283.788048
 20
-37.555246
  0
POINT
  8
3
 10
-282.145589
 20
1.745697
  0
POINT
  8
3
 10
-281.910167
 20
35.672732
  0
POINT
  8
3
 10
-282.779553
 20
67.393662
  0
POINT
  8
3
 10
-284.609661
 20
101.035477
  0
POINT
  8
3
 10
-287.028037
 20
131.932077
  0
POINT
  8
3
 10
-240.885731
 20
145.899036
  0
POINT
  8
3
 10
-201.918518
 20
152.125595
  0
POINT
  8
3
 10
-164.452398
 20
158.973873
  0
POINT
  8
3
 10
-129.402643
 20
166.243184
  0
POINT
  8
3
 10
-92.537125
 20
163.754197
  0
POINT
  8
3
 10
-86.130244
 20
156.260878
  0
POINT
  8
3
 10
-79.799283
 20
150.679656
  0
POINT
  8
3
 10
-74.757084
 20
147.288211
  0
POINT
  8
3
 10
-67.219970
 20
143.612773
  0
POINT
  8
3
 10
-59.249561
 20
140.899637
  0
POINT
  8
3
 10
-49.435257
 20
138.504039
  0
POINT
  8
3
 10
-34.163901
 20
135.809174
  0
POINT
  8
4
 10
117.742205
 20
31.595979
 30
0.400000
 50
179.99
  0
TEXT
  8
4
 10
117.742205
 20
31.595979
 40
0.000000
 50
0.000000
  1
# 802
  0
POLYLINE
  8
8
  66
1
  70
0
  0
VERTEX
  8
8
  10
-18.860544
  20
133.717756
  0
VERTEX
  8
8
  10
-18.873316
  20
80.577674
  0
VERTEX
  8
8
  10
-18.885868
  20
28.710296
  0
VERTEX
  8
8
  10
-18.898223
  20
-21.943488
  0
VERTEX
  8
8
  10
-18.910795
  20
-73.554764
  0
VERTEX
  8
8
  10
-18.918527
  20
-111.660662
  0
SEQEND
  8
8
  0
POINT
  8
2
 10
-18.860544
 20
133.717756
  0
TEXT
  8
2
 10
-18.860544
 20
133.717756
 40
0.000000
 50
0.000000
  1
# 803
  0
POINT
  8
2
 10
-18.918527
 20
-111.660662
  0
TEXT
  8
2
 10
-18.918527
 20
-111.660662
 40
0.000000
 50
0.000000
  1
# 804
  0
POINT
  8
3
 10
-18.873316
 20
80.577674
  0
POINT
  8
3
 10
-18.885868
 20
28.710296
  0
POINT
  8
3
 10
-18.898223
 20
-21.943488
  0
POINT
  8
3
 10
-18.910795
 20
-73.554764
  0
POLYLINE
  8
8
  66
1
  70
0
  0
VERTEX
  8
8
  10
-98.851995
  20
173.362827
  0
VERTEX
  8
8
  10
-98.864069
  20
120.236193
  0
VERTEX
  8
8
  10
-98.876287
  20
68.343935
  0
VERTEX
  8
8
  10
-98.888998
  20
16.457932
  0
VERTEX
  8
8
  10
-98.901197
  20
-33.894410
  0
VERTEX
  8
8
  10
-98.912872
  20
-85.507502
  0
VERTEX
  8
8
  10
-98.917303
  20
-110.074663
  0
SEQEND
  8
8
  0
POINT
  8
2
 10
-98.851995
 20
173.362827
  0
TEXT
  8
2
 10
-98.851995
 20
173.362827
 40
0.000000
 50
0.000000
  1
# 805
  0
POINT
  8
2
 10
-98.917303
 20
-110.074663
  0
TEXT
  8
2
 10
-98.917303
 20
-110.074663
 40
0.000000
 50
0.000000
  1
# 806
  0
POINT
  8
3
 10
-98.864069
 20
120.236193
  0
POINT
  8
3
 10
-98.876287
 20
68.343935
  0
POINT
  8
3
 10
-98.888998
 20
16.457932
  0
POINT
  8
3
 10
-98.901197
 20
-33.894410
  0
POINT
  8
3
 10
-98.912872
 20
-85.507502
  0
POLYLINE
  8
8
  66
1
  70
0
  0
VERTEX
  8
8
  10
-281.915321
  20
17.830834
  0
VERTEX
  8
8
  10
-98.888617
  20
17.787881
  0
SEQEND
  8
8
  0
POINT
  8
2
 10
-281.915321
 20
17.830834
  0
TEXT
  8
2
 10
-281.915321
 20
17.830834
 40
0.000000
 50
0.000000
  1
# 807
  0
POINT
  8
2
 10
-98.888617
 20
17.787881
  0
TEXT
  8
2
 10
-98.888617
 20
17.787881
 40
0.000000
 50
0.000000
  1
# 808
  0
POLYLINE
  8
8
  66
1
  70
0
  0
VERTEX
  8
8
  10
-123.239202
  20
167.690830
  0
VERTEX
  8
8
  10
-123.302679
  20
-109.212236
  0
SEQEND
  8
8
  0
POINT
  8
2
 10
-123.239202
 20
167.690830
  0
TEXT
  8
2
 10
-123.239202
 20
167.690830
 40
0.000000
 50
0.000000
  1
# 809
  0
POINT
  8
2
 10
-123.302679
 20
-109.212236
  0
TEXT
  8
2
 10
-123.302679
 20
-109.212236
 40
0.000000
 50
0.000000
  1
# 810
  0
POLYLINE
  8
8
  66
1
  70
0
  0
VERTEX
  8
8
  10
-98.884954
  20
31.642861
  0
VERTEX
  8
8
  10
37.850883
  20
31.613259
  0
SEQEND
  8
8
  0
POINT
  8
2
 10
-98.884954
 20
31.642861
  0
TEXT
  8
2
 10
-98.884954
 20
31.642861
 40
0.000000
 50
0.000000
  1
# 811
  0
POINT
  8
2
 10
37.850883
 20
31.613259
  0
TEXT
  8
2
 10
37.850883
 20
31.613259
 40
0.000000
 50
0.000000
  1
# 812
  0
POLYLINE
  8
8
  66
1
  70
0
  0
VERTEX
  8
8
  10
-48.119273
  20
-111.315107
  0
VERTEX
  8
8
  10
124.543695
  20
-43.809524
  0
SEQEND
  8
8
  0
POINT
  8
2
 10
-48.119273
 20
-111.315107
  0
TEXT
  8
2
 10
-48.119273
 20
-111.315107
 40
0.000000
 50
0.000000
  1
# 813
  0
POINT
  8
2
 10
124.543695
 20
-43.809524
  0
TEXT
  8
2
 10
124.543695
 20
-43.809524
 40
0.000000
 50
0.000000
  1
# 814
 0
LINE
 8
7
 10
-163.456726
 20
-12.753136
 11
5.604914
 21
-12.753136
  0
TEXT
  8
1
 10
-81.545081
 20
31.641843
 40
10.000000
 50
0.000000
  1
Piece Name: 26SMC-WP186M展_左前下
  0
TEXT
  8
1
 10
-81.545081
 20
46.641843
 40
10.000000
 50
0.000000
  1
Size: 175/84
  0
TEXT
  8
1
 10
-81.545081
 20
61.641843
 40
10.000000
 50
0.000000
  1
Annotation: 
  0
TEXT
  8
1
 10
-81.545081
 20
76.641843
 40
10.000000
 50
0.000000
  1
Quantity: 1
  0
TEXT
  8
1
 10
-81.545081
 20
91.641843
 40
10.000000
 50
0.000000
  1
Material: 面
  0
TEXT
  8
1
 10
-81.545081
 20
91.641843
 40
10.000000
 50
0.000000
  1
Category: 30
0
ENDBLK
0
BLOCK
  8
1
  2
26SMC-WP186M展_底襟袢
 70
0
 10
0.0
 20
0.0
  0
POLYLINE
  8
1
  66
1
  70
1
  0
VERTEX
  8
1
  10
-289.018726
  20
-969.227371
  0
VERTEX
  8
1
  10
-289.018726
  20
-943.227386
  0
VERTEX
  8
1
  10
-139.018736
  20
-943.227386
  0
VERTEX
  8
1
  10
-139.018736
  20
-969.227371
  0
SEQEND
  8
1
  0
POINT
  8
2
 10
-289.018726
 20
-969.227371
  0
TEXT
  8
2
 10
-289.018726
 20
-969.227371
 40
0.000000
 50
0.000000
  1
# 815
  0
POINT
  8
2
 10
-289.018726
 20
-943.227386
  0
TEXT
  8
2
 10
-289.018726
 20
-943.227386
 40
0.000000
 50
0.000000
  1
# 816
  0
POINT
  8
2
 10
-139.018736
 20
-943.227386
  0
TEXT
  8
2
 10
-139.018736
 20
-943.227386
 40
0.000000
 50
0.000000
  1
# 817
  0
POINT
  8
2
 10
-139.018736
 20
-969.227371
  0
TEXT
  8
2
 10
-139.018736
 20
-969.227371
 40
0.000000
 50
0.000000
  1
# 818
 0
LINE
 8
7
 10
-240.999126
 20
-960.902786
 11
-165.590076
 21
-960.902786
  0
TEXT
  8
1
 10
-214.018731
 20
-956.227379
 40
10.000000
 50
0.000000
  1
Piece Name: 26SMC-WP186M展_底襟袢
  0
TEXT
  8
1
 10
-214.018731
 20
-941.227379
 40
10.000000
 50
0.000000
  1
Size: 175/84
  0
TEXT
  8
1
 10
-214.018731
 20
-926.227379
 40
10.000000
 50
0.000000
  1
Annotation: 
  0
TEXT
  8
1
 10
-214.018731
 20
-911.227379
 40
10.000000
 50
0.000000
  1
Quantity: 1
  0
TEXT
  8
1
 10
-214.018731
 20
-896.227379
 40
10.000000
 50
0.000000
  1
Material: TC
  0
TEXT
  8
1
 10
-214.018731
 20
-896.227379
 40
10.000000
 50
0.000000
  1
Category: 31
0
ENDBLK
0
BLOCK
  8
1
  2
26SMC-WP186M展_腿袋
 70
0
 10
0.0
 20
0.0
  0
POLYLINE
  8
1
  66
1
  70
1
  0
VERTEX
  8
1
  10
3235.866699
  20
1006.982727
  0
VERTEX
  8
1
  10
3235.866699
  20
1196.982727
  0
VERTEX
  8
1
  10
3440.866699
  20
1196.982727
  0
VERTEX
  8
1
  10
3440.866699
  20
1006.982727
  0
SEQEND
  8
1
  0
POINT
  8
2
 10
3235.866699
 20
1006.982727
  0
TEXT
  8
2
 10
3235.866699
 20
1006.982727
 40
0.000000
 50
0.000000
  1
# 819
  0
POINT
  8
2
 10
3235.866699
 20
1196.982727
  0
TEXT
  8
2
 10
3235.866699
 20
1196.982727
 40
0.000000
 50
0.000000
  1
# 820
  0
POINT
  8
2
 10
3440.866699
 20
1196.982727
  0
TEXT
  8
2
 10
3440.866699
 20
1196.982727
 40
0.000000
 50
0.000000
  1
# 821
  0
POINT
  8
2
 10
3440.866699
 20
1006.982727
  0
TEXT
  8
2
 10
3440.866699
 20
1006.982727
 40
0.000000
 50
0.000000
  1
# 822
  0
POLYLINE
  8
8
  66
1
  70
0
  0
VERTEX
  8
8
  10
3440.866699
  20
1126.982727
  0
VERTEX
  8
8
  10
3388.378418
  20
1126.982727
  0
VERTEX
  8
8
  10
3337.107676
  20
1126.982727
  0
VERTEX
  8
8
  10
3286.294512
  20
1126.982727
  0
VERTEX
  8
8
  10
3236.948481
  20
1126.982727
  0
VERTEX
  8
8
  10
3235.866699
  20
1126.982727
  0
SEQEND
  8
8
  0
POINT
  8
2
 10
3440.866699
 20
1126.982727
  0
TEXT
  8
2
 10
3440.866699
 20
1126.982727
 40
0.000000
 50
0.000000
  1
# 823
  0
POINT
  8
2
 10
3235.866699
 20
1126.982727
  0
TEXT
  8
2
 10
3235.866699
 20
1126.982727
 40
0.000000
 50
0.000000
  1
# 824
  0
POINT
  8
3
 10
3388.378418
 20
1126.982727
  0
POINT
  8
3
 10
3337.107676
 20
1126.982727
  0
POINT
  8
3
 10
3286.294512
 20
1126.982727
  0
POINT
  8
3
 10
3236.948481
 20
1126.982727
  0
POLYLINE
  8
8
  66
1
  70
0
  0
VERTEX
  8
8
  10
3440.866699
  20
1076.982727
  0
VERTEX
  8
8
  10
3388.378418
  20
1076.982727
  0
VERTEX
  8
8
  10
3337.107676
  20
1076.982727
  0
VERTEX
  8
8
  10
3286.294512
  20
1076.982727
  0
VERTEX
  8
8
  10
3236.948481
  20
1076.982727
  0
VERTEX
  8
8
  10
3235.866699
  20
1076.982727
  0
SEQEND
  8
8
  0
POINT
  8
2
 10
3440.866699
 20
1076.982727
  0
TEXT
  8
2
 10
3440.866699
 20
1076.982727
 40
0.000000
 50
0.000000
  1
# 825
  0
POINT
  8
2
 10
3235.866699
 20
1076.982727
  0
TEXT
  8
2
 10
3235.866699
 20
1076.982727
 40
0.000000
 50
0.000000
  1
# 826
  0
POINT
  8
3
 10
3388.378418
 20
1076.982727
  0
POINT
  8
3
 10
3337.107676
 20
1076.982727
  0
POINT
  8
3
 10
3286.294512
 20
1076.982727
  0
POINT
  8
3
 10
3236.948481
 20
1076.982727
  0
POLYLINE
  8
8
  66
1
  70
0
  0
VERTEX
  8
8
  10
3425.866699
  20
1196.982727
  0
VERTEX
  8
8
  10
3425.866699
  20
1006.982727
  0
SEQEND
  8
8
  0
POINT
  8
2
 10
3425.866699
 20
1196.982727
  0
TEXT
  8
2
 10
3425.866699
 20
1196.982727
 40
0.000000
 50
0.000000
  1
# 827
  0
POINT
  8
2
 10
3425.866699
 20
1006.982727
  0
TEXT
  8
2
 10
3425.866699
 20
1006.982727
 40
0.000000
 50
0.000000
  1
# 828
 0
LINE
 8
7
 10
3300.802612
 20
1087.712555
 11
3390.054016
 21
1087.712555
  0
TEXT
  8
19
 10
3351.387939
 20
1021.895447
 40
10.000000
 50
0.000000
  1
有2.8眼皮
  0
TEXT
  8
1
 10
3338.366699
 20
1101.982727
 40
10.000000
 50
0.000000
  1
Piece Name: 26SMC-WP186M展_腿袋
  0
TEXT
  8
1
 10
3338.366699
 20
1116.982727
 40
10.000000
 50
0.000000
  1
Size: 175/84
  0
TEXT
  8
1
 10
3338.366699
 20
1131.982727
 40
10.000000
 50
0.000000
  1
Annotation: 
  0
TEXT
  8
1
 10
3338.366699
 20
1146.982727
 40
10.000000
 50
0.000000
  1
Quantity: 1
  0
TEXT
  8
1
 10
3338.366699
 20
1161.982727
 40
10.000000
 50
0.000000
  1
Material: 净
  0
TEXT
  8
1
 10
3338.366699
 20
1161.982727
 40
10.000000
 50
0.000000
  1
Category: 32
0
ENDBLK
0
BLOCK
  8
1
  2
26SMC-WP186M展_后袋盖
 70
0
 10
0.0
 20
0.0
  0
POLYLINE
  8
1
  66
1
  70
1
  0
VERTEX
  8
1
  10
3241.697083
  20
687.425842
  0
VERTEX
  8
1
  10
3237.555762
  20
687.851886
  0
VERTEX
  8
1
  10
3234.210920
  20
688.986426
  0
VERTEX
  8
1
  10
3231.358142
  20
690.788654
  0
VERTEX
  8
1
  10
3228.922065
  20
693.309262
  0
VERTEX
  8
1
  10
3226.983014
  20
696.519910
  0
VERTEX
  8
1
  10
3225.626849
  20
700.359801
  0
VERTEX
  8
1
  10
3225.252380
  20
702.356262
  0
VERTEX
  8
1
  10
3213.142395
  20
827.495728
  0
VERTEX
  8
1
  10
3213.167297
  20
830.047686
  0
VERTEX
  8
1
  10
3213.874048
  20
833.778772
  0
VERTEX
  8
1
  10
3215.228361
  20
836.826604
  0
VERTEX
  8
1
  10
3217.136579
  20
839.184305
  0
VERTEX
  8
1
  10
3219.580594
  20
840.900578
  0
VERTEX
  8
1
  10
3222.633935
  20
841.998920
  0
VERTEX
  8
1
  10
3226.697083
  20
842.425842
  0
VERTEX
  8
1
  10
3276.697083
  20
842.425842
  0
VERTEX
  8
1
  10
3276.697083
  20
687.425842
  0
SEQEND
  8
1
  0
POINT
  8
2
 10
3241.697083
 20
687.425842
  0
TEXT
  8
2
 10
3241.697083
 20
687.425842
 40
0.000000
 50
0.000000
  1
# 829
  0
POINT
  8
2
 10
3225.252380
 20
702.356262
  0
TEXT
  8
2
 10
3225.252380
 20
702.356262
 40
0.000000
 50
0.000000
  1
# 830
  0
POINT
  8
2
 10
3213.142395
 20
827.495728
  0
TEXT
  8
2
 10
3213.142395
 20
827.495728
 40
0.000000
 50
0.000000
  1
# 831
  0
POINT
  8
2
 10
3226.697083
 20
842.425842
  0
TEXT
  8
2
 10
3226.697083
 20
842.425842
 40
0.000000
 50
0.000000
  1
# 832
  0
POINT
  8
2
 10
3276.697083
 20
842.425842
  0
TEXT
  8
2
 10
3276.697083
 20
842.425842
 40
0.000000
 50
0.000000
  1
# 833
  0
POINT
  8
2
 10
3276.697083
 20
687.425842
  0
TEXT
  8
2
 10
3276.697083
 20
687.425842
 40
0.000000
 50
0.000000
  1
# 834
  0
POINT
  8
3
 10
3237.555762
 20
687.851886
  0
POINT
  8
3
 10
3234.210920
 20
688.986426
  0
POINT
  8
3
 10
3231.358142
 20
690.788654
  0
POINT
  8
3
 10
3228.922065
 20
693.309262
  0
POINT
  8
3
 10
3226.983014
 20
696.519910
  0
POINT
  8
3
 10
3225.626849
 20
700.359801
  0
POINT
  8
3
 10
3213.167297
 20
830.047686
  0
POINT
  8
3
 10
3213.874048
 20
833.778772
  0
POINT
  8
3
 10
3215.228361
 20
836.826604
  0
POINT
  8
3
 10
3217.136579
 20
839.184305
  0
POINT
  8
3
 10
3219.580594
 20
840.900578
  0
POINT
  8
3
 10
3222.633935
 20
841.998920
  0
POLYLINE
  8
8
  66
1
  70
0
  0
VERTEX
  8
8
  10
3237.997742
  20
767.543945
  0
VERTEX
  8
8
  10
3237.901633
  20
767.629652
  0
VERTEX
  8
8
  10
3237.821540
  20
767.690710
  0
VERTEX
  8
8
  10
3237.740271
  20
767.742119
  0
VERTEX
  8
8
  10
3237.650828
  20
767.788846
  0
VERTEX
  8
8
  10
3237.556277
  20
767.829038
  0
VERTEX
  8
8
  10
3237.460961
  20
767.860826
  0
VERTEX
  8
8
  10
3237.362742
  20
767.884998
  0
VERTEX
  8
8
  10
3237.263358
  20
767.901096
  0
VERTEX
  8
8
  10
3237.162484
  20
767.909146
  0
VERTEX
  8
8
  10
3237.061829
  20
767.909038
  0
VERTEX
  8
8
  10
3236.961098
  20
767.900788
  0
VERTEX
  8
8
  10
3236.861373
  20
767.884435
  0
VERTEX
  8
8
  10
3236.763522
  20
767.860144
  0
VERTEX
  8
8
  10
3236.667665
  20
767.827928
  0
VERTEX
  8
8
  10
3236.575332
  20
767.788304
  0
VERTEX
  8
8
  10
3236.485997
  20
767.741078
  0
VERTEX
  8
8
  10
3236.401198
  20
767.687074
  0
VERTEX
  8
8
  10
3236.320615
  20
767.626170
  0
VERTEX
  8
8
  10
3236.244365
  20
767.558298
  0
VERTEX
  8
8
  10
3236.174517
  20
767.485205
  0
VERTEX
  8
8
  10
3236.111064
  20
767.406895
  0
VERTEX
  8
8
  10
3236.054048
  20
767.323497
  0
VERTEX
  8
8
  10
3236.003347
  20
767.234760
  0
VERTEX
  8
8
  10
3235.960379
  20
767.143121
  0
VERTEX
  8
8
  10
3235.925110
  20
767.048628
  0
VERTEX
  8
8
  10
3235.897556
  20
766.951320
  0
VERTEX
  8
8
  10
3235.878093
  20
766.852857
  0
VERTEX
  8
8
  10
3235.866584
  20
766.752479
  0
VERTEX
  8
8
  10
3235.863323
  20
766.651783
  0
VERTEX
  8
8
  10
3235.868231
  20
766.550821
  0
VERTEX
  8
8
  10
3235.881326
  20
766.449366
  0
VERTEX
  8
8
  10
3235.902247
  20
766.350425
  0
VERTEX
  8
8
  10
3235.930963
  20
766.254096
  0
VERTEX
  8
8
  10
3235.967665
  20
766.159887
  0
VERTEX
  8
8
  10
3236.011722
  20
766.069200
  0
VERTEX
  8
8
  10
3236.063026
  20
765.982120
  0
VERTEX
  8
8
  10
3236.120757
  20
765.899962
  0
VERTEX
  8
8
  10
3236.185275
  20
765.822282
  0
VERTEX
  8
8
  10
3236.255650
  20
765.750316
  0
VERTEX
  8
8
  10
3236.332021
  20
765.683942
  0
VERTEX
  8
8
  10
3236.412998
  20
765.624282
  0
VERTEX
  8
8
  10
3236.498952
  20
765.571041
  0
VERTEX
  8
8
  10
3236.588669
  20
765.525006
  0
VERTEX
  8
8
  10
3236.681914
  20
765.486315
  0
VERTEX
  8
8
  10
3236.777502
  20
765.455462
  0
VERTEX
  8
8
  10
3236.875946
  20
765.432308
  0
VERTEX
  8
8
  10
3236.975477
  20
765.417227
  0
VERTEX
  8
8
  10
3237.076417
  20
765.410152
  0
VERTEX
  8
8
  10
3237.177058
  20
765.411197
  0
VERTEX
  8
8
  10
3237.277703
  20
765.420381
  0
VERTEX
  8
8
  10
3237.376995
  20
765.437599
  0
VERTEX
  8
8
  10
3237.474900
  20
765.462851
  0
VERTEX
  8
8
  10
3237.569864
  20
765.495683
  0
VERTEX
  8
8
  10
3237.662380
  20
765.536283
  0
VERTEX
  8
8
  10
3237.751243
  20
765.584219
  0
VERTEX
  8
8
  10
3237.835515
  20
765.638944
  0
VERTEX
  8
8
  10
3237.915524
  20
765.700597
  0
VERTEX
  8
8
  10
3237.990085
  20
765.768200
  0
VERTEX
  8
8
  10
3238.059327
  20
765.841934
  0
VERTEX
  8
8
  10
3238.122136
  20
765.920792
  0
VERTEX
  8
8
  10
3238.178492
  20
766.004654
  0
VERTEX
  8
8
  10
3238.228500
  20
766.093796
  0
VERTEX
  8
8
  10
3238.270742
  20
766.185751
  0
VERTEX
  8
8
  10
3238.305258
  20
766.280461
  0
VERTEX
  8
8
  10
3238.332039
  20
766.377940
  0
VERTEX
  8
8
  10
3238.350714
  20
766.476598
  0
VERTEX
  8
8
  10
3238.361406
  20
766.577162
  0
VERTEX
  8
8
  10
3238.363850
  20
766.677642
  0
VERTEX
  8
8
  10
3238.358161
  20
766.778554
  0
VERTEX
  8
8
  10
3238.344244
  20
766.880125
  0
VERTEX
  8
8
  10
3238.322534
  20
766.978792
  0
VERTEX
  8
8
  10
3238.293028
  20
767.074840
  0
VERTEX
  8
8
  10
3238.255632
  20
767.168835
  0
VERTEX
  8
8
  10
3238.210435
  20
767.260614
  0
VERTEX
  8
8
  10
3238.160258
  20
767.344523
  0
VERTEX
  8
8
  10
3238.105654
  20
767.420277
  0
VERTEX
  8
8
  10
3237.997742
  20
767.543945
  0
SEQEND
  8
8
  0
POINT
  8
2
 10
3237.997742
 20
767.543945
  0
TEXT
  8
2
 10
3237.997742
 20
767.543945
 40
0.000000
 50
0.000000
  1
# 835
  0
POINT
  8
2
 10
3237.997742
 20
767.543945
  0
TEXT
  8
2
 10
3237.997742
 20
767.543945
 40
0.000000
 50
0.000000
  1
# 836
  0
POINT
  8
3
 10
3237.901633
 20
767.629652
  0
POINT
  8
3
 10
3237.821540
 20
767.690710
  0
POINT
  8
3
 10
3237.740271
 20
767.742119
  0
POINT
  8
3
 10
3237.650828
 20
767.788846
  0
POINT
  8
3
 10
3237.556277
 20
767.829038
  0
POINT
  8
3
 10
3237.460961
 20
767.860826
  0
POINT
  8
3
 10
3237.362742
 20
767.884998
  0
POINT
  8
3
 10
3237.263358
 20
767.901096
  0
POINT
  8
3
 10
3237.162484
 20
767.909146
  0
POINT
  8
3
 10
3237.061829
 20
767.909038
  0
POINT
  8
3
 10
3236.961098
 20
767.900788
  0
POINT
  8
3
 10
3236.861373
 20
767.884435
  0
POINT
  8
3
 10
3236.763522
 20
767.860144
  0
POINT
  8
3
 10
3236.667665
 20
767.827928
  0
POINT
  8
3
 10
3236.575332
 20
767.788304
  0
POINT
  8
3
 10
3236.485997
 20
767.741078
  0
POINT
  8
3
 10
3236.401198
 20
767.687074
  0
POINT
  8
3
 10
3236.320615
 20
767.626170
  0
POINT
  8
3
 10
3236.244365
 20
767.558298
  0
POINT
  8
3
 10
3236.174517
 20
767.485205
  0
POINT
  8
3
 10
3236.111064
 20
767.406895
  0
POINT
  8
3
 10
3236.054048
 20
767.323497
  0
POINT
  8
3
 10
3236.003347
 20
767.234760
  0
POINT
  8
3
 10
3235.960379
 20
767.143121
  0
POINT
  8
3
 10
3235.925110
 20
767.048628
  0
POINT
  8
3
 10
3235.897556
 20
766.951320
  0
POINT
  8
3
 10
3235.878093
 20
766.852857
  0
POINT
  8
3
 10
3235.866584
 20
766.752479
  0
POINT
  8
3
 10
3235.863323
 20
766.651783
  0
POINT
  8
3
 10
3235.868231
 20
766.550821
  0
POINT
  8
3
 10
3235.881326
 20
766.449366
  0
POINT
  8
3
 10
3235.902247
 20
766.350425
  0
POINT
  8
3
 10
3235.930963
 20
766.254096
  0
POINT
  8
3
 10
3235.967665
 20
766.159887
  0
POINT
  8
3
 10
3236.011722
 20
766.069200
  0
POINT
  8
3
 10
3236.063026
 20
765.982120
  0
POINT
  8
3
 10
3236.120757
 20
765.899962
  0
POINT
  8
3
 10
3236.185275
 20
765.822282
  0
POINT
  8
3
 10
3236.255650
 20
765.750316
  0
POINT
  8
3
 10
3236.332021
 20
765.683942
  0
POINT
  8
3
 10
3236.412998
 20
765.624282
  0
POINT
  8
3
 10
3236.498952
 20
765.571041
  0
POINT
  8
3
 10
3236.588669
 20
765.525006
  0
POINT
  8
3
 10
3236.681914
 20
765.486315
  0
POINT
  8
3
 10
3236.777502
 20
765.455462
  0
POINT
  8
3
 10
3236.875946
 20
765.432308
  0
POINT
  8
3
 10
3236.975477
 20
765.417227
  0
POINT
  8
3
 10
3237.076417
 20
765.410152
  0
POINT
  8
3
 10
3237.177058
 20
765.411197
  0
POINT
  8
3
 10
3237.277703
 20
765.420381
  0
POINT
  8
3
 10
3237.376995
 20
765.437599
  0
POINT
  8
3
 10
3237.474900
 20
765.462851
  0
POINT
  8
3
 10
3237.569864
 20
765.495683
  0
POINT
  8
3
 10
3237.662380
 20
765.536283
  0
POINT
  8
3
 10
3237.751243
 20
765.584219
  0
POINT
  8
3
 10
3237.835515
 20
765.638944
  0
POINT
  8
3
 10
3237.915524
 20
765.700597
  0
POINT
  8
3
 10
3237.990085
 20
765.768200
  0
POINT
  8
3
 10
3238.059327
 20
765.841934
  0
POINT
  8
3
 10
3238.122136
 20
765.920792
  0
POINT
  8
3
 10
3238.178492
 20
766.004654
  0
POINT
  8
3
 10
3238.228500
 20
766.093796
  0
POINT
  8
3
 10
3238.270742
 20
766.185751
  0
POINT
  8
3
 10
3238.305258
 20
766.280461
  0
POINT
  8
3
 10
3238.332039
 20
766.377940
  0
POINT
  8
3
 10
3238.350714
 20
766.476598
  0
POINT
  8
3
 10
3238.361406
 20
766.577162
  0
POINT
  8
3
 10
3238.363850
 20
766.677642
  0
POINT
  8
3
 10
3238.358161
 20
766.778554
  0
POINT
  8
3
 10
3238.344244
 20
766.880125
  0
POINT
  8
3
 10
3238.322534
 20
766.978792
  0
POINT
  8
3
 10
3238.293028
 20
767.074840
  0
POINT
  8
3
 10
3238.255632
 20
767.168835
  0
POINT
  8
3
 10
3238.210435
 20
767.260614
  0
POINT
  8
3
 10
3238.160258
 20
767.344523
  0
POINT
  8
3
 10
3238.105654
 20
767.420277
  0
POLYLINE
  8
8
  66
1
  70
0
  0
VERTEX
  8
8
  10
3236.863708
  20
766.659851
  0
VERTEX
  8
8
  10
3237.363586
  20
766.659851
  0
SEQEND
  8
8
  0
POINT
  8
2
 10
3236.863708
 20
766.659851
  0
TEXT
  8
2
 10
3236.863708
 20
766.659851
 40
0.000000
 50
0.000000
  1
# 837
  0
POINT
  8
2
 10
3237.363586
 20
766.659851
  0
TEXT
  8
2
 10
3237.363586
 20
766.659851
 40
0.000000
 50
0.000000
  1
# 838
  0
POLYLINE
  8
8
  66
1
  70
0
  0
VERTEX
  8
8
  10
3237.113953
  20
766.409607
  0
VERTEX
  8
8
  10
3237.113953
  20
766.909790
  0
SEQEND
  8
8
  0
POINT
  8
2
 10
3237.113953
 20
766.409607
  0
TEXT
  8
2
 10
3237.113953
 20
766.409607
 40
0.000000
 50
0.000000
  1
# 839
  0
POINT
  8
2
 10
3237.113953
 20
766.909790
  0
TEXT
  8
2
 10
3237.113953
 20
766.909790
 40
0.000000
 50
0.000000
  1
# 840
 0
LINE
 8
7
 10
3221.769714
 20
761.844482
 11
3267.648010
 21
761.844482
  0
TEXT
  8
1
 10
3244.919739
 20
764.925842
 40
10.000000
 50
0.000000
  1
Piece Name: 26SMC-WP186M展_后袋盖
  0
TEXT
  8
1
 10
3244.919739
 20
779.925842
 40
10.000000
 50
0.000000
  1
Size: 175/84
  0
TEXT
  8
1
 10
3244.919739
 20
794.925842
 40
10.000000
 50
0.000000
  1
Annotation: 
  0
TEXT
  8
1
 10
3244.919739
 20
809.925842
 40
10.000000
 50
0.000000
  1
Quantity: 1
  0
TEXT
  8
1
 10
3244.919739
 20
824.925842
 40
10.000000
 50
0.000000
  1
Material: 净
  0
TEXT
  8
1
 10
3244.919739
 20
824.925842
 40
10.000000
 50
0.000000
  1
Category: 33
0
ENDBLK
0
BLOCK
  8
1
  2
26SMC-WP186M展_后袋贴布
 70
0
 10
0.0
 20
0.0
  0
POLYLINE
  8
1
  66
1
  70
1
  0
VERTEX
  8
1
  10
3395.709290
  20
641.712402
  0
VERTEX
  8
1
  10
3395.709290
  20
808.712402
  0
VERTEX
  8
1
  10
3419.708801
  20
808.712402
  0
VERTEX
  8
1
  10
3419.708801
  20
641.712402
  0
SEQEND
  8
1
  0
POINT
  8
2
 10
3395.709290
 20
641.712402
  0
TEXT
  8
2
 10
3395.709290
 20
641.712402
 40
0.000000
 50
0.000000
  1
# 841
  0
POINT
  8
2
 10
3395.709290
 20
808.712402
  0
TEXT
  8
2
 10
3395.709290
 20
808.712402
 40
0.000000
 50
0.000000
  1
# 842
  0
POINT
  8
2
 10
3419.708801
 20
808.712402
  0
TEXT
  8
2
 10
3419.708801
 20
808.712402
 40
0.000000
 50
0.000000
  1
# 843
  0
POINT
  8
2
 10
3419.708801
 20
641.712402
  0
TEXT
  8
2
 10
3419.708801
 20
641.712402
 40
0.000000
 50
0.000000
  1
# 844
  0
POLYLINE
  8
14
  66
1
  70
1
  0
VERTEX
  8
14
  10
3396.709290
  20
642.712402
  0
VERTEX
  8
14
  10
3396.709290
  20
807.712402
  0
VERTEX
  8
14
  10
3418.708801
  20
807.712402
  0
VERTEX
  8
14
  10
3418.708801
  20
642.712402
  0
SEQEND
  8
14
  0
POINT
  8
2
 10
3396.709290
 20
642.712402
  0
TEXT
  8
2
 10
3396.709290
 20
642.712402
 40
0.000000
 50
0.000000
  1
# 845
  0
POINT
  8
2
 10
3396.709290
 20
807.712402
  0
TEXT
  8
2
 10
3396.709290
 20
807.712402
 40
0.000000
 50
0.000000
  1
# 846
  0
POINT
  8
2
 10
3418.708801
 20
807.712402
  0
TEXT
  8
2
 10
3418.708801
 20
807.712402
 40
0.000000
 50
0.000000
  1
# 847
  0
POINT
  8
2
 10
3418.708801
 20
642.712402
  0
TEXT
  8
2
 10
3418.708801
 20
642.712402
 40
0.000000
 50
0.000000
  1
# 848
 0
LINE
 8
7
 10
3402.757874
 20
736.518555
 11
3416.434021
 21
736.518555
  0
TEXT
  8
1
 10
3407.709045
 20
725.212402
 40
10.000000
 50
0.000000
  1
Piece Name: 26SMC-WP186M展_后袋贴布
  0
TEXT
  8
1
 10
3407.709045
 20
740.212402
 40
10.000000
 50
0.000000
  1
Size: 175/84
  0
TEXT
  8
1
 10
3407.709045
 20
755.212402
 40
10.000000
 50
0.000000
  1
Annotation: 
  0
TEXT
  8
1
 10
3407.709045
 20
770.212402
 40
10.000000
 50
0.000000
  1
Quantity: 1
  0
TEXT
  8
1
 10
3407.709045
 20
785.212402
 40
10.000000
 50
0.000000
  1
Material: 净
  0
TEXT
  8
1
 10
3407.709045
 20
785.212402
 40
10.000000
 50
0.000000
  1
Category: 34
0
ENDBLK
0
BLOCK
  8
1
  2
26SMC-WP186M展_手机袋
 70
0
 10
0.0
 20
0.0
  0
POLYLINE
  8
1
  66
1
  70
1
  0
VERTEX
  8
1
  10
3033.838846
  20
455.253837
  0
VERTEX
  8
1
  10
3047.721125
  20
546.055049
  0
VERTEX
  8
1
  10
3049.072281
  20
550.464613
  0
VERTEX
  8
1
  10
3050.977205
  20
555.249790
  0
VERTEX
  8
1
  10
3236.208496
  20
555.578537
  0
VERTEX
  8
1
  10
3236.208496
  20
455.577850
  0
SEQEND
  8
1
  0
POINT
  8
2
 10
3033.838846
 20
455.253837
  0
TEXT
  8
2
 10
3033.838846
 20
455.253837
 40
0.000000
 50
0.000000
  1
# 849
  0
POINT
  8
2
 10
3047.721125
 20
546.055049
  0
TEXT
  8
2
 10
3047.721125
 20
546.055049
 40
0.000000
 50
0.000000
  1
# 850
  0
POINT
  8
2
 10
3050.977205
 20
555.249790
  0
TEXT
  8
2
 10
3050.977205
 20
555.249790
 40
0.000000
 50
0.000000
  1
# 851
  0
POINT
  8
2
 10
3236.208496
 20
555.578537
  0
TEXT
  8
2
 10
3236.208496
 20
555.578537
 40
0.000000
 50
0.000000
  1
# 852
  0
POINT
  8
2
 10
3236.208496
 20
455.577850
  0
TEXT
  8
2
 10
3236.208496
 20
455.577850
 40
0.000000
 50
0.000000
  1
# 853
  0
POINT
  8
3
 10
3049.072281
 20
550.464613
  0
POLYLINE
  8
14
  66
1
  70
1
  0
VERTEX
  8
14
  10
3043.957520
  20
455.270042
  0
VERTEX
  8
14
  10
3057.496033
  20
543.822746
  0
VERTEX
  8
14
  10
3058.570900
  20
547.337915
  0
VERTEX
  8
14
  10
3061.721802
  20
555.268860
  0
VERTEX
  8
14
  10
3236.208496
  20
555.578537
  0
VERTEX
  8
14
  10
3236.208496
  20
455.577850
  0
SEQEND
  8
14
  0
POINT
  8
2
 10
3043.957520
 20
455.270042
  0
TEXT
  8
2
 10
3043.957520
 20
455.270042
 40
0.000000
 50
0.000000
  1
# 854
  0
POINT
  8
2
 10
3057.496033
 20
543.822746
  0
TEXT
  8
2
 10
3057.496033
 20
543.822746
 40
0.000000
 50
0.000000
  1
# 855
  0
POINT
  8
2
 10
3061.721802
 20
555.268860
  0
TEXT
  8
2
 10
3061.721802
 20
555.268860
 40
0.000000
 50
0.000000
  1
# 856
  0
POINT
  8
2
 10
3236.208496
 20
555.578537
  0
TEXT
  8
2
 10
3236.208496
 20
555.578537
 40
0.000000
 50
0.000000
  1
# 857
  0
POINT
  8
2
 10
3236.208496
 20
455.577850
  0
TEXT
  8
2
 10
3236.208496
 20
455.577850
 40
0.000000
 50
0.000000
  1
# 858
  0
POINT
  8
3
 10
3058.570900
 20
547.337915
 0
LINE
 8
7
 10
3108.829346
 20
480.766144
 11
3183.811646
 21
480.766144
  0
TEXT
  8
1
 10
3135.023671
 20
505.416187
 40
10.000000
 50
0.000000
  1
Piece Name: 26SMC-WP186M展_手机袋
  0
TEXT
  8
1
 10
3135.023671
 20
520.416187
 40
10.000000
 50
0.000000
  1
Size: 175/84
  0
TEXT
  8
1
 10
3135.023671
 20
535.416187
 40
10.000000
 50
0.000000
  1
Annotation: 
  0
TEXT
  8
1
 10
3135.023671
 20
550.416187
 40
10.000000
 50
0.000000
  1
Quantity: 1
  0
TEXT
  8
1
 10
3135.023671
 20
565.416187
 40
10.000000
 50
0.000000
  1
Material: 净
  0
TEXT
  8
1
 10
3135.023671
 20
565.416187
 40
10.000000
 50
0.000000
  1
Category: 35
0
ENDBLK
0
BLOCK
  8
1
  2
26SMC-WP186M展_腰
 70
0
 10
0.0
 20
0.0
  0
POLYLINE
  8
1
  66
1
  70
1
  0
VERTEX
  8
1
  10
4000.961914
  20
168.253326
  0
VERTEX
  8
1
  10
3957.961426
  20
168.253326
  0
VERTEX
  8
1
  10
3951.961670
  20
168.253326
  0
VERTEX
  8
1
  10
3740.162964
  20
168.253326
  0
VERTEX
  8
1
  10
3501.962891
  20
168.253326
  0
VERTEX
  8
1
  10
3263.762817
  20
168.253326
  0
VERTEX
  8
1
  10
3051.963501
  20
168.253326
  0
VERTEX
  8
1
  10
3051.963501
  20
216.253815
  0
VERTEX
  8
1
  10
3091.465518
  20
216.253815
  0
VERTEX
  8
1
  10
3143.173674
  20
216.253815
  0
VERTEX
  8
1
  10
3193.707837
  20
216.253815
  0
VERTEX
  8
1
  10
3243.952906
  20
216.253815
  0
VERTEX
  8
1
  10
3295.572144
  20
216.253815
  0
VERTEX
  8
1
  10
3346.847946
  20
216.253815
  0
VERTEX
  8
1
  10
3398.068298
  20
216.253815
  0
VERTEX
  8
1
  10
3449.442862
  20
216.253815
  0
VERTEX
  8
1
  10
3501.962891
  20
216.253815
  0
VERTEX
  8
1
  10
3556.509424
  20
216.253815
  0
VERTEX
  8
1
  10
3608.258189
  20
216.253815
  0
VERTEX
  8
1
  10
3660.161407
  20
216.253815
  0
VERTEX
  8
1
  10
3711.795310
  20
216.253815
  0
VERTEX
  8
1
  10
3762.208857
  20
216.253815
  0
VERTEX
  8
1
  10
3814.060966
  20
216.253815
  0
VERTEX
  8
1
  10
3864.199647
  20
216.253815
  0
VERTEX
  8
1
  10
3914.505470
  20
216.253815
  0
VERTEX
  8
1
  10
3957.961426
  20
216.253815
  0
VERTEX
  8
1
  10
4000.961914
  20
216.253815
  0
SEQEND
  8
1
  0
POINT
  8
2
 10
4000.961914
 20
168.253326
  0
TEXT
  8
2
 10
4000.961914
 20
168.253326
 40
0.000000
 50
0.000000
  1
# 859
  0
POINT
  8
2
 10
3957.961426
 20
168.253326
  0
TEXT
  8
2
 10
3957.961426
 20
168.253326
 40
0.000000
 50
0.000000
  1
# 860
  0
POINT
  8
2
 10
3951.961670
 20
168.253326
  0
TEXT
  8
2
 10
3951.961670
 20
168.253326
 40
0.000000
 50
0.000000
  1
# 861
  0
POINT
  8
2
 10
3740.162964
 20
168.253326
  0
TEXT
  8
2
 10
3740.162964
 20
168.253326
 40
0.000000
 50
0.000000
  1
# 862
  0
POINT
  8
2
 10
3501.962891
 20
168.253326
  0
TEXT
  8
2
 10
3501.962891
 20
168.253326
 40
0.000000
 50
0.000000
  1
# 863
  0
POINT
  8
2
 10
3263.762817
 20
168.253326
  0
TEXT
  8
2
 10
3263.762817
 20
168.253326
 40
0.000000
 50
0.000000
  1
# 864
  0
POINT
  8
2
 10
3051.963501
 20
168.253326
  0
TEXT
  8
2
 10
3051.963501
 20
168.253326
 40
0.000000
 50
0.000000
  1
# 865
  0
POINT
  8
2
 10
3051.963501
 20
216.253815
  0
TEXT
  8
2
 10
3051.963501
 20
216.253815
 40
0.000000
 50
0.000000
  1
# 866
  0
POINT
  8
2
 10
3501.962891
 20
216.253815
  0
TEXT
  8
2
 10
3501.962891
 20
216.253815
 40
0.000000
 50
0.000000
  1
# 867
  0
POINT
  8
2
 10
3957.961426
 20
216.253815
  0
TEXT
  8
2
 10
3957.961426
 20
216.253815
 40
0.000000
 50
0.000000
  1
# 868
  0
POINT
  8
2
 10
4000.961914
 20
216.253815
  0
TEXT
  8
2
 10
4000.961914
 20
216.253815
 40
0.000000
 50
0.000000
  1
# 869
  0
POINT
  8
3
 10
3091.465518
 20
216.253815
  0
POINT
  8
3
 10
3143.173674
 20
216.253815
  0
POINT
  8
3
 10
3193.707837
 20
216.253815
  0
POINT
  8
3
 10
3243.952906
 20
216.253815
  0
POINT
  8
3
 10
3295.572144
 20
216.253815
  0
POINT
  8
3
 10
3346.847946
 20
216.253815
  0
POINT
  8
3
 10
3398.068298
 20
216.253815
  0
POINT
  8
3
 10
3449.442862
 20
216.253815
  0
POINT
  8
3
 10
3556.509424
 20
216.253815
  0
POINT
  8
3
 10
3608.258189
 20
216.253815
  0
POINT
  8
3
 10
3660.161407
 20
216.253815
  0
POINT
  8
3
 10
3711.795310
 20
216.253815
  0
POINT
  8
3
 10
3762.208857
 20
216.253815
  0
POINT
  8
3
 10
3814.060966
 20
216.253815
  0
POINT
  8
3
 10
3864.199647
 20
216.253815
  0
POINT
  8
3
 10
3914.505470
 20
216.253815
  0
POLYLINE
  8
8
  66
1
  70
0
  0
VERTEX
  8
8
  10
3501.962891
  20
168.253326
  0
VERTEX
  8
8
  10
3501.962891
  20
216.253815
  0
SEQEND
  8
8
  0
POINT
  8
2
 10
3501.962891
 20
168.253326
  0
TEXT
  8
2
 10
3501.962891
 20
168.253326
 40
0.000000
 50
0.000000
  1
# 870
  0
POINT
  8
2
 10
3501.962891
 20
216.253815
  0
TEXT
  8
2
 10
3501.962891
 20
216.253815
 40
0.000000
 50
0.000000
  1
# 871
  0
POLYLINE
  8
8
  66
1
  70
0
  0
VERTEX
  8
8
  10
3740.162964
  20
216.253815
  0
VERTEX
  8
8
  10
3740.162964
  20
168.253326
  0
SEQEND
  8
8
  0
POINT
  8
2
 10
3740.162964
 20
216.253815
  0
TEXT
  8
2
 10
3740.162964
 20
216.253815
 40
0.000000
 50
0.000000
  1
# 872
  0
POINT
  8
2
 10
3740.162964
 20
168.253326
  0
TEXT
  8
2
 10
3740.162964
 20
168.253326
 40
0.000000
 50
0.000000
  1
# 873
  0
POLYLINE
  8
8
  66
1
  70
0
  0
VERTEX
  8
8
  10
3957.961426
  20
216.253815
  0
VERTEX
  8
8
  10
3957.961426
  20
168.253326
  0
SEQEND
  8
8
  0
POINT
  8
2
 10
3957.961426
 20
216.253815
  0
TEXT
  8
2
 10
3957.961426
 20
216.253815
 40
0.000000
 50
0.000000
  1
# 874
  0
POINT
  8
2
 10
3957.961426
 20
168.253326
  0
TEXT
  8
2
 10
3957.961426
 20
168.253326
 40
0.000000
 50
0.000000
  1
# 875
  0
POLYLINE
  8
8
  66
1
  70
0
  0
VERTEX
  8
8
  10
3951.961670
  20
216.253815
  0
VERTEX
  8
8
  10
3951.961670
  20
168.253326
  0
SEQEND
  8
8
  0
POINT
  8
2
 10
3951.961670
 20
216.253815
  0
TEXT
  8
2
 10
3951.961670
 20
216.253815
 40
0.000000
 50
0.000000
  1
# 876
  0
POINT
  8
2
 10
3951.961670
 20
168.253326
  0
TEXT
  8
2
 10
3951.961670
 20
168.253326
 40
0.000000
 50
0.000000
  1
# 877
  0
POLYLINE
  8
8
  66
1
  70
0
  0
VERTEX
  8
8
  10
3263.762817
  20
216.253815
  0
VERTEX
  8
8
  10
3263.762817
  20
168.253326
  0
SEQEND
  8
8
  0
POINT
  8
2
 10
3263.762817
 20
216.253815
  0
TEXT
  8
2
 10
3263.762817
 20
216.253815
 40
0.000000
 50
0.000000
  1
# 878
  0
POINT
  8
2
 10
3263.762817
 20
168.253326
  0
TEXT
  8
2
 10
3263.762817
 20
168.253326
 40
0.000000
 50
0.000000
  1
# 879
 0
LINE
 8
7
 10
3490.575562
 20
189.783611
 11
3699.429016
 21
189.783611
  0
TEXT
  8
1
 10
3526.462708
 20
192.253571
 40
10.000000
 50
0.000000
  1
Piece Name: 26SMC-WP186M展_腰
  0
TEXT
  8
1
 10
3526.462708
 20
207.253571
 40
10.000000
 50
0.000000
  1
Size: 175/84
  0
TEXT
  8
1
 10
3526.462708
 20
222.253571
 40
10.000000
 50
0.000000
  1
Annotation: 
  0
TEXT
  8
1
 10
3526.462708
 20
237.253571
 40
10.000000
 50
0.000000
  1
Quantity: 1
  0
TEXT
  8
1
 10
3526.462708
 20
252.253571
 40
10.000000
 50
0.000000
  1
Material: 净
  0
TEXT
  8
1
 10
3526.462708
 20
252.253571
 40
10.000000
 50
0.000000
  1
Category: 36
0
ENDBLK
0
BLOCK
  8
1
  2
26SMC-WP186M展_腿袋盖
 70
0
 10
0.0
 20
0.0
  0
POLYLINE
  8
1
  66
1
  70
1
  0
VERTEX
  8
1
  10
3610.204468
  20
430.843086
  0
VERTEX
  8
1
  10
3608.230065
  20
431.017637
  0
VERTEX
  8
1
  10
3604.236859
  20
432.010814
  0
VERTEX
  8
1
  10
3600.856359
  20
433.657265
  0
VERTEX
  8
1
  10
3598.173703
  20
435.842496
  0
VERTEX
  8
1
  10
3596.170893
  20
438.507862
  0
VERTEX
  8
1
  10
3594.791902
  20
441.726076
  0
VERTEX
  8
1
  10
3594.053955
  20
445.799141
  0
VERTEX
  8
1
  10
3581.354980
  20
610.887337
  0
VERTEX
  8
1
  10
3581.426725
  20
613.411555
  0
VERTEX
  8
1
  10
3582.203197
  20
617.158926
  0
VERTEX
  8
1
  10
3583.620607
  20
620.227262
  0
VERTEX
  8
1
  10
3585.582957
  20
622.598834
  0
VERTEX
  8
1
  10
3588.059242
  20
624.316199
  0
VERTEX
  8
1
  10
3591.130777
  20
625.414959
  0
VERTEX
  8
1
  10
3595.204468
  20
625.843086
  0
VERTEX
  8
1
  10
3650.204468
  20
625.843086
  0
VERTEX
  8
1
  10
3650.204468
  20
430.843086
  0
SEQEND
  8
1
  0
POINT
  8
2
 10
3610.204468
 20
430.843086
  0
TEXT
  8
2
 10
3610.204468
 20
430.843086
 40
0.000000
 50
0.000000
  1
# 880
  0
POINT
  8
2
 10
3594.053955
 20
445.799141
  0
TEXT
  8
2
 10
3594.053955
 20
445.799141
 40
0.000000
 50
0.000000
  1
# 881
  0
POINT
  8
2
 10
3581.354980
 20
610.887337
  0
TEXT
  8
2
 10
3581.354980
 20
610.887337
 40
0.000000
 50
0.000000
  1
# 882
  0
POINT
  8
2
 10
3595.204468
 20
625.843086
  0
TEXT
  8
2
 10
3595.204468
 20
625.843086
 40
0.000000
 50
0.000000
  1
# 883
  0
POINT
  8
2
 10
3650.204468
 20
625.843086
  0
TEXT
  8
2
 10
3650.204468
 20
625.843086
 40
0.000000
 50
0.000000
  1
# 884
  0
POINT
  8
2
 10
3650.204468
 20
430.843086
  0
TEXT
  8
2
 10
3650.204468
 20
430.843086
 40
0.000000
 50
0.000000
  1
# 885
  0
POINT
  8
3
 10
3608.230065
 20
431.017637
  0
POINT
  8
3
 10
3604.236859
 20
432.010814
  0
POINT
  8
3
 10
3600.856359
 20
433.657265
  0
POINT
  8
3
 10
3598.173703
 20
435.842496
  0
POINT
  8
3
 10
3596.170893
 20
438.507862
  0
POINT
  8
3
 10
3594.791902
 20
441.726076
  0
POINT
  8
3
 10
3581.426725
 20
613.411555
  0
POINT
  8
3
 10
3582.203197
 20
617.158926
  0
POINT
  8
3
 10
3583.620607
 20
620.227262
  0
POINT
  8
3
 10
3585.582957
 20
622.598834
  0
POINT
  8
3
 10
3588.059242
 20
624.316199
  0
POINT
  8
3
 10
3591.130777
 20
625.414959
  0
POLYLINE
  8
8
  66
1
  70
0
  0
VERTEX
  8
8
  10
3600.675659
  20
606.786079
  0
VERTEX
  8
8
  10
3600.579579
  20
606.871763
  0
VERTEX
  8
8
  10
3600.499509
  20
606.932807
  0
VERTEX
  8
8
  10
3600.418262
  20
606.984219
  0
VERTEX
  8
8
  10
3600.328702
  20
607.031061
  0
VERTEX
  8
8
  10
3600.234172
  20
607.071339
  0
VERTEX
  8
8
  10
3600.138871
  20
607.103166
  0
VERTEX
  8
8
  10
3600.040659
  20
607.127272
  0
VERTEX
  8
8
  10
3599.941275
  20
607.143278
  0
VERTEX
  8
8
  10
3599.840401
  20
607.151286
  0
VERTEX
  8
8
  10
3599.739746
  20
607.151172
  0
VERTEX
  8
8
  10
3599.639015
  20
607.142922
  0
VERTEX
  8
8
  10
3599.539290
  20
607.126569
  0
VERTEX
  8
8
  10
3599.441441
  20
607.102283
  0
VERTEX
  8
8
  10
3599.345591
  20
607.070110
  0
VERTEX
  8
8
  10
3599.253275
  20
607.030589
  0
VERTEX
  8
8
  10
3599.163963
  20
606.983482
  0
VERTEX
  8
8
  10
3599.079185
  20
606.929546
  0
VERTEX
  8
8
  10
3598.998620
  20
606.868642
  0
VERTEX
  8
8
  10
3598.923450
  20
606.801735
  0
VERTEX
  8
8
  10
3598.853521
  20
606.728643
  0
VERTEX
  8
8
  10
3598.789970
  20
606.650368
  0
VERTEX
  8
8
  10
3598.732846
  20
606.567035
  0
VERTEX
  8
8
  10
3598.682030
  20
606.478368
  0
VERTEX
  8
8
  10
3598.638941
  20
606.386815
  0
VERTEX
  8
8
  10
3598.603544
  20
606.292451
  0
VERTEX
  8
8
  10
3598.575861
  20
606.195260
  0
VERTEX
  8
8
  10
3598.556264
  20
606.096807
  0
VERTEX
  8
8
  10
3598.544573
  20
605.996353
  0
VERTEX
  8
8
  10
3598.541023
  20
605.895593
  0
VERTEX
  8
8
  10
3598.545627
  20
605.794623
  0
VERTEX
  8
8
  10
3598.558327
  20
605.694839
  0
VERTEX
  8
8
  10
3598.579176
  20
605.595913
  0
VERTEX
  8
8
  10
3598.607798
  20
605.499539
  0
VERTEX
  8
8
  10
3598.644317
  20
605.405219
  0
VERTEX
  8
8
  10
3598.688029
  20
605.314648
  0
VERTEX
  8
8
  10
3598.739105
  20
605.227405
  0
VERTEX
  8
8
  10
3598.796609
  20
605.145033
  0
VERTEX
  8
8
  10
3598.860892
  20
605.067107
  0
VERTEX
  8
8
  10
3598.930002
  20
604.995934
  0
VERTEX
  8
8
  10
3599.006083
  20
604.929361
  0
VERTEX
  8
8
  10
3599.086814
  20
604.869474
  0
VERTEX
  8
8
  10
3599.172567
  20
604.815920
  0
VERTEX
  8
8
  10
3599.262120
  20
604.769524
  0
VERTEX
  8
8
  10
3599.355229
  20
604.730448
  0
VERTEX
  8
8
  10
3599.450599
  20
604.699190
  0
VERTEX
  8
8
  10
3599.548962
  20
604.675534
  0
VERTEX
  8
8
  10
3599.648444
  20
604.659963
  0
VERTEX
  8
8
  10
3599.749367
  20
604.652449
  0
VERTEX
  8
8
  10
3599.850021
  20
604.653090
  0
VERTEX
  8
8
  10
3599.950695
  20
604.661875
  0
VERTEX
  8
8
  10
3600.049926
  20
604.678691
  0
VERTEX
  8
8
  10
3600.147733
  20
604.703557
  0
VERTEX
  8
8
  10
3600.243286
  20
604.736276
  0
VERTEX
  8
8
  10
3600.335491
  20
604.776379
  0
VERTEX
  8
8
  10
3600.424744
  20
604.824061
  0
VERTEX
  8
8
  10
3600.509449
  20
604.878570
  0
VERTEX
  8
8
  10
3600.589718
  20
604.939889
  0
VERTEX
  8
8
  10
3600.665608
  20
605.008158
  0
VERTEX
  8
8
  10
3600.735062
  20
605.081618
  0
VERTEX
  8
8
  10
3600.797102
  20
605.158932
  0
VERTEX
  8
8
  10
3600.853723
  20
605.242559
  0
VERTEX
  8
8
  10
3600.903147
  20
605.330025
  0
VERTEX
  8
8
  10
3600.945719
  20
605.421776
  0
VERTEX
  8
8
  10
3600.980783
  20
605.516362
  0
VERTEX
  8
8
  10
3601.008208
  20
605.613742
  0
VERTEX
  8
8
  10
3601.027121
  20
605.710617
  0
VERTEX
  8
8
  10
3601.038361
  20
605.811009
  0
VERTEX
  8
8
  10
3601.041498
  20
605.913368
  0
VERTEX
  8
8
  10
3601.036507
  20
606.014325
  0
VERTEX
  8
8
  10
3601.023563
  20
606.114136
  0
VERTEX
  8
8
  10
3601.002539
  20
606.213060
  0
VERTEX
  8
8
  10
3600.973686
  20
606.309299
  0
VERTEX
  8
8
  10
3600.936916
  20
606.403419
  0
VERTEX
  8
8
  10
3600.892321
  20
606.495401
  0
VERTEX
  8
8
  10
3600.842734
  20
606.579665
  0
VERTEX
  8
8
  10
3600.788448
  20
606.656157
  0
VERTEX
  8
8
  10
3600.675659
  20
606.786079
  0
SEQEND
  8
8
  0
POINT
  8
2
 10
3600.675659
 20
606.786079
  0
TEXT
  8
2
 10
3600.675659
 20
606.786079
 40
0.000000
 50
0.000000
  1
# 886
  0
POINT
  8
2
 10
3600.675659
 20
606.786079
  0
TEXT
  8
2
 10
3600.675659
 20
606.786079
 40
0.000000
 50
0.000000
  1
# 887
  0
POINT
  8
3
 10
3600.579579
 20
606.871763
  0
POINT
  8
3
 10
3600.499509
 20
606.932807
  0
POINT
  8
3
 10
3600.418262
 20
606.984219
  0
POINT
  8
3
 10
3600.328702
 20
607.031061
  0
POINT
  8
3
 10
3600.234172
 20
607.071339
  0
POINT
  8
3
 10
3600.138871
 20
607.103166
  0
POINT
  8
3
 10
3600.040659
 20
607.127272
  0
POINT
  8
3
 10
3599.941275
 20
607.143278
  0
POINT
  8
3
 10
3599.840401
 20
607.151286
  0
POINT
  8
3
 10
3599.739746
 20
607.151172
  0
POINT
  8
3
 10
3599.639015
 20
607.142922
  0
POINT
  8
3
 10
3599.539290
 20
607.126569
  0
POINT
  8
3
 10
3599.441441
 20
607.102283
  0
POINT
  8
3
 10
3599.345591
 20
607.070110
  0
POINT
  8
3
 10
3599.253275
 20
607.030589
  0
POINT
  8
3
 10
3599.163963
 20
606.983482
  0
POINT
  8
3
 10
3599.079185
 20
606.929546
  0
POINT
  8
3
 10
3598.998620
 20
606.868642
  0
POINT
  8
3
 10
3598.923450
 20
606.801735
  0
POINT
  8
3
 10
3598.853521
 20
606.728643
  0
POINT
  8
3
 10
3598.789970
 20
606.650368
  0
POINT
  8
3
 10
3598.732846
 20
606.567035
  0
POINT
  8
3
 10
3598.682030
 20
606.478368
  0
POINT
  8
3
 10
3598.638941
 20
606.386815
  0
POINT
  8
3
 10
3598.603544
 20
606.292451
  0
POINT
  8
3
 10
3598.575861
 20
606.195260
  0
POINT
  8
3
 10
3598.556264
 20
606.096807
  0
POINT
  8
3
 10
3598.544573
 20
605.996353
  0
POINT
  8
3
 10
3598.541023
 20
605.895593
  0
POINT
  8
3
 10
3598.545627
 20
605.794623
  0
POINT
  8
3
 10
3598.558327
 20
605.694839
  0
POINT
  8
3
 10
3598.579176
 20
605.595913
  0
POINT
  8
3
 10
3598.607798
 20
605.499539
  0
POINT
  8
3
 10
3598.644317
 20
605.405219
  0
POINT
  8
3
 10
3598.688029
 20
605.314648
  0
POINT
  8
3
 10
3598.739105
 20
605.227405
  0
POINT
  8
3
 10
3598.796609
 20
605.145033
  0
POINT
  8
3
 10
3598.860892
 20
605.067107
  0
POINT
  8
3
 10
3598.930002
 20
604.995934
  0
POINT
  8
3
 10
3599.006083
 20
604.929361
  0
POINT
  8
3
 10
3599.086814
 20
604.869474
  0
POINT
  8
3
 10
3599.172567
 20
604.815920
  0
POINT
  8
3
 10
3599.262120
 20
604.769524
  0
POINT
  8
3
 10
3599.355229
 20
604.730448
  0
POINT
  8
3
 10
3599.450599
 20
604.699190
  0
POINT
  8
3
 10
3599.548962
 20
604.675534
  0
POINT
  8
3
 10
3599.648444
 20
604.659963
  0
POINT
  8
3
 10
3599.749367
 20
604.652449
  0
POINT
  8
3
 10
3599.850021
 20
604.653090
  0
POINT
  8
3
 10
3599.950695
 20
604.661875
  0
POINT
  8
3
 10
3600.049926
 20
604.678691
  0
POINT
  8
3
 10
3600.147733
 20
604.703557
  0
POINT
  8
3
 10
3600.243286
 20
604.736276
  0
POINT
  8
3
 10
3600.335491
 20
604.776379
  0
POINT
  8
3
 10
3600.424744
 20
604.824061
  0
POINT
  8
3
 10
3600.509449
 20
604.878570
  0
POINT
  8
3
 10
3600.589718
 20
604.939889
  0
POINT
  8
3
 10
3600.665608
 20
605.008158
  0
POINT
  8
3
 10
3600.735062
 20
605.081618
  0
POINT
  8
3
 10
3600.797102
 20
605.158932
  0
POINT
  8
3
 10
3600.853723
 20
605.242559
  0
POINT
  8
3
 10
3600.903147
 20
605.330025
  0
POINT
  8
3
 10
3600.945719
 20
605.421776
  0
POINT
  8
3
 10
3600.980783
 20
605.516362
  0
POINT
  8
3
 10
3601.008208
 20
605.613742
  0
POINT
  8
3
 10
3601.027121
 20
605.710617
  0
POINT
  8
3
 10
3601.038361
 20
605.811009
  0
POINT
  8
3
 10
3601.041498
 20
605.913368
  0
POINT
  8
3
 10
3601.036507
 20
606.014325
  0
POINT
  8
3
 10
3601.023563
 20
606.114136
  0
POINT
  8
3
 10
3601.002539
 20
606.213060
  0
POINT
  8
3
 10
3600.973686
 20
606.309299
  0
POINT
  8
3
 10
3600.936916
 20
606.403419
  0
POINT
  8
3
 10
3600.892321
 20
606.495401
  0
POINT
  8
3
 10
3600.842734
 20
606.579665
  0
POINT
  8
3
 10
3600.788448
 20
606.656157
  0
POLYLINE
  8
8
  66
1
  70
0
  0
VERTEX
  8
8
  10
3599.541626
  20
605.901985
  0
VERTEX
  8
8
  10
3600.041504
  20
605.901985
  0
SEQEND
  8
8
  0
POINT
  8
2
 10
3599.541626
 20
605.901985
  0
TEXT
  8
2
 10
3599.541626
 20
605.901985
 40
0.000000
 50
0.000000
  1
# 888
  0
POINT
  8
2
 10
3600.041504
 20
605.901985
  0
TEXT
  8
2
 10
3600.041504
 20
605.901985
 40
0.000000
 50
0.000000
  1
# 889
  0
POLYLINE
  8
8
  66
1
  70
0
  0
VERTEX
  8
8
  10
3599.791870
  20
605.652046
  0
VERTEX
  8
8
  10
3599.791870
  20
606.151924
  0
SEQEND
  8
8
  0
POINT
  8
2
 10
3599.791870
 20
605.652046
  0
TEXT
  8
2
 10
3599.791870
 20
605.652046
 40
0.000000
 50
0.000000
  1
# 890
  0
POINT
  8
2
 10
3599.791870
 20
606.151924
  0
TEXT
  8
2
 10
3599.791870
 20
606.151924
 40
0.000000
 50
0.000000
  1
# 891
  0
POLYLINE
  8
8
  66
1
  70
0
  0
VERTEX
  8
8
  10
3612.607422
  20
451.668282
  0
VERTEX
  8
8
  10
3612.511265
  20
451.754032
  0
VERTEX
  8
8
  10
3612.431153
  20
451.815101
  0
VERTEX
  8
8
  10
3612.349886
  20
451.866508
  0
VERTEX
  8
8
  10
3612.260792
  20
451.913107
  0
VERTEX
  8
8
  10
3612.166275
  20
451.953405
  0
VERTEX
  8
8
  10
3612.070463
  20
451.985413
  0
VERTEX
  8
8
  10
3611.972313
  20
452.009500
  0
VERTEX
  8
8
  10
3611.873100
  20
452.025485
  0
VERTEX
  8
8
  10
3611.772373
  20
452.033491
  0
VERTEX
  8
8
  10
3611.671839
  20
452.033372
  0
VERTEX
  8
8
  10
3611.571157
  20
452.025104
  0
VERTEX
  8
8
  10
3611.471435
  20
452.008725
  0
VERTEX
  8
8
  10
3611.374195
  20
451.984593
  0
VERTEX
  8
8
  10
3611.278274
  20
451.952457
  0
VERTEX
  8
8
  10
3611.185273
  20
451.912745
  0
VERTEX
  8
8
  10
3611.095799
  20
451.865656
  0
VERTEX
  8
8
  10
3611.010919
  20
451.811708
  0
VERTEX
  8
8
  10
3610.930368
  20
451.750773
  0
VERTEX
  8
8
  10
3610.855352
  20
451.683836
  0
VERTEX
  8
8
  10
3610.785566
  20
451.610713
  0
VERTEX
  8
8
  10
3610.721218
  20
451.531414
  0
VERTEX
  8
8
  10
3610.664043
  20
451.447989
  0
VERTEX
  8
8
  10
3610.613979
  20
451.360422
  0
VERTEX
  8
8
  10
3610.571099
  20
451.268885
  0
VERTEX
  8
8
  10
3610.535929
  20
451.174778
  0
VERTEX
  8
8
  10
3610.508267
  20
451.077589
  0
VERTEX
  8
8
  10
3610.488633
  20
450.978975
  0
VERTEX
  8
8
  10
3610.476944
  20
450.878543
  0
VERTEX
  8
8
  10
3610.473395
  20
450.777807
  0
VERTEX
  8
8
  10
3610.477997
  20
450.676859
  0
VERTEX
  8
8
  10
3610.490690
  20
450.577092
  0
VERTEX
  8
8
  10
3610.511487
  20
450.478171
  0
VERTEX
  8
8
  10
3610.540519
  20
450.380073
  0
VERTEX
  8
8
  10
3610.576930
  20
450.285751
  0
VERTEX
  8
8
  10
3610.620607
  20
450.195236
  0
VERTEX
  8
8
  10
3610.671795
  20
450.108116
  0
VERTEX
  8
8
  10
3610.729706
  20
450.025666
  0
VERTEX
  8
8
  10
3610.794303
  20
449.947858
  0
VERTEX
  8
8
  10
3610.864346
  20
449.876066
  0
VERTEX
  8
8
  10
3610.940489
  20
449.809632
  0
VERTEX
  8
8
  10
3611.021633
  20
449.749642
  0
VERTEX
  8
8
  10
3611.107513
  20
449.696323
  0
VERTEX
  8
8
  10
3611.196825
  20
449.650413
  0
VERTEX
  8
8
  10
3611.290200
  20
449.611583
  0
VERTEX
  8
8
  10
3611.385779
  20
449.580546
  0
VERTEX
  8
8
  10
3611.483984
  20
449.557151
  0
VERTEX
  8
8
  10
3611.583798
  20
449.541769
  0
VERTEX
  8
8
  10
3611.684655
  20
449.534536
  0
VERTEX
  8
8
  10
3611.785334
  20
449.535457
  0
VERTEX
  8
8
  10
3611.886069
  20
449.544538
  0
VERTEX
  8
8
  10
3611.984843
  20
449.561539
  0
VERTEX
  8
8
  10
3612.082861
  20
449.586679
  0
VERTEX
  8
8
  10
3612.177908
  20
449.619433
  0
VERTEX
  8
8
  10
3612.270471
  20
449.659985
  0
VERTEX
  8
8
  10
3612.359444
  20
449.707831
  0
VERTEX
  8
8
  10
3612.444068
  20
449.762443
  0
VERTEX
  8
8
  10
3612.524278
  20
449.823876
  0
VERTEX
  8
8
  10
3612.599061
  20
449.891530
  0
VERTEX
  8
8
  10
3612.668261
  20
449.965168
  0
VERTEX
  8
8
  10
3612.731971
  20
450.044961
  0
VERTEX
  8
8
  10
3612.788476
  20
450.128835
  0
VERTEX
  8
8
  10
3612.837832
  20
450.216800
  0
VERTEX
  8
8
  10
3612.879982
  20
450.308672
  0
VERTEX
  8
8
  10
3612.914404
  20
450.403053
  0
VERTEX
  8
8
  10
3612.941294
  20
450.500460
  0
VERTEX
  8
8
  10
3612.960142
  20
450.599233
  0
VERTEX
  8
8
  10
3612.971032
  20
450.699753
  0
VERTEX
  8
8
  10
3612.973781
  20
450.800513
  0
VERTEX
  8
8
  10
3612.968375
  20
450.901445
  0
VERTEX
  8
8
  10
3612.954881
  20
451.001187
  0
VERTEX
  8
8
  10
3612.933255
  20
451.100005
  0
VERTEX
  8
8
  10
3612.903846
  20
451.196225
  0
VERTEX
  8
8
  10
3612.866005
  20
451.291700
  0
VERTEX
  8
8
  10
3612.820937
  20
451.383448
  0
VERTEX
  8
8
  10
3612.770883
  20
451.467417
  0
VERTEX
  8
8
  10
3612.716209
  20
451.543499
  0
VERTEX
  8
8
  10
3612.607422
  20
451.668282
  0
SEQEND
  8
8
  0
POINT
  8
2
 10
3612.607422
 20
451.668282
  0
TEXT
  8
2
 10
3612.607422
 20
451.668282
 40
0.000000
 50
0.000000
  1
# 892
  0
POINT
  8
2
 10
3612.607422
 20
451.668282
  0
TEXT
  8
2
 10
3612.607422
 20
451.668282
 40
0.000000
 50
0.000000
  1
# 893
  0
POINT
  8
3
 10
3612.511265
 20
451.754032
  0
POINT
  8
3
 10
3612.431153
 20
451.815101
  0
POINT
  8
3
 10
3612.349886
 20
451.866508
  0
POINT
  8
3
 10
3612.260792
 20
451.913107
  0
POINT
  8
3
 10
3612.166275
 20
451.953405
  0
POINT
  8
3
 10
3612.070463
 20
451.985413
  0
POINT
  8
3
 10
3611.972313
 20
452.009500
  0
POINT
  8
3
 10
3611.873100
 20
452.025485
  0
POINT
  8
3
 10
3611.772373
 20
452.033491
  0
POINT
  8
3
 10
3611.671839
 20
452.033372
  0
POINT
  8
3
 10
3611.571157
 20
452.025104
  0
POINT
  8
3
 10
3611.471435
 20
452.008725
  0
POINT
  8
3
 10
3611.374195
 20
451.984593
  0
POINT
  8
3
 10
3611.278274
 20
451.952457
  0
POINT
  8
3
 10
3611.185273
 20
451.912745
  0
POINT
  8
3
 10
3611.095799
 20
451.865656
  0
POINT
  8
3
 10
3611.010919
 20
451.811708
  0
POINT
  8
3
 10
3610.930368
 20
451.750773
  0
POINT
  8
3
 10
3610.855352
 20
451.683836
  0
POINT
  8
3
 10
3610.785566
 20
451.610713
  0
POINT
  8
3
 10
3610.721218
 20
451.531414
  0
POINT
  8
3
 10
3610.664043
 20
451.447989
  0
POINT
  8
3
 10
3610.613979
 20
451.360422
  0
POINT
  8
3
 10
3610.571099
 20
451.268885
  0
POINT
  8
3
 10
3610.535929
 20
451.174778
  0
POINT
  8
3
 10
3610.508267
 20
451.077589
  0
POINT
  8
3
 10
3610.488633
 20
450.978975
  0
POINT
  8
3
 10
3610.476944
 20
450.878543
  0
POINT
  8
3
 10
3610.473395
 20
450.777807
  0
POINT
  8
3
 10
3610.477997
 20
450.676859
  0
POINT
  8
3
 10
3610.490690
 20
450.577092
  0
POINT
  8
3
 10
3610.511487
 20
450.478171
  0
POINT
  8
3
 10
3610.540519
 20
450.380073
  0
POINT
  8
3
 10
3610.576930
 20
450.285751
  0
POINT
  8
3
 10
3610.620607
 20
450.195236
  0
POINT
  8
3
 10
3610.671795
 20
450.108116
  0
POINT
  8
3
 10
3610.729706
 20
450.025666
  0
POINT
  8
3
 10
3610.794303
 20
449.947858
  0
POINT
  8
3
 10
3610.864346
 20
449.876066
  0
POINT
  8
3
 10
3610.940489
 20
449.809632
  0
POINT
  8
3
 10
3611.021633
 20
449.749642
  0
POINT
  8
3
 10
3611.107513
 20
449.696323
  0
POINT
  8
3
 10
3611.196825
 20
449.650413
  0
POINT
  8
3
 10
3611.290200
 20
449.611583
  0
POINT
  8
3
 10
3611.385779
 20
449.580546
  0
POINT
  8
3
 10
3611.483984
 20
449.557151
  0
POINT
  8
3
 10
3611.583798
 20
449.541769
  0
POINT
  8
3
 10
3611.684655
 20
449.534536
  0
POINT
  8
3
 10
3611.785334
 20
449.535457
  0
POINT
  8
3
 10
3611.886069
 20
449.544538
  0
POINT
  8
3
 10
3611.984843
 20
449.561539
  0
POINT
  8
3
 10
3612.082861
 20
449.586679
  0
POINT
  8
3
 10
3612.177908
 20
449.619433
  0
POINT
  8
3
 10
3612.270471
 20
449.659985
  0
POINT
  8
3
 10
3612.359444
 20
449.707831
  0
POINT
  8
3
 10
3612.444068
 20
449.762443
  0
POINT
  8
3
 10
3612.524278
 20
449.823876
  0
POINT
  8
3
 10
3612.599061
 20
449.891530
  0
POINT
  8
3
 10
3612.668261
 20
449.965168
  0
POINT
  8
3
 10
3612.731971
 20
450.044961
  0
POINT
  8
3
 10
3612.788476
 20
450.128835
  0
POINT
  8
3
 10
3612.837832
 20
450.216800
  0
POINT
  8
3
 10
3612.879982
 20
450.308672
  0
POINT
  8
3
 10
3612.914404
 20
450.403053
  0
POINT
  8
3
 10
3612.941294
 20
450.500460
  0
POINT
  8
3
 10
3612.960142
 20
450.599233
  0
POINT
  8
3
 10
3612.971032
 20
450.699753
  0
POINT
  8
3
 10
3612.973781
 20
450.800513
  0
POINT
  8
3
 10
3612.968375
 20
450.901445
  0
POINT
  8
3
 10
3612.954881
 20
451.001187
  0
POINT
  8
3
 10
3612.933255
 20
451.100005
  0
POINT
  8
3
 10
3612.903846
 20
451.196225
  0
POINT
  8
3
 10
3612.866005
 20
451.291700
  0
POINT
  8
3
 10
3612.820937
 20
451.383448
  0
POINT
  8
3
 10
3612.770883
 20
451.467417
  0
POINT
  8
3
 10
3612.716209
 20
451.543499
  0
POLYLINE
  8
8
  66
1
  70
0
  0
VERTEX
  8
8
  10
3611.473389
  20
450.784187
  0
VERTEX
  8
8
  10
3611.973877
  20
450.784187
  0
SEQEND
  8
8
  0
POINT
  8
2
 10
3611.473389
 20
450.784187
  0
TEXT
  8
2
 10
3611.473389
 20
450.784187
 40
0.000000
 50
0.000000
  1
# 894
  0
POINT
  8
2
 10
3611.973877
 20
450.784187
  0
TEXT
  8
2
 10
3611.973877
 20
450.784187
 40
0.000000
 50
0.000000
  1
# 895
  0
POLYLINE
  8
8
  66
1
  70
0
  0
VERTEX
  8
8
  10
3611.723633
  20
450.534248
  0
VERTEX
  8
8
  10
3611.723633
  20
451.034126
  0
SEQEND
  8
8
  0
POINT
  8
2
 10
3611.723633
 20
450.534248
  0
TEXT
  8
2
 10
3611.723633
 20
450.534248
 40
0.000000
 50
0.000000
  1
# 896
  0
POINT
  8
2
 10
3611.723633
 20
451.034126
  0
TEXT
  8
2
 10
3611.723633
 20
451.034126
 40
0.000000
 50
0.000000
  1
# 897
 0
LINE
 8
7
 10
3597.069092
 20
531.209908
 11
3635.115967
 21
531.209908
  0
TEXT
  8
1
 10
3615.779724
 20
528.343086
 40
10.000000
 50
0.000000
  1
Piece Name: 26SMC-WP186M展_腿袋盖
  0
TEXT
  8
1
 10
3615.779724
 20
543.343086
 40
10.000000
 50
0.000000
  1
Size: 175/84
  0
TEXT
  8
1
 10
3615.779724
 20
558.343086
 40
10.000000
 50
0.000000
  1
Annotation: 
  0
TEXT
  8
1
 10
3615.779724
 20
573.343086
 40
10.000000
 50
0.000000
  1
Quantity: 1
  0
TEXT
  8
1
 10
3615.779724
 20
588.343086
 40
10.000000
 50
0.000000
  1
Material: 净
  0
TEXT
  8
1
 10
3615.779724
 20
588.343086
 40
10.000000
 50
0.000000
  1
Category: 37
0
ENDBLK
0
BLOCK
  8
1
  2
26SMC-WP186M展_腿袋贴布
 70
0
 10
0.0
 20
0.0
  0
POLYLINE
  8
1
  66
1
  70
1
  0
VERTEX
  8
1
  10
3722.152466
  20
354.173836
  0
VERTEX
  8
1
  10
3722.152466
  20
561.173836
  0
VERTEX
  8
1
  10
3746.152588
  20
561.173836
  0
VERTEX
  8
1
  10
3746.152588
  20
354.173836
  0
SEQEND
  8
1
  0
POINT
  8
2
 10
3722.152466
 20
354.173836
  0
TEXT
  8
2
 10
3722.152466
 20
354.173836
 40
0.000000
 50
0.000000
  1
# 898
  0
POINT
  8
2
 10
3722.152466
 20
561.173836
  0
TEXT
  8
2
 10
3722.152466
 20
561.173836
 40
0.000000
 50
0.000000
  1
# 899
  0
POINT
  8
2
 10
3746.152588
 20
561.173836
  0
TEXT
  8
2
 10
3746.152588
 20
561.173836
 40
0.000000
 50
0.000000
  1
# 900
  0
POINT
  8
2
 10
3746.152588
 20
354.173836
  0
TEXT
  8
2
 10
3746.152588
 20
354.173836
 40
0.000000
 50
0.000000
  1
# 901
  0
POLYLINE
  8
14
  66
1
  70
1
  0
VERTEX
  8
14
  10
3723.152466
  20
355.173836
  0
VERTEX
  8
14
  10
3723.152466
  20
560.173836
  0
VERTEX
  8
14
  10
3745.152588
  20
560.173836
  0
VERTEX
  8
14
  10
3745.152588
  20
355.173836
  0
SEQEND
  8
14
  0
POINT
  8
2
 10
3723.152466
 20
355.173836
  0
TEXT
  8
2
 10
3723.152466
 20
355.173836
 40
0.000000
 50
0.000000
  1
# 902
  0
POINT
  8
2
 10
3723.152466
 20
560.173836
  0
TEXT
  8
2
 10
3723.152466
 20
560.173836
 40
0.000000
 50
0.000000
  1
# 903
  0
POINT
  8
2
 10
3745.152588
 20
560.173836
  0
TEXT
  8
2
 10
3745.152588
 20
560.173836
 40
0.000000
 50
0.000000
  1
# 904
  0
POINT
  8
2
 10
3745.152588
 20
355.173836
  0
TEXT
  8
2
 10
3745.152588
 20
355.173836
 40
0.000000
 50
0.000000
  1
# 905
 0
LINE
 8
7
 10
3732.498169
 20
452.612801
 11
3742.933350
 21
452.612801
  0
TEXT
  8
1
 10
3734.152527
 20
457.673836
 40
10.000000
 50
0.000000
  1
Piece Name: 26SMC-WP186M展_腿袋贴布
  0
TEXT
  8
1
 10
3734.152527
 20
472.673836
 40
10.000000
 50
0.000000
  1
Size: 175/84
  0
TEXT
  8
1
 10
3734.152527
 20
487.673836
 40
10.000000
 50
0.000000
  1
Annotation: 
  0
TEXT
  8
1
 10
3734.152527
 20
502.673836
 40
10.000000
 50
0.000000
  1
Quantity: 1
  0
TEXT
  8
1
 10
3734.152527
 20
517.673836
 40
10.000000
 50
0.000000
  1
Material: 净
  0
TEXT
  8
1
 10
3734.152527
 20
517.673836
 40
10.000000
 50
0.000000
  1
Category: 38
0
ENDBLK
0
BLOCK
  8
1
  2
26SMC-WP186M展_腰
 70
0
 10
0.0
 20
0.0
  0
POLYLINE
  8
1
  66
1
  70
1
  0
VERTEX
  8
1
  10
4211.374817
  20
-902.318924
  0
VERTEX
  8
1
  10
4153.374329
  20
-902.318924
  0
VERTEX
  8
1
  10
4147.374573
  20
-902.318924
  0
VERTEX
  8
1
  10
3935.575867
  20
-902.318924
  0
VERTEX
  8
1
  10
3697.375793
  20
-902.318924
  0
VERTEX
  8
1
  10
3459.175720
  20
-902.318924
  0
VERTEX
  8
1
  10
3232.376404
  20
-902.318924
  0
VERTEX
  8
1
  10
3232.376404
  20
-838.318436
  0
VERTEX
  8
1
  10
3286.878421
  20
-838.318436
  0
VERTEX
  8
1
  10
3338.586577
  20
-838.318436
  0
VERTEX
  8
1
  10
3389.120739
  20
-838.318436
  0
VERTEX
  8
1
  10
3439.365809
  20
-838.318436
  0
VERTEX
  8
1
  10
3490.985047
  20
-838.318436
  0
VERTEX
  8
1
  10
3542.260849
  20
-838.318436
  0
VERTEX
  8
1
  10
3593.481201
  20
-838.318436
  0
VERTEX
  8
1
  10
3644.855765
  20
-838.318436
  0
VERTEX
  8
1
  10
3697.375793
  20
-838.318436
  0
VERTEX
  8
1
  10
3751.922327
  20
-838.318436
  0
VERTEX
  8
1
  10
3803.671092
  20
-838.318436
  0
VERTEX
  8
1
  10
3855.574310
  20
-838.318436
  0
VERTEX
  8
1
  10
3907.208213
  20
-838.318436
  0
VERTEX
  8
1
  10
3957.621759
  20
-838.318436
  0
VERTEX
  8
1
  10
4009.473869
  20
-838.318436
  0
VERTEX
  8
1
  10
4059.612550
  20
-838.318436
  0
VERTEX
  8
1
  10
4109.918372
  20
-838.318436
  0
VERTEX
  8
1
  10
4153.374329
  20
-838.318436
  0
VERTEX
  8
1
  10
4211.374817
  20
-838.318436
  0
SEQEND
  8
1
  0
POINT
  8
2
 10
4211.374817
 20
-902.318924
  0
TEXT
  8
2
 10
4211.374817
 20
-902.318924
 40
0.000000
 50
0.000000
  1
# 906
  0
POINT
  8
2
 10
4153.374329
 20
-902.318924
  0
TEXT
  8
2
 10
4153.374329
 20
-902.318924
 40
0.000000
 50
0.000000
  1
# 907
  0
POINT
  8
2
 10
4147.374573
 20
-902.318924
  0
TEXT
  8
2
 10
4147.374573
 20
-902.318924
 40
0.000000
 50
0.000000
  1
# 908
  0
POINT
  8
2
 10
3935.575867
 20
-902.318924
  0
TEXT
  8
2
 10
3935.575867
 20
-902.318924
 40
0.000000
 50
0.000000
  1
# 909
  0
POINT
  8
2
 10
3697.375793
 20
-902.318924
  0
TEXT
  8
2
 10
3697.375793
 20
-902.318924
 40
0.000000
 50
0.000000
  1
# 910
  0
POINT
  8
2
 10
3459.175720
 20
-902.318924
  0
TEXT
  8
2
 10
3459.175720
 20
-902.318924
 40
0.000000
 50
0.000000
  1
# 911
  0
POINT
  8
2
 10
3232.376404
 20
-902.318924
  0
TEXT
  8
2
 10
3232.376404
 20
-902.318924
 40
0.000000
 50
0.000000
  1
# 912
  0
POINT
  8
2
 10
3232.376404
 20
-838.318436
  0
TEXT
  8
2
 10
3232.376404
 20
-838.318436
 40
0.000000
 50
0.000000
  1
# 913
  0
POINT
  8
2
 10
3697.375793
 20
-838.318436
  0
TEXT
  8
2
 10
3697.375793
 20
-838.318436
 40
0.000000
 50
0.000000
  1
# 914
  0
POINT
  8
2
 10
4153.374329
 20
-838.318436
  0
TEXT
  8
2
 10
4153.374329
 20
-838.318436
 40
0.000000
 50
0.000000
  1
# 915
  0
POINT
  8
2
 10
4211.374817
 20
-838.318436
  0
TEXT
  8
2
 10
4211.374817
 20
-838.318436
 40
0.000000
 50
0.000000
  1
# 916
  0
POINT
  8
3
 10
3286.878421
 20
-838.318436
  0
POINT
  8
3
 10
3338.586577
 20
-838.318436
  0
POINT
  8
3
 10
3389.120739
 20
-838.318436
  0
POINT
  8
3
 10
3439.365809
 20
-838.318436
  0
POINT
  8
3
 10
3490.985047
 20
-838.318436
  0
POINT
  8
3
 10
3542.260849
 20
-838.318436
  0
POINT
  8
3
 10
3593.481201
 20
-838.318436
  0
POINT
  8
3
 10
3644.855765
 20
-838.318436
  0
POINT
  8
3
 10
3751.922327
 20
-838.318436
  0
POINT
  8
3
 10
3803.671092
 20
-838.318436
  0
POINT
  8
3
 10
3855.574310
 20
-838.318436
  0
POINT
  8
3
 10
3907.208213
 20
-838.318436
  0
POINT
  8
3
 10
3957.621759
 20
-838.318436
  0
POINT
  8
3
 10
4009.473869
 20
-838.318436
  0
POINT
  8
3
 10
4059.612550
 20
-838.318436
  0
POINT
  8
3
 10
4109.918372
 20
-838.318436
  0
POLYLINE
  8
14
  66
1
  70
1
  0
VERTEX
  8
14
  10
4196.374817
  20
-894.318924
  0
VERTEX
  8
14
  10
4153.374329
  20
-894.318924
  0
VERTEX
  8
14
  10
4147.374573
  20
-894.318924
  0
VERTEX
  8
14
  10
3935.575867
  20
-894.318924
  0
VERTEX
  8
14
  10
3697.375793
  20
-894.318924
  0
VERTEX
  8
14
  10
3459.175720
  20
-894.318924
  0
VERTEX
  8
14
  10
3247.376404
  20
-894.318924
  0
VERTEX
  8
14
  10
3247.376404
  20
-846.318436
  0
VERTEX
  8
14
  10
3286.878421
  20
-846.318436
  0
VERTEX
  8
14
  10
3338.586577
  20
-846.318436
  0
VERTEX
  8
14
  10
3389.120739
  20
-846.318436
  0
VERTEX
  8
14
  10
3439.365809
  20
-846.318436
  0
VERTEX
  8
14
  10
3490.985047
  20
-846.318436
  0
VERTEX
  8
14
  10
3542.260849
  20
-846.318436
  0
VERTEX
  8
14
  10
3593.481201
  20
-846.318436
  0
VERTEX
  8
14
  10
3644.855765
  20
-846.318436
  0
VERTEX
  8
14
  10
3697.375793
  20
-846.318436
  0
VERTEX
  8
14
  10
3751.922327
  20
-846.318436
  0
VERTEX
  8
14
  10
3803.671092
  20
-846.318436
  0
VERTEX
  8
14
  10
3855.574310
  20
-846.318436
  0
VERTEX
  8
14
  10
3907.208213
  20
-846.318436
  0
VERTEX
  8
14
  10
3957.621759
  20
-846.318436
  0
VERTEX
  8
14
  10
4009.473869
  20
-846.318436
  0
VERTEX
  8
14
  10
4059.612550
  20
-846.318436
  0
VERTEX
  8
14
  10
4109.918372
  20
-846.318436
  0
VERTEX
  8
14
  10
4153.374329
  20
-846.318436
  0
VERTEX
  8
14
  10
4196.374817
  20
-846.318436
  0
SEQEND
  8
14
  0
POINT
  8
2
 10
4196.374817
 20
-894.318924
  0
TEXT
  8
2
 10
4196.374817
 20
-894.318924
 40
0.000000
 50
0.000000
  1
# 917
  0
POINT
  8
2
 10
4153.374329
 20
-894.318924
  0
TEXT
  8
2
 10
4153.374329
 20
-894.318924
 40
0.000000
 50
0.000000
  1
# 918
  0
POINT
  8
2
 10
4147.374573
 20
-894.318924
  0
TEXT
  8
2
 10
4147.374573
 20
-894.318924
 40
0.000000
 50
0.000000
  1
# 919
  0
POINT
  8
2
 10
3935.575867
 20
-894.318924
  0
TEXT
  8
2
 10
3935.575867
 20
-894.318924
 40
0.000000
 50
0.000000
  1
# 920
  0
POINT
  8
2
 10
3697.375793
 20
-894.318924
  0
TEXT
  8
2
 10
3697.375793
 20
-894.318924
 40
0.000000
 50
0.000000
  1
# 921
  0
POINT
  8
2
 10
3459.175720
 20
-894.318924
  0
TEXT
  8
2
 10
3459.175720
 20
-894.318924
 40
0.000000
 50
0.000000
  1
# 922
  0
POINT
  8
2
 10
3247.376404
 20
-894.318924
  0
TEXT
  8
2
 10
3247.376404
 20
-894.318924
 40
0.000000
 50
0.000000
  1
# 923
  0
POINT
  8
2
 10
3247.376404
 20
-846.318436
  0
TEXT
  8
2
 10
3247.376404
 20
-846.318436
 40
0.000000
 50
0.000000
  1
# 924
  0
POINT
  8
2
 10
3697.375793
 20
-846.318436
  0
TEXT
  8
2
 10
3697.375793
 20
-846.318436
 40
0.000000
 50
0.000000
  1
# 925
  0
POINT
  8
2
 10
4153.374329
 20
-846.318436
  0
TEXT
  8
2
 10
4153.374329
 20
-846.318436
 40
0.000000
 50
0.000000
  1
# 926
  0
POINT
  8
2
 10
4196.374817
 20
-846.318436
  0
TEXT
  8
2
 10
4196.374817
 20
-846.318436
 40
0.000000
 50
0.000000
  1
# 927
  0
POINT
  8
3
 10
3286.878421
 20
-846.318436
  0
POINT
  8
3
 10
3338.586577
 20
-846.318436
  0
POINT
  8
3
 10
3389.120739
 20
-846.318436
  0
POINT
  8
3
 10
3439.365809
 20
-846.318436
  0
POINT
  8
3
 10
3490.985047
 20
-846.318436
  0
POINT
  8
3
 10
3542.260849
 20
-846.318436
  0
POINT
  8
3
 10
3593.481201
 20
-846.318436
  0
POINT
  8
3
 10
3644.855765
 20
-846.318436
  0
POINT
  8
3
 10
3751.922327
 20
-846.318436
  0
POINT
  8
3
 10
3803.671092
 20
-846.318436
  0
POINT
  8
3
 10
3855.574310
 20
-846.318436
  0
POINT
  8
3
 10
3907.208213
 20
-846.318436
  0
POINT
  8
3
 10
3957.621759
 20
-846.318436
  0
POINT
  8
3
 10
4009.473869
 20
-846.318436
  0
POINT
  8
3
 10
4059.612550
 20
-846.318436
  0
POINT
  8
3
 10
4109.918372
 20
-846.318436
  0
POLYLINE
  8
8
  66
1
  70
0
  0
VERTEX
  8
8
  10
3697.375793
  20
-894.318924
  0
VERTEX
  8
8
  10
3697.375793
  20
-846.318436
  0
SEQEND
  8
8
  0
POINT
  8
2
 10
3697.375793
 20
-894.318924
  0
TEXT
  8
2
 10
3697.375793
 20
-894.318924
 40
0.000000
 50
0.000000
  1
# 928
  0
POINT
  8
2
 10
3697.375793
 20
-846.318436
  0
TEXT
  8
2
 10
3697.375793
 20
-846.318436
 40
0.000000
 50
0.000000
  1
# 929
  0
POLYLINE
  8
8
  66
1
  70
0
  0
VERTEX
  8
8
  10
3935.575867
  20
-846.318436
  0
VERTEX
  8
8
  10
3935.575867
  20
-894.318924
  0
SEQEND
  8
8
  0
POINT
  8
2
 10
3935.575867
 20
-846.318436
  0
TEXT
  8
2
 10
3935.575867
 20
-846.318436
 40
0.000000
 50
0.000000
  1
# 930
  0
POINT
  8
2
 10
3935.575867
 20
-894.318924
  0
TEXT
  8
2
 10
3935.575867
 20
-894.318924
 40
0.000000
 50
0.000000
  1
# 931
  0
POLYLINE
  8
8
  66
1
  70
0
  0
VERTEX
  8
8
  10
4153.374329
  20
-846.318436
  0
VERTEX
  8
8
  10
4153.374329
  20
-894.318924
  0
SEQEND
  8
8
  0
POINT
  8
2
 10
4153.374329
 20
-846.318436
  0
TEXT
  8
2
 10
4153.374329
 20
-846.318436
 40
0.000000
 50
0.000000
  1
# 932
  0
POINT
  8
2
 10
4153.374329
 20
-894.318924
  0
TEXT
  8
2
 10
4153.374329
 20
-894.318924
 40
0.000000
 50
0.000000
  1
# 933
  0
POLYLINE
  8
8
  66
1
  70
0
  0
VERTEX
  8
8
  10
4147.374573
  20
-846.318436
  0
VERTEX
  8
8
  10
4147.374573
  20
-894.318924
  0
SEQEND
  8
8
  0
POINT
  8
2
 10
4147.374573
 20
-846.318436
  0
TEXT
  8
2
 10
4147.374573
 20
-846.318436
 40
0.000000
 50
0.000000
  1
# 934
  0
POINT
  8
2
 10
4147.374573
 20
-894.318924
  0
TEXT
  8
2
 10
4147.374573
 20
-894.318924
 40
0.000000
 50
0.000000
  1
# 935
  0
POLYLINE
  8
8
  66
1
  70
0
  0
VERTEX
  8
8
  10
3459.175720
  20
-846.318436
  0
VERTEX
  8
8
  10
3459.175720
  20
-894.318924
  0
SEQEND
  8
8
  0
POINT
  8
2
 10
3459.175720
 20
-846.318436
  0
TEXT
  8
2
 10
3459.175720
 20
-846.318436
 40
0.000000
 50
0.000000
  1
# 936
  0
POINT
  8
2
 10
3459.175720
 20
-894.318924
  0
TEXT
  8
2
 10
3459.175720
 20
-894.318924
 40
0.000000
 50
0.000000
  1
# 937
 0
LINE
 8
7
 10
3746.565552
 20
-884.239578
 11
3909.216309
 21
-884.239578
  0
TEXT
  8
1
 10
3721.875610
 20
-870.318680
 40
10.000000
 50
0.000000
  1
Piece Name: 26SMC-WP186M展_腰
  0
TEXT
  8
1
 10
3721.875610
 20
-855.318680
 40
10.000000
 50
0.000000
  1
Size: 175/84
  0
TEXT
  8
1
 10
3721.875610
 20
-840.318680
 40
10.000000
 50
0.000000
  1
Annotation: 
  0
TEXT
  8
1
 10
3721.875610
 20
-825.318680
 40
10.000000
 50
0.000000
  1
Quantity: 1,1
  0
TEXT
  8
1
 10
3721.875610
 20
-810.318680
 40
10.000000
 50
0.000000
  1
Material: 衬
  0
TEXT
  8
1
 10
3721.875610
 20
-810.318680
 40
10.000000
 50
0.000000
  1
Category: 39
0
ENDBLK
0
BLOCK
  8
1
  2
26SMC-WP186M展_腿袋盖
 70
0
 10
0.0
 20
0.0
  0
POLYLINE
  8
1
  66
1
  70
1
  0
VERTEX
  8
1
  10
3432.491403
  20
-670.055206
  0
VERTEX
  8
1
  10
3429.804324
  20
-669.807398
  0
VERTEX
  8
1
  10
3424.169612
  20
-668.410280
  0
VERTEX
  8
1
  10
3419.215311
  20
-665.990024
  0
VERTEX
  8
1
  10
3415.061764
  20
-662.600984
  0
VERTEX
  8
1
  10
3411.897578
  20
-658.391243
  0
VERTEX
  8
1
  10
3409.786135
  20
-653.479065
  0
VERTEX
  8
1
  10
3408.766244
  20
-648.158708
  0
VERTEX
  8
1
  10
3395.998646
  20
-482.178402
  0
VERTEX
  8
1
  10
3396.122909
  20
-478.670352
  0
VERTEX
  8
1
  10
3397.253069
  20
-473.255244
  0
VERTEX
  8
1
  10
3399.495147
  20
-468.424474
  0
VERTEX
  8
1
  10
3402.825570
  20
-464.407739
  0
VERTEX
  8
1
  10
3407.069073
  20
-461.460508
  0
VERTEX
  8
1
  10
3412.005028
  20
-459.683910
  0
VERTEX
  8
1
  10
3417.398636
  20
-459.055206
  0
VERTEX
  8
1
  10
3480.858887
  20
-459.055206
  0
VERTEX
  8
1
  10
3480.858887
  20
-670.055206
  0
SEQEND
  8
1
  0
POINT
  8
2
 10
3432.491403
 20
-670.055206
  0
TEXT
  8
2
 10
3432.491403
 20
-670.055206
 40
0.000000
 50
0.000000
  1
# 938
  0
POINT
  8
2
 10
3408.766244
 20
-648.158708
  0
TEXT
  8
2
 10
3408.766244
 20
-648.158708
 40
0.000000
 50
0.000000
  1
# 939
  0
POINT
  8
2
 10
3395.998646
 20
-482.178402
  0
TEXT
  8
2
 10
3395.998646
 20
-482.178402
 40
0.000000
 50
0.000000
  1
# 940
  0
POINT
  8
2
 10
3417.398636
 20
-459.055206
  0
TEXT
  8
2
 10
3417.398636
 20
-459.055206
 40
0.000000
 50
0.000000
  1
# 941
  0
POINT
  8
2
 10
3480.858887
 20
-459.055206
  0
TEXT
  8
2
 10
3480.858887
 20
-459.055206
 40
0.000000
 50
0.000000
  1
# 942
  0
POINT
  8
2
 10
3480.858887
 20
-670.055206
  0
TEXT
  8
2
 10
3480.858887
 20
-670.055206
 40
0.000000
 50
0.000000
  1
# 943
  0
POINT
  8
3
 10
3429.804324
 20
-669.807398
  0
POINT
  8
3
 10
3424.169612
 20
-668.410280
  0
POINT
  8
3
 10
3419.215311
 20
-665.990024
  0
POINT
  8
3
 10
3415.061764
 20
-662.600984
  0
POINT
  8
3
 10
3411.897578
 20
-658.391243
  0
POINT
  8
3
 10
3409.786135
 20
-653.479065
  0
POINT
  8
3
 10
3396.122909
 20
-478.670352
  0
POINT
  8
3
 10
3397.253069
 20
-473.255244
  0
POINT
  8
3
 10
3399.495147
 20
-468.424474
  0
POINT
  8
3
 10
3402.825570
 20
-464.407739
  0
POINT
  8
3
 10
3407.069073
 20
-461.460508
  0
POINT
  8
3
 10
3412.005028
 20
-459.683910
  0
POLYLINE
  8
14
  66
1
  70
1
  0
VERTEX
  8
14
  10
3432.858887
  20
-662.055206
  0
VERTEX
  8
14
  10
3430.884484
  20
-661.880655
  0
VERTEX
  8
14
  10
3426.891278
  20
-660.887479
  0
VERTEX
  8
14
  10
3423.510778
  20
-659.241027
  0
VERTEX
  8
14
  10
3420.828122
  20
-657.055796
  0
VERTEX
  8
14
  10
3418.825312
  20
-654.390430
  0
VERTEX
  8
14
  10
3417.446321
  20
-651.172217
  0
VERTEX
  8
14
  10
3416.708374
  20
-647.099152
  0
VERTEX
  8
14
  10
3404.009399
  20
-482.010956
  0
VERTEX
  8
14
  10
3404.081144
  20
-479.486737
  0
VERTEX
  8
14
  10
3404.857616
  20
-475.739367
  0
VERTEX
  8
14
  10
3406.275026
  20
-472.671031
  0
VERTEX
  8
14
  10
3408.237376
  20
-470.299459
  0
VERTEX
  8
14
  10
3410.713661
  20
-468.582093
  0
VERTEX
  8
14
  10
3413.785196
  20
-467.483334
  0
VERTEX
  8
14
  10
3417.858887
  20
-467.055206
  0
VERTEX
  8
14
  10
3472.858887
  20
-467.055206
  0
VERTEX
  8
14
  10
3472.858887
  20
-662.055206
  0
SEQEND
  8
14
  0
POINT
  8
2
 10
3432.858887
 20
-662.055206
  0
TEXT
  8
2
 10
3432.858887
 20
-662.055206
 40
0.000000
 50
0.000000
  1
# 944
  0
POINT
  8
2
 10
3416.708374
 20
-647.099152
  0
TEXT
  8
2
 10
3416.708374
 20
-647.099152
 40
0.000000
 50
0.000000
  1
# 945
  0
POINT
  8
2
 10
3404.009399
 20
-482.010956
  0
TEXT
  8
2
 10
3404.009399
 20
-482.010956
 40
0.000000
 50
0.000000
  1
# 946
  0
POINT
  8
2
 10
3417.858887
 20
-467.055206
  0
TEXT
  8
2
 10
3417.858887
 20
-467.055206
 40
0.000000
 50
0.000000
  1
# 947
  0
POINT
  8
2
 10
3472.858887
 20
-467.055206
  0
TEXT
  8
2
 10
3472.858887
 20
-467.055206
 40
0.000000
 50
0.000000
  1
# 948
  0
POINT
  8
2
 10
3472.858887
 20
-662.055206
  0
TEXT
  8
2
 10
3472.858887
 20
-662.055206
 40
0.000000
 50
0.000000
  1
# 949
  0
POINT
  8
3
 10
3430.884484
 20
-661.880655
  0
POINT
  8
3
 10
3426.891278
 20
-660.887479
  0
POINT
  8
3
 10
3423.510778
 20
-659.241027
  0
POINT
  8
3
 10
3420.828122
 20
-657.055796
  0
POINT
  8
3
 10
3418.825312
 20
-654.390430
  0
POINT
  8
3
 10
3417.446321
 20
-651.172217
  0
POINT
  8
3
 10
3404.081144
 20
-479.486737
  0
POINT
  8
3
 10
3404.857616
 20
-475.739367
  0
POINT
  8
3
 10
3406.275026
 20
-472.671031
  0
POINT
  8
3
 10
3408.237376
 20
-470.299459
  0
POINT
  8
3
 10
3410.713661
 20
-468.582093
  0
POINT
  8
3
 10
3413.785196
 20
-467.483334
  0
POLYLINE
  8
8
  66
1
  70
0
  0
VERTEX
  8
8
  10
3423.330078
  20
-486.112213
  0
VERTEX
  8
8
  10
3423.233998
  20
-486.026529
  0
VERTEX
  8
8
  10
3423.153928
  20
-485.965485
  0
VERTEX
  8
8
  10
3423.072681
  20
-485.914073
  0
VERTEX
  8
8
  10
3422.983121
  20
-485.867231
  0
VERTEX
  8
8
  10
3422.888591
  20
-485.826953
  0
VERTEX
  8
8
  10
3422.793290
  20
-485.795127
  0
VERTEX
  8
8
  10
3422.695078
  20
-485.771021
  0
VERTEX
  8
8
  10
3422.595694
  20
-485.755015
  0
VERTEX
  8
8
  10
3422.494820
  20
-485.747007
  0
VERTEX
  8
8
  10
3422.394165
  20
-485.747120
  0
VERTEX
  8
8
  10
3422.293434
  20
-485.755371
  0
VERTEX
  8
8
  10
3422.193709
  20
-485.771724
  0
VERTEX
  8
8
  10
3422.095860
  20
-485.796009
  0
VERTEX
  8
8
  10
3422.000010
  20
-485.828183
  0
VERTEX
  8
8
  10
3421.907694
  20
-485.867703
  0
VERTEX
  8
8
  10
3421.818382
  20
-485.914811
  0
VERTEX
  8
8
  10
3421.733604
  20
-485.968746
  0
VERTEX
  8
8
  10
3421.653039
  20
-486.029651
  0
VERTEX
  8
8
  10
3421.577869
  20
-486.096558
  0
VERTEX
  8
8
  10
3421.507940
  20
-486.169650
  0
VERTEX
  8
8
  10
3421.444389
  20
-486.247925
  0
VERTEX
  8
8
  10
3421.387265
  20
-486.331257
  0
VERTEX
  8
8
  10
3421.336449
  20
-486.419924
  0
VERTEX
  8
8
  10
3421.293360
  20
-486.511477
  0
VERTEX
  8
8
  10
3421.257963
  20
-486.605842
  0
VERTEX
  8
8
  10
3421.230280
  20
-486.703032
  0
VERTEX
  8
8
  10
3421.210683
  20
-486.801485
  0
VERTEX
  8
8
  10
3421.198992
  20
-486.901940
  0
VERTEX
  8
8
  10
3421.195442
  20
-487.002699
  0
VERTEX
  8
8
  10
3421.200045
  20
-487.103669
  0
VERTEX
  8
8
  10
3421.212746
  20
-487.203454
  0
VERTEX
  8
8
  10
3421.233595
  20
-487.302380
  0
VERTEX
  8
8
  10
3421.262217
  20
-487.398754
  0
VERTEX
  8
8
  10
3421.298736
  20
-487.493074
  0
VERTEX
  8
8
  10
3421.342448
  20
-487.583644
  0
VERTEX
  8
8
  10
3421.393524
  20
-487.670888
  0
VERTEX
  8
8
  10
3421.451028
  20
-487.753259
  0
VERTEX
  8
8
  10
3421.515311
  20
-487.831186
  0
VERTEX
  8
8
  10
3421.584421
  20
-487.902358
  0
VERTEX
  8
8
  10
3421.660502
  20
-487.968932
  0
VERTEX
  8
8
  10
3421.741233
  20
-488.028818
  0
VERTEX
  8
8
  10
3421.826986
  20
-488.082373
  0
VERTEX
  8
8
  10
3421.916539
  20
-488.128769
  0
VERTEX
  8
8
  10
3422.009648
  20
-488.167845
  0
VERTEX
  8
8
  10
3422.105018
  20
-488.199103
  0
VERTEX
  8
8
  10
3422.203381
  20
-488.222758
  0
VERTEX
  8
8
  10
3422.302863
  20
-488.238330
  0
VERTEX
  8
8
  10
3422.403786
  20
-488.245844
  0
VERTEX
  8
8
  10
3422.504440
  20
-488.245203
  0
VERTEX
  8
8
  10
3422.605114
  20
-488.236417
  0
VERTEX
  8
8
  10
3422.704345
  20
-488.219601
  0
VERTEX
  8
8
  10
3422.802152
  20
-488.194735
  0
VERTEX
  8
8
  10
3422.897705
  20
-488.162017
  0
VERTEX
  8
8
  10
3422.989910
  20
-488.121913
  0
VERTEX
  8
8
  10
3423.079163
  20
-488.074231
  0
VERTEX
  8
8
  10
3423.163867
  20
-488.019722
  0
VERTEX
  8
8
  10
3423.244137
  20
-487.958403
  0
VERTEX
  8
8
  10
3423.320027
  20
-487.890135
  0
VERTEX
  8
8
  10
3423.389481
  20
-487.816674
  0
VERTEX
  8
8
  10
3423.451521
  20
-487.739360
  0
VERTEX
  8
8
  10
3423.508142
  20
-487.655734
  0
VERTEX
  8
8
  10
3423.557566
  20
-487.568268
  0
VERTEX
  8
8
  10
3423.600138
  20
-487.476516
  0
VERTEX
  8
8
  10
3423.635202
  20
-487.381930
  0
VERTEX
  8
8
  10
3423.662627
  20
-487.284551
  0
VERTEX
  8
8
  10
3423.681540
  20
-487.187676
  0
VERTEX
  8
8
  10
3423.692780
  20
-487.087283
  0
VERTEX
  8
8
  10
3423.695917
  20
-486.984924
  0
VERTEX
  8
8
  10
3423.690926
  20
-486.883968
  0
VERTEX
  8
8
  10
3423.677982
  20
-486.784157
  0
VERTEX
  8
8
  10
3423.656958
  20
-486.685232
  0
VERTEX
  8
8
  10
3423.628105
  20
-486.588994
  0
VERTEX
  8
8
  10
3423.591335
  20
-486.494873
  0
VERTEX
  8
8
  10
3423.546740
  20
-486.402891
  0
VERTEX
  8
8
  10
3423.497153
  20
-486.318628
  0
VERTEX
  8
8
  10
3423.442867
  20
-486.242136
  0
VERTEX
  8
8
  10
3423.330078
  20
-486.112213
  0
SEQEND
  8
8
  0
POINT
  8
2
 10
3423.330078
 20
-486.112213
  0
TEXT
  8
2
 10
3423.330078
 20
-486.112213
 40
0.000000
 50
0.000000
  1
# 950
  0
POINT
  8
2
 10
3423.330078
 20
-486.112213
  0
TEXT
  8
2
 10
3423.330078
 20
-486.112213
 40
0.000000
 50
0.000000
  1
# 951
  0
POINT
  8
3
 10
3423.233998
 20
-486.026529
  0
POINT
  8
3
 10
3423.153928
 20
-485.965485
  0
POINT
  8
3
 10
3423.072681
 20
-485.914073
  0
POINT
  8
3
 10
3422.983121
 20
-485.867231
  0
POINT
  8
3
 10
3422.888591
 20
-485.826953
  0
POINT
  8
3
 10
3422.793290
 20
-485.795127
  0
POINT
  8
3
 10
3422.695078
 20
-485.771021
  0
POINT
  8
3
 10
3422.595694
 20
-485.755015
  0
POINT
  8
3
 10
3422.494820
 20
-485.747007
  0
POINT
  8
3
 10
3422.394165
 20
-485.747120
  0
POINT
  8
3
 10
3422.293434
 20
-485.755371
  0
POINT
  8
3
 10
3422.193709
 20
-485.771724
  0
POINT
  8
3
 10
3422.095860
 20
-485.796009
  0
POINT
  8
3
 10
3422.000010
 20
-485.828183
  0
POINT
  8
3
 10
3421.907694
 20
-485.867703
  0
POINT
  8
3
 10
3421.818382
 20
-485.914811
  0
POINT
  8
3
 10
3421.733604
 20
-485.968746
  0
POINT
  8
3
 10
3421.653039
 20
-486.029651
  0
POINT
  8
3
 10
3421.577869
 20
-486.096558
  0
POINT
  8
3
 10
3421.507940
 20
-486.169650
  0
POINT
  8
3
 10
3421.444389
 20
-486.247925
  0
POINT
  8
3
 10
3421.387265
 20
-486.331257
  0
POINT
  8
3
 10
3421.336449
 20
-486.419924
  0
POINT
  8
3
 10
3421.293360
 20
-486.511477
  0
POINT
  8
3
 10
3421.257963
 20
-486.605842
  0
POINT
  8
3
 10
3421.230280
 20
-486.703032
  0
POINT
  8
3
 10
3421.210683
 20
-486.801485
  0
POINT
  8
3
 10
3421.198992
 20
-486.901940
  0
POINT
  8
3
 10
3421.195442
 20
-487.002699
  0
POINT
  8
3
 10
3421.200045
 20
-487.103669
  0
POINT
  8
3
 10
3421.212746
 20
-487.203454
  0
POINT
  8
3
 10
3421.233595
 20
-487.302380
  0
POINT
  8
3
 10
3421.262217
 20
-487.398754
  0
POINT
  8
3
 10
3421.298736
 20
-487.493074
  0
POINT
  8
3
 10
3421.342448
 20
-487.583644
  0
POINT
  8
3
 10
3421.393524
 20
-487.670888
  0
POINT
  8
3
 10
3421.451028
 20
-487.753259
  0
POINT
  8
3
 10
3421.515311
 20
-487.831186
  0
POINT
  8
3
 10
3421.584421
 20
-487.902358
  0
POINT
  8
3
 10
3421.660502
 20
-487.968932
  0
POINT
  8
3
 10
3421.741233
 20
-488.028818
  0
POINT
  8
3
 10
3421.826986
 20
-488.082373
  0
POINT
  8
3
 10
3421.916539
 20
-488.128769
  0
POINT
  8
3
 10
3422.009648
 20
-488.167845
  0
POINT
  8
3
 10
3422.105018
 20
-488.199103
  0
POINT
  8
3
 10
3422.203381
 20
-488.222758
  0
POINT
  8
3
 10
3422.302863
 20
-488.238330
  0
POINT
  8
3
 10
3422.403786
 20
-488.245844
  0
POINT
  8
3
 10
3422.504440
 20
-488.245203
  0
POINT
  8
3
 10
3422.605114
 20
-488.236417
  0
POINT
  8
3
 10
3422.704345
 20
-488.219601
  0
POINT
  8
3
 10
3422.802152
 20
-488.194735
  0
POINT
  8
3
 10
3422.897705
 20
-488.162017
  0
POINT
  8
3
 10
3422.989910
 20
-488.121913
  0
POINT
  8
3
 10
3423.079163
 20
-488.074231
  0
POINT
  8
3
 10
3423.163867
 20
-488.019722
  0
POINT
  8
3
 10
3423.244137
 20
-487.958403
  0
POINT
  8
3
 10
3423.320027
 20
-487.890135
  0
POINT
  8
3
 10
3423.389481
 20
-487.816674
  0
POINT
  8
3
 10
3423.451521
 20
-487.739360
  0
POINT
  8
3
 10
3423.508142
 20
-487.655734
  0
POINT
  8
3
 10
3423.557566
 20
-487.568268
  0
POINT
  8
3
 10
3423.600138
 20
-487.476516
  0
POINT
  8
3
 10
3423.635202
 20
-487.381930
  0
POINT
  8
3
 10
3423.662627
 20
-487.284551
  0
POINT
  8
3
 10
3423.681540
 20
-487.187676
  0
POINT
  8
3
 10
3423.692780
 20
-487.087283
  0
POINT
  8
3
 10
3423.695917
 20
-486.984924
  0
POINT
  8
3
 10
3423.690926
 20
-486.883968
  0
POINT
  8
3
 10
3423.677982
 20
-486.784157
  0
POINT
  8
3
 10
3423.656958
 20
-486.685232
  0
POINT
  8
3
 10
3423.628105
 20
-486.588994
  0
POINT
  8
3
 10
3423.591335
 20
-486.494873
  0
POINT
  8
3
 10
3423.546740
 20
-486.402891
  0
POINT
  8
3
 10
3423.497153
 20
-486.318628
  0
POINT
  8
3
 10
3423.442867
 20
-486.242136
  0
POLYLINE
  8
8
  66
1
  70
0
  0
VERTEX
  8
8
  10
3422.196045
  20
-486.996307
  0
VERTEX
  8
8
  10
3422.695923
  20
-486.996307
  0
SEQEND
  8
8
  0
POINT
  8
2
 10
3422.196045
 20
-486.996307
  0
TEXT
  8
2
 10
3422.196045
 20
-486.996307
 40
0.000000
 50
0.000000
  1
# 952
  0
POINT
  8
2
 10
3422.695923
 20
-486.996307
  0
TEXT
  8
2
 10
3422.695923
 20
-486.996307
 40
0.000000
 50
0.000000
  1
# 953
  0
POLYLINE
  8
8
  66
1
  70
0
  0
VERTEX
  8
8
  10
3422.446289
  20
-487.246246
  0
VERTEX
  8
8
  10
3422.446289
  20
-486.746368
  0
SEQEND
  8
8
  0
POINT
  8
2
 10
3422.446289
 20
-487.246246
  0
TEXT
  8
2
 10
3422.446289
 20
-487.246246
 40
0.000000
 50
0.000000
  1
# 954
  0
POINT
  8
2
 10
3422.446289
 20
-486.746368
  0
TEXT
  8
2
 10
3422.446289
 20
-486.746368
 40
0.000000
 50
0.000000
  1
# 955
  0
POLYLINE
  8
8
  66
1
  70
0
  0
VERTEX
  8
8
  10
3435.261841
  20
-641.230011
  0
VERTEX
  8
8
  10
3435.165684
  20
-641.144260
  0
VERTEX
  8
8
  10
3435.085572
  20
-641.083191
  0
VERTEX
  8
8
  10
3435.004305
  20
-641.031785
  0
VERTEX
  8
8
  10
3434.915210
  20
-640.985185
  0
VERTEX
  8
8
  10
3434.820694
  20
-640.944888
  0
VERTEX
  8
8
  10
3434.724881
  20
-640.912880
  0
VERTEX
  8
8
  10
3434.626732
  20
-640.888793
  0
VERTEX
  8
8
  10
3434.527519
  20
-640.872807
  0
VERTEX
  8
8
  10
3434.426792
  20
-640.864801
  0
VERTEX
  8
8
  10
3434.326258
  20
-640.864920
  0
VERTEX
  8
8
  10
3434.225576
  20
-640.873188
  0
VERTEX
  8
8
  10
3434.125854
  20
-640.889568
  0
VERTEX
  8
8
  10
3434.028614
  20
-640.913700
  0
VERTEX
  8
8
  10
3433.932693
  20
-640.945835
  0
VERTEX
  8
8
  10
3433.839692
  20
-640.985547
  0
VERTEX
  8
8
  10
3433.750218
  20
-641.032637
  0
VERTEX
  8
8
  10
3433.665338
  20
-641.086584
  0
VERTEX
  8
8
  10
3433.584787
  20
-641.147519
  0
VERTEX
  8
8
  10
3433.509770
  20
-641.214457
  0
VERTEX
  8
8
  10
3433.439985
  20
-641.287579
  0
VERTEX
  8
8
  10
3433.375637
  20
-641.366879
  0
VERTEX
  8
8
  10
3433.318461
  20
-641.450303
  0
VERTEX
  8
8
  10
3433.268398
  20
-641.537871
  0
VERTEX
  8
8
  10
3433.225517
  20
-641.629407
  0
VERTEX
  8
8
  10
3433.190348
  20
-641.723514
  0
VERTEX
  8
8
  10
3433.162686
  20
-641.820704
  0
VERTEX
  8
8
  10
3433.143052
  20
-641.919318
  0
VERTEX
  8
8
  10
3433.131363
  20
-642.019749
  0
VERTEX
  8
8
  10
3433.127814
  20
-642.120486
  0
VERTEX
  8
8
  10
3433.132416
  20
-642.221434
  0
VERTEX
  8
8
  10
3433.145109
  20
-642.321200
  0
VERTEX
  8
8
  10
3433.165906
  20
-642.420121
  0
VERTEX
  8
8
  10
3433.194938
  20
-642.518220
  0
VERTEX
  8
8
  10
3433.231349
  20
-642.612542
  0
VERTEX
  8
8
  10
3433.275026
  20
-642.703057
  0
VERTEX
  8
8
  10
3433.326214
  20
-642.790177
  0
VERTEX
  8
8
  10
3433.384125
  20
-642.872627
  0
VERTEX
  8
8
  10
3433.448722
  20
-642.950434
  0
VERTEX
  8
8
  10
3433.518765
  20
-643.022226
  0
VERTEX
  8
8
  10
3433.594908
  20
-643.088661
  0
VERTEX
  8
8
  10
3433.676052
  20
-643.148651
  0
VERTEX
  8
8
  10
3433.761932
  20
-643.201970
  0
VERTEX
  8
8
  10
3433.851244
  20
-643.247879
  0
VERTEX
  8
8
  10
3433.944619
  20
-643.286709
  0
VERTEX
  8
8
  10
3434.040198
  20
-643.317746
  0
VERTEX
  8
8
  10
3434.138403
  20
-643.341141
  0
VERTEX
  8
8
  10
3434.238217
  20
-643.356523
  0
VERTEX
  8
8
  10
3434.339074
  20
-643.363757
  0
VERTEX
  8
8
  10
3434.439753
  20
-643.362835
  0
VERTEX
  8
8
  10
3434.540488
  20
-643.353754
  0
VERTEX
  8
8
  10
3434.639262
  20
-643.336754
  0
VERTEX
  8
8
  10
3434.737280
  20
-643.311614
  0
VERTEX
  8
8
  10
3434.832327
  20
-643.278859
  0
VERTEX
  8
8
  10
3434.924890
  20
-643.238307
  0
VERTEX
  8
8
  10
3435.013863
  20
-643.190461
  0
VERTEX
  8
8
  10
3435.098487
  20
-643.135849
  0
VERTEX
  8
8
  10
3435.178696
  20
-643.074417
  0
VERTEX
  8
8
  10
3435.253480
  20
-643.006762
  0
VERTEX
  8
8
  10
3435.322680
  20
-642.933125
  0
VERTEX
  8
8
  10
3435.386390
  20
-642.853331
  0
VERTEX
  8
8
  10
3435.442895
  20
-642.769457
  0
VERTEX
  8
8
  10
3435.492251
  20
-642.681493
  0
VERTEX
  8
8
  10
3435.534401
  20
-642.589620
  0
VERTEX
  8
8
  10
3435.568823
  20
-642.495240
  0
VERTEX
  8
8
  10
3435.595712
  20
-642.397832
  0
VERTEX
  8
8
  10
3435.614561
  20
-642.299060
  0
VERTEX
  8
8
  10
3435.625451
  20
-642.198539
  0
VERTEX
  8
8
  10
3435.628200
  20
-642.097780
  0
VERTEX
  8
8
  10
3435.622793
  20
-641.996848
  0
VERTEX
  8
8
  10
3435.609300
  20
-641.897105
  0
VERTEX
  8
8
  10
3435.587674
  20
-641.798288
  0
VERTEX
  8
8
  10
3435.558265
  20
-641.702068
  0
VERTEX
  8
8
  10
3435.520424
  20
-641.606592
  0
VERTEX
  8
8
  10
3435.475356
  20
-641.514845
  0
VERTEX
  8
8
  10
3435.425302
  20
-641.430876
  0
VERTEX
  8
8
  10
3435.370628
  20
-641.354794
  0
VERTEX
  8
8
  10
3435.261841
  20
-641.230011
  0
SEQEND
  8
8
  0
POINT
  8
2
 10
3435.261841
 20
-641.230011
  0
TEXT
  8
2
 10
3435.261841
 20
-641.230011
 40
0.000000
 50
0.000000
  1
# 956
  0
POINT
  8
2
 10
3435.261841
 20
-641.230011
  0
TEXT
  8
2
 10
3435.261841
 20
-641.230011
 40
0.000000
 50
0.000000
  1
# 957
  0
POINT
  8
3
 10
3435.165684
 20
-641.144260
  0
POINT
  8
3
 10
3435.085572
 20
-641.083191
  0
POINT
  8
3
 10
3435.004305
 20
-641.031785
  0
POINT
  8
3
 10
3434.915210
 20
-640.985185
  0
POINT
  8
3
 10
3434.820694
 20
-640.944888
  0
POINT
  8
3
 10
3434.724881
 20
-640.912880
  0
POINT
  8
3
 10
3434.626732
 20
-640.888793
  0
POINT
  8
3
 10
3434.527519
 20
-640.872807
  0
POINT
  8
3
 10
3434.426792
 20
-640.864801
  0
POINT
  8
3
 10
3434.326258
 20
-640.864920
  0
POINT
  8
3
 10
3434.225576
 20
-640.873188
  0
POINT
  8
3
 10
3434.125854
 20
-640.889568
  0
POINT
  8
3
 10
3434.028614
 20
-640.913700
  0
POINT
  8
3
 10
3433.932693
 20
-640.945835
  0
POINT
  8
3
 10
3433.839692
 20
-640.985547
  0
POINT
  8
3
 10
3433.750218
 20
-641.032637
  0
POINT
  8
3
 10
3433.665338
 20
-641.086584
  0
POINT
  8
3
 10
3433.584787
 20
-641.147519
  0
POINT
  8
3
 10
3433.509770
 20
-641.214457
  0
POINT
  8
3
 10
3433.439985
 20
-641.287579
  0
POINT
  8
3
 10
3433.375637
 20
-641.366879
  0
POINT
  8
3
 10
3433.318461
 20
-641.450303
  0
POINT
  8
3
 10
3433.268398
 20
-641.537871
  0
POINT
  8
3
 10
3433.225517
 20
-641.629407
  0
POINT
  8
3
 10
3433.190348
 20
-641.723514
  0
POINT
  8
3
 10
3433.162686
 20
-641.820704
  0
POINT
  8
3
 10
3433.143052
 20
-641.919318
  0
POINT
  8
3
 10
3433.131363
 20
-642.019749
  0
POINT
  8
3
 10
3433.127814
 20
-642.120486
  0
POINT
  8
3
 10
3433.132416
 20
-642.221434
  0
POINT
  8
3
 10
3433.145109
 20
-642.321200
  0
POINT
  8
3
 10
3433.165906
 20
-642.420121
  0
POINT
  8
3
 10
3433.194938
 20
-642.518220
  0
POINT
  8
3
 10
3433.231349
 20
-642.612542
  0
POINT
  8
3
 10
3433.275026
 20
-642.703057
  0
POINT
  8
3
 10
3433.326214
 20
-642.790177
  0
POINT
  8
3
 10
3433.384125
 20
-642.872627
  0
POINT
  8
3
 10
3433.448722
 20
-642.950434
  0
POINT
  8
3
 10
3433.518765
 20
-643.022226
  0
POINT
  8
3
 10
3433.594908
 20
-643.088661
  0
POINT
  8
3
 10
3433.676052
 20
-643.148651
  0
POINT
  8
3
 10
3433.761932
 20
-643.201970
  0
POINT
  8
3
 10
3433.851244
 20
-643.247879
  0
POINT
  8
3
 10
3433.944619
 20
-643.286709
  0
POINT
  8
3
 10
3434.040198
 20
-643.317746
  0
POINT
  8
3
 10
3434.138403
 20
-643.341141
  0
POINT
  8
3
 10
3434.238217
 20
-643.356523
  0
POINT
  8
3
 10
3434.339074
 20
-643.363757
  0
POINT
  8
3
 10
3434.439753
 20
-643.362835
  0
POINT
  8
3
 10
3434.540488
 20
-643.353754
  0
POINT
  8
3
 10
3434.639262
 20
-643.336754
  0
POINT
  8
3
 10
3434.737280
 20
-643.311614
  0
POINT
  8
3
 10
3434.832327
 20
-643.278859
  0
POINT
  8
3
 10
3434.924890
 20
-643.238307
  0
POINT
  8
3
 10
3435.013863
 20
-643.190461
  0
POINT
  8
3
 10
3435.098487
 20
-643.135849
  0
POINT
  8
3
 10
3435.178696
 20
-643.074417
  0
POINT
  8
3
 10
3435.253480
 20
-643.006762
  0
POINT
  8
3
 10
3435.322680
 20
-642.933125
  0
POINT
  8
3
 10
3435.386390
 20
-642.853331
  0
POINT
  8
3
 10
3435.442895
 20
-642.769457
  0
POINT
  8
3
 10
3435.492251
 20
-642.681493
  0
POINT
  8
3
 10
3435.534401
 20
-642.589620
  0
POINT
  8
3
 10
3435.568823
 20
-642.495240
  0
POINT
  8
3
 10
3435.595712
 20
-642.397832
  0
POINT
  8
3
 10
3435.614561
 20
-642.299060
  0
POINT
  8
3
 10
3435.625451
 20
-642.198539
  0
POINT
  8
3
 10
3435.628200
 20
-642.097780
  0
POINT
  8
3
 10
3435.622793
 20
-641.996848
  0
POINT
  8
3
 10
3435.609300
 20
-641.897105
  0
POINT
  8
3
 10
3435.587674
 20
-641.798288
  0
POINT
  8
3
 10
3435.558265
 20
-641.702068
  0
POINT
  8
3
 10
3435.520424
 20
-641.606592
  0
POINT
  8
3
 10
3435.475356
 20
-641.514845
  0
POINT
  8
3
 10
3435.425302
 20
-641.430876
  0
POINT
  8
3
 10
3435.370628
 20
-641.354794
  0
POLYLINE
  8
8
  66
1
  70
0
  0
VERTEX
  8
8
  10
3434.127808
  20
-642.114105
  0
VERTEX
  8
8
  10
3434.628296
  20
-642.114105
  0
SEQEND
  8
8
  0
POINT
  8
2
 10
3434.127808
 20
-642.114105
  0
TEXT
  8
2
 10
3434.127808
 20
-642.114105
 40
0.000000
 50
0.000000
  1
# 958
  0
POINT
  8
2
 10
3434.628296
 20
-642.114105
  0
TEXT
  8
2
 10
3434.628296
 20
-642.114105
 40
0.000000
 50
0.000000
  1
# 959
  0
POLYLINE
  8
8
  66
1
  70
0
  0
VERTEX
  8
8
  10
3434.378052
  20
-642.364044
  0
VERTEX
  8
8
  10
3434.378052
  20
-641.864166
  0
SEQEND
  8
8
  0
POINT
  8
2
 10
3434.378052
 20
-642.364044
  0
TEXT
  8
2
 10
3434.378052
 20
-642.364044
 40
0.000000
 50
0.000000
  1
# 960
  0
POINT
  8
2
 10
3434.378052
 20
-641.864166
  0
TEXT
  8
2
 10
3434.378052
 20
-641.864166
 40
0.000000
 50
0.000000
  1
# 961
 0
LINE
 8
7
 10
3413.589478
 20
-574.315948
 11
3459.711609
 21
-574.315948
  0
TEXT
  8
1
 10
3438.428767
 20
-564.555206
 40
10.000000
 50
0.000000
  1
Piece Name: 26SMC-WP186M展_腿袋盖
  0
TEXT
  8
1
 10
3438.428767
 20
-549.555206
 40
10.000000
 50
0.000000
  1
Size: 175/84
  0
TEXT
  8
1
 10
3438.428767
 20
-534.555206
 40
10.000000
 50
0.000000
  1
Annotation: 
  0
TEXT
  8
1
 10
3438.428767
 20
-519.555206
 40
10.000000
 50
0.000000
  1
Quantity: 1,1
  0
TEXT
  8
1
 10
3438.428767
 20
-504.555206
 40
10.000000
 50
0.000000
  1
Material: 衬
  0
TEXT
  8
1
 10
3438.428767
 20
-504.555206
 40
10.000000
 50
0.000000
  1
Category: 40
0
ENDBLK
0
BLOCK
  8
1
  2
26SMC-WP186M展_后袋盖
 70
0
 10
0.0
 20
0.0
  0
POLYLINE
  8
1
  66
1
  70
1
  0
VERTEX
  8
1
  10
3723.682494
  20
-725.977524
  0
VERTEX
  8
1
  10
3718.278547
  20
-725.366638
  0
VERTEX
  8
1
  10
3713.202600
  20
-723.639154
  0
VERTEX
  8
1
  10
3708.741409
  20
-720.819927
  0
VERTEX
  8
1
  10
3705.002586
  20
-716.957400
  0
VERTEX
  8
1
  10
3702.177017
  20
-712.289826
  0
VERTEX
  8
1
  10
3700.279676
  20
-706.907917
  0
VERTEX
  8
1
  10
3699.757932
  20
-704.187591
  0
VERTEX
  8
1
  10
3687.568596
  20
-578.228152
  0
VERTEX
  8
1
  10
3687.628592
  20
-574.678184
  0
VERTEX
  8
1
  10
3688.664276
  20
-569.259256
  0
VERTEX
  8
1
  10
3690.827899
  20
-564.416250
  0
VERTEX
  8
1
  10
3694.107675
  20
-560.373340
  0
VERTEX
  8
1
  10
3698.343198
  20
-557.394240
  0
VERTEX
  8
1
  10
3703.282570
  20
-555.605880
  0
VERTEX
  8
1
  10
3708.669122
  20
-554.977524
  0
VERTEX
  8
1
  10
3767.129639
  20
-554.977524
  0
VERTEX
  8
1
  10
3767.129639
  20
-725.977524
  0
SEQEND
  8
1
  0
POINT
  8
2
 10
3723.682494
 20
-725.977524
  0
TEXT
  8
2
 10
3723.682494
 20
-725.977524
 40
0.000000
 50
0.000000
  1
# 962
  0
POINT
  8
2
 10
3699.757932
 20
-704.187591
  0
TEXT
  8
2
 10
3699.757932
 20
-704.187591
 40
0.000000
 50
0.000000
  1
# 963
  0
POINT
  8
2
 10
3687.568596
 20
-578.228152
  0
TEXT
  8
2
 10
3687.568596
 20
-578.228152
 40
0.000000
 50
0.000000
  1
# 964
  0
POINT
  8
2
 10
3708.669122
 20
-554.977524
  0
TEXT
  8
2
 10
3708.669122
 20
-554.977524
 40
0.000000
 50
0.000000
  1
# 965
  0
POINT
  8
2
 10
3767.129639
 20
-554.977524
  0
TEXT
  8
2
 10
3767.129639
 20
-554.977524
 40
0.000000
 50
0.000000
  1
# 966
  0
POINT
  8
2
 10
3767.129639
 20
-725.977524
  0
TEXT
  8
2
 10
3767.129639
 20
-725.977524
 40
0.000000
 50
0.000000
  1
# 967
  0
POINT
  8
3
 10
3718.278547
 20
-725.366638
  0
POINT
  8
3
 10
3713.202600
 20
-723.639154
  0
POINT
  8
3
 10
3708.741409
 20
-720.819927
  0
POINT
  8
3
 10
3705.002586
 20
-716.957400
  0
POINT
  8
3
 10
3702.177017
 20
-712.289826
  0
POINT
  8
3
 10
3700.279676
 20
-706.907917
  0
POINT
  8
3
 10
3687.628592
 20
-574.678184
  0
POINT
  8
3
 10
3688.664276
 20
-569.259256
  0
POINT
  8
3
 10
3690.827899
 20
-564.416250
  0
POINT
  8
3
 10
3694.107675
 20
-560.373340
  0
POINT
  8
3
 10
3698.343198
 20
-557.394240
  0
POINT
  8
3
 10
3703.282570
 20
-555.605880
  0
POLYLINE
  8
14
  66
1
  70
1
  0
VERTEX
  8
14
  10
3724.129639
  20
-717.977524
  0
VERTEX
  8
14
  10
3719.988318
  20
-717.551480
  0
VERTEX
  8
14
  10
3716.643476
  20
-716.416940
  0
VERTEX
  8
14
  10
3713.790698
  20
-714.614713
  0
VERTEX
  8
14
  10
3711.354621
  20
-712.094104
  0
VERTEX
  8
14
  10
3709.415570
  20
-708.883456
  0
VERTEX
  8
14
  10
3708.059406
  20
-705.043565
  0
VERTEX
  8
14
  10
3707.684937
  20
-703.047104
  0
VERTEX
  8
14
  10
3695.574951
  20
-577.907639
  0
VERTEX
  8
14
  10
3695.599853
  20
-575.355680
  0
VERTEX
  8
14
  10
3696.306604
  20
-571.624594
  0
VERTEX
  8
14
  10
3697.660917
  20
-568.576762
  0
VERTEX
  8
14
  10
3699.569135
  20
-566.219061
  0
VERTEX
  8
14
  10
3702.013150
  20
-564.502788
  0
VERTEX
  8
14
  10
3705.066491
  20
-563.404446
  0
VERTEX
  8
14
  10
3709.129639
  20
-562.977524
  0
VERTEX
  8
14
  10
3759.129639
  20
-562.977524
  0
VERTEX
  8
14
  10
3759.129639
  20
-717.977524
  0
SEQEND
  8
14
  0
POINT
  8
2
 10
3724.129639
 20
-717.977524
  0
TEXT
  8
2
 10
3724.129639
 20
-717.977524
 40
0.000000
 50
0.000000
  1
# 968
  0
POINT
  8
2
 10
3707.684937
 20
-703.047104
  0
TEXT
  8
2
 10
3707.684937
 20
-703.047104
 40
0.000000
 50
0.000000
  1
# 969
  0
POINT
  8
2
 10
3695.574951
 20
-577.907639
  0
TEXT
  8
2
 10
3695.574951
 20
-577.907639
 40
0.000000
 50
0.000000
  1
# 970
  0
POINT
  8
2
 10
3709.129639
 20
-562.977524
  0
TEXT
  8
2
 10
3709.129639
 20
-562.977524
 40
0.000000
 50
0.000000
  1
# 971
  0
POINT
  8
2
 10
3759.129639
 20
-562.977524
  0
TEXT
  8
2
 10
3759.129639
 20
-562.977524
 40
0.000000
 50
0.000000
  1
# 972
  0
POINT
  8
2
 10
3759.129639
 20
-717.977524
  0
TEXT
  8
2
 10
3759.129639
 20
-717.977524
 40
0.000000
 50
0.000000
  1
# 973
  0
POINT
  8
3
 10
3719.988318
 20
-717.551480
  0
POINT
  8
3
 10
3716.643476
 20
-716.416940
  0
POINT
  8
3
 10
3713.790698
 20
-714.614713
  0
POINT
  8
3
 10
3711.354621
 20
-712.094104
  0
POINT
  8
3
 10
3709.415570
 20
-708.883456
  0
POINT
  8
3
 10
3708.059406
 20
-705.043565
  0
POINT
  8
3
 10
3695.599853
 20
-575.355680
  0
POINT
  8
3
 10
3696.306604
 20
-571.624594
  0
POINT
  8
3
 10
3697.660917
 20
-568.576762
  0
POINT
  8
3
 10
3699.569135
 20
-566.219061
  0
POINT
  8
3
 10
3702.013150
 20
-564.502788
  0
POINT
  8
3
 10
3705.066491
 20
-563.404446
  0
POLYLINE
  8
8
  66
1
  70
0
  0
VERTEX
  8
8
  10
3720.430298
  20
-637.859421
  0
VERTEX
  8
8
  10
3720.334190
  20
-637.773714
  0
VERTEX
  8
8
  10
3720.254096
  20
-637.712656
  0
VERTEX
  8
8
  10
3720.172827
  20
-637.661247
  0
VERTEX
  8
8
  10
3720.083384
  20
-637.614520
  0
VERTEX
  8
8
  10
3719.988833
  20
-637.574328
  0
VERTEX
  8
8
  10
3719.893517
  20
-637.542540
  0
VERTEX
  8
8
  10
3719.795298
  20
-637.518368
  0
VERTEX
  8
8
  10
3719.695914
  20
-637.502270
  0
VERTEX
  8
8
  10
3719.595040
  20
-637.494220
  0
VERTEX
  8
8
  10
3719.494385
  20
-637.494328
  0
VERTEX
  8
8
  10
3719.393654
  20
-637.502578
  0
VERTEX
  8
8
  10
3719.293929
  20
-637.518932
  0
VERTEX
  8
8
  10
3719.196078
  20
-637.543222
  0
VERTEX
  8
8
  10
3719.100222
  20
-637.575438
  0
VERTEX
  8
8
  10
3719.007889
  20
-637.615063
  0
VERTEX
  8
8
  10
3718.918553
  20
-637.662288
  0
VERTEX
  8
8
  10
3718.833754
  20
-637.716292
  0
VERTEX
  8
8
  10
3718.753171
  20
-637.777197
  0
VERTEX
  8
8
  10
3718.676921
  20
-637.845068
  0
VERTEX
  8
8
  10
3718.607073
  20
-637.918161
  0
VERTEX
  8
8
  10
3718.543620
  20
-637.996471
  0
VERTEX
  8
8
  10
3718.486604
  20
-638.079869
  0
VERTEX
  8
8
  10
3718.435903
  20
-638.168607
  0
VERTEX
  8
8
  10
3718.392935
  20
-638.260245
  0
VERTEX
  8
8
  10
3718.357666
  20
-638.354738
  0
VERTEX
  8
8
  10
3718.330112
  20
-638.452046
  0
VERTEX
  8
8
  10
3718.310649
  20
-638.550509
  0
VERTEX
  8
8
  10
3718.299141
  20
-638.650887
  0
VERTEX
  8
8
  10
3718.295879
  20
-638.751584
  0
VERTEX
  8
8
  10
3718.300787
  20
-638.852545
  0
VERTEX
  8
8
  10
3718.313882
  20
-638.954000
  0
VERTEX
  8
8
  10
3718.334803
  20
-639.052941
  0
VERTEX
  8
8
  10
3718.363520
  20
-639.149270
  0
VERTEX
  8
8
  10
3718.400221
  20
-639.243479
  0
VERTEX
  8
8
  10
3718.444278
  20
-639.334166
  0
VERTEX
  8
8
  10
3718.495582
  20
-639.421246
  0
VERTEX
  8
8
  10
3718.553314
  20
-639.503404
  0
VERTEX
  8
8
  10
3718.617831
  20
-639.581084
  0
VERTEX
  8
8
  10
3718.688206
  20
-639.653050
  0
VERTEX
  8
8
  10
3718.764577
  20
-639.719424
  0
VERTEX
  8
8
  10
3718.845555
  20
-639.779084
  0
VERTEX
  8
8
  10
3718.931508
  20
-639.832325
  0
VERTEX
  8
8
  10
3719.021225
  20
-639.878361
  0
VERTEX
  8
8
  10
3719.114470
  20
-639.917051
  0
VERTEX
  8
8
  10
3719.210058
  20
-639.947904
  0
VERTEX
  8
8
  10
3719.308502
  20
-639.971058
  0
VERTEX
  8
8
  10
3719.408033
  20
-639.986139
  0
VERTEX
  8
8
  10
3719.508973
  20
-639.993214
  0
VERTEX
  8
8
  10
3719.609614
  20
-639.992169
  0
VERTEX
  8
8
  10
3719.710259
  20
-639.982985
  0
VERTEX
  8
8
  10
3719.809552
  20
-639.965767
  0
VERTEX
  8
8
  10
3719.907456
  20
-639.940515
  0
VERTEX
  8
8
  10
3720.002420
  20
-639.907683
  0
VERTEX
  8
8
  10
3720.094936
  20
-639.867083
  0
VERTEX
  8
8
  10
3720.183799
  20
-639.819147
  0
VERTEX
  8
8
  10
3720.268071
  20
-639.764422
  0
VERTEX
  8
8
  10
3720.348080
  20
-639.702769
  0
VERTEX
  8
8
  10
3720.422641
  20
-639.635166
  0
VERTEX
  8
8
  10
3720.491883
  20
-639.561433
  0
VERTEX
  8
8
  10
3720.554692
  20
-639.482574
  0
VERTEX
  8
8
  10
3720.611048
  20
-639.398712
  0
VERTEX
  8
8
  10
3720.661056
  20
-639.309571
  0
VERTEX
  8
8
  10
3720.703298
  20
-639.217615
  0
VERTEX
  8
8
  10
3720.737814
  20
-639.122905
  0
VERTEX
  8
8
  10
3720.764596
  20
-639.025426
  0
VERTEX
  8
8
  10
3720.783270
  20
-638.926768
  0
VERTEX
  8
8
  10
3720.793962
  20
-638.826204
  0
VERTEX
  8
8
  10
3720.796406
  20
-638.725724
  0
VERTEX
  8
8
  10
3720.790718
  20
-638.624812
  0
VERTEX
  8
8
  10
3720.776800
  20
-638.523241
  0
VERTEX
  8
8
  10
3720.755090
  20
-638.424574
  0
VERTEX
  8
8
  10
3720.725585
  20
-638.328526
  0
VERTEX
  8
8
  10
3720.688188
  20
-638.234531
  0
VERTEX
  8
8
  10
3720.642991
  20
-638.142752
  0
VERTEX
  8
8
  10
3720.592814
  20
-638.058843
  0
VERTEX
  8
8
  10
3720.538210
  20
-637.983089
  0
VERTEX
  8
8
  10
3720.430298
  20
-637.859421
  0
SEQEND
  8
8
  0
POINT
  8
2
 10
3720.430298
 20
-637.859421
  0
TEXT
  8
2
 10
3720.430298
 20
-637.859421
 40
0.000000
 50
0.000000
  1
# 974
  0
POINT
  8
2
 10
3720.430298
 20
-637.859421
  0
TEXT
  8
2
 10
3720.430298
 20
-637.859421
 40
0.000000
 50
0.000000
  1
# 975
  0
POINT
  8
3
 10
3720.334190
 20
-637.773714
  0
POINT
  8
3
 10
3720.254096
 20
-637.712656
  0
POINT
  8
3
 10
3720.172827
 20
-637.661247
  0
POINT
  8
3
 10
3720.083384
 20
-637.614520
  0
POINT
  8
3
 10
3719.988833
 20
-637.574328
  0
POINT
  8
3
 10
3719.893517
 20
-637.542540
  0
POINT
  8
3
 10
3719.795298
 20
-637.518368
  0
POINT
  8
3
 10
3719.695914
 20
-637.502270
  0
POINT
  8
3
 10
3719.595040
 20
-637.494220
  0
POINT
  8
3
 10
3719.494385
 20
-637.494328
  0
POINT
  8
3
 10
3719.393654
 20
-637.502578
  0
POINT
  8
3
 10
3719.293929
 20
-637.518932
  0
POINT
  8
3
 10
3719.196078
 20
-637.543222
  0
POINT
  8
3
 10
3719.100222
 20
-637.575438
  0
POINT
  8
3
 10
3719.007889
 20
-637.615063
  0
POINT
  8
3
 10
3718.918553
 20
-637.662288
  0
POINT
  8
3
 10
3718.833754
 20
-637.716292
  0
POINT
  8
3
 10
3718.753171
 20
-637.777197
  0
POINT
  8
3
 10
3718.676921
 20
-637.845068
  0
POINT
  8
3
 10
3718.607073
 20
-637.918161
  0
POINT
  8
3
 10
3718.543620
 20
-637.996471
  0
POINT
  8
3
 10
3718.486604
 20
-638.079869
  0
POINT
  8
3
 10
3718.435903
 20
-638.168607
  0
POINT
  8
3
 10
3718.392935
 20
-638.260245
  0
POINT
  8
3
 10
3718.357666
 20
-638.354738
  0
POINT
  8
3
 10
3718.330112
 20
-638.452046
  0
POINT
  8
3
 10
3718.310649
 20
-638.550509
  0
POINT
  8
3
 10
3718.299141
 20
-638.650887
  0
POINT
  8
3
 10
3718.295879
 20
-638.751584
  0
POINT
  8
3
 10
3718.300787
 20
-638.852545
  0
POINT
  8
3
 10
3718.313882
 20
-638.954000
  0
POINT
  8
3
 10
3718.334803
 20
-639.052941
  0
POINT
  8
3
 10
3718.363520
 20
-639.149270
  0
POINT
  8
3
 10
3718.400221
 20
-639.243479
  0
POINT
  8
3
 10
3718.444278
 20
-639.334166
  0
POINT
  8
3
 10
3718.495582
 20
-639.421246
  0
POINT
  8
3
 10
3718.553314
 20
-639.503404
  0
POINT
  8
3
 10
3718.617831
 20
-639.581084
  0
POINT
  8
3
 10
3718.688206
 20
-639.653050
  0
POINT
  8
3
 10
3718.764577
 20
-639.719424
  0
POINT
  8
3
 10
3718.845555
 20
-639.779084
  0
POINT
  8
3
 10
3718.931508
 20
-639.832325
  0
POINT
  8
3
 10
3719.021225
 20
-639.878361
  0
POINT
  8
3
 10
3719.114470
 20
-639.917051
  0
POINT
  8
3
 10
3719.210058
 20
-639.947904
  0
POINT
  8
3
 10
3719.308502
 20
-639.971058
  0
POINT
  8
3
 10
3719.408033
 20
-639.986139
  0
POINT
  8
3
 10
3719.508973
 20
-639.993214
  0
POINT
  8
3
 10
3719.609614
 20
-639.992169
  0
POINT
  8
3
 10
3719.710259
 20
-639.982985
  0
POINT
  8
3
 10
3719.809552
 20
-639.965767
  0
POINT
  8
3
 10
3719.907456
 20
-639.940515
  0
POINT
  8
3
 10
3720.002420
 20
-639.907683
  0
POINT
  8
3
 10
3720.094936
 20
-639.867083
  0
POINT
  8
3
 10
3720.183799
 20
-639.819147
  0
POINT
  8
3
 10
3720.268071
 20
-639.764422
  0
POINT
  8
3
 10
3720.348080
 20
-639.702769
  0
POINT
  8
3
 10
3720.422641
 20
-639.635166
  0
POINT
  8
3
 10
3720.491883
 20
-639.561433
  0
POINT
  8
3
 10
3720.554692
 20
-639.482574
  0
POINT
  8
3
 10
3720.611048
 20
-639.398712
  0
POINT
  8
3
 10
3720.661056
 20
-639.309571
  0
POINT
  8
3
 10
3720.703298
 20
-639.217615
  0
POINT
  8
3
 10
3720.737814
 20
-639.122905
  0
POINT
  8
3
 10
3720.764596
 20
-639.025426
  0
POINT
  8
3
 10
3720.783270
 20
-638.926768
  0
POINT
  8
3
 10
3720.793962
 20
-638.826204
  0
POINT
  8
3
 10
3720.796406
 20
-638.725724
  0
POINT
  8
3
 10
3720.790718
 20
-638.624812
  0
POINT
  8
3
 10
3720.776800
 20
-638.523241
  0
POINT
  8
3
 10
3720.755090
 20
-638.424574
  0
POINT
  8
3
 10
3720.725585
 20
-638.328526
  0
POINT
  8
3
 10
3720.688188
 20
-638.234531
  0
POINT
  8
3
 10
3720.642991
 20
-638.142752
  0
POINT
  8
3
 10
3720.592814
 20
-638.058843
  0
POINT
  8
3
 10
3720.538210
 20
-637.983089
  0
POLYLINE
  8
8
  66
1
  70
0
  0
VERTEX
  8
8
  10
3719.296265
  20
-638.743515
  0
VERTEX
  8
8
  10
3719.796143
  20
-638.743515
  0
SEQEND
  8
8
  0
POINT
  8
2
 10
3719.296265
 20
-638.743515
  0
TEXT
  8
2
 10
3719.296265
 20
-638.743515
 40
0.000000
 50
0.000000
  1
# 976
  0
POINT
  8
2
 10
3719.796143
 20
-638.743515
  0
TEXT
  8
2
 10
3719.796143
 20
-638.743515
 40
0.000000
 50
0.000000
  1
# 977
  0
POLYLINE
  8
8
  66
1
  70
0
  0
VERTEX
  8
8
  10
3719.546509
  20
-638.993759
  0
VERTEX
  8
8
  10
3719.546509
  20
-638.493576
  0
SEQEND
  8
8
  0
POINT
  8
2
 10
3719.546509
 20
-638.993759
  0
TEXT
  8
2
 10
3719.546509
 20
-638.993759
 40
0.000000
 50
0.000000
  1
# 978
  0
POINT
  8
2
 10
3719.546509
 20
-638.493576
  0
TEXT
  8
2
 10
3719.546509
 20
-638.493576
 40
0.000000
 50
0.000000
  1
# 979
 0
LINE
 8
7
 10
3714.548340
 20
-644.753113
 11
3746.667480
 21
-644.753113
  0
TEXT
  8
1
 10
3727.349117
 20
-640.477524
 40
10.000000
 50
0.000000
  1
Piece Name: 26SMC-WP186M展_后袋盖
  0
TEXT
  8
1
 10
3727.349117
 20
-625.477524
 40
10.000000
 50
0.000000
  1
Size: 175/84
  0
TEXT
  8
1
 10
3727.349117
 20
-610.477524
 40
10.000000
 50
0.000000
  1
Annotation: 
  0
TEXT
  8
1
 10
3727.349117
 20
-595.477524
 40
10.000000
 50
0.000000
  1
Quantity: 1,1
  0
TEXT
  8
1
 10
3727.349117
 20
-580.477524
 40
10.000000
 50
0.000000
  1
Material: 衬
  0
TEXT
  8
1
 10
3727.349117
 20
-580.477524
 40
10.000000
 50
0.000000
  1
Category: 41
0
ENDBLK
0
BLOCK
  8
1
  2
26SMC-WP186M展_后片开袋
 70
0
 10
0.0
 20
0.0
  0
POLYLINE
  8
1
  66
1
  70
1
  0
VERTEX
  8
1
  10
3811.921082
  20
-318.178654
  0
VERTEX
  8
1
  10
3811.921082
  20
-245.671787
  0
VERTEX
  8
1
  10
3786.921082
  20
-245.671787
  0
VERTEX
  8
1
  10
3786.921082
  20
-225.671787
  0
VERTEX
  8
1
  10
3811.921082
  20
-225.671787
  0
VERTEX
  8
1
  10
3811.921082
  20
-153.165429
  0
VERTEX
  8
1
  10
3843.919899
  20
-153.165023
  0
VERTEX
  8
1
  10
3843.921288
  20
-318.177433
  0
SEQEND
  8
1
  0
POINT
  8
2
 10
3811.921082
 20
-318.178654
  0
TEXT
  8
2
 10
3811.921082
 20
-318.178654
 40
0.000000
 50
0.000000
  1
# 980
  0
POINT
  8
2
 10
3811.921082
 20
-245.671787
  0
TEXT
  8
2
 10
3811.921082
 20
-245.671787
 40
0.000000
 50
0.000000
  1
# 981
  0
POINT
  8
2
 10
3786.921082
 20
-245.671787
  0
TEXT
  8
2
 10
3786.921082
 20
-245.671787
 40
0.000000
 50
0.000000
  1
# 982
  0
POINT
  8
2
 10
3786.921082
 20
-225.671787
  0
TEXT
  8
2
 10
3786.921082
 20
-225.671787
 40
0.000000
 50
0.000000
  1
# 983
  0
POINT
  8
2
 10
3811.921082
 20
-225.671787
  0
TEXT
  8
2
 10
3811.921082
 20
-225.671787
 40
0.000000
 50
0.000000
  1
# 984
  0
POINT
  8
2
 10
3811.921082
 20
-153.165429
  0
TEXT
  8
2
 10
3811.921082
 20
-153.165429
 40
0.000000
 50
0.000000
  1
# 985
  0
POINT
  8
2
 10
3843.919899
 20
-153.165023
  0
TEXT
  8
2
 10
3843.919899
 20
-153.165023
 40
0.000000
 50
0.000000
  1
# 986
  0
POINT
  8
2
 10
3843.921288
 20
-318.177433
  0
TEXT
  8
2
 10
3843.921288
 20
-318.177433
 40
0.000000
 50
0.000000
  1
# 987
  0
POLYLINE
  8
14
  66
1
  70
1
  0
VERTEX
  8
14
  10
3821.921082
  20
-308.178272
  0
VERTEX
  8
14
  10
3821.921082
  20
-245.671787
  0
VERTEX
  8
14
  10
3786.921082
  20
-245.671787
  0
VERTEX
  8
14
  10
3786.921082
  20
-225.671787
  0
VERTEX
  8
14
  10
3821.921082
  20
-225.671787
  0
VERTEX
  8
14
  10
3821.921082
  20
-163.165302
  0
VERTEX
  8
14
  10
3833.919983
  20
-163.165150
  0
VERTEX
  8
14
  10
3833.921204
  20
-308.177814
  0
SEQEND
  8
14
  0
POINT
  8
2
 10
3821.921082
 20
-308.178272
  0
TEXT
  8
2
 10
3821.921082
 20
-308.178272
 40
0.000000
 50
0.000000
  1
# 988
  0
POINT
  8
2
 10
3821.921082
 20
-245.671787
  0
TEXT
  8
2
 10
3821.921082
 20
-245.671787
 40
0.000000
 50
0.000000
  1
# 989
  0
POINT
  8
2
 10
3786.921082
 20
-245.671787
  0
TEXT
  8
2
 10
3786.921082
 20
-245.671787
 40
0.000000
 50
0.000000
  1
# 990
  0
POINT
  8
2
 10
3786.921082
 20
-225.671787
  0
TEXT
  8
2
 10
3786.921082
 20
-225.671787
 40
0.000000
 50
0.000000
  1
# 991
  0
POINT
  8
2
 10
3821.921082
 20
-225.671787
  0
TEXT
  8
2
 10
3821.921082
 20
-225.671787
 40
0.000000
 50
0.000000
  1
# 992
  0
POINT
  8
2
 10
3821.921082
 20
-163.165302
  0
TEXT
  8
2
 10
3821.921082
 20
-163.165302
 40
0.000000
 50
0.000000
  1
# 993
  0
POINT
  8
2
 10
3833.919983
 20
-163.165150
  0
TEXT
  8
2
 10
3833.919983
 20
-163.165150
 40
0.000000
 50
0.000000
  1
# 994
  0
POINT
  8
2
 10
3833.921204
 20
-308.177814
  0
TEXT
  8
2
 10
3833.921204
 20
-308.177814
 40
0.000000
 50
0.000000
  1
# 995
  0
POLYLINE
  8
8
  66
1
  70
0
  0
VERTEX
  8
8
  10
3821.921082
  20
-235.671787
  0
VERTEX
  8
8
  10
3786.921082
  20
-235.671787
  0
SEQEND
  8
8
  0
POINT
  8
2
 10
3821.921082
 20
-235.671787
  0
TEXT
  8
2
 10
3821.921082
 20
-235.671787
 40
0.000000
 50
0.000000
  1
# 996
  0
POINT
  8
2
 10
3786.921082
 20
-235.671787
  0
TEXT
  8
2
 10
3786.921082
 20
-235.671787
 40
0.000000
 50
0.000000
  1
# 997
  0
POLYLINE
  8
8
  66
1
  70
0
  0
VERTEX
  8
8
  10
3821.921082
  20
-245.671787
  0
VERTEX
  8
8
  10
3821.921082
  20
-225.671787
  0
SEQEND
  8
8
  0
POINT
  8
2
 10
3821.921082
 20
-245.671787
  0
TEXT
  8
2
 10
3821.921082
 20
-245.671787
 40
0.000000
 50
0.000000
  1
# 998
  0
POINT
  8
2
 10
3821.921082
 20
-225.671787
  0
TEXT
  8
2
 10
3821.921082
 20
-225.671787
 40
0.000000
 50
0.000000
  1
# 999
 0
LINE
 8
7
 10
3796.738586
 20
-239.289188
 11
3823.080444
 21
-239.289188
  0
TEXT
  8
1
 10
3815.421185
 20
-235.671838
 40
10.000000
 50
0.000000
  1
Piece Name: 26SMC-WP186M展_后片开袋
  0
TEXT
  8
1
 10
3815.421185
 20
-220.671838
 40
10.000000
 50
0.000000
  1
Size: 175/84
  0
TEXT
  8
1
 10
3815.421185
 20
-205.671838
 40
10.000000
 50
0.000000
  1
Annotation: 
  0
TEXT
  8
1
 10
3815.421185
 20
-190.671838
 40
10.000000
 50
0.000000
  1
Quantity: 1,1
  0
TEXT
  8
1
 10
3815.421185
 20
-175.671838
 40
10.000000
 50
0.000000
  1
Material: 衬
  0
TEXT
  8
1
 10
3815.421185
 20
-175.671838
 40
10.000000
 50
0.000000
  1
Category: 42
0
ENDBLK
0
BLOCK
  8
1
  2
26SMC-WP186M展_前片切线
 70
0
 10
0.0
 20
0.0
  0
POLYLINE
  8
1
  66
1
  70
1
  0
VERTEX
  8
1
  10
4006.035156
  20
-173.584690
  0
VERTEX
  8
1
  10
4060.107260
  20
-173.594605
  0
VERTEX
  8
1
  10
4111.944855
  20
-173.604064
  0
VERTEX
  8
1
  10
4134.611816
  20
-173.608112
  0
VERTEX
  8
1
  10
4130.872498
  20
-225.582638
  0
VERTEX
  8
1
  10
4077.227412
  20
-225.582638
  0
VERTEX
  8
1
  10
4025.790084
  20
-225.582638
  0
VERTEX
  8
1
  10
3974.085103
  20
-225.582638
  0
VERTEX
  8
1
  10
3953.858643
  20
-225.576916
  0
VERTEX
  8
1
  10
3955.728963
  20
-213.432957
  0
VERTEX
  8
1
  10
3957.781016
  20
-205.345925
  0
VERTEX
  8
1
  10
3960.315225
  20
-198.541158
  0
VERTEX
  8
1
  10
3963.201747
  20
-193.051735
  0
VERTEX
  8
1
  10
3966.482153
  20
-188.551076
  0
VERTEX
  8
1
  10
3970.105994
  20
-184.973256
  0
VERTEX
  8
1
  10
3974.649393
  20
-181.758038
  0
VERTEX
  8
1
  10
3980.182105
  20
-178.940882
  0
VERTEX
  8
1
  10
3986.759019
  20
-176.584755
  0
VERTEX
  8
1
  10
3994.216049
  20
-174.850055
  0
VERTEX
  8
1
  10
4002.557725
  20
-173.823476
  0
SEQEND
  8
1
  0
POINT
  8
2
 10
4006.035156
 20
-173.584690
  0
TEXT
  8
2
 10
4006.035156
 20
-173.584690
 40
0.000000
 50
0.000000
  1
# 1000
  0
POINT
  8
2
 10
4134.611816
 20
-173.608112
  0
TEXT
  8
2
 10
4134.611816
 20
-173.608112
 40
0.000000
 50
0.000000
  1
# 1001
  0
POINT
  8
2
 10
4130.872498
 20
-225.582638
  0
TEXT
  8
2
 10
4130.872498
 20
-225.582638
 40
0.000000
 50
0.000000
  1
# 1002
  0
POINT
  8
2
 10
3953.858643
 20
-225.576916
  0
TEXT
  8
2
 10
3953.858643
 20
-225.576916
 40
0.000000
 50
0.000000
  1
# 1003
  0
POINT
  8
3
 10
4060.107260
 20
-173.594605
  0
POINT
  8
3
 10
4111.944855
 20
-173.604064
  0
POINT
  8
3
 10
4077.227412
 20
-225.582638
  0
POINT
  8
3
 10
4025.790084
 20
-225.582638
  0
POINT
  8
3
 10
3974.085103
 20
-225.582638
  0
POINT
  8
3
 10
3955.728963
 20
-213.432957
  0
POINT
  8
3
 10
3957.781016
 20
-205.345925
  0
POINT
  8
3
 10
3960.315225
 20
-198.541158
  0
POINT
  8
3
 10
3963.201747
 20
-193.051735
  0
POINT
  8
3
 10
3966.482153
 20
-188.551076
  0
POINT
  8
3
 10
3970.105994
 20
-184.973256
  0
POINT
  8
3
 10
3974.649393
 20
-181.758038
  0
POINT
  8
3
 10
3980.182105
 20
-178.940882
  0
POINT
  8
3
 10
3986.759019
 20
-176.584755
  0
POINT
  8
3
 10
3994.216049
 20
-174.850055
  0
POINT
  8
3
 10
4002.557725
 20
-173.823476
 0
LINE
 8
7
 10
4012.460938
 20
-203.921909
 11
4065.627136
 21
-203.921909
  0
TEXT
  8
1
 10
4044.235382
 20
-199.583511
 40
10.000000
 50
0.000000
  1
Piece Name: 26SMC-WP186M展_前片切线
  0
TEXT
  8
1
 10
4044.235382
 20
-184.583511
 40
10.000000
 50
0.000000
  1
Size: 175/84
  0
TEXT
  8
1
 10
4044.235382
 20
-169.583511
 40
10.000000
 50
0.000000
  1
Annotation: 
  0
TEXT
  8
1
 10
4044.235382
 20
-154.583511
 40
10.000000
 50
0.000000
  1
Quantity: 1
  0
TEXT
  8
1
 10
4044.235382
 20
-139.583511
 40
10.000000
 50
0.000000
  1
Material: 衬
  0
TEXT
  8
1
 10
4044.235382
 20
-139.583511
 40
10.000000
 50
0.000000
  1
Category: 43
0
ENDBLK
0
BLOCK
  8
1
  2
26SMC-WP186M展_后袋开线
 70
0
 10
0.0
 20
0.0
  0
POLYLINE
  8
1
  66
1
  70
1
  0
VERTEX
  8
1
  10
4328.591919
  20
-536.734772
  0
VERTEX
  8
1
  10
4523.591919
  20
-536.738434
  0
VERTEX
  8
1
  10
4523.591919
  20
-631.734772
  0
VERTEX
  8
1
  10
4328.591919
  20
-631.734772
  0
SEQEND
  8
1
  0
POINT
  8
2
 10
4328.591919
 20
-536.734772
  0
TEXT
  8
2
 10
4328.591919
 20
-536.734772
 40
0.000000
 50
0.000000
  1
# 1004
  0
POINT
  8
2
 10
4523.591919
 20
-536.738434
  0
TEXT
  8
2
 10
4523.591919
 20
-536.738434
 40
0.000000
 50
0.000000
  1
# 1005
  0
POINT
  8
2
 10
4523.591919
 20
-631.734772
  0
TEXT
  8
2
 10
4523.591919
 20
-631.734772
 40
0.000000
 50
0.000000
  1
# 1006
  0
POINT
  8
2
 10
4328.591919
 20
-631.734772
  0
TEXT
  8
2
 10
4328.591919
 20
-631.734772
 40
0.000000
 50
0.000000
  1
# 1007
 0
LINE
 8
7
 10
4422.762451
 20
-584.561424
 11
4472.708740
 21
-584.561424
  0
TEXT
  8
1
 10
4426.091919
 20
-584.234772
 40
10.000000
 50
0.000000
  1
Piece Name: 26SMC-WP186M展_后袋开线
  0
TEXT
  8
1
 10
4426.091919
 20
-569.234772
 40
10.000000
 50
0.000000
  1
Size: 175/84
  0
TEXT
  8
1
 10
4426.091919
 20
-554.234772
 40
10.000000
 50
0.000000
  1
Annotation: 
  0
TEXT
  8
1
 10
4426.091919
 20
-539.234772
 40
10.000000
 50
0.000000
  1
Quantity: 1,1
  0
TEXT
  8
1
 10
4426.091919
 20
-524.234772
 40
10.000000
 50
0.000000
  1
Material: 衬
  0
TEXT
  8
1
 10
4426.091919
 20
-524.234772
 40
10.000000
 50
0.000000
  1
Category: 44
0
ENDBLK
  0
ENDSEC
  0
SECTION
  2
ENTITIES
  0
INSERT
  8
1
  2
26SMC-WP186M展_前袋口
  10
410.631424
  20
-78.032508
  0
INSERT
  8
1
  2
26SMC-WP186M展_双刀
  10
3982.938799
  20
-528.074792
  0
INSERT
  8
1
  2
26SMC-WP186M展_单刀
  10
4002.133976
  20
-657.590419
  0
INSERT
  8
1
  2
26SMC-WP186M展_前片中
  10
-456.133383
  20
450.440860
  0
INSERT
  8
1
  2
26SMC-WP186M展_右前上
  10
-65.374960
  20
405.295059
  0
INSERT
  8
1
  2
26SMC-WP186M展_前片
  10
-1953.036799
  20
412.082462
  0
INSERT
  8
1
  2
26SMC-WP186M展_后片
  10
-1897.965314
  20
834.641222
  0
INSERT
  8
1
  2
26SMC-WP186M展_腿袋位
  10
3297.538739
  20
1410.695438
  0
INSERT
  8
1
  2
26SMC-WP186M展_腿袋盖
  10
1407.167171
  20
-40.368490
  0
INSERT
  8
1
  2
26SMC-WP186M展_腿袋
  10
1206.451569
  20
-350.803178
  0
INSERT
  8
1
  2
26SMC-WP186M展_裤耳
  10
-174.057665
  20
-801.309280
  0
INSERT
  8
1
  2
26SMC-WP186M展_腰
  10
-79.748518
  20
-197.263714
  0
INSERT
  8
1
  2
26SMC-WP186M展_双刀
  10
-92.026948
  20
-490.698202
  0
INSERT
  8
1
  2
26SMC-WP186M展_单刀
  10
-71.684506
  20
-361.113063
  0
INSERT
  8
1
  2
26SMC-WP186M展_后袋布
  10
316.316941
  20
1416.103446
  0
INSERT
  8
1
  2
26SMC-WP186M展_后袋垫
  10
75.649278
  20
1163.069687
  0
INSERT
  8
1
  2
26SMC-WP186M展_后袋开线
  10
235.774698
  20
1156.430435
  0
INSERT
  8
1
  2
26SMC-WP186M展_腿袋贴布
  10
1528.151703
  20
-111.041817
  0
INSERT
  8
1
  2
26SMC-WP186M展_后袋盖
  10
824.729247
  20
1137.437642
  0
INSERT
  8
1
  2
26SMC-WP186M展_后袋贴布
  10
989.440460
  20
1097.723465
  0
INSERT
  8
1
  2
26SMC-WP186M展_后片上
  10
40.490211
  20
828.495084
  0
INSERT
  8
1
  2
26SMC-WP186M展_后片上拼
  10
-161.674413
  20
1099.595836
  0
INSERT
  8
1
  2
26SMC-WP186M展_后片中
  10
-382.298326
  20
908.242928
  0
INSERT
  8
1
  2
26SMC-WP186M展_后片下
  10
-675.974974
  20
917.287538
  0
INSERT
  8
1
  2
26SMC-WP186M展_
  10
-1987.399817
  20
42.885647
  0
INSERT
  8
1
  2
26SMC-WP186M展_前片下片
  10
-833.132031
  20
453.327915
  0
INSERT
  8
1
  2
26SMC-WP186M展_前袋布
  10
386.422502
  20
246.471969
  0
INSERT
  8
1
  2
26SMC-WP186M展_前袋垫
  10
775.610676
  20
297.878509
  0
INSERT
  8
1
  2
26SMC-WP186M展_前袋贴
  10
762.200683
  20
155.296538
  0
INSERT
  8
1
  2
26SMC-WP186M展_手机袋
  10
791.107955
  20
606.793683
  0
INSERT
  8
1
  2
26SMC-WP186M展_左前下
  10
-67.398205
  20
42.043368
  0
INSERT
  8
1
  2
26SMC-WP186M展_底襟袢
  10
-214.018731
  20
-956.227379
  0
INSERT
  8
1
  2
26SMC-WP186M展_腿袋
  10
3338.366699
  20
1101.982727
  0
INSERT
  8
1
  2
26SMC-WP186M展_后袋盖
  10
3242.997832
  20
764.926580
  0
INSERT
  8
1
  2
26SMC-WP186M展_后袋贴布
  10
3407.709045
  20
725.212402
  0
INSERT
  8
1
  2
26SMC-WP186M展_手机袋
  10
3127.102476
  20
513.109830
  0
INSERT
  8
1
  2
26SMC-WP186M展_腰
  10
3634.689710
  20
185.708049
  0
INSERT
  8
1
  2
26SMC-WP186M展_腿袋盖
  10
3613.167995
  20
528.347168
  0
INSERT
  8
1
  2
26SMC-WP186M展_腿袋贴布
  10
3734.152527
  20
457.673836
  0
INSERT
  8
1
  2
26SMC-WP186M展_腰
  10
3830.102613
  20
-876.864201
  0
INSERT
  8
1
  2
26SMC-WP186M展_腿袋盖
  10
3435.822414
  20
-564.551124
  0
INSERT
  8
1
  2
26SMC-WP186M展_后袋盖
  10
3725.430388
  20
-640.476786
  0
INSERT
  8
1
  2
26SMC-WP186M展_后片开袋
  10
3816.170959
  20
-235.671711
  0
INSERT
  8
1
  2
26SMC-WP186M展_前片切线
  10
4055.331939
  20
-198.554697
  0
INSERT
  8
1
  2
26SMC-WP186M展_后袋开线
  10
4426.091919
  20
-584.235687
  0
TEXT
  8
1
 10
991.283671
 20
-959.227371
 40
10.000000
 50
0.000000
  1
STYLE NAME: 26SMC-WP186M展
  0
TEXT
  8
1
 10
991.283671
 20
-974.227371
 40
10.000000
 50
0.000000
  1
CREATION DATE: 2025/4/23/8/7
  0
TEXT
  8
1
 10
991.283671
 20
-989.227371
 40
10.000000
 50
0.000000
  1
AUTHOR: BUYI-TECH
  0
TEXT
  8
1
 10
991.283671
 20
-1004.227371
 40
10.000000
 50
0.000000
  1
SAMPLE SIZE: 175/84
  0
TEXT
  8
1
 10
991.283671
 20
-1019.227371
 40
10.000000
 50
0.000000
  1
GRADE RULE TABLE: 26SMC-WP186M展
  0
TEXT
  8
1
 10
991.283671
 20
-1034.227371
 40
10.000000
 50
0.000000
  1
UNITS: METRIC
  0
ENDSEC
  0
EOF
