999
ANSI/AAMA
  0
SECTION
  2
BLOCKS
0
BLOCK
  8
1
  2
26SMC-WP115M 展_右前片_175/84
 70
0
 10
0.0
 20
0.0
  0
POLYLINE
  8
1
  66
1
  70
1
  0
VERTEX
  8
1
  10
-59574.633789
  20
-2206.058502
  0
VERTEX
  8
1
  10
-59574.545898
  20
-2201.806335
  0
VERTEX
  8
1
  10
-59574.321289
  20
-2191.521149
  0
VERTEX
  8
1
  10
-59574.101563
  20
-2181.390839
  0
VERTEX
  8
1
  10
-59573.872070
  20
-2171.058502
  0
VERTEX
  8
1
  10
-59573.872070
  20
-2171.058502
  0
VERTEX
  8
1
  10
-59574.101563
  20
-2160.726166
  0
VERTEX
  8
1
  10
-59574.321289
  20
-2150.595856
  0
VERTEX
  8
1
  10
-59574.545898
  20
-2140.310669
  0
VERTEX
  8
1
  10
-59574.770508
  20
-2129.989929
  0
VERTEX
  8
1
  10
-59574.990234
  20
-2119.881592
  0
VERTEX
  8
1
  10
-59575.209961
  20
-2109.773560
  0
VERTEX
  8
1
  10
-59575.429688
  20
-2099.665833
  0
VERTEX
  8
1
  10
-59575.654297
  20
-2089.348602
  0
VERTEX
  8
1
  10
-59575.874023
  20
-2079.240265
  0
VERTEX
  8
1
  10
-59576.093750
  20
-2069.131165
  0
VERTEX
  8
1
  10
-59576.318359
  20
-2058.861542
  0
VERTEX
  8
1
  10
-59576.538086
  20
-2048.752136
  0
VERTEX
  8
1
  10
-59576.752930
  20
-2038.643951
  0
VERTEX
  8
1
  10
-59576.972656
  20
-2028.537140
  0
VERTEX
  8
1
  10
-59577.192383
  20
-2018.525696
  0
VERTEX
  8
1
  10
-59577.412109
  20
-2008.418427
  0
VERTEX
  8
1
  10
-59577.636719
  20
-1998.309937
  0
VERTEX
  8
1
  10
-59577.861328
  20
-1987.943268
  0
VERTEX
  8
1
  10
-59578.081055
  20
-1977.833405
  0
VERTEX
  8
1
  10
-59578.300781
  20
-1967.724304
  0
VERTEX
  8
1
  10
-59578.515625
  20
-1957.615814
  0
VERTEX
  8
1
  10
-59578.735352
  20
-1947.448273
  0
VERTEX
  8
1
  10
-59578.955078
  20
-1937.340546
  0
VERTEX
  8
1
  10
-59579.174805
  20
-1927.232819
  0
VERTEX
  8
1
  10
-59579.394531
  20
-1917.124939
  0
VERTEX
  8
1
  10
-59579.619141
  20
-1906.862946
  0
VERTEX
  8
1
  10
-59579.838867
  20
-1896.754608
  0
VERTEX
  8
1
  10
-59580.058594
  20
-1886.645966
  0
VERTEX
  8
1
  10
-59580.283203
  20
-1876.430054
  0
VERTEX
  8
1
  10
-59580.502930
  20
-1866.321259
  0
VERTEX
  8
1
  10
-59580.722656
  20
-1856.212616
  0
VERTEX
  8
1
  10
-59580.942383
  20
-1845.873413
  0
VERTEX
  8
1
  10
-59581.162109
  20
-1835.765228
  0
VERTEX
  8
1
  10
-59581.381836
  20
-1825.657349
  0
VERTEX
  8
1
  10
-59581.601563
  20
-1815.549927
  0
VERTEX
  8
1
  10
-59581.826172
  20
-1805.359802
  0
VERTEX
  8
1
  10
-59582.045898
  20
-1795.251923
  0
VERTEX
  8
1
  10
-59582.265625
  20
-1785.142975
  0
VERTEX
  8
1
  10
-59582.490234
  20
-1774.786377
  0
VERTEX
  8
1
  10
-59582.714844
  20
-1764.536438
  0
VERTEX
  8
1
  10
-59582.929688
  20
-1754.386444
  0
VERTEX
  8
1
  10
-59583.144531
  20
-1744.432678
  0
VERTEX
  8
1
  10
-59583.178711
  20
-1742.788086
  0
VERTEX
  8
1
  10
-59583.183594
  20
-1742.745209
  0
VERTEX
  8
1
  10
-59583.295898
  20
-1740.441284
  0
VERTEX
  8
1
  10
-59583.637695
  20
-1733.465576
  0
VERTEX
  8
1
  10
-59584.194336
  20
-1723.363342
  0
VERTEX
  8
1
  10
-59584.814453
  20
-1713.304596
  0
VERTEX
  8
1
  10
-59585.478516
  20
-1703.224945
  0
VERTEX
  8
1
  10
-59586.157227
  20
-1693.179932
  0
VERTEX
  8
1
  10
-59586.850586
  20
-1683.085938
  0
VERTEX
  8
1
  10
-59587.563477
  20
-1673.000641
  0
VERTEX
  8
1
  10
-59588.305664
  20
-1662.818756
  0
VERTEX
  8
1
  10
-59589.072266
  20
-1652.746429
  0
VERTEX
  8
1
  10
-59589.868164
  20
-1642.677460
  0
VERTEX
  8
1
  10
-59590.683594
  20
-1632.714233
  0
VERTEX
  8
1
  10
-59591.542969
  20
-1622.652283
  0
VERTEX
  8
1
  10
-59592.436523
  20
-1612.593842
  0
VERTEX
  8
1
  10
-59593.359375
  20
-1602.588806
  0
VERTEX
  8
1
  10
-59594.321289
  20
-1592.535400
  0
VERTEX
  8
1
  10
-59595.312500
  20
-1582.481537
  0
VERTEX
  8
1
  10
-59596.328125
  20
-1572.473450
  0
VERTEX
  8
1
  10
-59597.368164
  20
-1562.417603
  0
VERTEX
  8
1
  10
-59598.432617
  20
-1552.359619
  0
VERTEX
  8
1
  10
-59599.506836
  20
-1542.346497
  0
VERTEX
  8
1
  10
-59600.595703
  20
-1532.285156
  0
VERTEX
  8
1
  10
-59601.699219
  20
-1522.223206
  0
VERTEX
  8
1
  10
-59602.812500
  20
-1512.135468
  0
VERTEX
  8
1
  10
-59603.925781
  20
-1502.068939
  0
VERTEX
  8
1
  10
-59605.043945
  20
-1491.996307
  0
VERTEX
  8
1
  10
-59606.152344
  20
-1481.969452
  0
VERTEX
  8
1
  10
-59607.250977
  20
-1471.883545
  0
VERTEX
  8
1
  10
-59608.334961
  20
-1461.790924
  0
VERTEX
  8
1
  10
-59609.394531
  20
-1451.743317
  0
VERTEX
  8
1
  10
-59610.429688
  20
-1441.631470
  0
VERTEX
  8
1
  10
-59611.425781
  20
-1431.504059
  0
VERTEX
  8
1
  10
-59612.368164
  20
-1421.379700
  0
VERTEX
  8
1
  10
-59613.271484
  20
-1411.128998
  0
VERTEX
  8
1
  10
-59614.116211
  20
-1400.968018
  0
VERTEX
  8
1
  10
-59614.941406
  20
-1390.570068
  0
VERTEX
  8
1
  10
-59615.170898
  20
-1387.907867
  0
VERTEX
  8
1
  10
-59615.996094
  20
-1377.856293
  0
VERTEX
  8
1
  10
-59616.767578
  20
-1367.821503
  0
VERTEX
  8
1
  10
-59617.470703
  20
-1357.727814
  0
VERTEX
  8
1
  10
-59618.032227
  20
-1348.423462
  0
VERTEX
  8
1
  10
-59618.486328
  20
-1339.507599
  0
VERTEX
  8
1
  10
-59618.837891
  20
-1331.010437
  0
VERTEX
  8
1
  10
-59619.145508
  20
-1321.311798
  0
VERTEX
  8
1
  10
-59619.394531
  20
-1310.878143
  0
VERTEX
  8
1
  10
-59619.531250
  20
-1302.517548
  0
VERTEX
  8
1
  10
-59619.599609
  20
-1298.607788
  0
VERTEX
  8
1
  10
-59562.167969
  20
-1132.025833
  0
VERTEX
  8
1
  10
-59555.058594
  20
-1133.122406
  0
VERTEX
  8
1
  10
-59550.322266
  20
-1133.861465
  0
VERTEX
  8
1
  10
-59541.547852
  20
-1135.195847
  0
VERTEX
  8
1
  10
-59533.867188
  20
-1136.283798
  0
VERTEX
  8
1
  10
-59526.171875
  20
-1137.292099
  0
VERTEX
  8
1
  10
-59518.134766
  20
-1138.260345
  0
VERTEX
  8
1
  10
-59510.053711
  20
-1139.146729
  0
VERTEX
  8
1
  10
-59502.329102
  20
-1139.912796
  0
VERTEX
  8
1
  10
-59494.604492
  20
-1140.596848
  0
VERTEX
  8
1
  10
-59487.216797
  20
-1141.171036
  0
VERTEX
  8
1
  10
-59479.882813
  20
-1141.659698
  0
VERTEX
  8
1
  10
-59472.485352
  20
-1142.068939
  0
VERTEX
  8
1
  10
-59468.979492
  20
-1142.224426
  0
VERTEX
  8
1
  10
-59465.078125
  20
-1142.397385
  0
VERTEX
  8
1
  10
-59457.329102
  20
-1142.658463
  0
VERTEX
  8
1
  10
-59449.189453
  20
-1142.846451
  0
VERTEX
  8
1
  10
-59440.742188
  20
-1142.955017
  0
VERTEX
  8
1
  10
-59431.259766
  20
-1142.988281
  0
VERTEX
  8
1
  10
-59421.074219
  20
-1142.942352
  0
VERTEX
  8
1
  10
-59410.869141
  20
-1142.836075
  0
VERTEX
  8
1
  10
-59400.825195
  20
-1142.695236
  0
VERTEX
  8
1
  10
-59390.717773
  20
-1142.528992
  0
VERTEX
  8
1
  10
-59380.405273
  20
-1142.337341
  0
VERTEX
  8
1
  10
-59365.371094
  20
-1142.051849
  0
VERTEX
  8
1
  10
-59364.282227
  20
-1150.664063
  0
VERTEX
  8
1
  10
-59363.271484
  20
-1158.671494
  0
VERTEX
  8
1
  10
-59362.006836
  20
-1168.683167
  0
VERTEX
  8
1
  10
-59360.708008
  20
-1178.927231
  0
VERTEX
  8
1
  10
-59359.423828
  20
-1189.112320
  0
VERTEX
  8
1
  10
-59358.129883
  20
-1199.351959
  0
VERTEX
  8
1
  10
-59356.826172
  20
-1209.660110
  0
VERTEX
  8
1
  10
-59355.527344
  20
-1219.968262
  0
VERTEX
  8
1
  10
-59354.238281
  20
-1230.143280
  0
VERTEX
  8
1
  10
-59352.939453
  20
-1240.450974
  0
VERTEX
  8
1
  10
-59351.650391
  20
-1250.651169
  0
VERTEX
  8
1
  10
-59350.371094
  20
-1260.771713
  0
VERTEX
  8
1
  10
-59349.096680
  20
-1270.845871
  0
VERTEX
  8
1
  10
-59348.046875
  20
-1279.151459
  0
VERTEX
  8
1
  10
-59347.509766
  20
-1283.398895
  0
VERTEX
  8
1
  10
-59349.892578
  20
-1290.735931
  0
VERTEX
  8
1
  10
-59352.490234
  20
-1298.737335
  0
VERTEX
  8
1
  10
-59352.387695
  20
-1300.247650
  0
VERTEX
  8
1
  10
-59352.016602
  20
-1304.454803
  0
VERTEX
  8
1
  10
-59351.591797
  20
-1308.399200
  0
VERTEX
  8
1
  10
-59351.157227
  20
-1311.791687
  0
VERTEX
  8
1
  10
-59350.703125
  20
-1314.776001
  0
VERTEX
  8
1
  10
-59350.209961
  20
-1317.536774
  0
VERTEX
  8
1
  10
-59349.687500
  20
-1320.069427
  0
VERTEX
  8
1
  10
-59349.096680
  20
-1322.556610
  0
VERTEX
  8
1
  10
-59348.481445
  20
-1324.823303
  0
VERTEX
  8
1
  10
-59347.807617
  20
-1327.021027
  0
VERTEX
  8
1
  10
-59347.119141
  20
-1329.028015
  0
VERTEX
  8
1
  10
-59346.367188
  20
-1330.979919
  0
VERTEX
  8
1
  10
-59345.625000
  20
-1332.714386
  0
VERTEX
  8
1
  10
-59344.829102
  20
-1334.390717
  0
VERTEX
  8
1
  10
-59344.057617
  20
-1335.859985
  0
VERTEX
  8
1
  10
-59343.242188
  20
-1337.274170
  0
VERTEX
  8
1
  10
-59342.377930
  20
-1338.630371
  0
VERTEX
  8
1
  10
-59341.474609
  20
-1339.917297
  0
VERTEX
  8
1
  10
-59340.493164
  20
-1341.196289
  0
VERTEX
  8
1
  10
-59339.443359
  20
-1342.444611
  0
VERTEX
  8
1
  10
-59338.334961
  20
-1343.659668
  0
VERTEX
  8
1
  10
-59337.163086
  20
-1344.838409
  0
VERTEX
  8
1
  10
-59335.815430
  20
-1346.090088
  0
VERTEX
  8
1
  10
-59334.409180
  20
-1347.291107
  0
VERTEX
  8
1
  10
-59332.905273
  20
-1348.471832
  0
VERTEX
  8
1
  10
-59331.235352
  20
-1349.675903
  0
VERTEX
  8
1
  10
-59329.375000
  20
-1350.916443
  0
VERTEX
  8
1
  10
-59327.397461
  20
-1352.144470
  0
VERTEX
  8
1
  10
-59325.151367
  20
-1353.441467
  0
VERTEX
  8
1
  10
-59322.939453
  20
-1354.633484
  0
VERTEX
  8
1
  10
-59319.399414
  20
-1356.425934
  0
VERTEX
  8
1
  10
-59313.461914
  20
-1359.481964
  0
VERTEX
  8
1
  10
-59315.239258
  20
-1366.712952
  0
VERTEX
  8
1
  10
-59316.806641
  20
-1373.051910
  0
VERTEX
  8
1
  10
-59319.184570
  20
-1382.826233
  0
VERTEX
  8
1
  10
-59321.557617
  20
-1392.883301
  0
VERTEX
  8
1
  10
-59323.642578
  20
-1402.042999
  0
VERTEX
  8
1
  10
-59325.668945
  20
-1411.335907
  0
VERTEX
  8
1
  10
-59327.612305
  20
-1420.646667
  0
VERTEX
  8
1
  10
-59329.482422
  20
-1429.999237
  0
VERTEX
  8
1
  10
-59331.264648
  20
-1439.344177
  0
VERTEX
  8
1
  10
-59332.973633
  20
-1448.705597
  0
VERTEX
  8
1
  10
-59334.658203
  20
-1458.430176
  0
VERTEX
  8
1
  10
-59336.279297
  20
-1468.260345
  0
VERTEX
  8
1
  10
-59337.856445
  20
-1478.364563
  0
VERTEX
  8
1
  10
-59339.355469
  20
-1488.484497
  0
VERTEX
  8
1
  10
-59340.742188
  20
-1498.403168
  0
VERTEX
  8
1
  10
-59342.084961
  20
-1508.550262
  0
VERTEX
  8
1
  10
-59343.354492
  20
-1518.708649
  0
VERTEX
  8
1
  10
-59344.526367
  20
-1528.663177
  0
VERTEX
  8
1
  10
-59345.649414
  20
-1538.841553
  0
VERTEX
  8
1
  10
-59346.708984
  20
-1549.028778
  0
VERTEX
  8
1
  10
-59347.675781
  20
-1559.023590
  0
VERTEX
  8
1
  10
-59348.598633
  20
-1569.227905
  0
VERTEX
  8
1
  10
-59349.458008
  20
-1579.442596
  0
VERTEX
  8
1
  10
-59350.244141
  20
-1589.445953
  0
VERTEX
  8
1
  10
-59350.991211
  20
-1599.676971
  0
VERTEX
  8
1
  10
-59351.689453
  20
-1609.912872
  0
VERTEX
  8
1
  10
-59352.324219
  20
-1619.935608
  0
VERTEX
  8
1
  10
-59352.924805
  20
-1630.180969
  0
VERTEX
  8
1
  10
-59353.476563
  20
-1640.432129
  0
VERTEX
  8
1
  10
-59353.979492
  20
-1650.474701
  0
VERTEX
  8
1
  10
-59354.448242
  20
-1660.736389
  0
VERTEX
  8
1
  10
-59354.882813
  20
-1671.002808
  0
VERTEX
  8
1
  10
-59355.273438
  20
-1681.062164
  0
VERTEX
  8
1
  10
-59355.644531
  20
-1691.336670
  0
VERTEX
  8
1
  10
-59355.991211
  20
-1701.613922
  0
VERTEX
  8
1
  10
-59356.303711
  20
-1711.870880
  0
VERTEX
  8
1
  10
-59356.591797
  20
-1721.971283
  0
VERTEX
  8
1
  10
-59356.865234
  20
-1732.146454
  0
VERTEX
  8
1
  10
-59357.128906
  20
-1742.616425
  0
VERTEX
  8
1
  10
-59357.128906
  20
-1742.617035
  0
VERTEX
  8
1
  10
-59357.412109
  20
-1750.667877
  0
VERTEX
  8
1
  10
-59357.763672
  20
-1760.818787
  0
VERTEX
  8
1
  10
-59358.105469
  20
-1771.087799
  0
VERTEX
  8
1
  10
-59358.427734
  20
-1781.136932
  0
VERTEX
  8
1
  10
-59358.750000
  20
-1791.477203
  0
VERTEX
  8
1
  10
-59359.052734
  20
-1801.818848
  0
VERTEX
  8
1
  10
-59359.335938
  20
-1811.882477
  0
VERTEX
  8
1
  10
-59359.619141
  20
-1822.226715
  0
VERTEX
  8
1
  10
-59359.892578
  20
-1832.572327
  0
VERTEX
  8
1
  10
-59360.146484
  20
-1842.637634
  0
VERTEX
  8
1
  10
-59360.395508
  20
-1852.984161
  0
VERTEX
  8
1
  10
-59360.639648
  20
-1863.329773
  0
VERTEX
  8
1
  10
-59360.874023
  20
-1873.674316
  0
VERTEX
  8
1
  10
-59361.083984
  20
-1883.736420
  0
VERTEX
  8
1
  10
-59361.293945
  20
-1894.083557
  0
VERTEX
  8
1
  10
-59361.494141
  20
-1904.432983
  0
VERTEX
  8
1
  10
-59361.684570
  20
-1914.499054
  0
VERTEX
  8
1
  10
-59361.870117
  20
-1924.848938
  0
VERTEX
  8
1
  10
-59362.050781
  20
-1935.198212
  0
VERTEX
  8
1
  10
-59362.216797
  20
-1945.261383
  0
VERTEX
  8
1
  10
-59362.377930
  20
-1955.610657
  0
VERTEX
  8
1
  10
-59362.529297
  20
-1965.960388
  0
VERTEX
  8
1
  10
-59362.670898
  20
-1976.024933
  0
VERTEX
  8
1
  10
-59362.812500
  20
-1986.376495
  0
VERTEX
  8
1
  10
-59362.944336
  20
-1996.728821
  0
VERTEX
  8
1
  10
-59363.071289
  20
-2006.795349
  0
VERTEX
  8
1
  10
-59363.193359
  20
-2017.148895
  0
VERTEX
  8
1
  10
-59363.310547
  20
-2027.501984
  0
VERTEX
  8
1
  10
-59363.422852
  20
-2037.854919
  0
VERTEX
  8
1
  10
-59363.530273
  20
-2047.883301
  0
VERTEX
  8
1
  10
-59363.632813
  20
-2058.236847
  0
VERTEX
  8
1
  10
-59363.730469
  20
-2068.590851
  0
VERTEX
  8
1
  10
-59363.823242
  20
-2078.791046
  0
VERTEX
  8
1
  10
-59363.916016
  20
-2089.145966
  0
VERTEX
  8
1
  10
-59364.003906
  20
-2099.501343
  0
VERTEX
  8
1
  10
-59364.086914
  20
-2109.569550
  0
VERTEX
  8
1
  10
-59364.165039
  20
-2119.925690
  0
VERTEX
  8
1
  10
-59364.248047
  20
-2130.282440
  0
VERTEX
  8
1
  10
-59364.321289
  20
-2140.321503
  0
VERTEX
  8
1
  10
-59364.399414
  20
-2150.407715
  0
VERTEX
  8
1
  10
-59364.477539
  20
-2160.813599
  0
VERTEX
  8
1
  10
-59364.550781
  20
-2171.058502
  0
VERTEX
  8
1
  10
-59364.550781
  20
-2171.058502
  0
VERTEX
  8
1
  10
-59364.477539
  20
-2181.303406
  0
VERTEX
  8
1
  10
-59364.399414
  20
-2191.709290
  0
VERTEX
  8
1
  10
-59364.321289
  20
-2201.795502
  0
VERTEX
  8
1
  10
-59364.291992
  20
-2206.058502
  0
VERTEX
  8
1
  10
-59380.205078
  20
-2206.058502
  0
VERTEX
  8
1
  10
-59390.195313
  20
-2206.058502
  0
VERTEX
  8
1
  10
-59400.302734
  20
-2206.058502
  0
VERTEX
  8
1
  10
-59410.493164
  20
-2206.058502
  0
VERTEX
  8
1
  10
-59420.688477
  20
-2206.058502
  0
VERTEX
  8
1
  10
-59430.878906
  20
-2206.058502
  0
VERTEX
  8
1
  10
-59441.215820
  20
-2206.058502
  0
VERTEX
  8
1
  10
-59451.411133
  20
-2206.058502
  0
VERTEX
  8
1
  10
-59461.601563
  20
-2206.058502
  0
VERTEX
  8
1
  10
-59471.796875
  20
-2206.058502
  0
VERTEX
  8
1
  10
-59482.167969
  20
-2206.058502
  0
VERTEX
  8
1
  10
-59492.358398
  20
-2206.058502
  0
VERTEX
  8
1
  10
-59502.553711
  20
-2206.058502
  0
VERTEX
  8
1
  10
-59512.749023
  20
-2206.058502
  0
VERTEX
  8
1
  10
-59522.944336
  20
-2206.058502
  0
VERTEX
  8
1
  10
-59533.007813
  20
-2206.058502
  0
VERTEX
  8
1
  10
-59543.291016
  20
-2206.058502
  0
VERTEX
  8
1
  10
-59553.476563
  20
-2206.058502
  0
SEQEND
  8
1
  0
POINT
  8
2
 10
-59574.633789
 20
-2206.058502
  0
TEXT
  8
2
 10
-59574.633789
 20
-2206.058502
 40
0.000000
 50
0.000000
  1
# 1
  0
POINT
  8
2
 10
-59573.872070
 20
-2171.058502
  0
TEXT
  8
2
 10
-59573.872070
 20
-2171.058502
 40
0.000000
 50
0.000000
  1
# 2
  0
POINT
  8
2
 10
-59583.178711
 20
-1742.788086
  0
TEXT
  8
2
 10
-59583.178711
 20
-1742.788086
 40
0.000000
 50
0.000000
  1
# 3
  0
POINT
  8
2
 10
-59614.941406
 20
-1390.570068
  0
TEXT
  8
2
 10
-59614.941406
 20
-1390.570068
 40
0.000000
 50
0.000000
  1
# 4
  0
POINT
  8
2
 10
-59619.599609
 20
-1298.607788
  0
TEXT
  8
2
 10
-59619.599609
 20
-1298.607788
 40
0.000000
 50
0.000000
  1
# 5
  0
POINT
  8
2
 10
-59562.167969
 20
-1132.025833
  0
TEXT
  8
2
 10
-59562.167969
 20
-1132.025833
 40
0.000000
 50
0.000000
  1
# 6
  0
POINT
  8
2
 10
-59380.405273
 20
-1142.337341
  0
TEXT
  8
2
 10
-59380.405273
 20
-1142.337341
 40
0.000000
 50
0.000000
  1
# 7
  0
POINT
  8
2
 10
-59365.371094
 20
-1142.051849
  0
TEXT
  8
2
 10
-59365.371094
 20
-1142.051849
 40
0.000000
 50
0.000000
  1
# 8
  0
POINT
  8
2
 10
-59347.509766
 20
-1283.398895
  0
TEXT
  8
2
 10
-59347.509766
 20
-1283.398895
 40
0.000000
 50
0.000000
  1
# 9
  0
POINT
  8
2
 10
-59352.490234
 20
-1298.737335
  0
TEXT
  8
2
 10
-59352.490234
 20
-1298.737335
 40
0.000000
 50
0.000000
  1
# 10
  0
POINT
  8
2
 10
-59313.461914
 20
-1359.481964
  0
TEXT
  8
2
 10
-59313.461914
 20
-1359.481964
 40
0.000000
 50
0.000000
  1
# 11
  0
POINT
  8
2
 10
-59357.128906
 20
-1742.616425
  0
TEXT
  8
2
 10
-59357.128906
 20
-1742.616425
 40
0.000000
 50
0.000000
  1
# 12
  0
POINT
  8
2
 10
-59364.550781
 20
-2171.058502
  0
TEXT
  8
2
 10
-59364.550781
 20
-2171.058502
 40
0.000000
 50
0.000000
  1
# 13
  0
POINT
  8
2
 10
-59364.291992
 20
-2206.058502
  0
TEXT
  8
2
 10
-59364.291992
 20
-2206.058502
 40
0.000000
 50
0.000000
  1
# 14
  0
POINT
  8
3
 10
-59574.545898
 20
-2201.806335
  0
POINT
  8
3
 10
-59574.321289
 20
-2191.521149
  0
POINT
  8
3
 10
-59574.101563
 20
-2181.390839
  0
POINT
  8
3
 10
-59573.872070
 20
-2171.058502
  0
POINT
  8
3
 10
-59574.101563
 20
-2160.726166
  0
POINT
  8
3
 10
-59574.321289
 20
-2150.595856
  0
POINT
  8
3
 10
-59574.545898
 20
-2140.310669
  0
POINT
  8
3
 10
-59574.770508
 20
-2129.989929
  0
POINT
  8
3
 10
-59574.990234
 20
-2119.881592
  0
POINT
  8
3
 10
-59575.209961
 20
-2109.773560
  0
POINT
  8
3
 10
-59575.429688
 20
-2099.665833
  0
POINT
  8
3
 10
-59575.654297
 20
-2089.348602
  0
POINT
  8
3
 10
-59575.874023
 20
-2079.240265
  0
POINT
  8
3
 10
-59576.093750
 20
-2069.131165
  0
POINT
  8
3
 10
-59576.318359
 20
-2058.861542
  0
POINT
  8
3
 10
-59576.538086
 20
-2048.752136
  0
POINT
  8
3
 10
-59576.752930
 20
-2038.643951
  0
POINT
  8
3
 10
-59576.972656
 20
-2028.537140
  0
POINT
  8
3
 10
-59577.192383
 20
-2018.525696
  0
POINT
  8
3
 10
-59577.412109
 20
-2008.418427
  0
POINT
  8
3
 10
-59577.636719
 20
-1998.309937
  0
POINT
  8
3
 10
-59577.861328
 20
-1987.943268
  0
POINT
  8
3
 10
-59578.081055
 20
-1977.833405
  0
POINT
  8
3
 10
-59578.300781
 20
-1967.724304
  0
POINT
  8
3
 10
-59578.515625
 20
-1957.615814
  0
POINT
  8
3
 10
-59578.735352
 20
-1947.448273
  0
POINT
  8
3
 10
-59578.955078
 20
-1937.340546
  0
POINT
  8
3
 10
-59579.174805
 20
-1927.232819
  0
POINT
  8
3
 10
-59579.394531
 20
-1917.124939
  0
POINT
  8
3
 10
-59579.619141
 20
-1906.862946
  0
POINT
  8
3
 10
-59579.838867
 20
-1896.754608
  0
POINT
  8
3
 10
-59580.058594
 20
-1886.645966
  0
POINT
  8
3
 10
-59580.283203
 20
-1876.430054
  0
POINT
  8
3
 10
-59580.502930
 20
-1866.321259
  0
POINT
  8
3
 10
-59580.722656
 20
-1856.212616
  0
POINT
  8
3
 10
-59580.942383
 20
-1845.873413
  0
POINT
  8
3
 10
-59581.162109
 20
-1835.765228
  0
POINT
  8
3
 10
-59581.381836
 20
-1825.657349
  0
POINT
  8
3
 10
-59581.601563
 20
-1815.549927
  0
POINT
  8
3
 10
-59581.826172
 20
-1805.359802
  0
POINT
  8
3
 10
-59582.045898
 20
-1795.251923
  0
POINT
  8
3
 10
-59582.265625
 20
-1785.142975
  0
POINT
  8
3
 10
-59582.490234
 20
-1774.786377
  0
POINT
  8
3
 10
-59582.714844
 20
-1764.536438
  0
POINT
  8
3
 10
-59582.929688
 20
-1754.386444
  0
POINT
  8
3
 10
-59583.144531
 20
-1744.432678
  0
POINT
  8
3
 10
-59583.183594
 20
-1742.745209
  0
POINT
  8
3
 10
-59583.295898
 20
-1740.441284
  0
POINT
  8
3
 10
-59583.637695
 20
-1733.465576
  0
POINT
  8
3
 10
-59584.194336
 20
-1723.363342
  0
POINT
  8
3
 10
-59584.814453
 20
-1713.304596
  0
POINT
  8
3
 10
-59585.478516
 20
-1703.224945
  0
POINT
  8
3
 10
-59586.157227
 20
-1693.179932
  0
POINT
  8
3
 10
-59586.850586
 20
-1683.085938
  0
POINT
  8
3
 10
-59587.563477
 20
-1673.000641
  0
POINT
  8
3
 10
-59588.305664
 20
-1662.818756
  0
POINT
  8
3
 10
-59589.072266
 20
-1652.746429
  0
POINT
  8
3
 10
-59589.868164
 20
-1642.677460
  0
POINT
  8
3
 10
-59590.683594
 20
-1632.714233
  0
POINT
  8
3
 10
-59591.542969
 20
-1622.652283
  0
POINT
  8
3
 10
-59592.436523
 20
-1612.593842
  0
POINT
  8
3
 10
-59593.359375
 20
-1602.588806
  0
POINT
  8
3
 10
-59594.321289
 20
-1592.535400
  0
POINT
  8
3
 10
-59595.312500
 20
-1582.481537
  0
POINT
  8
3
 10
-59596.328125
 20
-1572.473450
  0
POINT
  8
3
 10
-59597.368164
 20
-1562.417603
  0
POINT
  8
3
 10
-59598.432617
 20
-1552.359619
  0
POINT
  8
3
 10
-59599.506836
 20
-1542.346497
  0
POINT
  8
3
 10
-59600.595703
 20
-1532.285156
  0
POINT
  8
3
 10
-59601.699219
 20
-1522.223206
  0
POINT
  8
3
 10
-59602.812500
 20
-1512.135468
  0
POINT
  8
3
 10
-59603.925781
 20
-1502.068939
  0
POINT
  8
3
 10
-59605.043945
 20
-1491.996307
  0
POINT
  8
3
 10
-59606.152344
 20
-1481.969452
  0
POINT
  8
3
 10
-59607.250977
 20
-1471.883545
  0
POINT
  8
3
 10
-59608.334961
 20
-1461.790924
  0
POINT
  8
3
 10
-59609.394531
 20
-1451.743317
  0
POINT
  8
3
 10
-59610.429688
 20
-1441.631470
  0
POINT
  8
3
 10
-59611.425781
 20
-1431.504059
  0
POINT
  8
3
 10
-59612.368164
 20
-1421.379700
  0
POINT
  8
3
 10
-59613.271484
 20
-1411.128998
  0
POINT
  8
3
 10
-59614.116211
 20
-1400.968018
  0
POINT
  8
3
 10
-59615.170898
 20
-1387.907867
  0
POINT
  8
3
 10
-59615.996094
 20
-1377.856293
  0
POINT
  8
3
 10
-59616.767578
 20
-1367.821503
  0
POINT
  8
3
 10
-59617.470703
 20
-1357.727814
  0
POINT
  8
3
 10
-59618.032227
 20
-1348.423462
  0
POINT
  8
3
 10
-59618.486328
 20
-1339.507599
  0
POINT
  8
3
 10
-59618.837891
 20
-1331.010437
  0
POINT
  8
3
 10
-59619.145508
 20
-1321.311798
  0
POINT
  8
3
 10
-59619.394531
 20
-1310.878143
  0
POINT
  8
3
 10
-59619.531250
 20
-1302.517548
  0
POINT
  8
3
 10
-59555.058594
 20
-1133.122406
  0
POINT
  8
3
 10
-59550.322266
 20
-1133.861465
  0
POINT
  8
3
 10
-59541.547852
 20
-1135.195847
  0
POINT
  8
3
 10
-59533.867188
 20
-1136.283798
  0
POINT
  8
3
 10
-59526.171875
 20
-1137.292099
  0
POINT
  8
3
 10
-59518.134766
 20
-1138.260345
  0
POINT
  8
3
 10
-59510.053711
 20
-1139.146729
  0
POINT
  8
3
 10
-59502.329102
 20
-1139.912796
  0
POINT
  8
3
 10
-59494.604492
 20
-1140.596848
  0
POINT
  8
3
 10
-59487.216797
 20
-1141.171036
  0
POINT
  8
3
 10
-59479.882813
 20
-1141.659698
  0
POINT
  8
3
 10
-59472.485352
 20
-1142.068939
  0
POINT
  8
3
 10
-59468.979492
 20
-1142.224426
  0
POINT
  8
3
 10
-59465.078125
 20
-1142.397385
  0
POINT
  8
3
 10
-59457.329102
 20
-1142.658463
  0
POINT
  8
3
 10
-59449.189453
 20
-1142.846451
  0
POINT
  8
3
 10
-59440.742188
 20
-1142.955017
  0
POINT
  8
3
 10
-59431.259766
 20
-1142.988281
  0
POINT
  8
3
 10
-59421.074219
 20
-1142.942352
  0
POINT
  8
3
 10
-59410.869141
 20
-1142.836075
  0
POINT
  8
3
 10
-59400.825195
 20
-1142.695236
  0
POINT
  8
3
 10
-59390.717773
 20
-1142.528992
  0
POINT
  8
3
 10
-59364.282227
 20
-1150.664063
  0
POINT
  8
3
 10
-59363.271484
 20
-1158.671494
  0
POINT
  8
3
 10
-59362.006836
 20
-1168.683167
  0
POINT
  8
3
 10
-59360.708008
 20
-1178.927231
  0
POINT
  8
3
 10
-59359.423828
 20
-1189.112320
  0
POINT
  8
3
 10
-59358.129883
 20
-1199.351959
  0
POINT
  8
3
 10
-59356.826172
 20
-1209.660110
  0
POINT
  8
3
 10
-59355.527344
 20
-1219.968262
  0
POINT
  8
3
 10
-59354.238281
 20
-1230.143280
  0
POINT
  8
3
 10
-59352.939453
 20
-1240.450974
  0
POINT
  8
3
 10
-59351.650391
 20
-1250.651169
  0
POINT
  8
3
 10
-59350.371094
 20
-1260.771713
  0
POINT
  8
3
 10
-59349.096680
 20
-1270.845871
  0
POINT
  8
3
 10
-59348.046875
 20
-1279.151459
  0
POINT
  8
3
 10
-59349.892578
 20
-1290.735931
  0
POINT
  8
3
 10
-59352.387695
 20
-1300.247650
  0
POINT
  8
3
 10
-59352.016602
 20
-1304.454803
  0
POINT
  8
3
 10
-59351.591797
 20
-1308.399200
  0
POINT
  8
3
 10
-59351.157227
 20
-1311.791687
  0
POINT
  8
3
 10
-59350.703125
 20
-1314.776001
  0
POINT
  8
3
 10
-59350.209961
 20
-1317.536774
  0
POINT
  8
3
 10
-59349.687500
 20
-1320.069427
  0
POINT
  8
3
 10
-59349.096680
 20
-1322.556610
  0
POINT
  8
3
 10
-59348.481445
 20
-1324.823303
  0
POINT
  8
3
 10
-59347.807617
 20
-1327.021027
  0
POINT
  8
3
 10
-59347.119141
 20
-1329.028015
  0
POINT
  8
3
 10
-59346.367188
 20
-1330.979919
  0
POINT
  8
3
 10
-59345.625000
 20
-1332.714386
  0
POINT
  8
3
 10
-59344.829102
 20
-1334.390717
  0
POINT
  8
3
 10
-59344.057617
 20
-1335.859985
  0
POINT
  8
3
 10
-59343.242188
 20
-1337.274170
  0
POINT
  8
3
 10
-59342.377930
 20
-1338.630371
  0
POINT
  8
3
 10
-59341.474609
 20
-1339.917297
  0
POINT
  8
3
 10
-59340.493164
 20
-1341.196289
  0
POINT
  8
3
 10
-59339.443359
 20
-1342.444611
  0
POINT
  8
3
 10
-59338.334961
 20
-1343.659668
  0
POINT
  8
3
 10
-59337.163086
 20
-1344.838409
  0
POINT
  8
3
 10
-59335.815430
 20
-1346.090088
  0
POINT
  8
3
 10
-59334.409180
 20
-1347.291107
  0
POINT
  8
3
 10
-59332.905273
 20
-1348.471832
  0
POINT
  8
3
 10
-59331.235352
 20
-1349.675903
  0
POINT
  8
3
 10
-59329.375000
 20
-1350.916443
  0
POINT
  8
3
 10
-59327.397461
 20
-1352.144470
  0
POINT
  8
3
 10
-59325.151367
 20
-1353.441467
  0
POINT
  8
3
 10
-59322.939453
 20
-1354.633484
  0
POINT
  8
3
 10
-59319.399414
 20
-1356.425934
  0
POINT
  8
3
 10
-59315.239258
 20
-1366.712952
  0
POINT
  8
3
 10
-59316.806641
 20
-1373.051910
  0
POINT
  8
3
 10
-59319.184570
 20
-1382.826233
  0
POINT
  8
3
 10
-59321.557617
 20
-1392.883301
  0
POINT
  8
3
 10
-59323.642578
 20
-1402.042999
  0
POINT
  8
3
 10
-59325.668945
 20
-1411.335907
  0
POINT
  8
3
 10
-59327.612305
 20
-1420.646667
  0
POINT
  8
3
 10
-59329.482422
 20
-1429.999237
  0
POINT
  8
3
 10
-59331.264648
 20
-1439.344177
  0
POINT
  8
3
 10
-59332.973633
 20
-1448.705597
  0
POINT
  8
3
 10
-59334.658203
 20
-1458.430176
  0
POINT
  8
3
 10
-59336.279297
 20
-1468.260345
  0
POINT
  8
3
 10
-59337.856445
 20
-1478.364563
  0
POINT
  8
3
 10
-59339.355469
 20
-1488.484497
  0
POINT
  8
3
 10
-59340.742188
 20
-1498.403168
  0
POINT
  8
3
 10
-59342.084961
 20
-1508.550262
  0
POINT
  8
3
 10
-59343.354492
 20
-1518.708649
  0
POINT
  8
3
 10
-59344.526367
 20
-1528.663177
  0
POINT
  8
3
 10
-59345.649414
 20
-1538.841553
  0
POINT
  8
3
 10
-59346.708984
 20
-1549.028778
  0
POINT
  8
3
 10
-59347.675781
 20
-1559.023590
  0
POINT
  8
3
 10
-59348.598633
 20
-1569.227905
  0
POINT
  8
3
 10
-59349.458008
 20
-1579.442596
  0
POINT
  8
3
 10
-59350.244141
 20
-1589.445953
  0
POINT
  8
3
 10
-59350.991211
 20
-1599.676971
  0
POINT
  8
3
 10
-59351.689453
 20
-1609.912872
  0
POINT
  8
3
 10
-59352.324219
 20
-1619.935608
  0
POINT
  8
3
 10
-59352.924805
 20
-1630.180969
  0
POINT
  8
3
 10
-59353.476563
 20
-1640.432129
  0
POINT
  8
3
 10
-59353.979492
 20
-1650.474701
  0
POINT
  8
3
 10
-59354.448242
 20
-1660.736389
  0
POINT
  8
3
 10
-59354.882813
 20
-1671.002808
  0
POINT
  8
3
 10
-59355.273438
 20
-1681.062164
  0
POINT
  8
3
 10
-59355.644531
 20
-1691.336670
  0
POINT
  8
3
 10
-59355.991211
 20
-1701.613922
  0
POINT
  8
3
 10
-59356.303711
 20
-1711.870880
  0
POINT
  8
3
 10
-59356.591797
 20
-1721.971283
  0
POINT
  8
3
 10
-59356.865234
 20
-1732.146454
  0
POINT
  8
3
 10
-59357.128906
 20
-1742.617035
  0
POINT
  8
3
 10
-59357.412109
 20
-1750.667877
  0
POINT
  8
3
 10
-59357.763672
 20
-1760.818787
  0
POINT
  8
3
 10
-59358.105469
 20
-1771.087799
  0
POINT
  8
3
 10
-59358.427734
 20
-1781.136932
  0
POINT
  8
3
 10
-59358.750000
 20
-1791.477203
  0
POINT
  8
3
 10
-59359.052734
 20
-1801.818848
  0
POINT
  8
3
 10
-59359.335938
 20
-1811.882477
  0
POINT
  8
3
 10
-59359.619141
 20
-1822.226715
  0
POINT
  8
3
 10
-59359.892578
 20
-1832.572327
  0
POINT
  8
3
 10
-59360.146484
 20
-1842.637634
  0
POINT
  8
3
 10
-59360.395508
 20
-1852.984161
  0
POINT
  8
3
 10
-59360.639648
 20
-1863.329773
  0
POINT
  8
3
 10
-59360.874023
 20
-1873.674316
  0
POINT
  8
3
 10
-59361.083984
 20
-1883.736420
  0
POINT
  8
3
 10
-59361.293945
 20
-1894.083557
  0
POINT
  8
3
 10
-59361.494141
 20
-1904.432983
  0
POINT
  8
3
 10
-59361.684570
 20
-1914.499054
  0
POINT
  8
3
 10
-59361.870117
 20
-1924.848938
  0
POINT
  8
3
 10
-59362.050781
 20
-1935.198212
  0
POINT
  8
3
 10
-59362.216797
 20
-1945.261383
  0
POINT
  8
3
 10
-59362.377930
 20
-1955.610657
  0
POINT
  8
3
 10
-59362.529297
 20
-1965.960388
  0
POINT
  8
3
 10
-59362.670898
 20
-1976.024933
  0
POINT
  8
3
 10
-59362.812500
 20
-1986.376495
  0
POINT
  8
3
 10
-59362.944336
 20
-1996.728821
  0
POINT
  8
3
 10
-59363.071289
 20
-2006.795349
  0
POINT
  8
3
 10
-59363.193359
 20
-2017.148895
  0
POINT
  8
3
 10
-59363.310547
 20
-2027.501984
  0
POINT
  8
3
 10
-59363.422852
 20
-2037.854919
  0
POINT
  8
3
 10
-59363.530273
 20
-2047.883301
  0
POINT
  8
3
 10
-59363.632813
 20
-2058.236847
  0
POINT
  8
3
 10
-59363.730469
 20
-2068.590851
  0
POINT
  8
3
 10
-59363.823242
 20
-2078.791046
  0
POINT
  8
3
 10
-59363.916016
 20
-2089.145966
  0
POINT
  8
3
 10
-59364.003906
 20
-2099.501343
  0
POINT
  8
3
 10
-59364.086914
 20
-2109.569550
  0
POINT
  8
3
 10
-59364.165039
 20
-2119.925690
  0
POINT
  8
3
 10
-59364.248047
 20
-2130.282440
  0
POINT
  8
3
 10
-59364.321289
 20
-2140.321503
  0
POINT
  8
3
 10
-59364.399414
 20
-2150.407715
  0
POINT
  8
3
 10
-59364.477539
 20
-2160.813599
  0
POINT
  8
3
 10
-59364.550781
 20
-2171.058502
  0
POINT
  8
3
 10
-59364.477539
 20
-2181.303406
  0
POINT
  8
3
 10
-59364.399414
 20
-2191.709290
  0
POINT
  8
3
 10
-59364.321289
 20
-2201.795502
  0
POINT
  8
3
 10
-59380.205078
 20
-2206.058502
  0
POINT
  8
3
 10
-59390.195313
 20
-2206.058502
  0
POINT
  8
3
 10
-59400.302734
 20
-2206.058502
  0
POINT
  8
3
 10
-59410.493164
 20
-2206.058502
  0
POINT
  8
3
 10
-59420.688477
 20
-2206.058502
  0
POINT
  8
3
 10
-59430.878906
 20
-2206.058502
  0
POINT
  8
3
 10
-59441.215820
 20
-2206.058502
  0
POINT
  8
3
 10
-59451.411133
 20
-2206.058502
  0
POINT
  8
3
 10
-59461.601563
 20
-2206.058502
  0
POINT
  8
3
 10
-59471.796875
 20
-2206.058502
  0
POINT
  8
3
 10
-59482.167969
 20
-2206.058502
  0
POINT
  8
3
 10
-59492.358398
 20
-2206.058502
  0
POINT
  8
3
 10
-59502.553711
 20
-2206.058502
  0
POINT
  8
3
 10
-59512.749023
 20
-2206.058502
  0
POINT
  8
3
 10
-59522.944336
 20
-2206.058502
  0
POINT
  8
3
 10
-59533.007813
 20
-2206.058502
  0
POINT
  8
3
 10
-59543.291016
 20
-2206.058502
  0
POINT
  8
3
 10
-59553.476563
 20
-2206.058502
  0
POINT
  8
4
 10
-59573.872070
 20
-2171.058502
 30
1.000000
 50
  0.00
  0
TEXT
  8
4
 10
-59573.872070
 20
-2171.058502
 40
0.000000
 50
0.000000
  1
# 15
  0
POINT
  8
4
 10
-59583.183594
 20
-1742.745209
 30
1.000000
 50
  2.82
  0
TEXT
  8
4
 10
-59583.183594
 20
-1742.745209
 40
0.000000
 50
0.000000
  1
# 16
  0
POINT
  8
4
 10
-59468.979492
 20
-1142.224426
 30
1.000000
 50
270.00
  0
TEXT
  8
4
 10
-59468.979492
 20
-1142.224426
 40
0.000000
 50
0.000000
  1
# 17
  0
POINT
  8
4
 10
-59357.128906
 20
-1742.617035
 30
1.000000
 50
177.98
  0
TEXT
  8
4
 10
-59357.128906
 20
-1742.617035
 40
0.000000
 50
0.000000
  1
# 18
  0
POINT
  8
4
 10
-59364.550781
 20
-2171.058502
 30
1.000000
 50
180.00
  0
TEXT
  8
4
 10
-59364.550781
 20
-2171.058502
 40
0.000000
 50
0.000000
  1
# 19
  0
POLYLINE
  8
14
  66
1
  70
1
  0
VERTEX
  8
14
  10
-59563.872070
  20
-2171.058502
  0
VERTEX
  8
14
  10
-59563.872070
  20
-2171.058502
  0
VERTEX
  8
14
  10
-59564.101799
  20
-2160.508444
  0
VERTEX
  8
14
  10
-59564.322300
  20
-2150.378313
  0
VERTEX
  8
14
  10
-59564.546089
  20
-2140.093129
  0
VERTEX
  8
14
  10
-59564.770541
  20
-2129.772548
  0
VERTEX
  8
14
  10
-59564.990317
  20
-2119.664239
  0
VERTEX
  8
14
  10
-59565.210253
  20
-2109.555928
  0
VERTEX
  8
14
  10
-59565.430591
  20
-2099.447620
  0
VERTEX
  8
14
  10
-59565.656125
  20
-2089.129867
  0
VERTEX
  8
14
  10
-59565.877357
  20
-2079.021587
  0
VERTEX
  8
14
  10
-59566.098096
  20
-2068.913300
  0
VERTEX
  8
14
  10
-59566.321018
  20
-2058.645428
  0
VERTEX
  8
14
  10
-59566.538899
  20
-2048.537090
  0
VERTEX
  8
14
  10
-59566.756307
  20
-2038.428731
  0
VERTEX
  8
14
  10
-59566.974570
  20
-2028.320397
  0
VERTEX
  8
14
  10
-59567.192798
  20
-2018.306759
  0
VERTEX
  8
14
  10
-59567.414761
  20
-2008.198477
  0
VERTEX
  8
14
  10
-59567.637100
  20
-1998.090223
  0
VERTEX
  8
14
  10
-59567.864094
  20
-1987.725229
  0
VERTEX
  8
14
  10
-59568.083687
  20
-1977.616931
  0
VERTEX
  8
14
  10
-59568.302077
  20
-1967.508592
  0
VERTEX
  8
14
  10
-59568.520026
  20
-1957.400265
  0
VERTEX
  8
14
  10
-59568.739580
  20
-1947.232048
  0
VERTEX
  8
14
  10
-59568.958527
  20
-1937.123721
  0
VERTEX
  8
14
  10
-59569.178076
  20
-1927.015427
  0
VERTEX
  8
14
  10
-59569.398124
  20
-1916.907149
  0
VERTEX
  8
14
  10
-59569.621903
  20
-1906.644789
  0
VERTEX
  8
14
  10
-59569.842438
  20
-1896.536530
  0
VERTEX
  8
14
  10
-59570.062798
  20
-1886.428244
  0
VERTEX
  8
14
  10
-59570.285024
  20
-1876.212885
  0
VERTEX
  8
14
  10
-59570.504382
  20
-1866.104556
  0
VERTEX
  8
14
  10
-59570.723323
  20
-1855.996213
  0
VERTEX
  8
14
  10
-59570.946962
  20
-1845.657243
  0
VERTEX
  8
14
  10
-59571.165513
  20
-1835.548935
  0
VERTEX
  8
14
  10
-59571.384357
  20
-1825.440602
  0
VERTEX
  8
14
  10
-59571.603918
  20
-1815.332290
  0
VERTEX
  8
14
  10
-59571.826405
  20
-1805.141060
  0
VERTEX
  8
14
  10
-59572.047894
  20
-1795.032800
  0
VERTEX
  8
14
  10
-59572.269226
  20
-1784.924536
  0
VERTEX
  8
14
  10
-59572.494766
  20
-1774.569487
  0
VERTEX
  8
14
  10
-59572.716264
  20
-1764.321112
  0
VERTEX
  8
14
  10
-59572.934251
  20
-1754.172326
  0
VERTEX
  8
14
  10
-59573.146871
  20
-1744.219695
  0
VERTEX
  8
14
  10
-59573.193359
  20
-1742.264557
  0
VERTEX
  8
14
  10
-59573.193359
  20
-1742.253723
  0
VERTEX
  8
14
  10
-59573.651349
  20
-1732.950734
  0
VERTEX
  8
14
  10
-59574.211731
  20
-1722.777416
  0
VERTEX
  8
14
  10
-59574.834403
  20
-1712.665220
  0
VERTEX
  8
14
  10
-59575.499458
  20
-1702.555466
  0
VERTEX
  8
14
  10
-59576.180163
  20
-1692.500134
  0
VERTEX
  8
14
  10
-59576.875187
  20
-1682.392580
  0
VERTEX
  8
14
  10
-59577.587690
  20
-1672.286355
  0
VERTEX
  8
14
  10
-59578.332932
  20
-1662.076286
  0
VERTEX
  8
14
  10
-59579.100257
  20
-1651.974034
  0
VERTEX
  8
14
  10
-59579.898419
  20
-1641.874146
  0
VERTEX
  8
14
  10
-59580.719773
  20
-1631.879368
  0
VERTEX
  8
14
  10
-59581.582079
  20
-1621.784696
  0
VERTEX
  8
14
  10
-59582.477885
  20
-1611.692922
  0
VERTEX
  8
14
  10
-59583.403333
  20
-1601.653812
  0
VERTEX
  8
14
  10
-59584.367160
  20
-1591.568342
  0
VERTEX
  8
14
  10
-59585.361743
  20
-1581.485899
  0
VERTEX
  8
14
  10
-59586.378786
  20
-1571.452736
  0
VERTEX
  8
14
  10
-59587.424044
  20
-1561.375543
  0
VERTEX
  8
14
  10
-59588.488802
  20
-1551.300395
  0
VERTEX
  8
14
  10
-59589.563842
  20
-1541.274166
  0
VERTEX
  8
14
  10
-59590.655917
  20
-1531.201905
  0
VERTEX
  8
14
  10
-59591.758215
  20
-1521.130712
  0
VERTEX
  8
14
  10
-59592.871967
  20
-1511.035252
  0
VERTEX
  8
14
  10
-59593.988778
  20
-1500.965560
  0
VERTEX
  8
14
  10
-59595.105667
  20
-1490.895877
  0
VERTEX
  8
14
  10
-59596.210740
  20
-1480.877925
  0
VERTEX
  8
14
  10
-59597.309694
  20
-1470.806379
  0
VERTEX
  8
14
  10
-59598.391660
  20
-1460.733000
  0
VERTEX
  8
14
  10
-59599.446302
  20
-1450.709293
  0
VERTEX
  8
14
  10
-59600.478175
  20
-1440.630458
  0
VERTEX
  8
14
  10
-59601.470732
  20
-1430.547747
  0
VERTEX
  8
14
  10
-59602.410374
  20
-1420.479448
  0
VERTEX
  8
14
  10
-59603.305308
  20
-1410.278657
  0
VERTEX
  8
14
  10
-59604.149006
  20
-1400.156190
  0
VERTEX
  8
14
  10
-59604.975586
  20
-1389.749908
  0
VERTEX
  8
14
  10
-59605.204141
  20
-1387.065803
  0
VERTEX
  8
14
  10
-59606.029423
  20
-1377.056972
  0
VERTEX
  8
14
  10
-59606.796730
  20
-1367.089317
  0
VERTEX
  8
14
  10
-59607.490719
  20
-1357.079258
  0
VERTEX
  8
14
  10
-59608.048719
  20
-1347.865151
  0
VERTEX
  8
14
  10
-59608.499109
  20
-1339.047604
  0
VERTEX
  8
14
  10
-59608.844343
  20
-1330.646326
  0
VERTEX
  8
14
  10
-59609.151401
  20
-1321.033966
  0
VERTEX
  8
14
  10
-59609.398287
  20
-1310.677970
  0
VERTEX
  8
14
  10
-59609.545898
  20
-1300.133362
  0
VERTEX
  8
14
  10
-59555.429688
  20
-1143.178940
  0
VERTEX
  8
14
  10
-59551.863772
  20
-1143.741630
  0
VERTEX
  8
14
  10
-59542.999906
  20
-1145.089567
  0
VERTEX
  8
14
  10
-59535.216338
  20
-1146.192107
  0
VERTEX
  8
14
  10
-59527.421239
  20
-1147.213866
  0
VERTEX
  8
14
  10
-59519.276056
  20
-1148.194793
  0
VERTEX
  8
14
  10
-59511.090623
  20
-1149.092681
  0
VERTEX
  8
14
  10
-59503.266463
  20
-1149.868903
  0
VERTEX
  8
14
  10
-59495.434700
  20
-1150.562546
  0
VERTEX
  8
14
  10
-59487.936955
  20
-1151.145029
  0
VERTEX
  8
14
  10
-59480.491530
  20
-1151.641176
  0
VERTEX
  8
14
  10
-59472.983046
  20
-1152.056578
  0
VERTEX
  8
14
  10
-59468.979492
  20
-1152.212372
  0
VERTEX
  8
14
  10
-59465.470448
  20
-1152.389789
  0
VERTEX
  8
14
  10
-59457.613094
  20
-1152.654433
  0
VERTEX
  8
14
  10
-59449.367046
  20
-1152.844827
  0
VERTEX
  8
14
  10
-59440.822690
  20
-1152.954682
  0
VERTEX
  8
14
  10
-59431.252149
  20
-1152.988313
  0
VERTEX
  8
14
  10
-59420.997664
  20
-1152.942032
  0
VERTEX
  8
14
  10
-59410.743569
  20
-1152.835294
  0
VERTEX
  8
14
  10
-59400.670350
  20
-1152.694056
  0
VERTEX
  8
14
  10
-59390.541568
  20
-1152.527454
  0
VERTEX
  8
14
  10
-59380.219727
  20
-1152.335587
  0
VERTEX
  8
14
  10
-59374.165039
  20
-1152.220612
  0
VERTEX
  8
14
  10
-59373.191011
  20
-1159.925572
  0
VERTEX
  8
14
  10
-59371.925559
  20
-1169.937127
  0
VERTEX
  8
14
  10
-59370.630932
  20
-1180.181000
  0
VERTEX
  8
14
  10
-59369.344001
  20
-1190.365770
  0
VERTEX
  8
14
  10
-59368.050443
  20
-1200.605171
  0
VERTEX
  8
14
  10
-59366.748447
  20
-1210.913187
  0
VERTEX
  8
14
  10
-59365.446598
  20
-1221.221202
  0
VERTEX
  8
14
  10
-59364.161575
  20
-1231.396268
  0
VERTEX
  8
14
  10
-59362.859570
  20
-1241.704312
  0
VERTEX
  8
14
  10
-59361.570690
  20
-1251.905007
  0
VERTEX
  8
14
  10
-59360.291281
  20
-1262.026109
  0
VERTEX
  8
14
  10
-59359.017293
  20
-1272.100627
  0
VERTEX
  8
14
  10
-59357.709961
  20
-1282.435455
  0
VERTEX
  8
14
  10
-59359.402845
  20
-1287.645887
  0
VERTEX
  8
14
  10
-59362.602539
  20
-1297.494049
  0
VERTEX
  8
14
  10
-59362.356277
  20
-1301.029028
  0
VERTEX
  8
14
  10
-59361.970173
  20
-1305.424475
  0
VERTEX
  8
14
  10
-59361.525537
  20
-1309.569005
  0
VERTEX
  8
14
  10
-59361.062050
  20
-1313.178009
  0
VERTEX
  8
14
  10
-59360.571287
  20
-1316.404022
  0
VERTEX
  8
14
  10
-59360.031972
  20
-1319.426843
  0
VERTEX
  8
14
  10
-59359.451594
  20
-1322.233681
  0
VERTEX
  8
14
  10
-59358.788439
  20
-1325.022921
  0
VERTEX
  8
14
  10
-59358.091352
  20
-1327.594054
  0
VERTEX
  8
14
  10
-59357.318972
  20
-1330.114155
  0
VERTEX
  8
14
  10
-59356.516795
  20
-1332.445629
  0
VERTEX
  8
14
  10
-59355.631095
  20
-1334.747691
  0
VERTEX
  8
14
  10
-59354.741156
  20
-1336.825124
  0
VERTEX
  8
14
  10
-59353.772213
  20
-1338.864737
  0
VERTEX
  8
14
  10
-59352.819250
  20
-1340.680839
  0
VERTEX
  8
14
  10
-59351.794339
  20
-1342.455796
  0
VERTEX
  8
14
  10
-59350.694311
  20
-1344.184899
  0
VERTEX
  8
14
  10
-59349.535674
  20
-1345.837881
  0
VERTEX
  8
14
  10
-59348.284070
  20
-1347.464970
  0
VERTEX
  8
14
  10
-59346.962035
  20
-1349.038167
  0
VERTEX
  8
14
  10
-59345.574324
  20
-1350.556140
  0
VERTEX
  8
14
  10
-59344.125693
  20
-1352.017549
  0
VERTEX
  8
14
  10
-59342.467516
  20
-1353.558173
  0
VERTEX
  8
14
  10
-59340.747715
  20
-1355.026960
  0
VERTEX
  8
14
  10
-59338.918009
  20
-1356.463263
  0
VERTEX
  8
14
  10
-59336.934127
  20
-1357.894534
  0
VERTEX
  8
14
  10
-59334.783593
  20
-1359.328938
  0
VERTEX
  8
14
  10
-59332.538219
  20
-1360.721892
  0
VERTEX
  8
14
  10
-59330.023562
  20
-1362.175433
  0
VERTEX
  8
14
  10
-59327.547301
  20
-1363.508648
  0
VERTEX
  8
14
  10
-59325.048828
  20
-1364.749908
  0
VERTEX
  8
14
  10
-59326.516194
  20
-1370.661366
  0
VERTEX
  8
14
  10
-59328.907025
  20
-1380.491531
  0
VERTEX
  8
14
  10
-59331.301151
  20
-1390.624177
  0
VERTEX
  8
14
  10
-59333.402531
  20
-1399.869078
  0
VERTEX
  8
14
  10
-59335.448086
  20
-1409.247772
  0
VERTEX
  8
14
  10
-59337.411415
  20
-1418.644152
  0
VERTEX
  8
14
  10
-59339.297679
  20
-1428.082094
  0
VERTEX
  8
14
  10
-59341.097537
  20
-1437.511078
  0
VERTEX
  8
14
  10
-59342.817496
  20
-1446.954829
  0
VERTEX
  8
14
  10
-59344.518556
  20
-1456.763014
  0
VERTEX
  8
14
  10
-59346.151871
  20
-1466.675574
  0
VERTEX
  8
14
  10
-59347.743123
  20
-1476.861922
  0
VERTEX
  8
14
  10
-59349.251295
  20
-1487.060874
  0
VERTEX
  8
14
  10
-59350.649969
  20
-1497.053945
  0
VERTEX
  8
14
  10
-59352.002834
  20
-1507.274749
  0
VERTEX
  8
14
  10
-59353.280563
  20
-1517.505275
  0
VERTEX
  8
14
  10
-59354.460190
  20
-1527.528642
  0
VERTEX
  8
14
  10
-59355.594138
  20
-1537.776125
  0
VERTEX
  8
14
  10
-59356.657507
  20
-1548.031155
  0
VERTEX
  8
14
  10
-59357.632639
  20
-1558.091381
  0
VERTEX
  8
14
  10
-59358.560467
  20
-1568.359366
  0
VERTEX
  8
14
  10
-59359.425154
  20
-1578.632852
  0
VERTEX
  8
14
  10
-59360.214845
  20
-1588.689165
  0
VERTEX
  8
14
  10
-59360.968611
  20
-1598.971422
  0
VERTEX
  8
14
  10
-59361.670146
  20
-1609.257371
  0
VERTEX
  8
14
  10
-59362.307276
  20
-1619.328176
  0
VERTEX
  8
14
  10
-59362.909114
  20
-1629.620394
  0
VERTEX
  8
14
  10
-59363.464259
  20
-1639.915239
  0
VERTEX
  8
14
  10
-59363.965765
  20
-1649.997451
  0
VERTEX
  8
14
  10
-59364.438266
  20
-1660.296414
  0
VERTEX
  8
14
  10
-59364.873972
  20
-1670.597003
  0
VERTEX
  8
14
  10
-59365.268248
  20
-1680.686537
  0
VERTEX
  8
14
  10
-59365.640693
  20
-1690.989584
  0
VERTEX
  8
14
  10
-59365.984625
  20
-1701.293608
  0
VERTEX
  8
14
  10
-59366.301056
  20
-1711.575669
  0
VERTEX
  8
14
  10
-59366.589322
  20
-1721.695885
  0
VERTEX
  8
14
  10
-59366.862074
  20
-1731.886394
  0
VERTEX
  8
14
  10
-59367.124023
  20
-1742.264557
  0
VERTEX
  8
14
  10
-59367.124023
  20
-1742.265167
  0
VERTEX
  8
14
  10
-59367.407640
  20
-1750.319781
  0
VERTEX
  8
14
  10
-59367.757052
  20
-1760.479536
  0
VERTEX
  8
14
  10
-59368.100695
  20
-1770.759373
  0
VERTEX
  8
14
  10
-59368.424576
  20
-1780.822196
  0
VERTEX
  8
14
  10
-59368.743464
  20
-1791.176036
  0
VERTEX
  8
14
  10
-59369.048796
  20
-1801.530251
  0
VERTEX
  8
14
  10
-59369.333896
  20
-1811.605121
  0
VERTEX
  8
14
  10
-59369.615614
  20
-1821.959992
  0
VERTEX
  8
14
  10
-59369.886870
  20
-1832.315177
  0
VERTEX
  8
14
  10
-59370.141654
  20
-1842.388974
  0
VERTEX
  8
14
  10
-59370.394627
  20
-1852.744578
  0
VERTEX
  8
14
  10
-59370.637561
  20
-1863.100417
  0
VERTEX
  8
14
  10
-59370.869248
  20
-1873.456530
  0
VERTEX
  8
14
  10
-59371.083093
  20
-1883.529402
  0
VERTEX
  8
14
  10
-59371.292460
  20
-1893.885980
  0
VERTEX
  8
14
  10
-59371.493129
  20
-1904.242758
  0
VERTEX
  8
14
  10
-59371.681625
  20
-1914.315085
  0
VERTEX
  8
14
  10
-59371.868622
  20
-1924.672096
  0
VERTEX
  8
14
  10
-59372.047813
  20
-1935.029254
  0
VERTEX
  8
14
  10
-59372.213746
  20
-1945.100877
  0
VERTEX
  8
14
  10
-59372.375711
  20
-1955.458292
  0
VERTEX
  8
14
  10
-59372.529452
  20
-1965.815817
  0
VERTEX
  8
14
  10
-59372.671632
  20
-1975.887184
  0
VERTEX
  8
14
  10
-59372.811014
  20
-1986.244949
  0
VERTEX
  8
14
  10
-59372.944305
  20
-1996.602825
  0
VERTEX
  8
14
  10
-59373.068887
  20
-2006.673886
  0
VERTEX
  8
14
  10
-59373.192442
  20
-2017.031875
  0
VERTEX
  8
14
  10
-59373.311139
  20
-2027.389895
  0
VERTEX
  8
14
  10
-59373.424605
  20
-2037.747989
  0
VERTEX
  8
14
  10
-59373.529273
  20
-2047.781500
  0
VERTEX
  8
14
  10
-59373.632252
  20
-2058.139695
  0
VERTEX
  8
14
  10
-59373.730631
  20
-2068.497938
  0
VERTEX
  8
14
  10
-59373.823583
  20
-2078.701722
  0
VERTEX
  8
14
  10
-59373.914356
  20
-2089.060035
  0
VERTEX
  8
14
  10
-59374.001876
  20
-2099.418370
  0
VERTEX
  8
14
  10
-59374.084187
  20
-2109.489105
  0
VERTEX
  8
14
  10
-59374.166388
  20
-2119.847465
  0
VERTEX
  8
14
  10
-59374.246549
  20
-2130.205843
  0
VERTEX
  8
14
  10
-59374.322736
  20
-2140.246186
  0
VERTEX
  8
14
  10
-59374.398195
  20
-2150.333409
  0
VERTEX
  8
14
  10
-59374.475196
  20
-2160.739926
  0
VERTEX
  8
14
  10
-59374.550781
  20
-2171.058502
  0
VERTEX
  8
14
  10
-59374.550781
  20
-2171.058502
  0
VERTEX
  8
14
  10
-59380.205953
  20
-2171.058502
  0
VERTEX
  8
14
  10
-59390.193279
  20
-2171.058502
  0
VERTEX
  8
14
  10
-59400.300972
  20
-2171.058502
  0
VERTEX
  8
14
  10
-59410.493839
  20
-2171.058502
  0
VERTEX
  8
14
  10
-59420.686760
  20
-2171.058502
  0
VERTEX
  8
14
  10
-59430.879840
  20
-2171.058502
  0
VERTEX
  8
14
  10
-59441.216180
  20
-2171.058502
  0
VERTEX
  8
14
  10
-59451.409852
  20
-2171.058502
  0
VERTEX
  8
14
  10
-59461.603687
  20
-2171.058502
  0
VERTEX
  8
14
  10
-59471.797538
  20
-2171.058502
  0
VERTEX
  8
14
  10
-59482.166916
  20
-2171.058502
  0
VERTEX
  8
14
  10
-59492.360455
  20
-2171.058502
  0
VERTEX
  8
14
  10
-59502.553839
  20
-2171.058502
  0
VERTEX
  8
14
  10
-59512.747165
  20
-2171.058502
  0
VERTEX
  8
14
  10
-59522.944194
  20
-2171.058502
  0
VERTEX
  8
14
  10
-59533.009178
  20
-2171.058502
  0
VERTEX
  8
14
  10
-59543.289633
  20
-2171.058502
  0
VERTEX
  8
14
  10
-59553.474349
  20
-2171.058502
  0
SEQEND
  8
14
  0
POINT
  8
2
 10
-59563.872070
 20
-2171.058502
  0
TEXT
  8
2
 10
-59563.872070
 20
-2171.058502
 40
0.000000
 50
0.000000
  1
# 20
  0
POINT
  8
2
 10
-59573.193359
 20
-1742.264557
  0
TEXT
  8
2
 10
-59573.193359
 20
-1742.264557
 40
0.000000
 50
0.000000
  1
# 21
  0
POINT
  8
2
 10
-59604.975586
 20
-1389.749908
  0
TEXT
  8
2
 10
-59604.975586
 20
-1389.749908
 40
0.000000
 50
0.000000
  1
# 22
  0
POINT
  8
2
 10
-59609.545898
 20
-1300.133362
  0
TEXT
  8
2
 10
-59609.545898
 20
-1300.133362
 40
0.000000
 50
0.000000
  1
# 23
  0
POINT
  8
2
 10
-59555.429688
 20
-1143.178940
  0
TEXT
  8
2
 10
-59555.429688
 20
-1143.178940
 40
0.000000
 50
0.000000
  1
# 24
  0
POINT
  8
2
 10
-59380.219727
 20
-1152.335587
  0
TEXT
  8
2
 10
-59380.219727
 20
-1152.335587
 40
0.000000
 50
0.000000
  1
# 25
  0
POINT
  8
2
 10
-59374.165039
 20
-1152.220612
  0
TEXT
  8
2
 10
-59374.165039
 20
-1152.220612
 40
0.000000
 50
0.000000
  1
# 26
  0
POINT
  8
2
 10
-59357.709961
 20
-1282.435455
  0
TEXT
  8
2
 10
-59357.709961
 20
-1282.435455
 40
0.000000
 50
0.000000
  1
# 27
  0
POINT
  8
2
 10
-59362.602539
 20
-1297.494049
  0
TEXT
  8
2
 10
-59362.602539
 20
-1297.494049
 40
0.000000
 50
0.000000
  1
# 28
  0
POINT
  8
2
 10
-59325.048828
 20
-1364.749908
  0
TEXT
  8
2
 10
-59325.048828
 20
-1364.749908
 40
0.000000
 50
0.000000
  1
# 29
  0
POINT
  8
2
 10
-59367.124023
 20
-1742.264557
  0
TEXT
  8
2
 10
-59367.124023
 20
-1742.264557
 40
0.000000
 50
0.000000
  1
# 30
  0
POINT
  8
2
 10
-59374.550781
 20
-2171.058502
  0
TEXT
  8
2
 10
-59374.550781
 20
-2171.058502
 40
0.000000
 50
0.000000
  1
# 31
  0
POINT
  8
3
 10
-59563.872070
 20
-2171.058502
  0
POINT
  8
3
 10
-59564.101799
 20
-2160.508444
  0
POINT
  8
3
 10
-59564.322300
 20
-2150.378313
  0
POINT
  8
3
 10
-59564.546089
 20
-2140.093129
  0
POINT
  8
3
 10
-59564.770541
 20
-2129.772548
  0
POINT
  8
3
 10
-59564.990317
 20
-2119.664239
  0
POINT
  8
3
 10
-59565.210253
 20
-2109.555928
  0
POINT
  8
3
 10
-59565.430591
 20
-2099.447620
  0
POINT
  8
3
 10
-59565.656125
 20
-2089.129867
  0
POINT
  8
3
 10
-59565.877357
 20
-2079.021587
  0
POINT
  8
3
 10
-59566.098096
 20
-2068.913300
  0
POINT
  8
3
 10
-59566.321018
 20
-2058.645428
  0
POINT
  8
3
 10
-59566.538899
 20
-2048.537090
  0
POINT
  8
3
 10
-59566.756307
 20
-2038.428731
  0
POINT
  8
3
 10
-59566.974570
 20
-2028.320397
  0
POINT
  8
3
 10
-59567.192798
 20
-2018.306759
  0
POINT
  8
3
 10
-59567.414761
 20
-2008.198477
  0
POINT
  8
3
 10
-59567.637100
 20
-1998.090223
  0
POINT
  8
3
 10
-59567.864094
 20
-1987.725229
  0
POINT
  8
3
 10
-59568.083687
 20
-1977.616931
  0
POINT
  8
3
 10
-59568.302077
 20
-1967.508592
  0
POINT
  8
3
 10
-59568.520026
 20
-1957.400265
  0
POINT
  8
3
 10
-59568.739580
 20
-1947.232048
  0
POINT
  8
3
 10
-59568.958527
 20
-1937.123721
  0
POINT
  8
3
 10
-59569.178076
 20
-1927.015427
  0
POINT
  8
3
 10
-59569.398124
 20
-1916.907149
  0
POINT
  8
3
 10
-59569.621903
 20
-1906.644789
  0
POINT
  8
3
 10
-59569.842438
 20
-1896.536530
  0
POINT
  8
3
 10
-59570.062798
 20
-1886.428244
  0
POINT
  8
3
 10
-59570.285024
 20
-1876.212885
  0
POINT
  8
3
 10
-59570.504382
 20
-1866.104556
  0
POINT
  8
3
 10
-59570.723323
 20
-1855.996213
  0
POINT
  8
3
 10
-59570.946962
 20
-1845.657243
  0
POINT
  8
3
 10
-59571.165513
 20
-1835.548935
  0
POINT
  8
3
 10
-59571.384357
 20
-1825.440602
  0
POINT
  8
3
 10
-59571.603918
 20
-1815.332290
  0
POINT
  8
3
 10
-59571.826405
 20
-1805.141060
  0
POINT
  8
3
 10
-59572.047894
 20
-1795.032800
  0
POINT
  8
3
 10
-59572.269226
 20
-1784.924536
  0
POINT
  8
3
 10
-59572.494766
 20
-1774.569487
  0
POINT
  8
3
 10
-59572.716264
 20
-1764.321112
  0
POINT
  8
3
 10
-59572.934251
 20
-1754.172326
  0
POINT
  8
3
 10
-59573.146871
 20
-1744.219695
  0
POINT
  8
3
 10
-59573.193359
 20
-1742.253723
  0
POINT
  8
3
 10
-59573.651349
 20
-1732.950734
  0
POINT
  8
3
 10
-59574.211731
 20
-1722.777416
  0
POINT
  8
3
 10
-59574.834403
 20
-1712.665220
  0
POINT
  8
3
 10
-59575.499458
 20
-1702.555466
  0
POINT
  8
3
 10
-59576.180163
 20
-1692.500134
  0
POINT
  8
3
 10
-59576.875187
 20
-1682.392580
  0
POINT
  8
3
 10
-59577.587690
 20
-1672.286355
  0
POINT
  8
3
 10
-59578.332932
 20
-1662.076286
  0
POINT
  8
3
 10
-59579.100257
 20
-1651.974034
  0
POINT
  8
3
 10
-59579.898419
 20
-1641.874146
  0
POINT
  8
3
 10
-59580.719773
 20
-1631.879368
  0
POINT
  8
3
 10
-59581.582079
 20
-1621.784696
  0
POINT
  8
3
 10
-59582.477885
 20
-1611.692922
  0
POINT
  8
3
 10
-59583.403333
 20
-1601.653812
  0
POINT
  8
3
 10
-59584.367160
 20
-1591.568342
  0
POINT
  8
3
 10
-59585.361743
 20
-1581.485899
  0
POINT
  8
3
 10
-59586.378786
 20
-1571.452736
  0
POINT
  8
3
 10
-59587.424044
 20
-1561.375543
  0
POINT
  8
3
 10
-59588.488802
 20
-1551.300395
  0
POINT
  8
3
 10
-59589.563842
 20
-1541.274166
  0
POINT
  8
3
 10
-59590.655917
 20
-1531.201905
  0
POINT
  8
3
 10
-59591.758215
 20
-1521.130712
  0
POINT
  8
3
 10
-59592.871967
 20
-1511.035252
  0
POINT
  8
3
 10
-59593.988778
 20
-1500.965560
  0
POINT
  8
3
 10
-59595.105667
 20
-1490.895877
  0
POINT
  8
3
 10
-59596.210740
 20
-1480.877925
  0
POINT
  8
3
 10
-59597.309694
 20
-1470.806379
  0
POINT
  8
3
 10
-59598.391660
 20
-1460.733000
  0
POINT
  8
3
 10
-59599.446302
 20
-1450.709293
  0
POINT
  8
3
 10
-59600.478175
 20
-1440.630458
  0
POINT
  8
3
 10
-59601.470732
 20
-1430.547747
  0
POINT
  8
3
 10
-59602.410374
 20
-1420.479448
  0
POINT
  8
3
 10
-59603.305308
 20
-1410.278657
  0
POINT
  8
3
 10
-59604.149006
 20
-1400.156190
  0
POINT
  8
3
 10
-59605.204141
 20
-1387.065803
  0
POINT
  8
3
 10
-59606.029423
 20
-1377.056972
  0
POINT
  8
3
 10
-59606.796730
 20
-1367.089317
  0
POINT
  8
3
 10
-59607.490719
 20
-1357.079258
  0
POINT
  8
3
 10
-59608.048719
 20
-1347.865151
  0
POINT
  8
3
 10
-59608.499109
 20
-1339.047604
  0
POINT
  8
3
 10
-59608.844343
 20
-1330.646326
  0
POINT
  8
3
 10
-59609.151401
 20
-1321.033966
  0
POINT
  8
3
 10
-59609.398287
 20
-1310.677970
  0
POINT
  8
3
 10
-59551.863772
 20
-1143.741630
  0
POINT
  8
3
 10
-59542.999906
 20
-1145.089567
  0
POINT
  8
3
 10
-59535.216338
 20
-1146.192107
  0
POINT
  8
3
 10
-59527.421239
 20
-1147.213866
  0
POINT
  8
3
 10
-59519.276056
 20
-1148.194793
  0
POINT
  8
3
 10
-59511.090623
 20
-1149.092681
  0
POINT
  8
3
 10
-59503.266463
 20
-1149.868903
  0
POINT
  8
3
 10
-59495.434700
 20
-1150.562546
  0
POINT
  8
3
 10
-59487.936955
 20
-1151.145029
  0
POINT
  8
3
 10
-59480.491530
 20
-1151.641176
  0
POINT
  8
3
 10
-59472.983046
 20
-1152.056578
  0
POINT
  8
3
 10
-59468.979492
 20
-1152.212372
  0
POINT
  8
3
 10
-59465.470448
 20
-1152.389789
  0
POINT
  8
3
 10
-59457.613094
 20
-1152.654433
  0
POINT
  8
3
 10
-59449.367046
 20
-1152.844827
  0
POINT
  8
3
 10
-59440.822690
 20
-1152.954682
  0
POINT
  8
3
 10
-59431.252149
 20
-1152.988313
  0
POINT
  8
3
 10
-59420.997664
 20
-1152.942032
  0
POINT
  8
3
 10
-59410.743569
 20
-1152.835294
  0
POINT
  8
3
 10
-59400.670350
 20
-1152.694056
  0
POINT
  8
3
 10
-59390.541568
 20
-1152.527454
  0
POINT
  8
3
 10
-59373.191011
 20
-1159.925572
  0
POINT
  8
3
 10
-59371.925559
 20
-1169.937127
  0
POINT
  8
3
 10
-59370.630932
 20
-1180.181000
  0
POINT
  8
3
 10
-59369.344001
 20
-1190.365770
  0
POINT
  8
3
 10
-59368.050443
 20
-1200.605171
  0
POINT
  8
3
 10
-59366.748447
 20
-1210.913187
  0
POINT
  8
3
 10
-59365.446598
 20
-1221.221202
  0
POINT
  8
3
 10
-59364.161575
 20
-1231.396268
  0
POINT
  8
3
 10
-59362.859570
 20
-1241.704312
  0
POINT
  8
3
 10
-59361.570690
 20
-1251.905007
  0
POINT
  8
3
 10
-59360.291281
 20
-1262.026109
  0
POINT
  8
3
 10
-59359.017293
 20
-1272.100627
  0
POINT
  8
3
 10
-59359.402845
 20
-1287.645887
  0
POINT
  8
3
 10
-59362.356277
 20
-1301.029028
  0
POINT
  8
3
 10
-59361.970173
 20
-1305.424475
  0
POINT
  8
3
 10
-59361.525537
 20
-1309.569005
  0
POINT
  8
3
 10
-59361.062050
 20
-1313.178009
  0
POINT
  8
3
 10
-59360.571287
 20
-1316.404022
  0
POINT
  8
3
 10
-59360.031972
 20
-1319.426843
  0
POINT
  8
3
 10
-59359.451594
 20
-1322.233681
  0
POINT
  8
3
 10
-59358.788439
 20
-1325.022921
  0
POINT
  8
3
 10
-59358.091352
 20
-1327.594054
  0
POINT
  8
3
 10
-59357.318972
 20
-1330.114155
  0
POINT
  8
3
 10
-59356.516795
 20
-1332.445629
  0
POINT
  8
3
 10
-59355.631095
 20
-1334.747691
  0
POINT
  8
3
 10
-59354.741156
 20
-1336.825124
  0
POINT
  8
3
 10
-59353.772213
 20
-1338.864737
  0
POINT
  8
3
 10
-59352.819250
 20
-1340.680839
  0
POINT
  8
3
 10
-59351.794339
 20
-1342.455796
  0
POINT
  8
3
 10
-59350.694311
 20
-1344.184899
  0
POINT
  8
3
 10
-59349.535674
 20
-1345.837881
  0
POINT
  8
3
 10
-59348.284070
 20
-1347.464970
  0
POINT
  8
3
 10
-59346.962035
 20
-1349.038167
  0
POINT
  8
3
 10
-59345.574324
 20
-1350.556140
  0
POINT
  8
3
 10
-59344.125693
 20
-1352.017549
  0
POINT
  8
3
 10
-59342.467516
 20
-1353.558173
  0
POINT
  8
3
 10
-59340.747715
 20
-1355.026960
  0
POINT
  8
3
 10
-59338.918009
 20
-1356.463263
  0
POINT
  8
3
 10
-59336.934127
 20
-1357.894534
  0
POINT
  8
3
 10
-59334.783593
 20
-1359.328938
  0
POINT
  8
3
 10
-59332.538219
 20
-1360.721892
  0
POINT
  8
3
 10
-59330.023562
 20
-1362.175433
  0
POINT
  8
3
 10
-59327.547301
 20
-1363.508648
  0
POINT
  8
3
 10
-59326.516194
 20
-1370.661366
  0
POINT
  8
3
 10
-59328.907025
 20
-1380.491531
  0
POINT
  8
3
 10
-59331.301151
 20
-1390.624177
  0
POINT
  8
3
 10
-59333.402531
 20
-1399.869078
  0
POINT
  8
3
 10
-59335.448086
 20
-1409.247772
  0
POINT
  8
3
 10
-59337.411415
 20
-1418.644152
  0
POINT
  8
3
 10
-59339.297679
 20
-1428.082094
  0
POINT
  8
3
 10
-59341.097537
 20
-1437.511078
  0
POINT
  8
3
 10
-59342.817496
 20
-1446.954829
  0
POINT
  8
3
 10
-59344.518556
 20
-1456.763014
  0
POINT
  8
3
 10
-59346.151871
 20
-1466.675574
  0
POINT
  8
3
 10
-59347.743123
 20
-1476.861922
  0
POINT
  8
3
 10
-59349.251295
 20
-1487.060874
  0
POINT
  8
3
 10
-59350.649969
 20
-1497.053945
  0
POINT
  8
3
 10
-59352.002834
 20
-1507.274749
  0
POINT
  8
3
 10
-59353.280563
 20
-1517.505275
  0
POINT
  8
3
 10
-59354.460190
 20
-1527.528642
  0
POINT
  8
3
 10
-59355.594138
 20
-1537.776125
  0
POINT
  8
3
 10
-59356.657507
 20
-1548.031155
  0
POINT
  8
3
 10
-59357.632639
 20
-1558.091381
  0
POINT
  8
3
 10
-59358.560467
 20
-1568.359366
  0
POINT
  8
3
 10
-59359.425154
 20
-1578.632852
  0
POINT
  8
3
 10
-59360.214845
 20
-1588.689165
  0
POINT
  8
3
 10
-59360.968611
 20
-1598.971422
  0
POINT
  8
3
 10
-59361.670146
 20
-1609.257371
  0
POINT
  8
3
 10
-59362.307276
 20
-1619.328176
  0
POINT
  8
3
 10
-59362.909114
 20
-1629.620394
  0
POINT
  8
3
 10
-59363.464259
 20
-1639.915239
  0
POINT
  8
3
 10
-59363.965765
 20
-1649.997451
  0
POINT
  8
3
 10
-59364.438266
 20
-1660.296414
  0
POINT
  8
3
 10
-59364.873972
 20
-1670.597003
  0
POINT
  8
3
 10
-59365.268248
 20
-1680.686537
  0
POINT
  8
3
 10
-59365.640693
 20
-1690.989584
  0
POINT
  8
3
 10
-59365.984625
 20
-1701.293608
  0
POINT
  8
3
 10
-59366.301056
 20
-1711.575669
  0
POINT
  8
3
 10
-59366.589322
 20
-1721.695885
  0
POINT
  8
3
 10
-59366.862074
 20
-1731.886394
  0
POINT
  8
3
 10
-59367.124023
 20
-1742.265167
  0
POINT
  8
3
 10
-59367.407640
 20
-1750.319781
  0
POINT
  8
3
 10
-59367.757052
 20
-1760.479536
  0
POINT
  8
3
 10
-59368.100695
 20
-1770.759373
  0
POINT
  8
3
 10
-59368.424576
 20
-1780.822196
  0
POINT
  8
3
 10
-59368.743464
 20
-1791.176036
  0
POINT
  8
3
 10
-59369.048796
 20
-1801.530251
  0
POINT
  8
3
 10
-59369.333896
 20
-1811.605121
  0
POINT
  8
3
 10
-59369.615614
 20
-1821.959992
  0
POINT
  8
3
 10
-59369.886870
 20
-1832.315177
  0
POINT
  8
3
 10
-59370.141654
 20
-1842.388974
  0
POINT
  8
3
 10
-59370.394627
 20
-1852.744578
  0
POINT
  8
3
 10
-59370.637561
 20
-1863.100417
  0
POINT
  8
3
 10
-59370.869248
 20
-1873.456530
  0
POINT
  8
3
 10
-59371.083093
 20
-1883.529402
  0
POINT
  8
3
 10
-59371.292460
 20
-1893.885980
  0
POINT
  8
3
 10
-59371.493129
 20
-1904.242758
  0
POINT
  8
3
 10
-59371.681625
 20
-1914.315085
  0
POINT
  8
3
 10
-59371.868622
 20
-1924.672096
  0
POINT
  8
3
 10
-59372.047813
 20
-1935.029254
  0
POINT
  8
3
 10
-59372.213746
 20
-1945.100877
  0
POINT
  8
3
 10
-59372.375711
 20
-1955.458292
  0
POINT
  8
3
 10
-59372.529452
 20
-1965.815817
  0
POINT
  8
3
 10
-59372.671632
 20
-1975.887184
  0
POINT
  8
3
 10
-59372.811014
 20
-1986.244949
  0
POINT
  8
3
 10
-59372.944305
 20
-1996.602825
  0
POINT
  8
3
 10
-59373.068887
 20
-2006.673886
  0
POINT
  8
3
 10
-59373.192442
 20
-2017.031875
  0
POINT
  8
3
 10
-59373.311139
 20
-2027.389895
  0
POINT
  8
3
 10
-59373.424605
 20
-2037.747989
  0
POINT
  8
3
 10
-59373.529273
 20
-2047.781500
  0
POINT
  8
3
 10
-59373.632252
 20
-2058.139695
  0
POINT
  8
3
 10
-59373.730631
 20
-2068.497938
  0
POINT
  8
3
 10
-59373.823583
 20
-2078.701722
  0
POINT
  8
3
 10
-59373.914356
 20
-2089.060035
  0
POINT
  8
3
 10
-59374.001876
 20
-2099.418370
  0
POINT
  8
3
 10
-59374.084187
 20
-2109.489105
  0
POINT
  8
3
 10
-59374.166388
 20
-2119.847465
  0
POINT
  8
3
 10
-59374.246549
 20
-2130.205843
  0
POINT
  8
3
 10
-59374.322736
 20
-2140.246186
  0
POINT
  8
3
 10
-59374.398195
 20
-2150.333409
  0
POINT
  8
3
 10
-59374.475196
 20
-2160.739926
  0
POINT
  8
3
 10
-59374.550781
 20
-2171.058502
  0
POINT
  8
3
 10
-59380.205953
 20
-2171.058502
  0
POINT
  8
3
 10
-59390.193279
 20
-2171.058502
  0
POINT
  8
3
 10
-59400.300972
 20
-2171.058502
  0
POINT
  8
3
 10
-59410.493839
 20
-2171.058502
  0
POINT
  8
3
 10
-59420.686760
 20
-2171.058502
  0
POINT
  8
3
 10
-59430.879840
 20
-2171.058502
  0
POINT
  8
3
 10
-59441.216180
 20
-2171.058502
  0
POINT
  8
3
 10
-59451.409852
 20
-2171.058502
  0
POINT
  8
3
 10
-59461.603687
 20
-2171.058502
  0
POINT
  8
3
 10
-59471.797538
 20
-2171.058502
  0
POINT
  8
3
 10
-59482.166916
 20
-2171.058502
  0
POINT
  8
3
 10
-59492.360455
 20
-2171.058502
  0
POINT
  8
3
 10
-59502.553839
 20
-2171.058502
  0
POINT
  8
3
 10
-59512.747165
 20
-2171.058502
  0
POINT
  8
3
 10
-59522.944194
 20
-2171.058502
  0
POINT
  8
3
 10
-59533.009178
 20
-2171.058502
  0
POINT
  8
3
 10
-59543.289633
 20
-2171.058502
  0
POINT
  8
3
 10
-59553.474349
 20
-2171.058502
  0
POINT
  8
4
 10
-59563.872070
 20
-2171.058502
 30
1.000000
 50
  0.00
  0
TEXT
  8
4
 10
-59563.872070
 20
-2171.058502
 40
0.000000
 50
0.000000
  1
# 32
  0
POINT
  8
4
 10
-59573.193359
 20
-1742.253723
 30
1.000000
 50
  2.66
  0
TEXT
  8
4
 10
-59573.193359
 20
-1742.253723
 40
0.000000
 50
0.000000
  1
# 33
  0
POINT
  8
4
 10
-59468.979492
 20
-1152.212372
 30
1.000000
 50
270.00
  0
TEXT
  8
4
 10
-59468.979492
 20
-1152.212372
 40
0.000000
 50
0.000000
  1
# 34
  0
POINT
  8
4
 10
-59367.124023
 20
-1742.265167
 30
1.000000
 50
177.95
  0
TEXT
  8
4
 10
-59367.124023
 20
-1742.265167
 40
0.000000
 50
0.000000
  1
# 35
  0
POINT
  8
4
 10
-59374.550781
 20
-2171.058502
 30
1.000000
 50
180.00
  0
TEXT
  8
4
 10
-59374.550781
 20
-2171.058502
 40
0.000000
 50
0.000000
  1
# 36
  0
POLYLINE
  8
8
  66
1
  70
0
  0
VERTEX
  8
8
  10
-59468.979492
  20
-2171.058502
  0
VERTEX
  8
8
  10
-59468.979492
  20
-1152.224579
  0
SEQEND
  8
8
  0
POINT
  8
2
 10
-59468.979492
 20
-2171.058502
  0
TEXT
  8
2
 10
-59468.979492
 20
-2171.058502
 40
0.000000
 50
0.000000
  1
# 37
  0
POINT
  8
2
 10
-59468.979492
 20
-1152.224579
  0
TEXT
  8
2
 10
-59468.979492
 20
-1152.224579
 40
0.000000
 50
0.000000
  1
# 38
  0
POLYLINE
  8
8
  66
1
  70
0
  0
VERTEX
  8
8
  10
-59367.128906
  20
-1742.264557
  0
VERTEX
  8
8
  10
-59573.193359
  20
-1742.264557
  0
SEQEND
  8
8
  0
POINT
  8
2
 10
-59367.128906
 20
-1742.264557
  0
TEXT
  8
2
 10
-59367.128906
 20
-1742.264557
 40
0.000000
 50
0.000000
  1
# 39
  0
POINT
  8
2
 10
-59573.193359
 20
-1742.264557
  0
TEXT
  8
2
 10
-59573.193359
 20
-1742.264557
 40
0.000000
 50
0.000000
  1
# 40
 0
LINE
 8
7
 10
-59455.703125
 20
-1305.899963
 11
-59455.703125
 21
-2041.242676
  0
TEXT
  8
1
 10
-59466.530762
 20
-1669.042168
 40
10.000000
 50
0.000000
  1
Piece Name: 26SMC-WP115M 展_右前片_175/84
  0
TEXT
  8
1
 10
-59466.530762
 20
-1654.042168
 40
10.000000
 50
0.000000
  1
Size: 175/84
  0
TEXT
  8
1
 10
-59466.530762
 20
-1639.042168
 40
10.000000
 50
0.000000
  1
Annotation: 
  0
TEXT
  8
1
 10
-59466.530762
 20
-1624.042168
 40
10.000000
 50
0.000000
  1
Quantity: 1
  0
TEXT
  8
1
 10
-59466.530762
 20
-1609.042168
 40
10.000000
 50
0.000000
  1
Material: 面
  0
TEXT
  8
1
 10
-59466.530762
 20
-1609.042168
 40
10.000000
 50
0.000000
  1
Category: 0
0
ENDBLK
0
BLOCK
  8
1
  2
26SMC-WP115M 展_后原_175/84
 70
0
 10
0.0
 20
0.0
  0
POLYLINE
  8
1
  66
1
  70
1
  0
VERTEX
  8
1
  10
-59823.662109
  20
-235.267677
  0
VERTEX
  8
1
  10
-59823.657227
  20
-231.158333
  0
VERTEX
  8
1
  10
-59823.662109
  20
-220.990582
  0
VERTEX
  8
1
  10
-59823.671875
  20
-210.787754
  0
VERTEX
  8
1
  10
-59823.691406
  20
-200.267677
  0
VERTEX
  8
1
  10
-59823.691406
  20
-200.267677
  0
VERTEX
  8
1
  10
-59823.671875
  20
-189.747601
  0
VERTEX
  8
1
  10
-59823.662109
  20
-179.544773
  0
VERTEX
  8
1
  10
-59823.657227
  20
-169.377022
  0
VERTEX
  8
1
  10
-59823.666992
  20
-159.132147
  0
VERTEX
  8
1
  10
-59823.691406
  20
-149.073696
  0
VERTEX
  8
1
  10
-59823.720703
  20
-139.014454
  0
VERTEX
  8
1
  10
-59823.764648
  20
-128.833265
  0
VERTEX
  8
1
  10
-59823.818359
  20
-118.773518
  0
VERTEX
  8
1
  10
-59823.881836
  20
-108.713999
  0
VERTEX
  8
1
  10
-59823.955078
  20
-98.352680
  0
VERTEX
  8
1
  10
-59824.038086
  20
-88.294516
  0
VERTEX
  8
1
  10
-59824.135742
  20
-78.237586
  0
VERTEX
  8
1
  10
-59824.248047
  20
-67.883811
  0
VERTEX
  8
1
  10
-59824.370117
  20
-57.828646
  0
VERTEX
  8
1
  10
-59824.506836
  20
-47.773662
  0
VERTEX
  8
1
  10
-59824.658203
  20
-37.718906
  0
VERTEX
  8
1
  10
-59824.829102
  20
-27.533050
  0
VERTEX
  8
1
  10
-59825.009766
  20
-17.480958
  0
VERTEX
  8
1
  10
-59825.205078
  20
-7.430623
  0
VERTEX
  8
1
  10
-59825.429688
  20
2.794273
  0
VERTEX
  8
1
  10
-59825.664063
  20
12.841983
  0
VERTEX
  8
1
  10
-59825.917969
  20
22.888637
  0
VERTEX
  8
1
  10
-59826.201172
  20
33.141882
  0
VERTEX
  8
1
  10
-59826.499023
  20
43.186359
  0
VERTEX
  8
1
  10
-59826.816406
  20
53.229785
  0
VERTEX
  8
1
  10
-59827.163086
  20
63.437586
  0
VERTEX
  8
1
  10
-59827.529297
  20
73.476892
  0
VERTEX
  8
1
  10
-59827.915039
  20
83.512859
  0
VERTEX
  8
1
  10
-59828.339844
  20
93.710184
  0
VERTEX
  8
1
  10
-59828.784180
  20
103.740416
  0
VERTEX
  8
1
  10
-59829.262695
  20
113.769121
  0
VERTEX
  8
1
  10
-59829.765625
  20
123.796110
  0
VERTEX
  8
1
  10
-59830.312500
  20
133.985033
  0
VERTEX
  8
1
  10
-59830.878906
  20
144.010086
  0
VERTEX
  8
1
  10
-59831.474609
  20
154.034567
  0
VERTEX
  8
1
  10
-59832.104492
  20
164.216480
  0
VERTEX
  8
1
  10
-59832.763672
  20
174.226990
  0
VERTEX
  8
1
  10
-59833.461914
  20
184.225388
  0
VERTEX
  8
1
  10
-59834.223633
  20
194.413261
  0
VERTEX
  8
1
  10
-59835.024414
  20
204.421234
  0
VERTEX
  8
1
  10
-59835.849609
  20
214.321880
  0
VERTEX
  8
1
  10
-59836.713867
  20
224.193974
  0
VERTEX
  8
1
  10
-59837.050781
  20
227.960663
  0
VERTEX
  8
1
  10
-59837.055664
  20
228.057823
  0
VERTEX
  8
1
  10
-59837.885742
  20
238.395061
  0
VERTEX
  8
1
  10
-59838.725586
  20
248.513298
  0
VERTEX
  8
1
  10
-59839.594727
  20
258.587837
  0
VERTEX
  8
1
  10
-59840.522461
  20
268.814106
  0
VERTEX
  8
1
  10
-59841.494141
  20
279.037514
  0
VERTEX
  8
1
  10
-59842.485352
  20
288.980350
  0
VERTEX
  8
1
  10
-59843.544922
  20
299.198189
  0
VERTEX
  8
1
  10
-59844.648438
  20
309.413757
  0
VERTEX
  8
1
  10
-59845.766602
  20
319.433613
  0
VERTEX
  8
1
  10
-59846.948242
  20
329.642334
  0
VERTEX
  8
1
  10
-59848.164063
  20
339.844055
  0
VERTEX
  8
1
  10
-59849.394531
  20
349.819679
  0
VERTEX
  8
1
  10
-59850.698242
  20
360.009575
  0
VERTEX
  8
1
  10
-59852.041016
  20
370.196838
  0
VERTEX
  8
1
  10
-59853.393555
  20
380.167389
  0
VERTEX
  8
1
  10
-59854.809570
  20
390.347328
  0
VERTEX
  8
1
  10
-59856.264648
  20
400.520821
  0
VERTEX
  8
1
  10
-59857.724609
  20
410.472183
  0
VERTEX
  8
1
  10
-59859.252930
  20
420.634499
  0
VERTEX
  8
1
  10
-59860.820313
  20
430.793877
  0
VERTEX
  8
1
  10
-59862.382813
  20
440.713806
  0
VERTEX
  8
1
  10
-59864.013672
  20
450.868950
  0
VERTEX
  8
1
  10
-59865.673828
  20
461.022758
  0
VERTEX
  8
1
  10
-59867.319336
  20
470.956955
  0
VERTEX
  8
1
  10
-59869.028320
  20
481.110077
  0
VERTEX
  8
1
  10
-59870.751953
  20
491.265068
  0
VERTEX
  8
1
  10
-59872.475586
  20
501.354904
  0
VERTEX
  8
1
  10
-59874.218750
  20
511.513329
  0
VERTEX
  8
1
  10
-59875.966797
  20
521.671638
  0
VERTEX
  8
1
  10
-59877.685547
  20
531.608086
  0
VERTEX
  8
1
  10
-59879.443359
  20
541.772575
  0
VERTEX
  8
1
  10
-59881.201172
  20
551.945953
  0
VERTEX
  8
1
  10
-59882.900391
  20
561.894150
  0
VERTEX
  8
1
  10
-59883.872070
  20
567.630959
  0
VERTEX
  8
1
  10
-59885.966797
  20
579.173584
  0
VERTEX
  8
1
  10
-59887.924805
  20
589.911194
  0
VERTEX
  8
1
  10
-59889.721680
  20
599.896355
  0
VERTEX
  8
1
  10
-59891.479492
  20
609.805527
  0
VERTEX
  8
1
  10
-59893.242188
  20
619.905624
  0
VERTEX
  8
1
  10
-59894.965820
  20
630.009384
  0
VERTEX
  8
1
  10
-59896.660156
  20
640.116806
  0
VERTEX
  8
1
  10
-59898.300781
  20
650.092468
  0
VERTEX
  8
1
  10
-59898.886719
  20
653.740158
  0
VERTEX
  8
1
  10
-59899.931641
  20
660.211182
  0
VERTEX
  8
1
  10
-59901.533203
  20
670.336609
  0
VERTEX
  8
1
  10
-59903.085938
  20
680.379639
  0
VERTEX
  8
1
  10
-59904.370117
  20
688.772202
  0
VERTEX
  8
1
  10
-59906.054688
  20
698.993988
  0
VERTEX
  8
1
  10
-59907.705078
  20
709.105453
  0
VERTEX
  8
1
  10
-59909.321289
  20
719.155121
  0
VERTEX
  8
1
  10
-59910.937500
  20
729.356079
  0
VERTEX
  8
1
  10
-59912.534180
  20
739.597702
  0
VERTEX
  8
1
  10
-59914.106445
  20
749.839478
  0
VERTEX
  8
1
  10
-59915.625000
  20
759.883652
  0
VERTEX
  8
1
  10
-59917.158203
  20
770.131378
  0
VERTEX
  8
1
  10
-59918.671875
  20
780.383530
  0
VERTEX
  8
1
  10
-59920.146484
  20
790.566101
  0
VERTEX
  8
1
  10
-59921.611328
  20
800.827484
  0
VERTEX
  8
1
  10
-59923.027344
  20
810.939484
  0
VERTEX
  8
1
  10
-59924.438477
  20
821.167221
  0
VERTEX
  8
1
  10
-59925.781250
  20
831.024399
  0
VERTEX
  8
1
  10
-59926.176758
  20
833.965836
  0
VERTEX
  8
1
  10
-59927.045898
  20
840.337143
  0
VERTEX
  8
1
  10
-59920.166016
  20
842.735443
  0
VERTEX
  8
1
  10
-59915.019531
  20
844.518890
  0
VERTEX
  8
1
  10
-59905.791016
  20
847.759247
  0
VERTEX
  8
1
  10
-59897.841797
  20
850.635529
  0
VERTEX
  8
1
  10
-59889.877930
  20
853.607330
  0
VERTEX
  8
1
  10
-59881.943359
  20
856.658554
  0
VERTEX
  8
1
  10
-59874.033203
  20
859.788055
  0
VERTEX
  8
1
  10
-59866.123047
  20
863.010025
  0
VERTEX
  8
1
  10
-59857.016602
  20
866.815796
  0
VERTEX
  8
1
  10
-59847.768555
  20
870.764389
  0
VERTEX
  8
1
  10
-59838.408203
  20
874.830017
  0
VERTEX
  8
1
  10
-59837.709961
  20
875.153046
  0
VERTEX
  8
1
  10
-59836.132813
  20
875.879135
  0
VERTEX
  8
1
  10
-59826.562500
  20
880.367508
  0
VERTEX
  8
1
  10
-59815.908203
  20
880.334320
  0
VERTEX
  8
1
  10
-59814.252930
  20
880.340500
  0
VERTEX
  8
1
  10
-59814.248047
  20
880.341339
  0
VERTEX
  8
1
  10
-59810.927734
  20
880.947571
  0
VERTEX
  8
1
  10
-59802.910156
  20
882.479477
  0
VERTEX
  8
1
  10
-59795.385742
  20
883.997116
  0
VERTEX
  8
1
  10
-59789.023438
  20
885.357742
  0
VERTEX
  8
1
  10
-59782.036133
  20
886.944199
  0
VERTEX
  8
1
  10
-59774.624023
  20
888.715591
  0
VERTEX
  8
1
  10
-59766.523438
  20
890.740662
  0
VERTEX
  8
1
  10
-59759.096680
  20
892.683792
  0
VERTEX
  8
1
  10
-59759.091797
  20
892.684097
  0
VERTEX
  8
1
  10
-59752.333984
  20
895.794678
  0
VERTEX
  8
1
  10
-59747.841797
  20
897.902222
  0
VERTEX
  8
1
  10
-59742.797852
  20
897.879028
  0
VERTEX
  8
1
  10
-59735.434570
  20
897.898941
  0
VERTEX
  8
1
  10
-59734.560547
  20
897.901230
  0
VERTEX
  8
1
  10
-59728.134766
  20
897.924042
  0
VERTEX
  8
1
  10
-59720.000000
  20
898.009491
  0
VERTEX
  8
1
  10
-59711.918945
  20
898.177643
  0
VERTEX
  8
1
  10
-59703.769531
  20
898.430405
  0
VERTEX
  8
1
  10
-59695.400391
  20
898.772736
  0
VERTEX
  8
1
  10
-59686.743164
  20
899.211197
  0
VERTEX
  8
1
  10
-59677.753906
  20
899.751434
  0
VERTEX
  8
1
  10
-59667.822266
  20
900.431366
  0
VERTEX
  8
1
  10
-59657.812500
  20
901.187057
  0
VERTEX
  8
1
  10
-59647.929688
  20
901.993179
  0
VERTEX
  8
1
  10
-59638.867188
  20
902.717209
  0
VERTEX
  8
1
  10
-59636.850586
  20
893.848801
  0
VERTEX
  8
1
  10
-59634.628906
  20
884.101639
  0
VERTEX
  8
1
  10
-59632.353516
  20
874.091415
  0
VERTEX
  8
1
  10
-59630.087891
  20
864.111710
  0
VERTEX
  8
1
  10
-59627.817383
  20
854.092484
  0
VERTEX
  8
1
  10
-59625.600586
  20
844.268265
  0
VERTEX
  8
1
  10
-59623.383789
  20
834.441452
  0
VERTEX
  8
1
  10
-59621.186523
  20
824.624710
  0
VERTEX
  8
1
  10
-59618.989258
  20
814.791183
  0
VERTEX
  8
1
  10
-59616.806641
  20
804.953690
  0
VERTEX
  8
1
  10
-59614.638672
  20
795.125198
  0
VERTEX
  8
1
  10
-59612.475586
  20
785.280228
  0
VERTEX
  8
1
  10
-59610.332031
  20
775.431824
  0
VERTEX
  8
1
  10
-59608.159180
  20
765.382233
  0
VERTEX
  8
1
  10
-59606.040039
  20
755.523605
  0
VERTEX
  8
1
  10
-59603.945313
  20
745.658569
  0
VERTEX
  8
1
  10
-59601.870117
  20
735.809631
  0
VERTEX
  8
1
  10
-59599.814453
  20
725.932465
  0
VERTEX
  8
1
  10
-59597.783203
  20
716.049728
  0
VERTEX
  8
1
  10
-59595.742188
  20
705.997391
  0
VERTEX
  8
1
  10
-59593.784180
  20
696.285019
  0
VERTEX
  8
1
  10
-59592.983398
  20
692.291718
  0
VERTEX
  8
1
  10
-59591.958008
  20
687.120285
  0
VERTEX
  8
1
  10
-59590.830078
  20
681.873474
  0
VERTEX
  8
1
  10
-59589.653320
  20
676.759872
  0
VERTEX
  8
1
  10
-59588.505859
  20
672.104263
  0
VERTEX
  8
1
  10
-59587.368164
  20
667.826996
  0
VERTEX
  8
1
  10
-59586.274414
  20
663.998260
  0
VERTEX
  8
1
  10
-59585.219727
  20
660.574722
  0
VERTEX
  8
1
  10
-59584.160156
  20
657.388992
  0
VERTEX
  8
1
  10
-59583.071289
  20
654.353027
  0
VERTEX
  8
1
  10
-59581.943359
  20
651.443481
  0
VERTEX
  8
1
  10
-59580.810547
  20
648.716049
  0
VERTEX
  8
1
  10
-59579.667969
  20
646.170502
  0
VERTEX
  8
1
  10
-59578.520508
  20
643.786621
  0
VERTEX
  8
1
  10
-59577.348633
  20
641.522446
  0
VERTEX
  8
1
  10
-59576.162109
  20
639.387169
  0
VERTEX
  8
1
  10
-59574.975586
  20
637.401390
  0
VERTEX
  8
1
  10
-59573.779297
  20
635.547523
  0
VERTEX
  8
1
  10
-59572.558594
  20
633.778038
  0
VERTEX
  8
1
  10
-59571.376953
  20
632.195396
  0
VERTEX
  8
1
  10
-59570.190430
  20
630.709572
  0
VERTEX
  8
1
  10
-59568.989258
  20
629.320679
  0
VERTEX
  8
1
  10
-59567.788086
  20
628.033524
  0
VERTEX
  8
1
  10
-59566.577148
  20
626.834068
  0
VERTEX
  8
1
  10
-59565.400391
  20
625.757980
  0
VERTEX
  8
1
  10
-59564.184570
  20
624.733391
  0
VERTEX
  8
1
  10
-59562.973633
  20
623.797379
  0
VERTEX
  8
1
  10
-59561.601563
  20
622.822037
  0
VERTEX
  8
1
  10
-59560.161133
  20
621.887932
  0
VERTEX
  8
1
  10
-59558.603516
  20
620.960503
  0
VERTEX
  8
1
  10
-59556.982422
  20
620.073547
  0
VERTEX
  8
1
  10
-59555.214844
  20
619.189377
  0
VERTEX
  8
1
  10
-59553.315430
  20
618.319473
  0
VERTEX
  8
1
  10
-59551.259766
  20
617.457695
  0
VERTEX
  8
1
  10
-59548.989258
  20
616.589317
  0
VERTEX
  8
1
  10
-59546.538086
  20
615.734940
  0
VERTEX
  8
1
  10
-59543.876953
  20
614.890823
  0
VERTEX
  8
1
  10
-59540.908203
  20
614.032478
  0
VERTEX
  8
1
  10
-59537.558594
  20
613.149223
  0
VERTEX
  8
1
  10
-59533.647461
  20
612.205544
  0
VERTEX
  8
1
  10
-59528.564453
  20
611.072121
  0
VERTEX
  8
1
  10
-59522.817383
  20
609.872780
  0
VERTEX
  8
1
  10
-59516.948242
  20
608.729935
  0
VERTEX
  8
1
  10
-59510.957031
  20
607.644539
  0
VERTEX
  8
1
  10
-59504.741211
  20
606.600685
  0
VERTEX
  8
1
  10
-59498.408203
  20
605.617752
  0
VERTEX
  8
1
  10
-59488.979492
  20
604.255486
  0
VERTEX
  8
1
  10
-59477.592773
  20
602.579994
  0
VERTEX
  8
1
  10
-59481.855469
  20
591.438637
  0
VERTEX
  8
1
  10
-59485.737305
  20
581.345062
  0
VERTEX
  8
1
  10
-59489.365234
  20
571.754570
  0
VERTEX
  8
1
  10
-59492.729492
  20
562.647438
  0
VERTEX
  8
1
  10
-59495.820313
  20
554.045372
  0
VERTEX
  8
1
  10
-59499.067383
  20
544.768333
  0
VERTEX
  8
1
  10
-59502.358398
  20
535.134659
  0
VERTEX
  8
1
  10
-59505.527344
  20
525.626030
  0
VERTEX
  8
1
  10
-59508.671875
  20
515.948677
  0
VERTEX
  8
1
  10
-59511.743164
  20
506.252174
  0
VERTEX
  8
1
  10
-59514.594727
  20
496.968536
  0
VERTEX
  8
1
  10
-59517.304688
  20
487.879944
  0
VERTEX
  8
1
  10
-59519.931641
  20
478.771515
  0
VERTEX
  8
1
  10
-59522.397461
  20
469.930115
  0
VERTEX
  8
1
  10
-59524.677734
  20
461.438484
  0
VERTEX
  8
1
  10
-59526.796875
  20
453.258896
  0
VERTEX
  8
1
  10
-59528.833008
  20
445.064621
  0
VERTEX
  8
1
  10
-59530.712891
  20
437.161140
  0
VERTEX
  8
1
  10
-59532.509766
  20
429.261017
  0
VERTEX
  8
1
  10
-59534.228516
  20
421.340675
  0
VERTEX
  8
1
  10
-59535.932617
  20
413.070145
  0
VERTEX
  8
1
  10
-59537.558594
  20
404.780350
  0
VERTEX
  8
1
  10
-59539.160156
  20
396.165886
  0
VERTEX
  8
1
  10
-59540.688477
  20
387.507362
  0
VERTEX
  8
1
  10
-59542.133789
  20
378.831902
  0
VERTEX
  8
1
  10
-59543.554688
  20
369.806137
  0
VERTEX
  8
1
  10
-59544.897461
  20
360.742149
  0
VERTEX
  8
1
  10
-59546.206055
  20
351.349907
  0
VERTEX
  8
1
  10
-59547.475586
  20
341.606255
  0
VERTEX
  8
1
  10
-59548.696289
  20
331.625862
  0
VERTEX
  8
1
  10
-59549.853516
  20
321.517334
  0
VERTEX
  8
1
  10
-59550.927734
  20
311.397076
  0
VERTEX
  8
1
  10
-59551.909180
  20
301.492081
  0
VERTEX
  8
1
  10
-59552.836914
  20
291.349869
  0
VERTEX
  8
1
  10
-59553.706055
  20
281.195297
  0
VERTEX
  8
1
  10
-59554.516602
  20
271.029091
  0
VERTEX
  8
1
  10
-59555.278320
  20
260.791874
  0
VERTEX
  8
1
  10
-59555.976563
  20
250.622349
  0
VERTEX
  8
1
  10
-59556.611328
  20
240.455818
  0
VERTEX
  8
1
  10
-59557.163086
  20
230.498619
  0
VERTEX
  8
1
  10
-59557.250977
  20
228.856735
  0
VERTEX
  8
1
  10
-59557.280273
  20
228.328133
  0
VERTEX
  8
1
  10
-59557.285156
  20
228.267956
  0
VERTEX
  8
1
  10
-59557.451172
  20
225.609322
  0
VERTEX
  8
1
  10
-59557.949219
  20
217.720413
  0
VERTEX
  8
1
  10
-59558.564453
  20
207.533493
  0
VERTEX
  8
1
  10
-59559.145508
  20
197.396412
  0
VERTEX
  8
1
  10
-59559.677734
  20
187.381744
  0
VERTEX
  8
1
  10
-59560.170898
  20
177.357864
  0
VERTEX
  8
1
  10
-59560.629883
  20
167.325706
  0
VERTEX
  8
1
  10
-59561.079102
  20
156.996107
  0
VERTEX
  8
1
  10
-59561.489258
  20
146.955137
  0
VERTEX
  8
1
  10
-59561.879883
  20
136.912699
  0
VERTEX
  8
1
  10
-59562.246094
  20
126.861782
  0
VERTEX
  8
1
  10
-59562.592773
  20
116.814842
  0
VERTEX
  8
1
  10
-59562.919922
  20
106.764717
  0
VERTEX
  8
1
  10
-59563.232422
  20
96.705742
  0
VERTEX
  8
1
  10
-59563.535156
  20
86.651745
  0
VERTEX
  8
1
  10
-59563.818359
  20
76.597943
  0
VERTEX
  8
1
  10
-59564.091797
  20
66.544328
  0
VERTEX
  8
1
  10
-59564.355469
  20
56.266980
  0
VERTEX
  8
1
  10
-59564.594727
  20
46.212058
  0
VERTEX
  8
1
  10
-59564.824219
  20
36.156240
  0
VERTEX
  8
1
  10
-59565.039063
  20
26.087246
  0
VERTEX
  8
1
  10
-59565.239258
  20
16.030024
  0
VERTEX
  8
1
  10
-59565.429688
  20
5.972229
  0
VERTEX
  8
1
  10
-59565.605469
  20
-4.100760
  0
VERTEX
  8
1
  10
-59565.766602
  20
-14.158981
  0
VERTEX
  8
1
  10
-59565.917969
  20
-24.217107
  0
VERTEX
  8
1
  10
-59566.059570
  20
-34.291363
  0
VERTEX
  8
1
  10
-59566.181641
  20
-44.350224
  0
VERTEX
  8
1
  10
-59566.298828
  20
-54.410105
  0
VERTEX
  8
1
  10
-59566.401367
  20
-64.487324
  0
VERTEX
  8
1
  10
-59566.494141
  20
-74.549155
  0
VERTEX
  8
1
  10
-59566.577148
  20
-84.611921
  0
VERTEX
  8
1
  10
-59566.650391
  20
-94.675598
  0
VERTEX
  8
1
  10
-59566.718750
  20
-104.707489
  0
VERTEX
  8
1
  10
-59566.777344
  20
-114.771786
  0
VERTEX
  8
1
  10
-59566.826172
  20
-124.836130
  0
VERTEX
  8
1
  10
-59566.870117
  20
-135.144033
  0
VERTEX
  8
1
  10
-59566.909180
  20
-145.208025
  0
VERTEX
  8
1
  10
-59566.938477
  20
-155.271711
  0
VERTEX
  8
1
  10
-59566.958008
  20
-165.450172
  0
VERTEX
  8
1
  10
-59566.967773
  20
-175.562572
  0
VERTEX
  8
1
  10
-59566.972656
  20
-185.634232
  0
VERTEX
  8
1
  10
-59566.972656
  20
-195.696678
  0
VERTEX
  8
1
  10
-59566.972656
  20
-200.267677
  0
VERTEX
  8
1
  10
-59566.972656
  20
-200.267677
  0
VERTEX
  8
1
  10
-59566.972656
  20
-204.838676
  0
VERTEX
  8
1
  10
-59566.972656
  20
-214.901123
  0
VERTEX
  8
1
  10
-59566.967773
  20
-224.972782
  0
VERTEX
  8
1
  10
-59566.958008
  20
-235.085182
  0
VERTEX
  8
1
  10
-59566.953125
  20
-235.267677
  0
VERTEX
  8
1
  10
-59587.314453
  20
-235.267677
  0
VERTEX
  8
1
  10
-59597.558594
  20
-235.267677
  0
VERTEX
  8
1
  10
-59607.602539
  20
-235.267677
  0
VERTEX
  8
1
  10
-59617.905273
  20
-235.267677
  0
VERTEX
  8
1
  10
-59628.076172
  20
-235.267677
  0
VERTEX
  8
1
  10
-59638.251953
  20
-235.267677
  0
VERTEX
  8
1
  10
-59648.427734
  20
-235.267677
  0
VERTEX
  8
1
  10
-59658.618164
  20
-235.267677
  0
VERTEX
  8
1
  10
-59668.793945
  20
-235.267677
  0
VERTEX
  8
1
  10
-59678.964844
  20
-235.267677
  0
VERTEX
  8
1
  10
-59689.194336
  20
-235.267677
  0
VERTEX
  8
1
  10
-59699.365234
  20
-235.267677
  0
VERTEX
  8
1
  10
-59709.541016
  20
-235.267677
  0
VERTEX
  8
1
  10
-59719.711914
  20
-235.267677
  0
VERTEX
  8
1
  10
-59729.868164
  20
-235.267677
  0
VERTEX
  8
1
  10
-59740.039063
  20
-235.267677
  0
VERTEX
  8
1
  10
-59750.209961
  20
-235.267677
  0
VERTEX
  8
1
  10
-59760.385742
  20
-235.267677
  0
VERTEX
  8
1
  10
-59770.659180
  20
-235.267677
  0
VERTEX
  8
1
  10
-59780.830078
  20
-235.267677
  0
VERTEX
  8
1
  10
-59791.005859
  20
-235.267677
  0
VERTEX
  8
1
  10
-59801.020508
  20
-235.267677
  0
VERTEX
  8
1
  10
-59810.932617
  20
-235.267677
  0
SEQEND
  8
1
  0
POINT
  8
2
 10
-59823.662109
 20
-235.267677
  0
TEXT
  8
2
 10
-59823.662109
 20
-235.267677
 40
0.000000
 50
0.000000
  1
# 41
  0
POINT
  8
2
 10
-59823.691406
 20
-200.267677
  0
TEXT
  8
2
 10
-59823.691406
 20
-200.267677
 40
0.000000
 50
0.000000
  1
# 42
  0
POINT
  8
2
 10
-59837.055664
 20
228.057823
  0
TEXT
  8
2
 10
-59837.055664
 20
228.057823
 40
0.000000
 50
0.000000
  1
# 43
  0
POINT
  8
2
 10
-59883.872070
 20
567.630959
  0
TEXT
  8
2
 10
-59883.872070
 20
567.630959
 40
0.000000
 50
0.000000
  1
# 44
  0
POINT
  8
2
 10
-59904.370117
 20
688.772202
  0
TEXT
  8
2
 10
-59904.370117
 20
688.772202
 40
0.000000
 50
0.000000
  1
# 45
  0
POINT
  8
2
 10
-59927.045898
 20
840.337143
  0
TEXT
  8
2
 10
-59927.045898
 20
840.337143
 40
0.000000
 50
0.000000
  1
# 46
  0
POINT
  8
2
 10
-59838.408203
 20
874.830017
  0
TEXT
  8
2
 10
-59838.408203
 20
874.830017
 40
0.000000
 50
0.000000
  1
# 47
  0
POINT
  8
2
 10
-59826.562500
 20
880.367508
  0
TEXT
  8
2
 10
-59826.562500
 20
880.367508
 40
0.000000
 50
0.000000
  1
# 48
  0
POINT
  8
2
 10
-59814.252930
 20
880.340500
  0
TEXT
  8
2
 10
-59814.252930
 20
880.340500
 40
0.000000
 50
0.000000
  1
# 49
  0
POINT
  8
2
 10
-59759.091797
 20
892.684097
  0
TEXT
  8
2
 10
-59759.091797
 20
892.684097
 40
0.000000
 50
0.000000
  1
# 50
  0
POINT
  8
2
 10
-59747.841797
 20
897.902222
  0
TEXT
  8
2
 10
-59747.841797
 20
897.902222
 40
0.000000
 50
0.000000
  1
# 51
  0
POINT
  8
2
 10
-59734.560547
 20
897.901230
  0
TEXT
  8
2
 10
-59734.560547
 20
897.901230
 40
0.000000
 50
0.000000
  1
# 52
  0
POINT
  8
2
 10
-59638.867188
 20
902.717209
  0
TEXT
  8
2
 10
-59638.867188
 20
902.717209
 40
0.000000
 50
0.000000
  1
# 53
  0
POINT
  8
2
 10
-59592.983398
 20
692.291718
  0
TEXT
  8
2
 10
-59592.983398
 20
692.291718
 40
0.000000
 50
0.000000
  1
# 54
  0
POINT
  8
2
 10
-59477.592773
 20
602.579994
  0
TEXT
  8
2
 10
-59477.592773
 20
602.579994
 40
0.000000
 50
0.000000
  1
# 55
  0
POINT
  8
2
 10
-59557.285156
 20
228.267956
  0
TEXT
  8
2
 10
-59557.285156
 20
228.267956
 40
0.000000
 50
0.000000
  1
# 56
  0
POINT
  8
2
 10
-59566.972656
 20
-200.267677
  0
TEXT
  8
2
 10
-59566.972656
 20
-200.267677
 40
0.000000
 50
0.000000
  1
# 57
  0
POINT
  8
2
 10
-59566.953125
 20
-235.267677
  0
TEXT
  8
2
 10
-59566.953125
 20
-235.267677
 40
0.000000
 50
0.000000
  1
# 58
  0
POINT
  8
3
 10
-59823.657227
 20
-231.158333
  0
POINT
  8
3
 10
-59823.662109
 20
-220.990582
  0
POINT
  8
3
 10
-59823.671875
 20
-210.787754
  0
POINT
  8
3
 10
-59823.691406
 20
-200.267677
  0
POINT
  8
3
 10
-59823.671875
 20
-189.747601
  0
POINT
  8
3
 10
-59823.662109
 20
-179.544773
  0
POINT
  8
3
 10
-59823.657227
 20
-169.377022
  0
POINT
  8
3
 10
-59823.666992
 20
-159.132147
  0
POINT
  8
3
 10
-59823.691406
 20
-149.073696
  0
POINT
  8
3
 10
-59823.720703
 20
-139.014454
  0
POINT
  8
3
 10
-59823.764648
 20
-128.833265
  0
POINT
  8
3
 10
-59823.818359
 20
-118.773518
  0
POINT
  8
3
 10
-59823.881836
 20
-108.713999
  0
POINT
  8
3
 10
-59823.955078
 20
-98.352680
  0
POINT
  8
3
 10
-59824.038086
 20
-88.294516
  0
POINT
  8
3
 10
-59824.135742
 20
-78.237586
  0
POINT
  8
3
 10
-59824.248047
 20
-67.883811
  0
POINT
  8
3
 10
-59824.370117
 20
-57.828646
  0
POINT
  8
3
 10
-59824.506836
 20
-47.773662
  0
POINT
  8
3
 10
-59824.658203
 20
-37.718906
  0
POINT
  8
3
 10
-59824.829102
 20
-27.533050
  0
POINT
  8
3
 10
-59825.009766
 20
-17.480958
  0
POINT
  8
3
 10
-59825.205078
 20
-7.430623
  0
POINT
  8
3
 10
-59825.429688
 20
2.794273
  0
POINT
  8
3
 10
-59825.664063
 20
12.841983
  0
POINT
  8
3
 10
-59825.917969
 20
22.888637
  0
POINT
  8
3
 10
-59826.201172
 20
33.141882
  0
POINT
  8
3
 10
-59826.499023
 20
43.186359
  0
POINT
  8
3
 10
-59826.816406
 20
53.229785
  0
POINT
  8
3
 10
-59827.163086
 20
63.437586
  0
POINT
  8
3
 10
-59827.529297
 20
73.476892
  0
POINT
  8
3
 10
-59827.915039
 20
83.512859
  0
POINT
  8
3
 10
-59828.339844
 20
93.710184
  0
POINT
  8
3
 10
-59828.784180
 20
103.740416
  0
POINT
  8
3
 10
-59829.262695
 20
113.769121
  0
POINT
  8
3
 10
-59829.765625
 20
123.796110
  0
POINT
  8
3
 10
-59830.312500
 20
133.985033
  0
POINT
  8
3
 10
-59830.878906
 20
144.010086
  0
POINT
  8
3
 10
-59831.474609
 20
154.034567
  0
POINT
  8
3
 10
-59832.104492
 20
164.216480
  0
POINT
  8
3
 10
-59832.763672
 20
174.226990
  0
POINT
  8
3
 10
-59833.461914
 20
184.225388
  0
POINT
  8
3
 10
-59834.223633
 20
194.413261
  0
POINT
  8
3
 10
-59835.024414
 20
204.421234
  0
POINT
  8
3
 10
-59835.849609
 20
214.321880
  0
POINT
  8
3
 10
-59836.713867
 20
224.193974
  0
POINT
  8
3
 10
-59837.050781
 20
227.960663
  0
POINT
  8
3
 10
-59837.885742
 20
238.395061
  0
POINT
  8
3
 10
-59838.725586
 20
248.513298
  0
POINT
  8
3
 10
-59839.594727
 20
258.587837
  0
POINT
  8
3
 10
-59840.522461
 20
268.814106
  0
POINT
  8
3
 10
-59841.494141
 20
279.037514
  0
POINT
  8
3
 10
-59842.485352
 20
288.980350
  0
POINT
  8
3
 10
-59843.544922
 20
299.198189
  0
POINT
  8
3
 10
-59844.648438
 20
309.413757
  0
POINT
  8
3
 10
-59845.766602
 20
319.433613
  0
POINT
  8
3
 10
-59846.948242
 20
329.642334
  0
POINT
  8
3
 10
-59848.164063
 20
339.844055
  0
POINT
  8
3
 10
-59849.394531
 20
349.819679
  0
POINT
  8
3
 10
-59850.698242
 20
360.009575
  0
POINT
  8
3
 10
-59852.041016
 20
370.196838
  0
POINT
  8
3
 10
-59853.393555
 20
380.167389
  0
POINT
  8
3
 10
-59854.809570
 20
390.347328
  0
POINT
  8
3
 10
-59856.264648
 20
400.520821
  0
POINT
  8
3
 10
-59857.724609
 20
410.472183
  0
POINT
  8
3
 10
-59859.252930
 20
420.634499
  0
POINT
  8
3
 10
-59860.820313
 20
430.793877
  0
POINT
  8
3
 10
-59862.382813
 20
440.713806
  0
POINT
  8
3
 10
-59864.013672
 20
450.868950
  0
POINT
  8
3
 10
-59865.673828
 20
461.022758
  0
POINT
  8
3
 10
-59867.319336
 20
470.956955
  0
POINT
  8
3
 10
-59869.028320
 20
481.110077
  0
POINT
  8
3
 10
-59870.751953
 20
491.265068
  0
POINT
  8
3
 10
-59872.475586
 20
501.354904
  0
POINT
  8
3
 10
-59874.218750
 20
511.513329
  0
POINT
  8
3
 10
-59875.966797
 20
521.671638
  0
POINT
  8
3
 10
-59877.685547
 20
531.608086
  0
POINT
  8
3
 10
-59879.443359
 20
541.772575
  0
POINT
  8
3
 10
-59881.201172
 20
551.945953
  0
POINT
  8
3
 10
-59882.900391
 20
561.894150
  0
POINT
  8
3
 10
-59885.966797
 20
579.173584
  0
POINT
  8
3
 10
-59887.924805
 20
589.911194
  0
POINT
  8
3
 10
-59889.721680
 20
599.896355
  0
POINT
  8
3
 10
-59891.479492
 20
609.805527
  0
POINT
  8
3
 10
-59893.242188
 20
619.905624
  0
POINT
  8
3
 10
-59894.965820
 20
630.009384
  0
POINT
  8
3
 10
-59896.660156
 20
640.116806
  0
POINT
  8
3
 10
-59898.300781
 20
650.092468
  0
POINT
  8
3
 10
-59898.886719
 20
653.740158
  0
POINT
  8
3
 10
-59899.931641
 20
660.211182
  0
POINT
  8
3
 10
-59901.533203
 20
670.336609
  0
POINT
  8
3
 10
-59903.085938
 20
680.379639
  0
POINT
  8
3
 10
-59906.054688
 20
698.993988
  0
POINT
  8
3
 10
-59907.705078
 20
709.105453
  0
POINT
  8
3
 10
-59909.321289
 20
719.155121
  0
POINT
  8
3
 10
-59910.937500
 20
729.356079
  0
POINT
  8
3
 10
-59912.534180
 20
739.597702
  0
POINT
  8
3
 10
-59914.106445
 20
749.839478
  0
POINT
  8
3
 10
-59915.625000
 20
759.883652
  0
POINT
  8
3
 10
-59917.158203
 20
770.131378
  0
POINT
  8
3
 10
-59918.671875
 20
780.383530
  0
POINT
  8
3
 10
-59920.146484
 20
790.566101
  0
POINT
  8
3
 10
-59921.611328
 20
800.827484
  0
POINT
  8
3
 10
-59923.027344
 20
810.939484
  0
POINT
  8
3
 10
-59924.438477
 20
821.167221
  0
POINT
  8
3
 10
-59925.781250
 20
831.024399
  0
POINT
  8
3
 10
-59926.176758
 20
833.965836
  0
POINT
  8
3
 10
-59920.166016
 20
842.735443
  0
POINT
  8
3
 10
-59915.019531
 20
844.518890
  0
POINT
  8
3
 10
-59905.791016
 20
847.759247
  0
POINT
  8
3
 10
-59897.841797
 20
850.635529
  0
POINT
  8
3
 10
-59889.877930
 20
853.607330
  0
POINT
  8
3
 10
-59881.943359
 20
856.658554
  0
POINT
  8
3
 10
-59874.033203
 20
859.788055
  0
POINT
  8
3
 10
-59866.123047
 20
863.010025
  0
POINT
  8
3
 10
-59857.016602
 20
866.815796
  0
POINT
  8
3
 10
-59847.768555
 20
870.764389
  0
POINT
  8
3
 10
-59837.709961
 20
875.153046
  0
POINT
  8
3
 10
-59836.132813
 20
875.879135
  0
POINT
  8
3
 10
-59815.908203
 20
880.334320
  0
POINT
  8
3
 10
-59814.248047
 20
880.341339
  0
POINT
  8
3
 10
-59810.927734
 20
880.947571
  0
POINT
  8
3
 10
-59802.910156
 20
882.479477
  0
POINT
  8
3
 10
-59795.385742
 20
883.997116
  0
POINT
  8
3
 10
-59789.023438
 20
885.357742
  0
POINT
  8
3
 10
-59782.036133
 20
886.944199
  0
POINT
  8
3
 10
-59774.624023
 20
888.715591
  0
POINT
  8
3
 10
-59766.523438
 20
890.740662
  0
POINT
  8
3
 10
-59759.096680
 20
892.683792
  0
POINT
  8
3
 10
-59752.333984
 20
895.794678
  0
POINT
  8
3
 10
-59742.797852
 20
897.879028
  0
POINT
  8
3
 10
-59735.434570
 20
897.898941
  0
POINT
  8
3
 10
-59728.134766
 20
897.924042
  0
POINT
  8
3
 10
-59720.000000
 20
898.009491
  0
POINT
  8
3
 10
-59711.918945
 20
898.177643
  0
POINT
  8
3
 10
-59703.769531
 20
898.430405
  0
POINT
  8
3
 10
-59695.400391
 20
898.772736
  0
POINT
  8
3
 10
-59686.743164
 20
899.211197
  0
POINT
  8
3
 10
-59677.753906
 20
899.751434
  0
POINT
  8
3
 10
-59667.822266
 20
900.431366
  0
POINT
  8
3
 10
-59657.812500
 20
901.187057
  0
POINT
  8
3
 10
-59647.929688
 20
901.993179
  0
POINT
  8
3
 10
-59636.850586
 20
893.848801
  0
POINT
  8
3
 10
-59634.628906
 20
884.101639
  0
POINT
  8
3
 10
-59632.353516
 20
874.091415
  0
POINT
  8
3
 10
-59630.087891
 20
864.111710
  0
POINT
  8
3
 10
-59627.817383
 20
854.092484
  0
POINT
  8
3
 10
-59625.600586
 20
844.268265
  0
POINT
  8
3
 10
-59623.383789
 20
834.441452
  0
POINT
  8
3
 10
-59621.186523
 20
824.624710
  0
POINT
  8
3
 10
-59618.989258
 20
814.791183
  0
POINT
  8
3
 10
-59616.806641
 20
804.953690
  0
POINT
  8
3
 10
-59614.638672
 20
795.125198
  0
POINT
  8
3
 10
-59612.475586
 20
785.280228
  0
POINT
  8
3
 10
-59610.332031
 20
775.431824
  0
POINT
  8
3
 10
-59608.159180
 20
765.382233
  0
POINT
  8
3
 10
-59606.040039
 20
755.523605
  0
POINT
  8
3
 10
-59603.945313
 20
745.658569
  0
POINT
  8
3
 10
-59601.870117
 20
735.809631
  0
POINT
  8
3
 10
-59599.814453
 20
725.932465
  0
POINT
  8
3
 10
-59597.783203
 20
716.049728
  0
POINT
  8
3
 10
-59595.742188
 20
705.997391
  0
POINT
  8
3
 10
-59593.784180
 20
696.285019
  0
POINT
  8
3
 10
-59591.958008
 20
687.120285
  0
POINT
  8
3
 10
-59590.830078
 20
681.873474
  0
POINT
  8
3
 10
-59589.653320
 20
676.759872
  0
POINT
  8
3
 10
-59588.505859
 20
672.104263
  0
POINT
  8
3
 10
-59587.368164
 20
667.826996
  0
POINT
  8
3
 10
-59586.274414
 20
663.998260
  0
POINT
  8
3
 10
-59585.219727
 20
660.574722
  0
POINT
  8
3
 10
-59584.160156
 20
657.388992
  0
POINT
  8
3
 10
-59583.071289
 20
654.353027
  0
POINT
  8
3
 10
-59581.943359
 20
651.443481
  0
POINT
  8
3
 10
-59580.810547
 20
648.716049
  0
POINT
  8
3
 10
-59579.667969
 20
646.170502
  0
POINT
  8
3
 10
-59578.520508
 20
643.786621
  0
POINT
  8
3
 10
-59577.348633
 20
641.522446
  0
POINT
  8
3
 10
-59576.162109
 20
639.387169
  0
POINT
  8
3
 10
-59574.975586
 20
637.401390
  0
POINT
  8
3
 10
-59573.779297
 20
635.547523
  0
POINT
  8
3
 10
-59572.558594
 20
633.778038
  0
POINT
  8
3
 10
-59571.376953
 20
632.195396
  0
POINT
  8
3
 10
-59570.190430
 20
630.709572
  0
POINT
  8
3
 10
-59568.989258
 20
629.320679
  0
POINT
  8
3
 10
-59567.788086
 20
628.033524
  0
POINT
  8
3
 10
-59566.577148
 20
626.834068
  0
POINT
  8
3
 10
-59565.400391
 20
625.757980
  0
POINT
  8
3
 10
-59564.184570
 20
624.733391
  0
POINT
  8
3
 10
-59562.973633
 20
623.797379
  0
POINT
  8
3
 10
-59561.601563
 20
622.822037
  0
POINT
  8
3
 10
-59560.161133
 20
621.887932
  0
POINT
  8
3
 10
-59558.603516
 20
620.960503
  0
POINT
  8
3
 10
-59556.982422
 20
620.073547
  0
POINT
  8
3
 10
-59555.214844
 20
619.189377
  0
POINT
  8
3
 10
-59553.315430
 20
618.319473
  0
POINT
  8
3
 10
-59551.259766
 20
617.457695
  0
POINT
  8
3
 10
-59548.989258
 20
616.589317
  0
POINT
  8
3
 10
-59546.538086
 20
615.734940
  0
POINT
  8
3
 10
-59543.876953
 20
614.890823
  0
POINT
  8
3
 10
-59540.908203
 20
614.032478
  0
POINT
  8
3
 10
-59537.558594
 20
613.149223
  0
POINT
  8
3
 10
-59533.647461
 20
612.205544
  0
POINT
  8
3
 10
-59528.564453
 20
611.072121
  0
POINT
  8
3
 10
-59522.817383
 20
609.872780
  0
POINT
  8
3
 10
-59516.948242
 20
608.729935
  0
POINT
  8
3
 10
-59510.957031
 20
607.644539
  0
POINT
  8
3
 10
-59504.741211
 20
606.600685
  0
POINT
  8
3
 10
-59498.408203
 20
605.617752
  0
POINT
  8
3
 10
-59488.979492
 20
604.255486
  0
POINT
  8
3
 10
-59481.855469
 20
591.438637
  0
POINT
  8
3
 10
-59485.737305
 20
581.345062
  0
POINT
  8
3
 10
-59489.365234
 20
571.754570
  0
POINT
  8
3
 10
-59492.729492
 20
562.647438
  0
POINT
  8
3
 10
-59495.820313
 20
554.045372
  0
POINT
  8
3
 10
-59499.067383
 20
544.768333
  0
POINT
  8
3
 10
-59502.358398
 20
535.134659
  0
POINT
  8
3
 10
-59505.527344
 20
525.626030
  0
POINT
  8
3
 10
-59508.671875
 20
515.948677
  0
POINT
  8
3
 10
-59511.743164
 20
506.252174
  0
POINT
  8
3
 10
-59514.594727
 20
496.968536
  0
POINT
  8
3
 10
-59517.304688
 20
487.879944
  0
POINT
  8
3
 10
-59519.931641
 20
478.771515
  0
POINT
  8
3
 10
-59522.397461
 20
469.930115
  0
POINT
  8
3
 10
-59524.677734
 20
461.438484
  0
POINT
  8
3
 10
-59526.796875
 20
453.258896
  0
POINT
  8
3
 10
-59528.833008
 20
445.064621
  0
POINT
  8
3
 10
-59530.712891
 20
437.161140
  0
POINT
  8
3
 10
-59532.509766
 20
429.261017
  0
POINT
  8
3
 10
-59534.228516
 20
421.340675
  0
POINT
  8
3
 10
-59535.932617
 20
413.070145
  0
POINT
  8
3
 10
-59537.558594
 20
404.780350
  0
POINT
  8
3
 10
-59539.160156
 20
396.165886
  0
POINT
  8
3
 10
-59540.688477
 20
387.507362
  0
POINT
  8
3
 10
-59542.133789
 20
378.831902
  0
POINT
  8
3
 10
-59543.554688
 20
369.806137
  0
POINT
  8
3
 10
-59544.897461
 20
360.742149
  0
POINT
  8
3
 10
-59546.206055
 20
351.349907
  0
POINT
  8
3
 10
-59547.475586
 20
341.606255
  0
POINT
  8
3
 10
-59548.696289
 20
331.625862
  0
POINT
  8
3
 10
-59549.853516
 20
321.517334
  0
POINT
  8
3
 10
-59550.927734
 20
311.397076
  0
POINT
  8
3
 10
-59551.909180
 20
301.492081
  0
POINT
  8
3
 10
-59552.836914
 20
291.349869
  0
POINT
  8
3
 10
-59553.706055
 20
281.195297
  0
POINT
  8
3
 10
-59554.516602
 20
271.029091
  0
POINT
  8
3
 10
-59555.278320
 20
260.791874
  0
POINT
  8
3
 10
-59555.976563
 20
250.622349
  0
POINT
  8
3
 10
-59556.611328
 20
240.455818
  0
POINT
  8
3
 10
-59557.163086
 20
230.498619
  0
POINT
  8
3
 10
-59557.250977
 20
228.856735
  0
POINT
  8
3
 10
-59557.280273
 20
228.328133
  0
POINT
  8
3
 10
-59557.451172
 20
225.609322
  0
POINT
  8
3
 10
-59557.949219
 20
217.720413
  0
POINT
  8
3
 10
-59558.564453
 20
207.533493
  0
POINT
  8
3
 10
-59559.145508
 20
197.396412
  0
POINT
  8
3
 10
-59559.677734
 20
187.381744
  0
POINT
  8
3
 10
-59560.170898
 20
177.357864
  0
POINT
  8
3
 10
-59560.629883
 20
167.325706
  0
POINT
  8
3
 10
-59561.079102
 20
156.996107
  0
POINT
  8
3
 10
-59561.489258
 20
146.955137
  0
POINT
  8
3
 10
-59561.879883
 20
136.912699
  0
POINT
  8
3
 10
-59562.246094
 20
126.861782
  0
POINT
  8
3
 10
-59562.592773
 20
116.814842
  0
POINT
  8
3
 10
-59562.919922
 20
106.764717
  0
POINT
  8
3
 10
-59563.232422
 20
96.705742
  0
POINT
  8
3
 10
-59563.535156
 20
86.651745
  0
POINT
  8
3
 10
-59563.818359
 20
76.597943
  0
POINT
  8
3
 10
-59564.091797
 20
66.544328
  0
POINT
  8
3
 10
-59564.355469
 20
56.266980
  0
POINT
  8
3
 10
-59564.594727
 20
46.212058
  0
POINT
  8
3
 10
-59564.824219
 20
36.156240
  0
POINT
  8
3
 10
-59565.039063
 20
26.087246
  0
POINT
  8
3
 10
-59565.239258
 20
16.030024
  0
POINT
  8
3
 10
-59565.429688
 20
5.972229
  0
POINT
  8
3
 10
-59565.605469
 20
-4.100760
  0
POINT
  8
3
 10
-59565.766602
 20
-14.158981
  0
POINT
  8
3
 10
-59565.917969
 20
-24.217107
  0
POINT
  8
3
 10
-59566.059570
 20
-34.291363
  0
POINT
  8
3
 10
-59566.181641
 20
-44.350224
  0
POINT
  8
3
 10
-59566.298828
 20
-54.410105
  0
POINT
  8
3
 10
-59566.401367
 20
-64.487324
  0
POINT
  8
3
 10
-59566.494141
 20
-74.549155
  0
POINT
  8
3
 10
-59566.577148
 20
-84.611921
  0
POINT
  8
3
 10
-59566.650391
 20
-94.675598
  0
POINT
  8
3
 10
-59566.718750
 20
-104.707489
  0
POINT
  8
3
 10
-59566.777344
 20
-114.771786
  0
POINT
  8
3
 10
-59566.826172
 20
-124.836130
  0
POINT
  8
3
 10
-59566.870117
 20
-135.144033
  0
POINT
  8
3
 10
-59566.909180
 20
-145.208025
  0
POINT
  8
3
 10
-59566.938477
 20
-155.271711
  0
POINT
  8
3
 10
-59566.958008
 20
-165.450172
  0
POINT
  8
3
 10
-59566.967773
 20
-175.562572
  0
POINT
  8
3
 10
-59566.972656
 20
-185.634232
  0
POINT
  8
3
 10
-59566.972656
 20
-195.696678
  0
POINT
  8
3
 10
-59566.972656
 20
-200.267677
  0
POINT
  8
3
 10
-59566.972656
 20
-204.838676
  0
POINT
  8
3
 10
-59566.972656
 20
-214.901123
  0
POINT
  8
3
 10
-59566.967773
 20
-224.972782
  0
POINT
  8
3
 10
-59566.958008
 20
-235.085182
  0
POINT
  8
3
 10
-59587.314453
 20
-235.267677
  0
POINT
  8
3
 10
-59597.558594
 20
-235.267677
  0
POINT
  8
3
 10
-59607.602539
 20
-235.267677
  0
POINT
  8
3
 10
-59617.905273
 20
-235.267677
  0
POINT
  8
3
 10
-59628.076172
 20
-235.267677
  0
POINT
  8
3
 10
-59638.251953
 20
-235.267677
  0
POINT
  8
3
 10
-59648.427734
 20
-235.267677
  0
POINT
  8
3
 10
-59658.618164
 20
-235.267677
  0
POINT
  8
3
 10
-59668.793945
 20
-235.267677
  0
POINT
  8
3
 10
-59678.964844
 20
-235.267677
  0
POINT
  8
3
 10
-59689.194336
 20
-235.267677
  0
POINT
  8
3
 10
-59699.365234
 20
-235.267677
  0
POINT
  8
3
 10
-59709.541016
 20
-235.267677
  0
POINT
  8
3
 10
-59719.711914
 20
-235.267677
  0
POINT
  8
3
 10
-59729.868164
 20
-235.267677
  0
POINT
  8
3
 10
-59740.039063
 20
-235.267677
  0
POINT
  8
3
 10
-59750.209961
 20
-235.267677
  0
POINT
  8
3
 10
-59760.385742
 20
-235.267677
  0
POINT
  8
3
 10
-59770.659180
 20
-235.267677
  0
POINT
  8
3
 10
-59780.830078
 20
-235.267677
  0
POINT
  8
3
 10
-59791.005859
 20
-235.267677
  0
POINT
  8
3
 10
-59801.020508
 20
-235.267677
  0
POINT
  8
3
 10
-59810.932617
 20
-235.267677
  0
POINT
  8
4
 10
-59823.691406
 20
-200.267677
 30
1.000000
 50
  0.00
  0
TEXT
  8
4
 10
-59823.691406
 20
-200.267677
 40
0.000000
 50
0.000000
  1
# 59
  0
POINT
  8
4
 10
-59837.050781
 20
227.960663
 30
1.000000
 50
  5.13
  0
TEXT
  8
4
 10
-59837.050781
 20
227.960663
 40
0.000000
 50
0.000000
  1
# 60
  0
POINT
  8
4
 10
-59898.886719
 20
653.740158
 30
1.000000
 50
  9.16
  0
TEXT
  8
4
 10
-59898.886719
 20
653.740158
 40
0.000000
 50
0.000000
  1
# 61
  0
POINT
  8
4
 10
-59837.709961
 20
875.153046
 30
1.000000
 50
289.69
  0
TEXT
  8
4
 10
-59837.709961
 20
875.153046
 40
0.000000
 50
0.000000
  1
# 62
  0
POINT
  8
4
 10
-59814.248047
 20
880.341339
 30
1.000000
 50
275.25
  0
TEXT
  8
4
 10
-59814.248047
 20
880.341339
 40
0.000000
 50
0.000000
  1
# 63
  0
POINT
  8
4
 10
-59759.096680
 20
892.683792
 30
1.000000
 50
289.69
  0
TEXT
  8
4
 10
-59759.096680
 20
892.683792
 40
0.000000
 50
0.000000
  1
# 64
  0
POINT
  8
4
 10
-59735.434570
 20
897.898941
 30
1.000000
 50
275.16
  0
TEXT
  8
4
 10
-59735.434570
 20
897.898941
 40
0.000000
 50
0.000000
  1
# 65
  0
POINT
  8
4
 10
-59557.280273
 20
228.328133
 30
1.000000
 50
176.98
  0
TEXT
  8
4
 10
-59557.280273
 20
228.328133
 40
0.000000
 50
0.000000
  1
# 66
  0
POINT
  8
4
 10
-59566.972656
 20
-200.267677
 30
1.000000
 50
180.00
  0
TEXT
  8
4
 10
-59566.972656
 20
-200.267677
 40
0.000000
 50
0.000000
  1
# 67
  0
POLYLINE
  8
14
  66
1
  70
1
  0
VERTEX
  8
14
  10
-59813.691406
  20
-200.267677
  0
VERTEX
  8
14
  10
-59813.691406
  20
-200.267677
  0
VERTEX
  8
14
  10
-59813.671628
  20
-189.762297
  0
VERTEX
  8
14
  10
-59813.660555
  20
-179.551587
  0
VERTEX
  8
14
  10
-59813.658393
  20
-169.373956
  0
VERTEX
  8
14
  10
-59813.667870
  20
-159.116781
  0
VERTEX
  8
14
  10
-59813.689134
  20
-149.046967
  0
VERTEX
  8
14
  10
-59813.721428
  20
-138.977179
  0
VERTEX
  8
14
  10
-59813.764534
  20
-128.785979
  0
VERTEX
  8
14
  10
-59813.817154
  20
-118.716267
  0
VERTEX
  8
14
  10
-59813.879886
  20
-108.646627
  0
VERTEX
  8
14
  10
-59813.955252
  20
-98.274643
  0
VERTEX
  8
14
  10
-59814.039438
  20
-88.205164
  0
VERTEX
  8
14
  10
-59814.135578
  20
-78.135806
  0
VERTEX
  8
14
  10
-59814.248246
  20
-67.768087
  0
VERTEX
  8
14
  10
-59814.371779
  20
-57.699012
  0
VERTEX
  8
14
  10
-59814.509329
  20
-47.630100
  0
VERTEX
  8
14
  10
-59814.660917
  20
-37.561392
  0
VERTEX
  8
14
  10
-59814.829072
  20
-27.360671
  0
VERTEX
  8
14
  10
-59815.010651
  20
-17.292458
  0
VERTEX
  8
14
  10
-59815.209188
  20
-7.224564
  0
VERTEX
  8
14
  10
-59815.430040
  20
3.019421
  0
VERTEX
  8
14
  10
-59815.666468
  20
13.086510
  0
VERTEX
  8
14
  10
-59815.922710
  20
23.153136
  0
VERTEX
  8
14
  10
-59816.205297
  20
33.427346
  0
VERTEX
  8
14
  10
-59816.503283
  20
43.492804
  0
VERTEX
  8
14
  10
-59816.822604
  20
53.557622
  0
VERTEX
  8
14
  10
-59817.169506
  20
63.787731
  0
VERTEX
  8
14
  10
-59817.533956
  20
73.850985
  0
VERTEX
  8
14
  10
-59817.923721
  20
83.913284
  0
VERTEX
  8
14
  10
-59818.348307
  20
94.139795
  0
VERTEX
  8
14
  10
-59818.795863
  20
104.199736
  0
VERTEX
  8
14
  10
-59819.273429
  20
114.258328
  0
VERTEX
  8
14
  10
-59819.781182
  20
124.315387
  0
VERTEX
  8
14
  10
-59820.328160
  20
134.534551
  0
VERTEX
  8
14
  10
-59820.896076
  20
144.588357
  0
VERTEX
  8
14
  10
-59821.492445
  20
154.640589
  0
VERTEX
  8
14
  10
-59822.127060
  20
164.852172
  0
VERTEX
  8
14
  10
-59822.785491
  20
174.900529
  0
VERTEX
  8
14
  10
-59823.486595
  20
184.945846
  0
VERTEX
  8
14
  10
-59824.254465
  20
195.187384
  0
VERTEX
  8
14
  10
-59825.056968
  20
205.237392
  0
VERTEX
  8
14
  10
-59825.888265
  20
215.172625
  0
VERTEX
  8
14
  10
-59826.750783
  20
225.078971
  0
VERTEX
  8
14
  10
-59827.089844
  20
228.854809
  0
VERTEX
  8
14
  10
-59827.089844
  20
228.855820
  0
VERTEX
  8
14
  10
-59827.918567
  20
239.207817
  0
VERTEX
  8
14
  10
-59828.760544
  20
249.355206
  0
VERTEX
  8
14
  10
-59829.633405
  20
259.468058
  0
VERTEX
  8
14
  10
-59830.564945
  20
269.739999
  0
VERTEX
  8
14
  10
-59831.542881
  20
280.007688
  0
VERTEX
  8
14
  10
-59832.537442
  20
289.992330
  0
VERTEX
  8
14
  10
-59833.602633
  20
300.251344
  0
VERTEX
  8
14
  10
-59834.709183
  20
310.505942
  0
VERTEX
  8
14
  10
-59835.832803
  20
320.561997
  0
VERTEX
  8
14
  10
-59837.015619
  20
330.807940
  0
VERTEX
  8
14
  10
-59838.238005
  20
341.049174
  0
VERTEX
  8
14
  10
-59839.474695
  20
351.065615
  0
VERTEX
  8
14
  10
-59840.781160
  20
361.296585
  0
VERTEX
  8
14
  10
-59842.128663
  20
371.522311
  0
VERTEX
  8
14
  10
-59843.485021
  20
381.528097
  0
VERTEX
  8
14
  10
-59844.906773
  20
391.743721
  0
VERTEX
  8
14
  10
-59846.365898
  20
401.953996
  0
VERTEX
  8
14
  10
-59847.831382
  20
411.942409
  0
VERTEX
  8
14
  10
-59849.366812
  20
422.141280
  0
VERTEX
  8
14
  10
-59850.938626
  20
432.334655
  0
VERTEX
  8
14
  10
-59852.506378
  20
442.285292
  0
VERTEX
  8
14
  10
-59854.142253
  20
452.469028
  0
VERTEX
  8
14
  10
-59855.806040
  20
462.648327
  0
VERTEX
  8
14
  10
-59857.457965
  20
472.604489
  0
VERTEX
  8
14
  10
-59859.167039
  20
482.775835
  0
VERTEX
  8
14
  10
-59860.892447
  20
492.944305
  0
VERTEX
  8
14
  10
-59862.617700
  20
503.042986
  0
VERTEX
  8
14
  10
-59864.362380
  20
513.208264
  0
VERTEX
  8
14
  10
-59866.113641
  20
523.372444
  0
VERTEX
  8
14
  10
-59867.831963
  20
533.313424
  0
VERTEX
  8
14
  10
-59869.590720
  20
543.476357
  0
VERTEX
  8
14
  10
-59871.343796
  20
553.640276
  0
VERTEX
  8
14
  10
-59873.043296
  20
563.572467
  0
VERTEX
  8
14
  10
-59874.734279
  20
573.545697
  0
VERTEX
  8
14
  10
-59876.201172
  20
581.370010
  0
VERTEX
  8
14
  10
-59878.083737
  20
591.693898
  0
VERTEX
  8
14
  10
-59879.877864
  20
601.657424
  0
VERTEX
  8
14
  10
-59881.632010
  20
611.538674
  0
VERTEX
  8
14
  10
-59883.385590
  20
621.605106
  0
VERTEX
  8
14
  10
-59885.105627
  20
631.677006
  0
VERTEX
  8
14
  10
-59886.794042
  20
641.754323
  0
VERTEX
  8
14
  10
-59888.429986
  20
651.700597
  0
VERTEX
  8
14
  10
-59889.023438
  20
655.331573
  0
VERTEX
  8
14
  10
-59890.057338
  20
661.788064
  0
VERTEX
  8
14
  10
-59891.651994
  20
671.880739
  0
VERTEX
  8
14
  10
-59893.203401
  20
681.898423
  0
VERTEX
  8
14
  10
-59894.492188
  20
690.335236
  0
VERTEX
  8
14
  10
-59896.187173
  20
700.612279
  0
VERTEX
  8
14
  10
-59897.833353
  20
710.705936
  0
VERTEX
  8
14
  10
-59899.447850
  20
720.732701
  0
VERTEX
  8
14
  10
-59901.058893
  20
730.906963
  0
VERTEX
  8
14
  10
-59902.650287
  20
741.125116
  0
VERTEX
  8
14
  10
-59904.219122
  20
751.346747
  0
VERTEX
  8
14
  10
-59905.738125
  20
761.372267
  0
VERTEX
  8
14
  10
-59907.267179
  20
771.599763
  0
VERTEX
  8
14
  10
-59908.774676
  20
781.830457
  0
VERTEX
  8
14
  10
-59910.248705
  20
791.990533
  0
VERTEX
  8
14
  10
-59911.709489
  20
802.228007
  0
VERTEX
  8
14
  10
-59913.123632
  20
812.315368
  0
VERTEX
  8
14
  10
-59914.530340
  20
822.523206
  0
VERTEX
  8
14
  10
-59915.869665
  20
832.364831
  0
VERTEX
  8
14
  10
-59916.035156
  20
833.589783
  0
VERTEX
  8
14
  10
-59911.740932
  20
835.071436
  0
VERTEX
  8
14
  10
-59902.437083
  20
838.338795
  0
VERTEX
  8
14
  10
-59894.392291
  20
841.249141
  0
VERTEX
  8
14
  10
-59886.334183
  20
844.255851
  0
VERTEX
  8
14
  10
-59878.306302
  20
847.342549
  0
VERTEX
  8
14
  10
-59870.309268
  20
850.508131
  0
VERTEX
  8
14
  10
-59862.307567
  20
853.766018
  0
VERTEX
  8
14
  10
-59853.123376
  20
857.605295
  0
VERTEX
  8
14
  10
-59843.812047
  20
861.579675
  0
VERTEX
  8
14
  10
-59834.326172
  20
865.701370
  0
VERTEX
  8
14
  10
-59834.326172
  20
865.701370
  0
VERTEX
  8
14
  10
-59831.936203
  20
866.801721
  0
VERTEX
  8
14
  10
-59824.345703
  20
870.360565
  0
VERTEX
  8
14
  10
-59815.886124
  20
870.334313
  0
VERTEX
  8
14
  10
-59813.330078
  20
870.343857
  0
VERTEX
  8
14
  10
-59813.330078
  20
870.343857
  0
VERTEX
  8
14
  10
-59809.101120
  20
871.115870
  0
VERTEX
  8
14
  10
-59800.983129
  20
872.666728
  0
VERTEX
  8
14
  10
-59793.352789
  20
874.206018
  0
VERTEX
  8
14
  10
-59786.868937
  20
875.592079
  0
VERTEX
  8
14
  10
-59779.762761
  20
877.205680
  0
VERTEX
  8
14
  10
-59772.249298
  20
879.001693
  0
VERTEX
  8
14
  10
-59764.049145
  20
881.051727
  0
VERTEX
  8
14
  10
-59755.712891
  20
883.232117
  0
VERTEX
  8
14
  10
-59755.712891
  20
883.232117
  0
VERTEX
  8
14
  10
-59748.101039
  20
886.734859
  0
VERTEX
  8
14
  10
-59745.644531
  20
887.891998
  0
VERTEX
  8
14
  10
-59742.829717
  20
887.879098
  0
VERTEX
  8
14
  10
-59734.531250
  20
887.901306
  0
VERTEX
  8
14
  10
-59734.531250
  20
887.901306
  0
VERTEX
  8
14
  10
-59728.070920
  20
887.924235
  0
VERTEX
  8
14
  10
-59719.842705
  20
888.010702
  0
VERTEX
  8
14
  10
-59711.661444
  20
888.181054
  0
VERTEX
  8
14
  10
-59703.412271
  20
888.436891
  0
VERTEX
  8
14
  10
-59694.943622
  20
888.783193
  0
VERTEX
  8
14
  10
-59686.187323
  20
889.226510
  0
VERTEX
  8
14
  10
-59677.112156
  20
889.772137
  0
VERTEX
  8
14
  10
-59667.103399
  20
890.457334
  0
VERTEX
  8
14
  10
-59657.027300
  20
891.217928
  0
VERTEX
  8
14
  10
-59646.699219
  20
892.067871
  0
VERTEX
  8
14
  10
-59644.379954
  20
881.882901
  0
VERTEX
  8
14
  10
-59642.104396
  20
871.875650
  0
VERTEX
  8
14
  10
-59639.839646
  20
861.899876
  0
VERTEX
  8
14
  10
-59637.571260
  20
851.886004
  0
VERTEX
  8
14
  10
-59635.353525
  20
842.068225
  0
VERTEX
  8
14
  10
-59633.142868
  20
832.248967
  0
VERTEX
  8
14
  10
-59630.943447
  20
822.441100
  0
VERTEX
  8
14
  10
-59628.750731
  20
812.617912
  0
VERTEX
  8
14
  10
-59626.569088
  20
802.792128
  0
VERTEX
  8
14
  10
-59624.402660
  20
792.976357
  0
VERTEX
  8
14
  10
-59622.246360
  20
783.144569
  0
VERTEX
  8
14
  10
-59620.103513
  20
773.309781
  0
VERTEX
  8
14
  10
-59617.932398
  20
763.275289
  0
VERTEX
  8
14
  10
-59615.820097
  20
753.433908
  0
VERTEX
  8
14
  10
-59613.726348
  20
743.588499
  0
VERTEX
  8
14
  10
-59611.658122
  20
733.761013
  0
VERTEX
  8
14
  10
-59609.607359
  20
723.906478
  0
VERTEX
  8
14
  10
-59607.579844
  20
714.047309
  0
VERTEX
  8
14
  10
-59605.541468
  20
704.015783
  0
VERTEX
  8
14
  10
-59603.588550
  20
694.318052
  0
VERTEX
  8
14
  10
-59602.792969
  20
690.346756
  0
VERTEX
  8
14
  10
-59601.751330
  20
685.093470
  0
VERTEX
  8
14
  10
-59600.593823
  20
679.702253
  0
VERTEX
  8
14
  10
-59599.381407
  20
674.438893
  0
VERTEX
  8
14
  10
-59598.192503
  20
669.625308
  0
VERTEX
  8
14
  10
-59597.011244
  20
665.172208
  0
VERTEX
  8
14
  10
-59595.861545
  20
661.150511
  0
VERTEX
  8
14
  10
-59594.743322
  20
657.524451
  0
VERTEX
  8
14
  10
-59593.612387
  20
654.123948
  0
VERTEX
  8
14
  10
-59592.441241
  20
650.860335
  0
VERTEX
  8
14
  10
-59591.223722
  20
647.714796
  0
VERTEX
  8
14
  10
-59589.987591
  20
644.748639
  0
VERTEX
  8
14
  10
-59588.737802
  20
641.958761
  0
VERTEX
  8
14
  10
-59587.470790
  20
639.325135
  0
VERTEX
  8
14
  10
-59586.164175
  20
636.797255
  0
VERTEX
  8
14
  10
-59584.823009
  20
634.386540
  0
VERTEX
  8
14
  10
-59583.468745
  20
632.125170
  0
VERTEX
  8
14
  10
-59582.099281
  20
629.997662
  0
VERTEX
  8
14
  10
-59580.679568
  20
627.945797
  0
VERTEX
  8
14
  10
-59579.295929
  20
626.086401
  0
VERTEX
  8
14
  10
-59577.880315
  20
624.318126
  0
VERTEX
  8
14
  10
-59576.434626
  20
622.643230
  0
VERTEX
  8
14
  10
-59574.968243
  20
621.070760
  0
VERTEX
  8
14
  10
-59573.469737
  20
619.586695
  0
VERTEX
  8
14
  10
-59571.993532
  20
618.238511
  0
VERTEX
  8
14
  10
-59570.460200
  20
616.949015
  0
VERTEX
  8
14
  10
-59568.935011
  20
615.768529
  0
VERTEX
  8
14
  10
-59567.215216
  20
614.547893
  0
VERTEX
  8
14
  10
-59565.447138
  20
613.398725
  0
VERTEX
  8
14
  10
-59563.561926
  20
612.275057
  0
VERTEX
  8
14
  10
-59561.620299
  20
611.213868
  0
VERTEX
  8
14
  10
-59559.535845
  20
610.170282
  0
VERTEX
  8
14
  10
-59557.330151
  20
609.160036
  0
VERTEX
  8
14
  10
-59554.978881
  20
608.174991
  0
VERTEX
  8
14
  10
-59552.419199
  20
607.195984
  0
VERTEX
  8
14
  10
-59549.693622
  20
606.246181
  0
VERTEX
  8
14
  10
-59546.778910
  20
605.320836
  0
VERTEX
  8
14
  10
-59543.571782
  20
604.393338
  0
VERTEX
  8
14
  10
-59540.004321
  20
603.452720
  0
VERTEX
  8
14
  10
-59535.905782
  20
602.463674
  0
VERTEX
  8
14
  10
-59530.673947
  20
601.297095
  0
VERTEX
  8
14
  10
-59524.793061
  20
600.070048
  0
VERTEX
  8
14
  10
-59518.793309
  20
598.901904
  0
VERTEX
  8
14
  10
-59512.675311
  20
597.793506
  0
VERTEX
  8
14
  10
-59506.335771
  20
596.728608
  0
VERTEX
  8
14
  10
-59499.879208
  20
595.726837
  0
VERTEX
  8
14
  10
-59491.376953
  20
594.512558
  0
VERTEX
  8
14
  10
-59495.078680
  20
584.912566
  0
VERTEX
  8
14
  10
-59498.729322
  20
575.259449
  0
VERTEX
  8
14
  10
-59502.125256
  20
566.071766
  0
VERTEX
  8
14
  10
-59505.246922
  20
557.388574
  0
VERTEX
  8
14
  10
-59508.521113
  20
548.033738
  0
VERTEX
  8
14
  10
-59511.832315
  20
538.329754
  0
VERTEX
  8
14
  10
-59515.024063
  20
528.754664
  0
VERTEX
  8
14
  10
-59518.194898
  20
519.004268
  0
VERTEX
  8
14
  10
-59521.287908
  20
509.229103
  0
VERTEX
  8
14
  10
-59524.165172
  20
499.865403
  0
VERTEX
  8
14
  10
-59526.898305
  20
490.694705
  0
VERTEX
  8
14
  10
-59529.551081
  20
481.500410
  0
VERTEX
  8
14
  10
-59532.040512
  20
472.571833
  0
VERTEX
  8
14
  10
-59534.348685
  20
463.990830
  0
VERTEX
  8
14
  10
-59536.490684
  20
455.719543
  0
VERTEX
  8
14
  10
-59538.551895
  20
447.427936
  0
VERTEX
  8
14
  10
-59540.455505
  20
439.425597
  0
VERTEX
  8
14
  10
-59542.272363
  20
431.427087
  0
VERTEX
  8
14
  10
-59544.009522
  20
423.410715
  0
VERTEX
  8
14
  10
-59545.736404
  20
415.042677
  0
VERTEX
  8
14
  10
-59547.381110
  20
406.657979
  0
VERTEX
  8
14
  10
-59549.002059
  20
397.947916
  0
VERTEX
  8
14
  10
-59550.544142
  20
389.196570
  0
VERTEX
  8
14
  10
-59552.005086
  20
380.431340
  0
VERTEX
  8
14
  10
-59553.439264
  20
371.315635
  0
VERTEX
  8
14
  10
-59554.795234
  20
362.164897
  0
VERTEX
  8
14
  10
-59556.115479
  20
352.687291
  0
VERTEX
  8
14
  10
-59557.399056
  20
342.859943
  0
VERTEX
  8
14
  10
-59558.628514
  20
332.798923
  0
VERTEX
  8
14
  10
-59559.790958
  20
322.612343
  0
VERTEX
  8
14
  10
-59560.874937
  20
312.417054
  0
VERTEX
  8
14
  10
-59561.861816
  20
302.441563
  0
VERTEX
  8
14
  10
-59562.800194
  20
292.231996
  0
VERTEX
  8
14
  10
-59563.672864
  20
282.016602
  0
VERTEX
  8
14
  10
-59564.486574
  20
271.796159
  0
VERTEX
  8
14
  10
-59565.251417
  20
261.506299
  0
VERTEX
  8
14
  10
-59565.954188
  20
251.277644
  0
VERTEX
  8
14
  10
-59566.592729
  20
241.044983
  0
VERTEX
  8
14
  10
-59567.151274
  20
231.029061
  0
VERTEX
  8
14
  10
-59567.265625
  20
228.855553
  0
VERTEX
  8
14
  10
-59567.265625
  20
228.855553
  0
VERTEX
  8
14
  10
-59567.930799
  20
218.336627
  0
VERTEX
  8
14
  10
-59568.547284
  20
208.121386
  0
VERTEX
  8
14
  10
-59569.129073
  20
197.948630
  0
VERTEX
  8
14
  10
-59569.663632
  20
187.891855
  0
VERTEX
  8
14
  10
-59570.158765
  20
177.832051
  0
VERTEX
  8
14
  10
-59570.621066
  20
167.770604
  0
VERTEX
  8
14
  10
-59571.069262
  20
157.416595
  0
VERTEX
  8
14
  10
-59571.481324
  20
147.352970
  0
VERTEX
  8
14
  10
-59571.870863
  20
137.288465
  0
VERTEX
  8
14
  10
-59572.238744
  20
127.216233
  0
VERTEX
  8
14
  10
-59572.585917
  20
117.150204
  0
VERTEX
  8
14
  10
-59572.915166
  20
107.083573
  0
VERTEX
  8
14
  10
-59573.229255
  20
97.010594
  0
VERTEX
  8
14
  10
-59573.529542
  20
86.943075
  0
VERTEX
  8
14
  10
-59573.815911
  20
76.875162
  0
VERTEX
  8
14
  10
-59574.087773
  20
66.806853
  0
VERTEX
  8
14
  10
-59574.350261
  20
56.514449
  0
VERTEX
  8
14
  10
-59574.592337
  20
46.445371
  0
VERTEX
  8
14
  10
-59574.820437
  20
36.375958
  0
VERTEX
  8
14
  10
-59575.035365
  20
26.293846
  0
VERTEX
  8
14
  10
-59575.236995
  20
16.223855
  0
VERTEX
  8
14
  10
-59575.425929
  20
6.153619
  0
VERTEX
  8
14
  10
-59575.602730
  20
-3.931595
  0
VERTEX
  8
14
  10
-59575.766877
  20
-14.002245
  0
VERTEX
  8
14
  10
-59575.918363
  20
-24.073084
  0
VERTEX
  8
14
  10
-59576.057121
  20
-34.160292
  0
VERTEX
  8
14
  10
-59576.182857
  20
-44.231473
  0
VERTEX
  8
14
  10
-59576.296626
  20
-54.302799
  0
VERTEX
  8
14
  10
-59576.399461
  20
-64.390613
  0
VERTEX
  8
14
  10
-59576.491901
  20
-74.462167
  0
VERTEX
  8
14
  10
-59576.574974
  20
-84.533810
  0
VERTEX
  8
14
  10
-59576.649531
  20
-94.605524
  0
VERTEX
  8
14
  10
-59576.716119
  20
-104.644910
  0
VERTEX
  8
14
  10
-59576.775359
  20
-114.716728
  0
VERTEX
  8
14
  10
-59576.827026
  20
-124.788588
  0
VERTEX
  8
14
  10
-59576.872073
  20
-135.104276
  0
VERTEX
  8
14
  10
-59576.908152
  20
-145.176198
  0
VERTEX
  8
14
  10
-59576.936082
  20
-155.248141
  0
VERTEX
  8
14
  10
-59576.955754
  20
-165.434947
  0
VERTEX
  8
14
  10
-59576.967705
  20
-175.553922
  0
VERTEX
  8
14
  10
-59576.973643
  20
-185.630988
  0
VERTEX
  8
14
  10
-59576.974313
  20
-195.698704
  0
VERTEX
  8
14
  10
-59576.972656
  20
-200.267677
  0
VERTEX
  8
14
  10
-59576.972656
  20
-200.267677
  0
VERTEX
  8
14
  10
-59587.313390
  20
-200.267677
  0
VERTEX
  8
14
  10
-59597.560939
  20
-200.267677
  0
VERTEX
  8
14
  10
-59607.603799
  20
-200.267677
  0
VERTEX
  8
14
  10
-59617.902939
  20
-200.267677
  0
VERTEX
  8
14
  10
-59628.076916
  20
-200.267677
  0
VERTEX
  8
14
  10
-59638.251183
  20
-200.267677
  0
VERTEX
  8
14
  10
-59648.425521
  20
-200.267677
  0
VERTEX
  8
14
  10
-59658.618376
  20
-200.267677
  0
VERTEX
  8
14
  10
-59668.792351
  20
-200.267677
  0
VERTEX
  8
14
  10
-59678.966003
  20
-200.267677
  0
VERTEX
  8
14
  10
-59689.194356
  20
-200.267677
  0
VERTEX
  8
14
  10
-59699.367153
  20
-200.267677
  0
VERTEX
  8
14
  10
-59709.539553
  20
-200.267677
  0
VERTEX
  8
14
  10
-59719.711588
  20
-200.267677
  0
VERTEX
  8
14
  10
-59729.868805
  20
-200.267677
  0
VERTEX
  8
14
  10
-59740.040421
  20
-200.267677
  0
VERTEX
  8
14
  10
-59750.212104
  20
-200.267677
  0
VERTEX
  8
14
  10
-59760.384142
  20
-200.267677
  0
VERTEX
  8
14
  10
-59770.657062
  20
-200.267677
  0
VERTEX
  8
14
  10
-59780.830202
  20
-200.267677
  0
VERTEX
  8
14
  10
-59791.003709
  20
-200.267677
  0
VERTEX
  8
14
  10
-59801.022171
  20
-200.267677
  0
VERTEX
  8
14
  10
-59810.930914
  20
-200.267677
  0
SEQEND
  8
14
  0
POINT
  8
2
 10
-59813.691406
 20
-200.267677
  0
TEXT
  8
2
 10
-59813.691406
 20
-200.267677
 40
0.000000
 50
0.000000
  1
# 68
  0
POINT
  8
2
 10
-59827.089844
 20
228.855820
  0
TEXT
  8
2
 10
-59827.089844
 20
228.855820
 40
0.000000
 50
0.000000
  1
# 69
  0
POINT
  8
2
 10
-59876.201172
 20
581.370010
  0
TEXT
  8
2
 10
-59876.201172
 20
581.370010
 40
0.000000
 50
0.000000
  1
# 70
  0
POINT
  8
2
 10
-59894.492188
 20
690.335236
  0
TEXT
  8
2
 10
-59894.492188
 20
690.335236
 40
0.000000
 50
0.000000
  1
# 71
  0
POINT
  8
2
 10
-59916.035156
 20
833.589783
  0
TEXT
  8
2
 10
-59916.035156
 20
833.589783
 40
0.000000
 50
0.000000
  1
# 72
  0
POINT
  8
2
 10
-59834.326172
 20
865.701370
  0
TEXT
  8
2
 10
-59834.326172
 20
865.701370
 40
0.000000
 50
0.000000
  1
# 73
  0
POINT
  8
2
 10
-59824.345703
 20
870.360565
  0
TEXT
  8
2
 10
-59824.345703
 20
870.360565
 40
0.000000
 50
0.000000
  1
# 74
  0
POINT
  8
2
 10
-59813.330078
 20
870.343857
  0
TEXT
  8
2
 10
-59813.330078
 20
870.343857
 40
0.000000
 50
0.000000
  1
# 75
  0
POINT
  8
2
 10
-59755.712891
 20
883.232117
  0
TEXT
  8
2
 10
-59755.712891
 20
883.232117
 40
0.000000
 50
0.000000
  1
# 76
  0
POINT
  8
2
 10
-59745.644531
 20
887.891998
  0
TEXT
  8
2
 10
-59745.644531
 20
887.891998
 40
0.000000
 50
0.000000
  1
# 77
  0
POINT
  8
2
 10
-59734.531250
 20
887.901306
  0
TEXT
  8
2
 10
-59734.531250
 20
887.901306
 40
0.000000
 50
0.000000
  1
# 78
  0
POINT
  8
2
 10
-59646.699219
 20
892.067871
  0
TEXT
  8
2
 10
-59646.699219
 20
892.067871
 40
0.000000
 50
0.000000
  1
# 79
  0
POINT
  8
2
 10
-59602.792969
 20
690.346756
  0
TEXT
  8
2
 10
-59602.792969
 20
690.346756
 40
0.000000
 50
0.000000
  1
# 80
  0
POINT
  8
2
 10
-59491.376953
 20
594.512558
  0
TEXT
  8
2
 10
-59491.376953
 20
594.512558
 40
0.000000
 50
0.000000
  1
# 81
  0
POINT
  8
2
 10
-59567.265625
 20
228.855553
  0
TEXT
  8
2
 10
-59567.265625
 20
228.855553
 40
0.000000
 50
0.000000
  1
# 82
  0
POINT
  8
2
 10
-59576.972656
 20
-200.267677
  0
TEXT
  8
2
 10
-59576.972656
 20
-200.267677
 40
0.000000
 50
0.000000
  1
# 83
  0
POINT
  8
3
 10
-59813.691406
 20
-200.267677
  0
POINT
  8
3
 10
-59813.671628
 20
-189.762297
  0
POINT
  8
3
 10
-59813.660555
 20
-179.551587
  0
POINT
  8
3
 10
-59813.658393
 20
-169.373956
  0
POINT
  8
3
 10
-59813.667870
 20
-159.116781
  0
POINT
  8
3
 10
-59813.689134
 20
-149.046967
  0
POINT
  8
3
 10
-59813.721428
 20
-138.977179
  0
POINT
  8
3
 10
-59813.764534
 20
-128.785979
  0
POINT
  8
3
 10
-59813.817154
 20
-118.716267
  0
POINT
  8
3
 10
-59813.879886
 20
-108.646627
  0
POINT
  8
3
 10
-59813.955252
 20
-98.274643
  0
POINT
  8
3
 10
-59814.039438
 20
-88.205164
  0
POINT
  8
3
 10
-59814.135578
 20
-78.135806
  0
POINT
  8
3
 10
-59814.248246
 20
-67.768087
  0
POINT
  8
3
 10
-59814.371779
 20
-57.699012
  0
POINT
  8
3
 10
-59814.509329
 20
-47.630100
  0
POINT
  8
3
 10
-59814.660917
 20
-37.561392
  0
POINT
  8
3
 10
-59814.829072
 20
-27.360671
  0
POINT
  8
3
 10
-59815.010651
 20
-17.292458
  0
POINT
  8
3
 10
-59815.209188
 20
-7.224564
  0
POINT
  8
3
 10
-59815.430040
 20
3.019421
  0
POINT
  8
3
 10
-59815.666468
 20
13.086510
  0
POINT
  8
3
 10
-59815.922710
 20
23.153136
  0
POINT
  8
3
 10
-59816.205297
 20
33.427346
  0
POINT
  8
3
 10
-59816.503283
 20
43.492804
  0
POINT
  8
3
 10
-59816.822604
 20
53.557622
  0
POINT
  8
3
 10
-59817.169506
 20
63.787731
  0
POINT
  8
3
 10
-59817.533956
 20
73.850985
  0
POINT
  8
3
 10
-59817.923721
 20
83.913284
  0
POINT
  8
3
 10
-59818.348307
 20
94.139795
  0
POINT
  8
3
 10
-59818.795863
 20
104.199736
  0
POINT
  8
3
 10
-59819.273429
 20
114.258328
  0
POINT
  8
3
 10
-59819.781182
 20
124.315387
  0
POINT
  8
3
 10
-59820.328160
 20
134.534551
  0
POINT
  8
3
 10
-59820.896076
 20
144.588357
  0
POINT
  8
3
 10
-59821.492445
 20
154.640589
  0
POINT
  8
3
 10
-59822.127060
 20
164.852172
  0
POINT
  8
3
 10
-59822.785491
 20
174.900529
  0
POINT
  8
3
 10
-59823.486595
 20
184.945846
  0
POINT
  8
3
 10
-59824.254465
 20
195.187384
  0
POINT
  8
3
 10
-59825.056968
 20
205.237392
  0
POINT
  8
3
 10
-59825.888265
 20
215.172625
  0
POINT
  8
3
 10
-59826.750783
 20
225.078971
  0
POINT
  8
3
 10
-59827.089844
 20
228.854809
  0
POINT
  8
3
 10
-59827.918567
 20
239.207817
  0
POINT
  8
3
 10
-59828.760544
 20
249.355206
  0
POINT
  8
3
 10
-59829.633405
 20
259.468058
  0
POINT
  8
3
 10
-59830.564945
 20
269.739999
  0
POINT
  8
3
 10
-59831.542881
 20
280.007688
  0
POINT
  8
3
 10
-59832.537442
 20
289.992330
  0
POINT
  8
3
 10
-59833.602633
 20
300.251344
  0
POINT
  8
3
 10
-59834.709183
 20
310.505942
  0
POINT
  8
3
 10
-59835.832803
 20
320.561997
  0
POINT
  8
3
 10
-59837.015619
 20
330.807940
  0
POINT
  8
3
 10
-59838.238005
 20
341.049174
  0
POINT
  8
3
 10
-59839.474695
 20
351.065615
  0
POINT
  8
3
 10
-59840.781160
 20
361.296585
  0
POINT
  8
3
 10
-59842.128663
 20
371.522311
  0
POINT
  8
3
 10
-59843.485021
 20
381.528097
  0
POINT
  8
3
 10
-59844.906773
 20
391.743721
  0
POINT
  8
3
 10
-59846.365898
 20
401.953996
  0
POINT
  8
3
 10
-59847.831382
 20
411.942409
  0
POINT
  8
3
 10
-59849.366812
 20
422.141280
  0
POINT
  8
3
 10
-59850.938626
 20
432.334655
  0
POINT
  8
3
 10
-59852.506378
 20
442.285292
  0
POINT
  8
3
 10
-59854.142253
 20
452.469028
  0
POINT
  8
3
 10
-59855.806040
 20
462.648327
  0
POINT
  8
3
 10
-59857.457965
 20
472.604489
  0
POINT
  8
3
 10
-59859.167039
 20
482.775835
  0
POINT
  8
3
 10
-59860.892447
 20
492.944305
  0
POINT
  8
3
 10
-59862.617700
 20
503.042986
  0
POINT
  8
3
 10
-59864.362380
 20
513.208264
  0
POINT
  8
3
 10
-59866.113641
 20
523.372444
  0
POINT
  8
3
 10
-59867.831963
 20
533.313424
  0
POINT
  8
3
 10
-59869.590720
 20
543.476357
  0
POINT
  8
3
 10
-59871.343796
 20
553.640276
  0
POINT
  8
3
 10
-59873.043296
 20
563.572467
  0
POINT
  8
3
 10
-59874.734279
 20
573.545697
  0
POINT
  8
3
 10
-59878.083737
 20
591.693898
  0
POINT
  8
3
 10
-59879.877864
 20
601.657424
  0
POINT
  8
3
 10
-59881.632010
 20
611.538674
  0
POINT
  8
3
 10
-59883.385590
 20
621.605106
  0
POINT
  8
3
 10
-59885.105627
 20
631.677006
  0
POINT
  8
3
 10
-59886.794042
 20
641.754323
  0
POINT
  8
3
 10
-59888.429986
 20
651.700597
  0
POINT
  8
3
 10
-59889.023438
 20
655.331573
  0
POINT
  8
3
 10
-59890.057338
 20
661.788064
  0
POINT
  8
3
 10
-59891.651994
 20
671.880739
  0
POINT
  8
3
 10
-59893.203401
 20
681.898423
  0
POINT
  8
3
 10
-59896.187173
 20
700.612279
  0
POINT
  8
3
 10
-59897.833353
 20
710.705936
  0
POINT
  8
3
 10
-59899.447850
 20
720.732701
  0
POINT
  8
3
 10
-59901.058893
 20
730.906963
  0
POINT
  8
3
 10
-59902.650287
 20
741.125116
  0
POINT
  8
3
 10
-59904.219122
 20
751.346747
  0
POINT
  8
3
 10
-59905.738125
 20
761.372267
  0
POINT
  8
3
 10
-59907.267179
 20
771.599763
  0
POINT
  8
3
 10
-59908.774676
 20
781.830457
  0
POINT
  8
3
 10
-59910.248705
 20
791.990533
  0
POINT
  8
3
 10
-59911.709489
 20
802.228007
  0
POINT
  8
3
 10
-59913.123632
 20
812.315368
  0
POINT
  8
3
 10
-59914.530340
 20
822.523206
  0
POINT
  8
3
 10
-59915.869665
 20
832.364831
  0
POINT
  8
3
 10
-59911.740932
 20
835.071436
  0
POINT
  8
3
 10
-59902.437083
 20
838.338795
  0
POINT
  8
3
 10
-59894.392291
 20
841.249141
  0
POINT
  8
3
 10
-59886.334183
 20
844.255851
  0
POINT
  8
3
 10
-59878.306302
 20
847.342549
  0
POINT
  8
3
 10
-59870.309268
 20
850.508131
  0
POINT
  8
3
 10
-59862.307567
 20
853.766018
  0
POINT
  8
3
 10
-59853.123376
 20
857.605295
  0
POINT
  8
3
 10
-59843.812047
 20
861.579675
  0
POINT
  8
3
 10
-59834.326172
 20
865.701370
  0
POINT
  8
3
 10
-59831.936203
 20
866.801721
  0
POINT
  8
3
 10
-59815.886124
 20
870.334313
  0
POINT
  8
3
 10
-59813.330078
 20
870.343857
  0
POINT
  8
3
 10
-59809.101120
 20
871.115870
  0
POINT
  8
3
 10
-59800.983129
 20
872.666728
  0
POINT
  8
3
 10
-59793.352789
 20
874.206018
  0
POINT
  8
3
 10
-59786.868937
 20
875.592079
  0
POINT
  8
3
 10
-59779.762761
 20
877.205680
  0
POINT
  8
3
 10
-59772.249298
 20
879.001693
  0
POINT
  8
3
 10
-59764.049145
 20
881.051727
  0
POINT
  8
3
 10
-59755.712891
 20
883.232117
  0
POINT
  8
3
 10
-59748.101039
 20
886.734859
  0
POINT
  8
3
 10
-59742.829717
 20
887.879098
  0
POINT
  8
3
 10
-59734.531250
 20
887.901306
  0
POINT
  8
3
 10
-59728.070920
 20
887.924235
  0
POINT
  8
3
 10
-59719.842705
 20
888.010702
  0
POINT
  8
3
 10
-59711.661444
 20
888.181054
  0
POINT
  8
3
 10
-59703.412271
 20
888.436891
  0
POINT
  8
3
 10
-59694.943622
 20
888.783193
  0
POINT
  8
3
 10
-59686.187323
 20
889.226510
  0
POINT
  8
3
 10
-59677.112156
 20
889.772137
  0
POINT
  8
3
 10
-59667.103399
 20
890.457334
  0
POINT
  8
3
 10
-59657.027300
 20
891.217928
  0
POINT
  8
3
 10
-59644.379954
 20
881.882901
  0
POINT
  8
3
 10
-59642.104396
 20
871.875650
  0
POINT
  8
3
 10
-59639.839646
 20
861.899876
  0
POINT
  8
3
 10
-59637.571260
 20
851.886004
  0
POINT
  8
3
 10
-59635.353525
 20
842.068225
  0
POINT
  8
3
 10
-59633.142868
 20
832.248967
  0
POINT
  8
3
 10
-59630.943447
 20
822.441100
  0
POINT
  8
3
 10
-59628.750731
 20
812.617912
  0
POINT
  8
3
 10
-59626.569088
 20
802.792128
  0
POINT
  8
3
 10
-59624.402660
 20
792.976357
  0
POINT
  8
3
 10
-59622.246360
 20
783.144569
  0
POINT
  8
3
 10
-59620.103513
 20
773.309781
  0
POINT
  8
3
 10
-59617.932398
 20
763.275289
  0
POINT
  8
3
 10
-59615.820097
 20
753.433908
  0
POINT
  8
3
 10
-59613.726348
 20
743.588499
  0
POINT
  8
3
 10
-59611.658122
 20
733.761013
  0
POINT
  8
3
 10
-59609.607359
 20
723.906478
  0
POINT
  8
3
 10
-59607.579844
 20
714.047309
  0
POINT
  8
3
 10
-59605.541468
 20
704.015783
  0
POINT
  8
3
 10
-59603.588550
 20
694.318052
  0
POINT
  8
3
 10
-59601.751330
 20
685.093470
  0
POINT
  8
3
 10
-59600.593823
 20
679.702253
  0
POINT
  8
3
 10
-59599.381407
 20
674.438893
  0
POINT
  8
3
 10
-59598.192503
 20
669.625308
  0
POINT
  8
3
 10
-59597.011244
 20
665.172208
  0
POINT
  8
3
 10
-59595.861545
 20
661.150511
  0
POINT
  8
3
 10
-59594.743322
 20
657.524451
  0
POINT
  8
3
 10
-59593.612387
 20
654.123948
  0
POINT
  8
3
 10
-59592.441241
 20
650.860335
  0
POINT
  8
3
 10
-59591.223722
 20
647.714796
  0
POINT
  8
3
 10
-59589.987591
 20
644.748639
  0
POINT
  8
3
 10
-59588.737802
 20
641.958761
  0
POINT
  8
3
 10
-59587.470790
 20
639.325135
  0
POINT
  8
3
 10
-59586.164175
 20
636.797255
  0
POINT
  8
3
 10
-59584.823009
 20
634.386540
  0
POINT
  8
3
 10
-59583.468745
 20
632.125170
  0
POINT
  8
3
 10
-59582.099281
 20
629.997662
  0
POINT
  8
3
 10
-59580.679568
 20
627.945797
  0
POINT
  8
3
 10
-59579.295929
 20
626.086401
  0
POINT
  8
3
 10
-59577.880315
 20
624.318126
  0
POINT
  8
3
 10
-59576.434626
 20
622.643230
  0
POINT
  8
3
 10
-59574.968243
 20
621.070760
  0
POINT
  8
3
 10
-59573.469737
 20
619.586695
  0
POINT
  8
3
 10
-59571.993532
 20
618.238511
  0
POINT
  8
3
 10
-59570.460200
 20
616.949015
  0
POINT
  8
3
 10
-59568.935011
 20
615.768529
  0
POINT
  8
3
 10
-59567.215216
 20
614.547893
  0
POINT
  8
3
 10
-59565.447138
 20
613.398725
  0
POINT
  8
3
 10
-59563.561926
 20
612.275057
  0
POINT
  8
3
 10
-59561.620299
 20
611.213868
  0
POINT
  8
3
 10
-59559.535845
 20
610.170282
  0
POINT
  8
3
 10
-59557.330151
 20
609.160036
  0
POINT
  8
3
 10
-59554.978881
 20
608.174991
  0
POINT
  8
3
 10
-59552.419199
 20
607.195984
  0
POINT
  8
3
 10
-59549.693622
 20
606.246181
  0
POINT
  8
3
 10
-59546.778910
 20
605.320836
  0
POINT
  8
3
 10
-59543.571782
 20
604.393338
  0
POINT
  8
3
 10
-59540.004321
 20
603.452720
  0
POINT
  8
3
 10
-59535.905782
 20
602.463674
  0
POINT
  8
3
 10
-59530.673947
 20
601.297095
  0
POINT
  8
3
 10
-59524.793061
 20
600.070048
  0
POINT
  8
3
 10
-59518.793309
 20
598.901904
  0
POINT
  8
3
 10
-59512.675311
 20
597.793506
  0
POINT
  8
3
 10
-59506.335771
 20
596.728608
  0
POINT
  8
3
 10
-59499.879208
 20
595.726837
  0
POINT
  8
3
 10
-59495.078680
 20
584.912566
  0
POINT
  8
3
 10
-59498.729322
 20
575.259449
  0
POINT
  8
3
 10
-59502.125256
 20
566.071766
  0
POINT
  8
3
 10
-59505.246922
 20
557.388574
  0
POINT
  8
3
 10
-59508.521113
 20
548.033738
  0
POINT
  8
3
 10
-59511.832315
 20
538.329754
  0
POINT
  8
3
 10
-59515.024063
 20
528.754664
  0
POINT
  8
3
 10
-59518.194898
 20
519.004268
  0
POINT
  8
3
 10
-59521.287908
 20
509.229103
  0
POINT
  8
3
 10
-59524.165172
 20
499.865403
  0
POINT
  8
3
 10
-59526.898305
 20
490.694705
  0
POINT
  8
3
 10
-59529.551081
 20
481.500410
  0
POINT
  8
3
 10
-59532.040512
 20
472.571833
  0
POINT
  8
3
 10
-59534.348685
 20
463.990830
  0
POINT
  8
3
 10
-59536.490684
 20
455.719543
  0
POINT
  8
3
 10
-59538.551895
 20
447.427936
  0
POINT
  8
3
 10
-59540.455505
 20
439.425597
  0
POINT
  8
3
 10
-59542.272363
 20
431.427087
  0
POINT
  8
3
 10
-59544.009522
 20
423.410715
  0
POINT
  8
3
 10
-59545.736404
 20
415.042677
  0
POINT
  8
3
 10
-59547.381110
 20
406.657979
  0
POINT
  8
3
 10
-59549.002059
 20
397.947916
  0
POINT
  8
3
 10
-59550.544142
 20
389.196570
  0
POINT
  8
3
 10
-59552.005086
 20
380.431340
  0
POINT
  8
3
 10
-59553.439264
 20
371.315635
  0
POINT
  8
3
 10
-59554.795234
 20
362.164897
  0
POINT
  8
3
 10
-59556.115479
 20
352.687291
  0
POINT
  8
3
 10
-59557.399056
 20
342.859943
  0
POINT
  8
3
 10
-59558.628514
 20
332.798923
  0
POINT
  8
3
 10
-59559.790958
 20
322.612343
  0
POINT
  8
3
 10
-59560.874937
 20
312.417054
  0
POINT
  8
3
 10
-59561.861816
 20
302.441563
  0
POINT
  8
3
 10
-59562.800194
 20
292.231996
  0
POINT
  8
3
 10
-59563.672864
 20
282.016602
  0
POINT
  8
3
 10
-59564.486574
 20
271.796159
  0
POINT
  8
3
 10
-59565.251417
 20
261.506299
  0
POINT
  8
3
 10
-59565.954188
 20
251.277644
  0
POINT
  8
3
 10
-59566.592729
 20
241.044983
  0
POINT
  8
3
 10
-59567.151274
 20
231.029061
  0
POINT
  8
3
 10
-59567.265625
 20
228.855553
  0
POINT
  8
3
 10
-59567.930799
 20
218.336627
  0
POINT
  8
3
 10
-59568.547284
 20
208.121386
  0
POINT
  8
3
 10
-59569.129073
 20
197.948630
  0
POINT
  8
3
 10
-59569.663632
 20
187.891855
  0
POINT
  8
3
 10
-59570.158765
 20
177.832051
  0
POINT
  8
3
 10
-59570.621066
 20
167.770604
  0
POINT
  8
3
 10
-59571.069262
 20
157.416595
  0
POINT
  8
3
 10
-59571.481324
 20
147.352970
  0
POINT
  8
3
 10
-59571.870863
 20
137.288465
  0
POINT
  8
3
 10
-59572.238744
 20
127.216233
  0
POINT
  8
3
 10
-59572.585917
 20
117.150204
  0
POINT
  8
3
 10
-59572.915166
 20
107.083573
  0
POINT
  8
3
 10
-59573.229255
 20
97.010594
  0
POINT
  8
3
 10
-59573.529542
 20
86.943075
  0
POINT
  8
3
 10
-59573.815911
 20
76.875162
  0
POINT
  8
3
 10
-59574.087773
 20
66.806853
  0
POINT
  8
3
 10
-59574.350261
 20
56.514449
  0
POINT
  8
3
 10
-59574.592337
 20
46.445371
  0
POINT
  8
3
 10
-59574.820437
 20
36.375958
  0
POINT
  8
3
 10
-59575.035365
 20
26.293846
  0
POINT
  8
3
 10
-59575.236995
 20
16.223855
  0
POINT
  8
3
 10
-59575.425929
 20
6.153619
  0
POINT
  8
3
 10
-59575.602730
 20
-3.931595
  0
POINT
  8
3
 10
-59575.766877
 20
-14.002245
  0
POINT
  8
3
 10
-59575.918363
 20
-24.073084
  0
POINT
  8
3
 10
-59576.057121
 20
-34.160292
  0
POINT
  8
3
 10
-59576.182857
 20
-44.231473
  0
POINT
  8
3
 10
-59576.296626
 20
-54.302799
  0
POINT
  8
3
 10
-59576.399461
 20
-64.390613
  0
POINT
  8
3
 10
-59576.491901
 20
-74.462167
  0
POINT
  8
3
 10
-59576.574974
 20
-84.533810
  0
POINT
  8
3
 10
-59576.649531
 20
-94.605524
  0
POINT
  8
3
 10
-59576.716119
 20
-104.644910
  0
POINT
  8
3
 10
-59576.775359
 20
-114.716728
  0
POINT
  8
3
 10
-59576.827026
 20
-124.788588
  0
POINT
  8
3
 10
-59576.872073
 20
-135.104276
  0
POINT
  8
3
 10
-59576.908152
 20
-145.176198
  0
POINT
  8
3
 10
-59576.936082
 20
-155.248141
  0
POINT
  8
3
 10
-59576.955754
 20
-165.434947
  0
POINT
  8
3
 10
-59576.967705
 20
-175.553922
  0
POINT
  8
3
 10
-59576.973643
 20
-185.630988
  0
POINT
  8
3
 10
-59576.974313
 20
-195.698704
  0
POINT
  8
3
 10
-59576.972656
 20
-200.267677
  0
POINT
  8
3
 10
-59587.313390
 20
-200.267677
  0
POINT
  8
3
 10
-59597.560939
 20
-200.267677
  0
POINT
  8
3
 10
-59607.603799
 20
-200.267677
  0
POINT
  8
3
 10
-59617.902939
 20
-200.267677
  0
POINT
  8
3
 10
-59628.076916
 20
-200.267677
  0
POINT
  8
3
 10
-59638.251183
 20
-200.267677
  0
POINT
  8
3
 10
-59648.425521
 20
-200.267677
  0
POINT
  8
3
 10
-59658.618376
 20
-200.267677
  0
POINT
  8
3
 10
-59668.792351
 20
-200.267677
  0
POINT
  8
3
 10
-59678.966003
 20
-200.267677
  0
POINT
  8
3
 10
-59689.194356
 20
-200.267677
  0
POINT
  8
3
 10
-59699.367153
 20
-200.267677
  0
POINT
  8
3
 10
-59709.539553
 20
-200.267677
  0
POINT
  8
3
 10
-59719.711588
 20
-200.267677
  0
POINT
  8
3
 10
-59729.868805
 20
-200.267677
  0
POINT
  8
3
 10
-59740.040421
 20
-200.267677
  0
POINT
  8
3
 10
-59750.212104
 20
-200.267677
  0
POINT
  8
3
 10
-59760.384142
 20
-200.267677
  0
POINT
  8
3
 10
-59770.657062
 20
-200.267677
  0
POINT
  8
3
 10
-59780.830202
 20
-200.267677
  0
POINT
  8
3
 10
-59791.003709
 20
-200.267677
  0
POINT
  8
3
 10
-59801.022171
 20
-200.267677
  0
POINT
  8
3
 10
-59810.930914
 20
-200.267677
  0
POINT
  8
4
 10
-59813.691406
 20
-200.267677
 30
1.000000
 50
  0.00
  0
TEXT
  8
4
 10
-59813.691406
 20
-200.267677
 40
0.000000
 50
0.000000
  1
# 84
  0
POINT
  8
4
 10
-59827.089844
 20
228.854809
 30
1.000000
 50
  5.22
  0
TEXT
  8
4
 10
-59827.089844
 20
228.854809
 40
0.000000
 50
0.000000
  1
# 85
  0
POINT
  8
4
 10
-59889.023438
 20
655.331573
 30
1.000000
 50
  9.19
  0
TEXT
  8
4
 10
-59889.023438
 20
655.331573
 40
0.000000
 50
0.000000
  1
# 86
  0
POINT
  8
4
 10
-59834.326172
 20
865.701370
 30
1.000000
 50
289.69
  0
TEXT
  8
4
 10
-59834.326172
 20
865.701370
 40
0.000000
 50
0.000000
  1
# 87
  0
POINT
  8
4
 10
-59813.330078
 20
870.343857
 30
1.000000
 50
275.26
  0
TEXT
  8
4
 10
-59813.330078
 20
870.343857
 40
0.000000
 50
0.000000
  1
# 88
  0
POINT
  8
4
 10
-59755.712891
 20
883.232117
 30
1.000000
 50
289.69
  0
TEXT
  8
4
 10
-59755.712891
 20
883.232117
 40
0.000000
 50
0.000000
  1
# 89
  0
POINT
  8
4
 10
-59734.531250
 20
887.901306
 30
1.000000
 50
275.16
  0
TEXT
  8
4
 10
-59734.531250
 20
887.901306
 40
0.000000
 50
0.000000
  1
# 90
  0
POINT
  8
4
 10
-59567.265625
 20
228.855553
 30
1.000000
 50
176.95
  0
TEXT
  8
4
 10
-59567.265625
 20
228.855553
 40
0.000000
 50
0.000000
  1
# 91
  0
POINT
  8
4
 10
-59576.972656
 20
-200.267677
 30
1.000000
 50
180.00
  0
TEXT
  8
4
 10
-59576.972656
 20
-200.267677
 40
0.000000
 50
0.000000
  1
# 92
  0
POLYLINE
  8
8
  66
1
  70
0
  0
VERTEX
  8
8
  10
-59847.929688
  20
811.150665
  0
VERTEX
  8
8
  10
-59839.833984
  20
789.560699
  0
SEQEND
  8
8
  0
POINT
  8
2
 10
-59847.929688
 20
811.150665
  0
TEXT
  8
2
 10
-59847.929688
 20
811.150665
 40
0.000000
 50
0.000000
  1
# 93
  0
POINT
  8
2
 10
-59839.833984
 20
789.560699
  0
TEXT
  8
2
 10
-59839.833984
 20
789.560699
 40
0.000000
 50
0.000000
  1
# 94
  0
POLYLINE
  8
8
  66
1
  70
0
  0
VERTEX
  8
8
  10
-59834.511719
  20
815.976715
  0
VERTEX
  8
8
  10
-59847.929688
  20
811.150665
  0
SEQEND
  8
8
  0
POINT
  8
2
 10
-59834.511719
 20
815.976715
  0
TEXT
  8
2
 10
-59834.511719
 20
815.976715
 40
0.000000
 50
0.000000
  1
# 95
  0
POINT
  8
2
 10
-59847.929688
 20
811.150665
  0
TEXT
  8
2
 10
-59847.929688
 20
811.150665
 40
0.000000
 50
0.000000
  1
# 96
  0
POLYLINE
  8
8
  66
1
  70
0
  0
VERTEX
  8
8
  10
-59826.425781
  20
794.386749
  0
VERTEX
  8
8
  10
-59834.511719
  20
815.976715
  0
SEQEND
  8
8
  0
POINT
  8
2
 10
-59826.425781
 20
794.386749
  0
TEXT
  8
2
 10
-59826.425781
 20
794.386749
 40
0.000000
 50
0.000000
  1
# 97
  0
POINT
  8
2
 10
-59834.511719
 20
815.976715
  0
TEXT
  8
2
 10
-59834.511719
 20
815.976715
 40
0.000000
 50
0.000000
  1
# 98
  0
POLYLINE
  8
8
  66
1
  70
0
  0
VERTEX
  8
8
  10
-59826.425781
  20
794.386749
  0
VERTEX
  8
8
  10
-59835.985815
  20
790.947327
  0
VERTEX
  8
8
  10
-59839.833984
  20
789.560699
  0
SEQEND
  8
8
  0
POINT
  8
2
 10
-59826.425781
 20
794.386749
  0
TEXT
  8
2
 10
-59826.425781
 20
794.386749
 40
0.000000
 50
0.000000
  1
# 99
  0
POINT
  8
2
 10
-59839.833984
 20
789.560699
  0
TEXT
  8
2
 10
-59839.833984
 20
789.560699
 40
0.000000
 50
0.000000
  1
# 100
  0
POINT
  8
3
 10
-59835.985815
 20
790.947327
  0
POLYLINE
  8
8
  66
1
  70
0
  0
VERTEX
  8
8
  10
-59838.691406
  20
784.364471
  0
VERTEX
  8
8
  10
-59828.618361
  20
786.549488
  0
VERTEX
  8
8
  10
-59818.556851
  20
788.732257
  0
VERTEX
  8
8
  10
-59808.556069
  20
790.902139
  0
VERTEX
  8
8
  10
-59798.570150
  20
793.069149
  0
VERTEX
  8
8
  10
-59788.743077
  20
795.201949
  0
VERTEX
  8
8
  10
-59778.915923
  20
797.334895
  0
VERTEX
  8
8
  10
-59769.079918
  20
799.469773
  0
VERTEX
  8
8
  10
-59759.252018
  20
801.602840
  0
VERTEX
  8
8
  10
-59749.424097
  20
803.735818
  0
VERTEX
  8
8
  10
-59739.577984
  20
805.872599
  0
VERTEX
  8
8
  10
-59729.750089
  20
808.005176
  0
VERTEX
  8
8
  10
-59719.921523
  20
810.137524
  0
VERTEX
  8
8
  10
-59709.869752
  20
812.317815
  0
VERTEX
  8
8
  10
-59700.156231
  20
814.424371
  0
VERTEX
  8
8
  10
-59696.269531
  20
815.267181
  0
SEQEND
  8
8
  0
POINT
  8
2
 10
-59838.691406
 20
784.364471
  0
TEXT
  8
2
 10
-59838.691406
 20
784.364471
 40
0.000000
 50
0.000000
  1
# 101
  0
POINT
  8
2
 10
-59696.269531
 20
815.267181
  0
TEXT
  8
2
 10
-59696.269531
 20
815.267181
 40
0.000000
 50
0.000000
  1
# 102
  0
POINT
  8
3
 10
-59828.618361
 20
786.549488
  0
POINT
  8
3
 10
-59818.556851
 20
788.732257
  0
POINT
  8
3
 10
-59808.556069
 20
790.902139
  0
POINT
  8
3
 10
-59798.570150
 20
793.069149
  0
POINT
  8
3
 10
-59788.743077
 20
795.201949
  0
POINT
  8
3
 10
-59778.915923
 20
797.334895
  0
POINT
  8
3
 10
-59769.079918
 20
799.469773
  0
POINT
  8
3
 10
-59759.252018
 20
801.602840
  0
POINT
  8
3
 10
-59749.424097
 20
803.735818
  0
POINT
  8
3
 10
-59739.577984
 20
805.872599
  0
POINT
  8
3
 10
-59729.750089
 20
808.005176
  0
POINT
  8
3
 10
-59719.921523
 20
810.137524
  0
POINT
  8
3
 10
-59709.869752
 20
812.317815
  0
POINT
  8
3
 10
-59700.156231
 20
814.424371
  0
POLYLINE
  8
8
  66
1
  70
0
  0
VERTEX
  8
8
  10
-59696.269531
  20
815.267181
  0
VERTEX
  8
8
  10
-59694.110961
  20
805.376536
  0
VERTEX
  8
8
  10
-59693.710938
  20
803.543625
  0
SEQEND
  8
8
  0
POINT
  8
2
 10
-59696.269531
 20
815.267181
  0
TEXT
  8
2
 10
-59696.269531
 20
815.267181
 40
0.000000
 50
0.000000
  1
# 103
  0
POINT
  8
2
 10
-59693.710938
 20
803.543625
  0
TEXT
  8
2
 10
-59693.710938
 20
803.543625
 40
0.000000
 50
0.000000
  1
# 104
  0
POINT
  8
3
 10
-59694.110961
 20
805.376536
  0
POLYLINE
  8
8
  66
1
  70
0
  0
VERTEX
  8
8
  10
-59693.710938
  20
803.543625
  0
VERTEX
  8
8
  10
-59704.018641
  20
801.307870
  0
VERTEX
  8
8
  10
-59714.120371
  20
799.116798
  0
VERTEX
  8
8
  10
-59724.130484
  20
796.945607
  0
VERTEX
  8
8
  10
-59733.960581
  20
794.813466
  0
VERTEX
  8
8
  10
-59743.788499
  20
792.681768
  0
VERTEX
  8
8
  10
-59753.616299
  20
790.550024
  0
VERTEX
  8
8
  10
-59763.649678
  20
788.373583
  0
VERTEX
  8
8
  10
-59773.476971
  20
786.241754
  0
VERTEX
  8
8
  10
-59783.303799
  20
784.109963
  0
VERTEX
  8
8
  10
-59793.150459
  20
781.973837
  0
VERTEX
  8
8
  10
-59802.976604
  20
779.842203
  0
VERTEX
  8
8
  10
-59812.803188
  20
777.710600
  0
VERTEX
  8
8
  10
-59822.687331
  20
775.566706
  0
VERTEX
  8
8
  10
-59832.361821
  20
773.468442
  0
VERTEX
  8
8
  10
-59836.132813
  20
772.650604
  0
SEQEND
  8
8
  0
POINT
  8
2
 10
-59693.710938
 20
803.543625
  0
TEXT
  8
2
 10
-59693.710938
 20
803.543625
 40
0.000000
 50
0.000000
  1
# 105
  0
POINT
  8
2
 10
-59836.132813
 20
772.650604
  0
TEXT
  8
2
 10
-59836.132813
 20
772.650604
 40
0.000000
 50
0.000000
  1
# 106
  0
POINT
  8
3
 10
-59704.018641
 20
801.307870
  0
POINT
  8
3
 10
-59714.120371
 20
799.116798
  0
POINT
  8
3
 10
-59724.130484
 20
796.945607
  0
POINT
  8
3
 10
-59733.960581
 20
794.813466
  0
POINT
  8
3
 10
-59743.788499
 20
792.681768
  0
POINT
  8
3
 10
-59753.616299
 20
790.550024
  0
POINT
  8
3
 10
-59763.649678
 20
788.373583
  0
POINT
  8
3
 10
-59773.476971
 20
786.241754
  0
POINT
  8
3
 10
-59783.303799
 20
784.109963
  0
POINT
  8
3
 10
-59793.150459
 20
781.973837
  0
POINT
  8
3
 10
-59802.976604
 20
779.842203
  0
POINT
  8
3
 10
-59812.803188
 20
777.710600
  0
POINT
  8
3
 10
-59822.687331
 20
775.566706
  0
POINT
  8
3
 10
-59832.361821
 20
773.468442
  0
POLYLINE
  8
8
  66
1
  70
0
  0
VERTEX
  8
8
  10
-59836.132813
  20
772.650604
  0
VERTEX
  8
8
  10
-59838.291292
  20
782.532651
  0
VERTEX
  8
8
  10
-59838.691406
  20
784.364471
  0
SEQEND
  8
8
  0
POINT
  8
2
 10
-59836.132813
 20
772.650604
  0
TEXT
  8
2
 10
-59836.132813
 20
772.650604
 40
0.000000
 50
0.000000
  1
# 107
  0
POINT
  8
2
 10
-59838.691406
 20
784.364471
  0
TEXT
  8
2
 10
-59838.691406
 20
784.364471
 40
0.000000
 50
0.000000
  1
# 108
  0
POINT
  8
3
 10
-59838.291292
 20
782.532651
  0
POLYLINE
  8
8
  66
1
  70
0
  0
VERTEX
  8
8
  10
-59695.371094
  20
-200.267677
  0
VERTEX
  8
8
  10
-59695.371094
  20
888.805542
  0
SEQEND
  8
8
  0
POINT
  8
2
 10
-59695.371094
 20
-200.267677
  0
TEXT
  8
2
 10
-59695.371094
 20
-200.267677
 40
0.000000
 50
0.000000
  1
# 109
  0
POINT
  8
2
 10
-59695.371094
 20
888.805542
  0
TEXT
  8
2
 10
-59695.371094
 20
888.805542
 40
0.000000
 50
0.000000
  1
# 110
  0
POLYLINE
  8
8
  66
1
  70
0
  0
VERTEX
  8
8
  10
-59755.712891
  20
883.232117
  0
VERTEX
  8
8
  10
-59726.816406
  20
802.484818
  0
SEQEND
  8
8
  0
POINT
  8
2
 10
-59755.712891
 20
883.232117
  0
TEXT
  8
2
 10
-59755.712891
 20
883.232117
 40
0.000000
 50
0.000000
  1
# 111
  0
POINT
  8
2
 10
-59726.816406
 20
802.484818
  0
TEXT
  8
2
 10
-59726.816406
 20
802.484818
 40
0.000000
 50
0.000000
  1
# 112
  0
POLYLINE
  8
8
  66
1
  70
0
  0
VERTEX
  8
8
  10
-59734.531250
  20
887.901306
  0
VERTEX
  8
8
  10
-59726.816406
  20
802.484818
  0
SEQEND
  8
8
  0
POINT
  8
2
 10
-59734.531250
 20
887.901306
  0
TEXT
  8
2
 10
-59734.531250
 20
887.901306
 40
0.000000
 50
0.000000
  1
# 113
  0
POINT
  8
2
 10
-59726.816406
 20
802.484818
  0
TEXT
  8
2
 10
-59726.816406
 20
802.484818
 40
0.000000
 50
0.000000
  1
# 114
  0
POLYLINE
  8
8
  66
1
  70
0
  0
VERTEX
  8
8
  10
-59813.330078
  20
870.343857
  0
VERTEX
  8
8
  10
-59805.498047
  20
785.144501
  0
SEQEND
  8
8
  0
POINT
  8
2
 10
-59813.330078
 20
870.343857
  0
TEXT
  8
2
 10
-59813.330078
 20
870.343857
 40
0.000000
 50
0.000000
  1
# 115
  0
POINT
  8
2
 10
-59805.498047
 20
785.144501
  0
TEXT
  8
2
 10
-59805.498047
 20
785.144501
 40
0.000000
 50
0.000000
  1
# 116
  0
POLYLINE
  8
8
  66
1
  70
0
  0
VERTEX
  8
8
  10
-59834.326172
  20
865.701370
  0
VERTEX
  8
8
  10
-59805.498047
  20
785.144501
  0
SEQEND
  8
8
  0
POINT
  8
2
 10
-59834.326172
 20
865.701370
  0
TEXT
  8
2
 10
-59834.326172
 20
865.701370
 40
0.000000
 50
0.000000
  1
# 117
  0
POINT
  8
2
 10
-59805.498047
 20
785.144501
  0
TEXT
  8
2
 10
-59805.498047
 20
785.144501
 40
0.000000
 50
0.000000
  1
# 118
  0
POLYLINE
  8
8
  66
1
  70
0
  0
VERTEX
  8
8
  10
-59726.816406
  20
802.484818
  0
VERTEX
  8
8
  10
-59745.634766
  20
887.891922
  0
SEQEND
  8
8
  0
POINT
  8
2
 10
-59726.816406
 20
802.484818
  0
TEXT
  8
2
 10
-59726.816406
 20
802.484818
 40
0.000000
 50
0.000000
  1
# 119
  0
POINT
  8
2
 10
-59745.634766
 20
887.891922
  0
TEXT
  8
2
 10
-59745.634766
 20
887.891922
 40
0.000000
 50
0.000000
  1
# 120
  0
POLYLINE
  8
8
  66
1
  70
0
  0
VERTEX
  8
8
  10
-59747.041016
  20
859.007950
  0
VERTEX
  8
8
  10
-59729.130859
  20
828.109741
  0
VERTEX
  8
8
  10
-59741.171875
  20
841.767578
  0
SEQEND
  8
8
  0
POINT
  8
2
 10
-59747.041016
 20
859.007950
  0
TEXT
  8
2
 10
-59747.041016
 20
859.007950
 40
0.000000
 50
0.000000
  1
# 121
  0
POINT
  8
2
 10
-59741.171875
 20
841.767578
  0
TEXT
  8
2
 10
-59741.171875
 20
841.767578
 40
0.000000
 50
0.000000
  1
# 122
  0
POLYLINE
  8
8
  66
1
  70
0
  0
VERTEX
  8
8
  10
-59805.498047
  20
785.144501
  0
VERTEX
  8
8
  10
-59824.345703
  20
870.360565
  0
SEQEND
  8
8
  0
POINT
  8
2
 10
-59805.498047
 20
785.144501
  0
TEXT
  8
2
 10
-59805.498047
 20
785.144501
 40
0.000000
 50
0.000000
  1
# 123
  0
POINT
  8
2
 10
-59824.345703
 20
870.360565
  0
TEXT
  8
2
 10
-59824.345703
 20
870.360565
 40
0.000000
 50
0.000000
  1
# 124
  0
POLYLINE
  8
8
  66
1
  70
0
  0
VERTEX
  8
8
  10
-59810.976563
  20
844.784088
  0
VERTEX
  8
8
  10
-59814.140625
  20
809.311600
  0
VERTEX
  8
8
  10
-59816.103516
  20
827.364044
  0
SEQEND
  8
8
  0
POINT
  8
2
 10
-59810.976563
 20
844.784088
  0
TEXT
  8
2
 10
-59810.976563
 20
844.784088
 40
0.000000
 50
0.000000
  1
# 125
  0
POINT
  8
2
 10
-59816.103516
 20
827.364044
  0
TEXT
  8
2
 10
-59816.103516
 20
827.364044
 40
0.000000
 50
0.000000
  1
# 126
  0
POLYLINE
  8
8
  66
1
  70
0
  0
VERTEX
  8
8
  10
-59496.503906
  20
581.370163
  0
VERTEX
  8
8
  10
-59876.093750
  20
581.370163
  0
SEQEND
  8
8
  0
POINT
  8
2
 10
-59496.503906
 20
581.370163
  0
TEXT
  8
2
 10
-59496.503906
 20
581.370163
 40
0.000000
 50
0.000000
  1
# 127
  0
POINT
  8
2
 10
-59876.093750
 20
581.370163
  0
TEXT
  8
2
 10
-59876.093750
 20
581.370163
 40
0.000000
 50
0.000000
  1
# 128
  0
POLYLINE
  8
8
  66
1
  70
0
  0
VERTEX
  8
8
  10
-59827.011719
  20
228.855553
  0
VERTEX
  8
8
  10
-59567.021484
  20
228.855553
  0
SEQEND
  8
8
  0
POINT
  8
2
 10
-59827.011719
 20
228.855553
  0
TEXT
  8
2
 10
-59827.011719
 20
228.855553
 40
0.000000
 50
0.000000
  1
# 129
  0
POINT
  8
2
 10
-59567.021484
 20
228.855553
  0
TEXT
  8
2
 10
-59567.021484
 20
228.855553
 40
0.000000
 50
0.000000
  1
# 130
  0
POLYLINE
  8
8
  66
1
  70
0
  0
VERTEX
  8
8
  10
-59602.812500
  20
690.370178
  0
VERTEX
  8
8
  10
-59894.462891
  20
690.370178
  0
SEQEND
  8
8
  0
POINT
  8
2
 10
-59602.812500
 20
690.370178
  0
TEXT
  8
2
 10
-59602.812500
 20
690.370178
 40
0.000000
 50
0.000000
  1
# 131
  0
POINT
  8
2
 10
-59894.462891
 20
690.370178
  0
TEXT
  8
2
 10
-59894.462891
 20
690.370178
 40
0.000000
 50
0.000000
  1
# 132
  0
POLYLINE
  8
8
  66
1
  70
0
  0
VERTEX
  8
8
  10
-59576.972656
  20
-175.267677
  0
VERTEX
  8
8
  10
-59587.375533
  20
-175.267677
  0
VERTEX
  8
8
  10
-59597.542269
  20
-175.267677
  0
VERTEX
  8
8
  10
-59607.620050
  20
-175.267677
  0
VERTEX
  8
8
  10
-59617.778378
  20
-175.267677
  0
VERTEX
  8
8
  10
-59627.936686
  20
-175.267677
  0
VERTEX
  8
8
  10
-59638.013975
  20
-175.267677
  0
VERTEX
  8
8
  10
-59648.170611
  20
-175.267677
  0
VERTEX
  8
8
  10
-59658.326898
  20
-175.267677
  0
VERTEX
  8
8
  10
-59668.466669
  20
-175.267677
  0
VERTEX
  8
8
  10
-59678.623291
  20
-175.267677
  0
VERTEX
  8
8
  10
-59688.779883
  20
-175.267677
  0
VERTEX
  8
8
  10
-59698.883756
  20
-175.267677
  0
VERTEX
  8
8
  10
-59709.039967
  20
-175.267677
  0
VERTEX
  8
8
  10
-59719.196380
  20
-175.267677
  0
VERTEX
  8
8
  10
-59729.458737
  20
-175.267677
  0
VERTEX
  8
8
  10
-59739.616077
  20
-175.267677
  0
VERTEX
  8
8
  10
-59749.773346
  20
-175.267677
  0
VERTEX
  8
8
  10
-59759.848313
  20
-175.267677
  0
VERTEX
  8
8
  10
-59770.004629
  20
-175.267677
  0
VERTEX
  8
8
  10
-59780.160932
  20
-175.267677
  0
VERTEX
  8
8
  10
-59790.219369
  20
-175.267677
  0
VERTEX
  8
8
  10
-59800.403435
  20
-175.267677
  0
VERTEX
  8
8
  10
-59810.330729
  20
-175.267677
  0
VERTEX
  8
8
  10
-59813.662109
  20
-175.267677
  0
SEQEND
  8
8
  0
POINT
  8
2
 10
-59576.972656
 20
-175.267677
  0
TEXT
  8
2
 10
-59576.972656
 20
-175.267677
 40
0.000000
 50
0.000000
  1
# 133
  0
POINT
  8
2
 10
-59813.662109
 20
-175.267677
  0
TEXT
  8
2
 10
-59813.662109
 20
-175.267677
 40
0.000000
 50
0.000000
  1
# 134
  0
POINT
  8
3
 10
-59587.375533
 20
-175.267677
  0
POINT
  8
3
 10
-59597.542269
 20
-175.267677
  0
POINT
  8
3
 10
-59607.620050
 20
-175.267677
  0
POINT
  8
3
 10
-59617.778378
 20
-175.267677
  0
POINT
  8
3
 10
-59627.936686
 20
-175.267677
  0
POINT
  8
3
 10
-59638.013975
 20
-175.267677
  0
POINT
  8
3
 10
-59648.170611
 20
-175.267677
  0
POINT
  8
3
 10
-59658.326898
 20
-175.267677
  0
POINT
  8
3
 10
-59668.466669
 20
-175.267677
  0
POINT
  8
3
 10
-59678.623291
 20
-175.267677
  0
POINT
  8
3
 10
-59688.779883
 20
-175.267677
  0
POINT
  8
3
 10
-59698.883756
 20
-175.267677
  0
POINT
  8
3
 10
-59709.039967
 20
-175.267677
  0
POINT
  8
3
 10
-59719.196380
 20
-175.267677
  0
POINT
  8
3
 10
-59729.458737
 20
-175.267677
  0
POINT
  8
3
 10
-59739.616077
 20
-175.267677
  0
POINT
  8
3
 10
-59749.773346
 20
-175.267677
  0
POINT
  8
3
 10
-59759.848313
 20
-175.267677
  0
POINT
  8
3
 10
-59770.004629
 20
-175.267677
  0
POINT
  8
3
 10
-59780.160932
 20
-175.267677
  0
POINT
  8
3
 10
-59790.219369
 20
-175.267677
  0
POINT
  8
3
 10
-59800.403435
 20
-175.267677
  0
POINT
  8
3
 10
-59810.330729
 20
-175.267677
 0
LINE
 8
7
 10
-59719.462891
 20
700.291214
 11
-59719.462891
 21
-121.105690
  0
TEXT
  8
1
 10
-59883.046875
 20
658.457108
 40
10.000000
 50
0.000000
  1
车线位置
  0
TEXT
  8
1
 10
-59702.319336
 20
333.724766
 40
10.000000
 50
0.000000
  1
Piece Name: 26SMC-WP115M 展_后原_175/84
  0
TEXT
  8
1
 10
-59702.319336
 20
348.724766
 40
10.000000
 50
0.000000
  1
Size: 175/84
  0
TEXT
  8
1
 10
-59702.319336
 20
363.724766
 40
10.000000
 50
0.000000
  1
Annotation: 
  0
TEXT
  8
1
 10
-59702.319336
 20
378.724766
 40
10.000000
 50
0.000000
  1
Quantity: 1
  0
TEXT
  8
1
 10
-59702.319336
 20
393.724766
 40
10.000000
 50
0.000000
  1
Material: 原
  0
TEXT
  8
1
 10
-59702.319336
 20
393.724766
 40
10.000000
 50
0.000000
  1
Category: 1
0
ENDBLK
0
BLOCK
  8
1
  2
26SMC-WP115M 展_后_175/84
 70
0
 10
0.0
 20
0.0
  0
POLYLINE
  8
1
  66
1
  70
1
  0
VERTEX
  8
1
  10
-60107.558594
  20
-2206.058502
  0
VERTEX
  8
1
  10
-60107.553711
  20
-2201.949921
  0
VERTEX
  8
1
  10
-60107.558594
  20
-2191.782532
  0
VERTEX
  8
1
  10
-60107.573242
  20
-2181.580048
  0
VERTEX
  8
1
  10
-60107.592773
  20
-2171.058502
  0
VERTEX
  8
1
  10
-60107.592773
  20
-2171.058502
  0
VERTEX
  8
1
  10
-60107.573242
  20
-2160.536957
  0
VERTEX
  8
1
  10
-60107.558594
  20
-2150.334473
  0
VERTEX
  8
1
  10
-60107.553711
  20
-2140.167084
  0
VERTEX
  8
1
  10
-60107.563477
  20
-2129.922638
  0
VERTEX
  8
1
  10
-60107.587891
  20
-2119.864502
  0
VERTEX
  8
1
  10
-60107.617188
  20
-2109.805298
  0
VERTEX
  8
1
  10
-60107.661133
  20
-2099.624176
  0
VERTEX
  8
1
  10
-60107.714844
  20
-2089.564667
  0
VERTEX
  8
1
  10
-60107.778320
  20
-2079.505463
  0
VERTEX
  8
1
  10
-60107.851563
  20
-2069.144440
  0
VERTEX
  8
1
  10
-60107.939453
  20
-2059.086304
  0
VERTEX
  8
1
  10
-60108.032227
  20
-2049.029083
  0
VERTEX
  8
1
  10
-60108.149414
  20
-2038.674469
  0
VERTEX
  8
1
  10
-60108.271484
  20
-2028.618774
  0
VERTEX
  8
1
  10
-60108.408203
  20
-2018.563843
  0
VERTEX
  8
1
  10
-60108.559570
  20
-2008.509827
  0
VERTEX
  8
1
  10
-60108.725586
  20
-1998.324585
  0
VERTEX
  8
1
  10
-60108.906250
  20
-1988.272552
  0
VERTEX
  8
1
  10
-60109.106445
  20
-1978.221741
  0
VERTEX
  8
1
  10
-60109.326172
  20
-1967.995911
  0
VERTEX
  8
1
  10
-60109.560547
  20
-1957.947845
  0
VERTEX
  8
1
  10
-60109.819336
  20
-1947.901306
  0
VERTEX
  8
1
  10
-60110.097656
  20
-1937.648468
  0
VERTEX
  8
1
  10
-60110.395508
  20
-1927.604370
  0
VERTEX
  8
1
  10
-60110.712891
  20
-1917.561188
  0
VERTEX
  8
1
  10
-60111.059570
  20
-1907.353363
  0
VERTEX
  8
1
  10
-60111.425781
  20
-1897.314148
  0
VERTEX
  8
1
  10
-60111.811523
  20
-1887.278137
  0
VERTEX
  8
1
  10
-60112.236328
  20
-1877.080688
  0
VERTEX
  8
1
  10
-60112.680664
  20
-1867.050476
  0
VERTEX
  8
1
  10
-60113.159180
  20
-1857.021484
  0
VERTEX
  8
1
  10
-60113.662109
  20
-1846.994171
  0
VERTEX
  8
1
  10
-60114.208984
  20
-1836.805115
  0
VERTEX
  8
1
  10
-60114.775391
  20
-1826.780243
  0
VERTEX
  8
1
  10
-60115.366211
  20
-1816.756592
  0
VERTEX
  8
1
  10
-60116.000977
  20
-1806.575623
  0
VERTEX
  8
1
  10
-60116.660156
  20
-1796.565704
  0
VERTEX
  8
1
  10
-60117.358398
  20
-1786.567383
  0
VERTEX
  8
1
  10
-60118.125000
  20
-1776.379089
  0
VERTEX
  8
1
  10
-60118.925781
  20
-1766.370697
  0
VERTEX
  8
1
  10
-60119.750977
  20
-1756.469574
  0
VERTEX
  8
1
  10
-60120.615234
  20
-1746.597137
  0
VERTEX
  8
1
  10
-60120.952148
  20
-1742.830353
  0
VERTEX
  8
1
  10
-60120.957031
  20
-1742.731323
  0
VERTEX
  8
1
  10
-60121.787109
  20
-1732.394257
  0
VERTEX
  8
1
  10
-60122.622070
  20
-1722.276459
  0
VERTEX
  8
1
  10
-60123.491211
  20
-1712.202301
  0
VERTEX
  8
1
  10
-60124.418945
  20
-1701.976318
  0
VERTEX
  8
1
  10
-60125.390625
  20
-1691.752930
  0
VERTEX
  8
1
  10
-60126.381836
  20
-1681.809692
  0
VERTEX
  8
1
  10
-60127.441406
  20
-1671.591644
  0
VERTEX
  8
1
  10
-60128.544922
  20
-1661.376343
  0
VERTEX
  8
1
  10
-60129.663086
  20
-1651.357422
  0
VERTEX
  8
1
  10
-60130.839844
  20
-1641.149292
  0
VERTEX
  8
1
  10
-60132.060547
  20
-1630.947418
  0
VERTEX
  8
1
  10
-60133.291016
  20
-1620.970764
  0
VERTEX
  8
1
  10
-60134.594727
  20
-1610.780029
  0
VERTEX
  8
1
  10
-60135.932617
  20
-1600.592499
  0
VERTEX
  8
1
  10
-60137.285156
  20
-1590.622711
  0
VERTEX
  8
1
  10
-60138.701172
  20
-1580.443420
  0
VERTEX
  8
1
  10
-60140.156250
  20
-1570.270691
  0
VERTEX
  8
1
  10
-60141.616211
  20
-1560.320282
  0
VERTEX
  8
1
  10
-60143.149414
  20
-1550.158539
  0
VERTEX
  8
1
  10
-60144.716797
  20
-1539.998779
  0
VERTEX
  8
1
  10
-60146.279297
  20
-1530.076904
  0
VERTEX
  8
1
  10
-60147.910156
  20
-1519.920959
  0
VERTEX
  8
1
  10
-60149.570313
  20
-1509.767303
  0
VERTEX
  8
1
  10
-60151.220703
  20
-1499.833984
  0
VERTEX
  8
1
  10
-60152.924805
  20
-1489.681549
  0
VERTEX
  8
1
  10
-60154.648438
  20
-1479.526672
  0
VERTEX
  8
1
  10
-60156.376953
  20
-1469.436340
  0
VERTEX
  8
1
  10
-60158.120117
  20
-1459.277344
  0
VERTEX
  8
1
  10
-60159.868164
  20
-1449.118805
  0
VERTEX
  8
1
  10
-60161.586914
  20
-1439.181976
  0
VERTEX
  8
1
  10
-60163.344727
  20
-1429.016876
  0
VERTEX
  8
1
  10
-60165.097656
  20
-1418.842621
  0
VERTEX
  8
1
  10
-60166.801758
  20
-1408.893738
  0
VERTEX
  8
1
  10
-60167.846680
  20
-1402.720947
  0
VERTEX
  8
1
  10
-60169.877930
  20
-1391.507721
  0
VERTEX
  8
1
  10
-60171.816406
  20
-1380.880127
  0
VERTEX
  8
1
  10
-60173.613281
  20
-1370.895386
  0
VERTEX
  8
1
  10
-60175.371094
  20
-1360.986786
  0
VERTEX
  8
1
  10
-60177.133789
  20
-1350.886993
  0
VERTEX
  8
1
  10
-60178.862305
  20
-1340.783234
  0
VERTEX
  8
1
  10
-60180.556641
  20
-1330.675659
  0
VERTEX
  8
1
  10
-60182.197266
  20
-1320.699768
  0
VERTEX
  8
1
  10
-60182.783203
  20
-1317.050934
  0
VERTEX
  8
1
  10
-60183.828125
  20
-1310.580750
  0
VERTEX
  8
1
  10
-60185.429688
  20
-1300.455322
  0
VERTEX
  8
1
  10
-60186.982422
  20
-1290.412140
  0
VERTEX
  8
1
  10
-60188.266602
  20
-1282.018585
  0
VERTEX
  8
1
  10
-60189.951172
  20
-1271.796188
  0
VERTEX
  8
1
  10
-60191.601563
  20
-1261.684341
  0
VERTEX
  8
1
  10
-60193.217773
  20
-1251.634216
  0
VERTEX
  8
1
  10
-60194.833984
  20
-1241.433258
  0
VERTEX
  8
1
  10
-60196.425781
  20
-1231.191864
  0
VERTEX
  8
1
  10
-60197.998047
  20
-1220.950775
  0
VERTEX
  8
1
  10
-60199.521484
  20
-1210.907440
  0
VERTEX
  8
1
  10
-60201.054688
  20
-1200.659637
  0
VERTEX
  8
1
  10
-60202.563477
  20
-1190.406799
  0
VERTEX
  8
1
  10
-60204.042969
  20
-1180.223007
  0
VERTEX
  8
1
  10
-60205.502930
  20
-1169.961700
  0
VERTEX
  8
1
  10
-60206.923828
  20
-1159.851303
  0
VERTEX
  8
1
  10
-60208.330078
  20
-1149.624557
  0
VERTEX
  8
1
  10
-60209.677734
  20
-1139.768448
  0
VERTEX
  8
1
  10
-60210.073242
  20
-1136.826859
  0
VERTEX
  8
1
  10
-60210.942383
  20
-1130.454788
  0
VERTEX
  8
1
  10
-60204.062500
  20
-1128.055725
  0
VERTEX
  8
1
  10
-60198.916016
  20
-1126.271820
  0
VERTEX
  8
1
  10
-60189.687500
  20
-1123.030624
  0
VERTEX
  8
1
  10
-60181.738281
  20
-1120.154419
  0
VERTEX
  8
1
  10
-60173.774414
  20
-1117.182083
  0
VERTEX
  8
1
  10
-60165.834961
  20
-1114.130478
  0
VERTEX
  8
1
  10
-60157.929688
  20
-1111.000748
  0
VERTEX
  8
1
  10
-60150.014648
  20
-1107.779007
  0
VERTEX
  8
1
  10
-60140.908203
  20
-1103.972168
  0
VERTEX
  8
1
  10
-60131.655273
  20
-1100.024643
  0
VERTEX
  8
1
  10
-60122.304688
  20
-1095.961075
  0
VERTEX
  8
1
  10
-60121.601563
  20
-1095.637741
  0
VERTEX
  8
1
  10
-60120.161133
  20
-1094.975739
  0
VERTEX
  8
1
  10
-60110.454102
  20
-1090.423431
  0
VERTEX
  8
1
  10
-60099.804688
  20
-1090.456543
  0
VERTEX
  8
1
  10
-60098.149414
  20
-1090.450363
  0
VERTEX
  8
1
  10
-60098.144531
  20
-1090.449677
  0
VERTEX
  8
1
  10
-60094.819336
  20
-1089.842682
  0
VERTEX
  8
1
  10
-60086.801758
  20
-1088.310623
  0
VERTEX
  8
1
  10
-60079.277344
  20
-1086.793060
  0
VERTEX
  8
1
  10
-60072.910156
  20
-1085.432510
  0
VERTEX
  8
1
  10
-60065.922852
  20
-1083.846207
  0
VERTEX
  8
1
  10
-60058.515625
  20
-1082.074966
  0
VERTEX
  8
1
  10
-60050.415039
  20
-1080.049973
  0
VERTEX
  8
1
  10
-60042.988281
  20
-1078.107071
  0
VERTEX
  8
1
  10
-60042.988281
  20
-1078.106842
  0
VERTEX
  8
1
  10
-60036.225586
  20
-1074.995422
  0
VERTEX
  8
1
  10
-60031.733398
  20
-1072.888641
  0
VERTEX
  8
1
  10
-60026.694336
  20
-1072.911835
  0
VERTEX
  8
1
  10
-60019.331055
  20
-1072.891922
  0
VERTEX
  8
1
  10
-60018.457031
  20
-1072.889633
  0
VERTEX
  8
1
  10
-60012.021484
  20
-1072.866745
  0
VERTEX
  8
1
  10
-60003.886719
  20
-1072.781296
  0
VERTEX
  8
1
  10
-59995.810547
  20
-1072.613144
  0
VERTEX
  8
1
  10
-59987.656250
  20
-1072.360153
  0
VERTEX
  8
1
  10
-59979.287109
  20
-1072.017746
  0
VERTEX
  8
1
  10
-59970.629883
  20
-1071.579208
  0
VERTEX
  8
1
  10
-59961.645508
  20
-1071.039200
  0
VERTEX
  8
1
  10
-59951.718750
  20
-1070.359268
  0
VERTEX
  8
1
  10
-59941.708984
  20
-1069.603653
  0
VERTEX
  8
1
  10
-59931.826172
  20
-1068.797607
  0
VERTEX
  8
1
  10
-59922.763672
  20
-1068.073578
  0
VERTEX
  8
1
  10
-59920.747070
  20
-1076.943359
  0
VERTEX
  8
1
  10
-59918.525391
  20
-1086.691208
  0
VERTEX
  8
1
  10
-59916.250000
  20
-1096.701660
  0
VERTEX
  8
1
  10
-59913.989258
  20
-1106.681290
  0
VERTEX
  8
1
  10
-59911.718750
  20
-1116.699905
  0
VERTEX
  8
1
  10
-59909.497070
  20
-1126.523514
  0
VERTEX
  8
1
  10
-59907.285156
  20
-1136.349640
  0
VERTEX
  8
1
  10
-59905.083008
  20
-1146.165619
  0
VERTEX
  8
1
  10
-59902.885742
  20
-1155.999069
  0
VERTEX
  8
1
  10
-59900.698242
  20
-1165.837250
  0
VERTEX
  8
1
  10
-59898.530273
  20
-1175.666428
  0
VERTEX
  8
1
  10
-59896.367188
  20
-1185.512085
  0
VERTEX
  8
1
  10
-59894.223633
  20
-1195.360947
  0
VERTEX
  8
1
  10
-59892.050781
  20
-1205.410843
  0
VERTEX
  8
1
  10
-59889.936523
  20
-1215.269699
  0
VERTEX
  8
1
  10
-59887.836914
  20
-1225.134811
  0
VERTEX
  8
1
  10
-59885.766602
  20
-1234.984207
  0
VERTEX
  8
1
  10
-59883.710938
  20
-1244.860306
  0
VERTEX
  8
1
  10
-59881.679688
  20
-1254.741440
  0
VERTEX
  8
1
  10
-59879.638672
  20
-1264.790802
  0
VERTEX
  8
1
  10
-59877.675781
  20
-1274.501877
  0
VERTEX
  8
1
  10
-59876.875000
  20
-1278.501205
  0
VERTEX
  8
1
  10
-59875.849609
  20
-1283.672638
  0
VERTEX
  8
1
  10
-59874.726563
  20
-1288.919067
  0
VERTEX
  8
1
  10
-59873.549805
  20
-1294.032288
  0
VERTEX
  8
1
  10
-59872.397461
  20
-1298.687439
  0
VERTEX
  8
1
  10
-59871.264648
  20
-1302.964020
  0
VERTEX
  8
1
  10
-59870.170898
  20
-1306.792297
  0
VERTEX
  8
1
  10
-59869.111328
  20
-1310.215912
  0
VERTEX
  8
1
  10
-59868.051758
  20
-1313.402100
  0
VERTEX
  8
1
  10
-59866.962891
  20
-1316.438446
  0
VERTEX
  8
1
  10
-59865.834961
  20
-1319.348145
  0
VERTEX
  8
1
  10
-59864.697266
  20
-1322.075348
  0
VERTEX
  8
1
  10
-59863.559570
  20
-1324.620819
  0
VERTEX
  8
1
  10
-59862.412109
  20
-1327.004700
  0
VERTEX
  8
1
  10
-59861.240234
  20
-1329.270172
  0
VERTEX
  8
1
  10
-59860.053711
  20
-1331.408081
  0
VERTEX
  8
1
  10
-59858.867188
  20
-1333.394775
  0
VERTEX
  8
1
  10
-59857.675781
  20
-1335.247192
  0
VERTEX
  8
1
  10
-59856.450195
  20
-1337.014008
  0
VERTEX
  8
1
  10
-59855.273438
  20
-1338.594055
  0
VERTEX
  8
1
  10
-59854.086914
  20
-1340.078278
  0
VERTEX
  8
1
  10
-59852.885742
  20
-1341.467896
  0
VERTEX
  8
1
  10
-59851.684570
  20
-1342.756958
  0
VERTEX
  8
1
  10
-59850.468750
  20
-1343.957367
  0
VERTEX
  8
1
  10
-59849.291992
  20
-1345.033417
  0
VERTEX
  8
1
  10
-59848.076172
  20
-1346.057892
  0
VERTEX
  8
1
  10
-59846.865234
  20
-1346.993866
  0
VERTEX
  8
1
  10
-59845.488281
  20
-1347.968903
  0
VERTEX
  8
1
  10
-59844.052734
  20
-1348.902893
  0
VERTEX
  8
1
  10
-59842.495117
  20
-1349.830322
  0
VERTEX
  8
1
  10
-59840.874023
  20
-1350.717773
  0
VERTEX
  8
1
  10
-59839.106445
  20
-1351.602325
  0
VERTEX
  8
1
  10
-59837.211914
  20
-1352.471619
  0
VERTEX
  8
1
  10
-59835.156250
  20
-1353.332214
  0
VERTEX
  8
1
  10
-59832.885742
  20
-1354.200439
  0
VERTEX
  8
1
  10
-59830.429688
  20
-1355.055389
  0
VERTEX
  8
1
  10
-59827.773438
  20
-1355.899811
  0
VERTEX
  8
1
  10
-59824.804688
  20
-1356.758118
  0
VERTEX
  8
1
  10
-59821.455078
  20
-1357.641296
  0
VERTEX
  8
1
  10
-59817.543945
  20
-1358.584900
  0
VERTEX
  8
1
  10
-59812.460938
  20
-1359.718323
  0
VERTEX
  8
1
  10
-59806.713867
  20
-1360.917664
  0
VERTEX
  8
1
  10
-59800.844727
  20
-1362.060547
  0
VERTEX
  8
1
  10
-59794.853516
  20
-1363.145905
  0
VERTEX
  8
1
  10
-59788.637695
  20
-1364.189758
  0
VERTEX
  8
1
  10
-59782.299805
  20
-1365.172729
  0
VERTEX
  8
1
  10
-59772.871094
  20
-1366.535339
  0
VERTEX
  8
1
  10
-59761.479492
  20
-1368.210907
  0
VERTEX
  8
1
  10
-59765.747070
  20
-1379.353180
  0
VERTEX
  8
1
  10
-59769.628906
  20
-1389.446716
  0
VERTEX
  8
1
  10
-59773.256836
  20
-1399.036713
  0
VERTEX
  8
1
  10
-59776.625977
  20
-1408.143158
  0
VERTEX
  8
1
  10
-59779.716797
  20
-1416.744690
  0
VERTEX
  8
1
  10
-59782.963867
  20
-1426.021271
  0
VERTEX
  8
1
  10
-59786.254883
  20
-1435.654755
  0
VERTEX
  8
1
  10
-59789.423828
  20
-1445.164490
  0
VERTEX
  8
1
  10
-59792.568359
  20
-1454.841461
  0
VERTEX
  8
1
  10
-59795.634766
  20
-1464.537506
  0
VERTEX
  8
1
  10
-59798.486328
  20
-1473.820648
  0
VERTEX
  8
1
  10
-59801.196289
  20
-1482.909393
  0
VERTEX
  8
1
  10
-59803.823242
  20
-1492.018280
  0
VERTEX
  8
1
  10
-59806.289063
  20
-1500.860138
  0
VERTEX
  8
1
  10
-59808.574219
  20
-1509.352417
  0
VERTEX
  8
1
  10
-59810.693359
  20
-1517.532349
  0
VERTEX
  8
1
  10
-59812.729492
  20
-1525.726776
  0
VERTEX
  8
1
  10
-59814.614258
  20
-1533.630066
  0
VERTEX
  8
1
  10
-59816.406250
  20
-1541.530151
  0
VERTEX
  8
1
  10
-59818.125000
  20
-1549.450226
  0
VERTEX
  8
1
  10
-59819.833984
  20
-1557.720490
  0
VERTEX
  8
1
  10
-59821.459961
  20
-1566.009979
  0
VERTEX
  8
1
  10
-59823.002930
  20
-1574.291077
  0
VERTEX
  8
1
  10
-59824.531250
  20
-1582.948761
  0
VERTEX
  8
1
  10
-59825.976563
  20
-1591.623688
  0
VERTEX
  8
1
  10
-59827.402344
  20
-1600.649414
  0
VERTEX
  8
1
  10
-59828.745117
  20
-1609.713287
  0
VERTEX
  8
1
  10
-59830.058594
  20
-1619.105377
  0
VERTEX
  8
1
  10
-59831.333008
  20
-1628.848267
  0
VERTEX
  8
1
  10
-59832.558594
  20
-1638.826752
  0
VERTEX
  8
1
  10
-59833.710938
  20
-1648.934326
  0
VERTEX
  8
1
  10
-59834.790039
  20
-1659.054108
  0
VERTEX
  8
1
  10
-59835.791016
  20
-1669.185028
  0
VERTEX
  8
1
  10
-59836.704102
  20
-1679.101715
  0
VERTEX
  8
1
  10
-59837.573242
  20
-1689.255829
  0
VERTEX
  8
1
  10
-59838.383789
  20
-1699.421234
  0
VERTEX
  8
1
  10
-59839.145508
  20
-1709.658203
  0
VERTEX
  8
1
  10
-59839.848633
  20
-1719.829102
  0
VERTEX
  8
1
  10
-59840.483398
  20
-1729.998169
  0
VERTEX
  8
1
  10
-59841.054688
  20
-1740.050659
  0
VERTEX
  8
1
  10
-59841.181641
  20
-1742.467194
  0
VERTEX
  8
1
  10
-59841.186523
  20
-1742.565002
  0
VERTEX
  8
1
  10
-59841.850586
  20
-1753.069305
  0
VERTEX
  8
1
  10
-59842.465820
  20
-1763.256683
  0
VERTEX
  8
1
  10
-59843.041992
  20
-1773.394470
  0
VERTEX
  8
1
  10
-59843.574219
  20
-1783.409576
  0
VERTEX
  8
1
  10
-59844.067383
  20
-1793.433685
  0
VERTEX
  8
1
  10
-59844.531250
  20
-1803.465424
  0
VERTEX
  8
1
  10
-59844.975586
  20
-1813.794403
  0
VERTEX
  8
1
  10
-59845.385742
  20
-1823.834686
  0
VERTEX
  8
1
  10
-59845.776367
  20
-1833.876953
  0
VERTEX
  8
1
  10
-59846.142578
  20
-1843.927765
  0
VERTEX
  8
1
  10
-59846.484375
  20
-1853.974915
  0
VERTEX
  8
1
  10
-59846.811523
  20
-1864.025726
  0
VERTEX
  8
1
  10
-59847.128906
  20
-1874.085388
  0
VERTEX
  8
1
  10
-59847.426758
  20
-1884.140015
  0
VERTEX
  8
1
  10
-59847.714844
  20
-1894.194031
  0
VERTEX
  8
1
  10
-59847.988281
  20
-1904.247437
  0
VERTEX
  8
1
  10
-59848.251953
  20
-1914.524231
  0
VERTEX
  8
1
  10
-59848.491211
  20
-1924.578705
  0
VERTEX
  8
1
  10
-59848.720703
  20
-1934.634094
  0
VERTEX
  8
1
  10
-59848.930664
  20
-1944.702759
  0
VERTEX
  8
1
  10
-59849.130859
  20
-1954.759979
  0
VERTEX
  8
1
  10
-59849.321289
  20
-1964.818268
  0
VERTEX
  8
1
  10
-59849.497070
  20
-1974.892120
  0
VERTEX
  8
1
  10
-59849.663086
  20
-1984.951019
  0
VERTEX
  8
1
  10
-59849.814453
  20
-1995.009460
  0
VERTEX
  8
1
  10
-59849.956055
  20
-2005.083771
  0
VERTEX
  8
1
  10
-59850.083008
  20
-2015.142670
  0
VERTEX
  8
1
  10
-59850.195313
  20
-2025.202179
  0
VERTEX
  8
1
  10
-59850.302734
  20
-2035.279083
  0
VERTEX
  8
1
  10
-59850.395508
  20
-2045.340271
  0
VERTEX
  8
1
  10
-59850.478516
  20
-2055.402374
  0
VERTEX
  8
1
  10
-59850.551758
  20
-2065.465088
  0
VERTEX
  8
1
  10
-59850.615234
  20
-2075.496368
  0
VERTEX
  8
1
  10
-59850.673828
  20
-2085.560913
  0
VERTEX
  8
1
  10
-59850.722656
  20
-2095.626221
  0
VERTEX
  8
1
  10
-59850.766602
  20
-2105.935669
  0
VERTEX
  8
1
  10
-59850.805664
  20
-2116.000366
  0
VERTEX
  8
1
  10
-59850.834961
  20
-2126.063995
  0
VERTEX
  8
1
  10
-59850.854492
  20
-2136.241760
  0
VERTEX
  8
1
  10
-59850.864258
  20
-2146.353455
  0
VERTEX
  8
1
  10
-59850.874023
  20
-2156.424561
  0
VERTEX
  8
1
  10
-59850.869141
  20
-2166.486359
  0
VERTEX
  8
1
  10
-59850.869141
  20
-2171.058502
  0
VERTEX
  8
1
  10
-59850.869141
  20
-2171.058502
  0
VERTEX
  8
1
  10
-59850.869141
  20
-2175.630646
  0
VERTEX
  8
1
  10
-59850.874023
  20
-2185.692444
  0
VERTEX
  8
1
  10
-59850.864258
  20
-2195.763550
  0
VERTEX
  8
1
  10
-59850.854492
  20
-2205.875244
  0
VERTEX
  8
1
  10
-59850.854492
  20
-2206.058502
  0
VERTEX
  8
1
  10
-59871.210938
  20
-2206.058502
  0
VERTEX
  8
1
  10
-59881.455078
  20
-2206.058502
  0
VERTEX
  8
1
  10
-59891.499023
  20
-2206.058502
  0
VERTEX
  8
1
  10
-59901.796875
  20
-2206.058502
  0
VERTEX
  8
1
  10
-59911.972656
  20
-2206.058502
  0
VERTEX
  8
1
  10
-59922.143555
  20
-2206.058502
  0
VERTEX
  8
1
  10
-59932.319336
  20
-2206.058502
  0
VERTEX
  8
1
  10
-59942.504883
  20
-2206.058502
  0
VERTEX
  8
1
  10
-59952.675781
  20
-2206.058502
  0
VERTEX
  8
1
  10
-59962.846680
  20
-2206.058502
  0
VERTEX
  8
1
  10
-59973.081055
  20
-2206.058502
  0
VERTEX
  8
1
  10
-59983.256836
  20
-2206.058502
  0
VERTEX
  8
1
  10
-59993.427734
  20
-2206.058502
  0
VERTEX
  8
1
  10
-60003.603516
  20
-2206.058502
  0
VERTEX
  8
1
  10
-60013.759766
  20
-2206.058502
  0
VERTEX
  8
1
  10
-60023.935547
  20
-2206.058502
  0
VERTEX
  8
1
  10
-60034.106445
  20
-2206.058502
  0
VERTEX
  8
1
  10
-60044.282227
  20
-2206.058502
  0
VERTEX
  8
1
  10
-60054.550781
  20
-2206.058502
  0
VERTEX
  8
1
  10
-60064.721680
  20
-2206.058502
  0
VERTEX
  8
1
  10
-60074.892578
  20
-2206.058502
  0
VERTEX
  8
1
  10
-60084.916992
  20
-2206.058502
  0
VERTEX
  8
1
  10
-60094.829102
  20
-2206.058502
  0
SEQEND
  8
1
  0
POINT
  8
2
 10
-60107.558594
 20
-2206.058502
  0
TEXT
  8
2
 10
-60107.558594
 20
-2206.058502
 40
0.000000
 50
0.000000
  1
# 135
  0
POINT
  8
2
 10
-60107.592773
 20
-2171.058502
  0
TEXT
  8
2
 10
-60107.592773
 20
-2171.058502
 40
0.000000
 50
0.000000
  1
# 136
  0
POINT
  8
2
 10
-60120.957031
 20
-1742.731323
  0
TEXT
  8
2
 10
-60120.957031
 20
-1742.731323
 40
0.000000
 50
0.000000
  1
# 137
  0
POINT
  8
2
 10
-60167.846680
 20
-1402.720947
  0
TEXT
  8
2
 10
-60167.846680
 20
-1402.720947
 40
0.000000
 50
0.000000
  1
# 138
  0
POINT
  8
2
 10
-60188.266602
 20
-1282.018585
  0
TEXT
  8
2
 10
-60188.266602
 20
-1282.018585
 40
0.000000
 50
0.000000
  1
# 139
  0
POINT
  8
2
 10
-60210.942383
 20
-1130.454788
  0
TEXT
  8
2
 10
-60210.942383
 20
-1130.454788
 40
0.000000
 50
0.000000
  1
# 140
  0
POINT
  8
2
 10
-60122.304688
 20
-1095.961075
  0
TEXT
  8
2
 10
-60122.304688
 20
-1095.961075
 40
0.000000
 50
0.000000
  1
# 141
  0
POINT
  8
2
 10
-60110.454102
 20
-1090.423431
  0
TEXT
  8
2
 10
-60110.454102
 20
-1090.423431
 40
0.000000
 50
0.000000
  1
# 142
  0
POINT
  8
2
 10
-60098.149414
 20
-1090.450363
  0
TEXT
  8
2
 10
-60098.149414
 20
-1090.450363
 40
0.000000
 50
0.000000
  1
# 143
  0
POINT
  8
2
 10
-60042.988281
 20
-1078.106842
  0
TEXT
  8
2
 10
-60042.988281
 20
-1078.106842
 40
0.000000
 50
0.000000
  1
# 144
  0
POINT
  8
2
 10
-60031.733398
 20
-1072.888641
  0
TEXT
  8
2
 10
-60031.733398
 20
-1072.888641
 40
0.000000
 50
0.000000
  1
# 145
  0
POINT
  8
2
 10
-60018.457031
 20
-1072.889633
  0
TEXT
  8
2
 10
-60018.457031
 20
-1072.889633
 40
0.000000
 50
0.000000
  1
# 146
  0
POINT
  8
2
 10
-59922.763672
 20
-1068.073578
  0
TEXT
  8
2
 10
-59922.763672
 20
-1068.073578
 40
0.000000
 50
0.000000
  1
# 147
  0
POINT
  8
2
 10
-59876.875000
 20
-1278.501205
  0
TEXT
  8
2
 10
-59876.875000
 20
-1278.501205
 40
0.000000
 50
0.000000
  1
# 148
  0
POINT
  8
2
 10
-59761.479492
 20
-1368.210907
  0
TEXT
  8
2
 10
-59761.479492
 20
-1368.210907
 40
0.000000
 50
0.000000
  1
# 149
  0
POINT
  8
2
 10
-59841.186523
 20
-1742.565002
  0
TEXT
  8
2
 10
-59841.186523
 20
-1742.565002
 40
0.000000
 50
0.000000
  1
# 150
  0
POINT
  8
2
 10
-59850.869141
 20
-2171.058502
  0
TEXT
  8
2
 10
-59850.869141
 20
-2171.058502
 40
0.000000
 50
0.000000
  1
# 151
  0
POINT
  8
2
 10
-59850.854492
 20
-2206.058502
  0
TEXT
  8
2
 10
-59850.854492
 20
-2206.058502
 40
0.000000
 50
0.000000
  1
# 152
  0
POINT
  8
3
 10
-60107.553711
 20
-2201.949921
  0
POINT
  8
3
 10
-60107.558594
 20
-2191.782532
  0
POINT
  8
3
 10
-60107.573242
 20
-2181.580048
  0
POINT
  8
3
 10
-60107.592773
 20
-2171.058502
  0
POINT
  8
3
 10
-60107.573242
 20
-2160.536957
  0
POINT
  8
3
 10
-60107.558594
 20
-2150.334473
  0
POINT
  8
3
 10
-60107.553711
 20
-2140.167084
  0
POINT
  8
3
 10
-60107.563477
 20
-2129.922638
  0
POINT
  8
3
 10
-60107.587891
 20
-2119.864502
  0
POINT
  8
3
 10
-60107.617188
 20
-2109.805298
  0
POINT
  8
3
 10
-60107.661133
 20
-2099.624176
  0
POINT
  8
3
 10
-60107.714844
 20
-2089.564667
  0
POINT
  8
3
 10
-60107.778320
 20
-2079.505463
  0
POINT
  8
3
 10
-60107.851563
 20
-2069.144440
  0
POINT
  8
3
 10
-60107.939453
 20
-2059.086304
  0
POINT
  8
3
 10
-60108.032227
 20
-2049.029083
  0
POINT
  8
3
 10
-60108.149414
 20
-2038.674469
  0
POINT
  8
3
 10
-60108.271484
 20
-2028.618774
  0
POINT
  8
3
 10
-60108.408203
 20
-2018.563843
  0
POINT
  8
3
 10
-60108.559570
 20
-2008.509827
  0
POINT
  8
3
 10
-60108.725586
 20
-1998.324585
  0
POINT
  8
3
 10
-60108.906250
 20
-1988.272552
  0
POINT
  8
3
 10
-60109.106445
 20
-1978.221741
  0
POINT
  8
3
 10
-60109.326172
 20
-1967.995911
  0
POINT
  8
3
 10
-60109.560547
 20
-1957.947845
  0
POINT
  8
3
 10
-60109.819336
 20
-1947.901306
  0
POINT
  8
3
 10
-60110.097656
 20
-1937.648468
  0
POINT
  8
3
 10
-60110.395508
 20
-1927.604370
  0
POINT
  8
3
 10
-60110.712891
 20
-1917.561188
  0
POINT
  8
3
 10
-60111.059570
 20
-1907.353363
  0
POINT
  8
3
 10
-60111.425781
 20
-1897.314148
  0
POINT
  8
3
 10
-60111.811523
 20
-1887.278137
  0
POINT
  8
3
 10
-60112.236328
 20
-1877.080688
  0
POINT
  8
3
 10
-60112.680664
 20
-1867.050476
  0
POINT
  8
3
 10
-60113.159180
 20
-1857.021484
  0
POINT
  8
3
 10
-60113.662109
 20
-1846.994171
  0
POINT
  8
3
 10
-60114.208984
 20
-1836.805115
  0
POINT
  8
3
 10
-60114.775391
 20
-1826.780243
  0
POINT
  8
3
 10
-60115.366211
 20
-1816.756592
  0
POINT
  8
3
 10
-60116.000977
 20
-1806.575623
  0
POINT
  8
3
 10
-60116.660156
 20
-1796.565704
  0
POINT
  8
3
 10
-60117.358398
 20
-1786.567383
  0
POINT
  8
3
 10
-60118.125000
 20
-1776.379089
  0
POINT
  8
3
 10
-60118.925781
 20
-1766.370697
  0
POINT
  8
3
 10
-60119.750977
 20
-1756.469574
  0
POINT
  8
3
 10
-60120.615234
 20
-1746.597137
  0
POINT
  8
3
 10
-60120.952148
 20
-1742.830353
  0
POINT
  8
3
 10
-60121.787109
 20
-1732.394257
  0
POINT
  8
3
 10
-60122.622070
 20
-1722.276459
  0
POINT
  8
3
 10
-60123.491211
 20
-1712.202301
  0
POINT
  8
3
 10
-60124.418945
 20
-1701.976318
  0
POINT
  8
3
 10
-60125.390625
 20
-1691.752930
  0
POINT
  8
3
 10
-60126.381836
 20
-1681.809692
  0
POINT
  8
3
 10
-60127.441406
 20
-1671.591644
  0
POINT
  8
3
 10
-60128.544922
 20
-1661.376343
  0
POINT
  8
3
 10
-60129.663086
 20
-1651.357422
  0
POINT
  8
3
 10
-60130.839844
 20
-1641.149292
  0
POINT
  8
3
 10
-60132.060547
 20
-1630.947418
  0
POINT
  8
3
 10
-60133.291016
 20
-1620.970764
  0
POINT
  8
3
 10
-60134.594727
 20
-1610.780029
  0
POINT
  8
3
 10
-60135.932617
 20
-1600.592499
  0
POINT
  8
3
 10
-60137.285156
 20
-1590.622711
  0
POINT
  8
3
 10
-60138.701172
 20
-1580.443420
  0
POINT
  8
3
 10
-60140.156250
 20
-1570.270691
  0
POINT
  8
3
 10
-60141.616211
 20
-1560.320282
  0
POINT
  8
3
 10
-60143.149414
 20
-1550.158539
  0
POINT
  8
3
 10
-60144.716797
 20
-1539.998779
  0
POINT
  8
3
 10
-60146.279297
 20
-1530.076904
  0
POINT
  8
3
 10
-60147.910156
 20
-1519.920959
  0
POINT
  8
3
 10
-60149.570313
 20
-1509.767303
  0
POINT
  8
3
 10
-60151.220703
 20
-1499.833984
  0
POINT
  8
3
 10
-60152.924805
 20
-1489.681549
  0
POINT
  8
3
 10
-60154.648438
 20
-1479.526672
  0
POINT
  8
3
 10
-60156.376953
 20
-1469.436340
  0
POINT
  8
3
 10
-60158.120117
 20
-1459.277344
  0
POINT
  8
3
 10
-60159.868164
 20
-1449.118805
  0
POINT
  8
3
 10
-60161.586914
 20
-1439.181976
  0
POINT
  8
3
 10
-60163.344727
 20
-1429.016876
  0
POINT
  8
3
 10
-60165.097656
 20
-1418.842621
  0
POINT
  8
3
 10
-60166.801758
 20
-1408.893738
  0
POINT
  8
3
 10
-60169.877930
 20
-1391.507721
  0
POINT
  8
3
 10
-60171.816406
 20
-1380.880127
  0
POINT
  8
3
 10
-60173.613281
 20
-1370.895386
  0
POINT
  8
3
 10
-60175.371094
 20
-1360.986786
  0
POINT
  8
3
 10
-60177.133789
 20
-1350.886993
  0
POINT
  8
3
 10
-60178.862305
 20
-1340.783234
  0
POINT
  8
3
 10
-60180.556641
 20
-1330.675659
  0
POINT
  8
3
 10
-60182.197266
 20
-1320.699768
  0
POINT
  8
3
 10
-60182.783203
 20
-1317.050934
  0
POINT
  8
3
 10
-60183.828125
 20
-1310.580750
  0
POINT
  8
3
 10
-60185.429688
 20
-1300.455322
  0
POINT
  8
3
 10
-60186.982422
 20
-1290.412140
  0
POINT
  8
3
 10
-60189.951172
 20
-1271.796188
  0
POINT
  8
3
 10
-60191.601563
 20
-1261.684341
  0
POINT
  8
3
 10
-60193.217773
 20
-1251.634216
  0
POINT
  8
3
 10
-60194.833984
 20
-1241.433258
  0
POINT
  8
3
 10
-60196.425781
 20
-1231.191864
  0
POINT
  8
3
 10
-60197.998047
 20
-1220.950775
  0
POINT
  8
3
 10
-60199.521484
 20
-1210.907440
  0
POINT
  8
3
 10
-60201.054688
 20
-1200.659637
  0
POINT
  8
3
 10
-60202.563477
 20
-1190.406799
  0
POINT
  8
3
 10
-60204.042969
 20
-1180.223007
  0
POINT
  8
3
 10
-60205.502930
 20
-1169.961700
  0
POINT
  8
3
 10
-60206.923828
 20
-1159.851303
  0
POINT
  8
3
 10
-60208.330078
 20
-1149.624557
  0
POINT
  8
3
 10
-60209.677734
 20
-1139.768448
  0
POINT
  8
3
 10
-60210.073242
 20
-1136.826859
  0
POINT
  8
3
 10
-60204.062500
 20
-1128.055725
  0
POINT
  8
3
 10
-60198.916016
 20
-1126.271820
  0
POINT
  8
3
 10
-60189.687500
 20
-1123.030624
  0
POINT
  8
3
 10
-60181.738281
 20
-1120.154419
  0
POINT
  8
3
 10
-60173.774414
 20
-1117.182083
  0
POINT
  8
3
 10
-60165.834961
 20
-1114.130478
  0
POINT
  8
3
 10
-60157.929688
 20
-1111.000748
  0
POINT
  8
3
 10
-60150.014648
 20
-1107.779007
  0
POINT
  8
3
 10
-60140.908203
 20
-1103.972168
  0
POINT
  8
3
 10
-60131.655273
 20
-1100.024643
  0
POINT
  8
3
 10
-60121.601563
 20
-1095.637741
  0
POINT
  8
3
 10
-60120.161133
 20
-1094.975739
  0
POINT
  8
3
 10
-60099.804688
 20
-1090.456543
  0
POINT
  8
3
 10
-60098.144531
 20
-1090.449677
  0
POINT
  8
3
 10
-60094.819336
 20
-1089.842682
  0
POINT
  8
3
 10
-60086.801758
 20
-1088.310623
  0
POINT
  8
3
 10
-60079.277344
 20
-1086.793060
  0
POINT
  8
3
 10
-60072.910156
 20
-1085.432510
  0
POINT
  8
3
 10
-60065.922852
 20
-1083.846207
  0
POINT
  8
3
 10
-60058.515625
 20
-1082.074966
  0
POINT
  8
3
 10
-60050.415039
 20
-1080.049973
  0
POINT
  8
3
 10
-60042.988281
 20
-1078.107071
  0
POINT
  8
3
 10
-60036.225586
 20
-1074.995422
  0
POINT
  8
3
 10
-60026.694336
 20
-1072.911835
  0
POINT
  8
3
 10
-60019.331055
 20
-1072.891922
  0
POINT
  8
3
 10
-60012.021484
 20
-1072.866745
  0
POINT
  8
3
 10
-60003.886719
 20
-1072.781296
  0
POINT
  8
3
 10
-59995.810547
 20
-1072.613144
  0
POINT
  8
3
 10
-59987.656250
 20
-1072.360153
  0
POINT
  8
3
 10
-59979.287109
 20
-1072.017746
  0
POINT
  8
3
 10
-59970.629883
 20
-1071.579208
  0
POINT
  8
3
 10
-59961.645508
 20
-1071.039200
  0
POINT
  8
3
 10
-59951.718750
 20
-1070.359268
  0
POINT
  8
3
 10
-59941.708984
 20
-1069.603653
  0
POINT
  8
3
 10
-59931.826172
 20
-1068.797607
  0
POINT
  8
3
 10
-59920.747070
 20
-1076.943359
  0
POINT
  8
3
 10
-59918.525391
 20
-1086.691208
  0
POINT
  8
3
 10
-59916.250000
 20
-1096.701660
  0
POINT
  8
3
 10
-59913.989258
 20
-1106.681290
  0
POINT
  8
3
 10
-59911.718750
 20
-1116.699905
  0
POINT
  8
3
 10
-59909.497070
 20
-1126.523514
  0
POINT
  8
3
 10
-59907.285156
 20
-1136.349640
  0
POINT
  8
3
 10
-59905.083008
 20
-1146.165619
  0
POINT
  8
3
 10
-59902.885742
 20
-1155.999069
  0
POINT
  8
3
 10
-59900.698242
 20
-1165.837250
  0
POINT
  8
3
 10
-59898.530273
 20
-1175.666428
  0
POINT
  8
3
 10
-59896.367188
 20
-1185.512085
  0
POINT
  8
3
 10
-59894.223633
 20
-1195.360947
  0
POINT
  8
3
 10
-59892.050781
 20
-1205.410843
  0
POINT
  8
3
 10
-59889.936523
 20
-1215.269699
  0
POINT
  8
3
 10
-59887.836914
 20
-1225.134811
  0
POINT
  8
3
 10
-59885.766602
 20
-1234.984207
  0
POINT
  8
3
 10
-59883.710938
 20
-1244.860306
  0
POINT
  8
3
 10
-59881.679688
 20
-1254.741440
  0
POINT
  8
3
 10
-59879.638672
 20
-1264.790802
  0
POINT
  8
3
 10
-59877.675781
 20
-1274.501877
  0
POINT
  8
3
 10
-59875.849609
 20
-1283.672638
  0
POINT
  8
3
 10
-59874.726563
 20
-1288.919067
  0
POINT
  8
3
 10
-59873.549805
 20
-1294.032288
  0
POINT
  8
3
 10
-59872.397461
 20
-1298.687439
  0
POINT
  8
3
 10
-59871.264648
 20
-1302.964020
  0
POINT
  8
3
 10
-59870.170898
 20
-1306.792297
  0
POINT
  8
3
 10
-59869.111328
 20
-1310.215912
  0
POINT
  8
3
 10
-59868.051758
 20
-1313.402100
  0
POINT
  8
3
 10
-59866.962891
 20
-1316.438446
  0
POINT
  8
3
 10
-59865.834961
 20
-1319.348145
  0
POINT
  8
3
 10
-59864.697266
 20
-1322.075348
  0
POINT
  8
3
 10
-59863.559570
 20
-1324.620819
  0
POINT
  8
3
 10
-59862.412109
 20
-1327.004700
  0
POINT
  8
3
 10
-59861.240234
 20
-1329.270172
  0
POINT
  8
3
 10
-59860.053711
 20
-1331.408081
  0
POINT
  8
3
 10
-59858.867188
 20
-1333.394775
  0
POINT
  8
3
 10
-59857.675781
 20
-1335.247192
  0
POINT
  8
3
 10
-59856.450195
 20
-1337.014008
  0
POINT
  8
3
 10
-59855.273438
 20
-1338.594055
  0
POINT
  8
3
 10
-59854.086914
 20
-1340.078278
  0
POINT
  8
3
 10
-59852.885742
 20
-1341.467896
  0
POINT
  8
3
 10
-59851.684570
 20
-1342.756958
  0
POINT
  8
3
 10
-59850.468750
 20
-1343.957367
  0
POINT
  8
3
 10
-59849.291992
 20
-1345.033417
  0
POINT
  8
3
 10
-59848.076172
 20
-1346.057892
  0
POINT
  8
3
 10
-59846.865234
 20
-1346.993866
  0
POINT
  8
3
 10
-59845.488281
 20
-1347.968903
  0
POINT
  8
3
 10
-59844.052734
 20
-1348.902893
  0
POINT
  8
3
 10
-59842.495117
 20
-1349.830322
  0
POINT
  8
3
 10
-59840.874023
 20
-1350.717773
  0
POINT
  8
3
 10
-59839.106445
 20
-1351.602325
  0
POINT
  8
3
 10
-59837.211914
 20
-1352.471619
  0
POINT
  8
3
 10
-59835.156250
 20
-1353.332214
  0
POINT
  8
3
 10
-59832.885742
 20
-1354.200439
  0
POINT
  8
3
 10
-59830.429688
 20
-1355.055389
  0
POINT
  8
3
 10
-59827.773438
 20
-1355.899811
  0
POINT
  8
3
 10
-59824.804688
 20
-1356.758118
  0
POINT
  8
3
 10
-59821.455078
 20
-1357.641296
  0
POINT
  8
3
 10
-59817.543945
 20
-1358.584900
  0
POINT
  8
3
 10
-59812.460938
 20
-1359.718323
  0
POINT
  8
3
 10
-59806.713867
 20
-1360.917664
  0
POINT
  8
3
 10
-59800.844727
 20
-1362.060547
  0
POINT
  8
3
 10
-59794.853516
 20
-1363.145905
  0
POINT
  8
3
 10
-59788.637695
 20
-1364.189758
  0
POINT
  8
3
 10
-59782.299805
 20
-1365.172729
  0
POINT
  8
3
 10
-59772.871094
 20
-1366.535339
  0
POINT
  8
3
 10
-59765.747070
 20
-1379.353180
  0
POINT
  8
3
 10
-59769.628906
 20
-1389.446716
  0
POINT
  8
3
 10
-59773.256836
 20
-1399.036713
  0
POINT
  8
3
 10
-59776.625977
 20
-1408.143158
  0
POINT
  8
3
 10
-59779.716797
 20
-1416.744690
  0
POINT
  8
3
 10
-59782.963867
 20
-1426.021271
  0
POINT
  8
3
 10
-59786.254883
 20
-1435.654755
  0
POINT
  8
3
 10
-59789.423828
 20
-1445.164490
  0
POINT
  8
3
 10
-59792.568359
 20
-1454.841461
  0
POINT
  8
3
 10
-59795.634766
 20
-1464.537506
  0
POINT
  8
3
 10
-59798.486328
 20
-1473.820648
  0
POINT
  8
3
 10
-59801.196289
 20
-1482.909393
  0
POINT
  8
3
 10
-59803.823242
 20
-1492.018280
  0
POINT
  8
3
 10
-59806.289063
 20
-1500.860138
  0
POINT
  8
3
 10
-59808.574219
 20
-1509.352417
  0
POINT
  8
3
 10
-59810.693359
 20
-1517.532349
  0
POINT
  8
3
 10
-59812.729492
 20
-1525.726776
  0
POINT
  8
3
 10
-59814.614258
 20
-1533.630066
  0
POINT
  8
3
 10
-59816.406250
 20
-1541.530151
  0
POINT
  8
3
 10
-59818.125000
 20
-1549.450226
  0
POINT
  8
3
 10
-59819.833984
 20
-1557.720490
  0
POINT
  8
3
 10
-59821.459961
 20
-1566.009979
  0
POINT
  8
3
 10
-59823.002930
 20
-1574.291077
  0
POINT
  8
3
 10
-59824.531250
 20
-1582.948761
  0
POINT
  8
3
 10
-59825.976563
 20
-1591.623688
  0
POINT
  8
3
 10
-59827.402344
 20
-1600.649414
  0
POINT
  8
3
 10
-59828.745117
 20
-1609.713287
  0
POINT
  8
3
 10
-59830.058594
 20
-1619.105377
  0
POINT
  8
3
 10
-59831.333008
 20
-1628.848267
  0
POINT
  8
3
 10
-59832.558594
 20
-1638.826752
  0
POINT
  8
3
 10
-59833.710938
 20
-1648.934326
  0
POINT
  8
3
 10
-59834.790039
 20
-1659.054108
  0
POINT
  8
3
 10
-59835.791016
 20
-1669.185028
  0
POINT
  8
3
 10
-59836.704102
 20
-1679.101715
  0
POINT
  8
3
 10
-59837.573242
 20
-1689.255829
  0
POINT
  8
3
 10
-59838.383789
 20
-1699.421234
  0
POINT
  8
3
 10
-59839.145508
 20
-1709.658203
  0
POINT
  8
3
 10
-59839.848633
 20
-1719.829102
  0
POINT
  8
3
 10
-59840.483398
 20
-1729.998169
  0
POINT
  8
3
 10
-59841.054688
 20
-1740.050659
  0
POINT
  8
3
 10
-59841.181641
 20
-1742.467194
  0
POINT
  8
3
 10
-59841.850586
 20
-1753.069305
  0
POINT
  8
3
 10
-59842.465820
 20
-1763.256683
  0
POINT
  8
3
 10
-59843.041992
 20
-1773.394470
  0
POINT
  8
3
 10
-59843.574219
 20
-1783.409576
  0
POINT
  8
3
 10
-59844.067383
 20
-1793.433685
  0
POINT
  8
3
 10
-59844.531250
 20
-1803.465424
  0
POINT
  8
3
 10
-59844.975586
 20
-1813.794403
  0
POINT
  8
3
 10
-59845.385742
 20
-1823.834686
  0
POINT
  8
3
 10
-59845.776367
 20
-1833.876953
  0
POINT
  8
3
 10
-59846.142578
 20
-1843.927765
  0
POINT
  8
3
 10
-59846.484375
 20
-1853.974915
  0
POINT
  8
3
 10
-59846.811523
 20
-1864.025726
  0
POINT
  8
3
 10
-59847.128906
 20
-1874.085388
  0
POINT
  8
3
 10
-59847.426758
 20
-1884.140015
  0
POINT
  8
3
 10
-59847.714844
 20
-1894.194031
  0
POINT
  8
3
 10
-59847.988281
 20
-1904.247437
  0
POINT
  8
3
 10
-59848.251953
 20
-1914.524231
  0
POINT
  8
3
 10
-59848.491211
 20
-1924.578705
  0
POINT
  8
3
 10
-59848.720703
 20
-1934.634094
  0
POINT
  8
3
 10
-59848.930664
 20
-1944.702759
  0
POINT
  8
3
 10
-59849.130859
 20
-1954.759979
  0
POINT
  8
3
 10
-59849.321289
 20
-1964.818268
  0
POINT
  8
3
 10
-59849.497070
 20
-1974.892120
  0
POINT
  8
3
 10
-59849.663086
 20
-1984.951019
  0
POINT
  8
3
 10
-59849.814453
 20
-1995.009460
  0
POINT
  8
3
 10
-59849.956055
 20
-2005.083771
  0
POINT
  8
3
 10
-59850.083008
 20
-2015.142670
  0
POINT
  8
3
 10
-59850.195313
 20
-2025.202179
  0
POINT
  8
3
 10
-59850.302734
 20
-2035.279083
  0
POINT
  8
3
 10
-59850.395508
 20
-2045.340271
  0
POINT
  8
3
 10
-59850.478516
 20
-2055.402374
  0
POINT
  8
3
 10
-59850.551758
 20
-2065.465088
  0
POINT
  8
3
 10
-59850.615234
 20
-2075.496368
  0
POINT
  8
3
 10
-59850.673828
 20
-2085.560913
  0
POINT
  8
3
 10
-59850.722656
 20
-2095.626221
  0
POINT
  8
3
 10
-59850.766602
 20
-2105.935669
  0
POINT
  8
3
 10
-59850.805664
 20
-2116.000366
  0
POINT
  8
3
 10
-59850.834961
 20
-2126.063995
  0
POINT
  8
3
 10
-59850.854492
 20
-2136.241760
  0
POINT
  8
3
 10
-59850.864258
 20
-2146.353455
  0
POINT
  8
3
 10
-59850.874023
 20
-2156.424561
  0
POINT
  8
3
 10
-59850.869141
 20
-2166.486359
  0
POINT
  8
3
 10
-59850.869141
 20
-2171.058502
  0
POINT
  8
3
 10
-59850.869141
 20
-2175.630646
  0
POINT
  8
3
 10
-59850.874023
 20
-2185.692444
  0
POINT
  8
3
 10
-59850.864258
 20
-2195.763550
  0
POINT
  8
3
 10
-59850.854492
 20
-2205.875244
  0
POINT
  8
3
 10
-59871.210938
 20
-2206.058502
  0
POINT
  8
3
 10
-59881.455078
 20
-2206.058502
  0
POINT
  8
3
 10
-59891.499023
 20
-2206.058502
  0
POINT
  8
3
 10
-59901.796875
 20
-2206.058502
  0
POINT
  8
3
 10
-59911.972656
 20
-2206.058502
  0
POINT
  8
3
 10
-59922.143555
 20
-2206.058502
  0
POINT
  8
3
 10
-59932.319336
 20
-2206.058502
  0
POINT
  8
3
 10
-59942.504883
 20
-2206.058502
  0
POINT
  8
3
 10
-59952.675781
 20
-2206.058502
  0
POINT
  8
3
 10
-59962.846680
 20
-2206.058502
  0
POINT
  8
3
 10
-59973.081055
 20
-2206.058502
  0
POINT
  8
3
 10
-59983.256836
 20
-2206.058502
  0
POINT
  8
3
 10
-59993.427734
 20
-2206.058502
  0
POINT
  8
3
 10
-60003.603516
 20
-2206.058502
  0
POINT
  8
3
 10
-60013.759766
 20
-2206.058502
  0
POINT
  8
3
 10
-60023.935547
 20
-2206.058502
  0
POINT
  8
3
 10
-60034.106445
 20
-2206.058502
  0
POINT
  8
3
 10
-60044.282227
 20
-2206.058502
  0
POINT
  8
3
 10
-60054.550781
 20
-2206.058502
  0
POINT
  8
3
 10
-60064.721680
 20
-2206.058502
  0
POINT
  8
3
 10
-60074.892578
 20
-2206.058502
  0
POINT
  8
3
 10
-60084.916992
 20
-2206.058502
  0
POINT
  8
3
 10
-60094.829102
 20
-2206.058502
  0
POINT
  8
4
 10
-60107.592773
 20
-2171.058502
 30
1.000000
 50
  0.00
  0
TEXT
  8
4
 10
-60107.592773
 20
-2171.058502
 40
0.000000
 50
0.000000
  1
# 153
  0
POINT
  8
4
 10
-60120.952148
 20
-1742.830353
 30
1.000000
 50
  5.13
  0
TEXT
  8
4
 10
-60120.952148
 20
-1742.830353
 40
0.000000
 50
0.000000
  1
# 154
  0
POINT
  8
4
 10
-60182.783203
 20
-1317.050934
 30
1.000000
 50
  9.17
  0
TEXT
  8
4
 10
-60182.783203
 20
-1317.050934
 40
0.000000
 50
0.000000
  1
# 155
  0
POINT
  8
4
 10
-60121.601563
 20
-1095.637741
 30
1.000000
 50
289.69
  0
TEXT
  8
4
 10
-60121.601563
 20
-1095.637741
 40
0.000000
 50
0.000000
  1
# 156
  0
POINT
  8
4
 10
-60098.144531
 20
-1090.449677
 30
1.000000
 50
275.26
  0
TEXT
  8
4
 10
-60098.144531
 20
-1090.449677
 40
0.000000
 50
0.000000
  1
# 157
  0
POINT
  8
4
 10
-60042.988281
 20
-1078.107071
 30
1.000000
 50
289.69
  0
TEXT
  8
4
 10
-60042.988281
 20
-1078.107071
 40
0.000000
 50
0.000000
  1
# 158
  0
POINT
  8
4
 10
-60019.331055
 20
-1072.891922
 30
1.000000
 50
275.16
  0
TEXT
  8
4
 10
-60019.331055
 20
-1072.891922
 40
0.000000
 50
0.000000
  1
# 159
  0
POINT
  8
4
 10
-59841.181641
 20
-1742.467194
 30
1.000000
 50
176.95
  0
TEXT
  8
4
 10
-59841.181641
 20
-1742.467194
 40
0.000000
 50
0.000000
  1
# 160
  0
POINT
  8
4
 10
-59850.869141
 20
-2171.058502
 30
1.000000
 50
180.00
  0
TEXT
  8
4
 10
-59850.869141
 20
-2171.058502
 40
0.000000
 50
0.000000
  1
# 161
  0
POLYLINE
  8
14
  66
1
  70
1
  0
VERTEX
  8
14
  10
-60097.592773
  20
-2171.058502
  0
VERTEX
  8
14
  10
-60097.592773
  20
-2171.058502
  0
VERTEX
  8
14
  10
-60097.571347
  20
-2160.553126
  0
VERTEX
  8
14
  10
-60097.558961
  20
-2150.342423
  0
VERTEX
  8
14
  10
-60097.555803
  20
-2140.164795
  0
VERTEX
  8
14
  10
-60097.564677
  20
-2129.907639
  0
VERTEX
  8
14
  10
-60097.585683
  20
-2119.837833
  0
VERTEX
  8
14
  10
-60097.617914
  20
-2109.768047
  0
VERTEX
  8
14
  10
-60097.661023
  20
-2099.576929
  0
VERTEX
  8
14
  10
-60097.713736
  20
-2089.507215
  0
VERTEX
  8
14
  10
-60097.776795
  20
-2079.437569
  0
VERTEX
  8
14
  10
-60097.852892
  20
-2069.065500
  0
VERTEX
  8
14
  10
-60097.938064
  20
-2058.996013
  0
VERTEX
  8
14
  10
-60098.035045
  20
-2048.926650
  0
VERTEX
  8
14
  10
-60098.147966
  20
-2038.558936
  0
VERTEX
  8
14
  10
-60098.271003
  20
-2028.489875
  0
VERTEX
  8
14
  10
-60098.407825
  20
-2018.420977
  0
VERTEX
  8
14
  10
-60098.559034
  20
-2008.352274
  0
VERTEX
  8
14
  10
-60098.727558
  20
-1998.151619
  0
VERTEX
  8
14
  10
-60098.909863
  20
-1988.083387
  0
VERTEX
  8
14
  10
-60099.108904
  20
-1978.015457
  0
VERTEX
  8
14
  10
-60099.329527
  20
-1967.771371
  0
VERTEX
  8
14
  10
-60099.565124
  20
-1957.704288
  0
VERTEX
  8
14
  10
-60099.820379
  20
-1947.637679
  0
VERTEX
  8
14
  10
-60100.102227
  20
-1937.363569
  0
VERTEX
  8
14
  10
-60100.399874
  20
-1927.298116
  0
VERTEX
  8
14
  10
-60100.719092
  20
-1917.233333
  0
VERTEX
  8
14
  10
-60101.065986
  20
-1907.003265
  0
VERTEX
  8
14
  10
-60101.430436
  20
-1896.940000
  0
VERTEX
  8
14
  10
-60101.820200
  20
-1886.877690
  0
VERTEX
  8
14
  10
-60102.244787
  20
-1876.651142
  0
VERTEX
  8
14
  10
-60102.692305
  20
-1866.591225
  0
VERTEX
  8
14
  10
-60103.169668
  20
-1856.532670
  0
VERTEX
  8
14
  10
-60103.676909
  20
-1846.475612
  0
VERTEX
  8
14
  10
-60104.222986
  20
-1836.256518
  0
VERTEX
  8
14
  10
-60104.790027
  20
-1826.202733
  0
VERTEX
  8
14
  10
-60105.386052
  20
-1816.150515
  0
VERTEX
  8
14
  10
-60106.021341
  20
-1805.938826
  0
VERTEX
  8
14
  10
-60106.681259
  20
-1795.890508
  0
VERTEX
  8
14
  10
-60107.384139
  20
-1785.845185
  0
VERTEX
  8
14
  10
-60108.153564
  20
-1775.603672
  0
VERTEX
  8
14
  10
-60108.957150
  20
-1765.553635
  0
VERTEX
  8
14
  10
-60109.789164
  20
-1755.618356
  0
VERTEX
  8
14
  10
-60110.652085
  20
-1745.711923
  0
VERTEX
  8
14
  10
-60110.991211
  20
-1741.936035
  0
VERTEX
  8
14
  10
-60110.991211
  20
-1741.934967
  0
VERTEX
  8
14
  10
-60111.818189
  20
-1731.583008
  0
VERTEX
  8
14
  10
-60112.658786
  20
-1721.435652
  0
VERTEX
  8
14
  10
-60113.530654
  20
-1711.322751
  0
VERTEX
  8
14
  10
-60114.461614
  20
-1701.050837
  0
VERTEX
  8
14
  10
-60115.439126
  20
-1690.783180
  0
VERTEX
  8
14
  10
-60116.433076
  20
-1680.798554
  0
VERTEX
  8
14
  10
-60117.497243
  20
-1670.539575
  0
VERTEX
  8
14
  10
-60118.602802
  20
-1660.284988
  0
VERTEX
  8
14
  10
-60119.726034
  20
-1650.228906
  0
VERTEX
  8
14
  10
-60120.909337
  20
-1639.982933
  0
VERTEX
  8
14
  10
-60122.132523
  20
-1629.741638
  0
VERTEX
  8
14
  10
-60123.369580
  20
-1619.725010
  0
VERTEX
  8
14
  10
-60124.675514
  20
-1609.493918
  0
VERTEX
  8
14
  10
-60126.021990
  20
-1599.268076
  0
VERTEX
  8
14
  10
-60127.377336
  20
-1589.262742
  0
VERTEX
  8
14
  10
-60128.798671
  20
-1579.047046
  0
VERTEX
  8
14
  10
-60130.258149
  20
-1568.836779
  0
VERTEX
  8
14
  10
-60131.724910
  20
-1558.848390
  0
VERTEX
  8
14
  10
-60133.262483
  20
-1548.649590
  0
VERTEX
  8
14
  10
-60134.836451
  20
-1538.456303
  0
VERTEX
  8
14
  10
-60136.405542
  20
-1528.504921
  0
VERTEX
  8
14
  10
-60138.041323
  20
-1518.321343
  0
VERTEX
  8
14
  10
-60139.704463
  20
-1508.142216
  0
VERTEX
  8
14
  10
-60141.356138
  20
-1498.186199
  0
VERTEX
  8
14
  10
-60143.065838
  20
-1488.014896
  0
VERTEX
  8
14
  10
-60144.792307
  20
-1477.846407
  0
VERTEX
  8
14
  10
-60146.518500
  20
-1467.747584
  0
VERTEX
  8
14
  10
-60148.263663
  20
-1457.582201
  0
VERTEX
  8
14
  10
-60150.015092
  20
-1447.417886
  0
VERTEX
  8
14
  10
-60151.733468
  20
-1437.476648
  0
VERTEX
  8
14
  10
-60153.492064
  20
-1427.313577
  0
VERTEX
  8
14
  10
-60155.244306
  20
-1417.149525
  0
VERTEX
  8
14
  10
-60156.941713
  20
-1407.218013
  0
VERTEX
  8
14
  10
-60158.629501
  20
-1397.244791
  0
VERTEX
  8
14
  10
-60160.092773
  20
-1389.420776
  0
VERTEX
  8
14
  10
-60161.975467
  20
-1379.097191
  0
VERTEX
  8
14
  10
-60163.769962
  20
-1369.133889
  0
VERTEX
  8
14
  10
-60165.524744
  20
-1359.252795
  0
VERTEX
  8
14
  10
-60167.279286
  20
-1349.186446
  0
VERTEX
  8
14
  10
-60169.000379
  20
-1339.114661
  0
VERTEX
  8
14
  10
-60170.689674
  20
-1329.037425
  0
VERTEX
  8
14
  10
-60172.326097
  20
-1319.091252
  0
VERTEX
  8
14
  10
-60172.919922
  20
-1315.459290
  0
VERTEX
  8
14
  10
-60173.953632
  20
-1309.003820
  0
VERTEX
  8
14
  10
-60175.548310
  20
-1298.911198
  0
VERTEX
  8
14
  10
-60177.099736
  20
-1288.893411
  0
VERTEX
  8
14
  10
-60178.388672
  20
-1280.455627
  0
VERTEX
  8
14
  10
-60180.083540
  20
-1270.178220
  0
VERTEX
  8
14
  10
-60181.729356
  20
-1260.084308
  0
VERTEX
  8
14
  10
-60183.343216
  20
-1250.057403
  0
VERTEX
  8
14
  10
-60184.953288
  20
-1239.883309
  0
VERTEX
  8
14
  10
-60186.543821
  20
-1229.665109
  0
VERTEX
  8
14
  10
-60188.112337
  20
-1219.443446
  0
VERTEX
  8
14
  10
-60189.631802
  20
-1209.418086
  0
VERTEX
  8
14
  10
-60191.161685
  20
-1199.190555
  0
VERTEX
  8
14
  10
-60192.669638
  20
-1188.959831
  0
VERTEX
  8
14
  10
-60194.143356
  20
-1178.799217
  0
VERTEX
  8
14
  10
-60195.603454
  20
-1168.561681
  0
VERTEX
  8
14
  10
-60197.017305
  20
-1158.475119
  0
VERTEX
  8
14
  10
-60198.424908
  20
-1148.267287
  0
VERTEX
  8
14
  10
-60199.765897
  20
-1138.425895
  0
VERTEX
  8
14
  10
-60199.931641
  20
-1137.201080
  0
VERTEX
  8
14
  10
-60195.637537
  20
-1135.719115
  0
VERTEX
  8
14
  10
-60186.332974
  20
-1132.450833
  0
VERTEX
  8
14
  10
-60178.290025
  20
-1129.540732
  0
VERTEX
  8
14
  10
-60170.231227
  20
-1126.533555
  0
VERTEX
  8
14
  10
-60162.202459
  20
-1123.446528
  0
VERTEX
  8
14
  10
-60154.204508
  20
-1120.280826
  0
VERTEX
  8
14
  10
-60146.202401
  20
-1117.023254
  0
VERTEX
  8
14
  10
-60137.013992
  20
-1113.183009
  0
VERTEX
  8
14
  10
-60127.702849
  20
-1109.209711
  0
VERTEX
  8
14
  10
-60118.217773
  20
-1105.089569
  0
VERTEX
  8
14
  10
-60118.217773
  20
-1105.089569
  0
VERTEX
  8
14
  10
-60115.967542
  20
-1104.053028
  0
VERTEX
  8
14
  10
-60108.242188
  20
-1100.430374
  0
VERTEX
  8
14
  10
-60099.781428
  20
-1100.456552
  0
VERTEX
  8
14
  10
-60097.226563
  20
-1100.447006
  0
VERTEX
  8
14
  10
-60097.226563
  20
-1100.447006
  0
VERTEX
  8
14
  10
-60092.993813
  20
-1099.674413
  0
VERTEX
  8
14
  10
-60084.874286
  20
-1098.123445
  0
VERTEX
  8
14
  10
-60077.243434
  20
-1096.584205
  0
VERTEX
  8
14
  10
-60070.759440
  20
-1095.198226
  0
VERTEX
  8
14
  10
-60063.653286
  20
-1093.584732
  0
VERTEX
  8
14
  10
-60056.140006
  20
-1091.788846
  0
VERTEX
  8
14
  10
-60047.940212
  20
-1089.738965
  0
VERTEX
  8
14
  10
-60039.604492
  20
-1087.558746
  0
VERTEX
  8
14
  10
-60039.604492
  20
-1087.558746
  0
VERTEX
  8
14
  10
-60031.994380
  20
-1084.056004
  0
VERTEX
  8
14
  10
-60029.536133
  20
-1082.898865
  0
VERTEX
  8
14
  10
-60026.725116
  20
-1082.911755
  0
VERTEX
  8
14
  10
-60018.427734
  20
-1082.889557
  0
VERTEX
  8
14
  10
-60018.427734
  20
-1082.889557
  0
VERTEX
  8
14
  10
-60011.957785
  20
-1082.866580
  0
VERTEX
  8
14
  10
-60003.732323
  20
-1082.780110
  0
VERTEX
  8
14
  10
-59995.552595
  20
-1082.609740
  0
VERTEX
  8
14
  10
-59987.299026
  20
-1082.353658
  0
VERTEX
  8
14
  10
-59978.831404
  20
-1082.007271
  0
VERTEX
  8
14
  10
-59970.075577
  20
-1081.563880
  0
VERTEX
  8
14
  10
-59961.004635
  20
-1081.018452
  0
VERTEX
  8
14
  10
-59950.996840
  20
-1080.333300
  0
VERTEX
  8
14
  10
-59940.922068
  20
-1079.572797
  0
VERTEX
  8
14
  10
-59930.595703
  20
-1078.722992
  0
VERTEX
  8
14
  10
-59928.278032
  20
-1088.908584
  0
VERTEX
  8
14
  10
-59926.003743
  20
-1098.916310
  0
VERTEX
  8
14
  10
-59923.739921
  20
-1108.892414
  0
VERTEX
  8
14
  10
-59921.472039
  20
-1118.906226
  0
VERTEX
  8
14
  10
-59919.254053
  20
-1128.724186
  0
VERTEX
  8
14
  10
-59917.042286
  20
-1138.543591
  0
VERTEX
  8
14
  10
-59914.840892
  20
-1148.351371
  0
VERTEX
  8
14
  10
-59912.645787
  20
-1158.174599
  0
VERTEX
  8
14
  10
-59910.462079
  20
-1168.000374
  0
VERTEX
  8
14
  10
-59908.294526
  20
-1177.815916
  0
VERTEX
  8
14
  10
-59906.137964
  20
-1187.647605
  0
VERTEX
  8
14
  10
-59903.995572
  20
-1197.482314
  0
VERTEX
  8
14
  10
-59901.825506
  20
-1207.516629
  0
VERTEX
  8
14
  10
-59899.714570
  20
-1217.357997
  0
VERTEX
  8
14
  10
-59897.622380
  20
-1227.203362
  0
VERTEX
  8
14
  10
-59895.555516
  20
-1237.031530
  0
VERTEX
  8
14
  10
-59893.505741
  20
-1246.885891
  0
VERTEX
  8
14
  10
-59891.478026
  20
-1256.744874
  0
VERTEX
  8
14
  10
-59889.437975
  20
-1266.775002
  0
VERTEX
  8
14
  10
-59887.481873
  20
-1276.472475
  0
VERTEX
  8
14
  10
-59886.684570
  20
-1280.444031
  0
VERTEX
  8
14
  10
-59885.644047
  20
-1285.697685
  0
VERTEX
  8
14
  10
-59884.487289
  20
-1291.089231
  0
VERTEX
  8
14
  10
-59883.275235
  20
-1296.352863
  0
VERTEX
  8
14
  10
-59882.086303
  20
-1301.166653
  0
VERTEX
  8
14
  10
-59880.904654
  20
-1305.619893
  0
VERTEX
  8
14
  10
-59879.754271
  20
-1309.641677
  0
VERTEX
  8
14
  10
-59878.635332
  20
-1313.267764
  0
VERTEX
  8
14
  10
-59877.503849
  20
-1316.668209
  0
VERTEX
  8
14
  10
-59876.332458
  20
-1319.931660
  0
VERTEX
  8
14
  10
-59875.114936
  20
-1323.076953
  0
VERTEX
  8
14
  10
-59873.878864
  20
-1326.042895
  0
VERTEX
  8
14
  10
-59872.629156
  20
-1328.832544
  0
VERTEX
  8
14
  10
-59871.362218
  20
-1331.466014
  0
VERTEX
  8
14
  10
-59870.055795
  20
-1333.993968
  0
VERTEX
  8
14
  10
-59868.715409
  20
-1336.404938
  0
VERTEX
  8
14
  10
-59867.362540
  20
-1338.666576
  0
VERTEX
  8
14
  10
-59865.994237
  20
-1340.794361
  0
VERTEX
  8
14
  10
-59864.574845
  20
-1342.846420
  0
VERTEX
  8
14
  10
-59863.190541
  20
-1344.705971
  0
VERTEX
  8
14
  10
-59861.773395
  20
-1346.474342
  0
VERTEX
  8
14
  10
-59860.326106
  20
-1348.149138
  0
VERTEX
  8
14
  10
-59858.858898
  20
-1349.721356
  0
VERTEX
  8
14
  10
-59857.360333
  20
-1351.205102
  0
VERTEX
  8
14
  10
-59855.884299
  20
-1352.553024
  0
VERTEX
  8
14
  10
-59854.351043
  20
-1353.842394
  0
VERTEX
  8
14
  10
-59852.825976
  20
-1355.022759
  0
VERTEX
  8
14
  10
-59851.106477
  20
-1356.243165
  0
VERTEX
  8
14
  10
-59849.338754
  20
-1357.392080
  0
VERTEX
  8
14
  10
-59847.453790
  20
-1358.515610
  0
VERTEX
  8
14
  10
-59845.512687
  20
-1359.576729
  0
VERTEX
  8
14
  10
-59843.429628
  20
-1360.620211
  0
VERTEX
  8
14
  10
-59841.225766
  20
-1361.630281
  0
VERTEX
  8
14
  10
-59838.875181
  20
-1362.615191
  0
VERTEX
  8
14
  10
-59836.314580
  20
-1363.594192
  0
VERTEX
  8
14
  10
-59833.588354
  20
-1364.544039
  0
VERTEX
  8
14
  10
-59830.674458
  20
-1365.469431
  0
VERTEX
  8
14
  10
-59827.468674
  20
-1366.396981
  0
VERTEX
  8
14
  10
-59823.902095
  20
-1367.337647
  0
VERTEX
  8
14
  10
-59819.803843
  20
-1368.326741
  0
VERTEX
  8
14
  10
-59814.571772
  20
-1369.493353
  0
VERTEX
  8
14
  10
-59808.690211
  20
-1370.720428
  0
VERTEX
  8
14
  10
-59802.689560
  20
-1371.888591
  0
VERTEX
  8
14
  10
-59796.570574
  20
-1372.997001
  0
VERTEX
  8
14
  10
-59790.230098
  20
-1374.061911
  0
VERTEX
  8
14
  10
-59783.772869
  20
-1375.063693
  0
VERTEX
  8
14
  10
-59775.268555
  20
-1376.278229
  0
VERTEX
  8
14
  10
-59778.971925
  20
-1385.877933
  0
VERTEX
  8
14
  10
-59782.623881
  20
-1395.530792
  0
VERTEX
  8
14
  10
-59786.020653
  20
-1404.718151
  0
VERTEX
  8
14
  10
-59789.142755
  20
-1413.401171
  0
VERTEX
  8
14
  10
-59792.417105
  20
-1422.755841
  0
VERTEX
  8
14
  10
-59795.728291
  20
-1432.459638
  0
VERTEX
  8
14
  10
-59798.920415
  20
-1442.035895
  0
VERTEX
  8
14
  10
-59802.091022
  20
-1451.786086
  0
VERTEX
  8
14
  10
-59805.183529
  20
-1461.561098
  0
VERTEX
  8
14
  10
-59808.059951
  20
-1470.924676
  0
VERTEX
  8
14
  10
-59810.792171
  20
-1480.095405
  0
VERTEX
  8
14
  10
-59813.444270
  20
-1489.289765
  0
VERTEX
  8
14
  10
-59815.933557
  20
-1498.218302
  0
VERTEX
  8
14
  10
-59818.242184
  20
-1506.799314
  0
VERTEX
  8
14
  10
-59820.384999
  20
-1515.070582
  0
VERTEX
  8
14
  10
-59822.447264
  20
-1523.362176
  0
VERTEX
  8
14
  10
-59824.351941
  20
-1531.364366
  0
VERTEX
  8
14
  10
-59826.169868
  20
-1539.362893
  0
VERTEX
  8
14
  10
-59827.907961
  20
-1547.379297
  0
VERTEX
  8
14
  10
-59829.635565
  20
-1555.747380
  0
VERTEX
  8
14
  10
-59831.280624
  20
-1564.132135
  0
VERTEX
  8
14
  10
-59832.840473
  20
-1572.505806
  0
VERTEX
  8
14
  10
-59834.385274
  20
-1581.256663
  0
VERTEX
  8
14
  10
-59835.848747
  20
-1590.021456
  0
VERTEX
  8
14
  10
-59837.285648
  20
-1599.136758
  0
VERTEX
  8
14
  10
-59838.644712
  20
-1608.286971
  0
VERTEX
  8
14
  10
-59839.968520
  20
-1617.764268
  0
VERTEX
  8
14
  10
-59841.255657
  20
-1627.591321
  0
VERTEX
  8
14
  10
-59842.487988
  20
-1637.651236
  0
VERTEX
  8
14
  10
-59843.652556
  20
-1647.837601
  0
VERTEX
  8
14
  10
-59844.738148
  20
-1658.032680
  0
VERTEX
  8
14
  10
-59845.748252
  20
-1668.235480
  0
VERTEX
  8
14
  10
-59846.666680
  20
-1678.217826
  0
VERTEX
  8
14
  10
-59847.540997
  20
-1688.433030
  0
VERTEX
  8
14
  10
-59848.355937
  20
-1698.653296
  0
VERTEX
  8
14
  10
-59849.121549
  20
-1708.942919
  0
VERTEX
  8
14
  10
-59849.825832
  20
-1719.171458
  0
VERTEX
  8
14
  10
-59850.468009
  20
-1729.403933
  0
VERTEX
  8
14
  10
-59851.037977
  20
-1739.513519
  0
VERTEX
  8
14
  10
-59851.166992
  20
-1741.935272
  0
VERTEX
  8
14
  10
-59851.166992
  20
-1741.935272
  0
VERTEX
  8
14
  10
-59851.830675
  20
-1752.454234
  0
VERTEX
  8
14
  10
-59852.446213
  20
-1762.669507
  0
VERTEX
  8
14
  10
-59853.027603
  20
-1772.842286
  0
VERTEX
  8
14
  10
-59853.562418
  20
-1782.899019
  0
VERTEX
  8
14
  10
-59854.058160
  20
-1792.958837
  0
VERTEX
  8
14
  10
-59854.520910
  20
-1803.020297
  0
VERTEX
  8
14
  10
-59854.968901
  20
-1813.374437
  0
VERTEX
  8
14
  10
-59855.380050
  20
-1823.438070
  0
VERTEX
  8
14
  10
-59855.768246
  20
-1833.502590
  0
VERTEX
  8
14
  10
-59856.134620
  20
-1843.574801
  0
VERTEX
  8
14
  10
-59856.480409
  20
-1853.640831
  0
VERTEX
  8
14
  10
-59856.808685
  20
-1863.707460
  0
VERTEX
  8
14
  10
-59857.122504
  20
-1873.780365
  0
VERTEX
  8
14
  10
-59857.423319
  20
-1883.847890
  0
VERTEX
  8
14
  10
-59857.710636
  20
-1893.915810
  0
VERTEX
  8
14
  10
-59857.983427
  20
-1903.984122
  0
VERTEX
  8
14
  10
-59858.246456
  20
-1914.276519
  0
VERTEX
  8
14
  10
-59858.488585
  20
-1924.345584
  0
VERTEX
  8
14
  10
-59858.716268
  20
-1934.414984
  0
VERTEX
  8
14
  10
-59858.930341
  20
-1944.497086
  0
VERTEX
  8
14
  10
-59859.130988
  20
-1954.567071
  0
VERTEX
  8
14
  10
-59859.319246
  20
-1964.637299
  0
VERTEX
  8
14
  10
-59859.496097
  20
-1974.722538
  0
VERTEX
  8
14
  10
-59859.661062
  20
-1984.793175
  0
VERTEX
  8
14
  10
-59859.813851
  20
-1994.864007
  0
VERTEX
  8
14
  10
-59859.954111
  20
-2004.951263
  0
VERTEX
  8
14
  10
-59860.081306
  20
-2015.022468
  0
VERTEX
  8
14
  10
-59860.196338
  20
-2025.093820
  0
VERTEX
  8
14
  10
-59860.300098
  20
-2035.181610
  0
VERTEX
  8
14
  10
-59860.392973
  20
-2045.253159
  0
VERTEX
  8
14
  10
-59860.475849
  20
-2055.324804
  0
VERTEX
  8
14
  10
-59860.549428
  20
-2065.396463
  0
VERTEX
  8
14
  10
-59860.614231
  20
-2075.435840
  0
VERTEX
  8
14
  10
-59860.671464
  20
-2085.507658
  0
VERTEX
  8
14
  10
-59860.721723
  20
-2095.579518
  0
VERTEX
  8
14
  10
-59860.766710
  20
-2105.895318
  0
VERTEX
  8
14
  10
-59860.803863
  20
-2115.967233
  0
VERTEX
  8
14
  10
-59860.833204
  20
-2126.039170
  0
VERTEX
  8
14
  10
-59860.853861
  20
-2136.225895
  0
VERTEX
  8
14
  10
-59860.866046
  20
-2146.344861
  0
VERTEX
  8
14
  10
-59860.871621
  20
-2156.421882
  0
VERTEX
  8
14
  10
-59860.871399
  20
-2166.489574
  0
VERTEX
  8
14
  10
-59860.869141
  20
-2171.058502
  0
VERTEX
  8
14
  10
-59860.869141
  20
-2171.058502
  0
VERTEX
  8
14
  10
-59871.209793
  20
-2171.058502
  0
VERTEX
  8
14
  10
-59881.457136
  20
-2171.058502
  0
VERTEX
  8
14
  10
-59891.499667
  20
-2171.058502
  0
VERTEX
  8
14
  10
-59901.798280
  20
-2171.058502
  0
VERTEX
  8
14
  10
-59911.971249
  20
-2171.058502
  0
VERTEX
  8
14
  10
-59922.144129
  20
-2171.058502
  0
VERTEX
  8
14
  10
-59932.316924
  20
-2171.058502
  0
VERTEX
  8
14
  10
-59942.503412
  20
-2171.058502
  0
VERTEX
  8
14
  10
-59952.676173
  20
-2171.058502
  0
VERTEX
  8
14
  10
-59962.849071
  20
-2171.058502
  0
VERTEX
  8
14
  10
-59973.082209
  20
-2171.058502
  0
VERTEX
  8
14
  10
-59983.255666
  20
-2171.058502
  0
VERTEX
  8
14
  10
-59993.429312
  20
-2171.058502
  0
VERTEX
  8
14
  10
-60003.602961
  20
-2171.058502
  0
VERTEX
  8
14
  10
-60013.761941
  20
-2171.058502
  0
VERTEX
  8
14
  10
-60023.935230
  20
-2171.058502
  0
VERTEX
  8
14
  10
-60034.108213
  20
-2171.058502
  0
VERTEX
  8
14
  10
-60044.280893
  20
-2171.058502
  0
VERTEX
  8
14
  10
-60054.548675
  20
-2171.058502
  0
VERTEX
  8
14
  10
-60064.720921
  20
-2171.058502
  0
VERTEX
  8
14
  10
-60074.893413
  20
-2171.058502
  0
VERTEX
  8
14
  10
-60084.916178
  20
-2171.058502
  0
VERTEX
  8
14
  10
-60094.827025
  20
-2171.058502
  0
SEQEND
  8
14
  0
POINT
  8
2
 10
-60097.592773
 20
-2171.058502
  0
TEXT
  8
2
 10
-60097.592773
 20
-2171.058502
 40
0.000000
 50
0.000000
  1
# 162
  0
POINT
  8
2
 10
-60110.991211
 20
-1741.934967
  0
TEXT
  8
2
 10
-60110.991211
 20
-1741.934967
 40
0.000000
 50
0.000000
  1
# 163
  0
POINT
  8
2
 10
-60160.092773
 20
-1389.420776
  0
TEXT
  8
2
 10
-60160.092773
 20
-1389.420776
 40
0.000000
 50
0.000000
  1
# 164
  0
POINT
  8
2
 10
-60178.388672
 20
-1280.455627
  0
TEXT
  8
2
 10
-60178.388672
 20
-1280.455627
 40
0.000000
 50
0.000000
  1
# 165
  0
POINT
  8
2
 10
-60199.931641
 20
-1137.201080
  0
TEXT
  8
2
 10
-60199.931641
 20
-1137.201080
 40
0.000000
 50
0.000000
  1
# 166
  0
POINT
  8
2
 10
-60118.217773
 20
-1105.089569
  0
TEXT
  8
2
 10
-60118.217773
 20
-1105.089569
 40
0.000000
 50
0.000000
  1
# 167
  0
POINT
  8
2
 10
-60108.242188
 20
-1100.430374
  0
TEXT
  8
2
 10
-60108.242188
 20
-1100.430374
 40
0.000000
 50
0.000000
  1
# 168
  0
POINT
  8
2
 10
-60097.226563
 20
-1100.447006
  0
TEXT
  8
2
 10
-60097.226563
 20
-1100.447006
 40
0.000000
 50
0.000000
  1
# 169
  0
POINT
  8
2
 10
-60039.604492
 20
-1087.558746
  0
TEXT
  8
2
 10
-60039.604492
 20
-1087.558746
 40
0.000000
 50
0.000000
  1
# 170
  0
POINT
  8
2
 10
-60029.536133
 20
-1082.898865
  0
TEXT
  8
2
 10
-60029.536133
 20
-1082.898865
 40
0.000000
 50
0.000000
  1
# 171
  0
POINT
  8
2
 10
-60018.427734
 20
-1082.889557
  0
TEXT
  8
2
 10
-60018.427734
 20
-1082.889557
 40
0.000000
 50
0.000000
  1
# 172
  0
POINT
  8
2
 10
-59930.595703
 20
-1078.722992
  0
TEXT
  8
2
 10
-59930.595703
 20
-1078.722992
 40
0.000000
 50
0.000000
  1
# 173
  0
POINT
  8
2
 10
-59886.684570
 20
-1280.444031
  0
TEXT
  8
2
 10
-59886.684570
 20
-1280.444031
 40
0.000000
 50
0.000000
  1
# 174
  0
POINT
  8
2
 10
-59775.268555
 20
-1376.278229
  0
TEXT
  8
2
 10
-59775.268555
 20
-1376.278229
 40
0.000000
 50
0.000000
  1
# 175
  0
POINT
  8
2
 10
-59851.166992
 20
-1741.935272
  0
TEXT
  8
2
 10
-59851.166992
 20
-1741.935272
 40
0.000000
 50
0.000000
  1
# 176
  0
POINT
  8
2
 10
-59860.869141
 20
-2171.058502
  0
TEXT
  8
2
 10
-59860.869141
 20
-2171.058502
 40
0.000000
 50
0.000000
  1
# 177
  0
POINT
  8
3
 10
-60097.592773
 20
-2171.058502
  0
POINT
  8
3
 10
-60097.571347
 20
-2160.553126
  0
POINT
  8
3
 10
-60097.558961
 20
-2150.342423
  0
POINT
  8
3
 10
-60097.555803
 20
-2140.164795
  0
POINT
  8
3
 10
-60097.564677
 20
-2129.907639
  0
POINT
  8
3
 10
-60097.585683
 20
-2119.837833
  0
POINT
  8
3
 10
-60097.617914
 20
-2109.768047
  0
POINT
  8
3
 10
-60097.661023
 20
-2099.576929
  0
POINT
  8
3
 10
-60097.713736
 20
-2089.507215
  0
POINT
  8
3
 10
-60097.776795
 20
-2079.437569
  0
POINT
  8
3
 10
-60097.852892
 20
-2069.065500
  0
POINT
  8
3
 10
-60097.938064
 20
-2058.996013
  0
POINT
  8
3
 10
-60098.035045
 20
-2048.926650
  0
POINT
  8
3
 10
-60098.147966
 20
-2038.558936
  0
POINT
  8
3
 10
-60098.271003
 20
-2028.489875
  0
POINT
  8
3
 10
-60098.407825
 20
-2018.420977
  0
POINT
  8
3
 10
-60098.559034
 20
-2008.352274
  0
POINT
  8
3
 10
-60098.727558
 20
-1998.151619
  0
POINT
  8
3
 10
-60098.909863
 20
-1988.083387
  0
POINT
  8
3
 10
-60099.108904
 20
-1978.015457
  0
POINT
  8
3
 10
-60099.329527
 20
-1967.771371
  0
POINT
  8
3
 10
-60099.565124
 20
-1957.704288
  0
POINT
  8
3
 10
-60099.820379
 20
-1947.637679
  0
POINT
  8
3
 10
-60100.102227
 20
-1937.363569
  0
POINT
  8
3
 10
-60100.399874
 20
-1927.298116
  0
POINT
  8
3
 10
-60100.719092
 20
-1917.233333
  0
POINT
  8
3
 10
-60101.065986
 20
-1907.003265
  0
POINT
  8
3
 10
-60101.430436
 20
-1896.940000
  0
POINT
  8
3
 10
-60101.820200
 20
-1886.877690
  0
POINT
  8
3
 10
-60102.244787
 20
-1876.651142
  0
POINT
  8
3
 10
-60102.692305
 20
-1866.591225
  0
POINT
  8
3
 10
-60103.169668
 20
-1856.532670
  0
POINT
  8
3
 10
-60103.676909
 20
-1846.475612
  0
POINT
  8
3
 10
-60104.222986
 20
-1836.256518
  0
POINT
  8
3
 10
-60104.790027
 20
-1826.202733
  0
POINT
  8
3
 10
-60105.386052
 20
-1816.150515
  0
POINT
  8
3
 10
-60106.021341
 20
-1805.938826
  0
POINT
  8
3
 10
-60106.681259
 20
-1795.890508
  0
POINT
  8
3
 10
-60107.384139
 20
-1785.845185
  0
POINT
  8
3
 10
-60108.153564
 20
-1775.603672
  0
POINT
  8
3
 10
-60108.957150
 20
-1765.553635
  0
POINT
  8
3
 10
-60109.789164
 20
-1755.618356
  0
POINT
  8
3
 10
-60110.652085
 20
-1745.711923
  0
POINT
  8
3
 10
-60110.991211
 20
-1741.936035
  0
POINT
  8
3
 10
-60111.818189
 20
-1731.583008
  0
POINT
  8
3
 10
-60112.658786
 20
-1721.435652
  0
POINT
  8
3
 10
-60113.530654
 20
-1711.322751
  0
POINT
  8
3
 10
-60114.461614
 20
-1701.050837
  0
POINT
  8
3
 10
-60115.439126
 20
-1690.783180
  0
POINT
  8
3
 10
-60116.433076
 20
-1680.798554
  0
POINT
  8
3
 10
-60117.497243
 20
-1670.539575
  0
POINT
  8
3
 10
-60118.602802
 20
-1660.284988
  0
POINT
  8
3
 10
-60119.726034
 20
-1650.228906
  0
POINT
  8
3
 10
-60120.909337
 20
-1639.982933
  0
POINT
  8
3
 10
-60122.132523
 20
-1629.741638
  0
POINT
  8
3
 10
-60123.369580
 20
-1619.725010
  0
POINT
  8
3
 10
-60124.675514
 20
-1609.493918
  0
POINT
  8
3
 10
-60126.021990
 20
-1599.268076
  0
POINT
  8
3
 10
-60127.377336
 20
-1589.262742
  0
POINT
  8
3
 10
-60128.798671
 20
-1579.047046
  0
POINT
  8
3
 10
-60130.258149
 20
-1568.836779
  0
POINT
  8
3
 10
-60131.724910
 20
-1558.848390
  0
POINT
  8
3
 10
-60133.262483
 20
-1548.649590
  0
POINT
  8
3
 10
-60134.836451
 20
-1538.456303
  0
POINT
  8
3
 10
-60136.405542
 20
-1528.504921
  0
POINT
  8
3
 10
-60138.041323
 20
-1518.321343
  0
POINT
  8
3
 10
-60139.704463
 20
-1508.142216
  0
POINT
  8
3
 10
-60141.356138
 20
-1498.186199
  0
POINT
  8
3
 10
-60143.065838
 20
-1488.014896
  0
POINT
  8
3
 10
-60144.792307
 20
-1477.846407
  0
POINT
  8
3
 10
-60146.518500
 20
-1467.747584
  0
POINT
  8
3
 10
-60148.263663
 20
-1457.582201
  0
POINT
  8
3
 10
-60150.015092
 20
-1447.417886
  0
POINT
  8
3
 10
-60151.733468
 20
-1437.476648
  0
POINT
  8
3
 10
-60153.492064
 20
-1427.313577
  0
POINT
  8
3
 10
-60155.244306
 20
-1417.149525
  0
POINT
  8
3
 10
-60156.941713
 20
-1407.218013
  0
POINT
  8
3
 10
-60158.629501
 20
-1397.244791
  0
POINT
  8
3
 10
-60161.975467
 20
-1379.097191
  0
POINT
  8
3
 10
-60163.769962
 20
-1369.133889
  0
POINT
  8
3
 10
-60165.524744
 20
-1359.252795
  0
POINT
  8
3
 10
-60167.279286
 20
-1349.186446
  0
POINT
  8
3
 10
-60169.000379
 20
-1339.114661
  0
POINT
  8
3
 10
-60170.689674
 20
-1329.037425
  0
POINT
  8
3
 10
-60172.326097
 20
-1319.091252
  0
POINT
  8
3
 10
-60172.919922
 20
-1315.459290
  0
POINT
  8
3
 10
-60173.953632
 20
-1309.003820
  0
POINT
  8
3
 10
-60175.548310
 20
-1298.911198
  0
POINT
  8
3
 10
-60177.099736
 20
-1288.893411
  0
POINT
  8
3
 10
-60180.083540
 20
-1270.178220
  0
POINT
  8
3
 10
-60181.729356
 20
-1260.084308
  0
POINT
  8
3
 10
-60183.343216
 20
-1250.057403
  0
POINT
  8
3
 10
-60184.953288
 20
-1239.883309
  0
POINT
  8
3
 10
-60186.543821
 20
-1229.665109
  0
POINT
  8
3
 10
-60188.112337
 20
-1219.443446
  0
POINT
  8
3
 10
-60189.631802
 20
-1209.418086
  0
POINT
  8
3
 10
-60191.161685
 20
-1199.190555
  0
POINT
  8
3
 10
-60192.669638
 20
-1188.959831
  0
POINT
  8
3
 10
-60194.143356
 20
-1178.799217
  0
POINT
  8
3
 10
-60195.603454
 20
-1168.561681
  0
POINT
  8
3
 10
-60197.017305
 20
-1158.475119
  0
POINT
  8
3
 10
-60198.424908
 20
-1148.267287
  0
POINT
  8
3
 10
-60199.765897
 20
-1138.425895
  0
POINT
  8
3
 10
-60195.637537
 20
-1135.719115
  0
POINT
  8
3
 10
-60186.332974
 20
-1132.450833
  0
POINT
  8
3
 10
-60178.290025
 20
-1129.540732
  0
POINT
  8
3
 10
-60170.231227
 20
-1126.533555
  0
POINT
  8
3
 10
-60162.202459
 20
-1123.446528
  0
POINT
  8
3
 10
-60154.204508
 20
-1120.280826
  0
POINT
  8
3
 10
-60146.202401
 20
-1117.023254
  0
POINT
  8
3
 10
-60137.013992
 20
-1113.183009
  0
POINT
  8
3
 10
-60127.702849
 20
-1109.209711
  0
POINT
  8
3
 10
-60118.217773
 20
-1105.089569
  0
POINT
  8
3
 10
-60115.967542
 20
-1104.053028
  0
POINT
  8
3
 10
-60099.781428
 20
-1100.456552
  0
POINT
  8
3
 10
-60097.226563
 20
-1100.447006
  0
POINT
  8
3
 10
-60092.993813
 20
-1099.674413
  0
POINT
  8
3
 10
-60084.874286
 20
-1098.123445
  0
POINT
  8
3
 10
-60077.243434
 20
-1096.584205
  0
POINT
  8
3
 10
-60070.759440
 20
-1095.198226
  0
POINT
  8
3
 10
-60063.653286
 20
-1093.584732
  0
POINT
  8
3
 10
-60056.140006
 20
-1091.788846
  0
POINT
  8
3
 10
-60047.940212
 20
-1089.738965
  0
POINT
  8
3
 10
-60039.604492
 20
-1087.558746
  0
POINT
  8
3
 10
-60031.994380
 20
-1084.056004
  0
POINT
  8
3
 10
-60026.725116
 20
-1082.911755
  0
POINT
  8
3
 10
-60018.427734
 20
-1082.889557
  0
POINT
  8
3
 10
-60011.957785
 20
-1082.866580
  0
POINT
  8
3
 10
-60003.732323
 20
-1082.780110
  0
POINT
  8
3
 10
-59995.552595
 20
-1082.609740
  0
POINT
  8
3
 10
-59987.299026
 20
-1082.353658
  0
POINT
  8
3
 10
-59978.831404
 20
-1082.007271
  0
POINT
  8
3
 10
-59970.075577
 20
-1081.563880
  0
POINT
  8
3
 10
-59961.004635
 20
-1081.018452
  0
POINT
  8
3
 10
-59950.996840
 20
-1080.333300
  0
POINT
  8
3
 10
-59940.922068
 20
-1079.572797
  0
POINT
  8
3
 10
-59928.278032
 20
-1088.908584
  0
POINT
  8
3
 10
-59926.003743
 20
-1098.916310
  0
POINT
  8
3
 10
-59923.739921
 20
-1108.892414
  0
POINT
  8
3
 10
-59921.472039
 20
-1118.906226
  0
POINT
  8
3
 10
-59919.254053
 20
-1128.724186
  0
POINT
  8
3
 10
-59917.042286
 20
-1138.543591
  0
POINT
  8
3
 10
-59914.840892
 20
-1148.351371
  0
POINT
  8
3
 10
-59912.645787
 20
-1158.174599
  0
POINT
  8
3
 10
-59910.462079
 20
-1168.000374
  0
POINT
  8
3
 10
-59908.294526
 20
-1177.815916
  0
POINT
  8
3
 10
-59906.137964
 20
-1187.647605
  0
POINT
  8
3
 10
-59903.995572
 20
-1197.482314
  0
POINT
  8
3
 10
-59901.825506
 20
-1207.516629
  0
POINT
  8
3
 10
-59899.714570
 20
-1217.357997
  0
POINT
  8
3
 10
-59897.622380
 20
-1227.203362
  0
POINT
  8
3
 10
-59895.555516
 20
-1237.031530
  0
POINT
  8
3
 10
-59893.505741
 20
-1246.885891
  0
POINT
  8
3
 10
-59891.478026
 20
-1256.744874
  0
POINT
  8
3
 10
-59889.437975
 20
-1266.775002
  0
POINT
  8
3
 10
-59887.481873
 20
-1276.472475
  0
POINT
  8
3
 10
-59885.644047
 20
-1285.697685
  0
POINT
  8
3
 10
-59884.487289
 20
-1291.089231
  0
POINT
  8
3
 10
-59883.275235
 20
-1296.352863
  0
POINT
  8
3
 10
-59882.086303
 20
-1301.166653
  0
POINT
  8
3
 10
-59880.904654
 20
-1305.619893
  0
POINT
  8
3
 10
-59879.754271
 20
-1309.641677
  0
POINT
  8
3
 10
-59878.635332
 20
-1313.267764
  0
POINT
  8
3
 10
-59877.503849
 20
-1316.668209
  0
POINT
  8
3
 10
-59876.332458
 20
-1319.931660
  0
POINT
  8
3
 10
-59875.114936
 20
-1323.076953
  0
POINT
  8
3
 10
-59873.878864
 20
-1326.042895
  0
POINT
  8
3
 10
-59872.629156
 20
-1328.832544
  0
POINT
  8
3
 10
-59871.362218
 20
-1331.466014
  0
POINT
  8
3
 10
-59870.055795
 20
-1333.993968
  0
POINT
  8
3
 10
-59868.715409
 20
-1336.404938
  0
POINT
  8
3
 10
-59867.362540
 20
-1338.666576
  0
POINT
  8
3
 10
-59865.994237
 20
-1340.794361
  0
POINT
  8
3
 10
-59864.574845
 20
-1342.846420
  0
POINT
  8
3
 10
-59863.190541
 20
-1344.705971
  0
POINT
  8
3
 10
-59861.773395
 20
-1346.474342
  0
POINT
  8
3
 10
-59860.326106
 20
-1348.149138
  0
POINT
  8
3
 10
-59858.858898
 20
-1349.721356
  0
POINT
  8
3
 10
-59857.360333
 20
-1351.205102
  0
POINT
  8
3
 10
-59855.884299
 20
-1352.553024
  0
POINT
  8
3
 10
-59854.351043
 20
-1353.842394
  0
POINT
  8
3
 10
-59852.825976
 20
-1355.022759
  0
POINT
  8
3
 10
-59851.106477
 20
-1356.243165
  0
POINT
  8
3
 10
-59849.338754
 20
-1357.392080
  0
POINT
  8
3
 10
-59847.453790
 20
-1358.515610
  0
POINT
  8
3
 10
-59845.512687
 20
-1359.576729
  0
POINT
  8
3
 10
-59843.429628
 20
-1360.620211
  0
POINT
  8
3
 10
-59841.225766
 20
-1361.630281
  0
POINT
  8
3
 10
-59838.875181
 20
-1362.615191
  0
POINT
  8
3
 10
-59836.314580
 20
-1363.594192
  0
POINT
  8
3
 10
-59833.588354
 20
-1364.544039
  0
POINT
  8
3
 10
-59830.674458
 20
-1365.469431
  0
POINT
  8
3
 10
-59827.468674
 20
-1366.396981
  0
POINT
  8
3
 10
-59823.902095
 20
-1367.337647
  0
POINT
  8
3
 10
-59819.803843
 20
-1368.326741
  0
POINT
  8
3
 10
-59814.571772
 20
-1369.493353
  0
POINT
  8
3
 10
-59808.690211
 20
-1370.720428
  0
POINT
  8
3
 10
-59802.689560
 20
-1371.888591
  0
POINT
  8
3
 10
-59796.570574
 20
-1372.997001
  0
POINT
  8
3
 10
-59790.230098
 20
-1374.061911
  0
POINT
  8
3
 10
-59783.772869
 20
-1375.063693
  0
POINT
  8
3
 10
-59778.971925
 20
-1385.877933
  0
POINT
  8
3
 10
-59782.623881
 20
-1395.530792
  0
POINT
  8
3
 10
-59786.020653
 20
-1404.718151
  0
POINT
  8
3
 10
-59789.142755
 20
-1413.401171
  0
POINT
  8
3
 10
-59792.417105
 20
-1422.755841
  0
POINT
  8
3
 10
-59795.728291
 20
-1432.459638
  0
POINT
  8
3
 10
-59798.920415
 20
-1442.035895
  0
POINT
  8
3
 10
-59802.091022
 20
-1451.786086
  0
POINT
  8
3
 10
-59805.183529
 20
-1461.561098
  0
POINT
  8
3
 10
-59808.059951
 20
-1470.924676
  0
POINT
  8
3
 10
-59810.792171
 20
-1480.095405
  0
POINT
  8
3
 10
-59813.444270
 20
-1489.289765
  0
POINT
  8
3
 10
-59815.933557
 20
-1498.218302
  0
POINT
  8
3
 10
-59818.242184
 20
-1506.799314
  0
POINT
  8
3
 10
-59820.384999
 20
-1515.070582
  0
POINT
  8
3
 10
-59822.447264
 20
-1523.362176
  0
POINT
  8
3
 10
-59824.351941
 20
-1531.364366
  0
POINT
  8
3
 10
-59826.169868
 20
-1539.362893
  0
POINT
  8
3
 10
-59827.907961
 20
-1547.379297
  0
POINT
  8
3
 10
-59829.635565
 20
-1555.747380
  0
POINT
  8
3
 10
-59831.280624
 20
-1564.132135
  0
POINT
  8
3
 10
-59832.840473
 20
-1572.505806
  0
POINT
  8
3
 10
-59834.385274
 20
-1581.256663
  0
POINT
  8
3
 10
-59835.848747
 20
-1590.021456
  0
POINT
  8
3
 10
-59837.285648
 20
-1599.136758
  0
POINT
  8
3
 10
-59838.644712
 20
-1608.286971
  0
POINT
  8
3
 10
-59839.968520
 20
-1617.764268
  0
POINT
  8
3
 10
-59841.255657
 20
-1627.591321
  0
POINT
  8
3
 10
-59842.487988
 20
-1637.651236
  0
POINT
  8
3
 10
-59843.652556
 20
-1647.837601
  0
POINT
  8
3
 10
-59844.738148
 20
-1658.032680
  0
POINT
  8
3
 10
-59845.748252
 20
-1668.235480
  0
POINT
  8
3
 10
-59846.666680
 20
-1678.217826
  0
POINT
  8
3
 10
-59847.540997
 20
-1688.433030
  0
POINT
  8
3
 10
-59848.355937
 20
-1698.653296
  0
POINT
  8
3
 10
-59849.121549
 20
-1708.942919
  0
POINT
  8
3
 10
-59849.825832
 20
-1719.171458
  0
POINT
  8
3
 10
-59850.468009
 20
-1729.403933
  0
POINT
  8
3
 10
-59851.037977
 20
-1739.513519
  0
POINT
  8
3
 10
-59851.166992
 20
-1741.935272
  0
POINT
  8
3
 10
-59851.830675
 20
-1752.454234
  0
POINT
  8
3
 10
-59852.446213
 20
-1762.669507
  0
POINT
  8
3
 10
-59853.027603
 20
-1772.842286
  0
POINT
  8
3
 10
-59853.562418
 20
-1782.899019
  0
POINT
  8
3
 10
-59854.058160
 20
-1792.958837
  0
POINT
  8
3
 10
-59854.520910
 20
-1803.020297
  0
POINT
  8
3
 10
-59854.968901
 20
-1813.374437
  0
POINT
  8
3
 10
-59855.380050
 20
-1823.438070
  0
POINT
  8
3
 10
-59855.768246
 20
-1833.502590
  0
POINT
  8
3
 10
-59856.134620
 20
-1843.574801
  0
POINT
  8
3
 10
-59856.480409
 20
-1853.640831
  0
POINT
  8
3
 10
-59856.808685
 20
-1863.707460
  0
POINT
  8
3
 10
-59857.122504
 20
-1873.780365
  0
POINT
  8
3
 10
-59857.423319
 20
-1883.847890
  0
POINT
  8
3
 10
-59857.710636
 20
-1893.915810
  0
POINT
  8
3
 10
-59857.983427
 20
-1903.984122
  0
POINT
  8
3
 10
-59858.246456
 20
-1914.276519
  0
POINT
  8
3
 10
-59858.488585
 20
-1924.345584
  0
POINT
  8
3
 10
-59858.716268
 20
-1934.414984
  0
POINT
  8
3
 10
-59858.930341
 20
-1944.497086
  0
POINT
  8
3
 10
-59859.130988
 20
-1954.567071
  0
POINT
  8
3
 10
-59859.319246
 20
-1964.637299
  0
POINT
  8
3
 10
-59859.496097
 20
-1974.722538
  0
POINT
  8
3
 10
-59859.661062
 20
-1984.793175
  0
POINT
  8
3
 10
-59859.813851
 20
-1994.864007
  0
POINT
  8
3
 10
-59859.954111
 20
-2004.951263
  0
POINT
  8
3
 10
-59860.081306
 20
-2015.022468
  0
POINT
  8
3
 10
-59860.196338
 20
-2025.093820
  0
POINT
  8
3
 10
-59860.300098
 20
-2035.181610
  0
POINT
  8
3
 10
-59860.392973
 20
-2045.253159
  0
POINT
  8
3
 10
-59860.475849
 20
-2055.324804
  0
POINT
  8
3
 10
-59860.549428
 20
-2065.396463
  0
POINT
  8
3
 10
-59860.614231
 20
-2075.435840
  0
POINT
  8
3
 10
-59860.671464
 20
-2085.507658
  0
POINT
  8
3
 10
-59860.721723
 20
-2095.579518
  0
POINT
  8
3
 10
-59860.766710
 20
-2105.895318
  0
POINT
  8
3
 10
-59860.803863
 20
-2115.967233
  0
POINT
  8
3
 10
-59860.833204
 20
-2126.039170
  0
POINT
  8
3
 10
-59860.853861
 20
-2136.225895
  0
POINT
  8
3
 10
-59860.866046
 20
-2146.344861
  0
POINT
  8
3
 10
-59860.871621
 20
-2156.421882
  0
POINT
  8
3
 10
-59860.871399
 20
-2166.489574
  0
POINT
  8
3
 10
-59860.869141
 20
-2171.058502
  0
POINT
  8
3
 10
-59871.209793
 20
-2171.058502
  0
POINT
  8
3
 10
-59881.457136
 20
-2171.058502
  0
POINT
  8
3
 10
-59891.499667
 20
-2171.058502
  0
POINT
  8
3
 10
-59901.798280
 20
-2171.058502
  0
POINT
  8
3
 10
-59911.971249
 20
-2171.058502
  0
POINT
  8
3
 10
-59922.144129
 20
-2171.058502
  0
POINT
  8
3
 10
-59932.316924
 20
-2171.058502
  0
POINT
  8
3
 10
-59942.503412
 20
-2171.058502
  0
POINT
  8
3
 10
-59952.676173
 20
-2171.058502
  0
POINT
  8
3
 10
-59962.849071
 20
-2171.058502
  0
POINT
  8
3
 10
-59973.082209
 20
-2171.058502
  0
POINT
  8
3
 10
-59983.255666
 20
-2171.058502
  0
POINT
  8
3
 10
-59993.429312
 20
-2171.058502
  0
POINT
  8
3
 10
-60003.602961
 20
-2171.058502
  0
POINT
  8
3
 10
-60013.761941
 20
-2171.058502
  0
POINT
  8
3
 10
-60023.935230
 20
-2171.058502
  0
POINT
  8
3
 10
-60034.108213
 20
-2171.058502
  0
POINT
  8
3
 10
-60044.280893
 20
-2171.058502
  0
POINT
  8
3
 10
-60054.548675
 20
-2171.058502
  0
POINT
  8
3
 10
-60064.720921
 20
-2171.058502
  0
POINT
  8
3
 10
-60074.893413
 20
-2171.058502
  0
POINT
  8
3
 10
-60084.916178
 20
-2171.058502
  0
POINT
  8
3
 10
-60094.827025
 20
-2171.058502
  0
POINT
  8
4
 10
-60097.592773
 20
-2171.058502
 30
1.000000
 50
  0.00
  0
TEXT
  8
4
 10
-60097.592773
 20
-2171.058502
 40
0.000000
 50
0.000000
  1
# 178
  0
POINT
  8
4
 10
-60110.991211
 20
-1741.936035
 30
1.000000
 50
  5.22
  0
TEXT
  8
4
 10
-60110.991211
 20
-1741.936035
 40
0.000000
 50
0.000000
  1
# 179
  0
POINT
  8
4
 10
-60172.919922
 20
-1315.459290
 30
1.000000
 50
  9.19
  0
TEXT
  8
4
 10
-60172.919922
 20
-1315.459290
 40
0.000000
 50
0.000000
  1
# 180
  0
POINT
  8
4
 10
-60118.217773
 20
-1105.089569
 30
1.000000
 50
289.69
  0
TEXT
  8
4
 10
-60118.217773
 20
-1105.089569
 40
0.000000
 50
0.000000
  1
# 181
  0
POINT
  8
4
 10
-60097.226563
 20
-1100.447006
 30
1.000000
 50
275.26
  0
TEXT
  8
4
 10
-60097.226563
 20
-1100.447006
 40
0.000000
 50
0.000000
  1
# 182
  0
POINT
  8
4
 10
-60039.604492
 20
-1087.558746
 30
1.000000
 50
289.69
  0
TEXT
  8
4
 10
-60039.604492
 20
-1087.558746
 40
0.000000
 50
0.000000
  1
# 183
  0
POINT
  8
4
 10
-60018.427734
 20
-1082.889557
 30
1.000000
 50
275.16
  0
TEXT
  8
4
 10
-60018.427734
 20
-1082.889557
 40
0.000000
 50
0.000000
  1
# 184
  0
POINT
  8
4
 10
-59851.166992
 20
-1741.935272
 30
1.000000
 50
176.95
  0
TEXT
  8
4
 10
-59851.166992
 20
-1741.935272
 40
0.000000
 50
0.000000
  1
# 185
  0
POINT
  8
4
 10
-59860.869141
 20
-2171.058502
 30
1.000000
 50
180.00
  0
TEXT
  8
4
 10
-59860.869141
 20
-2171.058502
 40
0.000000
 50
0.000000
  1
# 186
  0
POLYLINE
  8
8
  66
1
  70
0
  0
VERTEX
  8
8
  10
-59979.267578
  20
-2171.058502
  0
VERTEX
  8
8
  10
-59979.267578
  20
-1083.748322
  0
SEQEND
  8
8
  0
POINT
  8
2
 10
-59979.267578
 20
-2171.058502
  0
TEXT
  8
2
 10
-59979.267578
 20
-2171.058502
 40
0.000000
 50
0.000000
  1
# 187
  0
POINT
  8
2
 10
-59979.267578
 20
-1083.748322
  0
TEXT
  8
2
 10
-59979.267578
 20
-1083.748322
 40
0.000000
 50
0.000000
  1
# 188
  0
POLYLINE
  8
8
  66
1
  70
0
  0
VERTEX
  8
8
  10
-60039.604492
  20
-1087.558746
  0
VERTEX
  8
8
  10
-60010.708008
  20
-1168.306046
  0
SEQEND
  8
8
  0
POINT
  8
2
 10
-60039.604492
 20
-1087.558746
  0
TEXT
  8
2
 10
-60039.604492
 20
-1087.558746
 40
0.000000
 50
0.000000
  1
# 189
  0
POINT
  8
2
 10
-60010.708008
 20
-1168.306046
  0
TEXT
  8
2
 10
-60010.708008
 20
-1168.306046
 40
0.000000
 50
0.000000
  1
# 190
  0
POLYLINE
  8
8
  66
1
  70
0
  0
VERTEX
  8
8
  10
-60018.427734
  20
-1082.889557
  0
VERTEX
  8
8
  10
-60010.708008
  20
-1168.306046
  0
SEQEND
  8
8
  0
POINT
  8
2
 10
-60018.427734
 20
-1082.889557
  0
TEXT
  8
2
 10
-60018.427734
 20
-1082.889557
 40
0.000000
 50
0.000000
  1
# 191
  0
POINT
  8
2
 10
-60010.708008
 20
-1168.306046
  0
TEXT
  8
2
 10
-60010.708008
 20
-1168.306046
 40
0.000000
 50
0.000000
  1
# 192
  0
POLYLINE
  8
8
  66
1
  70
0
  0
VERTEX
  8
8
  10
-60097.226563
  20
-1100.447006
  0
VERTEX
  8
8
  10
-60089.389648
  20
-1185.646362
  0
SEQEND
  8
8
  0
POINT
  8
2
 10
-60097.226563
 20
-1100.447006
  0
TEXT
  8
2
 10
-60097.226563
 20
-1100.447006
 40
0.000000
 50
0.000000
  1
# 193
  0
POINT
  8
2
 10
-60089.389648
 20
-1185.646362
  0
TEXT
  8
2
 10
-60089.389648
 20
-1185.646362
 40
0.000000
 50
0.000000
  1
# 194
  0
POLYLINE
  8
8
  66
1
  70
0
  0
VERTEX
  8
8
  10
-60118.217773
  20
-1105.089569
  0
VERTEX
  8
8
  10
-60089.389648
  20
-1185.646362
  0
SEQEND
  8
8
  0
POINT
  8
2
 10
-60118.217773
 20
-1105.089569
  0
TEXT
  8
2
 10
-60118.217773
 20
-1105.089569
 40
0.000000
 50
0.000000
  1
# 195
  0
POINT
  8
2
 10
-60089.389648
 20
-1185.646362
  0
TEXT
  8
2
 10
-60089.389648
 20
-1185.646362
 40
0.000000
 50
0.000000
  1
# 196
  0
POLYLINE
  8
8
  66
1
  70
0
  0
VERTEX
  8
8
  10
-60010.708008
  20
-1168.306046
  0
VERTEX
  8
8
  10
-60029.526367
  20
-1082.898941
  0
SEQEND
  8
8
  0
POINT
  8
2
 10
-60010.708008
 20
-1168.306046
  0
TEXT
  8
2
 10
-60010.708008
 20
-1168.306046
 40
0.000000
 50
0.000000
  1
# 197
  0
POINT
  8
2
 10
-60029.526367
 20
-1082.898941
  0
TEXT
  8
2
 10
-60029.526367
 20
-1082.898941
 40
0.000000
 50
0.000000
  1
# 198
  0
POLYLINE
  8
8
  66
1
  70
0
  0
VERTEX
  8
8
  10
-60030.937500
  20
-1111.782913
  0
VERTEX
  8
8
  10
-60013.022461
  20
-1142.681122
  0
VERTEX
  8
8
  10
-60025.068359
  20
-1129.023285
  0
SEQEND
  8
8
  0
POINT
  8
2
 10
-60030.937500
 20
-1111.782913
  0
TEXT
  8
2
 10
-60030.937500
 20
-1111.782913
 40
0.000000
 50
0.000000
  1
# 199
  0
POINT
  8
2
 10
-60025.068359
 20
-1129.023285
  0
TEXT
  8
2
 10
-60025.068359
 20
-1129.023285
 40
0.000000
 50
0.000000
  1
# 200
  0
POLYLINE
  8
8
  66
1
  70
0
  0
VERTEX
  8
8
  10
-60089.389648
  20
-1185.646362
  0
VERTEX
  8
8
  10
-60108.242188
  20
-1100.430374
  0
SEQEND
  8
8
  0
POINT
  8
2
 10
-60089.389648
 20
-1185.646362
  0
TEXT
  8
2
 10
-60089.389648
 20
-1185.646362
 40
0.000000
 50
0.000000
  1
# 201
  0
POINT
  8
2
 10
-60108.242188
 20
-1100.430374
  0
TEXT
  8
2
 10
-60108.242188
 20
-1100.430374
 40
0.000000
 50
0.000000
  1
# 202
  0
POLYLINE
  8
8
  66
1
  70
0
  0
VERTEX
  8
8
  10
-60094.877930
  20
-1126.006775
  0
VERTEX
  8
8
  10
-60098.041992
  20
-1161.479340
  0
VERTEX
  8
8
  10
-60100.004883
  20
-1143.426819
  0
SEQEND
  8
8
  0
POINT
  8
2
 10
-60094.877930
 20
-1126.006775
  0
TEXT
  8
2
 10
-60094.877930
 20
-1126.006775
 40
0.000000
 50
0.000000
  1
# 203
  0
POINT
  8
2
 10
-60100.004883
 20
-1143.426819
  0
TEXT
  8
2
 10
-60100.004883
 20
-1143.426819
 40
0.000000
 50
0.000000
  1
# 204
  0
POLYLINE
  8
8
  66
1
  70
0
  0
VERTEX
  8
8
  10
-59780.395508
  20
-1389.420624
  0
VERTEX
  8
8
  10
-60159.990234
  20
-1389.420624
  0
SEQEND
  8
8
  0
POINT
  8
2
 10
-59780.395508
 20
-1389.420624
  0
TEXT
  8
2
 10
-59780.395508
 20
-1389.420624
 40
0.000000
 50
0.000000
  1
# 205
  0
POINT
  8
2
 10
-60159.990234
 20
-1389.420624
  0
TEXT
  8
2
 10
-60159.990234
 20
-1389.420624
 40
0.000000
 50
0.000000
  1
# 206
  0
POLYLINE
  8
8
  66
1
  70
0
  0
VERTEX
  8
8
  10
-60110.908203
  20
-1741.935272
  0
VERTEX
  8
8
  10
-59850.922852
  20
-1741.935272
  0
SEQEND
  8
8
  0
POINT
  8
2
 10
-60110.908203
 20
-1741.935272
  0
TEXT
  8
2
 10
-60110.908203
 20
-1741.935272
 40
0.000000
 50
0.000000
  1
# 207
  0
POINT
  8
2
 10
-59850.922852
 20
-1741.935272
  0
TEXT
  8
2
 10
-59850.922852
 20
-1741.935272
 40
0.000000
 50
0.000000
  1
# 208
  0
POLYLINE
  8
8
  66
1
  70
0
  0
VERTEX
  8
8
  10
-59886.708984
  20
-1280.420685
  0
VERTEX
  8
8
  10
-60178.354492
  20
-1280.420685
  0
SEQEND
  8
8
  0
POINT
  8
2
 10
-59886.708984
 20
-1280.420685
  0
TEXT
  8
2
 10
-59886.708984
 20
-1280.420685
 40
0.000000
 50
0.000000
  1
# 209
  0
POINT
  8
2
 10
-60178.354492
 20
-1280.420685
  0
TEXT
  8
2
 10
-60178.354492
 20
-1280.420685
 40
0.000000
 50
0.000000
  1
# 210
  0
POLYLINE
  8
8
  66
1
  70
0
  0
VERTEX
  8
8
  10
-60131.826172
  20
-1159.640198
  0
VERTEX
  8
8
  10
-60123.730469
  20
-1181.230164
  0
SEQEND
  8
8
  0
POINT
  8
2
 10
-60131.826172
 20
-1159.640198
  0
TEXT
  8
2
 10
-60131.826172
 20
-1159.640198
 40
0.000000
 50
0.000000
  1
# 211
  0
POINT
  8
2
 10
-60123.730469
 20
-1181.230164
  0
TEXT
  8
2
 10
-60123.730469
 20
-1181.230164
 40
0.000000
 50
0.000000
  1
# 212
  0
POLYLINE
  8
8
  66
1
  70
0
  0
VERTEX
  8
8
  10
-60118.408203
  20
-1154.814148
  0
VERTEX
  8
8
  10
-60131.826172
  20
-1159.640198
  0
SEQEND
  8
8
  0
POINT
  8
2
 10
-60118.408203
 20
-1154.814148
  0
TEXT
  8
2
 10
-60118.408203
 20
-1154.814148
 40
0.000000
 50
0.000000
  1
# 213
  0
POINT
  8
2
 10
-60131.826172
 20
-1159.640198
  0
TEXT
  8
2
 10
-60131.826172
 20
-1159.640198
 40
0.000000
 50
0.000000
  1
# 214
  0
POLYLINE
  8
8
  66
1
  70
0
  0
VERTEX
  8
8
  10
-60110.322266
  20
-1176.404114
  0
VERTEX
  8
8
  10
-60118.408203
  20
-1154.814148
  0
SEQEND
  8
8
  0
POINT
  8
2
 10
-60110.322266
 20
-1176.404114
  0
TEXT
  8
2
 10
-60110.322266
 20
-1176.404114
 40
0.000000
 50
0.000000
  1
# 215
  0
POINT
  8
2
 10
-60118.408203
 20
-1154.814148
  0
TEXT
  8
2
 10
-60118.408203
 20
-1154.814148
 40
0.000000
 50
0.000000
  1
# 216
  0
POLYLINE
  8
8
  66
1
  70
0
  0
VERTEX
  8
8
  10
-60110.322266
  20
-1176.404114
  0
VERTEX
  8
8
  10
-60119.882299
  20
-1179.843536
  0
VERTEX
  8
8
  10
-60123.730469
  20
-1181.230164
  0
SEQEND
  8
8
  0
POINT
  8
2
 10
-60110.322266
 20
-1176.404114
  0
TEXT
  8
2
 10
-60110.322266
 20
-1176.404114
 40
0.000000
 50
0.000000
  1
# 217
  0
POINT
  8
2
 10
-60123.730469
 20
-1181.230164
  0
TEXT
  8
2
 10
-60123.730469
 20
-1181.230164
 40
0.000000
 50
0.000000
  1
# 218
  0
POINT
  8
3
 10
-60119.882299
 20
-1179.843536
  0
POLYLINE
  8
8
  66
1
  70
0
  0
VERTEX
  8
8
  10
-60122.587891
  20
-1186.426392
  0
VERTEX
  8
8
  10
-60112.514846
  20
-1184.241375
  0
VERTEX
  8
8
  10
-60102.453335
  20
-1182.058606
  0
VERTEX
  8
8
  10
-60092.452553
  20
-1179.888724
  0
VERTEX
  8
8
  10
-60082.466634
  20
-1177.721714
  0
VERTEX
  8
8
  10
-60072.639561
  20
-1175.588914
  0
VERTEX
  8
8
  10
-60062.812408
  20
-1173.455968
  0
VERTEX
  8
8
  10
-60052.976402
  20
-1171.321090
  0
VERTEX
  8
8
  10
-60043.148502
  20
-1169.188023
  0
VERTEX
  8
8
  10
-60033.320581
  20
-1167.055045
  0
VERTEX
  8
8
  10
-60023.474469
  20
-1164.918264
  0
VERTEX
  8
8
  10
-60013.646573
  20
-1162.785687
  0
VERTEX
  8
8
  10
-60003.818007
  20
-1160.653339
  0
VERTEX
  8
8
  10
-59993.766236
  20
-1158.473048
  0
VERTEX
  8
8
  10
-59984.052715
  20
-1156.366492
  0
VERTEX
  8
8
  10
-59980.166016
  20
-1155.523682
  0
SEQEND
  8
8
  0
POINT
  8
2
 10
-60122.587891
 20
-1186.426392
  0
TEXT
  8
2
 10
-60122.587891
 20
-1186.426392
 40
0.000000
 50
0.000000
  1
# 219
  0
POINT
  8
2
 10
-59980.166016
 20
-1155.523682
  0
TEXT
  8
2
 10
-59980.166016
 20
-1155.523682
 40
0.000000
 50
0.000000
  1
# 220
  0
POINT
  8
3
 10
-60112.514846
 20
-1184.241375
  0
POINT
  8
3
 10
-60102.453335
 20
-1182.058606
  0
POINT
  8
3
 10
-60092.452553
 20
-1179.888724
  0
POINT
  8
3
 10
-60082.466634
 20
-1177.721714
  0
POINT
  8
3
 10
-60072.639561
 20
-1175.588914
  0
POINT
  8
3
 10
-60062.812408
 20
-1173.455968
  0
POINT
  8
3
 10
-60052.976402
 20
-1171.321090
  0
POINT
  8
3
 10
-60043.148502
 20
-1169.188023
  0
POINT
  8
3
 10
-60033.320581
 20
-1167.055045
  0
POINT
  8
3
 10
-60023.474469
 20
-1164.918264
  0
POINT
  8
3
 10
-60013.646573
 20
-1162.785687
  0
POINT
  8
3
 10
-60003.818007
 20
-1160.653339
  0
POINT
  8
3
 10
-59993.766236
 20
-1158.473048
  0
POINT
  8
3
 10
-59984.052715
 20
-1156.366492
  0
POLYLINE
  8
8
  66
1
  70
0
  0
VERTEX
  8
8
  10
-59980.166016
  20
-1155.523682
  0
VERTEX
  8
8
  10
-59978.007445
  20
-1165.414327
  0
VERTEX
  8
8
  10
-59977.607422
  20
-1167.247238
  0
SEQEND
  8
8
  0
POINT
  8
2
 10
-59980.166016
 20
-1155.523682
  0
TEXT
  8
2
 10
-59980.166016
 20
-1155.523682
 40
0.000000
 50
0.000000
  1
# 221
  0
POINT
  8
2
 10
-59977.607422
 20
-1167.247238
  0
TEXT
  8
2
 10
-59977.607422
 20
-1167.247238
 40
0.000000
 50
0.000000
  1
# 222
  0
POINT
  8
3
 10
-59978.007445
 20
-1165.414327
  0
POLYLINE
  8
8
  66
1
  70
0
  0
VERTEX
  8
8
  10
-59977.607422
  20
-1167.247238
  0
VERTEX
  8
8
  10
-59987.915125
  20
-1169.482993
  0
VERTEX
  8
8
  10
-59998.016855
  20
-1171.674065
  0
VERTEX
  8
8
  10
-60008.026968
  20
-1173.845256
  0
VERTEX
  8
8
  10
-60017.857065
  20
-1175.977397
  0
VERTEX
  8
8
  10
-60027.684983
  20
-1178.109096
  0
VERTEX
  8
8
  10
-60037.512783
  20
-1180.240839
  0
VERTEX
  8
8
  10
-60047.546162
  20
-1182.417281
  0
VERTEX
  8
8
  10
-60057.373456
  20
-1184.549109
  0
VERTEX
  8
8
  10
-60067.200283
  20
-1186.680900
  0
VERTEX
  8
8
  10
-60077.046943
  20
-1188.817026
  0
VERTEX
  8
8
  10
-60086.873089
  20
-1190.948660
  0
VERTEX
  8
8
  10
-60096.699673
  20
-1193.080263
  0
VERTEX
  8
8
  10
-60106.583815
  20
-1195.224157
  0
VERTEX
  8
8
  10
-60116.258305
  20
-1197.322421
  0
VERTEX
  8
8
  10
-60120.029297
  20
-1198.140259
  0
SEQEND
  8
8
  0
POINT
  8
2
 10
-59977.607422
 20
-1167.247238
  0
TEXT
  8
2
 10
-59977.607422
 20
-1167.247238
 40
0.000000
 50
0.000000
  1
# 223
  0
POINT
  8
2
 10
-60120.029297
 20
-1198.140259
  0
TEXT
  8
2
 10
-60120.029297
 20
-1198.140259
 40
0.000000
 50
0.000000
  1
# 224
  0
POINT
  8
3
 10
-59987.915125
 20
-1169.482993
  0
POINT
  8
3
 10
-59998.016855
 20
-1171.674065
  0
POINT
  8
3
 10
-60008.026968
 20
-1173.845256
  0
POINT
  8
3
 10
-60017.857065
 20
-1175.977397
  0
POINT
  8
3
 10
-60027.684983
 20
-1178.109096
  0
POINT
  8
3
 10
-60037.512783
 20
-1180.240839
  0
POINT
  8
3
 10
-60047.546162
 20
-1182.417281
  0
POINT
  8
3
 10
-60057.373456
 20
-1184.549109
  0
POINT
  8
3
 10
-60067.200283
 20
-1186.680900
  0
POINT
  8
3
 10
-60077.046943
 20
-1188.817026
  0
POINT
  8
3
 10
-60086.873089
 20
-1190.948660
  0
POINT
  8
3
 10
-60096.699673
 20
-1193.080263
  0
POINT
  8
3
 10
-60106.583815
 20
-1195.224157
  0
POINT
  8
3
 10
-60116.258305
 20
-1197.322421
  0
POLYLINE
  8
8
  66
1
  70
0
  0
VERTEX
  8
8
  10
-60120.029297
  20
-1198.140259
  0
VERTEX
  8
8
  10
-60122.187776
  20
-1188.258212
  0
VERTEX
  8
8
  10
-60122.587891
  20
-1186.426392
  0
SEQEND
  8
8
  0
POINT
  8
2
 10
-60120.029297
 20
-1198.140259
  0
TEXT
  8
2
 10
-60120.029297
 20
-1198.140259
 40
0.000000
 50
0.000000
  1
# 225
  0
POINT
  8
2
 10
-60122.587891
 20
-1186.426392
  0
TEXT
  8
2
 10
-60122.587891
 20
-1186.426392
 40
0.000000
 50
0.000000
  1
# 226
  0
POINT
  8
3
 10
-60122.187776
 20
-1188.258212
 0
LINE
 8
7
 10
-59991.884766
 20
-1305.887299
 11
-59991.884766
 21
-2007.803040
  0
TEXT
  8
1
 10
-60166.943359
 20
-1312.333679
 40
10.000000
 50
0.000000
  1
车线位置
  0
TEXT
  8
1
 10
-59986.210938
 20
-1637.066040
 40
10.000000
 50
0.000000
  1
Piece Name: 26SMC-WP115M 展_后_175/84
  0
TEXT
  8
1
 10
-59986.210938
 20
-1622.066040
 40
10.000000
 50
0.000000
  1
Size: 175/84
  0
TEXT
  8
1
 10
-59986.210938
 20
-1607.066040
 40
10.000000
 50
0.000000
  1
Annotation: 
  0
TEXT
  8
1
 10
-59986.210938
 20
-1592.066040
 40
10.000000
 50
0.000000
  1
Quantity: 1,1
  0
TEXT
  8
1
 10
-59986.210938
 20
-1577.066040
 40
10.000000
 50
0.000000
  1
Material: 面
  0
TEXT
  8
1
 10
-59986.210938
 20
-1577.066040
 40
10.000000
 50
0.000000
  1
Category: 2
0
ENDBLK
0
BLOCK
  8
1
  2
26SMC-WP115M 展_左前腰里_175/84
 70
0
 10
0.0
 20
0.0
  0
POLYLINE
  8
1
  66
1
  70
1
  0
VERTEX
  8
1
  10
-59134.248047
  20
-731.857910
  0
VERTEX
  8
1
  10
-59134.248047
  20
-673.827362
  0
VERTEX
  8
1
  10
-59121.870117
  20
-673.829346
  0
VERTEX
  8
1
  10
-59110.737305
  20
-673.831100
  0
VERTEX
  8
1
  10
-59100.439453
  20
-673.832703
  0
VERTEX
  8
1
  10
-59090.263672
  20
-673.834229
  0
VERTEX
  8
1
  10
-59080.019531
  20
-673.835831
  0
VERTEX
  8
1
  10
-59069.663086
  20
-673.837433
  0
VERTEX
  8
1
  10
-59059.306641
  20
-673.839035
  0
VERTEX
  8
1
  10
-59048.945313
  20
-673.840637
  0
VERTEX
  8
1
  10
-59038.588867
  20
-673.842316
  0
VERTEX
  8
1
  10
-59028.305664
  20
-673.843918
  0
VERTEX
  8
1
  10
-59017.944336
  20
-673.845520
  0
VERTEX
  8
1
  10
-59007.587891
  20
-673.847122
  0
VERTEX
  8
1
  10
-58997.294922
  20
-673.848724
  0
VERTEX
  8
1
  10
-58986.938477
  20
-673.850327
  0
VERTEX
  8
1
  10
-58976.582031
  20
-673.851929
  0
VERTEX
  8
1
  10
-58966.469727
  20
-673.853531
  0
VERTEX
  8
1
  10
-58956.352539
  20
-673.855057
  0
VERTEX
  8
1
  10
-58946.411133
  20
-673.856659
  0
VERTEX
  8
1
  10
-58937.060547
  20
-673.858032
  0
VERTEX
  8
1
  10
-58925.283203
  20
-673.859863
  0
VERTEX
  8
1
  10
-58925.268555
  20
-694.352188
  0
VERTEX
  8
1
  10
-58925.258789
  20
-704.551010
  0
VERTEX
  8
1
  10
-58925.253906
  20
-714.498062
  0
VERTEX
  8
1
  10
-58925.239258
  20
-731.857910
  0
VERTEX
  8
1
  10
-58948.784180
  20
-731.857910
  0
VERTEX
  8
1
  10
-58958.867188
  20
-731.857910
  0
VERTEX
  8
1
  10
-58969.052734
  20
-731.857910
  0
VERTEX
  8
1
  10
-58979.033203
  20
-731.857910
  0
VERTEX
  8
1
  10
-58983.247070
  20
-731.857910
  0
VERTEX
  8
1
  10
-58989.248047
  20
-731.857910
  0
VERTEX
  8
1
  10
-58989.248047
  20
-731.857910
  0
VERTEX
  8
1
  10
-58999.707031
  20
-731.857910
  0
VERTEX
  8
1
  10
-59009.980469
  20
-731.857910
  0
VERTEX
  8
1
  10
-59020.175781
  20
-731.857910
  0
VERTEX
  8
1
  10
-59030.336914
  20
-731.857910
  0
VERTEX
  8
1
  10
-59040.498047
  20
-731.857910
  0
VERTEX
  8
1
  10
-59050.620117
  20
-731.857910
  0
VERTEX
  8
1
  10
-59060.781250
  20
-731.857910
  0
VERTEX
  8
1
  10
-59070.942383
  20
-731.857910
  0
VERTEX
  8
1
  10
-59081.059570
  20
-731.857910
  0
VERTEX
  8
1
  10
-59091.220703
  20
-731.857910
  0
VERTEX
  8
1
  10
-59101.381836
  20
-731.857910
  0
VERTEX
  8
1
  10
-59111.694336
  20
-731.857910
  0
VERTEX
  8
1
  10
-59122.109375
  20
-731.857910
  0
SEQEND
  8
1
  0
POINT
  8
2
 10
-59134.248047
 20
-731.857910
  0
TEXT
  8
2
 10
-59134.248047
 20
-731.857910
 40
0.000000
 50
0.000000
  1
# 227
  0
POINT
  8
2
 10
-59134.248047
 20
-673.827362
  0
TEXT
  8
2
 10
-59134.248047
 20
-673.827362
 40
0.000000
 50
0.000000
  1
# 228
  0
POINT
  8
2
 10
-58925.283203
 20
-673.859863
  0
TEXT
  8
2
 10
-58925.283203
 20
-673.859863
 40
0.000000
 50
0.000000
  1
# 229
  0
POINT
  8
2
 10
-58925.239258
 20
-731.857910
  0
TEXT
  8
2
 10
-58925.239258
 20
-731.857910
 40
0.000000
 50
0.000000
  1
# 230
  0
POINT
  8
2
 10
-58989.248047
 20
-731.857910
  0
TEXT
  8
2
 10
-58989.248047
 20
-731.857910
 40
0.000000
 50
0.000000
  1
# 231
  0
POINT
  8
3
 10
-59121.870117
 20
-673.829346
  0
POINT
  8
3
 10
-59110.737305
 20
-673.831100
  0
POINT
  8
3
 10
-59100.439453
 20
-673.832703
  0
POINT
  8
3
 10
-59090.263672
 20
-673.834229
  0
POINT
  8
3
 10
-59080.019531
 20
-673.835831
  0
POINT
  8
3
 10
-59069.663086
 20
-673.837433
  0
POINT
  8
3
 10
-59059.306641
 20
-673.839035
  0
POINT
  8
3
 10
-59048.945313
 20
-673.840637
  0
POINT
  8
3
 10
-59038.588867
 20
-673.842316
  0
POINT
  8
3
 10
-59028.305664
 20
-673.843918
  0
POINT
  8
3
 10
-59017.944336
 20
-673.845520
  0
POINT
  8
3
 10
-59007.587891
 20
-673.847122
  0
POINT
  8
3
 10
-58997.294922
 20
-673.848724
  0
POINT
  8
3
 10
-58986.938477
 20
-673.850327
  0
POINT
  8
3
 10
-58976.582031
 20
-673.851929
  0
POINT
  8
3
 10
-58966.469727
 20
-673.853531
  0
POINT
  8
3
 10
-58956.352539
 20
-673.855057
  0
POINT
  8
3
 10
-58946.411133
 20
-673.856659
  0
POINT
  8
3
 10
-58937.060547
 20
-673.858032
  0
POINT
  8
3
 10
-58925.268555
 20
-694.352188
  0
POINT
  8
3
 10
-58925.258789
 20
-704.551010
  0
POINT
  8
3
 10
-58925.253906
 20
-714.498062
  0
POINT
  8
3
 10
-58948.784180
 20
-731.857910
  0
POINT
  8
3
 10
-58958.867188
 20
-731.857910
  0
POINT
  8
3
 10
-58969.052734
 20
-731.857910
  0
POINT
  8
3
 10
-58979.033203
 20
-731.857910
  0
POINT
  8
3
 10
-58983.247070
 20
-731.857910
  0
POINT
  8
3
 10
-58989.248047
 20
-731.857910
  0
POINT
  8
3
 10
-58999.707031
 20
-731.857910
  0
POINT
  8
3
 10
-59009.980469
 20
-731.857910
  0
POINT
  8
3
 10
-59020.175781
 20
-731.857910
  0
POINT
  8
3
 10
-59030.336914
 20
-731.857910
  0
POINT
  8
3
 10
-59040.498047
 20
-731.857910
  0
POINT
  8
3
 10
-59050.620117
 20
-731.857910
  0
POINT
  8
3
 10
-59060.781250
 20
-731.857910
  0
POINT
  8
3
 10
-59070.942383
 20
-731.857910
  0
POINT
  8
3
 10
-59081.059570
 20
-731.857910
  0
POINT
  8
3
 10
-59091.220703
 20
-731.857910
  0
POINT
  8
3
 10
-59101.381836
 20
-731.857910
  0
POINT
  8
3
 10
-59111.694336
 20
-731.857910
  0
POINT
  8
3
 10
-59122.109375
 20
-731.857910
  0
POINT
  8
4
 10
-58983.247070
 20
-731.857910
 30
1.000000
 50
 90.00
  0
TEXT
  8
4
 10
-58983.247070
 20
-731.857910
 40
0.000000
 50
0.000000
  1
# 232
  0
POINT
  8
4
 10
-58989.248047
 20
-731.857910
 30
1.000000
 50
 90.00
  0
TEXT
  8
4
 10
-58989.248047
 20
-731.857910
 40
0.000000
 50
0.000000
  1
# 233
  0
POLYLINE
  8
14
  66
1
  70
1
  0
VERTEX
  8
14
  10
-59121.250000
  20
-721.857910
  0
VERTEX
  8
14
  10
-59121.250000
  20
-683.829422
  0
VERTEX
  8
14
  10
-59110.739915
  20
-683.831063
  0
VERTEX
  8
14
  10
-59100.438743
  20
-683.832668
  0
VERTEX
  8
14
  10
-59090.262907
  20
-683.834250
  0
VERTEX
  8
14
  10
-59080.022498
  20
-683.835838
  0
VERTEX
  8
14
  10
-59069.665268
  20
-683.837442
  0
VERTEX
  8
14
  10
-59059.307919
  20
-683.839051
  0
VERTEX
  8
14
  10
-59048.948862
  20
-683.840666
  0
VERTEX
  8
14
  10
-59038.591304
  20
-683.842283
  0
VERTEX
  8
14
  10
-59028.305491
  20
-683.843885
  0
VERTEX
  8
14
  10
-59017.948153
  20
-683.845491
  0
VERTEX
  8
14
  10
-59007.590927
  20
-683.847095
  0
VERTEX
  8
14
  10
-58997.295680
  20
-683.848693
  0
VERTEX
  8
14
  10
-58986.938542
  20
-683.850309
  0
VERTEX
  8
14
  10
-58976.581473
  20
-683.851930
  0
VERTEX
  8
14
  10
-58966.470858
  20
-683.853509
  0
VERTEX
  8
14
  10
-58956.355795
  20
-683.855082
  0
VERTEX
  8
14
  10
-58946.412029
  20
-683.856623
  0
VERTEX
  8
14
  10
-58938.276367
  20
-683.857880
  0
VERTEX
  8
14
  10
-58938.268269
  20
-694.362218
  0
VERTEX
  8
14
  10
-58938.260406
  20
-704.561064
  0
VERTEX
  8
14
  10
-58938.252737
  20
-714.508062
  0
VERTEX
  8
14
  10
-58938.247070
  20
-721.857910
  0
VERTEX
  8
14
  10
-58948.782529
  20
-721.857910
  0
VERTEX
  8
14
  10
-58958.865522
  20
-721.857910
  0
VERTEX
  8
14
  10
-58969.050498
  20
-721.857910
  0
VERTEX
  8
14
  10
-58979.031132
  20
-721.857910
  0
VERTEX
  8
14
  10
-58983.247070
  20
-721.857910
  0
VERTEX
  8
14
  10
-58989.248047
  20
-721.857910
  0
VERTEX
  8
14
  10
-58989.248047
  20
-721.857910
  0
VERTEX
  8
14
  10
-58999.708277
  20
-721.857910
  0
VERTEX
  8
14
  10
-59009.981441
  20
-721.857910
  0
VERTEX
  8
14
  10
-59020.176808
  20
-721.857910
  0
VERTEX
  8
14
  10
-59030.337217
  20
-721.857910
  0
VERTEX
  8
14
  10
-59040.497582
  20
-721.857910
  0
VERTEX
  8
14
  10
-59050.621756
  20
-721.857910
  0
VERTEX
  8
14
  10
-59060.781980
  20
-721.857910
  0
VERTEX
  8
14
  10
-59070.942125
  20
-721.857910
  0
VERTEX
  8
14
  10
-59081.061154
  20
-721.857910
  0
VERTEX
  8
14
  10
-59091.221083
  20
-721.857910
  0
VERTEX
  8
14
  10
-59101.380918
  20
-721.857910
  0
VERTEX
  8
14
  10
-59111.694698
  20
-721.857910
  0
SEQEND
  8
14
  0
POINT
  8
2
 10
-59121.250000
 20
-721.857910
  0
TEXT
  8
2
 10
-59121.250000
 20
-721.857910
 40
0.000000
 50
0.000000
  1
# 234
  0
POINT
  8
2
 10
-59121.250000
 20
-683.829422
  0
TEXT
  8
2
 10
-59121.250000
 20
-683.829422
 40
0.000000
 50
0.000000
  1
# 235
  0
POINT
  8
2
 10
-58938.276367
 20
-683.857880
  0
TEXT
  8
2
 10
-58938.276367
 20
-683.857880
 40
0.000000
 50
0.000000
  1
# 236
  0
POINT
  8
2
 10
-58938.247070
 20
-721.857910
  0
TEXT
  8
2
 10
-58938.247070
 20
-721.857910
 40
0.000000
 50
0.000000
  1
# 237
  0
POINT
  8
2
 10
-58989.248047
 20
-721.857910
  0
TEXT
  8
2
 10
-58989.248047
 20
-721.857910
 40
0.000000
 50
0.000000
  1
# 238
  0
POINT
  8
3
 10
-59110.739915
 20
-683.831063
  0
POINT
  8
3
 10
-59100.438743
 20
-683.832668
  0
POINT
  8
3
 10
-59090.262907
 20
-683.834250
  0
POINT
  8
3
 10
-59080.022498
 20
-683.835838
  0
POINT
  8
3
 10
-59069.665268
 20
-683.837442
  0
POINT
  8
3
 10
-59059.307919
 20
-683.839051
  0
POINT
  8
3
 10
-59048.948862
 20
-683.840666
  0
POINT
  8
3
 10
-59038.591304
 20
-683.842283
  0
POINT
  8
3
 10
-59028.305491
 20
-683.843885
  0
POINT
  8
3
 10
-59017.948153
 20
-683.845491
  0
POINT
  8
3
 10
-59007.590927
 20
-683.847095
  0
POINT
  8
3
 10
-58997.295680
 20
-683.848693
  0
POINT
  8
3
 10
-58986.938542
 20
-683.850309
  0
POINT
  8
3
 10
-58976.581473
 20
-683.851930
  0
POINT
  8
3
 10
-58966.470858
 20
-683.853509
  0
POINT
  8
3
 10
-58956.355795
 20
-683.855082
  0
POINT
  8
3
 10
-58946.412029
 20
-683.856623
  0
POINT
  8
3
 10
-58938.268269
 20
-694.362218
  0
POINT
  8
3
 10
-58938.260406
 20
-704.561064
  0
POINT
  8
3
 10
-58938.252737
 20
-714.508062
  0
POINT
  8
3
 10
-58948.782529
 20
-721.857910
  0
POINT
  8
3
 10
-58958.865522
 20
-721.857910
  0
POINT
  8
3
 10
-58969.050498
 20
-721.857910
  0
POINT
  8
3
 10
-58979.031132
 20
-721.857910
  0
POINT
  8
3
 10
-58983.247070
 20
-721.857910
  0
POINT
  8
3
 10
-58989.248047
 20
-721.857910
  0
POINT
  8
3
 10
-58999.708277
 20
-721.857910
  0
POINT
  8
3
 10
-59009.981441
 20
-721.857910
  0
POINT
  8
3
 10
-59020.176808
 20
-721.857910
  0
POINT
  8
3
 10
-59030.337217
 20
-721.857910
  0
POINT
  8
3
 10
-59040.497582
 20
-721.857910
  0
POINT
  8
3
 10
-59050.621756
 20
-721.857910
  0
POINT
  8
3
 10
-59060.781980
 20
-721.857910
  0
POINT
  8
3
 10
-59070.942125
 20
-721.857910
  0
POINT
  8
3
 10
-59081.061154
 20
-721.857910
  0
POINT
  8
3
 10
-59091.221083
 20
-721.857910
  0
POINT
  8
3
 10
-59101.380918
 20
-721.857910
  0
POINT
  8
3
 10
-59111.694698
 20
-721.857910
  0
POINT
  8
4
 10
-58983.247070
 20
-721.857910
 30
1.000000
 50
 90.00
  0
TEXT
  8
4
 10
-58983.247070
 20
-721.857910
 40
0.000000
 50
0.000000
  1
# 239
  0
POINT
  8
4
 10
-58989.248047
 20
-721.857910
 30
1.000000
 50
 90.00
  0
TEXT
  8
4
 10
-58989.248047
 20
-721.857910
 40
0.000000
 50
0.000000
  1
# 240
 0
LINE
 8
7
 10
-59078.647461
 20
-705.295258
 11
-58949.946289
 21
-705.295258
  0
TEXT
  8
1
 10
-59029.743652
 20
-702.842636
 40
10.000000
 50
0.000000
  1
Piece Name: 26SMC-WP115M 展_左前腰里_175/84
  0
TEXT
  8
1
 10
-59029.743652
 20
-687.842636
 40
10.000000
 50
0.000000
  1
Size: 175/84
  0
TEXT
  8
1
 10
-59029.743652
 20
-672.842636
 40
10.000000
 50
0.000000
  1
Annotation: 
  0
TEXT
  8
1
 10
-59029.743652
 20
-657.842636
 40
10.000000
 50
0.000000
  1
Quantity: 1
  0
TEXT
  8
1
 10
-59029.743652
 20
-642.842636
 40
10.000000
 50
0.000000
  1
Material: 面
  0
TEXT
  8
1
 10
-59029.743652
 20
-642.842636
 40
10.000000
 50
0.000000
  1
Category: 3
0
ENDBLK
0
BLOCK
  8
1
  2
26SMC-WP115M 展_腰里中_175/84
 70
0
 10
0.0
 20
0.0
  0
POLYLINE
  8
1
  66
1
  70
1
  0
VERTEX
  8
1
  10
-59465.932617
  20
-733.747787
  0
VERTEX
  8
1
  10
-59476.264648
  20
-733.747787
  0
VERTEX
  8
1
  10
-59486.586914
  20
-733.747787
  0
VERTEX
  8
1
  10
-59496.850586
  20
-733.747787
  0
VERTEX
  8
1
  10
-59507.021484
  20
-733.747787
  0
VERTEX
  8
1
  10
-59517.192383
  20
-733.747787
  0
VERTEX
  8
1
  10
-59527.211914
  20
-733.747787
  0
VERTEX
  8
1
  10
-59537.382813
  20
-733.747787
  0
VERTEX
  8
1
  10
-59547.558594
  20
-733.747787
  0
VERTEX
  8
1
  10
-59557.890625
  20
-733.747787
  0
VERTEX
  8
1
  10
-59568.061523
  20
-733.747787
  0
VERTEX
  8
1
  10
-59578.232422
  20
-733.747787
  0
VERTEX
  8
1
  10
-59588.564453
  20
-733.747787
  0
VERTEX
  8
1
  10
-59598.735352
  20
-733.747787
  0
VERTEX
  8
1
  10
-59608.911133
  20
-733.747787
  0
VERTEX
  8
1
  10
-59619.248047
  20
-733.747787
  0
VERTEX
  8
1
  10
-59629.418945
  20
-733.747787
  0
VERTEX
  8
1
  10
-59639.589844
  20
-733.747787
  0
VERTEX
  8
1
  10
-59649.921875
  20
-733.747787
  0
VERTEX
  8
1
  10
-59660.092773
  20
-733.747787
  0
VERTEX
  8
1
  10
-59670.263672
  20
-733.747787
  0
VERTEX
  8
1
  10
-59680.483398
  20
-733.747787
  0
VERTEX
  8
1
  10
-59690.654297
  20
-733.747787
  0
VERTEX
  8
1
  10
-59700.825195
  20
-733.747787
  0
VERTEX
  8
1
  10
-59701.875000
  20
-733.747787
  0
VERTEX
  8
1
  10
-59710.834961
  20
-733.747787
  0
VERTEX
  8
1
  10
-59720.795898
  20
-733.747787
  0
VERTEX
  8
1
  10
-59730.742188
  20
-733.747787
  0
VERTEX
  8
1
  10
-59735.341797
  20
-733.747787
  0
VERTEX
  8
1
  10
-59746.875000
  20
-733.747787
  0
VERTEX
  8
1
  10
-59746.875000
  20
-675.626450
  0
VERTEX
  8
1
  10
-59733.032227
  20
-675.628662
  0
VERTEX
  8
1
  10
-59721.499023
  20
-675.630417
  0
VERTEX
  8
1
  10
-59711.142578
  20
-675.632019
  0
VERTEX
  8
1
  10
-59701.137695
  20
-675.633621
  0
VERTEX
  8
1
  10
-59690.874023
  20
-675.635223
  0
VERTEX
  8
1
  10
-59680.605469
  20
-675.636826
  0
VERTEX
  8
1
  10
-59670.419922
  20
-675.638428
  0
VERTEX
  8
1
  10
-59660.156250
  20
-675.640030
  0
VERTEX
  8
1
  10
-59649.887695
  20
-675.641556
  0
VERTEX
  8
1
  10
-59639.663086
  20
-675.643158
  0
VERTEX
  8
1
  10
-59629.394531
  20
-675.644760
  0
VERTEX
  8
1
  10
-59619.130859
  20
-675.646362
  0
VERTEX
  8
1
  10
-59609.125977
  20
-675.647888
  0
VERTEX
  8
1
  10
-59598.857422
  20
-675.649490
  0
VERTEX
  8
1
  10
-59588.588867
  20
-675.651093
  0
VERTEX
  8
1
  10
-59578.344727
  20
-675.652695
  0
VERTEX
  8
1
  10
-59568.081055
  20
-675.654297
  0
VERTEX
  8
1
  10
-59557.812500
  20
-675.655899
  0
VERTEX
  8
1
  10
-59547.587891
  20
-675.657578
  0
VERTEX
  8
1
  10
-59537.324219
  20
-675.659180
  0
VERTEX
  8
1
  10
-59527.060547
  20
-675.660706
  0
VERTEX
  8
1
  10
-59516.904297
  20
-675.662308
  0
VERTEX
  8
1
  10
-59506.640625
  20
-675.663910
  0
VERTEX
  8
1
  10
-59496.376953
  20
-675.665436
  0
VERTEX
  8
1
  10
-59486.147461
  20
-675.667038
  0
VERTEX
  8
1
  10
-59475.878906
  20
-675.668640
  0
VERTEX
  8
1
  10
-59465.615234
  20
-675.670242
  0
VERTEX
  8
1
  10
-59455.346680
  20
-675.671844
  0
VERTEX
  8
1
  10
-59445.078125
  20
-675.673447
  0
VERTEX
  8
1
  10
-59434.814453
  20
-675.674973
  0
VERTEX
  8
1
  10
-59424.589844
  20
-675.676575
  0
VERTEX
  8
1
  10
-59414.326172
  20
-675.678177
  0
VERTEX
  8
1
  10
-59404.057617
  20
-675.679779
  0
VERTEX
  8
1
  10
-59393.989258
  20
-675.681381
  0
VERTEX
  8
1
  10
-59383.725586
  20
-675.682983
  0
VERTEX
  8
1
  10
-59373.457031
  20
-675.684586
  0
VERTEX
  8
1
  10
-59363.232422
  20
-675.686111
  0
VERTEX
  8
1
  10
-59352.968750
  20
-675.687714
  0
VERTEX
  8
1
  10
-59342.705078
  20
-675.689316
  0
VERTEX
  8
1
  10
-59332.646484
  20
-675.690918
  0
VERTEX
  8
1
  10
-59322.382813
  20
-675.692520
  0
VERTEX
  8
1
  10
-59312.114258
  20
-675.694122
  0
VERTEX
  8
1
  10
-59301.889648
  20
-675.695724
  0
VERTEX
  8
1
  10
-59291.625977
  20
-675.697327
  0
VERTEX
  8
1
  10
-59281.357422
  20
-675.698929
  0
VERTEX
  8
1
  10
-59271.113281
  20
-675.700531
  0
VERTEX
  8
1
  10
-59260.849609
  20
-675.702133
  0
VERTEX
  8
1
  10
-59250.585938
  20
-675.703735
  0
VERTEX
  8
1
  10
-59240.356445
  20
-675.705261
  0
VERTEX
  8
1
  10
-59230.087891
  20
-675.706863
  0
VERTEX
  8
1
  10
-59219.824219
  20
-675.708466
  0
VERTEX
  8
1
  10
-59209.770508
  20
-675.709991
  0
VERTEX
  8
1
  10
-59198.686523
  20
-675.711746
  0
VERTEX
  8
1
  10
-59184.990234
  20
-675.713806
  0
VERTEX
  8
1
  10
-59184.990234
  20
-733.747787
  0
VERTEX
  8
1
  10
-59198.833008
  20
-733.747787
  0
VERTEX
  8
1
  10
-59210.356445
  20
-733.747787
  0
VERTEX
  8
1
  10
-59220.698242
  20
-733.747787
  0
VERTEX
  8
1
  10
-59229.990234
  20
-733.747787
  0
VERTEX
  8
1
  10
-59230.742188
  20
-733.747787
  0
VERTEX
  8
1
  10
-59241.245117
  20
-733.747787
  0
VERTEX
  8
1
  10
-59251.411133
  20
-733.747787
  0
VERTEX
  8
1
  10
-59261.547852
  20
-733.747787
  0
VERTEX
  8
1
  10
-59271.708984
  20
-733.747787
  0
VERTEX
  8
1
  10
-59281.875000
  20
-733.747787
  0
VERTEX
  8
1
  10
-59292.158203
  20
-733.747787
  0
VERTEX
  8
1
  10
-59302.324219
  20
-733.747787
  0
VERTEX
  8
1
  10
-59312.490234
  20
-733.747787
  0
VERTEX
  8
1
  10
-59322.812500
  20
-733.747787
  0
VERTEX
  8
1
  10
-59332.978516
  20
-733.747787
  0
VERTEX
  8
1
  10
-59343.144531
  20
-733.747787
  0
VERTEX
  8
1
  10
-59353.471680
  20
-733.747787
  0
VERTEX
  8
1
  10
-59363.632813
  20
-733.747787
  0
VERTEX
  8
1
  10
-59373.798828
  20
-733.747787
  0
VERTEX
  8
1
  10
-59384.121094
  20
-733.747787
  0
VERTEX
  8
1
  10
-59394.287109
  20
-733.747787
  0
VERTEX
  8
1
  10
-59404.453125
  20
-733.747787
  0
VERTEX
  8
1
  10
-59414.780273
  20
-733.747787
  0
VERTEX
  8
1
  10
-59424.941406
  20
-733.747787
  0
VERTEX
  8
1
  10
-59435.107422
  20
-733.747787
  0
VERTEX
  8
1
  10
-59445.424805
  20
-733.747787
  0
VERTEX
  8
1
  10
-59455.620117
  20
-733.747787
  0
VERTEX
  8
1
  10
-59465.932617
  20
-733.747787
  0
SEQEND
  8
1
  0
POINT
  8
2
 10
-59465.932617
 20
-733.747787
  0
TEXT
  8
2
 10
-59465.932617
 20
-733.747787
 40
0.000000
 50
0.000000
  1
# 241
  0
POINT
  8
2
 10
-59746.875000
 20
-733.747787
  0
TEXT
  8
2
 10
-59746.875000
 20
-733.747787
 40
0.000000
 50
0.000000
  1
# 242
  0
POINT
  8
2
 10
-59746.875000
 20
-675.626450
  0
TEXT
  8
2
 10
-59746.875000
 20
-675.626450
 40
0.000000
 50
0.000000
  1
# 243
  0
POINT
  8
2
 10
-59184.990234
 20
-675.713806
  0
TEXT
  8
2
 10
-59184.990234
 20
-675.713806
 40
0.000000
 50
0.000000
  1
# 244
  0
POINT
  8
2
 10
-59184.990234
 20
-733.747787
  0
TEXT
  8
2
 10
-59184.990234
 20
-733.747787
 40
0.000000
 50
0.000000
  1
# 245
  0
POINT
  8
3
 10
-59476.264648
 20
-733.747787
  0
POINT
  8
3
 10
-59486.586914
 20
-733.747787
  0
POINT
  8
3
 10
-59496.850586
 20
-733.747787
  0
POINT
  8
3
 10
-59507.021484
 20
-733.747787
  0
POINT
  8
3
 10
-59517.192383
 20
-733.747787
  0
POINT
  8
3
 10
-59527.211914
 20
-733.747787
  0
POINT
  8
3
 10
-59537.382813
 20
-733.747787
  0
POINT
  8
3
 10
-59547.558594
 20
-733.747787
  0
POINT
  8
3
 10
-59557.890625
 20
-733.747787
  0
POINT
  8
3
 10
-59568.061523
 20
-733.747787
  0
POINT
  8
3
 10
-59578.232422
 20
-733.747787
  0
POINT
  8
3
 10
-59588.564453
 20
-733.747787
  0
POINT
  8
3
 10
-59598.735352
 20
-733.747787
  0
POINT
  8
3
 10
-59608.911133
 20
-733.747787
  0
POINT
  8
3
 10
-59619.248047
 20
-733.747787
  0
POINT
  8
3
 10
-59629.418945
 20
-733.747787
  0
POINT
  8
3
 10
-59639.589844
 20
-733.747787
  0
POINT
  8
3
 10
-59649.921875
 20
-733.747787
  0
POINT
  8
3
 10
-59660.092773
 20
-733.747787
  0
POINT
  8
3
 10
-59670.263672
 20
-733.747787
  0
POINT
  8
3
 10
-59680.483398
 20
-733.747787
  0
POINT
  8
3
 10
-59690.654297
 20
-733.747787
  0
POINT
  8
3
 10
-59700.825195
 20
-733.747787
  0
POINT
  8
3
 10
-59701.875000
 20
-733.747787
  0
POINT
  8
3
 10
-59710.834961
 20
-733.747787
  0
POINT
  8
3
 10
-59720.795898
 20
-733.747787
  0
POINT
  8
3
 10
-59730.742188
 20
-733.747787
  0
POINT
  8
3
 10
-59735.341797
 20
-733.747787
  0
POINT
  8
3
 10
-59733.032227
 20
-675.628662
  0
POINT
  8
3
 10
-59721.499023
 20
-675.630417
  0
POINT
  8
3
 10
-59711.142578
 20
-675.632019
  0
POINT
  8
3
 10
-59701.137695
 20
-675.633621
  0
POINT
  8
3
 10
-59690.874023
 20
-675.635223
  0
POINT
  8
3
 10
-59680.605469
 20
-675.636826
  0
POINT
  8
3
 10
-59670.419922
 20
-675.638428
  0
POINT
  8
3
 10
-59660.156250
 20
-675.640030
  0
POINT
  8
3
 10
-59649.887695
 20
-675.641556
  0
POINT
  8
3
 10
-59639.663086
 20
-675.643158
  0
POINT
  8
3
 10
-59629.394531
 20
-675.644760
  0
POINT
  8
3
 10
-59619.130859
 20
-675.646362
  0
POINT
  8
3
 10
-59609.125977
 20
-675.647888
  0
POINT
  8
3
 10
-59598.857422
 20
-675.649490
  0
POINT
  8
3
 10
-59588.588867
 20
-675.651093
  0
POINT
  8
3
 10
-59578.344727
 20
-675.652695
  0
POINT
  8
3
 10
-59568.081055
 20
-675.654297
  0
POINT
  8
3
 10
-59557.812500
 20
-675.655899
  0
POINT
  8
3
 10
-59547.587891
 20
-675.657578
  0
POINT
  8
3
 10
-59537.324219
 20
-675.659180
  0
POINT
  8
3
 10
-59527.060547
 20
-675.660706
  0
POINT
  8
3
 10
-59516.904297
 20
-675.662308
  0
POINT
  8
3
 10
-59506.640625
 20
-675.663910
  0
POINT
  8
3
 10
-59496.376953
 20
-675.665436
  0
POINT
  8
3
 10
-59486.147461
 20
-675.667038
  0
POINT
  8
3
 10
-59475.878906
 20
-675.668640
  0
POINT
  8
3
 10
-59465.615234
 20
-675.670242
  0
POINT
  8
3
 10
-59455.346680
 20
-675.671844
  0
POINT
  8
3
 10
-59445.078125
 20
-675.673447
  0
POINT
  8
3
 10
-59434.814453
 20
-675.674973
  0
POINT
  8
3
 10
-59424.589844
 20
-675.676575
  0
POINT
  8
3
 10
-59414.326172
 20
-675.678177
  0
POINT
  8
3
 10
-59404.057617
 20
-675.679779
  0
POINT
  8
3
 10
-59393.989258
 20
-675.681381
  0
POINT
  8
3
 10
-59383.725586
 20
-675.682983
  0
POINT
  8
3
 10
-59373.457031
 20
-675.684586
  0
POINT
  8
3
 10
-59363.232422
 20
-675.686111
  0
POINT
  8
3
 10
-59352.968750
 20
-675.687714
  0
POINT
  8
3
 10
-59342.705078
 20
-675.689316
  0
POINT
  8
3
 10
-59332.646484
 20
-675.690918
  0
POINT
  8
3
 10
-59322.382813
 20
-675.692520
  0
POINT
  8
3
 10
-59312.114258
 20
-675.694122
  0
POINT
  8
3
 10
-59301.889648
 20
-675.695724
  0
POINT
  8
3
 10
-59291.625977
 20
-675.697327
  0
POINT
  8
3
 10
-59281.357422
 20
-675.698929
  0
POINT
  8
3
 10
-59271.113281
 20
-675.700531
  0
POINT
  8
3
 10
-59260.849609
 20
-675.702133
  0
POINT
  8
3
 10
-59250.585938
 20
-675.703735
  0
POINT
  8
3
 10
-59240.356445
 20
-675.705261
  0
POINT
  8
3
 10
-59230.087891
 20
-675.706863
  0
POINT
  8
3
 10
-59219.824219
 20
-675.708466
  0
POINT
  8
3
 10
-59209.770508
 20
-675.709991
  0
POINT
  8
3
 10
-59198.686523
 20
-675.711746
  0
POINT
  8
3
 10
-59198.833008
 20
-733.747787
  0
POINT
  8
3
 10
-59210.356445
 20
-733.747787
  0
POINT
  8
3
 10
-59220.698242
 20
-733.747787
  0
POINT
  8
3
 10
-59229.990234
 20
-733.747787
  0
POINT
  8
3
 10
-59230.742188
 20
-733.747787
  0
POINT
  8
3
 10
-59241.245117
 20
-733.747787
  0
POINT
  8
3
 10
-59251.411133
 20
-733.747787
  0
POINT
  8
3
 10
-59261.547852
 20
-733.747787
  0
POINT
  8
3
 10
-59271.708984
 20
-733.747787
  0
POINT
  8
3
 10
-59281.875000
 20
-733.747787
  0
POINT
  8
3
 10
-59292.158203
 20
-733.747787
  0
POINT
  8
3
 10
-59302.324219
 20
-733.747787
  0
POINT
  8
3
 10
-59312.490234
 20
-733.747787
  0
POINT
  8
3
 10
-59322.812500
 20
-733.747787
  0
POINT
  8
3
 10
-59332.978516
 20
-733.747787
  0
POINT
  8
3
 10
-59343.144531
 20
-733.747787
  0
POINT
  8
3
 10
-59353.471680
 20
-733.747787
  0
POINT
  8
3
 10
-59363.632813
 20
-733.747787
  0
POINT
  8
3
 10
-59373.798828
 20
-733.747787
  0
POINT
  8
3
 10
-59384.121094
 20
-733.747787
  0
POINT
  8
3
 10
-59394.287109
 20
-733.747787
  0
POINT
  8
3
 10
-59404.453125
 20
-733.747787
  0
POINT
  8
3
 10
-59414.780273
 20
-733.747787
  0
POINT
  8
3
 10
-59424.941406
 20
-733.747787
  0
POINT
  8
3
 10
-59435.107422
 20
-733.747787
  0
POINT
  8
3
 10
-59445.424805
 20
-733.747787
  0
POINT
  8
3
 10
-59455.620117
 20
-733.747787
  0
POINT
  8
3
 10
-59465.932617
 20
-733.747787
  0
POINT
  8
4
 10
-59701.875000
 20
-733.747787
 30
1.000000
 50
 90.00
  0
TEXT
  8
4
 10
-59701.875000
 20
-733.747787
 40
0.000000
 50
0.000000
  1
# 246
  0
POINT
  8
4
 10
-59229.990234
 20
-733.747787
 30
1.000000
 50
 90.00
  0
TEXT
  8
4
 10
-59229.990234
 20
-733.747787
 40
0.000000
 50
0.000000
  1
# 247
  0
POINT
  8
4
 10
-59465.932617
 20
-733.747787
 30
1.000000
 50
 90.00
  0
TEXT
  8
4
 10
-59465.932617
 20
-733.747787
 40
0.000000
 50
0.000000
  1
# 248
  0
POLYLINE
  8
14
  66
1
  70
1
  0
VERTEX
  8
14
  10
-59465.932617
  20
-723.747787
  0
VERTEX
  8
14
  10
-59476.264626
  20
-723.747787
  0
VERTEX
  8
14
  10
-59486.587026
  20
-723.747787
  0
VERTEX
  8
14
  10
-59496.848263
  20
-723.747787
  0
VERTEX
  8
14
  10
-59507.019667
  20
-723.747787
  0
VERTEX
  8
14
  10
-59517.191392
  20
-723.747787
  0
VERTEX
  8
14
  10
-59527.212470
  20
-723.747787
  0
VERTEX
  8
14
  10
-59537.384395
  20
-723.747787
  0
VERTEX
  8
14
  10
-59547.556206
  20
-723.747787
  0
VERTEX
  8
14
  10
-59557.889461
  20
-723.747787
  0
VERTEX
  8
14
  10
-59568.060749
  20
-723.747787
  0
VERTEX
  8
14
  10
-59578.231987
  20
-723.747787
  0
VERTEX
  8
14
  10
-59588.565183
  20
-723.747787
  0
VERTEX
  8
14
  10
-59598.737111
  20
-723.747787
  0
VERTEX
  8
14
  10
-59608.909117
  20
-723.747787
  0
VERTEX
  8
14
  10
-59619.247341
  20
-723.747787
  0
VERTEX
  8
14
  10
-59629.418436
  20
-723.747787
  0
VERTEX
  8
14
  10
-59639.589352
  20
-723.747787
  0
VERTEX
  8
14
  10
-59649.920104
  20
-723.747787
  0
VERTEX
  8
14
  10
-59660.091882
  20
-723.747787
  0
VERTEX
  8
14
  10
-59670.263802
  20
-723.747787
  0
VERTEX
  8
14
  10
-59680.484707
  20
-723.747787
  0
VERTEX
  8
14
  10
-59690.655628
  20
-723.747787
  0
VERTEX
  8
14
  10
-59700.826346
  20
-723.747787
  0
VERTEX
  8
14
  10
-59701.875000
  20
-723.747787
  0
VERTEX
  8
14
  10
-59710.834513
  20
-723.747787
  0
VERTEX
  8
14
  10
-59720.798143
  20
-723.747787
  0
VERTEX
  8
14
  10
-59730.742012
  20
-723.747787
  0
VERTEX
  8
14
  10
-59731.875000
  20
-723.747787
  0
VERTEX
  8
14
  10
-59731.875000
  20
-685.628815
  0
VERTEX
  8
14
  10
-59721.500655
  20
-685.630429
  0
VERTEX
  8
14
  10
-59711.143973
  20
-685.632043
  0
VERTEX
  8
14
  10
-59701.140260
  20
-685.633602
  0
VERTEX
  8
14
  10
-59690.874415
  20
-685.635204
  0
VERTEX
  8
14
  10
-59680.609020
  20
-685.636806
  0
VERTEX
  8
14
  10
-59670.420367
  20
-685.638395
  0
VERTEX
  8
14
  10
-59660.155719
  20
-685.639992
  0
VERTEX
  8
14
  10
-59649.891083
  20
-685.641587
  0
VERTEX
  8
14
  10
-59639.663323
  20
-685.643176
  0
VERTEX
  8
14
  10
-59629.397649
  20
-685.644769
  0
VERTEX
  8
14
  10
-59619.131444
  20
-685.646363
  0
VERTEX
  8
14
  10
-59609.125316
  20
-685.647916
  0
VERTEX
  8
14
  10
-59598.858568
  20
-685.649510
  0
VERTEX
  8
14
  10
-59588.591768
  20
-685.651107
  0
VERTEX
  8
14
  10
-59578.347662
  20
-685.652708
  0
VERTEX
  8
14
  10
-59568.081130
  20
-685.654320
  0
VERTEX
  8
14
  10
-59557.814939
  20
-685.655935
  0
VERTEX
  8
14
  10
-59547.591327
  20
-685.657541
  0
VERTEX
  8
14
  10
-59537.326060
  20
-685.659145
  0
VERTEX
  8
14
  10
-59527.061137
  20
-685.660740
  0
VERTEX
  8
14
  10
-59516.906872
  20
-685.662309
  0
VERTEX
  8
14
  10
-59506.642060
  20
-685.663888
  0
VERTEX
  8
14
  10
-59496.376978
  20
-685.665465
  0
VERTEX
  8
14
  10
-59486.148610
  20
-685.667040
  0
VERTEX
  8
14
  10
-59475.882378
  20
-685.668627
  0
VERTEX
  8
14
  10
-59465.615923
  20
-685.670220
  0
VERTEX
  8
14
  10
-59455.347889
  20
-685.671816
  0
VERTEX
  8
14
  10
-59445.082056
  20
-685.673413
  0
VERTEX
  8
14
  10
-59434.816320
  20
-685.675010
  0
VERTEX
  8
14
  10
-59424.592482
  20
-685.676601
  0
VERTEX
  8
14
  10
-59414.326042
  20
-685.678199
  0
VERTEX
  8
14
  10
-59404.059439
  20
-685.679797
  0
VERTEX
  8
14
  10
-59393.991396
  20
-685.681363
  0
VERTEX
  8
14
  10
-59383.725289
  20
-685.682959
  0
VERTEX
  8
14
  10
-59373.459552
  20
-685.684555
  0
VERTEX
  8
14
  10
-59363.236333
  20
-685.686142
  0
VERTEX
  8
14
  10
-59352.971241
  20
-685.687737
  0
VERTEX
  8
14
  10
-59342.706193
  20
-685.689335
  0
VERTEX
  8
14
  10
-59332.647654
  20
-685.690907
  0
VERTEX
  8
14
  10
-59322.382078
  20
-685.692517
  0
VERTEX
  8
14
  10
-59312.116214
  20
-685.694129
  0
VERTEX
  8
14
  10
-59301.892280
  20
-685.695730
  0
VERTEX
  8
14
  10
-59291.626077
  20
-685.697331
  0
VERTEX
  8
14
  10
-59281.359980
  20
-685.698928
  0
VERTEX
  8
14
  10
-59271.116714
  20
-685.700521
  0
VERTEX
  8
14
  10
-59260.851054
  20
-685.702116
  0
VERTEX
  8
14
  10
-59250.585315
  20
-685.703709
  0
VERTEX
  8
14
  10
-59240.356451
  20
-685.705289
  0
VERTEX
  8
14
  10
-59230.089950
  20
-685.706870
  0
VERTEX
  8
14
  10
-59219.823551
  20
-685.708451
  0
VERTEX
  8
14
  10
-59209.773777
  20
-685.710002
  0
VERTEX
  8
14
  10
-59199.990234
  20
-685.706863
  0
VERTEX
  8
14
  10
-59199.990234
  20
-723.747787
  0
VERTEX
  8
14
  10
-59210.356395
  20
-723.747787
  0
VERTEX
  8
14
  10
-59220.698556
  20
-723.747787
  0
VERTEX
  8
14
  10
-59229.990234
  20
-723.747787
  0
VERTEX
  8
14
  10
-59230.742711
  20
-723.747787
  0
VERTEX
  8
14
  10
-59241.246205
  20
-723.747787
  0
VERTEX
  8
14
  10
-59251.410708
  20
-723.747787
  0
VERTEX
  8
14
  10
-59261.545629
  20
-723.747787
  0
VERTEX
  8
14
  10
-59271.710468
  20
-723.747787
  0
VERTEX
  8
14
  10
-59281.875504
  20
-723.747787
  0
VERTEX
  8
14
  10
-59292.160428
  20
-723.747787
  0
VERTEX
  8
14
  10
-59302.325601
  20
-723.747787
  0
VERTEX
  8
14
  10
-59312.490905
  20
-723.747787
  0
VERTEX
  8
14
  10
-59322.812358
  20
-723.747787
  0
VERTEX
  8
14
  10
-59332.978199
  20
-723.747787
  0
VERTEX
  8
14
  10
-59343.143992
  20
-723.747787
  0
VERTEX
  8
14
  10
-59353.470156
  20
-723.747787
  0
VERTEX
  8
14
  10
-59363.634949
  20
-723.747787
  0
VERTEX
  8
14
  10
-59373.799586
  20
-723.747787
  0
VERTEX
  8
14
  10
-59384.120408
  20
-723.747787
  0
VERTEX
  8
14
  10
-59394.285933
  20
-723.747787
  0
VERTEX
  8
14
  10
-59404.451658
  20
-723.747787
  0
VERTEX
  8
14
  10
-59414.777878
  20
-723.747787
  0
VERTEX
  8
14
  10
-59424.942845
  20
-723.747787
  0
VERTEX
  8
14
  10
-59435.107583
  20
-723.747787
  0
VERTEX
  8
14
  10
-59445.424516
  20
-723.747787
  0
VERTEX
  8
14
  10
-59455.617821
  20
-723.747787
  0
VERTEX
  8
14
  10
-59465.932617
  20
-723.747787
  0
SEQEND
  8
14
  0
POINT
  8
2
 10
-59465.932617
 20
-723.747787
  0
TEXT
  8
2
 10
-59465.932617
 20
-723.747787
 40
0.000000
 50
0.000000
  1
# 249
  0
POINT
  8
2
 10
-59731.875000
 20
-723.747787
  0
TEXT
  8
2
 10
-59731.875000
 20
-723.747787
 40
0.000000
 50
0.000000
  1
# 250
  0
POINT
  8
2
 10
-59731.875000
 20
-685.628815
  0
TEXT
  8
2
 10
-59731.875000
 20
-685.628815
 40
0.000000
 50
0.000000
  1
# 251
  0
POINT
  8
2
 10
-59199.990234
 20
-685.706863
  0
TEXT
  8
2
 10
-59199.990234
 20
-685.706863
 40
0.000000
 50
0.000000
  1
# 252
  0
POINT
  8
2
 10
-59199.990234
 20
-723.747787
  0
TEXT
  8
2
 10
-59199.990234
 20
-723.747787
 40
0.000000
 50
0.000000
  1
# 253
  0
POINT
  8
3
 10
-59476.264626
 20
-723.747787
  0
POINT
  8
3
 10
-59486.587026
 20
-723.747787
  0
POINT
  8
3
 10
-59496.848263
 20
-723.747787
  0
POINT
  8
3
 10
-59507.019667
 20
-723.747787
  0
POINT
  8
3
 10
-59517.191392
 20
-723.747787
  0
POINT
  8
3
 10
-59527.212470
 20
-723.747787
  0
POINT
  8
3
 10
-59537.384395
 20
-723.747787
  0
POINT
  8
3
 10
-59547.556206
 20
-723.747787
  0
POINT
  8
3
 10
-59557.889461
 20
-723.747787
  0
POINT
  8
3
 10
-59568.060749
 20
-723.747787
  0
POINT
  8
3
 10
-59578.231987
 20
-723.747787
  0
POINT
  8
3
 10
-59588.565183
 20
-723.747787
  0
POINT
  8
3
 10
-59598.737111
 20
-723.747787
  0
POINT
  8
3
 10
-59608.909117
 20
-723.747787
  0
POINT
  8
3
 10
-59619.247341
 20
-723.747787
  0
POINT
  8
3
 10
-59629.418436
 20
-723.747787
  0
POINT
  8
3
 10
-59639.589352
 20
-723.747787
  0
POINT
  8
3
 10
-59649.920104
 20
-723.747787
  0
POINT
  8
3
 10
-59660.091882
 20
-723.747787
  0
POINT
  8
3
 10
-59670.263802
 20
-723.747787
  0
POINT
  8
3
 10
-59680.484707
 20
-723.747787
  0
POINT
  8
3
 10
-59690.655628
 20
-723.747787
  0
POINT
  8
3
 10
-59700.826346
 20
-723.747787
  0
POINT
  8
3
 10
-59701.875000
 20
-723.747787
  0
POINT
  8
3
 10
-59710.834513
 20
-723.747787
  0
POINT
  8
3
 10
-59720.798143
 20
-723.747787
  0
POINT
  8
3
 10
-59730.742012
 20
-723.747787
  0
POINT
  8
3
 10
-59721.500655
 20
-685.630429
  0
POINT
  8
3
 10
-59711.143973
 20
-685.632043
  0
POINT
  8
3
 10
-59701.140260
 20
-685.633602
  0
POINT
  8
3
 10
-59690.874415
 20
-685.635204
  0
POINT
  8
3
 10
-59680.609020
 20
-685.636806
  0
POINT
  8
3
 10
-59670.420367
 20
-685.638395
  0
POINT
  8
3
 10
-59660.155719
 20
-685.639992
  0
POINT
  8
3
 10
-59649.891083
 20
-685.641587
  0
POINT
  8
3
 10
-59639.663323
 20
-685.643176
  0
POINT
  8
3
 10
-59629.397649
 20
-685.644769
  0
POINT
  8
3
 10
-59619.131444
 20
-685.646363
  0
POINT
  8
3
 10
-59609.125316
 20
-685.647916
  0
POINT
  8
3
 10
-59598.858568
 20
-685.649510
  0
POINT
  8
3
 10
-59588.591768
 20
-685.651107
  0
POINT
  8
3
 10
-59578.347662
 20
-685.652708
  0
POINT
  8
3
 10
-59568.081130
 20
-685.654320
  0
POINT
  8
3
 10
-59557.814939
 20
-685.655935
  0
POINT
  8
3
 10
-59547.591327
 20
-685.657541
  0
POINT
  8
3
 10
-59537.326060
 20
-685.659145
  0
POINT
  8
3
 10
-59527.061137
 20
-685.660740
  0
POINT
  8
3
 10
-59516.906872
 20
-685.662309
  0
POINT
  8
3
 10
-59506.642060
 20
-685.663888
  0
POINT
  8
3
 10
-59496.376978
 20
-685.665465
  0
POINT
  8
3
 10
-59486.148610
 20
-685.667040
  0
POINT
  8
3
 10
-59475.882378
 20
-685.668627
  0
POINT
  8
3
 10
-59465.615923
 20
-685.670220
  0
POINT
  8
3
 10
-59455.347889
 20
-685.671816
  0
POINT
  8
3
 10
-59445.082056
 20
-685.673413
  0
POINT
  8
3
 10
-59434.816320
 20
-685.675010
  0
POINT
  8
3
 10
-59424.592482
 20
-685.676601
  0
POINT
  8
3
 10
-59414.326042
 20
-685.678199
  0
POINT
  8
3
 10
-59404.059439
 20
-685.679797
  0
POINT
  8
3
 10
-59393.991396
 20
-685.681363
  0
POINT
  8
3
 10
-59383.725289
 20
-685.682959
  0
POINT
  8
3
 10
-59373.459552
 20
-685.684555
  0
POINT
  8
3
 10
-59363.236333
 20
-685.686142
  0
POINT
  8
3
 10
-59352.971241
 20
-685.687737
  0
POINT
  8
3
 10
-59342.706193
 20
-685.689335
  0
POINT
  8
3
 10
-59332.647654
 20
-685.690907
  0
POINT
  8
3
 10
-59322.382078
 20
-685.692517
  0
POINT
  8
3
 10
-59312.116214
 20
-685.694129
  0
POINT
  8
3
 10
-59301.892280
 20
-685.695730
  0
POINT
  8
3
 10
-59291.626077
 20
-685.697331
  0
POINT
  8
3
 10
-59281.359980
 20
-685.698928
  0
POINT
  8
3
 10
-59271.116714
 20
-685.700521
  0
POINT
  8
3
 10
-59260.851054
 20
-685.702116
  0
POINT
  8
3
 10
-59250.585315
 20
-685.703709
  0
POINT
  8
3
 10
-59240.356451
 20
-685.705289
  0
POINT
  8
3
 10
-59230.089950
 20
-685.706870
  0
POINT
  8
3
 10
-59219.823551
 20
-685.708451
  0
POINT
  8
3
 10
-59209.773777
 20
-685.710002
  0
POINT
  8
3
 10
-59210.356395
 20
-723.747787
  0
POINT
  8
3
 10
-59220.698556
 20
-723.747787
  0
POINT
  8
3
 10
-59229.990234
 20
-723.747787
  0
POINT
  8
3
 10
-59230.742711
 20
-723.747787
  0
POINT
  8
3
 10
-59241.246205
 20
-723.747787
  0
POINT
  8
3
 10
-59251.410708
 20
-723.747787
  0
POINT
  8
3
 10
-59261.545629
 20
-723.747787
  0
POINT
  8
3
 10
-59271.710468
 20
-723.747787
  0
POINT
  8
3
 10
-59281.875504
 20
-723.747787
  0
POINT
  8
3
 10
-59292.160428
 20
-723.747787
  0
POINT
  8
3
 10
-59302.325601
 20
-723.747787
  0
POINT
  8
3
 10
-59312.490905
 20
-723.747787
  0
POINT
  8
3
 10
-59322.812358
 20
-723.747787
  0
POINT
  8
3
 10
-59332.978199
 20
-723.747787
  0
POINT
  8
3
 10
-59343.143992
 20
-723.747787
  0
POINT
  8
3
 10
-59353.470156
 20
-723.747787
  0
POINT
  8
3
 10
-59363.634949
 20
-723.747787
  0
POINT
  8
3
 10
-59373.799586
 20
-723.747787
  0
POINT
  8
3
 10
-59384.120408
 20
-723.747787
  0
POINT
  8
3
 10
-59394.285933
 20
-723.747787
  0
POINT
  8
3
 10
-59404.451658
 20
-723.747787
  0
POINT
  8
3
 10
-59414.777878
 20
-723.747787
  0
POINT
  8
3
 10
-59424.942845
 20
-723.747787
  0
POINT
  8
3
 10
-59435.107583
 20
-723.747787
  0
POINT
  8
3
 10
-59445.424516
 20
-723.747787
  0
POINT
  8
3
 10
-59455.617821
 20
-723.747787
  0
POINT
  8
3
 10
-59465.932617
 20
-723.747787
  0
POINT
  8
4
 10
-59701.875000
 20
-723.747787
 30
1.000000
 50
 90.00
  0
TEXT
  8
4
 10
-59701.875000
 20
-723.747787
 40
0.000000
 50
0.000000
  1
# 254
  0
POINT
  8
4
 10
-59229.990234
 20
-723.747787
 30
1.000000
 50
 90.00
  0
TEXT
  8
4
 10
-59229.990234
 20
-723.747787
 40
0.000000
 50
0.000000
  1
# 255
  0
POINT
  8
4
 10
-59465.932617
 20
-723.747787
 30
1.000000
 50
 90.00
  0
TEXT
  8
4
 10
-59465.932617
 20
-723.747787
 40
0.000000
 50
0.000000
  1
# 256
  0
POLYLINE
  8
8
  66
1
  70
0
  0
VERTEX
  8
8
  10
-59465.932617
  20
-723.747787
  0
VERTEX
  8
8
  10
-59465.932617
  20
-685.670166
  0
SEQEND
  8
8
  0
POINT
  8
2
 10
-59465.932617
 20
-723.747787
  0
TEXT
  8
2
 10
-59465.932617
 20
-723.747787
 40
0.000000
 50
0.000000
  1
# 257
  0
POINT
  8
2
 10
-59465.932617
 20
-685.670166
  0
TEXT
  8
2
 10
-59465.932617
 20
-685.670166
 40
0.000000
 50
0.000000
  1
# 258
 0
LINE
 8
7
 10
-59620.263672
 20
-706.435699
 11
-59322.724609
 21
-706.435699
  0
TEXT
  8
1
 10
-59465.932617
 20
-704.687119
 40
10.000000
 50
0.000000
  1
Piece Name: 26SMC-WP115M 展_腰里中_175/84
  0
TEXT
  8
1
 10
-59465.932617
 20
-689.687119
 40
10.000000
 50
0.000000
  1
Size: 175/84
  0
TEXT
  8
1
 10
-59465.932617
 20
-674.687119
 40
10.000000
 50
0.000000
  1
Annotation: 
  0
TEXT
  8
1
 10
-59465.932617
 20
-659.687119
 40
10.000000
 50
0.000000
  1
Quantity: 1
  0
TEXT
  8
1
 10
-59465.932617
 20
-644.687119
 40
10.000000
 50
0.000000
  1
Material: 面
  0
TEXT
  8
1
 10
-59465.932617
 20
-644.687119
 40
10.000000
 50
0.000000
  1
Category: 4
0
ENDBLK
0
BLOCK
  8
1
  2
26SMC-WP115M 展_腰面_175/84
 70
0
 10
0.0
 20
0.0
  0
POLYLINE
  8
1
  66
1
  70
1
  0
VERTEX
  8
1
  10
-59017.988281
  20
-861.076050
  0
VERTEX
  8
1
  10
-59028.320313
  20
-861.076050
  0
VERTEX
  8
1
  10
-59038.647461
  20
-861.076050
  0
VERTEX
  8
1
  10
-59048.696289
  20
-861.076050
  0
VERTEX
  8
1
  10
-59058.833008
  20
-861.076050
  0
VERTEX
  8
1
  10
-59069.057617
  20
-861.076050
  0
VERTEX
  8
1
  10
-59079.169922
  20
-861.076050
  0
VERTEX
  8
1
  10
-59089.394531
  20
-861.076050
  0
VERTEX
  8
1
  10
-59099.619141
  20
-861.076050
  0
VERTEX
  8
1
  10
-59109.809570
  20
-861.076050
  0
VERTEX
  8
1
  10
-59120.039063
  20
-861.076050
  0
VERTEX
  8
1
  10
-59130.263672
  20
-861.076050
  0
VERTEX
  8
1
  10
-59140.458984
  20
-861.076050
  0
VERTEX
  8
1
  10
-59150.683594
  20
-861.076050
  0
VERTEX
  8
1
  10
-59160.913086
  20
-861.076050
  0
VERTEX
  8
1
  10
-59171.108398
  20
-861.076050
  0
VERTEX
  8
1
  10
-59181.333008
  20
-861.076050
  0
VERTEX
  8
1
  10
-59191.557617
  20
-861.076050
  0
VERTEX
  8
1
  10
-59201.752930
  20
-861.076050
  0
VERTEX
  8
1
  10
-59211.977539
  20
-861.076050
  0
VERTEX
  8
1
  10
-59222.207031
  20
-861.076050
  0
VERTEX
  8
1
  10
-59229.990234
  20
-861.076050
  0
VERTEX
  8
1
  10
-59232.397461
  20
-861.076050
  0
VERTEX
  8
1
  10
-59242.622070
  20
-861.076050
  0
VERTEX
  8
1
  10
-59252.846680
  20
-861.076050
  0
VERTEX
  8
1
  10
-59262.851563
  20
-861.076050
  0
VERTEX
  8
1
  10
-59273.076172
  20
-861.076050
  0
VERTEX
  8
1
  10
-59283.300781
  20
-861.076050
  0
VERTEX
  8
1
  10
-59293.505859
  20
-861.076050
  0
VERTEX
  8
1
  10
-59303.730469
  20
-861.076050
  0
VERTEX
  8
1
  10
-59313.955078
  20
-861.076050
  0
VERTEX
  8
1
  10
-59324.145508
  20
-861.076050
  0
VERTEX
  8
1
  10
-59334.375000
  20
-861.076050
  0
VERTEX
  8
1
  10
-59344.599609
  20
-861.076050
  0
VERTEX
  8
1
  10
-59354.794922
  20
-861.076050
  0
VERTEX
  8
1
  10
-59365.019531
  20
-861.076050
  0
VERTEX
  8
1
  10
-59375.244141
  20
-861.076050
  0
VERTEX
  8
1
  10
-59385.434570
  20
-861.076050
  0
VERTEX
  8
1
  10
-59395.664063
  20
-861.076050
  0
VERTEX
  8
1
  10
-59405.888672
  20
-861.076050
  0
VERTEX
  8
1
  10
-59416.083984
  20
-861.076050
  0
VERTEX
  8
1
  10
-59426.313477
  20
-861.076050
  0
VERTEX
  8
1
  10
-59436.538086
  20
-861.076050
  0
VERTEX
  8
1
  10
-59446.708984
  20
-861.076050
  0
VERTEX
  8
1
  10
-59456.708984
  20
-861.076050
  0
VERTEX
  8
1
  10
-59465.932617
  20
-861.076050
  0
VERTEX
  8
1
  10
-59465.932617
  20
-861.076050
  0
VERTEX
  8
1
  10
-59476.342773
  20
-861.076050
  0
VERTEX
  8
1
  10
-59486.401367
  20
-861.076050
  0
VERTEX
  8
1
  10
-59496.445313
  20
-861.076050
  0
VERTEX
  8
1
  10
-59506.743164
  20
-861.076050
  0
VERTEX
  8
1
  10
-59516.962891
  20
-861.076050
  0
VERTEX
  8
1
  10
-59526.875000
  20
-861.076050
  0
VERTEX
  8
1
  10
-59537.421875
  20
-861.076050
  0
VERTEX
  8
1
  10
-59547.636719
  20
-861.076050
  0
VERTEX
  8
1
  10
-59557.871094
  20
-861.076050
  0
VERTEX
  8
1
  10
-59568.085938
  20
-861.076050
  0
VERTEX
  8
1
  10
-59578.305664
  20
-861.076050
  0
VERTEX
  8
1
  10
-59588.535156
  20
-861.076050
  0
VERTEX
  8
1
  10
-59598.754883
  20
-861.076050
  0
VERTEX
  8
1
  10
-59608.974609
  20
-861.076050
  0
VERTEX
  8
1
  10
-59619.208984
  20
-861.076050
  0
VERTEX
  8
1
  10
-59629.428711
  20
-861.076050
  0
VERTEX
  8
1
  10
-59639.643555
  20
-861.076050
  0
VERTEX
  8
1
  10
-59649.892578
  20
-861.076050
  0
VERTEX
  8
1
  10
-59660.107422
  20
-861.076050
  0
VERTEX
  8
1
  10
-59670.327148
  20
-861.076050
  0
VERTEX
  8
1
  10
-59680.444336
  20
-861.076050
  0
VERTEX
  8
1
  10
-59690.659180
  20
-861.076050
  0
VERTEX
  8
1
  10
-59700.878906
  20
-861.076050
  0
VERTEX
  8
1
  10
-59701.875000
  20
-861.076050
  0
VERTEX
  8
1
  10
-59711.113281
  20
-861.076050
  0
VERTEX
  8
1
  10
-59721.328125
  20
-861.076050
  0
VERTEX
  8
1
  10
-59731.542969
  20
-861.076050
  0
VERTEX
  8
1
  10
-59741.801758
  20
-861.076050
  0
VERTEX
  8
1
  10
-59752.016602
  20
-861.076050
  0
VERTEX
  8
1
  10
-59762.231445
  20
-861.076050
  0
VERTEX
  8
1
  10
-59772.250977
  20
-861.076050
  0
VERTEX
  8
1
  10
-59782.465820
  20
-861.076050
  0
VERTEX
  8
1
  10
-59792.685547
  20
-861.076050
  0
VERTEX
  8
1
  10
-59802.875977
  20
-861.076050
  0
VERTEX
  8
1
  10
-59813.095703
  20
-861.076050
  0
VERTEX
  8
1
  10
-59823.310547
  20
-861.076050
  0
VERTEX
  8
1
  10
-59833.579102
  20
-861.076050
  0
VERTEX
  8
1
  10
-59843.798828
  20
-861.076050
  0
VERTEX
  8
1
  10
-59854.013672
  20
-861.076050
  0
VERTEX
  8
1
  10
-59864.033203
  20
-861.076050
  0
VERTEX
  8
1
  10
-59874.248047
  20
-861.076050
  0
VERTEX
  8
1
  10
-59884.467773
  20
-861.076050
  0
VERTEX
  8
1
  10
-59894.487305
  20
-861.076050
  0
VERTEX
  8
1
  10
-59904.550781
  20
-861.076050
  0
VERTEX
  8
1
  10
-59916.547852
  20
-861.076050
  0
VERTEX
  8
1
  10
-59933.876953
  20
-861.076050
  0
VERTEX
  8
1
  10
-59933.876953
  20
-840.110550
  0
VERTEX
  8
1
  10
-59933.876953
  20
-829.623795
  0
VERTEX
  8
1
  10
-59933.876953
  20
-819.342499
  0
VERTEX
  8
1
  10
-59933.876953
  20
-802.925720
  0
VERTEX
  8
1
  10
-59916.245117
  20
-802.928467
  0
VERTEX
  8
1
  10
-59903.354492
  20
-802.930450
  0
VERTEX
  8
1
  10
-59893.188477
  20
-802.932053
  0
VERTEX
  8
1
  10
-59882.690430
  20
-802.933731
  0
VERTEX
  8
1
  10
-59872.778320
  20
-802.935257
  0
VERTEX
  8
1
  10
-59862.041016
  20
-802.936859
  0
VERTEX
  8
1
  10
-59851.816406
  20
-802.938461
  0
VERTEX
  8
1
  10
-59841.704102
  20
-802.940063
  0
VERTEX
  8
1
  10
-59831.479492
  20
-802.941666
  0
VERTEX
  8
1
  10
-59821.254883
  20
-802.943192
  0
VERTEX
  8
1
  10
-59811.025391
  20
-802.944794
  0
VERTEX
  8
1
  10
-59801.015625
  20
-802.946396
  0
VERTEX
  8
1
  10
-59790.791016
  20
-802.947998
  0
VERTEX
  8
1
  10
-59780.561523
  20
-802.949524
  0
VERTEX
  8
1
  10
-59770.336914
  20
-802.951126
  0
VERTEX
  8
1
  10
-59760.209961
  20
-802.952728
  0
VERTEX
  8
1
  10
-59749.985352
  20
-802.954330
  0
VERTEX
  8
1
  10
-59739.760742
  20
-802.955933
  0
VERTEX
  8
1
  10
-59729.531250
  20
-802.957535
  0
VERTEX
  8
1
  10
-59719.306641
  20
-802.959137
  0
VERTEX
  8
1
  10
-59708.876953
  20
-802.960739
  0
VERTEX
  8
1
  10
-59698.647461
  20
-802.962341
  0
VERTEX
  8
1
  10
-59688.422852
  20
-802.963943
  0
VERTEX
  8
1
  10
-59678.198242
  20
-802.965469
  0
VERTEX
  8
1
  10
-59667.968750
  20
-802.967072
  0
VERTEX
  8
1
  10
-59657.534180
  20
-802.968674
  0
VERTEX
  8
1
  10
-59647.309570
  20
-802.970276
  0
VERTEX
  8
1
  10
-59637.080078
  20
-802.971878
  0
VERTEX
  8
1
  10
-59626.855469
  20
-802.973480
  0
VERTEX
  8
1
  10
-59616.630859
  20
-802.975006
  0
VERTEX
  8
1
  10
-59606.499023
  20
-802.976608
  0
VERTEX
  8
1
  10
-59596.269531
  20
-802.978210
  0
VERTEX
  8
1
  10
-59586.044922
  20
-802.979813
  0
VERTEX
  8
1
  10
-59575.815430
  20
-802.981415
  0
VERTEX
  8
1
  10
-59565.590820
  20
-802.983017
  0
VERTEX
  8
1
  10
-59555.566406
  20
-802.984543
  0
VERTEX
  8
1
  10
-59545.341797
  20
-802.986145
  0
VERTEX
  8
1
  10
-59535.117188
  20
-802.987747
  0
VERTEX
  8
1
  10
-59524.887695
  20
-802.989349
  0
VERTEX
  8
1
  10
-59514.663086
  20
-802.990875
  0
VERTEX
  8
1
  10
-59504.438477
  20
-802.992477
  0
VERTEX
  8
1
  10
-59494.311523
  20
-802.994080
  0
VERTEX
  8
1
  10
-59484.086914
  20
-802.995682
  0
VERTEX
  8
1
  10
-59473.857422
  20
-802.997284
  0
VERTEX
  8
1
  10
-59463.632813
  20
-802.998886
  0
VERTEX
  8
1
  10
-59453.408203
  20
-803.000412
  0
VERTEX
  8
1
  10
-59443.183594
  20
-803.002014
  0
VERTEX
  8
1
  10
-59432.753906
  20
-803.003693
  0
VERTEX
  8
1
  10
-59422.529297
  20
-803.005295
  0
VERTEX
  8
1
  10
-59412.299805
  20
-803.006821
  0
VERTEX
  8
1
  10
-59402.075195
  20
-803.008423
  0
VERTEX
  8
1
  10
-59391.845703
  20
-803.010025
  0
VERTEX
  8
1
  10
-59381.621094
  20
-803.011627
  0
VERTEX
  8
1
  10
-59371.201172
  20
-803.013229
  0
VERTEX
  8
1
  10
-59360.976563
  20
-803.014832
  0
VERTEX
  8
1
  10
-59350.747070
  20
-803.016434
  0
VERTEX
  8
1
  10
-59340.522461
  20
-803.018036
  0
VERTEX
  8
1
  10
-59330.292969
  20
-803.019638
  0
VERTEX
  8
1
  10
-59320.195313
  20
-803.021164
  0
VERTEX
  8
1
  10
-59309.965820
  20
-803.022766
  0
VERTEX
  8
1
  10
-59299.741211
  20
-803.024368
  0
VERTEX
  8
1
  10
-59289.516602
  20
-803.025970
  0
VERTEX
  8
1
  10
-59279.287109
  20
-803.027496
  0
VERTEX
  8
1
  10
-59269.062500
  20
-803.029099
  0
VERTEX
  8
1
  10
-59258.559570
  20
-803.030701
  0
VERTEX
  8
1
  10
-59248.334961
  20
-803.032303
  0
VERTEX
  8
1
  10
-59238.110352
  20
-803.033905
  0
VERTEX
  8
1
  10
-59227.880859
  20
-803.035507
  0
VERTEX
  8
1
  10
-59217.656250
  20
-803.037109
  0
VERTEX
  8
1
  10
-59207.578125
  20
-803.038712
  0
VERTEX
  8
1
  10
-59197.348633
  20
-803.040237
  0
VERTEX
  8
1
  10
-59187.124023
  20
-803.041840
  0
VERTEX
  8
1
  10
-59176.899414
  20
-803.043442
  0
VERTEX
  8
1
  10
-59166.674805
  20
-803.045044
  0
VERTEX
  8
1
  10
-59156.303711
  20
-803.046646
  0
VERTEX
  8
1
  10
-59146.079102
  20
-803.048248
  0
VERTEX
  8
1
  10
-59135.854492
  20
-803.049850
  0
VERTEX
  8
1
  10
-59125.625000
  20
-803.051376
  0
VERTEX
  8
1
  10
-59115.400391
  20
-803.052979
  0
VERTEX
  8
1
  10
-59105.043945
  20
-803.054581
  0
VERTEX
  8
1
  10
-59094.819336
  20
-803.056183
  0
VERTEX
  8
1
  10
-59084.589844
  20
-803.057785
  0
VERTEX
  8
1
  10
-59074.365234
  20
-803.059387
  0
VERTEX
  8
1
  10
-59064.340820
  20
-803.060989
  0
VERTEX
  8
1
  10
-59054.116211
  20
-803.062592
  0
VERTEX
  8
1
  10
-59043.891602
  20
-803.064117
  0
VERTEX
  8
1
  10
-59033.471680
  20
-803.065796
  0
VERTEX
  8
1
  10
-59023.247070
  20
-803.067398
  0
VERTEX
  8
1
  10
-59013.022461
  20
-803.068924
  0
VERTEX
  8
1
  10
-59002.792969
  20
-803.070526
  0
VERTEX
  8
1
  10
-58992.592773
  20
-803.072128
  0
VERTEX
  8
1
  10
-58982.329102
  20
-803.073730
  0
VERTEX
  8
1
  10
-58972.465820
  20
-803.075256
  0
VERTEX
  8
1
  10
-58963.378906
  20
-803.076630
  0
VERTEX
  8
1
  10
-58947.026367
  20
-803.079224
  0
VERTEX
  8
1
  10
-58947.006836
  20
-823.564911
  0
VERTEX
  8
1
  10
-58947.001953
  20
-833.763733
  0
VERTEX
  8
1
  10
-58946.992188
  20
-843.710785
  0
VERTEX
  8
1
  10
-58946.977539
  20
-861.076050
  0
VERTEX
  8
1
  10
-58977.524414
  20
-861.076050
  0
VERTEX
  8
1
  10
-58987.607422
  20
-861.076050
  0
VERTEX
  8
1
  10
-58997.792969
  20
-861.076050
  0
VERTEX
  8
1
  10
-59007.773438
  20
-861.076050
  0
VERTEX
  8
1
  10
-59011.987305
  20
-861.076050
  0
VERTEX
  8
1
  10
-59017.988281
  20
-861.076050
  0
SEQEND
  8
1
  0
POINT
  8
2
 10
-59017.988281
 20
-861.076050
  0
TEXT
  8
2
 10
-59017.988281
 20
-861.076050
 40
0.000000
 50
0.000000
  1
# 259
  0
POINT
  8
2
 10
-59465.932617
 20
-861.076050
  0
TEXT
  8
2
 10
-59465.932617
 20
-861.076050
 40
0.000000
 50
0.000000
  1
# 260
  0
POINT
  8
2
 10
-59933.876953
 20
-861.076050
  0
TEXT
  8
2
 10
-59933.876953
 20
-861.076050
 40
0.000000
 50
0.000000
  1
# 261
  0
POINT
  8
2
 10
-59933.876953
 20
-802.925720
  0
TEXT
  8
2
 10
-59933.876953
 20
-802.925720
 40
0.000000
 50
0.000000
  1
# 262
  0
POINT
  8
2
 10
-58947.026367
 20
-803.079224
  0
TEXT
  8
2
 10
-58947.026367
 20
-803.079224
 40
0.000000
 50
0.000000
  1
# 263
  0
POINT
  8
2
 10
-58946.977539
 20
-861.076050
  0
TEXT
  8
2
 10
-58946.977539
 20
-861.076050
 40
0.000000
 50
0.000000
  1
# 264
  0
POINT
  8
3
 10
-59028.320313
 20
-861.076050
  0
POINT
  8
3
 10
-59038.647461
 20
-861.076050
  0
POINT
  8
3
 10
-59048.696289
 20
-861.076050
  0
POINT
  8
3
 10
-59058.833008
 20
-861.076050
  0
POINT
  8
3
 10
-59069.057617
 20
-861.076050
  0
POINT
  8
3
 10
-59079.169922
 20
-861.076050
  0
POINT
  8
3
 10
-59089.394531
 20
-861.076050
  0
POINT
  8
3
 10
-59099.619141
 20
-861.076050
  0
POINT
  8
3
 10
-59109.809570
 20
-861.076050
  0
POINT
  8
3
 10
-59120.039063
 20
-861.076050
  0
POINT
  8
3
 10
-59130.263672
 20
-861.076050
  0
POINT
  8
3
 10
-59140.458984
 20
-861.076050
  0
POINT
  8
3
 10
-59150.683594
 20
-861.076050
  0
POINT
  8
3
 10
-59160.913086
 20
-861.076050
  0
POINT
  8
3
 10
-59171.108398
 20
-861.076050
  0
POINT
  8
3
 10
-59181.333008
 20
-861.076050
  0
POINT
  8
3
 10
-59191.557617
 20
-861.076050
  0
POINT
  8
3
 10
-59201.752930
 20
-861.076050
  0
POINT
  8
3
 10
-59211.977539
 20
-861.076050
  0
POINT
  8
3
 10
-59222.207031
 20
-861.076050
  0
POINT
  8
3
 10
-59229.990234
 20
-861.076050
  0
POINT
  8
3
 10
-59232.397461
 20
-861.076050
  0
POINT
  8
3
 10
-59242.622070
 20
-861.076050
  0
POINT
  8
3
 10
-59252.846680
 20
-861.076050
  0
POINT
  8
3
 10
-59262.851563
 20
-861.076050
  0
POINT
  8
3
 10
-59273.076172
 20
-861.076050
  0
POINT
  8
3
 10
-59283.300781
 20
-861.076050
  0
POINT
  8
3
 10
-59293.505859
 20
-861.076050
  0
POINT
  8
3
 10
-59303.730469
 20
-861.076050
  0
POINT
  8
3
 10
-59313.955078
 20
-861.076050
  0
POINT
  8
3
 10
-59324.145508
 20
-861.076050
  0
POINT
  8
3
 10
-59334.375000
 20
-861.076050
  0
POINT
  8
3
 10
-59344.599609
 20
-861.076050
  0
POINT
  8
3
 10
-59354.794922
 20
-861.076050
  0
POINT
  8
3
 10
-59365.019531
 20
-861.076050
  0
POINT
  8
3
 10
-59375.244141
 20
-861.076050
  0
POINT
  8
3
 10
-59385.434570
 20
-861.076050
  0
POINT
  8
3
 10
-59395.664063
 20
-861.076050
  0
POINT
  8
3
 10
-59405.888672
 20
-861.076050
  0
POINT
  8
3
 10
-59416.083984
 20
-861.076050
  0
POINT
  8
3
 10
-59426.313477
 20
-861.076050
  0
POINT
  8
3
 10
-59436.538086
 20
-861.076050
  0
POINT
  8
3
 10
-59446.708984
 20
-861.076050
  0
POINT
  8
3
 10
-59456.708984
 20
-861.076050
  0
POINT
  8
3
 10
-59465.932617
 20
-861.076050
  0
POINT
  8
3
 10
-59476.342773
 20
-861.076050
  0
POINT
  8
3
 10
-59486.401367
 20
-861.076050
  0
POINT
  8
3
 10
-59496.445313
 20
-861.076050
  0
POINT
  8
3
 10
-59506.743164
 20
-861.076050
  0
POINT
  8
3
 10
-59516.962891
 20
-861.076050
  0
POINT
  8
3
 10
-59526.875000
 20
-861.076050
  0
POINT
  8
3
 10
-59537.421875
 20
-861.076050
  0
POINT
  8
3
 10
-59547.636719
 20
-861.076050
  0
POINT
  8
3
 10
-59557.871094
 20
-861.076050
  0
POINT
  8
3
 10
-59568.085938
 20
-861.076050
  0
POINT
  8
3
 10
-59578.305664
 20
-861.076050
  0
POINT
  8
3
 10
-59588.535156
 20
-861.076050
  0
POINT
  8
3
 10
-59598.754883
 20
-861.076050
  0
POINT
  8
3
 10
-59608.974609
 20
-861.076050
  0
POINT
  8
3
 10
-59619.208984
 20
-861.076050
  0
POINT
  8
3
 10
-59629.428711
 20
-861.076050
  0
POINT
  8
3
 10
-59639.643555
 20
-861.076050
  0
POINT
  8
3
 10
-59649.892578
 20
-861.076050
  0
POINT
  8
3
 10
-59660.107422
 20
-861.076050
  0
POINT
  8
3
 10
-59670.327148
 20
-861.076050
  0
POINT
  8
3
 10
-59680.444336
 20
-861.076050
  0
POINT
  8
3
 10
-59690.659180
 20
-861.076050
  0
POINT
  8
3
 10
-59700.878906
 20
-861.076050
  0
POINT
  8
3
 10
-59701.875000
 20
-861.076050
  0
POINT
  8
3
 10
-59711.113281
 20
-861.076050
  0
POINT
  8
3
 10
-59721.328125
 20
-861.076050
  0
POINT
  8
3
 10
-59731.542969
 20
-861.076050
  0
POINT
  8
3
 10
-59741.801758
 20
-861.076050
  0
POINT
  8
3
 10
-59752.016602
 20
-861.076050
  0
POINT
  8
3
 10
-59762.231445
 20
-861.076050
  0
POINT
  8
3
 10
-59772.250977
 20
-861.076050
  0
POINT
  8
3
 10
-59782.465820
 20
-861.076050
  0
POINT
  8
3
 10
-59792.685547
 20
-861.076050
  0
POINT
  8
3
 10
-59802.875977
 20
-861.076050
  0
POINT
  8
3
 10
-59813.095703
 20
-861.076050
  0
POINT
  8
3
 10
-59823.310547
 20
-861.076050
  0
POINT
  8
3
 10
-59833.579102
 20
-861.076050
  0
POINT
  8
3
 10
-59843.798828
 20
-861.076050
  0
POINT
  8
3
 10
-59854.013672
 20
-861.076050
  0
POINT
  8
3
 10
-59864.033203
 20
-861.076050
  0
POINT
  8
3
 10
-59874.248047
 20
-861.076050
  0
POINT
  8
3
 10
-59884.467773
 20
-861.076050
  0
POINT
  8
3
 10
-59894.487305
 20
-861.076050
  0
POINT
  8
3
 10
-59904.550781
 20
-861.076050
  0
POINT
  8
3
 10
-59916.547852
 20
-861.076050
  0
POINT
  8
3
 10
-59933.876953
 20
-840.110550
  0
POINT
  8
3
 10
-59933.876953
 20
-829.623795
  0
POINT
  8
3
 10
-59933.876953
 20
-819.342499
  0
POINT
  8
3
 10
-59916.245117
 20
-802.928467
  0
POINT
  8
3
 10
-59903.354492
 20
-802.930450
  0
POINT
  8
3
 10
-59893.188477
 20
-802.932053
  0
POINT
  8
3
 10
-59882.690430
 20
-802.933731
  0
POINT
  8
3
 10
-59872.778320
 20
-802.935257
  0
POINT
  8
3
 10
-59862.041016
 20
-802.936859
  0
POINT
  8
3
 10
-59851.816406
 20
-802.938461
  0
POINT
  8
3
 10
-59841.704102
 20
-802.940063
  0
POINT
  8
3
 10
-59831.479492
 20
-802.941666
  0
POINT
  8
3
 10
-59821.254883
 20
-802.943192
  0
POINT
  8
3
 10
-59811.025391
 20
-802.944794
  0
POINT
  8
3
 10
-59801.015625
 20
-802.946396
  0
POINT
  8
3
 10
-59790.791016
 20
-802.947998
  0
POINT
  8
3
 10
-59780.561523
 20
-802.949524
  0
POINT
  8
3
 10
-59770.336914
 20
-802.951126
  0
POINT
  8
3
 10
-59760.209961
 20
-802.952728
  0
POINT
  8
3
 10
-59749.985352
 20
-802.954330
  0
POINT
  8
3
 10
-59739.760742
 20
-802.955933
  0
POINT
  8
3
 10
-59729.531250
 20
-802.957535
  0
POINT
  8
3
 10
-59719.306641
 20
-802.959137
  0
POINT
  8
3
 10
-59708.876953
 20
-802.960739
  0
POINT
  8
3
 10
-59698.647461
 20
-802.962341
  0
POINT
  8
3
 10
-59688.422852
 20
-802.963943
  0
POINT
  8
3
 10
-59678.198242
 20
-802.965469
  0
POINT
  8
3
 10
-59667.968750
 20
-802.967072
  0
POINT
  8
3
 10
-59657.534180
 20
-802.968674
  0
POINT
  8
3
 10
-59647.309570
 20
-802.970276
  0
POINT
  8
3
 10
-59637.080078
 20
-802.971878
  0
POINT
  8
3
 10
-59626.855469
 20
-802.973480
  0
POINT
  8
3
 10
-59616.630859
 20
-802.975006
  0
POINT
  8
3
 10
-59606.499023
 20
-802.976608
  0
POINT
  8
3
 10
-59596.269531
 20
-802.978210
  0
POINT
  8
3
 10
-59586.044922
 20
-802.979813
  0
POINT
  8
3
 10
-59575.815430
 20
-802.981415
  0
POINT
  8
3
 10
-59565.590820
 20
-802.983017
  0
POINT
  8
3
 10
-59555.566406
 20
-802.984543
  0
POINT
  8
3
 10
-59545.341797
 20
-802.986145
  0
POINT
  8
3
 10
-59535.117188
 20
-802.987747
  0
POINT
  8
3
 10
-59524.887695
 20
-802.989349
  0
POINT
  8
3
 10
-59514.663086
 20
-802.990875
  0
POINT
  8
3
 10
-59504.438477
 20
-802.992477
  0
POINT
  8
3
 10
-59494.311523
 20
-802.994080
  0
POINT
  8
3
 10
-59484.086914
 20
-802.995682
  0
POINT
  8
3
 10
-59473.857422
 20
-802.997284
  0
POINT
  8
3
 10
-59463.632813
 20
-802.998886
  0
POINT
  8
3
 10
-59453.408203
 20
-803.000412
  0
POINT
  8
3
 10
-59443.183594
 20
-803.002014
  0
POINT
  8
3
 10
-59432.753906
 20
-803.003693
  0
POINT
  8
3
 10
-59422.529297
 20
-803.005295
  0
POINT
  8
3
 10
-59412.299805
 20
-803.006821
  0
POINT
  8
3
 10
-59402.075195
 20
-803.008423
  0
POINT
  8
3
 10
-59391.845703
 20
-803.010025
  0
POINT
  8
3
 10
-59381.621094
 20
-803.011627
  0
POINT
  8
3
 10
-59371.201172
 20
-803.013229
  0
POINT
  8
3
 10
-59360.976563
 20
-803.014832
  0
POINT
  8
3
 10
-59350.747070
 20
-803.016434
  0
POINT
  8
3
 10
-59340.522461
 20
-803.018036
  0
POINT
  8
3
 10
-59330.292969
 20
-803.019638
  0
POINT
  8
3
 10
-59320.195313
 20
-803.021164
  0
POINT
  8
3
 10
-59309.965820
 20
-803.022766
  0
POINT
  8
3
 10
-59299.741211
 20
-803.024368
  0
POINT
  8
3
 10
-59289.516602
 20
-803.025970
  0
POINT
  8
3
 10
-59279.287109
 20
-803.027496
  0
POINT
  8
3
 10
-59269.062500
 20
-803.029099
  0
POINT
  8
3
 10
-59258.559570
 20
-803.030701
  0
POINT
  8
3
 10
-59248.334961
 20
-803.032303
  0
POINT
  8
3
 10
-59238.110352
 20
-803.033905
  0
POINT
  8
3
 10
-59227.880859
 20
-803.035507
  0
POINT
  8
3
 10
-59217.656250
 20
-803.037109
  0
POINT
  8
3
 10
-59207.578125
 20
-803.038712
  0
POINT
  8
3
 10
-59197.348633
 20
-803.040237
  0
POINT
  8
3
 10
-59187.124023
 20
-803.041840
  0
POINT
  8
3
 10
-59176.899414
 20
-803.043442
  0
POINT
  8
3
 10
-59166.674805
 20
-803.045044
  0
POINT
  8
3
 10
-59156.303711
 20
-803.046646
  0
POINT
  8
3
 10
-59146.079102
 20
-803.048248
  0
POINT
  8
3
 10
-59135.854492
 20
-803.049850
  0
POINT
  8
3
 10
-59125.625000
 20
-803.051376
  0
POINT
  8
3
 10
-59115.400391
 20
-803.052979
  0
POINT
  8
3
 10
-59105.043945
 20
-803.054581
  0
POINT
  8
3
 10
-59094.819336
 20
-803.056183
  0
POINT
  8
3
 10
-59084.589844
 20
-803.057785
  0
POINT
  8
3
 10
-59074.365234
 20
-803.059387
  0
POINT
  8
3
 10
-59064.340820
 20
-803.060989
  0
POINT
  8
3
 10
-59054.116211
 20
-803.062592
  0
POINT
  8
3
 10
-59043.891602
 20
-803.064117
  0
POINT
  8
3
 10
-59033.471680
 20
-803.065796
  0
POINT
  8
3
 10
-59023.247070
 20
-803.067398
  0
POINT
  8
3
 10
-59013.022461
 20
-803.068924
  0
POINT
  8
3
 10
-59002.792969
 20
-803.070526
  0
POINT
  8
3
 10
-58992.592773
 20
-803.072128
  0
POINT
  8
3
 10
-58982.329102
 20
-803.073730
  0
POINT
  8
3
 10
-58972.465820
 20
-803.075256
  0
POINT
  8
3
 10
-58963.378906
 20
-803.076630
  0
POINT
  8
3
 10
-58947.006836
 20
-823.564911
  0
POINT
  8
3
 10
-58947.001953
 20
-833.763733
  0
POINT
  8
3
 10
-58946.992188
 20
-843.710785
  0
POINT
  8
3
 10
-58977.524414
 20
-861.076050
  0
POINT
  8
3
 10
-58987.607422
 20
-861.076050
  0
POINT
  8
3
 10
-58997.792969
 20
-861.076050
  0
POINT
  8
3
 10
-59007.773438
 20
-861.076050
  0
POINT
  8
3
 10
-59011.987305
 20
-861.076050
  0
POINT
  8
3
 10
-59017.988281
 20
-861.076050
  0
POINT
  8
4
 10
-59229.990234
 20
-861.076050
 30
1.000000
 50
 90.00
  0
TEXT
  8
4
 10
-59229.990234
 20
-861.076050
 40
0.000000
 50
0.000000
  1
# 265
  0
POINT
  8
4
 10
-59465.932617
 20
-861.076050
 30
1.000000
 50
 90.00
  0
TEXT
  8
4
 10
-59465.932617
 20
-861.076050
 40
0.000000
 50
0.000000
  1
# 266
  0
POINT
  8
4
 10
-59701.875000
 20
-861.076050
 30
1.000000
 50
 90.00
  0
TEXT
  8
4
 10
-59701.875000
 20
-861.076050
 40
0.000000
 50
0.000000
  1
# 267
  0
POINT
  8
4
 10
-59011.987305
 20
-861.076050
 30
1.000000
 50
 90.00
  0
TEXT
  8
4
 10
-59011.987305
 20
-861.076050
 40
0.000000
 50
0.000000
  1
# 268
  0
POINT
  8
4
 10
-59017.988281
 20
-861.076050
 30
1.000000
 50
 90.00
  0
TEXT
  8
4
 10
-59017.988281
 20
-861.076050
 40
0.000000
 50
0.000000
  1
# 269
  0
POLYLINE
  8
14
  66
1
  70
1
  0
VERTEX
  8
14
  10
-59017.988281
  20
-851.076050
  0
VERTEX
  8
14
  10
-59028.319341
  20
-851.076050
  0
VERTEX
  8
14
  10
-59038.646648
  20
-851.076050
  0
VERTEX
  8
14
  10
-59048.694783
  20
-851.076050
  0
VERTEX
  8
14
  10
-59058.830637
  20
-851.076050
  0
VERTEX
  8
14
  10
-59069.055970
  20
-851.076050
  0
VERTEX
  8
14
  10
-59079.168525
  20
-851.076050
  0
VERTEX
  8
14
  10
-59089.394068
  20
-851.076050
  0
VERTEX
  8
14
  10
-59099.619779
  20
-851.076050
  0
VERTEX
  8
14
  10
-59109.810931
  20
-851.076050
  0
VERTEX
  8
14
  10
-59120.036978
  20
-851.076050
  0
VERTEX
  8
14
  10
-59130.263081
  20
-851.076050
  0
VERTEX
  8
14
  10
-59140.459274
  20
-851.076050
  0
VERTEX
  8
14
  10
-59150.685166
  20
-851.076050
  0
VERTEX
  8
14
  10
-59160.910996
  20
-851.076050
  0
VERTEX
  8
14
  10
-59171.107076
  20
-851.076050
  0
VERTEX
  8
14
  10
-59181.333102
  20
-851.076050
  0
VERTEX
  8
14
  10
-59191.559021
  20
-851.076050
  0
VERTEX
  8
14
  10
-59201.754789
  20
-851.076050
  0
VERTEX
  8
14
  10
-59211.979935
  20
-851.076050
  0
VERTEX
  8
14
  10
-59222.204879
  20
-851.076050
  0
VERTEX
  8
14
  10
-59229.990234
  20
-851.076050
  0
VERTEX
  8
14
  10
-59232.395201
  20
-851.076050
  0
VERTEX
  8
14
  10
-59242.620562
  20
-851.076050
  0
VERTEX
  8
14
  10
-59252.846149
  20
-851.076050
  0
VERTEX
  8
14
  10
-59262.851556
  20
-851.076050
  0
VERTEX
  8
14
  10
-59273.077253
  20
-851.076050
  0
VERTEX
  8
14
  10
-59283.302949
  20
-851.076050
  0
VERTEX
  8
14
  10
-59293.503698
  20
-851.076050
  0
VERTEX
  8
14
  10
-59303.729414
  20
-851.076050
  0
VERTEX
  8
14
  10
-59313.955301
  20
-851.076050
  0
VERTEX
  8
14
  10
-59324.146750
  20
-851.076050
  0
VERTEX
  8
14
  10
-59334.373134
  20
-851.076050
  0
VERTEX
  8
14
  10
-59344.599455
  20
-851.076050
  0
VERTEX
  8
14
  10
-59354.795435
  20
-851.076050
  0
VERTEX
  8
14
  10
-59365.020704
  20
-851.076050
  0
VERTEX
  8
14
  10
-59375.245915
  20
-851.076050
  0
VERTEX
  8
14
  10
-59385.436773
  20
-851.076050
  0
VERTEX
  8
14
  10
-59395.662955
  20
-851.076050
  0
VERTEX
  8
14
  10
-59405.889345
  20
-851.076050
  0
VERTEX
  8
14
  10
-59416.085775
  20
-851.076050
  0
VERTEX
  8
14
  10
-59426.311741
  20
-851.076050
  0
VERTEX
  8
14
  10
-59436.537357
  20
-851.076050
  0
VERTEX
  8
14
  10
-59446.710871
  20
-851.076050
  0
VERTEX
  8
14
  10
-59456.709889
  20
-851.076050
  0
VERTEX
  8
14
  10
-59465.932617
  20
-851.076050
  0
VERTEX
  8
14
  10
-59465.932617
  20
-851.076050
  0
VERTEX
  8
14
  10
-59476.341331
  20
-851.076050
  0
VERTEX
  8
14
  10
-59486.401852
  20
-851.076050
  0
VERTEX
  8
14
  10
-59496.445455
  20
-851.076050
  0
VERTEX
  8
14
  10
-59506.745038
  20
-851.076050
  0
VERTEX
  8
14
  10
-59516.961110
  20
-851.076050
  0
VERTEX
  8
14
  10
-59526.874107
  20
-851.076050
  0
VERTEX
  8
14
  10
-59537.420346
  20
-851.076050
  0
VERTEX
  8
14
  10
-59547.637218
  20
-851.076050
  0
VERTEX
  8
14
  10
-59557.870512
  20
-851.076050
  0
VERTEX
  8
14
  10
-59568.087035
  20
-851.076050
  0
VERTEX
  8
14
  10
-59578.303576
  20
-851.076050
  0
VERTEX
  8
14
  10
-59588.537057
  20
-851.076050
  0
VERTEX
  8
14
  10
-59598.754573
  20
-851.076050
  0
VERTEX
  8
14
  10
-59608.972221
  20
-851.076050
  0
VERTEX
  8
14
  10
-59619.210840
  20
-851.076050
  0
VERTEX
  8
14
  10
-59629.427271
  20
-851.076050
  0
VERTEX
  8
14
  10
-59639.643200
  20
-851.076050
  0
VERTEX
  8
14
  10
-59649.892593
  20
-851.076050
  0
VERTEX
  8
14
  10
-59660.108586
  20
-851.076050
  0
VERTEX
  8
14
  10
-59670.324891
  20
-851.076050
  0
VERTEX
  8
14
  10
-59680.443475
  20
-851.076050
  0
VERTEX
  8
14
  10
-59690.660683
  20
-851.076050
  0
VERTEX
  8
14
  10
-59700.877980
  20
-851.076050
  0
VERTEX
  8
14
  10
-59701.875000
  20
-851.076050
  0
VERTEX
  8
14
  10
-59711.111569
  20
-851.076050
  0
VERTEX
  8
14
  10
-59721.328116
  20
-851.076050
  0
VERTEX
  8
14
  10
-59731.544282
  20
-851.076050
  0
VERTEX
  8
14
  10
-59741.801100
  20
-851.076050
  0
VERTEX
  8
14
  10
-59752.016897
  20
-851.076050
  0
VERTEX
  8
14
  10
-59762.232898
  20
-851.076050
  0
VERTEX
  8
14
  10
-59772.248678
  20
-851.076050
  0
VERTEX
  8
14
  10
-59782.465774
  20
-851.076050
  0
VERTEX
  8
14
  10
-59792.683253
  20
-851.076050
  0
VERTEX
  8
14
  10
-59802.878185
  20
-851.076050
  0
VERTEX
  8
14
  10
-59813.095536
  20
-851.076050
  0
VERTEX
  8
14
  10
-59823.312664
  20
-851.076050
  0
VERTEX
  8
14
  10
-59833.580345
  20
-851.076050
  0
VERTEX
  8
14
  10
-59843.797083
  20
-851.076050
  0
VERTEX
  8
14
  10
-59854.013600
  20
-851.076050
  0
VERTEX
  8
14
  10
-59864.033932
  20
-851.076050
  0
VERTEX
  8
14
  10
-59874.249872
  20
-851.076050
  0
VERTEX
  8
14
  10
-59884.465910
  20
-851.076050
  0
VERTEX
  8
14
  10
-59894.485884
  20
-851.076050
  0
VERTEX
  8
14
  10
-59904.552156
  20
-851.076050
  0
VERTEX
  8
14
  10
-59913.876953
  20
-851.076050
  0
VERTEX
  8
14
  10
-59913.876953
  20
-840.110523
  0
VERTEX
  8
14
  10
-59913.876953
  20
-829.623768
  0
VERTEX
  8
14
  10
-59913.876953
  20
-819.342510
  0
VERTEX
  8
14
  10
-59913.876953
  20
-812.928848
  0
VERTEX
  8
14
  10
-59903.355166
  20
-812.930485
  0
VERTEX
  8
14
  10
-59893.187622
  20
-812.932064
  0
VERTEX
  8
14
  10
-59882.692234
  20
-812.933694
  0
VERTEX
  8
14
  10
-59872.782280
  20
-812.935230
  0
VERTEX
  8
14
  10
-59862.044799
  20
-812.936893
  0
VERTEX
  8
14
  10
-59851.818673
  20
-812.938477
  0
VERTEX
  8
14
  10
-59841.707775
  20
-812.940044
  0
VERTEX
  8
14
  10
-59831.481308
  20
-812.941631
  0
VERTEX
  8
14
  10
-59821.254735
  20
-812.943220
  0
VERTEX
  8
14
  10
-59811.028186
  20
-812.944812
  0
VERTEX
  8
14
  10
-59801.016445
  20
-812.946371
  0
VERTEX
  8
14
  10
-59790.790232
  20
-812.947965
  0
VERTEX
  8
14
  10
-59780.564088
  20
-812.949561
  0
VERTEX
  8
14
  10
-59770.337907
  20
-812.951156
  0
VERTEX
  8
14
  10
-59760.213435
  20
-812.952736
  0
VERTEX
  8
14
  10
-59749.986987
  20
-812.954332
  0
VERTEX
  8
14
  10
-59739.760446
  20
-812.955926
  0
VERTEX
  8
14
  10
-59729.533885
  20
-812.957520
  0
VERTEX
  8
14
  10
-59719.307322
  20
-812.959114
  0
VERTEX
  8
14
  10
-59708.877267
  20
-812.960737
  0
VERTEX
  8
14
  10
-59698.650842
  20
-812.962328
  0
VERTEX
  8
14
  10
-59688.424504
  20
-812.963917
  0
VERTEX
  8
14
  10
-59678.198214
  20
-812.965505
  0
VERTEX
  8
14
  10
-59667.971986
  20
-812.967090
  0
VERTEX
  8
14
  10
-59657.536125
  20
-812.968707
  0
VERTEX
  8
14
  10
-59647.309982
  20
-812.970290
  0
VERTEX
  8
14
  10
-59637.083854
  20
-812.971873
  0
VERTEX
  8
14
  10
-59626.857669
  20
-812.973456
  0
VERTEX
  8
14
  10
-59616.631415
  20
-812.975041
  0
VERTEX
  8
14
  10
-59606.498236
  20
-812.976614
  0
VERTEX
  8
14
  10
-59596.271774
  20
-812.978204
  0
VERTEX
  8
14
  10
-59586.045289
  20
-812.979795
  0
VERTEX
  8
14
  10
-59575.818772
  20
-812.981387
  0
VERTEX
  8
14
  10
-59565.592215
  20
-812.982979
  0
VERTEX
  8
14
  10
-59555.569166
  20
-812.984540
  0
VERTEX
  8
14
  10
-59545.342726
  20
-812.986131
  0
VERTEX
  8
14
  10
-59535.116349
  20
-812.987722
  0
VERTEX
  8
14
  10
-59524.890003
  20
-812.989313
  0
VERTEX
  8
14
  10
-59514.663774
  20
-812.990904
  0
VERTEX
  8
14
  10
-59504.437632
  20
-812.992495
  0
VERTEX
  8
14
  10
-59494.313203
  20
-812.994071
  0
VERTEX
  8
14
  10
-59484.087236
  20
-812.995664
  0
VERTEX
  8
14
  10
-59473.861280
  20
-812.997257
  0
VERTEX
  8
14
  10
-59463.635377
  20
-812.998851
  0
VERTEX
  8
14
  10
-59453.409455
  20
-813.000445
  0
VERTEX
  8
14
  10
-59443.183442
  20
-813.002039
  0
VERTEX
  8
14
  10
-59432.754940
  20
-813.003665
  0
VERTEX
  8
14
  10
-59422.528742
  20
-813.005259
  0
VERTEX
  8
14
  10
-59412.302482
  20
-813.006853
  0
VERTEX
  8
14
  10
-59402.076123
  20
-813.008447
  0
VERTEX
  8
14
  10
-59391.849627
  20
-813.010040
  0
VERTEX
  8
14
  10
-59381.623068
  20
-813.011633
  0
VERTEX
  8
14
  10
-59371.203689
  20
-813.013255
  0
VERTEX
  8
14
  10
-59360.976967
  20
-813.014846
  0
VERTEX
  8
14
  10
-59350.750214
  20
-813.016436
  0
VERTEX
  8
14
  10
-59340.523428
  20
-813.018025
  0
VERTEX
  8
14
  10
-59330.296721
  20
-813.019613
  0
VERTEX
  8
14
  10
-59320.196130
  20
-813.021179
  0
VERTEX
  8
14
  10
-59309.969589
  20
-813.022764
  0
VERTEX
  8
14
  10
-59299.743113
  20
-813.024348
  0
VERTEX
  8
14
  10
-59289.516637
  20
-813.025933
  0
VERTEX
  8
14
  10
-59279.290246
  20
-813.027518
  0
VERTEX
  8
14
  10
-59269.063759
  20
-813.029105
  0
VERTEX
  8
14
  10
-59258.563555
  20
-813.030737
  0
VERTEX
  8
14
  10
-59248.337000
  20
-813.032328
  0
VERTEX
  8
14
  10
-59238.110545
  20
-813.033921
  0
VERTEX
  8
14
  10
-59227.884085
  20
-813.035515
  0
VERTEX
  8
14
  10
-59217.657742
  20
-813.037110
  0
VERTEX
  8
14
  10
-59207.578423
  20
-813.038680
  0
VERTEX
  8
14
  10
-59197.352473
  20
-813.040273
  0
VERTEX
  8
14
  10
-59187.126539
  20
-813.041865
  0
VERTEX
  8
14
  10
-59176.900633
  20
-813.043455
  0
VERTEX
  8
14
  10
-59166.674765
  20
-813.045043
  0
VERTEX
  8
14
  10
-59156.307425
  20
-813.046651
  0
VERTEX
  8
14
  10
-59146.081255
  20
-813.048236
  0
VERTEX
  8
14
  10
-59135.854992
  20
-813.049820
  0
VERTEX
  8
14
  10
-59125.628742
  20
-813.051407
  0
VERTEX
  8
14
  10
-59115.402384
  20
-813.052995
  0
VERTEX
  8
14
  10
-59105.045706
  20
-813.054608
  0
VERTEX
  8
14
  10
-59094.819313
  20
-813.056204
  0
VERTEX
  8
14
  10
-59084.592943
  20
-813.057801
  0
VERTEX
  8
14
  10
-59074.366417
  20
-813.059397
  0
VERTEX
  8
14
  10
-59064.344194
  20
-813.060960
  0
VERTEX
  8
14
  10
-59054.117546
  20
-813.062554
  0
VERTEX
  8
14
  10
-59043.891037
  20
-813.064146
  0
VERTEX
  8
14
  10
-59033.475324
  20
-813.065769
  0
VERTEX
  8
14
  10
-59023.249161
  20
-813.067363
  0
VERTEX
  8
14
  10
-59013.023034
  20
-813.068956
  0
VERTEX
  8
14
  10
-59002.796942
  20
-813.070547
  0
VERTEX
  8
14
  10
-58992.596236
  20
-813.072132
  0
VERTEX
  8
14
  10
-58982.328707
  20
-813.073725
  0
VERTEX
  8
14
  10
-58972.464986
  20
-813.075252
  0
VERTEX
  8
14
  10
-58967.016602
  20
-813.076096
  0
VERTEX
  8
14
  10
-58967.008503
  20
-823.580355
  0
VERTEX
  8
14
  10
-58967.000640
  20
-833.779185
  0
VERTEX
  8
14
  10
-58966.992971
  20
-843.726171
  0
VERTEX
  8
14
  10
-58966.987305
  20
-851.076050
  0
VERTEX
  8
14
  10
-58977.522763
  20
-851.076050
  0
VERTEX
  8
14
  10
-58987.605757
  20
-851.076050
  0
VERTEX
  8
14
  10
-58997.790733
  20
-851.076050
  0
VERTEX
  8
14
  10
-59007.771367
  20
-851.076050
  0
VERTEX
  8
14
  10
-59011.987305
  20
-851.076050
  0
VERTEX
  8
14
  10
-59017.988281
  20
-851.076050
  0
SEQEND
  8
14
  0
POINT
  8
2
 10
-59017.988281
 20
-851.076050
  0
TEXT
  8
2
 10
-59017.988281
 20
-851.076050
 40
0.000000
 50
0.000000
  1
# 270
  0
POINT
  8
2
 10
-59465.932617
 20
-851.076050
  0
TEXT
  8
2
 10
-59465.932617
 20
-851.076050
 40
0.000000
 50
0.000000
  1
# 271
  0
POINT
  8
2
 10
-59913.876953
 20
-851.076050
  0
TEXT
  8
2
 10
-59913.876953
 20
-851.076050
 40
0.000000
 50
0.000000
  1
# 272
  0
POINT
  8
2
 10
-59913.876953
 20
-812.928848
  0
TEXT
  8
2
 10
-59913.876953
 20
-812.928848
 40
0.000000
 50
0.000000
  1
# 273
  0
POINT
  8
2
 10
-58967.016602
 20
-813.076096
  0
TEXT
  8
2
 10
-58967.016602
 20
-813.076096
 40
0.000000
 50
0.000000
  1
# 274
  0
POINT
  8
2
 10
-58966.987305
 20
-851.076050
  0
TEXT
  8
2
 10
-58966.987305
 20
-851.076050
 40
0.000000
 50
0.000000
  1
# 275
  0
POINT
  8
3
 10
-59028.319341
 20
-851.076050
  0
POINT
  8
3
 10
-59038.646648
 20
-851.076050
  0
POINT
  8
3
 10
-59048.694783
 20
-851.076050
  0
POINT
  8
3
 10
-59058.830637
 20
-851.076050
  0
POINT
  8
3
 10
-59069.055970
 20
-851.076050
  0
POINT
  8
3
 10
-59079.168525
 20
-851.076050
  0
POINT
  8
3
 10
-59089.394068
 20
-851.076050
  0
POINT
  8
3
 10
-59099.619779
 20
-851.076050
  0
POINT
  8
3
 10
-59109.810931
 20
-851.076050
  0
POINT
  8
3
 10
-59120.036978
 20
-851.076050
  0
POINT
  8
3
 10
-59130.263081
 20
-851.076050
  0
POINT
  8
3
 10
-59140.459274
 20
-851.076050
  0
POINT
  8
3
 10
-59150.685166
 20
-851.076050
  0
POINT
  8
3
 10
-59160.910996
 20
-851.076050
  0
POINT
  8
3
 10
-59171.107076
 20
-851.076050
  0
POINT
  8
3
 10
-59181.333102
 20
-851.076050
  0
POINT
  8
3
 10
-59191.559021
 20
-851.076050
  0
POINT
  8
3
 10
-59201.754789
 20
-851.076050
  0
POINT
  8
3
 10
-59211.979935
 20
-851.076050
  0
POINT
  8
3
 10
-59222.204879
 20
-851.076050
  0
POINT
  8
3
 10
-59229.990234
 20
-851.076050
  0
POINT
  8
3
 10
-59232.395201
 20
-851.076050
  0
POINT
  8
3
 10
-59242.620562
 20
-851.076050
  0
POINT
  8
3
 10
-59252.846149
 20
-851.076050
  0
POINT
  8
3
 10
-59262.851556
 20
-851.076050
  0
POINT
  8
3
 10
-59273.077253
 20
-851.076050
  0
POINT
  8
3
 10
-59283.302949
 20
-851.076050
  0
POINT
  8
3
 10
-59293.503698
 20
-851.076050
  0
POINT
  8
3
 10
-59303.729414
 20
-851.076050
  0
POINT
  8
3
 10
-59313.955301
 20
-851.076050
  0
POINT
  8
3
 10
-59324.146750
 20
-851.076050
  0
POINT
  8
3
 10
-59334.373134
 20
-851.076050
  0
POINT
  8
3
 10
-59344.599455
 20
-851.076050
  0
POINT
  8
3
 10
-59354.795435
 20
-851.076050
  0
POINT
  8
3
 10
-59365.020704
 20
-851.076050
  0
POINT
  8
3
 10
-59375.245915
 20
-851.076050
  0
POINT
  8
3
 10
-59385.436773
 20
-851.076050
  0
POINT
  8
3
 10
-59395.662955
 20
-851.076050
  0
POINT
  8
3
 10
-59405.889345
 20
-851.076050
  0
POINT
  8
3
 10
-59416.085775
 20
-851.076050
  0
POINT
  8
3
 10
-59426.311741
 20
-851.076050
  0
POINT
  8
3
 10
-59436.537357
 20
-851.076050
  0
POINT
  8
3
 10
-59446.710871
 20
-851.076050
  0
POINT
  8
3
 10
-59456.709889
 20
-851.076050
  0
POINT
  8
3
 10
-59465.932617
 20
-851.076050
  0
POINT
  8
3
 10
-59476.341331
 20
-851.076050
  0
POINT
  8
3
 10
-59486.401852
 20
-851.076050
  0
POINT
  8
3
 10
-59496.445455
 20
-851.076050
  0
POINT
  8
3
 10
-59506.745038
 20
-851.076050
  0
POINT
  8
3
 10
-59516.961110
 20
-851.076050
  0
POINT
  8
3
 10
-59526.874107
 20
-851.076050
  0
POINT
  8
3
 10
-59537.420346
 20
-851.076050
  0
POINT
  8
3
 10
-59547.637218
 20
-851.076050
  0
POINT
  8
3
 10
-59557.870512
 20
-851.076050
  0
POINT
  8
3
 10
-59568.087035
 20
-851.076050
  0
POINT
  8
3
 10
-59578.303576
 20
-851.076050
  0
POINT
  8
3
 10
-59588.537057
 20
-851.076050
  0
POINT
  8
3
 10
-59598.754573
 20
-851.076050
  0
POINT
  8
3
 10
-59608.972221
 20
-851.076050
  0
POINT
  8
3
 10
-59619.210840
 20
-851.076050
  0
POINT
  8
3
 10
-59629.427271
 20
-851.076050
  0
POINT
  8
3
 10
-59639.643200
 20
-851.076050
  0
POINT
  8
3
 10
-59649.892593
 20
-851.076050
  0
POINT
  8
3
 10
-59660.108586
 20
-851.076050
  0
POINT
  8
3
 10
-59670.324891
 20
-851.076050
  0
POINT
  8
3
 10
-59680.443475
 20
-851.076050
  0
POINT
  8
3
 10
-59690.660683
 20
-851.076050
  0
POINT
  8
3
 10
-59700.877980
 20
-851.076050
  0
POINT
  8
3
 10
-59701.875000
 20
-851.076050
  0
POINT
  8
3
 10
-59711.111569
 20
-851.076050
  0
POINT
  8
3
 10
-59721.328116
 20
-851.076050
  0
POINT
  8
3
 10
-59731.544282
 20
-851.076050
  0
POINT
  8
3
 10
-59741.801100
 20
-851.076050
  0
POINT
  8
3
 10
-59752.016897
 20
-851.076050
  0
POINT
  8
3
 10
-59762.232898
 20
-851.076050
  0
POINT
  8
3
 10
-59772.248678
 20
-851.076050
  0
POINT
  8
3
 10
-59782.465774
 20
-851.076050
  0
POINT
  8
3
 10
-59792.683253
 20
-851.076050
  0
POINT
  8
3
 10
-59802.878185
 20
-851.076050
  0
POINT
  8
3
 10
-59813.095536
 20
-851.076050
  0
POINT
  8
3
 10
-59823.312664
 20
-851.076050
  0
POINT
  8
3
 10
-59833.580345
 20
-851.076050
  0
POINT
  8
3
 10
-59843.797083
 20
-851.076050
  0
POINT
  8
3
 10
-59854.013600
 20
-851.076050
  0
POINT
  8
3
 10
-59864.033932
 20
-851.076050
  0
POINT
  8
3
 10
-59874.249872
 20
-851.076050
  0
POINT
  8
3
 10
-59884.465910
 20
-851.076050
  0
POINT
  8
3
 10
-59894.485884
 20
-851.076050
  0
POINT
  8
3
 10
-59904.552156
 20
-851.076050
  0
POINT
  8
3
 10
-59913.876953
 20
-840.110523
  0
POINT
  8
3
 10
-59913.876953
 20
-829.623768
  0
POINT
  8
3
 10
-59913.876953
 20
-819.342510
  0
POINT
  8
3
 10
-59903.355166
 20
-812.930485
  0
POINT
  8
3
 10
-59893.187622
 20
-812.932064
  0
POINT
  8
3
 10
-59882.692234
 20
-812.933694
  0
POINT
  8
3
 10
-59872.782280
 20
-812.935230
  0
POINT
  8
3
 10
-59862.044799
 20
-812.936893
  0
POINT
  8
3
 10
-59851.818673
 20
-812.938477
  0
POINT
  8
3
 10
-59841.707775
 20
-812.940044
  0
POINT
  8
3
 10
-59831.481308
 20
-812.941631
  0
POINT
  8
3
 10
-59821.254735
 20
-812.943220
  0
POINT
  8
3
 10
-59811.028186
 20
-812.944812
  0
POINT
  8
3
 10
-59801.016445
 20
-812.946371
  0
POINT
  8
3
 10
-59790.790232
 20
-812.947965
  0
POINT
  8
3
 10
-59780.564088
 20
-812.949561
  0
POINT
  8
3
 10
-59770.337907
 20
-812.951156
  0
POINT
  8
3
 10
-59760.213435
 20
-812.952736
  0
POINT
  8
3
 10
-59749.986987
 20
-812.954332
  0
POINT
  8
3
 10
-59739.760446
 20
-812.955926
  0
POINT
  8
3
 10
-59729.533885
 20
-812.957520
  0
POINT
  8
3
 10
-59719.307322
 20
-812.959114
  0
POINT
  8
3
 10
-59708.877267
 20
-812.960737
  0
POINT
  8
3
 10
-59698.650842
 20
-812.962328
  0
POINT
  8
3
 10
-59688.424504
 20
-812.963917
  0
POINT
  8
3
 10
-59678.198214
 20
-812.965505
  0
POINT
  8
3
 10
-59667.971986
 20
-812.967090
  0
POINT
  8
3
 10
-59657.536125
 20
-812.968707
  0
POINT
  8
3
 10
-59647.309982
 20
-812.970290
  0
POINT
  8
3
 10
-59637.083854
 20
-812.971873
  0
POINT
  8
3
 10
-59626.857669
 20
-812.973456
  0
POINT
  8
3
 10
-59616.631415
 20
-812.975041
  0
POINT
  8
3
 10
-59606.498236
 20
-812.976614
  0
POINT
  8
3
 10
-59596.271774
 20
-812.978204
  0
POINT
  8
3
 10
-59586.045289
 20
-812.979795
  0
POINT
  8
3
 10
-59575.818772
 20
-812.981387
  0
POINT
  8
3
 10
-59565.592215
 20
-812.982979
  0
POINT
  8
3
 10
-59555.569166
 20
-812.984540
  0
POINT
  8
3
 10
-59545.342726
 20
-812.986131
  0
POINT
  8
3
 10
-59535.116349
 20
-812.987722
  0
POINT
  8
3
 10
-59524.890003
 20
-812.989313
  0
POINT
  8
3
 10
-59514.663774
 20
-812.990904
  0
POINT
  8
3
 10
-59504.437632
 20
-812.992495
  0
POINT
  8
3
 10
-59494.313203
 20
-812.994071
  0
POINT
  8
3
 10
-59484.087236
 20
-812.995664
  0
POINT
  8
3
 10
-59473.861280
 20
-812.997257
  0
POINT
  8
3
 10
-59463.635377
 20
-812.998851
  0
POINT
  8
3
 10
-59453.409455
 20
-813.000445
  0
POINT
  8
3
 10
-59443.183442
 20
-813.002039
  0
POINT
  8
3
 10
-59432.754940
 20
-813.003665
  0
POINT
  8
3
 10
-59422.528742
 20
-813.005259
  0
POINT
  8
3
 10
-59412.302482
 20
-813.006853
  0
POINT
  8
3
 10
-59402.076123
 20
-813.008447
  0
POINT
  8
3
 10
-59391.849627
 20
-813.010040
  0
POINT
  8
3
 10
-59381.623068
 20
-813.011633
  0
POINT
  8
3
 10
-59371.203689
 20
-813.013255
  0
POINT
  8
3
 10
-59360.976967
 20
-813.014846
  0
POINT
  8
3
 10
-59350.750214
 20
-813.016436
  0
POINT
  8
3
 10
-59340.523428
 20
-813.018025
  0
POINT
  8
3
 10
-59330.296721
 20
-813.019613
  0
POINT
  8
3
 10
-59320.196130
 20
-813.021179
  0
POINT
  8
3
 10
-59309.969589
 20
-813.022764
  0
POINT
  8
3
 10
-59299.743113
 20
-813.024348
  0
POINT
  8
3
 10
-59289.516637
 20
-813.025933
  0
POINT
  8
3
 10
-59279.290246
 20
-813.027518
  0
POINT
  8
3
 10
-59269.063759
 20
-813.029105
  0
POINT
  8
3
 10
-59258.563555
 20
-813.030737
  0
POINT
  8
3
 10
-59248.337000
 20
-813.032328
  0
POINT
  8
3
 10
-59238.110545
 20
-813.033921
  0
POINT
  8
3
 10
-59227.884085
 20
-813.035515
  0
POINT
  8
3
 10
-59217.657742
 20
-813.037110
  0
POINT
  8
3
 10
-59207.578423
 20
-813.038680
  0
POINT
  8
3
 10
-59197.352473
 20
-813.040273
  0
POINT
  8
3
 10
-59187.126539
 20
-813.041865
  0
POINT
  8
3
 10
-59176.900633
 20
-813.043455
  0
POINT
  8
3
 10
-59166.674765
 20
-813.045043
  0
POINT
  8
3
 10
-59156.307425
 20
-813.046651
  0
POINT
  8
3
 10
-59146.081255
 20
-813.048236
  0
POINT
  8
3
 10
-59135.854992
 20
-813.049820
  0
POINT
  8
3
 10
-59125.628742
 20
-813.051407
  0
POINT
  8
3
 10
-59115.402384
 20
-813.052995
  0
POINT
  8
3
 10
-59105.045706
 20
-813.054608
  0
POINT
  8
3
 10
-59094.819313
 20
-813.056204
  0
POINT
  8
3
 10
-59084.592943
 20
-813.057801
  0
POINT
  8
3
 10
-59074.366417
 20
-813.059397
  0
POINT
  8
3
 10
-59064.344194
 20
-813.060960
  0
POINT
  8
3
 10
-59054.117546
 20
-813.062554
  0
POINT
  8
3
 10
-59043.891037
 20
-813.064146
  0
POINT
  8
3
 10
-59033.475324
 20
-813.065769
  0
POINT
  8
3
 10
-59023.249161
 20
-813.067363
  0
POINT
  8
3
 10
-59013.023034
 20
-813.068956
  0
POINT
  8
3
 10
-59002.796942
 20
-813.070547
  0
POINT
  8
3
 10
-58992.596236
 20
-813.072132
  0
POINT
  8
3
 10
-58982.328707
 20
-813.073725
  0
POINT
  8
3
 10
-58972.464986
 20
-813.075252
  0
POINT
  8
3
 10
-58967.008503
 20
-823.580355
  0
POINT
  8
3
 10
-58967.000640
 20
-833.779185
  0
POINT
  8
3
 10
-58966.992971
 20
-843.726171
  0
POINT
  8
3
 10
-58977.522763
 20
-851.076050
  0
POINT
  8
3
 10
-58987.605757
 20
-851.076050
  0
POINT
  8
3
 10
-58997.790733
 20
-851.076050
  0
POINT
  8
3
 10
-59007.771367
 20
-851.076050
  0
POINT
  8
3
 10
-59011.987305
 20
-851.076050
  0
POINT
  8
3
 10
-59017.988281
 20
-851.076050
  0
POINT
  8
4
 10
-59229.990234
 20
-851.076050
 30
1.000000
 50
 90.00
  0
TEXT
  8
4
 10
-59229.990234
 20
-851.076050
 40
0.000000
 50
0.000000
  1
# 276
  0
POINT
  8
4
 10
-59465.932617
 20
-851.076050
 30
1.000000
 50
 90.00
  0
TEXT
  8
4
 10
-59465.932617
 20
-851.076050
 40
0.000000
 50
0.000000
  1
# 277
  0
POINT
  8
4
 10
-59701.875000
 20
-851.076050
 30
1.000000
 50
270.00
  0
TEXT
  8
4
 10
-59701.875000
 20
-851.076050
 40
0.000000
 50
0.000000
  1
# 278
  0
POINT
  8
4
 10
-59011.987305
 20
-851.076050
 30
1.000000
 50
 90.00
  0
TEXT
  8
4
 10
-59011.987305
 20
-851.076050
 40
0.000000
 50
0.000000
  1
# 279
  0
POINT
  8
4
 10
-59017.988281
 20
-851.076050
 30
1.000000
 50
 90.00
  0
TEXT
  8
4
 10
-59017.988281
 20
-851.076050
 40
0.000000
 50
0.000000
  1
# 280
  0
POLYLINE
  8
8
  66
1
  70
0
  0
VERTEX
  8
8
  10
-59465.932617
  20
-851.076050
  0
VERTEX
  8
8
  10
-59465.932617
  20
-812.998505
  0
SEQEND
  8
8
  0
POINT
  8
2
 10
-59465.932617
 20
-851.076050
  0
TEXT
  8
2
 10
-59465.932617
 20
-851.076050
 40
0.000000
 50
0.000000
  1
# 281
  0
POINT
  8
2
 10
-59465.932617
 20
-812.998505
  0
TEXT
  8
2
 10
-59465.932617
 20
-812.998505
 40
0.000000
 50
0.000000
  1
# 282
  0
POLYLINE
  8
8
  66
1
  70
0
  0
VERTEX
  8
8
  10
-59731.875000
  20
-851.076050
  0
VERTEX
  8
8
  10
-59731.875000
  20
-813.035126
  0
SEQEND
  8
8
  0
POINT
  8
2
 10
-59731.875000
 20
-851.076050
  0
TEXT
  8
2
 10
-59731.875000
 20
-851.076050
 40
0.000000
 50
0.000000
  1
# 283
  0
POINT
  8
2
 10
-59731.875000
 20
-813.035126
  0
TEXT
  8
2
 10
-59731.875000
 20
-813.035126
 40
0.000000
 50
0.000000
  1
# 284
  0
POLYLINE
  8
8
  66
1
  70
0
  0
VERTEX
  8
8
  10
-59781.875000
  20
-851.076050
  0
VERTEX
  8
8
  10
-59781.875000
  20
-813.035126
  0
SEQEND
  8
8
  0
POINT
  8
2
 10
-59781.875000
 20
-851.076050
  0
TEXT
  8
2
 10
-59781.875000
 20
-851.076050
 40
0.000000
 50
0.000000
  1
# 285
  0
POINT
  8
2
 10
-59781.875000
 20
-813.035126
  0
TEXT
  8
2
 10
-59781.875000
 20
-813.035126
 40
0.000000
 50
0.000000
  1
# 286
  0
POLYLINE
  8
8
  66
1
  70
0
  0
VERTEX
  8
8
  10
-59199.990234
  20
-851.076050
  0
VERTEX
  8
8
  10
-59199.990234
  20
-813.035126
  0
SEQEND
  8
8
  0
POINT
  8
2
 10
-59199.990234
 20
-851.076050
  0
TEXT
  8
2
 10
-59199.990234
 20
-851.076050
 40
0.000000
 50
0.000000
  1
# 287
  0
POINT
  8
2
 10
-59199.990234
 20
-813.035126
  0
TEXT
  8
2
 10
-59199.990234
 20
-813.035126
 40
0.000000
 50
0.000000
  1
# 288
  0
POLYLINE
  8
8
  66
1
  70
0
  0
VERTEX
  8
8
  10
-59149.990234
  20
-851.076050
  0
VERTEX
  8
8
  10
-59149.990234
  20
-813.035126
  0
SEQEND
  8
8
  0
POINT
  8
2
 10
-59149.990234
 20
-851.076050
  0
TEXT
  8
2
 10
-59149.990234
 20
-851.076050
 40
0.000000
 50
0.000000
  1
# 289
  0
POINT
  8
2
 10
-59149.990234
 20
-813.035126
  0
TEXT
  8
2
 10
-59149.990234
 20
-813.035126
 40
0.000000
 50
0.000000
  1
# 290
 0
LINE
 8
7
 10
-59769.545898
 20
-833.138275
 11
-59028.945313
 21
-833.138275
  0
TEXT
  8
1
 10
-59440.427246
 20
-832.000885
 40
10.000000
 50
0.000000
  1
Piece Name: 26SMC-WP115M 展_腰面_175/84
  0
TEXT
  8
1
 10
-59440.427246
 20
-817.000885
 40
10.000000
 50
0.000000
  1
Size: 175/84
  0
TEXT
  8
1
 10
-59440.427246
 20
-802.000885
 40
10.000000
 50
0.000000
  1
Annotation: 
  0
TEXT
  8
1
 10
-59440.427246
 20
-787.000885
 40
10.000000
 50
0.000000
  1
Quantity: 1
  0
TEXT
  8
1
 10
-59440.427246
 20
-772.000885
 40
10.000000
 50
0.000000
  1
Material: 面
  0
TEXT
  8
1
 10
-59440.427246
 20
-772.000885
 40
10.000000
 50
0.000000
  1
Category: 5
0
ENDBLK
0
BLOCK
  8
1
  2
26SMC-WP115M 展_前原_175/84
 70
0
 10
0.0
 20
0.0
  0
POLYLINE
  8
1
  66
1
  70
1
  0
VERTEX
  8
1
  10
-59379.399414
  20
-243.025856
  0
VERTEX
  8
1
  10
-59379.365234
  20
-238.763008
  0
VERTEX
  8
1
  10
-59379.291992
  20
-228.677273
  0
VERTEX
  8
1
  10
-59379.213867
  20
-218.271999
  0
VERTEX
  8
1
  10
-59379.140625
  20
-208.025856
  0
VERTEX
  8
1
  10
-59379.140625
  20
-208.025856
  0
VERTEX
  8
1
  10
-59379.213867
  20
-197.779713
  0
VERTEX
  8
1
  10
-59379.291992
  20
-187.374439
  0
VERTEX
  8
1
  10
-59379.365234
  20
-177.288704
  0
VERTEX
  8
1
  10
-59379.443359
  20
-167.250252
  0
VERTEX
  8
1
  10
-59379.521484
  20
-156.893921
  0
VERTEX
  8
1
  10
-59379.604492
  20
-146.537676
  0
VERTEX
  8
1
  10
-59379.687500
  20
-136.469145
  0
VERTEX
  8
1
  10
-59379.775391
  20
-126.113510
  0
VERTEX
  8
1
  10
-59379.868164
  20
-115.758371
  0
VERTEX
  8
1
  10
-59379.960938
  20
-105.558186
  0
VERTEX
  8
1
  10
-59380.058594
  20
-95.204115
  0
VERTEX
  8
1
  10
-59380.161133
  20
-84.850626
  0
VERTEX
  8
1
  10
-59380.268555
  20
-74.822187
  0
VERTEX
  8
1
  10
-59380.380859
  20
-64.469233
  0
VERTEX
  8
1
  10
-59380.498047
  20
-54.115844
  0
VERTEX
  8
1
  10
-59380.620117
  20
-43.761988
  0
VERTEX
  8
1
  10
-59380.747070
  20
-33.695238
  0
VERTEX
  8
1
  10
-59380.878906
  20
-23.343186
  0
VERTEX
  8
1
  10
-59381.015625
  20
-12.992656
  0
VERTEX
  8
1
  10
-59381.157227
  20
-2.929270
  0
VERTEX
  8
1
  10
-59381.313477
  20
7.420274
  0
VERTEX
  8
1
  10
-59381.479492
  20
17.770004
  0
VERTEX
  8
1
  10
-59381.645508
  20
27.834425
  0
VERTEX
  8
1
  10
-59381.821289
  20
38.184452
  0
VERTEX
  8
1
  10
-59382.011719
  20
48.534617
  0
VERTEX
  8
1
  10
-59382.197266
  20
58.600497
  0
VERTEX
  8
1
  10
-59382.397461
  20
68.949471
  0
VERTEX
  8
1
  10
-59382.607422
  20
79.296494
  0
VERTEX
  8
1
  10
-59382.817383
  20
89.358416
  0
VERTEX
  8
1
  10
-59383.051758
  20
99.703064
  0
VERTEX
  8
1
  10
-59383.295898
  20
110.048628
  0
VERTEX
  8
1
  10
-59383.544922
  20
120.395155
  0
VERTEX
  8
1
  10
-59383.798828
  20
130.460463
  0
VERTEX
  8
1
  10
-59384.072266
  20
140.805836
  0
VERTEX
  8
1
  10
-59384.355469
  20
151.149836
  0
VERTEX
  8
1
  10
-59384.638672
  20
161.213112
  0
VERTEX
  8
1
  10
-59384.946289
  20
171.554642
  0
VERTEX
  8
1
  10
-59385.263672
  20
181.894875
  0
VERTEX
  8
1
  10
-59385.590820
  20
191.944256
  0
VERTEX
  8
1
  10
-59385.932617
  20
202.213440
  0
VERTEX
  8
1
  10
-59386.284180
  20
212.364578
  0
VERTEX
  8
1
  10
-59386.494141
  20
218.415432
  0
VERTEX
  8
1
  10
-59386.567383
  20
220.415668
  0
VERTEX
  8
1
  10
-59386.567383
  20
220.464821
  0
VERTEX
  8
1
  10
-59386.635742
  20
223.096733
  0
VERTEX
  8
1
  10
-59386.831055
  20
230.887451
  0
VERTEX
  8
1
  10
-59387.099609
  20
241.062145
  0
VERTEX
  8
1
  10
-59387.387695
  20
251.161938
  0
VERTEX
  8
1
  10
-59387.705078
  20
261.418095
  0
VERTEX
  8
1
  10
-59388.046875
  20
271.695080
  0
VERTEX
  8
1
  10
-59388.417969
  20
281.969872
  0
VERTEX
  8
1
  10
-59388.813477
  20
292.029629
  0
VERTEX
  8
1
  10
-59389.248047
  20
302.296638
  0
VERTEX
  8
1
  10
-59389.716797
  20
312.558823
  0
VERTEX
  8
1
  10
-59390.214844
  20
322.601738
  0
VERTEX
  8
1
  10
-59390.766602
  20
332.852974
  0
VERTEX
  8
1
  10
-59391.367188
  20
343.097954
  0
VERTEX
  8
1
  10
-59392.001953
  20
353.120270
  0
VERTEX
  8
1
  10
-59392.700195
  20
363.355598
  0
VERTEX
  8
1
  10
-59393.447266
  20
373.586159
  0
VERTEX
  8
1
  10
-59394.233398
  20
383.589401
  0
VERTEX
  8
1
  10
-59395.097656
  20
393.804359
  0
VERTEX
  8
1
  10
-59396.020508
  20
404.009514
  0
VERTEX
  8
1
  10
-59396.987305
  20
414.004936
  0
VERTEX
  8
1
  10
-59398.041992
  20
424.192619
  0
VERTEX
  8
1
  10
-59399.165039
  20
434.371185
  0
VERTEX
  8
1
  10
-59400.336914
  20
444.325447
  0
VERTEX
  8
1
  10
-59401.606445
  20
454.483109
  0
VERTEX
  8
1
  10
-59402.949219
  20
464.628906
  0
VERTEX
  8
1
  10
-59404.335938
  20
474.546509
  0
VERTEX
  8
1
  10
-59405.834961
  20
484.666023
  0
VERTEX
  8
1
  10
-59407.416992
  20
494.770699
  0
VERTEX
  8
1
  10
-59409.038086
  20
504.601593
  0
VERTEX
  8
1
  10
-59410.722656
  20
514.326820
  0
VERTEX
  8
1
  10
-59412.426758
  20
523.688736
  0
VERTEX
  8
1
  10
-59414.213867
  20
533.034058
  0
VERTEX
  8
1
  10
-59416.079102
  20
542.386894
  0
VERTEX
  8
1
  10
-59418.027344
  20
551.697922
  0
VERTEX
  8
1
  10
-59420.053711
  20
560.990753
  0
VERTEX
  8
1
  10
-59422.133789
  20
570.150757
  0
VERTEX
  8
1
  10
-59424.506836
  20
580.207520
  0
VERTEX
  8
1
  10
-59426.884766
  20
589.981499
  0
VERTEX
  8
1
  10
-59428.452148
  20
596.319885
  0
VERTEX
  8
1
  10
-59430.229492
  20
603.550644
  0
VERTEX
  8
1
  10
-59424.291992
  20
606.606712
  0
VERTEX
  8
1
  10
-59420.751953
  20
608.399391
  0
VERTEX
  8
1
  10
-59418.535156
  20
609.591789
  0
VERTEX
  8
1
  10
-59416.293945
  20
610.889015
  0
VERTEX
  8
1
  10
-59414.311523
  20
612.117157
  0
VERTEX
  8
1
  10
-59412.451172
  20
613.357658
  0
VERTEX
  8
1
  10
-59410.786133
  20
614.561729
  0
VERTEX
  8
1
  10
-59409.282227
  20
615.742531
  0
VERTEX
  8
1
  10
-59407.875977
  20
616.943550
  0
VERTEX
  8
1
  10
-59406.528320
  20
618.195343
  0
VERTEX
  8
1
  10
-59405.361328
  20
619.374352
  0
VERTEX
  8
1
  10
-59404.248047
  20
620.589561
  0
VERTEX
  8
1
  10
-59403.198242
  20
621.838188
  0
VERTEX
  8
1
  10
-59402.216797
  20
623.117561
  0
VERTEX
  8
1
  10
-59401.313477
  20
624.405136
  0
VERTEX
  8
1
  10
-59400.449219
  20
625.761871
  0
VERTEX
  8
1
  10
-59399.633789
  20
627.176361
  0
VERTEX
  8
1
  10
-59398.862305
  20
628.645935
  0
VERTEX
  8
1
  10
-59398.066406
  20
630.322304
  0
VERTEX
  8
1
  10
-59397.324219
  20
632.056618
  0
VERTEX
  8
1
  10
-59396.572266
  20
634.008217
  0
VERTEX
  8
1
  10
-59395.883789
  20
636.014519
  0
VERTEX
  8
1
  10
-59395.209961
  20
638.211441
  0
VERTEX
  8
1
  10
-59394.594727
  20
640.477524
  0
VERTEX
  8
1
  10
-59394.003906
  20
642.964401
  0
VERTEX
  8
1
  10
-59393.481445
  20
645.496902
  0
VERTEX
  8
1
  10
-59392.988281
  20
648.257828
  0
VERTEX
  8
1
  10
-59392.534180
  20
651.242447
  0
VERTEX
  8
1
  10
-59392.099609
  20
654.635315
  0
VERTEX
  8
1
  10
-59391.679688
  20
658.579865
  0
VERTEX
  8
1
  10
-59391.308594
  20
662.786713
  0
VERTEX
  8
1
  10
-59391.206055
  20
664.295273
  0
VERTEX
  8
1
  10
-59393.803711
  20
672.296753
  0
VERTEX
  8
1
  10
-59396.186523
  20
679.633865
  0
VERTEX
  8
1
  10
-59395.649414
  20
683.881454
  0
VERTEX
  8
1
  10
-59394.599609
  20
692.187119
  0
VERTEX
  8
1
  10
-59393.325195
  20
702.261429
  0
VERTEX
  8
1
  10
-59392.045898
  20
712.382278
  0
VERTEX
  8
1
  10
-59390.756836
  20
722.582626
  0
VERTEX
  8
1
  10
-59389.453125
  20
732.890167
  0
VERTEX
  8
1
  10
-59388.168945
  20
743.064499
  0
VERTEX
  8
1
  10
-59386.865234
  20
753.371964
  0
VERTEX
  8
1
  10
-59385.566406
  20
763.679886
  0
VERTEX
  8
1
  10
-59384.272461
  20
773.919601
  0
VERTEX
  8
1
  10
-59382.983398
  20
784.104843
  0
VERTEX
  8
1
  10
-59381.689453
  20
794.349136
  0
VERTEX
  8
1
  10
-59380.424805
  20
804.361038
  0
VERTEX
  8
1
  10
-59379.414063
  20
812.368546
  0
VERTEX
  8
1
  10
-59378.325195
  20
820.980911
  0
VERTEX
  8
1
  10
-59363.286133
  20
820.695343
  0
VERTEX
  8
1
  10
-59352.783203
  20
820.499573
  0
VERTEX
  8
1
  10
-59342.641602
  20
820.333405
  0
VERTEX
  8
1
  10
-59332.583008
  20
820.193634
  0
VERTEX
  8
1
  10
-59322.514648
  20
820.090103
  0
VERTEX
  8
1
  10
-59312.309570
  20
820.044861
  0
VERTEX
  8
1
  10
-59302.827148
  20
820.078964
  0
VERTEX
  8
1
  10
-59294.418945
  20
820.187759
  0
VERTEX
  8
1
  10
-59286.313477
  20
820.375519
  0
VERTEX
  8
1
  10
-59278.627930
  20
820.634995
  0
VERTEX
  8
1
  10
-59274.716797
  20
820.809174
  0
VERTEX
  8
1
  10
-59270.947266
  20
820.977249
  0
VERTEX
  8
1
  10
-59263.623047
  20
821.384506
  0
VERTEX
  8
1
  10
-59256.372070
  20
821.868439
  0
VERTEX
  8
1
  10
-59248.710938
  20
822.465744
  0
VERTEX
  8
1
  10
-59241.049805
  20
823.148041
  0
VERTEX
  8
1
  10
-59233.388672
  20
823.912125
  0
VERTEX
  8
1
  10
-59225.317383
  20
824.803696
  0
VERTEX
  8
1
  10
-59217.324219
  20
825.771027
  0
VERTEX
  8
1
  10
-59209.340820
  20
826.820831
  0
VERTEX
  8
1
  10
-59201.372070
  20
827.951584
  0
VERTEX
  8
1
  10
-59193.330078
  20
829.173660
  0
VERTEX
  8
1
  10
-59184.677734
  20
830.574799
  0
VERTEX
  8
1
  10
-59175.683594
  20
832.117310
  0
VERTEX
  8
1
  10
-59166.000977
  20
833.865433
  0
VERTEX
  8
1
  10
-59156.279297
  20
835.697174
  0
VERTEX
  8
1
  10
-59149.477539
  20
837.001801
  0
VERTEX
  8
1
  10
-59140.439453
  20
838.723145
  0
VERTEX
  8
1
  10
-59138.808594
  20
828.492050
  0
VERTEX
  8
1
  10
-59137.133789
  20
818.100815
  0
VERTEX
  8
1
  10
-59135.556641
  20
807.935257
  0
VERTEX
  8
1
  10
-59134.052734
  20
797.748642
  0
VERTEX
  8
1
  10
-59132.739258
  20
788.351364
  0
VERTEX
  8
1
  10
-59131.557617
  20
779.304199
  0
VERTEX
  8
1
  10
-59130.410156
  20
769.818192
  0
VERTEX
  8
1
  10
-59129.340820
  20
760.325241
  0
VERTEX
  8
1
  10
-59128.334961
  20
750.554581
  0
VERTEX
  8
1
  10
-59127.436523
  20
741.043472
  0
VERTEX
  8
1
  10
-59126.660156
  20
731.946640
  0
VERTEX
  8
1
  10
-59126.005859
  20
723.266602
  0
VERTEX
  8
1
  10
-59125.468750
  20
715.005798
  0
VERTEX
  8
1
  10
-59125.034180
  20
706.987839
  0
VERTEX
  8
1
  10
-59124.672852
  20
698.713303
  0
VERTEX
  8
1
  10
-59124.399414
  20
690.436554
  0
VERTEX
  8
1
  10
-59124.218750
  20
682.158661
  0
VERTEX
  8
1
  10
-59124.121094
  20
673.981552
  0
VERTEX
  8
1
  10
-59124.111328
  20
665.708694
  0
VERTEX
  8
1
  10
-59124.184570
  20
657.006226
  0
VERTEX
  8
1
  10
-59124.340820
  20
648.310318
  0
VERTEX
  8
1
  10
-59124.594727
  20
638.969078
  0
VERTEX
  8
1
  10
-59124.926758
  20
629.850616
  0
VERTEX
  8
1
  10
-59125.341797
  20
620.737000
  0
VERTEX
  8
1
  10
-59125.864258
  20
611.195297
  0
VERTEX
  8
1
  10
-59126.464844
  20
601.762085
  0
VERTEX
  8
1
  10
-59127.192383
  20
591.658401
  0
VERTEX
  8
1
  10
-59127.993164
  20
581.474876
  0
VERTEX
  8
1
  10
-59128.754883
  20
572.466354
  0
VERTEX
  8
1
  10
-59129.580078
  20
562.064590
  0
VERTEX
  8
1
  10
-59130.424805
  20
551.903534
  0
VERTEX
  8
1
  10
-59131.328125
  20
541.652832
  0
VERTEX
  8
1
  10
-59132.270508
  20
531.528625
  0
VERTEX
  8
1
  10
-59133.266602
  20
521.401253
  0
VERTEX
  8
1
  10
-59134.301758
  20
511.289444
  0
VERTEX
  8
1
  10
-59135.361328
  20
501.241760
  0
VERTEX
  8
1
  10
-59136.445313
  20
491.149673
  0
VERTEX
  8
1
  10
-59137.543945
  20
481.064644
  0
VERTEX
  8
1
  10
-59138.647461
  20
471.038361
  0
VERTEX
  8
1
  10
-59139.760742
  20
460.965843
  0
VERTEX
  8
1
  10
-59140.878906
  20
450.898666
  0
VERTEX
  8
1
  10
-59141.987305
  20
440.810013
  0
VERTEX
  8
1
  10
-59143.090820
  20
430.747070
  0
VERTEX
  8
1
  10
-59144.179688
  20
420.684547
  0
VERTEX
  8
1
  10
-59145.258789
  20
410.670547
  0
VERTEX
  8
1
  10
-59146.323242
  20
400.612717
  0
VERTEX
  8
1
  10
-59147.368164
  20
390.557785
  0
VERTEX
  8
1
  10
-59148.383789
  20
380.551376
  0
VERTEX
  8
1
  10
-59149.375000
  20
370.498428
  0
VERTEX
  8
1
  10
-59150.332031
  20
360.445404
  0
VERTEX
  8
1
  10
-59151.254883
  20
350.440025
  0
VERTEX
  8
1
  10
-59152.143555
  20
340.381317
  0
VERTEX
  8
1
  10
-59153.002930
  20
330.318565
  0
VERTEX
  8
1
  10
-59153.823242
  20
320.354500
  0
VERTEX
  8
1
  10
-59154.619141
  20
310.285091
  0
VERTEX
  8
1
  10
-59155.385742
  20
300.212898
  0
VERTEX
  8
1
  10
-59156.127930
  20
290.031242
  0
VERTEX
  8
1
  10
-59156.840820
  20
279.946499
  0
VERTEX
  8
1
  10
-59157.534180
  20
269.853096
  0
VERTEX
  8
1
  10
-59158.212891
  20
259.808636
  0
VERTEX
  8
1
  10
-59158.876953
  20
249.728851
  0
VERTEX
  8
1
  10
-59159.492188
  20
239.669247
  0
VERTEX
  8
1
  10
-59160.053711
  20
229.565144
  0
VERTEX
  8
1
  10
-59160.502930
  20
220.415039
  0
VERTEX
  8
1
  10
-59160.507813
  20
220.315418
  0
VERTEX
  8
1
  10
-59160.541992
  20
218.599968
  0
VERTEX
  8
1
  10
-59160.756836
  20
208.645954
  0
VERTEX
  8
1
  10
-59160.971680
  20
198.495827
  0
VERTEX
  8
1
  10
-59161.196289
  20
188.245735
  0
VERTEX
  8
1
  10
-59161.420898
  20
177.888851
  0
VERTEX
  8
1
  10
-59161.645508
  20
167.779903
  0
VERTEX
  8
1
  10
-59161.865234
  20
157.672176
  0
VERTEX
  8
1
  10
-59162.089844
  20
147.482376
  0
VERTEX
  8
1
  10
-59162.309570
  20
137.375231
  0
VERTEX
  8
1
  10
-59162.529297
  20
127.267570
  0
VERTEX
  8
1
  10
-59162.749023
  20
117.159348
  0
VERTEX
  8
1
  10
-59162.968750
  20
106.820192
  0
VERTEX
  8
1
  10
-59163.188477
  20
96.711655
  0
VERTEX
  8
1
  10
-59163.408203
  20
86.603136
  0
VERTEX
  8
1
  10
-59163.627930
  20
76.387525
  0
VERTEX
  8
1
  10
-59163.847656
  20
66.278868
  0
VERTEX
  8
1
  10
-59164.067383
  20
56.170020
  0
VERTEX
  8
1
  10
-59164.291992
  20
45.906911
  0
VERTEX
  8
1
  10
-59164.516602
  20
35.798213
  0
VERTEX
  8
1
  10
-59164.736328
  20
25.690153
  0
VERTEX
  8
1
  10
-59164.956055
  20
15.582712
  0
VERTEX
  8
1
  10
-59165.175781
  20
5.415784
  0
VERTEX
  8
1
  10
-59165.395508
  20
-4.692065
  0
VERTEX
  8
1
  10
-59165.615234
  20
-14.800879
  0
VERTEX
  8
1
  10
-59165.834961
  20
-24.910605
  0
VERTEX
  8
1
  10
-59166.059570
  20
-35.277121
  0
VERTEX
  8
1
  10
-59166.284180
  20
-45.385337
  0
VERTEX
  8
1
  10
-59166.503906
  20
-55.492053
  0
VERTEX
  8
1
  10
-59166.723633
  20
-65.502791
  0
VERTEX
  8
1
  10
-59166.938477
  20
-75.609412
  0
VERTEX
  8
1
  10
-59167.153320
  20
-85.718050
  0
VERTEX
  8
1
  10
-59167.373047
  20
-95.828676
  0
VERTEX
  8
1
  10
-59167.592773
  20
-106.099472
  0
VERTEX
  8
1
  10
-59167.817383
  20
-116.209021
  0
VERTEX
  8
1
  10
-59168.037109
  20
-126.316938
  0
VERTEX
  8
1
  10
-59168.266602
  20
-136.632862
  0
VERTEX
  8
1
  10
-59168.486328
  20
-146.739712
  0
VERTEX
  8
1
  10
-59168.701172
  20
-156.847343
  0
VERTEX
  8
1
  10
-59168.920898
  20
-166.955719
  0
VERTEX
  8
1
  10
-59169.145508
  20
-177.276859
  0
VERTEX
  8
1
  10
-59169.365234
  20
-187.562485
  0
VERTEX
  8
1
  10
-59169.584961
  20
-197.693005
  0
VERTEX
  8
1
  10
-59169.814453
  20
-208.025856
  0
VERTEX
  8
1
  10
-59169.814453
  20
-208.025856
  0
VERTEX
  8
1
  10
-59169.584961
  20
-218.358707
  0
VERTEX
  8
1
  10
-59169.365234
  20
-228.489227
  0
VERTEX
  8
1
  10
-59169.145508
  20
-238.774853
  0
VERTEX
  8
1
  10
-59169.052734
  20
-243.025856
  0
VERTEX
  8
1
  10
-59190.209961
  20
-243.025856
  0
VERTEX
  8
1
  10
-59200.395508
  20
-243.025856
  0
VERTEX
  8
1
  10
-59210.678711
  20
-243.025856
  0
VERTEX
  8
1
  10
-59220.742188
  20
-243.025856
  0
VERTEX
  8
1
  10
-59230.942383
  20
-243.025856
  0
VERTEX
  8
1
  10
-59241.137695
  20
-243.025856
  0
VERTEX
  8
1
  10
-59251.328125
  20
-243.025856
  0
VERTEX
  8
1
  10
-59261.523438
  20
-243.025856
  0
VERTEX
  8
1
  10
-59271.889648
  20
-243.025856
  0
VERTEX
  8
1
  10
-59282.080078
  20
-243.025856
  0
VERTEX
  8
1
  10
-59292.275391
  20
-243.025856
  0
VERTEX
  8
1
  10
-59302.465820
  20
-243.025856
  0
VERTEX
  8
1
  10
-59312.802734
  20
-243.025856
  0
VERTEX
  8
1
  10
-59322.998047
  20
-243.025856
  0
VERTEX
  8
1
  10
-59333.193359
  20
-243.025856
  0
VERTEX
  8
1
  10
-59343.383789
  20
-243.025856
  0
VERTEX
  8
1
  10
-59353.496094
  20
-243.025856
  0
VERTEX
  8
1
  10
-59363.486328
  20
-243.025856
  0
SEQEND
  8
1
  0
POINT
  8
2
 10
-59379.399414
 20
-243.025856
  0
TEXT
  8
2
 10
-59379.399414
 20
-243.025856
 40
0.000000
 50
0.000000
  1
# 291
  0
POINT
  8
2
 10
-59379.140625
 20
-208.025856
  0
TEXT
  8
2
 10
-59379.140625
 20
-208.025856
 40
0.000000
 50
0.000000
  1
# 292
  0
POINT
  8
2
 10
-59386.567383
 20
220.464821
  0
TEXT
  8
2
 10
-59386.567383
 20
220.464821
 40
0.000000
 50
0.000000
  1
# 293
  0
POINT
  8
2
 10
-59430.229492
 20
603.550644
  0
TEXT
  8
2
 10
-59430.229492
 20
603.550644
 40
0.000000
 50
0.000000
  1
# 294
  0
POINT
  8
2
 10
-59391.206055
 20
664.295273
  0
TEXT
  8
2
 10
-59391.206055
 20
664.295273
 40
0.000000
 50
0.000000
  1
# 295
  0
POINT
  8
2
 10
-59396.186523
 20
679.633865
  0
TEXT
  8
2
 10
-59396.186523
 20
679.633865
 40
0.000000
 50
0.000000
  1
# 296
  0
POINT
  8
2
 10
-59378.325195
 20
820.980911
  0
TEXT
  8
2
 10
-59378.325195
 20
820.980911
 40
0.000000
 50
0.000000
  1
# 297
  0
POINT
  8
2
 10
-59363.286133
 20
820.695343
  0
TEXT
  8
2
 10
-59363.286133
 20
820.695343
 40
0.000000
 50
0.000000
  1
# 298
  0
POINT
  8
2
 10
-59140.439453
 20
838.723145
  0
TEXT
  8
2
 10
-59140.439453
 20
838.723145
 40
0.000000
 50
0.000000
  1
# 299
  0
POINT
  8
2
 10
-59128.754883
 20
572.466354
  0
TEXT
  8
2
 10
-59128.754883
 20
572.466354
 40
0.000000
 50
0.000000
  1
# 300
  0
POINT
  8
2
 10
-59160.502930
 20
220.415039
  0
TEXT
  8
2
 10
-59160.502930
 20
220.415039
 40
0.000000
 50
0.000000
  1
# 301
  0
POINT
  8
2
 10
-59169.814453
 20
-208.025856
  0
TEXT
  8
2
 10
-59169.814453
 20
-208.025856
 40
0.000000
 50
0.000000
  1
# 302
  0
POINT
  8
2
 10
-59169.052734
 20
-243.025856
  0
TEXT
  8
2
 10
-59169.052734
 20
-243.025856
 40
0.000000
 50
0.000000
  1
# 303
  0
POINT
  8
3
 10
-59379.365234
 20
-238.763008
  0
POINT
  8
3
 10
-59379.291992
 20
-228.677273
  0
POINT
  8
3
 10
-59379.213867
 20
-218.271999
  0
POINT
  8
3
 10
-59379.140625
 20
-208.025856
  0
POINT
  8
3
 10
-59379.213867
 20
-197.779713
  0
POINT
  8
3
 10
-59379.291992
 20
-187.374439
  0
POINT
  8
3
 10
-59379.365234
 20
-177.288704
  0
POINT
  8
3
 10
-59379.443359
 20
-167.250252
  0
POINT
  8
3
 10
-59379.521484
 20
-156.893921
  0
POINT
  8
3
 10
-59379.604492
 20
-146.537676
  0
POINT
  8
3
 10
-59379.687500
 20
-136.469145
  0
POINT
  8
3
 10
-59379.775391
 20
-126.113510
  0
POINT
  8
3
 10
-59379.868164
 20
-115.758371
  0
POINT
  8
3
 10
-59379.960938
 20
-105.558186
  0
POINT
  8
3
 10
-59380.058594
 20
-95.204115
  0
POINT
  8
3
 10
-59380.161133
 20
-84.850626
  0
POINT
  8
3
 10
-59380.268555
 20
-74.822187
  0
POINT
  8
3
 10
-59380.380859
 20
-64.469233
  0
POINT
  8
3
 10
-59380.498047
 20
-54.115844
  0
POINT
  8
3
 10
-59380.620117
 20
-43.761988
  0
POINT
  8
3
 10
-59380.747070
 20
-33.695238
  0
POINT
  8
3
 10
-59380.878906
 20
-23.343186
  0
POINT
  8
3
 10
-59381.015625
 20
-12.992656
  0
POINT
  8
3
 10
-59381.157227
 20
-2.929270
  0
POINT
  8
3
 10
-59381.313477
 20
7.420274
  0
POINT
  8
3
 10
-59381.479492
 20
17.770004
  0
POINT
  8
3
 10
-59381.645508
 20
27.834425
  0
POINT
  8
3
 10
-59381.821289
 20
38.184452
  0
POINT
  8
3
 10
-59382.011719
 20
48.534617
  0
POINT
  8
3
 10
-59382.197266
 20
58.600497
  0
POINT
  8
3
 10
-59382.397461
 20
68.949471
  0
POINT
  8
3
 10
-59382.607422
 20
79.296494
  0
POINT
  8
3
 10
-59382.817383
 20
89.358416
  0
POINT
  8
3
 10
-59383.051758
 20
99.703064
  0
POINT
  8
3
 10
-59383.295898
 20
110.048628
  0
POINT
  8
3
 10
-59383.544922
 20
120.395155
  0
POINT
  8
3
 10
-59383.798828
 20
130.460463
  0
POINT
  8
3
 10
-59384.072266
 20
140.805836
  0
POINT
  8
3
 10
-59384.355469
 20
151.149836
  0
POINT
  8
3
 10
-59384.638672
 20
161.213112
  0
POINT
  8
3
 10
-59384.946289
 20
171.554642
  0
POINT
  8
3
 10
-59385.263672
 20
181.894875
  0
POINT
  8
3
 10
-59385.590820
 20
191.944256
  0
POINT
  8
3
 10
-59385.932617
 20
202.213440
  0
POINT
  8
3
 10
-59386.284180
 20
212.364578
  0
POINT
  8
3
 10
-59386.494141
 20
218.415432
  0
POINT
  8
3
 10
-59386.567383
 20
220.415668
  0
POINT
  8
3
 10
-59386.635742
 20
223.096733
  0
POINT
  8
3
 10
-59386.831055
 20
230.887451
  0
POINT
  8
3
 10
-59387.099609
 20
241.062145
  0
POINT
  8
3
 10
-59387.387695
 20
251.161938
  0
POINT
  8
3
 10
-59387.705078
 20
261.418095
  0
POINT
  8
3
 10
-59388.046875
 20
271.695080
  0
POINT
  8
3
 10
-59388.417969
 20
281.969872
  0
POINT
  8
3
 10
-59388.813477
 20
292.029629
  0
POINT
  8
3
 10
-59389.248047
 20
302.296638
  0
POINT
  8
3
 10
-59389.716797
 20
312.558823
  0
POINT
  8
3
 10
-59390.214844
 20
322.601738
  0
POINT
  8
3
 10
-59390.766602
 20
332.852974
  0
POINT
  8
3
 10
-59391.367188
 20
343.097954
  0
POINT
  8
3
 10
-59392.001953
 20
353.120270
  0
POINT
  8
3
 10
-59392.700195
 20
363.355598
  0
POINT
  8
3
 10
-59393.447266
 20
373.586159
  0
POINT
  8
3
 10
-59394.233398
 20
383.589401
  0
POINT
  8
3
 10
-59395.097656
 20
393.804359
  0
POINT
  8
3
 10
-59396.020508
 20
404.009514
  0
POINT
  8
3
 10
-59396.987305
 20
414.004936
  0
POINT
  8
3
 10
-59398.041992
 20
424.192619
  0
POINT
  8
3
 10
-59399.165039
 20
434.371185
  0
POINT
  8
3
 10
-59400.336914
 20
444.325447
  0
POINT
  8
3
 10
-59401.606445
 20
454.483109
  0
POINT
  8
3
 10
-59402.949219
 20
464.628906
  0
POINT
  8
3
 10
-59404.335938
 20
474.546509
  0
POINT
  8
3
 10
-59405.834961
 20
484.666023
  0
POINT
  8
3
 10
-59407.416992
 20
494.770699
  0
POINT
  8
3
 10
-59409.038086
 20
504.601593
  0
POINT
  8
3
 10
-59410.722656
 20
514.326820
  0
POINT
  8
3
 10
-59412.426758
 20
523.688736
  0
POINT
  8
3
 10
-59414.213867
 20
533.034058
  0
POINT
  8
3
 10
-59416.079102
 20
542.386894
  0
POINT
  8
3
 10
-59418.027344
 20
551.697922
  0
POINT
  8
3
 10
-59420.053711
 20
560.990753
  0
POINT
  8
3
 10
-59422.133789
 20
570.150757
  0
POINT
  8
3
 10
-59424.506836
 20
580.207520
  0
POINT
  8
3
 10
-59426.884766
 20
589.981499
  0
POINT
  8
3
 10
-59428.452148
 20
596.319885
  0
POINT
  8
3
 10
-59424.291992
 20
606.606712
  0
POINT
  8
3
 10
-59420.751953
 20
608.399391
  0
POINT
  8
3
 10
-59418.535156
 20
609.591789
  0
POINT
  8
3
 10
-59416.293945
 20
610.889015
  0
POINT
  8
3
 10
-59414.311523
 20
612.117157
  0
POINT
  8
3
 10
-59412.451172
 20
613.357658
  0
POINT
  8
3
 10
-59410.786133
 20
614.561729
  0
POINT
  8
3
 10
-59409.282227
 20
615.742531
  0
POINT
  8
3
 10
-59407.875977
 20
616.943550
  0
POINT
  8
3
 10
-59406.528320
 20
618.195343
  0
POINT
  8
3
 10
-59405.361328
 20
619.374352
  0
POINT
  8
3
 10
-59404.248047
 20
620.589561
  0
POINT
  8
3
 10
-59403.198242
 20
621.838188
  0
POINT
  8
3
 10
-59402.216797
 20
623.117561
  0
POINT
  8
3
 10
-59401.313477
 20
624.405136
  0
POINT
  8
3
 10
-59400.449219
 20
625.761871
  0
POINT
  8
3
 10
-59399.633789
 20
627.176361
  0
POINT
  8
3
 10
-59398.862305
 20
628.645935
  0
POINT
  8
3
 10
-59398.066406
 20
630.322304
  0
POINT
  8
3
 10
-59397.324219
 20
632.056618
  0
POINT
  8
3
 10
-59396.572266
 20
634.008217
  0
POINT
  8
3
 10
-59395.883789
 20
636.014519
  0
POINT
  8
3
 10
-59395.209961
 20
638.211441
  0
POINT
  8
3
 10
-59394.594727
 20
640.477524
  0
POINT
  8
3
 10
-59394.003906
 20
642.964401
  0
POINT
  8
3
 10
-59393.481445
 20
645.496902
  0
POINT
  8
3
 10
-59392.988281
 20
648.257828
  0
POINT
  8
3
 10
-59392.534180
 20
651.242447
  0
POINT
  8
3
 10
-59392.099609
 20
654.635315
  0
POINT
  8
3
 10
-59391.679688
 20
658.579865
  0
POINT
  8
3
 10
-59391.308594
 20
662.786713
  0
POINT
  8
3
 10
-59393.803711
 20
672.296753
  0
POINT
  8
3
 10
-59395.649414
 20
683.881454
  0
POINT
  8
3
 10
-59394.599609
 20
692.187119
  0
POINT
  8
3
 10
-59393.325195
 20
702.261429
  0
POINT
  8
3
 10
-59392.045898
 20
712.382278
  0
POINT
  8
3
 10
-59390.756836
 20
722.582626
  0
POINT
  8
3
 10
-59389.453125
 20
732.890167
  0
POINT
  8
3
 10
-59388.168945
 20
743.064499
  0
POINT
  8
3
 10
-59386.865234
 20
753.371964
  0
POINT
  8
3
 10
-59385.566406
 20
763.679886
  0
POINT
  8
3
 10
-59384.272461
 20
773.919601
  0
POINT
  8
3
 10
-59382.983398
 20
784.104843
  0
POINT
  8
3
 10
-59381.689453
 20
794.349136
  0
POINT
  8
3
 10
-59380.424805
 20
804.361038
  0
POINT
  8
3
 10
-59379.414063
 20
812.368546
  0
POINT
  8
3
 10
-59352.783203
 20
820.499573
  0
POINT
  8
3
 10
-59342.641602
 20
820.333405
  0
POINT
  8
3
 10
-59332.583008
 20
820.193634
  0
POINT
  8
3
 10
-59322.514648
 20
820.090103
  0
POINT
  8
3
 10
-59312.309570
 20
820.044861
  0
POINT
  8
3
 10
-59302.827148
 20
820.078964
  0
POINT
  8
3
 10
-59294.418945
 20
820.187759
  0
POINT
  8
3
 10
-59286.313477
 20
820.375519
  0
POINT
  8
3
 10
-59278.627930
 20
820.634995
  0
POINT
  8
3
 10
-59274.716797
 20
820.809174
  0
POINT
  8
3
 10
-59270.947266
 20
820.977249
  0
POINT
  8
3
 10
-59263.623047
 20
821.384506
  0
POINT
  8
3
 10
-59256.372070
 20
821.868439
  0
POINT
  8
3
 10
-59248.710938
 20
822.465744
  0
POINT
  8
3
 10
-59241.049805
 20
823.148041
  0
POINT
  8
3
 10
-59233.388672
 20
823.912125
  0
POINT
  8
3
 10
-59225.317383
 20
824.803696
  0
POINT
  8
3
 10
-59217.324219
 20
825.771027
  0
POINT
  8
3
 10
-59209.340820
 20
826.820831
  0
POINT
  8
3
 10
-59201.372070
 20
827.951584
  0
POINT
  8
3
 10
-59193.330078
 20
829.173660
  0
POINT
  8
3
 10
-59184.677734
 20
830.574799
  0
POINT
  8
3
 10
-59175.683594
 20
832.117310
  0
POINT
  8
3
 10
-59166.000977
 20
833.865433
  0
POINT
  8
3
 10
-59156.279297
 20
835.697174
  0
POINT
  8
3
 10
-59149.477539
 20
837.001801
  0
POINT
  8
3
 10
-59138.808594
 20
828.492050
  0
POINT
  8
3
 10
-59137.133789
 20
818.100815
  0
POINT
  8
3
 10
-59135.556641
 20
807.935257
  0
POINT
  8
3
 10
-59134.052734
 20
797.748642
  0
POINT
  8
3
 10
-59132.739258
 20
788.351364
  0
POINT
  8
3
 10
-59131.557617
 20
779.304199
  0
POINT
  8
3
 10
-59130.410156
 20
769.818192
  0
POINT
  8
3
 10
-59129.340820
 20
760.325241
  0
POINT
  8
3
 10
-59128.334961
 20
750.554581
  0
POINT
  8
3
 10
-59127.436523
 20
741.043472
  0
POINT
  8
3
 10
-59126.660156
 20
731.946640
  0
POINT
  8
3
 10
-59126.005859
 20
723.266602
  0
POINT
  8
3
 10
-59125.468750
 20
715.005798
  0
POINT
  8
3
 10
-59125.034180
 20
706.987839
  0
POINT
  8
3
 10
-59124.672852
 20
698.713303
  0
POINT
  8
3
 10
-59124.399414
 20
690.436554
  0
POINT
  8
3
 10
-59124.218750
 20
682.158661
  0
POINT
  8
3
 10
-59124.121094
 20
673.981552
  0
POINT
  8
3
 10
-59124.111328
 20
665.708694
  0
POINT
  8
3
 10
-59124.184570
 20
657.006226
  0
POINT
  8
3
 10
-59124.340820
 20
648.310318
  0
POINT
  8
3
 10
-59124.594727
 20
638.969078
  0
POINT
  8
3
 10
-59124.926758
 20
629.850616
  0
POINT
  8
3
 10
-59125.341797
 20
620.737000
  0
POINT
  8
3
 10
-59125.864258
 20
611.195297
  0
POINT
  8
3
 10
-59126.464844
 20
601.762085
  0
POINT
  8
3
 10
-59127.192383
 20
591.658401
  0
POINT
  8
3
 10
-59127.993164
 20
581.474876
  0
POINT
  8
3
 10
-59129.580078
 20
562.064590
  0
POINT
  8
3
 10
-59130.424805
 20
551.903534
  0
POINT
  8
3
 10
-59131.328125
 20
541.652832
  0
POINT
  8
3
 10
-59132.270508
 20
531.528625
  0
POINT
  8
3
 10
-59133.266602
 20
521.401253
  0
POINT
  8
3
 10
-59134.301758
 20
511.289444
  0
POINT
  8
3
 10
-59135.361328
 20
501.241760
  0
POINT
  8
3
 10
-59136.445313
 20
491.149673
  0
POINT
  8
3
 10
-59137.543945
 20
481.064644
  0
POINT
  8
3
 10
-59138.647461
 20
471.038361
  0
POINT
  8
3
 10
-59139.760742
 20
460.965843
  0
POINT
  8
3
 10
-59140.878906
 20
450.898666
  0
POINT
  8
3
 10
-59141.987305
 20
440.810013
  0
POINT
  8
3
 10
-59143.090820
 20
430.747070
  0
POINT
  8
3
 10
-59144.179688
 20
420.684547
  0
POINT
  8
3
 10
-59145.258789
 20
410.670547
  0
POINT
  8
3
 10
-59146.323242
 20
400.612717
  0
POINT
  8
3
 10
-59147.368164
 20
390.557785
  0
POINT
  8
3
 10
-59148.383789
 20
380.551376
  0
POINT
  8
3
 10
-59149.375000
 20
370.498428
  0
POINT
  8
3
 10
-59150.332031
 20
360.445404
  0
POINT
  8
3
 10
-59151.254883
 20
350.440025
  0
POINT
  8
3
 10
-59152.143555
 20
340.381317
  0
POINT
  8
3
 10
-59153.002930
 20
330.318565
  0
POINT
  8
3
 10
-59153.823242
 20
320.354500
  0
POINT
  8
3
 10
-59154.619141
 20
310.285091
  0
POINT
  8
3
 10
-59155.385742
 20
300.212898
  0
POINT
  8
3
 10
-59156.127930
 20
290.031242
  0
POINT
  8
3
 10
-59156.840820
 20
279.946499
  0
POINT
  8
3
 10
-59157.534180
 20
269.853096
  0
POINT
  8
3
 10
-59158.212891
 20
259.808636
  0
POINT
  8
3
 10
-59158.876953
 20
249.728851
  0
POINT
  8
3
 10
-59159.492188
 20
239.669247
  0
POINT
  8
3
 10
-59160.053711
 20
229.565144
  0
POINT
  8
3
 10
-59160.507813
 20
220.315418
  0
POINT
  8
3
 10
-59160.541992
 20
218.599968
  0
POINT
  8
3
 10
-59160.756836
 20
208.645954
  0
POINT
  8
3
 10
-59160.971680
 20
198.495827
  0
POINT
  8
3
 10
-59161.196289
 20
188.245735
  0
POINT
  8
3
 10
-59161.420898
 20
177.888851
  0
POINT
  8
3
 10
-59161.645508
 20
167.779903
  0
POINT
  8
3
 10
-59161.865234
 20
157.672176
  0
POINT
  8
3
 10
-59162.089844
 20
147.482376
  0
POINT
  8
3
 10
-59162.309570
 20
137.375231
  0
POINT
  8
3
 10
-59162.529297
 20
127.267570
  0
POINT
  8
3
 10
-59162.749023
 20
117.159348
  0
POINT
  8
3
 10
-59162.968750
 20
106.820192
  0
POINT
  8
3
 10
-59163.188477
 20
96.711655
  0
POINT
  8
3
 10
-59163.408203
 20
86.603136
  0
POINT
  8
3
 10
-59163.627930
 20
76.387525
  0
POINT
  8
3
 10
-59163.847656
 20
66.278868
  0
POINT
  8
3
 10
-59164.067383
 20
56.170020
  0
POINT
  8
3
 10
-59164.291992
 20
45.906911
  0
POINT
  8
3
 10
-59164.516602
 20
35.798213
  0
POINT
  8
3
 10
-59164.736328
 20
25.690153
  0
POINT
  8
3
 10
-59164.956055
 20
15.582712
  0
POINT
  8
3
 10
-59165.175781
 20
5.415784
  0
POINT
  8
3
 10
-59165.395508
 20
-4.692065
  0
POINT
  8
3
 10
-59165.615234
 20
-14.800879
  0
POINT
  8
3
 10
-59165.834961
 20
-24.910605
  0
POINT
  8
3
 10
-59166.059570
 20
-35.277121
  0
POINT
  8
3
 10
-59166.284180
 20
-45.385337
  0
POINT
  8
3
 10
-59166.503906
 20
-55.492053
  0
POINT
  8
3
 10
-59166.723633
 20
-65.502791
  0
POINT
  8
3
 10
-59166.938477
 20
-75.609412
  0
POINT
  8
3
 10
-59167.153320
 20
-85.718050
  0
POINT
  8
3
 10
-59167.373047
 20
-95.828676
  0
POINT
  8
3
 10
-59167.592773
 20
-106.099472
  0
POINT
  8
3
 10
-59167.817383
 20
-116.209021
  0
POINT
  8
3
 10
-59168.037109
 20
-126.316938
  0
POINT
  8
3
 10
-59168.266602
 20
-136.632862
  0
POINT
  8
3
 10
-59168.486328
 20
-146.739712
  0
POINT
  8
3
 10
-59168.701172
 20
-156.847343
  0
POINT
  8
3
 10
-59168.920898
 20
-166.955719
  0
POINT
  8
3
 10
-59169.145508
 20
-177.276859
  0
POINT
  8
3
 10
-59169.365234
 20
-187.562485
  0
POINT
  8
3
 10
-59169.584961
 20
-197.693005
  0
POINT
  8
3
 10
-59169.814453
 20
-208.025856
  0
POINT
  8
3
 10
-59169.584961
 20
-218.358707
  0
POINT
  8
3
 10
-59169.365234
 20
-228.489227
  0
POINT
  8
3
 10
-59169.145508
 20
-238.774853
  0
POINT
  8
3
 10
-59190.209961
 20
-243.025856
  0
POINT
  8
3
 10
-59200.395508
 20
-243.025856
  0
POINT
  8
3
 10
-59210.678711
 20
-243.025856
  0
POINT
  8
3
 10
-59220.742188
 20
-243.025856
  0
POINT
  8
3
 10
-59230.942383
 20
-243.025856
  0
POINT
  8
3
 10
-59241.137695
 20
-243.025856
  0
POINT
  8
3
 10
-59251.328125
 20
-243.025856
  0
POINT
  8
3
 10
-59261.523438
 20
-243.025856
  0
POINT
  8
3
 10
-59271.889648
 20
-243.025856
  0
POINT
  8
3
 10
-59282.080078
 20
-243.025856
  0
POINT
  8
3
 10
-59292.275391
 20
-243.025856
  0
POINT
  8
3
 10
-59302.465820
 20
-243.025856
  0
POINT
  8
3
 10
-59312.802734
 20
-243.025856
  0
POINT
  8
3
 10
-59322.998047
 20
-243.025856
  0
POINT
  8
3
 10
-59333.193359
 20
-243.025856
  0
POINT
  8
3
 10
-59343.383789
 20
-243.025856
  0
POINT
  8
3
 10
-59353.496094
 20
-243.025856
  0
POINT
  8
3
 10
-59363.486328
 20
-243.025856
  0
POINT
  8
4
 10
-59379.140625
 20
-208.025856
 30
1.000000
 50
  0.00
  0
TEXT
  8
4
 10
-59379.140625
 20
-208.025856
 40
0.000000
 50
0.000000
  1
# 304
  0
POINT
  8
4
 10
-59386.567383
 20
220.415668
 30
1.000000
 50
  2.02
  0
TEXT
  8
4
 10
-59386.567383
 20
220.415668
 40
0.000000
 50
0.000000
  1
# 305
  0
POINT
  8
4
 10
-59274.716797
 20
820.809174
 30
1.000000
 50
270.00
  0
TEXT
  8
4
 10
-59274.716797
 20
820.809174
 40
0.000000
 50
0.000000
  1
# 306
  0
POINT
  8
4
 10
-59160.507813
 20
220.315418
 30
1.000000
 50
177.34
  0
TEXT
  8
4
 10
-59160.507813
 20
220.315418
 40
0.000000
 50
0.000000
  1
# 307
  0
POINT
  8
4
 10
-59169.814453
 20
-208.025856
 30
1.000000
 50
180.00
  0
TEXT
  8
4
 10
-59169.814453
 20
-208.025856
 40
0.000000
 50
0.000000
  1
# 308
  0
POLYLINE
  8
14
  66
1
  70
1
  0
VERTEX
  8
14
  10
-59369.140625
  20
-208.025932
  0
VERTEX
  8
14
  10
-59369.140625
  20
-208.025856
  0
VERTEX
  8
14
  10
-59369.214757
  20
-197.707241
  0
VERTEX
  8
14
  10
-59369.290789
  20
-187.300750
  0
VERTEX
  8
14
  10
-59369.365833
  20
-177.213538
  0
VERTEX
  8
14
  10
-59369.442252
  20
-167.173189
  0
VERTEX
  8
14
  10
-59369.523145
  20
-156.814793
  0
VERTEX
  8
14
  10
-59369.606208
  20
-146.456414
  0
VERTEX
  8
14
  10
-59369.689134
  20
-136.385671
  0
VERTEX
  8
14
  10
-59369.776956
  20
-126.027338
  0
VERTEX
  8
14
  10
-59369.867818
  20
-115.669032
  0
VERTEX
  8
14
  10
-59369.960776
  20
-105.465255
  0
VERTEX
  8
14
  10
-59370.059154
  20
-95.107012
  0
VERTEX
  8
14
  10
-59370.162133
  20
-84.748813
  0
VERTEX
  8
14
  10
-59370.266801
  20
-74.715297
  0
VERTEX
  8
14
  10
-59370.380233
  20
-64.357198
  0
VERTEX
  8
14
  10
-59370.498730
  20
-53.999175
  0
VERTEX
  8
14
  10
-59370.621765
  20
-43.641191
  0
VERTEX
  8
14
  10
-59370.745483
  20
-33.570145
  0
VERTEX
  8
14
  10
-59370.877949
  20
-23.212285
  0
VERTEX
  8
14
  10
-59371.017168
  20
-12.854526
  0
VERTEX
  8
14
  10
-59371.160318
  20
-2.783146
  0
VERTEX
  8
14
  10
-59371.315858
  20
7.574410
  0
VERTEX
  8
14
  10
-59371.479546
  20
17.931858
  0
VERTEX
  8
14
  10
-59371.646246
  20
28.003506
  0
VERTEX
  8
14
  10
-59371.825118
  20
38.360676
  0
VERTEX
  8
14
  10
-59372.011238
  20
48.717693
  0
VERTEX
  8
14
  10
-59372.198915
  20
58.790020
  0
VERTEX
  8
14
  10
-59372.399131
  20
69.146798
  0
VERTEX
  8
14
  10
-59372.608336
  20
79.503376
  0
VERTEX
  8
14
  10
-59372.822160
  20
89.576264
  0
VERTEX
  8
14
  10
-59373.053847
  20
99.932353
  0
VERTEX
  8
14
  10
-59373.296781
  20
110.288188
  0
VERTEX
  8
14
  10
-59373.549755
  20
120.643830
  0
VERTEX
  8
14
  10
-59373.804551
  20
130.717636
  0
VERTEX
  8
14
  10
-59374.075925
  20
141.072792
  0
VERTEX
  8
14
  10
-59374.357998
  20
151.427666
  0
VERTEX
  8
14
  10
-59374.643781
  20
161.502523
  0
VERTEX
  8
14
  10
-59374.950080
  20
171.856748
  0
VERTEX
  8
14
  10
-59375.269969
  20
182.210514
  0
VERTEX
  8
14
  10
-59375.594640
  20
192.273340
  0
VERTEX
  8
14
  10
-59375.938815
  20
202.553104
  0
VERTEX
  8
14
  10
-59376.288541
  20
212.712841
  0
VERTEX
  8
14
  10
-59376.572266
  20
220.767593
  0
VERTEX
  8
14
  10
-59376.572266
  20
220.768166
  0
VERTEX
  8
14
  10
-59376.832674
  20
231.146366
  0
VERTEX
  8
14
  10
-59377.104464
  20
241.336904
  0
VERTEX
  8
14
  10
-59377.392392
  20
251.457141
  0
VERTEX
  8
14
  10
-59377.709233
  20
261.739113
  0
VERTEX
  8
14
  10
-59378.054032
  20
272.043141
  0
VERTEX
  8
14
  10
-59378.427339
  20
282.346187
  0
VERTEX
  8
14
  10
-59378.822077
  20
292.435703
  0
VERTEX
  8
14
  10
-59379.257764
  20
302.736284
  0
VERTEX
  8
14
  10
-59379.729724
  20
313.035263
  0
VERTEX
  8
14
  10
-59380.230226
  20
323.117498
  0
VERTEX
  8
14
  10
-59380.784159
  20
333.412384
  0
VERTEX
  8
14
  10
-59381.384961
  20
343.704640
  0
VERTEX
  8
14
  10
-59382.021548
  20
353.775479
  0
VERTEX
  8
14
  10
-59382.723074
  20
364.061450
  0
VERTEX
  8
14
  10
-59383.477380
  20
374.343732
  0
VERTEX
  8
14
  10
-59384.268053
  20
384.400130
  0
VERTEX
  8
14
  10
-59385.133754
  20
394.673690
  0
VERTEX
  8
14
  10
-59386.062057
  20
404.941718
  0
VERTEX
  8
14
  10
-59387.036703
  20
415.001634
  0
VERTEX
  8
14
  10
-59388.098871
  20
425.256647
  0
VERTEX
  8
14
  10
-59389.231241
  20
435.504086
  0
VERTEX
  8
14
  10
-59390.409352
  20
445.527520
  0
VERTEX
  8
14
  10
-59391.686017
  20
455.757966
  0
VERTEX
  8
14
  10
-59393.038845
  20
465.978707
  0
VERTEX
  8
14
  10
-59394.438789
  20
475.971798
  0
VERTEX
  8
14
  10
-59395.948998
  20
486.170689
  0
VERTEX
  8
14
  10
-59397.542239
  20
496.357016
  0
VERTEX
  8
14
  10
-59399.176812
  20
506.269618
  0
VERTEX
  8
14
  10
-59400.878413
  20
516.077793
  0
VERTEX
  8
14
  10
-59402.598364
  20
525.521591
  0
VERTEX
  8
14
  10
-59404.397800
  20
534.950621
  0
VERTEX
  8
14
  10
-59406.283348
  20
544.388624
  0
VERTEX
  8
14
  10
-59408.245815
  20
553.785078
  0
VERTEX
  8
14
  10
-59410.290509
  20
563.163860
  0
VERTEX
  8
14
  10
-59412.391275
  20
572.409232
  0
VERTEX
  8
14
  10
-59414.784902
  20
582.541926
  0
VERTEX
  8
14
  10
-59417.175430
  20
592.371943
  0
VERTEX
  8
14
  10
-59418.642578
  20
598.282776
  0
VERTEX
  8
14
  10
-59416.143440
  20
599.524390
  0
VERTEX
  8
14
  10
-59413.666695
  20
600.857947
  0
VERTEX
  8
14
  10
-59411.151715
  20
602.311826
  0
VERTEX
  8
14
  10
-59408.906216
  20
603.705074
  0
VERTEX
  8
14
  10
-59406.755732
  20
605.139750
  0
VERTEX
  8
14
  10
-59404.772080
  20
606.571263
  0
VERTEX
  8
14
  10
-59402.942742
  20
608.007786
  0
VERTEX
  8
14
  10
-59401.223360
  20
609.476786
  0
VERTEX
  8
14
  10
-59399.565630
  20
611.017615
  0
VERTEX
  8
14
  10
-59398.117401
  20
612.479198
  0
VERTEX
  8
14
  10
-59396.730060
  20
613.997328
  0
VERTEX
  8
14
  10
-59395.408339
  20
615.570660
  0
VERTEX
  8
14
  10
-59394.156968
  20
617.197859
  0
VERTEX
  8
14
  10
-59392.998456
  20
618.850917
  0
VERTEX
  8
14
  10
-59391.898434
  20
620.580062
  0
VERTEX
  8
14
  10
-59390.873430
  20
622.355029
  0
VERTEX
  8
14
  10
-59389.920310
  20
624.171117
  0
VERTEX
  8
14
  10
-59388.951161
  20
626.210693
  0
VERTEX
  8
14
  10
-59388.061023
  20
628.288076
  0
VERTEX
  8
14
  10
-59387.175167
  20
630.590079
  0
VERTEX
  8
14
  10
-59386.372954
  20
632.921501
  0
VERTEX
  8
14
  10
-59385.600722
  20
635.441569
  0
VERTEX
  8
14
  10
-59384.903960
  20
638.012695
  0
VERTEX
  8
14
  10
-59384.241293
  20
640.801952
  0
VERTEX
  8
14
  10
-59383.661485
  20
643.608825
  0
VERTEX
  8
14
  10
-59383.122798
  20
646.631696
  0
VERTEX
  8
14
  10
-59382.632638
  20
649.857765
  0
VERTEX
  8
14
  10
-59382.169683
  20
653.466740
  0
VERTEX
  8
14
  10
-59381.725507
  20
657.611036
  0
VERTEX
  8
14
  10
-59381.339755
  20
662.005838
  0
VERTEX
  8
14
  10
-59381.093750
  20
665.538635
  0
VERTEX
  8
14
  10
-59384.293445
  20
675.386797
  0
VERTEX
  8
14
  10
-59385.986328
  20
680.597229
  0
VERTEX
  8
14
  10
-59384.678817
  20
690.932057
  0
VERTEX
  8
14
  10
-59383.404425
  20
701.006576
  0
VERTEX
  8
14
  10
-59382.124351
  20
711.127677
  0
VERTEX
  8
14
  10
-59380.834518
  20
721.328373
  0
VERTEX
  8
14
  10
-59379.531592
  20
731.636416
  0
VERTEX
  8
14
  10
-59378.246127
  20
741.811482
  0
VERTEX
  8
14
  10
-59376.944595
  20
752.119497
  0
VERTEX
  8
14
  10
-59375.643416
  20
762.427513
  0
VERTEX
  8
14
  10
-59374.350762
  20
772.666915
  0
VERTEX
  8
14
  10
-59373.064514
  20
782.851685
  0
VERTEX
  8
14
  10
-59371.770356
  20
793.095557
  0
VERTEX
  8
14
  10
-59370.505185
  20
803.107112
  0
VERTEX
  8
14
  10
-59369.531250
  20
810.812073
  0
VERTEX
  8
14
  10
-59363.476563
  20
810.697098
  0
VERTEX
  8
14
  10
-59352.955806
  20
810.501081
  0
VERTEX
  8
14
  10
-59342.794194
  20
810.334533
  0
VERTEX
  8
14
  10
-59332.707542
  20
810.194413
  0
VERTEX
  8
14
  10
-59322.594245
  20
810.090397
  0
VERTEX
  8
14
  10
-59312.315566
  20
810.044833
  0
VERTEX
  8
14
  10
-59302.746190
  20
810.079302
  0
VERTEX
  8
14
  10
-59294.240719
  20
810.189333
  0
VERTEX
  8
14
  10
-59286.029349
  20
810.379609
  0
VERTEX
  8
14
  10
-59278.235490
  20
810.642612
  0
VERTEX
  8
14
  10
-59274.716797
  20
810.822601
  0
VERTEX
  8
14
  10
-59270.444662
  20
810.989765
  0
VERTEX
  8
14
  10
-59263.011879
  20
811.403181
  0
VERTEX
  8
14
  10
-59255.652029
  20
811.894427
  0
VERTEX
  8
14
  10
-59247.876298
  20
812.500500
  0
VERTEX
  8
14
  10
-59240.107518
  20
813.192395
  0
VERTEX
  8
14
  10
-59232.346483
  20
813.966789
  0
VERTEX
  8
14
  10
-59224.165612
  20
814.870019
  0
VERTEX
  8
14
  10
-59216.071236
  20
815.849885
  0
VERTEX
  8
14
  10
-59207.987803
  20
816.912969
  0
VERTEX
  8
14
  10
-59199.916101
  20
818.057832
  0
VERTEX
  8
14
  10
-59191.780417
  20
819.294554
  0
VERTEX
  8
14
  10
-59183.033941
  20
820.711071
  0
VERTEX
  8
14
  10
-59173.951489
  20
822.268787
  0
VERTEX
  8
14
  10
-59164.184879
  20
824.032003
  0
VERTEX
  8
14
  10
-59154.401701
  20
825.875334
  0
VERTEX
  8
14
  10
-59148.701172
  20
826.974182
  0
VERTEX
  8
14
  10
-59147.011762
  20
816.537678
  0
VERTEX
  8
14
  10
-59145.445389
  20
806.435021
  0
VERTEX
  8
14
  10
-59143.948194
  20
796.322537
  0
VERTEX
  8
14
  10
-59142.647426
  20
787.013246
  0
VERTEX
  8
14
  10
-59141.479200
  20
778.055431
  0
VERTEX
  8
14
  10
-59140.340411
  20
768.659952
  0
VERTEX
  8
14
  10
-59139.285733
  20
759.254297
  0
VERTEX
  8
14
  10
-59138.285499
  20
749.570177
  0
VERTEX
  8
14
  10
-59137.394651
  20
740.147409
  0
VERTEX
  8
14
  10
-59136.627306
  20
731.145784
  0
VERTEX
  8
14
  10
-59135.980845
  20
722.566365
  0
VERTEX
  8
14
  10
-59135.450635
  20
714.410127
  0
VERTEX
  8
14
  10
-59135.020768
  20
706.498372
  0
VERTEX
  8
14
  10
-59134.665026
  20
698.332174
  0
VERTEX
  8
14
  10
-59134.397333
  20
690.162481
  0
VERTEX
  8
14
  10
-59134.216657
  20
681.990433
  0
VERTEX
  8
14
  10
-59134.122500
  20
673.916014
  0
VERTEX
  8
14
  10
-59134.109791
  20
665.742346
  0
VERTEX
  8
14
  10
-59134.181679
  20
657.138731
  0
VERTEX
  8
14
  10
-59134.336249
  20
648.536102
  0
VERTEX
  8
14
  10
-59134.589185
  20
639.289416
  0
VERTEX
  8
14
  10
-59134.919452
  20
630.261162
  0
VERTEX
  8
14
  10
-59135.330557
  20
621.236309
  0
VERTEX
  8
14
  10
-59135.846544
  20
611.786109
  0
VERTEX
  8
14
  10
-59136.441510
  20
602.441327
  0
VERTEX
  8
14
  10
-59137.164063
  20
592.412349
  0
VERTEX
  8
14
  10
-59137.960619
  20
582.288317
  0
VERTEX
  8
14
  10
-59138.720703
  20
573.282776
  0
VERTEX
  8
14
  10
-59139.547289
  20
562.876442
  0
VERTEX
  8
14
  10
-59140.390991
  20
552.753937
  0
VERTEX
  8
14
  10
-59141.285928
  20
542.553124
  0
VERTEX
  8
14
  10
-59142.225553
  20
532.485001
  0
VERTEX
  8
14
  10
-59143.218111
  20
522.402268
  0
VERTEX
  8
14
  10
-59144.249984
  20
512.323410
  0
VERTEX
  8
14
  10
-59145.304598
  20
502.299557
  0
VERTEX
  8
14
  10
-59146.386201
  20
492.226188
  0
VERTEX
  8
14
  10
-59147.484120
  20
482.154650
  0
VERTEX
  8
14
  10
-59148.587291
  20
472.136560
  0
VERTEX
  8
14
  10
-59149.701811
  20
462.066894
  0
VERTEX
  8
14
  10
-59150.816496
  20
451.997196
  0
VERTEX
  8
14
  10
-59151.928973
  20
441.901847
  0
VERTEX
  8
14
  10
-59153.031080
  20
431.830611
  0
VERTEX
  8
14
  10
-59154.124041
  20
421.758318
  0
VERTEX
  8
14
  10
-59155.200977
  20
411.731923
  0
VERTEX
  8
14
  10
-59156.267970
  20
401.656817
  0
VERTEX
  8
14
  10
-59157.314917
  20
391.579621
  0
VERTEX
  8
14
  10
-59158.332285
  20
381.546789
  0
VERTEX
  8
14
  10
-59159.326049
  20
371.464299
  0
VERTEX
  8
14
  10
-59160.288414
  20
361.378808
  0
VERTEX
  8
14
  10
-59161.212307
  20
351.339550
  0
VERTEX
  8
14
  10
-59162.106814
  20
341.247820
  0
VERTEX
  8
14
  10
-59162.968440
  20
331.153160
  0
VERTEX
  8
14
  10
-59163.789990
  20
321.158422
  0
VERTEX
  8
14
  10
-59164.588998
  20
311.058529
  0
VERTEX
  8
14
  10
-59165.357338
  20
300.956289
  0
VERTEX
  8
14
  10
-59166.103318
  20
290.746049
  0
VERTEX
  8
14
  10
-59166.816021
  20
280.639849
  0
VERTEX
  8
14
  10
-59167.510706
  20
270.532322
  0
VERTEX
  8
14
  10
-59168.190525
  20
260.477107
  0
VERTEX
  8
14
  10
-59168.854534
  20
250.367388
  0
VERTEX
  8
14
  10
-59169.476748
  20
240.255222
  0
VERTEX
  8
14
  10
-59170.038028
  20
230.081673
  0
VERTEX
  8
14
  10
-59170.498047
  20
220.778999
  0
VERTEX
  8
14
  10
-59170.498047
  20
220.768166
  0
VERTEX
  8
14
  10
-59170.539663
  20
218.813002
  0
VERTEX
  8
14
  10
-59170.752459
  20
208.860371
  0
VERTEX
  8
14
  10
-59170.970801
  20
198.711621
  0
VERTEX
  8
14
  10
-59171.192862
  20
188.463277
  0
VERTEX
  8
14
  10
-59171.419226
  20
178.108247
  0
VERTEX
  8
14
  10
-59171.641501
  20
167.999993
  0
VERTEX
  8
14
  10
-59171.863874
  20
157.891773
  0
VERTEX
  8
14
  10
-59172.087003
  20
147.700498
  0
VERTEX
  8
14
  10
-59172.306898
  20
137.592173
  0
VERTEX
  8
14
  10
-59172.525870
  20
127.483862
  0
VERTEX
  8
14
  10
-59172.744443
  20
117.375500
  0
VERTEX
  8
14
  10
-59172.968066
  20
107.036516
  0
VERTEX
  8
14
  10
-59173.186879
  20
96.928160
  0
VERTEX
  8
14
  10
-59173.405879
  20
86.819837
  0
VERTEX
  8
14
  10
-59173.627402
  20
76.604444
  0
VERTEX
  8
14
  10
-59173.846897
  20
66.496160
  0
VERTEX
  8
14
  10
-59174.066861
  20
56.387867
  0
VERTEX
  8
14
  10
-59174.290842
  20
46.125497
  0
VERTEX
  8
14
  10
-59174.512112
  20
36.017214
  0
VERTEX
  8
14
  10
-59174.733474
  20
25.908921
  0
VERTEX
  8
14
  10
-59174.954274
  20
15.800596
  0
VERTEX
  8
14
  10
-59175.175196
  20
5.632382
  0
VERTEX
  8
14
  10
-59175.393871
  20
-4.475942
  0
VERTEX
  8
14
  10
-59175.612548
  20
-14.584276
  0
VERTEX
  8
14
  10
-59175.832194
  20
-24.692567
  0
VERTEX
  8
14
  10
-59176.059164
  20
-35.057549
  0
VERTEX
  8
14
  10
-59176.281283
  20
-45.165790
  0
VERTEX
  8
14
  10
-59176.502604
  20
-55.274061
  0
VERTEX
  8
14
  10
-59176.719562
  20
-65.287674
  0
VERTEX
  8
14
  10
-59176.936013
  20
-75.396029
  0
VERTEX
  8
14
  10
-59177.151728
  20
-85.504392
  0
VERTEX
  8
14
  10
-59177.368740
  20
-95.612732
  0
VERTEX
  8
14
  10
-59177.592155
  20
-105.880603
  0
VERTEX
  8
14
  10
-59177.814226
  20
-115.988883
  0
VERTEX
  8
14
  10
-59178.036758
  20
-126.097154
  0
VERTEX
  8
14
  10
-59178.262704
  20
-136.414900
  0
VERTEX
  8
14
  10
-59178.482283
  20
-146.523192
  0
VERTEX
  8
14
  10
-59178.700787
  20
-156.631510
  0
VERTEX
  8
14
  10
-59178.918981
  20
-166.739822
  0
VERTEX
  8
14
  10
-59179.142147
  20
-177.060413
  0
VERTEX
  8
14
  10
-59179.365049
  20
-187.345614
  0
VERTEX
  8
14
  10
-59179.584988
  20
-197.475768
  0
VERTEX
  8
14
  10
-59179.814453
  20
-208.025856
  0
VERTEX
  8
14
  10
-59179.814453
  20
-208.025856
  0
VERTEX
  8
14
  10
-59190.212134
  20
-208.025856
  0
VERTEX
  8
14
  10
-59200.396863
  20
-208.025856
  0
VERTEX
  8
14
  10
-59210.677377
  20
-208.025856
  0
VERTEX
  8
14
  10
-59220.742479
  20
-208.025856
  0
VERTEX
  8
14
  10
-59230.943959
  20
-208.025856
  0
VERTEX
  8
14
  10
-59241.137112
  20
-208.025856
  0
VERTEX
  8
14
  10
-59251.330074
  20
-208.025856
  0
VERTEX
  8
14
  10
-59261.522932
  20
-208.025856
  0
VERTEX
  8
14
  10
-59271.888781
  20
-208.025856
  0
VERTEX
  8
14
  10
-59282.081657
  20
-208.025856
  0
VERTEX
  8
14
  10
-59292.274684
  20
-208.025856
  0
VERTEX
  8
14
  10
-59302.467988
  20
-208.025856
  0
VERTEX
  8
14
  10
-59312.803141
  20
-208.025856
  0
VERTEX
  8
14
  10
-59322.997100
  20
-208.025856
  0
VERTEX
  8
14
  10
-59333.191205
  20
-208.025856
  0
VERTEX
  8
14
  10
-59343.385278
  20
-208.025856
  0
VERTEX
  8
14
  10
-59353.496486
  20
-208.025856
  0
VERTEX
  8
14
  10
-59363.485296
  20
-208.025856
  0
SEQEND
  8
14
  0
POINT
  8
2
 10
-59369.140625
 20
-208.025932
  0
TEXT
  8
2
 10
-59369.140625
 20
-208.025932
 40
0.000000
 50
0.000000
  1
# 309
  0
POINT
  8
2
 10
-59376.572266
 20
220.768166
  0
TEXT
  8
2
 10
-59376.572266
 20
220.768166
 40
0.000000
 50
0.000000
  1
# 310
  0
POINT
  8
2
 10
-59418.642578
 20
598.282776
  0
TEXT
  8
2
 10
-59418.642578
 20
598.282776
 40
0.000000
 50
0.000000
  1
# 311
  0
POINT
  8
2
 10
-59381.093750
 20
665.538635
  0
TEXT
  8
2
 10
-59381.093750
 20
665.538635
 40
0.000000
 50
0.000000
  1
# 312
  0
POINT
  8
2
 10
-59385.986328
 20
680.597229
  0
TEXT
  8
2
 10
-59385.986328
 20
680.597229
 40
0.000000
 50
0.000000
  1
# 313
  0
POINT
  8
2
 10
-59369.531250
 20
810.812073
  0
TEXT
  8
2
 10
-59369.531250
 20
810.812073
 40
0.000000
 50
0.000000
  1
# 314
  0
POINT
  8
2
 10
-59363.476563
 20
810.697098
  0
TEXT
  8
2
 10
-59363.476563
 20
810.697098
 40
0.000000
 50
0.000000
  1
# 315
  0
POINT
  8
2
 10
-59148.701172
 20
826.974182
  0
TEXT
  8
2
 10
-59148.701172
 20
826.974182
 40
0.000000
 50
0.000000
  1
# 316
  0
POINT
  8
2
 10
-59138.720703
 20
573.282776
  0
TEXT
  8
2
 10
-59138.720703
 20
573.282776
 40
0.000000
 50
0.000000
  1
# 317
  0
POINT
  8
2
 10
-59170.498047
 20
220.768166
  0
TEXT
  8
2
 10
-59170.498047
 20
220.768166
 40
0.000000
 50
0.000000
  1
# 318
  0
POINT
  8
2
 10
-59179.814453
 20
-208.025856
  0
TEXT
  8
2
 10
-59179.814453
 20
-208.025856
 40
0.000000
 50
0.000000
  1
# 319
  0
POINT
  8
3
 10
-59369.140625
 20
-208.025856
  0
POINT
  8
3
 10
-59369.214757
 20
-197.707241
  0
POINT
  8
3
 10
-59369.290789
 20
-187.300750
  0
POINT
  8
3
 10
-59369.365833
 20
-177.213538
  0
POINT
  8
3
 10
-59369.442252
 20
-167.173189
  0
POINT
  8
3
 10
-59369.523145
 20
-156.814793
  0
POINT
  8
3
 10
-59369.606208
 20
-146.456414
  0
POINT
  8
3
 10
-59369.689134
 20
-136.385671
  0
POINT
  8
3
 10
-59369.776956
 20
-126.027338
  0
POINT
  8
3
 10
-59369.867818
 20
-115.669032
  0
POINT
  8
3
 10
-59369.960776
 20
-105.465255
  0
POINT
  8
3
 10
-59370.059154
 20
-95.107012
  0
POINT
  8
3
 10
-59370.162133
 20
-84.748813
  0
POINT
  8
3
 10
-59370.266801
 20
-74.715297
  0
POINT
  8
3
 10
-59370.380233
 20
-64.357198
  0
POINT
  8
3
 10
-59370.498730
 20
-53.999175
  0
POINT
  8
3
 10
-59370.621765
 20
-43.641191
  0
POINT
  8
3
 10
-59370.745483
 20
-33.570145
  0
POINT
  8
3
 10
-59370.877949
 20
-23.212285
  0
POINT
  8
3
 10
-59371.017168
 20
-12.854526
  0
POINT
  8
3
 10
-59371.160318
 20
-2.783146
  0
POINT
  8
3
 10
-59371.315858
 20
7.574410
  0
POINT
  8
3
 10
-59371.479546
 20
17.931858
  0
POINT
  8
3
 10
-59371.646246
 20
28.003506
  0
POINT
  8
3
 10
-59371.825118
 20
38.360676
  0
POINT
  8
3
 10
-59372.011238
 20
48.717693
  0
POINT
  8
3
 10
-59372.198915
 20
58.790020
  0
POINT
  8
3
 10
-59372.399131
 20
69.146798
  0
POINT
  8
3
 10
-59372.608336
 20
79.503376
  0
POINT
  8
3
 10
-59372.822160
 20
89.576264
  0
POINT
  8
3
 10
-59373.053847
 20
99.932353
  0
POINT
  8
3
 10
-59373.296781
 20
110.288188
  0
POINT
  8
3
 10
-59373.549755
 20
120.643830
  0
POINT
  8
3
 10
-59373.804551
 20
130.717636
  0
POINT
  8
3
 10
-59374.075925
 20
141.072792
  0
POINT
  8
3
 10
-59374.357998
 20
151.427666
  0
POINT
  8
3
 10
-59374.643781
 20
161.502523
  0
POINT
  8
3
 10
-59374.950080
 20
171.856748
  0
POINT
  8
3
 10
-59375.269969
 20
182.210514
  0
POINT
  8
3
 10
-59375.594640
 20
192.273340
  0
POINT
  8
3
 10
-59375.938815
 20
202.553104
  0
POINT
  8
3
 10
-59376.288541
 20
212.712841
  0
POINT
  8
3
 10
-59376.572266
 20
220.767593
  0
POINT
  8
3
 10
-59376.832674
 20
231.146366
  0
POINT
  8
3
 10
-59377.104464
 20
241.336904
  0
POINT
  8
3
 10
-59377.392392
 20
251.457141
  0
POINT
  8
3
 10
-59377.709233
 20
261.739113
  0
POINT
  8
3
 10
-59378.054032
 20
272.043141
  0
POINT
  8
3
 10
-59378.427339
 20
282.346187
  0
POINT
  8
3
 10
-59378.822077
 20
292.435703
  0
POINT
  8
3
 10
-59379.257764
 20
302.736284
  0
POINT
  8
3
 10
-59379.729724
 20
313.035263
  0
POINT
  8
3
 10
-59380.230226
 20
323.117498
  0
POINT
  8
3
 10
-59380.784159
 20
333.412384
  0
POINT
  8
3
 10
-59381.384961
 20
343.704640
  0
POINT
  8
3
 10
-59382.021548
 20
353.775479
  0
POINT
  8
3
 10
-59382.723074
 20
364.061450
  0
POINT
  8
3
 10
-59383.477380
 20
374.343732
  0
POINT
  8
3
 10
-59384.268053
 20
384.400130
  0
POINT
  8
3
 10
-59385.133754
 20
394.673690
  0
POINT
  8
3
 10
-59386.062057
 20
404.941718
  0
POINT
  8
3
 10
-59387.036703
 20
415.001634
  0
POINT
  8
3
 10
-59388.098871
 20
425.256647
  0
POINT
  8
3
 10
-59389.231241
 20
435.504086
  0
POINT
  8
3
 10
-59390.409352
 20
445.527520
  0
POINT
  8
3
 10
-59391.686017
 20
455.757966
  0
POINT
  8
3
 10
-59393.038845
 20
465.978707
  0
POINT
  8
3
 10
-59394.438789
 20
475.971798
  0
POINT
  8
3
 10
-59395.948998
 20
486.170689
  0
POINT
  8
3
 10
-59397.542239
 20
496.357016
  0
POINT
  8
3
 10
-59399.176812
 20
506.269618
  0
POINT
  8
3
 10
-59400.878413
 20
516.077793
  0
POINT
  8
3
 10
-59402.598364
 20
525.521591
  0
POINT
  8
3
 10
-59404.397800
 20
534.950621
  0
POINT
  8
3
 10
-59406.283348
 20
544.388624
  0
POINT
  8
3
 10
-59408.245815
 20
553.785078
  0
POINT
  8
3
 10
-59410.290509
 20
563.163860
  0
POINT
  8
3
 10
-59412.391275
 20
572.409232
  0
POINT
  8
3
 10
-59414.784902
 20
582.541926
  0
POINT
  8
3
 10
-59417.175430
 20
592.371943
  0
POINT
  8
3
 10
-59416.143440
 20
599.524390
  0
POINT
  8
3
 10
-59413.666695
 20
600.857947
  0
POINT
  8
3
 10
-59411.151715
 20
602.311826
  0
POINT
  8
3
 10
-59408.906216
 20
603.705074
  0
POINT
  8
3
 10
-59406.755732
 20
605.139750
  0
POINT
  8
3
 10
-59404.772080
 20
606.571263
  0
POINT
  8
3
 10
-59402.942742
 20
608.007786
  0
POINT
  8
3
 10
-59401.223360
 20
609.476786
  0
POINT
  8
3
 10
-59399.565630
 20
611.017615
  0
POINT
  8
3
 10
-59398.117401
 20
612.479198
  0
POINT
  8
3
 10
-59396.730060
 20
613.997328
  0
POINT
  8
3
 10
-59395.408339
 20
615.570660
  0
POINT
  8
3
 10
-59394.156968
 20
617.197859
  0
POINT
  8
3
 10
-59392.998456
 20
618.850917
  0
POINT
  8
3
 10
-59391.898434
 20
620.580062
  0
POINT
  8
3
 10
-59390.873430
 20
622.355029
  0
POINT
  8
3
 10
-59389.920310
 20
624.171117
  0
POINT
  8
3
 10
-59388.951161
 20
626.210693
  0
POINT
  8
3
 10
-59388.061023
 20
628.288076
  0
POINT
  8
3
 10
-59387.175167
 20
630.590079
  0
POINT
  8
3
 10
-59386.372954
 20
632.921501
  0
POINT
  8
3
 10
-59385.600722
 20
635.441569
  0
POINT
  8
3
 10
-59384.903960
 20
638.012695
  0
POINT
  8
3
 10
-59384.241293
 20
640.801952
  0
POINT
  8
3
 10
-59383.661485
 20
643.608825
  0
POINT
  8
3
 10
-59383.122798
 20
646.631696
  0
POINT
  8
3
 10
-59382.632638
 20
649.857765
  0
POINT
  8
3
 10
-59382.169683
 20
653.466740
  0
POINT
  8
3
 10
-59381.725507
 20
657.611036
  0
POINT
  8
3
 10
-59381.339755
 20
662.005838
  0
POINT
  8
3
 10
-59384.293445
 20
675.386797
  0
POINT
  8
3
 10
-59384.678817
 20
690.932057
  0
POINT
  8
3
 10
-59383.404425
 20
701.006576
  0
POINT
  8
3
 10
-59382.124351
 20
711.127677
  0
POINT
  8
3
 10
-59380.834518
 20
721.328373
  0
POINT
  8
3
 10
-59379.531592
 20
731.636416
  0
POINT
  8
3
 10
-59378.246127
 20
741.811482
  0
POINT
  8
3
 10
-59376.944595
 20
752.119497
  0
POINT
  8
3
 10
-59375.643416
 20
762.427513
  0
POINT
  8
3
 10
-59374.350762
 20
772.666915
  0
POINT
  8
3
 10
-59373.064514
 20
782.851685
  0
POINT
  8
3
 10
-59371.770356
 20
793.095557
  0
POINT
  8
3
 10
-59370.505185
 20
803.107112
  0
POINT
  8
3
 10
-59352.955806
 20
810.501081
  0
POINT
  8
3
 10
-59342.794194
 20
810.334533
  0
POINT
  8
3
 10
-59332.707542
 20
810.194413
  0
POINT
  8
3
 10
-59322.594245
 20
810.090397
  0
POINT
  8
3
 10
-59312.315566
 20
810.044833
  0
POINT
  8
3
 10
-59302.746190
 20
810.079302
  0
POINT
  8
3
 10
-59294.240719
 20
810.189333
  0
POINT
  8
3
 10
-59286.029349
 20
810.379609
  0
POINT
  8
3
 10
-59278.235490
 20
810.642612
  0
POINT
  8
3
 10
-59274.716797
 20
810.822601
  0
POINT
  8
3
 10
-59270.444662
 20
810.989765
  0
POINT
  8
3
 10
-59263.011879
 20
811.403181
  0
POINT
  8
3
 10
-59255.652029
 20
811.894427
  0
POINT
  8
3
 10
-59247.876298
 20
812.500500
  0
POINT
  8
3
 10
-59240.107518
 20
813.192395
  0
POINT
  8
3
 10
-59232.346483
 20
813.966789
  0
POINT
  8
3
 10
-59224.165612
 20
814.870019
  0
POINT
  8
3
 10
-59216.071236
 20
815.849885
  0
POINT
  8
3
 10
-59207.987803
 20
816.912969
  0
POINT
  8
3
 10
-59199.916101
 20
818.057832
  0
POINT
  8
3
 10
-59191.780417
 20
819.294554
  0
POINT
  8
3
 10
-59183.033941
 20
820.711071
  0
POINT
  8
3
 10
-59173.951489
 20
822.268787
  0
POINT
  8
3
 10
-59164.184879
 20
824.032003
  0
POINT
  8
3
 10
-59154.401701
 20
825.875334
  0
POINT
  8
3
 10
-59147.011762
 20
816.537678
  0
POINT
  8
3
 10
-59145.445389
 20
806.435021
  0
POINT
  8
3
 10
-59143.948194
 20
796.322537
  0
POINT
  8
3
 10
-59142.647426
 20
787.013246
  0
POINT
  8
3
 10
-59141.479200
 20
778.055431
  0
POINT
  8
3
 10
-59140.340411
 20
768.659952
  0
POINT
  8
3
 10
-59139.285733
 20
759.254297
  0
POINT
  8
3
 10
-59138.285499
 20
749.570177
  0
POINT
  8
3
 10
-59137.394651
 20
740.147409
  0
POINT
  8
3
 10
-59136.627306
 20
731.145784
  0
POINT
  8
3
 10
-59135.980845
 20
722.566365
  0
POINT
  8
3
 10
-59135.450635
 20
714.410127
  0
POINT
  8
3
 10
-59135.020768
 20
706.498372
  0
POINT
  8
3
 10
-59134.665026
 20
698.332174
  0
POINT
  8
3
 10
-59134.397333
 20
690.162481
  0
POINT
  8
3
 10
-59134.216657
 20
681.990433
  0
POINT
  8
3
 10
-59134.122500
 20
673.916014
  0
POINT
  8
3
 10
-59134.109791
 20
665.742346
  0
POINT
  8
3
 10
-59134.181679
 20
657.138731
  0
POINT
  8
3
 10
-59134.336249
 20
648.536102
  0
POINT
  8
3
 10
-59134.589185
 20
639.289416
  0
POINT
  8
3
 10
-59134.919452
 20
630.261162
  0
POINT
  8
3
 10
-59135.330557
 20
621.236309
  0
POINT
  8
3
 10
-59135.846544
 20
611.786109
  0
POINT
  8
3
 10
-59136.441510
 20
602.441327
  0
POINT
  8
3
 10
-59137.164063
 20
592.412349
  0
POINT
  8
3
 10
-59137.960619
 20
582.288317
  0
POINT
  8
3
 10
-59139.547289
 20
562.876442
  0
POINT
  8
3
 10
-59140.390991
 20
552.753937
  0
POINT
  8
3
 10
-59141.285928
 20
542.553124
  0
POINT
  8
3
 10
-59142.225553
 20
532.485001
  0
POINT
  8
3
 10
-59143.218111
 20
522.402268
  0
POINT
  8
3
 10
-59144.249984
 20
512.323410
  0
POINT
  8
3
 10
-59145.304598
 20
502.299557
  0
POINT
  8
3
 10
-59146.386201
 20
492.226188
  0
POINT
  8
3
 10
-59147.484120
 20
482.154650
  0
POINT
  8
3
 10
-59148.587291
 20
472.136560
  0
POINT
  8
3
 10
-59149.701811
 20
462.066894
  0
POINT
  8
3
 10
-59150.816496
 20
451.997196
  0
POINT
  8
3
 10
-59151.928973
 20
441.901847
  0
POINT
  8
3
 10
-59153.031080
 20
431.830611
  0
POINT
  8
3
 10
-59154.124041
 20
421.758318
  0
POINT
  8
3
 10
-59155.200977
 20
411.731923
  0
POINT
  8
3
 10
-59156.267970
 20
401.656817
  0
POINT
  8
3
 10
-59157.314917
 20
391.579621
  0
POINT
  8
3
 10
-59158.332285
 20
381.546789
  0
POINT
  8
3
 10
-59159.326049
 20
371.464299
  0
POINT
  8
3
 10
-59160.288414
 20
361.378808
  0
POINT
  8
3
 10
-59161.212307
 20
351.339550
  0
POINT
  8
3
 10
-59162.106814
 20
341.247820
  0
POINT
  8
3
 10
-59162.968440
 20
331.153160
  0
POINT
  8
3
 10
-59163.789990
 20
321.158422
  0
POINT
  8
3
 10
-59164.588998
 20
311.058529
  0
POINT
  8
3
 10
-59165.357338
 20
300.956289
  0
POINT
  8
3
 10
-59166.103318
 20
290.746049
  0
POINT
  8
3
 10
-59166.816021
 20
280.639849
  0
POINT
  8
3
 10
-59167.510706
 20
270.532322
  0
POINT
  8
3
 10
-59168.190525
 20
260.477107
  0
POINT
  8
3
 10
-59168.854534
 20
250.367388
  0
POINT
  8
3
 10
-59169.476748
 20
240.255222
  0
POINT
  8
3
 10
-59170.038028
 20
230.081673
  0
POINT
  8
3
 10
-59170.498047
 20
220.778999
  0
POINT
  8
3
 10
-59170.539663
 20
218.813002
  0
POINT
  8
3
 10
-59170.752459
 20
208.860371
  0
POINT
  8
3
 10
-59170.970801
 20
198.711621
  0
POINT
  8
3
 10
-59171.192862
 20
188.463277
  0
POINT
  8
3
 10
-59171.419226
 20
178.108247
  0
POINT
  8
3
 10
-59171.641501
 20
167.999993
  0
POINT
  8
3
 10
-59171.863874
 20
157.891773
  0
POINT
  8
3
 10
-59172.087003
 20
147.700498
  0
POINT
  8
3
 10
-59172.306898
 20
137.592173
  0
POINT
  8
3
 10
-59172.525870
 20
127.483862
  0
POINT
  8
3
 10
-59172.744443
 20
117.375500
  0
POINT
  8
3
 10
-59172.968066
 20
107.036516
  0
POINT
  8
3
 10
-59173.186879
 20
96.928160
  0
POINT
  8
3
 10
-59173.405879
 20
86.819837
  0
POINT
  8
3
 10
-59173.627402
 20
76.604444
  0
POINT
  8
3
 10
-59173.846897
 20
66.496160
  0
POINT
  8
3
 10
-59174.066861
 20
56.387867
  0
POINT
  8
3
 10
-59174.290842
 20
46.125497
  0
POINT
  8
3
 10
-59174.512112
 20
36.017214
  0
POINT
  8
3
 10
-59174.733474
 20
25.908921
  0
POINT
  8
3
 10
-59174.954274
 20
15.800596
  0
POINT
  8
3
 10
-59175.175196
 20
5.632382
  0
POINT
  8
3
 10
-59175.393871
 20
-4.475942
  0
POINT
  8
3
 10
-59175.612548
 20
-14.584276
  0
POINT
  8
3
 10
-59175.832194
 20
-24.692567
  0
POINT
  8
3
 10
-59176.059164
 20
-35.057549
  0
POINT
  8
3
 10
-59176.281283
 20
-45.165790
  0
POINT
  8
3
 10
-59176.502604
 20
-55.274061
  0
POINT
  8
3
 10
-59176.719562
 20
-65.287674
  0
POINT
  8
3
 10
-59176.936013
 20
-75.396029
  0
POINT
  8
3
 10
-59177.151728
 20
-85.504392
  0
POINT
  8
3
 10
-59177.368740
 20
-95.612732
  0
POINT
  8
3
 10
-59177.592155
 20
-105.880603
  0
POINT
  8
3
 10
-59177.814226
 20
-115.988883
  0
POINT
  8
3
 10
-59178.036758
 20
-126.097154
  0
POINT
  8
3
 10
-59178.262704
 20
-136.414900
  0
POINT
  8
3
 10
-59178.482283
 20
-146.523192
  0
POINT
  8
3
 10
-59178.700787
 20
-156.631510
  0
POINT
  8
3
 10
-59178.918981
 20
-166.739822
  0
POINT
  8
3
 10
-59179.142147
 20
-177.060413
  0
POINT
  8
3
 10
-59179.365049
 20
-187.345614
  0
POINT
  8
3
 10
-59179.584988
 20
-197.475768
  0
POINT
  8
3
 10
-59179.814453
 20
-208.025856
  0
POINT
  8
3
 10
-59190.212134
 20
-208.025856
  0
POINT
  8
3
 10
-59200.396863
 20
-208.025856
  0
POINT
  8
3
 10
-59210.677377
 20
-208.025856
  0
POINT
  8
3
 10
-59220.742479
 20
-208.025856
  0
POINT
  8
3
 10
-59230.943959
 20
-208.025856
  0
POINT
  8
3
 10
-59241.137112
 20
-208.025856
  0
POINT
  8
3
 10
-59251.330074
 20
-208.025856
  0
POINT
  8
3
 10
-59261.522932
 20
-208.025856
  0
POINT
  8
3
 10
-59271.888781
 20
-208.025856
  0
POINT
  8
3
 10
-59282.081657
 20
-208.025856
  0
POINT
  8
3
 10
-59292.274684
 20
-208.025856
  0
POINT
  8
3
 10
-59302.467988
 20
-208.025856
  0
POINT
  8
3
 10
-59312.803141
 20
-208.025856
  0
POINT
  8
3
 10
-59322.997100
 20
-208.025856
  0
POINT
  8
3
 10
-59333.191205
 20
-208.025856
  0
POINT
  8
3
 10
-59343.385278
 20
-208.025856
  0
POINT
  8
3
 10
-59353.496486
 20
-208.025856
  0
POINT
  8
3
 10
-59363.485296
 20
-208.025856
  0
POINT
  8
4
 10
-59369.140625
 20
-208.025856
 30
1.000000
 50
  0.00
  0
TEXT
  8
4
 10
-59369.140625
 20
-208.025856
 40
0.000000
 50
0.000000
  1
# 320
  0
POINT
  8
4
 10
-59376.572266
 20
220.767593
 30
1.000000
 50
  2.05
  0
TEXT
  8
4
 10
-59376.572266
 20
220.767593
 40
0.000000
 50
0.000000
  1
# 321
  0
POINT
  8
4
 10
-59274.716797
 20
810.822601
 30
1.000000
 50
270.00
  0
TEXT
  8
4
 10
-59274.716797
 20
810.822601
 40
0.000000
 50
0.000000
  1
# 322
  0
POINT
  8
4
 10
-59170.498047
 20
220.778999
 30
1.000000
 50
177.34
  0
TEXT
  8
4
 10
-59170.498047
 20
220.778999
 40
0.000000
 50
0.000000
  1
# 323
  0
POINT
  8
4
 10
-59179.814453
 20
-208.025856
 30
1.000000
 50
180.00
  0
TEXT
  8
4
 10
-59179.814453
 20
-208.025856
 40
0.000000
 50
0.000000
  1
# 324
  0
POLYLINE
  8
8
  66
1
  70
0
  0
VERTEX
  8
8
  10
-59232.451172
  20
761.398010
  0
VERTEX
  8
8
  10
-59232.451172
  20
771.798045
  0
VERTEX
  8
8
  10
-59232.451172
  20
779.396057
  0
SEQEND
  8
8
  0
POINT
  8
2
 10
-59232.451172
 20
761.398010
  0
TEXT
  8
2
 10
-59232.451172
 20
761.398010
 40
0.000000
 50
0.000000
  1
# 325
  0
POINT
  8
2
 10
-59232.451172
 20
779.396057
  0
TEXT
  8
2
 10
-59232.451172
 20
779.396057
 40
0.000000
 50
0.000000
  1
# 326
  0
POINT
  8
3
 10
-59232.451172
 20
771.798045
  0
POLYLINE
  8
8
  66
1
  70
0
  0
VERTEX
  8
8
  10
-59232.451172
  20
779.396057
  0
VERTEX
  8
8
  10
-59221.577355
  20
779.396057
  0
VERTEX
  8
8
  10
-59210.680501
  20
779.396057
  0
VERTEX
  8
8
  10
-59200.416435
  20
779.396057
  0
VERTEX
  8
8
  10
-59190.350302
  20
779.396057
  0
VERTEX
  8
8
  10
-59180.197745
  20
779.396057
  0
VERTEX
  8
8
  10
-59172.148438
  20
779.396057
  0
SEQEND
  8
8
  0
POINT
  8
2
 10
-59232.451172
 20
779.396057
  0
TEXT
  8
2
 10
-59232.451172
 20
779.396057
 40
0.000000
 50
0.000000
  1
# 327
  0
POINT
  8
2
 10
-59172.148438
 20
779.396057
  0
TEXT
  8
2
 10
-59172.148438
 20
779.396057
 40
0.000000
 50
0.000000
  1
# 328
  0
POINT
  8
3
 10
-59221.577355
 20
779.396057
  0
POINT
  8
3
 10
-59210.680501
 20
779.396057
  0
POINT
  8
3
 10
-59200.416435
 20
779.396057
  0
POINT
  8
3
 10
-59190.350302
 20
779.396057
  0
POINT
  8
3
 10
-59180.197745
 20
779.396057
  0
POLYLINE
  8
8
  66
1
  70
0
  0
VERTEX
  8
8
  10
-59172.148438
  20
779.396057
  0
VERTEX
  8
8
  10
-59172.148438
  20
768.993200
  0
VERTEX
  8
8
  10
-59172.148438
  20
761.393127
  0
SEQEND
  8
8
  0
POINT
  8
2
 10
-59172.148438
 20
779.396057
  0
TEXT
  8
2
 10
-59172.148438
 20
779.396057
 40
0.000000
 50
0.000000
  1
# 329
  0
POINT
  8
2
 10
-59172.148438
 20
761.393127
  0
TEXT
  8
2
 10
-59172.148438
 20
761.393127
 40
0.000000
 50
0.000000
  1
# 330
  0
POINT
  8
3
 10
-59172.148438
 20
768.993200
  0
POLYLINE
  8
8
  66
1
  70
0
  0
VERTEX
  8
8
  10
-59172.148438
  20
761.393127
  0
VERTEX
  8
8
  10
-59183.022254
  20
761.394008
  0
VERTEX
  8
8
  10
-59193.919108
  20
761.394890
  0
VERTEX
  8
8
  10
-59204.183174
  20
761.395721
  0
VERTEX
  8
8
  10
-59214.249307
  20
761.396536
  0
VERTEX
  8
8
  10
-59224.401865
  20
761.397358
  0
VERTEX
  8
8
  10
-59232.451172
  20
761.398010
  0
SEQEND
  8
8
  0
POINT
  8
2
 10
-59172.148438
 20
761.393127
  0
TEXT
  8
2
 10
-59172.148438
 20
761.393127
 40
0.000000
 50
0.000000
  1
# 331
  0
POINT
  8
2
 10
-59232.451172
 20
761.398010
  0
TEXT
  8
2
 10
-59232.451172
 20
761.398010
 40
0.000000
 50
0.000000
  1
# 332
  0
POINT
  8
3
 10
-59183.022254
 20
761.394008
  0
POINT
  8
3
 10
-59193.919108
 20
761.394890
  0
POINT
  8
3
 10
-59204.183174
 20
761.395721
  0
POINT
  8
3
 10
-59214.249307
 20
761.396536
  0
POINT
  8
3
 10
-59224.401865
 20
761.397358
  0
POLYLINE
  8
8
  66
1
  70
0
  0
VERTEX
  8
8
  10
-59248.994141
  20
812.452927
  0
VERTEX
  8
8
  10
-59247.420260
  20
802.430264
  0
VERTEX
  8
8
  10
-59245.779152
  20
792.533083
  0
VERTEX
  8
8
  10
-59244.168288
  20
783.301780
  0
VERTEX
  8
8
  10
-59242.656340
  20
775.089710
  0
VERTEX
  8
8
  10
-59241.188432
  20
767.565633
  0
VERTEX
  8
8
  10
-59239.767159
  20
760.697364
  0
VERTEX
  8
8
  10
-59238.334008
  20
754.165340
  0
VERTEX
  8
8
  10
-59236.893051
  20
747.969745
  0
VERTEX
  8
8
  10
-59235.433511
  20
742.045501
  0
VERTEX
  8
8
  10
-59233.909231
  20
736.206251
  0
VERTEX
  8
8
  10
-59232.431243
  20
730.861257
  0
VERTEX
  8
8
  10
-59230.919856
  20
725.695421
  0
VERTEX
  8
8
  10
-59229.376508
  20
720.709360
  0
VERTEX
  8
8
  10
-59227.795395
  20
715.880248
  0
VERTEX
  8
8
  10
-59226.193928
  20
711.256047
  0
VERTEX
  8
8
  10
-59224.567366
  20
706.814095
  0
VERTEX
  8
8
  10
-59222.960401
  20
702.658327
  0
VERTEX
  8
8
  10
-59221.233664
  20
698.429976
  0
VERTEX
  8
8
  10
-59219.554833
  20
694.535459
  0
VERTEX
  8
8
  10
-59217.826254
  20
690.730514
  0
VERTEX
  8
8
  10
-59216.065871
  20
687.052846
  0
VERTEX
  8
8
  10
-59214.303939
  20
683.557936
  0
VERTEX
  8
8
  10
-59212.483971
  20
680.130384
  0
VERTEX
  8
8
  10
-59210.652911
  20
676.856605
  0
VERTEX
  8
8
  10
-59208.748226
  20
673.624832
  0
VERTEX
  8
8
  10
-59206.854947
  20
670.576399
  0
VERTEX
  8
8
  10
-59204.927065
  20
667.629019
  0
VERTEX
  8
8
  10
-59202.984151
  20
664.807235
  0
VERTEX
  8
8
  10
-59200.973758
  20
662.033369
  0
VERTEX
  8
8
  10
-59198.910325
  20
659.330586
  0
VERTEX
  8
8
  10
-59196.865427
  20
656.788922
  0
VERTEX
  8
8
  10
-59194.754664
  20
654.301443
  0
VERTEX
  8
8
  10
-59192.611296
  20
651.909963
  0
VERTEX
  8
8
  10
-59190.509058
  20
649.688816
  0
VERTEX
  8
8
  10
-59188.317934
  20
647.497217
  0
VERTEX
  8
8
  10
-59186.120811
  20
645.416317
  0
VERTEX
  8
8
  10
-59183.813517
  20
643.348288
  0
VERTEX
  8
8
  10
-59181.576720
  20
641.455748
  0
VERTEX
  8
8
  10
-59179.281575
  20
639.625156
  0
VERTEX
  8
8
  10
-59176.853226
  20
637.797992
  0
VERTEX
  8
8
  10
-59174.193054
  20
635.909731
  0
VERTEX
  8
8
  10
-59171.483328
  20
634.093189
  0
VERTEX
  8
8
  10
-59168.636923
  20
632.286781
  0
VERTEX
  8
8
  10
-59165.561951
  20
630.437813
  0
VERTEX
  8
8
  10
-59162.302928
  20
628.580025
  0
VERTEX
  8
8
  10
-59158.954757
  20
626.766511
  0
VERTEX
  8
8
  10
-59155.328460
  20
624.899233
  0
VERTEX
  8
8
  10
-59151.808832
  20
623.184072
  0
VERTEX
  8
8
  10
-59148.444223
  20
621.637143
  0
VERTEX
  8
8
  10
-59144.750768
  20
620.039502
  0
VERTEX
  8
8
  10
-59140.567997
  20
618.327058
  0
VERTEX
  8
8
  10
-59135.615234
  20
616.410294
  0
SEQEND
  8
8
  0
POINT
  8
2
 10
-59248.994141
 20
812.452927
  0
TEXT
  8
2
 10
-59248.994141
 20
812.452927
 40
0.000000
 50
0.000000
  1
# 333
  0
POINT
  8
2
 10
-59135.615234
 20
616.410294
  0
TEXT
  8
2
 10
-59135.615234
 20
616.410294
 40
0.000000
 50
0.000000
  1
# 334
  0
POINT
  8
3
 10
-59247.420260
 20
802.430264
  0
POINT
  8
3
 10
-59245.779152
 20
792.533083
  0
POINT
  8
3
 10
-59244.168288
 20
783.301780
  0
POINT
  8
3
 10
-59242.656340
 20
775.089710
  0
POINT
  8
3
 10
-59241.188432
 20
767.565633
  0
POINT
  8
3
 10
-59239.767159
 20
760.697364
  0
POINT
  8
3
 10
-59238.334008
 20
754.165340
  0
POINT
  8
3
 10
-59236.893051
 20
747.969745
  0
POINT
  8
3
 10
-59235.433511
 20
742.045501
  0
POINT
  8
3
 10
-59233.909231
 20
736.206251
  0
POINT
  8
3
 10
-59232.431243
 20
730.861257
  0
POINT
  8
3
 10
-59230.919856
 20
725.695421
  0
POINT
  8
3
 10
-59229.376508
 20
720.709360
  0
POINT
  8
3
 10
-59227.795395
 20
715.880248
  0
POINT
  8
3
 10
-59226.193928
 20
711.256047
  0
POINT
  8
3
 10
-59224.567366
 20
706.814095
  0
POINT
  8
3
 10
-59222.960401
 20
702.658327
  0
POINT
  8
3
 10
-59221.233664
 20
698.429976
  0
POINT
  8
3
 10
-59219.554833
 20
694.535459
  0
POINT
  8
3
 10
-59217.826254
 20
690.730514
  0
POINT
  8
3
 10
-59216.065871
 20
687.052846
  0
POINT
  8
3
 10
-59214.303939
 20
683.557936
  0
POINT
  8
3
 10
-59212.483971
 20
680.130384
  0
POINT
  8
3
 10
-59210.652911
 20
676.856605
  0
POINT
  8
3
 10
-59208.748226
 20
673.624832
  0
POINT
  8
3
 10
-59206.854947
 20
670.576399
  0
POINT
  8
3
 10
-59204.927065
 20
667.629019
  0
POINT
  8
3
 10
-59202.984151
 20
664.807235
  0
POINT
  8
3
 10
-59200.973758
 20
662.033369
  0
POINT
  8
3
 10
-59198.910325
 20
659.330586
  0
POINT
  8
3
 10
-59196.865427
 20
656.788922
  0
POINT
  8
3
 10
-59194.754664
 20
654.301443
  0
POINT
  8
3
 10
-59192.611296
 20
651.909963
  0
POINT
  8
3
 10
-59190.509058
 20
649.688816
  0
POINT
  8
3
 10
-59188.317934
 20
647.497217
  0
POINT
  8
3
 10
-59186.120811
 20
645.416317
  0
POINT
  8
3
 10
-59183.813517
 20
643.348288
  0
POINT
  8
3
 10
-59181.576720
 20
641.455748
  0
POINT
  8
3
 10
-59179.281575
 20
639.625156
  0
POINT
  8
3
 10
-59176.853226
 20
637.797992
  0
POINT
  8
3
 10
-59174.193054
 20
635.909731
  0
POINT
  8
3
 10
-59171.483328
 20
634.093189
  0
POINT
  8
3
 10
-59168.636923
 20
632.286781
  0
POINT
  8
3
 10
-59165.561951
 20
630.437813
  0
POINT
  8
3
 10
-59162.302928
 20
628.580025
  0
POINT
  8
3
 10
-59158.954757
 20
626.766511
  0
POINT
  8
3
 10
-59155.328460
 20
624.899233
  0
POINT
  8
3
 10
-59151.808832
 20
623.184072
  0
POINT
  8
3
 10
-59148.444223
 20
621.637143
  0
POINT
  8
3
 10
-59144.750768
 20
620.039502
  0
POINT
  8
3
 10
-59140.567997
 20
618.327058
  0
POLYLINE
  8
8
  66
1
  70
0
  0
VERTEX
  8
8
  10
-59301.904297
  20
810.094528
  0
VERTEX
  8
8
  10
-59301.908820
  20
799.625752
  0
VERTEX
  8
8
  10
-59301.913914
  20
789.512286
  0
VERTEX
  8
8
  10
-59301.919772
  20
779.471148
  0
VERTEX
  8
8
  10
-59301.926652
  20
769.355976
  0
VERTEX
  8
8
  10
-59301.934226
  20
759.122173
  0
VERTEX
  8
8
  10
-59301.941832
  20
748.888368
  0
VERTEX
  8
8
  10
-59301.949059
  20
738.546224
  0
VERTEX
  8
8
  10
-59301.955789
  20
728.312412
  0
VERTEX
  8
8
  10
-59301.962298
  20
718.078608
  0
VERTEX
  8
8
  10
-59301.968671
  20
707.981310
  0
VERTEX
  8
8
  10
-59301.975124
  20
697.747492
  0
VERTEX
  8
8
  10
-59301.981571
  20
687.513683
  0
VERTEX
  8
8
  10
-59301.987965
  20
677.417453
  0
VERTEX
  8
8
  10
-59301.994744
  20
667.183644
  0
VERTEX
  8
8
  10
-59302.002170
  20
656.949831
  0
VERTEX
  8
8
  10
-59302.010551
  20
646.653688
  0
VERTEX
  8
8
  10
-59302.019365
  20
636.419873
  0
VERTEX
  8
8
  10
-59302.027964
  20
626.186040
  0
VERTEX
  8
8
  10
-59302.035786
  20
615.906055
  0
VERTEX
  8
8
  10
-59302.042988
  20
605.672233
  0
VERTEX
  8
8
  10
-59302.050205
  20
595.438413
  0
VERTEX
  8
8
  10
-59302.057792
  20
585.390828
  0
VERTEX
  8
8
  10
-59302.065751
  20
575.157011
  0
VERTEX
  8
8
  10
-59302.073276
  20
564.923214
  0
VERTEX
  8
8
  10
-59302.079727
  20
554.764363
  0
VERTEX
  8
8
  10
-59302.085178
  20
544.671326
  0
VERTEX
  8
8
  10
-59302.089844
  20
534.566956
  0
SEQEND
  8
8
  0
POINT
  8
2
 10
-59301.904297
 20
810.094528
  0
TEXT
  8
2
 10
-59301.904297
 20
810.094528
 40
0.000000
 50
0.000000
  1
# 335
  0
POINT
  8
2
 10
-59302.089844
 20
534.566956
  0
TEXT
  8
2
 10
-59302.089844
 20
534.566956
 40
0.000000
 50
0.000000
  1
# 336
  0
POINT
  8
3
 10
-59301.908820
 20
799.625752
  0
POINT
  8
3
 10
-59301.913914
 20
789.512286
  0
POINT
  8
3
 10
-59301.919772
 20
779.471148
  0
POINT
  8
3
 10
-59301.926652
 20
769.355976
  0
POINT
  8
3
 10
-59301.934226
 20
759.122173
  0
POINT
  8
3
 10
-59301.941832
 20
748.888368
  0
POINT
  8
3
 10
-59301.949059
 20
738.546224
  0
POINT
  8
3
 10
-59301.955789
 20
728.312412
  0
POINT
  8
3
 10
-59301.962298
 20
718.078608
  0
POINT
  8
3
 10
-59301.968671
 20
707.981310
  0
POINT
  8
3
 10
-59301.975124
 20
697.747492
  0
POINT
  8
3
 10
-59301.981571
 20
687.513683
  0
POINT
  8
3
 10
-59301.987965
 20
677.417453
  0
POINT
  8
3
 10
-59301.994744
 20
667.183644
  0
POINT
  8
3
 10
-59302.002170
 20
656.949831
  0
POINT
  8
3
 10
-59302.010551
 20
646.653688
  0
POINT
  8
3
 10
-59302.019365
 20
636.419873
  0
POINT
  8
3
 10
-59302.027964
 20
626.186040
  0
POINT
  8
3
 10
-59302.035786
 20
615.906055
  0
POINT
  8
3
 10
-59302.042988
 20
605.672233
  0
POINT
  8
3
 10
-59302.050205
 20
595.438413
  0
POINT
  8
3
 10
-59302.057792
 20
585.390828
  0
POINT
  8
3
 10
-59302.065751
 20
575.157011
  0
POINT
  8
3
 10
-59302.073276
 20
564.923214
  0
POINT
  8
3
 10
-59302.079727
 20
554.764363
  0
POINT
  8
3
 10
-59302.085178
 20
544.671326
  0
POLYLINE
  8
8
  66
1
  70
0
  0
VERTEX
  8
8
  10
-59274.716797
  20
-208.025856
  0
VERTEX
  8
8
  10
-59274.716797
  20
810.808105
  0
SEQEND
  8
8
  0
POINT
  8
2
 10
-59274.716797
 20
-208.025856
  0
TEXT
  8
2
 10
-59274.716797
 20
-208.025856
 40
0.000000
 50
0.000000
  1
# 337
  0
POINT
  8
2
 10
-59274.716797
 20
810.808105
  0
TEXT
  8
2
 10
-59274.716797
 20
810.808105
 40
0.000000
 50
0.000000
  1
# 338
  0
POLYLINE
  8
8
  66
1
  70
0
  0
VERTEX
  8
8
  10
-59379.062500
  20
682.282791
  0
VERTEX
  8
8
  10
-59134.267578
  20
682.282791
  0
SEQEND
  8
8
  0
POINT
  8
2
 10
-59379.062500
 20
682.282791
  0
TEXT
  8
2
 10
-59379.062500
 20
682.282791
 40
0.000000
 50
0.000000
  1
# 339
  0
POINT
  8
2
 10
-59134.267578
 20
682.282791
  0
TEXT
  8
2
 10
-59134.267578
 20
682.282791
 40
0.000000
 50
0.000000
  1
# 340
  0
POLYLINE
  8
8
  66
1
  70
0
  0
VERTEX
  8
8
  10
-59188.261719
  20
819.854355
  0
VERTEX
  8
8
  10
-59134.150391
  20
662.894821
  0
SEQEND
  8
8
  0
POINT
  8
2
 10
-59188.261719
 20
819.854355
  0
TEXT
  8
2
 10
-59188.261719
 20
819.854355
 40
0.000000
 50
0.000000
  1
# 341
  0
POINT
  8
2
 10
-59134.150391
 20
662.894821
  0
TEXT
  8
2
 10
-59134.150391
 20
662.894821
 40
0.000000
 50
0.000000
  1
# 342
  0
POLYLINE
  8
8
  66
1
  70
0
  0
VERTEX
  8
8
  10
-59213.564453
  20
816.208649
  0
VERTEX
  8
8
  10
-59157.890625
  20
654.708557
  0
SEQEND
  8
8
  0
POINT
  8
2
 10
-59213.564453
 20
816.208649
  0
TEXT
  8
2
 10
-59213.564453
 20
816.208649
 40
0.000000
 50
0.000000
  1
# 343
  0
POINT
  8
2
 10
-59157.890625
 20
654.708557
  0
TEXT
  8
2
 10
-59157.890625
 20
654.708557
 40
0.000000
 50
0.000000
  1
# 344
  0
POLYLINE
  8
8
  66
1
  70
0
  0
VERTEX
  8
8
  10
-59151.005859
  20
678.136597
  0
VERTEX
  8
8
  10
-59248.662109
  20
701.801147
  0
SEQEND
  8
8
  0
POINT
  8
2
 10
-59151.005859
 20
678.136597
  0
TEXT
  8
2
 10
-59151.005859
 20
678.136597
 40
0.000000
 50
0.000000
  1
# 345
  0
POINT
  8
2
 10
-59248.662109
 20
701.801147
  0
TEXT
  8
2
 10
-59248.662109
 20
701.801147
 40
0.000000
 50
0.000000
  1
# 346
  0
POLYLINE
  8
8
  66
1
  70
0
  0
VERTEX
  8
8
  10
-59248.662109
  20
701.801147
  0
VERTEX
  8
8
  10
-59289.589844
  20
534.566956
  0
SEQEND
  8
8
  0
POINT
  8
2
 10
-59248.662109
 20
701.801147
  0
TEXT
  8
2
 10
-59248.662109
 20
701.801147
 40
0.000000
 50
0.000000
  1
# 347
  0
POINT
  8
2
 10
-59289.589844
 20
534.566956
  0
TEXT
  8
2
 10
-59289.589844
 20
534.566956
 40
0.000000
 50
0.000000
  1
# 348
  0
POLYLINE
  8
8
  66
1
  70
0
  0
VERTEX
  8
8
  10
-59186.152344
  20
534.566956
  0
VERTEX
  8
8
  10
-59151.005859
  20
678.136597
  0
SEQEND
  8
8
  0
POINT
  8
2
 10
-59186.152344
 20
534.566956
  0
TEXT
  8
2
 10
-59186.152344
 20
534.566956
 40
0.000000
 50
0.000000
  1
# 349
  0
POINT
  8
2
 10
-59151.005859
 20
678.136597
  0
TEXT
  8
2
 10
-59151.005859
 20
678.136597
 40
0.000000
 50
0.000000
  1
# 350
  0
POLYLINE
  8
8
  66
1
  70
0
  0
VERTEX
  8
8
  10
-59153.388672
  20
668.423386
  0
VERTEX
  8
8
  10
-59251.035156
  20
692.087860
  0
SEQEND
  8
8
  0
POINT
  8
2
 10
-59153.388672
 20
668.423386
  0
TEXT
  8
2
 10
-59153.388672
 20
668.423386
 40
0.000000
 50
0.000000
  1
# 351
  0
POINT
  8
2
 10
-59251.035156
 20
692.087860
  0
TEXT
  8
2
 10
-59251.035156
 20
692.087860
 40
0.000000
 50
0.000000
  1
# 352
  0
POLYLINE
  8
8
  66
1
  70
0
  0
VERTEX
  8
8
  10
-59302.089844
  20
534.566956
  0
VERTEX
  8
8
  10
-59177.460938
  20
534.566956
  0
SEQEND
  8
8
  0
POINT
  8
2
 10
-59302.089844
 20
534.566956
  0
TEXT
  8
2
 10
-59302.089844
 20
534.566956
 40
0.000000
 50
0.000000
  1
# 353
  0
POINT
  8
2
 10
-59177.460938
 20
534.566956
  0
TEXT
  8
2
 10
-59177.460938
 20
534.566956
 40
0.000000
 50
0.000000
  1
# 354
  0
POLYLINE
  8
8
  66
1
  70
0
  0
VERTEX
  8
8
  10
-59161.787109
  20
543.500900
  0
VERTEX
  8
8
  10
-59162.005590
  20
543.126490
  0
VERTEX
  8
8
  10
-59162.239742
  20
542.744855
  0
VERTEX
  8
8
  10
-59162.493666
  20
542.348367
  0
VERTEX
  8
8
  10
-59162.763720
  20
541.944677
  0
VERTEX
  8
8
  10
-59163.034987
  20
541.557112
  0
VERTEX
  8
8
  10
-59163.295898
  20
541.201183
  0
VERTEX
  8
8
  10
-59163.537645
  20
540.886311
  0
VERTEX
  8
8
  10
-59163.790384
  20
540.572847
  0
VERTEX
  8
8
  10
-59164.045391
  20
540.273117
  0
VERTEX
  8
8
  10
-59164.277314
  20
540.013918
  0
VERTEX
  8
8
  10
-59164.556066
  20
539.717596
  0
VERTEX
  8
8
  10
-59164.843335
  20
539.427967
  0
VERTEX
  8
8
  10
-59165.138814
  20
539.145185
  0
VERTEX
  8
8
  10
-59165.442200
  20
538.869404
  0
VERTEX
  8
8
  10
-59165.753186
  20
538.600779
  0
VERTEX
  8
8
  10
-59166.071468
  20
538.339466
  0
VERTEX
  8
8
  10
-59166.396741
  20
538.085618
  0
VERTEX
  8
8
  10
-59166.728701
  20
537.839391
  0
VERTEX
  8
8
  10
-59167.067042
  20
537.600940
  0
VERTEX
  8
8
  10
-59167.411458
  20
537.370418
  0
VERTEX
  8
8
  10
-59167.761647
  20
537.147981
  0
VERTEX
  8
8
  10
-59168.117302
  20
536.933784
  0
VERTEX
  8
8
  10
-59168.478119
  20
536.727981
  0
VERTEX
  8
8
  10
-59168.843791
  20
536.530727
  0
VERTEX
  8
8
  10
-59169.214016
  20
536.342177
  0
VERTEX
  8
8
  10
-59169.588487
  20
536.162485
  0
VERTEX
  8
8
  10
-59169.966901
  20
535.991806
  0
VERTEX
  8
8
  10
-59170.348951
  20
535.830296
  0
VERTEX
  8
8
  10
-59170.734334
  20
535.678108
  0
VERTEX
  8
8
  10
-59171.122743
  20
535.535398
  0
VERTEX
  8
8
  10
-59171.513875
  20
535.402320
  0
VERTEX
  8
8
  10
-59171.907423
  20
535.279029
  0
VERTEX
  8
8
  10
-59172.303085
  20
535.165679
  0
VERTEX
  8
8
  10
-59172.700553
  20
535.062426
  0
VERTEX
  8
8
  10
-59173.099525
  20
534.969424
  0
VERTEX
  8
8
  10
-59173.499692
  20
534.886829
  0
VERTEX
  8
8
  10
-59173.900753
  20
534.814793
  0
VERTEX
  8
8
  10
-59174.302402
  20
534.753473
  0
VERTEX
  8
8
  10
-59174.723210
  20
534.700620
  0
VERTEX
  8
8
  10
-59175.118558
  20
534.660337
  0
VERTEX
  8
8
  10
-59175.555860
  20
534.624985
  0
VERTEX
  8
8
  10
-59176.018735
  20
534.596964
  0
VERTEX
  8
8
  10
-59176.482150
  20
534.577803
  0
VERTEX
  8
8
  10
-59176.943978
  20
534.567267
  0
VERTEX
  8
8
  10
-59177.460938
  20
534.566956
  0
SEQEND
  8
8
  0
POINT
  8
2
 10
-59161.787109
 20
543.500900
  0
TEXT
  8
2
 10
-59161.787109
 20
543.500900
 40
0.000000
 50
0.000000
  1
# 355
  0
POINT
  8
2
 10
-59177.460938
 20
534.566956
  0
TEXT
  8
2
 10
-59177.460938
 20
534.566956
 40
0.000000
 50
0.000000
  1
# 356
  0
POINT
  8
3
 10
-59162.005590
 20
543.126490
  0
POINT
  8
3
 10
-59162.239742
 20
542.744855
  0
POINT
  8
3
 10
-59162.493666
 20
542.348367
  0
POINT
  8
3
 10
-59162.763720
 20
541.944677
  0
POINT
  8
3
 10
-59163.034987
 20
541.557112
  0
POINT
  8
3
 10
-59163.295898
 20
541.201183
  0
POINT
  8
3
 10
-59163.537645
 20
540.886311
  0
POINT
  8
3
 10
-59163.790384
 20
540.572847
  0
POINT
  8
3
 10
-59164.045391
 20
540.273117
  0
POINT
  8
3
 10
-59164.277314
 20
540.013918
  0
POINT
  8
3
 10
-59164.556066
 20
539.717596
  0
POINT
  8
3
 10
-59164.843335
 20
539.427967
  0
POINT
  8
3
 10
-59165.138814
 20
539.145185
  0
POINT
  8
3
 10
-59165.442200
 20
538.869404
  0
POINT
  8
3
 10
-59165.753186
 20
538.600779
  0
POINT
  8
3
 10
-59166.071468
 20
538.339466
  0
POINT
  8
3
 10
-59166.396741
 20
538.085618
  0
POINT
  8
3
 10
-59166.728701
 20
537.839391
  0
POINT
  8
3
 10
-59167.067042
 20
537.600940
  0
POINT
  8
3
 10
-59167.411458
 20
537.370418
  0
POINT
  8
3
 10
-59167.761647
 20
537.147981
  0
POINT
  8
3
 10
-59168.117302
 20
536.933784
  0
POINT
  8
3
 10
-59168.478119
 20
536.727981
  0
POINT
  8
3
 10
-59168.843791
 20
536.530727
  0
POINT
  8
3
 10
-59169.214016
 20
536.342177
  0
POINT
  8
3
 10
-59169.588487
 20
536.162485
  0
POINT
  8
3
 10
-59169.966901
 20
535.991806
  0
POINT
  8
3
 10
-59170.348951
 20
535.830296
  0
POINT
  8
3
 10
-59170.734334
 20
535.678108
  0
POINT
  8
3
 10
-59171.122743
 20
535.535398
  0
POINT
  8
3
 10
-59171.513875
 20
535.402320
  0
POINT
  8
3
 10
-59171.907423
 20
535.279029
  0
POINT
  8
3
 10
-59172.303085
 20
535.165679
  0
POINT
  8
3
 10
-59172.700553
 20
535.062426
  0
POINT
  8
3
 10
-59173.099525
 20
534.969424
  0
POINT
  8
3
 10
-59173.499692
 20
534.886829
  0
POINT
  8
3
 10
-59173.900753
 20
534.814793
  0
POINT
  8
3
 10
-59174.302402
 20
534.753473
  0
POINT
  8
3
 10
-59174.723210
 20
534.700620
  0
POINT
  8
3
 10
-59175.118558
 20
534.660337
  0
POINT
  8
3
 10
-59175.555860
 20
534.624985
  0
POINT
  8
3
 10
-59176.018735
 20
534.596964
  0
POINT
  8
3
 10
-59176.482150
 20
534.577803
  0
POINT
  8
3
 10
-59176.943978
 20
534.567267
  0
POLYLINE
  8
8
  66
1
  70
0
  0
VERTEX
  8
8
  10
-59412.265625
  20
573.282776
  0
VERTEX
  8
8
  10
-59138.847656
  20
573.282776
  0
SEQEND
  8
8
  0
POINT
  8
2
 10
-59412.265625
 20
573.282776
  0
TEXT
  8
2
 10
-59412.265625
 20
573.282776
 40
0.000000
 50
0.000000
  1
# 357
  0
POINT
  8
2
 10
-59138.847656
 20
573.282776
  0
TEXT
  8
2
 10
-59138.847656
 20
573.282776
 40
0.000000
 50
0.000000
  1
# 358
  0
POLYLINE
  8
8
  66
1
  70
0
  0
VERTEX
  8
8
  10
-59136.513672
  20
601.937866
  0
VERTEX
  8
8
  10
-59139.082816
  20
599.969417
  0
VERTEX
  8
8
  10
-59140.952999
  20
598.435132
  0
VERTEX
  8
8
  10
-59142.291930
  20
597.245444
  0
VERTEX
  8
8
  10
-59143.263272
  20
596.285985
  0
VERTEX
  8
8
  10
-59144.181343
  20
595.255657
  0
VERTEX
  8
8
  10
-59145.095321
  20
594.094463
  0
VERTEX
  8
8
  10
-59146.137988
  20
592.620856
  0
VERTEX
  8
8
  10
-59147.234330
  20
590.932345
  0
VERTEX
  8
8
  10
-59148.177703
  20
589.339825
  0
VERTEX
  8
8
  10
-59149.048920
  20
587.708379
  0
VERTEX
  8
8
  10
-59149.793741
  20
586.137762
  0
VERTEX
  8
8
  10
-59150.472209
  20
584.507174
  0
VERTEX
  8
8
  10
-59151.154349
  20
582.644725
  0
VERTEX
  8
8
  10
-59151.852155
  20
580.495250
  0
VERTEX
  8
8
  10
-59152.548503
  20
578.076393
  0
VERTEX
  8
8
  10
-59153.270942
  20
575.250791
  0
VERTEX
  8
8
  10
-59153.998620
  20
572.045866
  0
VERTEX
  8
8
  10
-59154.795637
  20
568.122994
  0
VERTEX
  8
8
  10
-59156.350667
  20
560.050749
  0
VERTEX
  8
8
  10
-59157.030208
  20
556.920393
  0
VERTEX
  8
8
  10
-59157.679631
  20
554.289232
  0
VERTEX
  8
8
  10
-59158.352662
  20
551.898806
  0
VERTEX
  8
8
  10
-59159.081744
  20
549.612655
  0
VERTEX
  8
8
  10
-59159.731378
  20
547.811690
  0
VERTEX
  8
8
  10
-59160.386283
  20
546.233904
  0
VERTEX
  8
8
  10
-59161.016376
  20
544.897819
  0
VERTEX
  8
8
  10
-59161.787109
  20
543.500900
  0
SEQEND
  8
8
  0
POINT
  8
2
 10
-59136.513672
 20
601.937866
  0
TEXT
  8
2
 10
-59136.513672
 20
601.937866
 40
0.000000
 50
0.000000
  1
# 359
  0
POINT
  8
2
 10
-59161.787109
 20
543.500900
  0
TEXT
  8
2
 10
-59161.787109
 20
543.500900
 40
0.000000
 50
0.000000
  1
# 360
  0
POINT
  8
3
 10
-59139.082816
 20
599.969417
  0
POINT
  8
3
 10
-59140.952999
 20
598.435132
  0
POINT
  8
3
 10
-59142.291930
 20
597.245444
  0
POINT
  8
3
 10
-59143.263272
 20
596.285985
  0
POINT
  8
3
 10
-59144.181343
 20
595.255657
  0
POINT
  8
3
 10
-59145.095321
 20
594.094463
  0
POINT
  8
3
 10
-59146.137988
 20
592.620856
  0
POINT
  8
3
 10
-59147.234330
 20
590.932345
  0
POINT
  8
3
 10
-59148.177703
 20
589.339825
  0
POINT
  8
3
 10
-59149.048920
 20
587.708379
  0
POINT
  8
3
 10
-59149.793741
 20
586.137762
  0
POINT
  8
3
 10
-59150.472209
 20
584.507174
  0
POINT
  8
3
 10
-59151.154349
 20
582.644725
  0
POINT
  8
3
 10
-59151.852155
 20
580.495250
  0
POINT
  8
3
 10
-59152.548503
 20
578.076393
  0
POINT
  8
3
 10
-59153.270942
 20
575.250791
  0
POINT
  8
3
 10
-59153.998620
 20
572.045866
  0
POINT
  8
3
 10
-59154.795637
 20
568.122994
  0
POINT
  8
3
 10
-59156.350667
 20
560.050749
  0
POINT
  8
3
 10
-59157.030208
 20
556.920393
  0
POINT
  8
3
 10
-59157.679631
 20
554.289232
  0
POINT
  8
3
 10
-59158.352662
 20
551.898806
  0
POINT
  8
3
 10
-59159.081744
 20
549.612655
  0
POINT
  8
3
 10
-59159.731378
 20
547.811690
  0
POINT
  8
3
 10
-59160.386283
 20
546.233904
  0
POINT
  8
3
 10
-59161.016376
 20
544.897819
  0
POLYLINE
  8
8
  66
1
  70
0
  0
VERTEX
  8
8
  10
-59157.890625
  20
654.708557
  0
VERTEX
  8
8
  10
-59157.187021
  20
652.831564
  0
VERTEX
  8
8
  10
-59156.378328
  20
650.951760
  0
VERTEX
  8
8
  10
-59155.452992
  20
649.029901
  0
VERTEX
  8
8
  10
-59154.418825
  20
647.106730
  0
VERTEX
  8
8
  10
-59153.330095
  20
645.295390
  0
VERTEX
  8
8
  10
-59152.236070
  20
643.666283
  0
VERTEX
  8
8
  10
-59151.180893
  20
642.257000
  0
VERTEX
  8
8
  10
-59150.033973
  20
640.889234
  0
VERTEX
  8
8
  10
-59148.977619
  20
639.769022
  0
VERTEX
  8
8
  10
-59147.892770
  20
638.745341
  0
VERTEX
  8
8
  10
-59146.719750
  20
637.753568
  0
VERTEX
  8
8
  10
-59145.308720
  20
636.682262
  0
VERTEX
  8
8
  10
-59143.675337
  20
635.571845
  0
VERTEX
  8
8
  10
-59142.061010
  20
634.583945
  0
VERTEX
  8
8
  10
-59140.321216
  20
633.620281
  0
VERTEX
  8
8
  10
-59138.554715
  20
632.734710
  0
VERTEX
  8
8
  10
-59136.780974
  20
631.932048
  0
VERTEX
  8
8
  10
-59134.892578
  20
631.180420
  0
SEQEND
  8
8
  0
POINT
  8
2
 10
-59157.890625
 20
654.708557
  0
TEXT
  8
2
 10
-59157.890625
 20
654.708557
 40
0.000000
 50
0.000000
  1
# 361
  0
POINT
  8
2
 10
-59134.892578
 20
631.180420
  0
TEXT
  8
2
 10
-59134.892578
 20
631.180420
 40
0.000000
 50
0.000000
  1
# 362
  0
POINT
  8
3
 10
-59157.187021
 20
652.831564
  0
POINT
  8
3
 10
-59156.378328
 20
650.951760
  0
POINT
  8
3
 10
-59155.452992
 20
649.029901
  0
POINT
  8
3
 10
-59154.418825
 20
647.106730
  0
POINT
  8
3
 10
-59153.330095
 20
645.295390
  0
POINT
  8
3
 10
-59152.236070
 20
643.666283
  0
POINT
  8
3
 10
-59151.180893
 20
642.257000
  0
POINT
  8
3
 10
-59150.033973
 20
640.889234
  0
POINT
  8
3
 10
-59148.977619
 20
639.769022
  0
POINT
  8
3
 10
-59147.892770
 20
638.745341
  0
POINT
  8
3
 10
-59146.719750
 20
637.753568
  0
POINT
  8
3
 10
-59145.308720
 20
636.682262
  0
POINT
  8
3
 10
-59143.675337
 20
635.571845
  0
POINT
  8
3
 10
-59142.061010
 20
634.583945
  0
POINT
  8
3
 10
-59140.321216
 20
633.620281
  0
POINT
  8
3
 10
-59138.554715
 20
632.734710
  0
POINT
  8
3
 10
-59136.780974
 20
631.932048
  0
POLYLINE
  8
8
  66
1
  70
0
  0
VERTEX
  8
8
  10
-59376.562500
  20
220.768166
  0
VERTEX
  8
8
  10
-59170.498047
  20
220.768166
  0
SEQEND
  8
8
  0
POINT
  8
2
 10
-59376.562500
 20
220.768166
  0
TEXT
  8
2
 10
-59376.562500
 20
220.768166
 40
0.000000
 50
0.000000
  1
# 363
  0
POINT
  8
2
 10
-59170.498047
 20
220.768166
  0
TEXT
  8
2
 10
-59170.498047
 20
220.768166
 40
0.000000
 50
0.000000
  1
# 364
  0
POLYLINE
  8
8
  66
1
  70
0
  0
VERTEX
  8
8
  10
-59381.093750
  20
665.538635
  0
VERTEX
  8
8
  10
-59363.457031
  20
810.823212
  0
SEQEND
  8
8
  0
POINT
  8
2
 10
-59381.093750
 20
665.538635
  0
TEXT
  8
2
 10
-59381.093750
 20
665.538635
 40
0.000000
 50
0.000000
  1
# 365
  0
POINT
  8
2
 10
-59363.457031
 20
810.823212
  0
TEXT
  8
2
 10
-59363.457031
 20
810.823212
 40
0.000000
 50
0.000000
  1
# 366
  0
POLYLINE
  8
8
  66
1
  70
0
  0
VERTEX
  8
8
  10
-59179.277344
  20
-183.025856
  0
VERTEX
  8
8
  10
-59189.793732
  20
-183.025856
  0
VERTEX
  8
8
  10
-59199.908298
  20
-183.025856
  0
VERTEX
  8
8
  10
-59210.201492
  20
-183.025856
  0
VERTEX
  8
8
  10
-59220.397679
  20
-183.025856
  0
VERTEX
  8
8
  10
-59230.501747
  20
-183.025856
  0
VERTEX
  8
8
  10
-59240.605705
  20
-183.025856
  0
VERTEX
  8
8
  10
-59250.854867
  20
-183.025856
  0
VERTEX
  8
8
  10
-59260.957800
  20
-183.025856
  0
VERTEX
  8
8
  10
-59271.060282
  20
-183.025856
  0
VERTEX
  8
8
  10
-59281.222279
  20
-183.025856
  0
VERTEX
  8
8
  10
-59291.324184
  20
-183.025856
  0
VERTEX
  8
8
  10
-59301.426015
  20
-183.025856
  0
VERTEX
  8
8
  10
-59311.800526
  20
-183.025856
  0
VERTEX
  8
8
  10
-59321.902603
  20
-183.025856
  0
VERTEX
  8
8
  10
-59332.005019
  20
-183.025856
  0
VERTEX
  8
8
  10
-59342.052405
  20
-183.025856
  0
VERTEX
  8
8
  10
-59352.130130
  20
-183.025856
  0
VERTEX
  8
8
  10
-59362.135716
  20
-183.025856
  0
VERTEX
  8
8
  10
-59369.326172
  20
-183.025856
  0
SEQEND
  8
8
  0
POINT
  8
2
 10
-59179.277344
 20
-183.025856
  0
TEXT
  8
2
 10
-59179.277344
 20
-183.025856
 40
0.000000
 50
0.000000
  1
# 367
  0
POINT
  8
2
 10
-59369.326172
 20
-183.025856
  0
TEXT
  8
2
 10
-59369.326172
 20
-183.025856
 40
0.000000
 50
0.000000
  1
# 368
  0
POINT
  8
3
 10
-59189.793732
 20
-183.025856
  0
POINT
  8
3
 10
-59199.908298
 20
-183.025856
  0
POINT
  8
3
 10
-59210.201492
 20
-183.025856
  0
POINT
  8
3
 10
-59220.397679
 20
-183.025856
  0
POINT
  8
3
 10
-59230.501747
 20
-183.025856
  0
POINT
  8
3
 10
-59240.605705
 20
-183.025856
  0
POINT
  8
3
 10
-59250.854867
 20
-183.025856
  0
POINT
  8
3
 10
-59260.957800
 20
-183.025856
  0
POINT
  8
3
 10
-59271.060282
 20
-183.025856
  0
POINT
  8
3
 10
-59281.222279
 20
-183.025856
  0
POINT
  8
3
 10
-59291.324184
 20
-183.025856
  0
POINT
  8
3
 10
-59301.426015
 20
-183.025856
  0
POINT
  8
3
 10
-59311.800526
 20
-183.025856
  0
POINT
  8
3
 10
-59321.902603
 20
-183.025856
  0
POINT
  8
3
 10
-59332.005019
 20
-183.025856
  0
POINT
  8
3
 10
-59342.052405
 20
-183.025856
  0
POINT
  8
3
 10
-59352.130130
 20
-183.025856
  0
POINT
  8
3
 10
-59362.135716
 20
-183.025856
 0
LINE
 8
7
 10
-59260.371094
 20
677.221527
 11
-59260.371094
 21
-80.057735
  0
TEXT
  8
1
 10
-59277.170410
 20
297.848644
 40
10.000000
 50
0.000000
  1
Piece Name: 26SMC-WP115M 展_前原_175/84
  0
TEXT
  8
1
 10
-59277.170410
 20
312.848644
 40
10.000000
 50
0.000000
  1
Size: 175/84
  0
TEXT
  8
1
 10
-59277.170410
 20
327.848644
 40
10.000000
 50
0.000000
  1
Annotation: 
  0
TEXT
  8
1
 10
-59277.170410
 20
342.848644
 40
10.000000
 50
0.000000
  1
Quantity: 1
  0
TEXT
  8
1
 10
-59277.170410
 20
357.848644
 40
10.000000
 50
0.000000
  1
Material: 原
  0
TEXT
  8
1
 10
-59277.170410
 20
357.848644
 40
10.000000
 50
0.000000
  1
Category: 6
0
ENDBLK
0
BLOCK
  8
1
  2
26SMC-WP115M 展_左前片_175/84
 70
0
 10
0.0
 20
0.0
  0
POLYLINE
  8
1
  66
1
  70
1
  0
VERTEX
  8
1
  10
-59124.506836
  20
-2206.058502
  0
VERTEX
  8
1
  10
-59124.477539
  20
-2201.795654
  0
VERTEX
  8
1
  10
-59124.399414
  20
-2191.709290
  0
VERTEX
  8
1
  10
-59124.321289
  20
-2181.303558
  0
VERTEX
  8
1
  10
-59124.248047
  20
-2171.058502
  0
VERTEX
  8
1
  10
-59124.248047
  20
-2171.058502
  0
VERTEX
  8
1
  10
-59124.321289
  20
-2160.813446
  0
VERTEX
  8
1
  10
-59124.399414
  20
-2150.407715
  0
VERTEX
  8
1
  10
-59124.477539
  20
-2140.321350
  0
VERTEX
  8
1
  10
-59124.550781
  20
-2130.282288
  0
VERTEX
  8
1
  10
-59124.633789
  20
-2119.925690
  0
VERTEX
  8
1
  10
-59124.711914
  20
-2109.569397
  0
VERTEX
  8
1
  10
-59124.794922
  20
-2099.501190
  0
VERTEX
  8
1
  10
-59124.882813
  20
-2089.145813
  0
VERTEX
  8
1
  10
-59124.975586
  20
-2078.790894
  0
VERTEX
  8
1
  10
-59125.068359
  20
-2068.590698
  0
VERTEX
  8
1
  10
-59125.166016
  20
-2058.236542
  0
VERTEX
  8
1
  10
-59125.268555
  20
-2047.882843
  0
VERTEX
  8
1
  10
-59125.371094
  20
-2037.854004
  0
VERTEX
  8
1
  10
-59125.483398
  20
-2027.500763
  0
VERTEX
  8
1
  10
-59125.600586
  20
-2017.147675
  0
VERTEX
  8
1
  10
-59125.727539
  20
-2006.794434
  0
VERTEX
  8
1
  10
-59125.849609
  20
-1996.728363
  0
VERTEX
  8
1
  10
-59125.981445
  20
-1986.376495
  0
VERTEX
  8
1
  10
-59126.123047
  20
-1976.025543
  0
VERTEX
  8
1
  10
-59126.264648
  20
-1965.961304
  0
VERTEX
  8
1
  10
-59126.420898
  20
-1955.611572
  0
VERTEX
  8
1
  10
-59126.582031
  20
-1945.262146
  0
VERTEX
  8
1
  10
-59126.748047
  20
-1935.198517
  0
VERTEX
  8
1
  10
-59126.928711
  20
-1924.848785
  0
VERTEX
  8
1
  10
-59127.114258
  20
-1914.498444
  0
VERTEX
  8
1
  10
-59127.304688
  20
-1904.431915
  0
VERTEX
  8
1
  10
-59127.500000
  20
-1894.082336
  0
VERTEX
  8
1
  10
-59127.709961
  20
-1883.735504
  0
VERTEX
  8
1
  10
-59127.924805
  20
-1873.674164
  0
VERTEX
  8
1
  10
-59128.154297
  20
-1863.330231
  0
VERTEX
  8
1
  10
-59128.398438
  20
-1852.984924
  0
VERTEX
  8
1
  10
-59128.652344
  20
-1842.638245
  0
VERTEX
  8
1
  10
-59128.906250
  20
-1832.572479
  0
VERTEX
  8
1
  10
-59129.179688
  20
-1822.226563
  0
VERTEX
  8
1
  10
-59129.462891
  20
-1811.882172
  0
VERTEX
  8
1
  10
-59129.746094
  20
-1801.818542
  0
VERTEX
  8
1
  10
-59130.048828
  20
-1791.476898
  0
VERTEX
  8
1
  10
-59130.371094
  20
-1781.136780
  0
VERTEX
  8
1
  10
-59130.693359
  20
-1771.087646
  0
VERTEX
  8
1
  10
-59131.035156
  20
-1760.818634
  0
VERTEX
  8
1
  10
-59131.386719
  20
-1750.667725
  0
VERTEX
  8
1
  10
-59131.596680
  20
-1744.617004
  0
VERTEX
  8
1
  10
-59131.669922
  20
-1742.616730
  0
VERTEX
  8
1
  10
-59131.669922
  20
-1742.567596
  0
VERTEX
  8
1
  10
-59131.738281
  20
-1739.935760
  0
VERTEX
  8
1
  10
-59131.933594
  20
-1732.145081
  0
VERTEX
  8
1
  10
-59132.202148
  20
-1721.970520
  0
VERTEX
  8
1
  10
-59132.490234
  20
-1711.870728
  0
VERTEX
  8
1
  10
-59132.807617
  20
-1701.614532
  0
VERTEX
  8
1
  10
-59133.149414
  20
-1691.337585
  0
VERTEX
  8
1
  10
-59133.520508
  20
-1681.062775
  0
VERTEX
  8
1
  10
-59133.916016
  20
-1671.003113
  0
VERTEX
  8
1
  10
-59134.350586
  20
-1660.736237
  0
VERTEX
  8
1
  10
-59134.819336
  20
-1650.474548
  0
VERTEX
  8
1
  10
-59135.322266
  20
-1640.431976
  0
VERTEX
  8
1
  10
-59135.874023
  20
-1630.180817
  0
VERTEX
  8
1
  10
-59136.474609
  20
-1619.935455
  0
VERTEX
  8
1
  10
-59137.109375
  20
-1609.912720
  0
VERTEX
  8
1
  10
-59137.807617
  20
-1599.676971
  0
VERTEX
  8
1
  10
-59138.554688
  20
-1589.445801
  0
VERTEX
  8
1
  10
-59139.340820
  20
-1579.442291
  0
VERTEX
  8
1
  10
-59140.200195
  20
-1569.227600
  0
VERTEX
  8
1
  10
-59141.123047
  20
-1559.023285
  0
VERTEX
  8
1
  10
-59142.089844
  20
-1549.028320
  0
VERTEX
  8
1
  10
-59143.149414
  20
-1538.840942
  0
VERTEX
  8
1
  10
-59144.272461
  20
-1528.662109
  0
VERTEX
  8
1
  10
-59145.444336
  20
-1518.707428
  0
VERTEX
  8
1
  10
-59146.713867
  20
-1508.549194
  0
VERTEX
  8
1
  10
-59148.051758
  20
-1498.402863
  0
VERTEX
  8
1
  10
-59149.443359
  20
-1488.484955
  0
VERTEX
  8
1
  10
-59150.942383
  20
-1478.365479
  0
VERTEX
  8
1
  10
-59152.519531
  20
-1468.261108
  0
VERTEX
  8
1
  10
-59154.140625
  20
-1458.430634
  0
VERTEX
  8
1
  10
-59155.825195
  20
-1448.705750
  0
VERTEX
  8
1
  10
-59157.534180
  20
-1439.344330
  0
VERTEX
  8
1
  10
-59159.316406
  20
-1429.999390
  0
VERTEX
  8
1
  10
-59161.186523
  20
-1420.646820
  0
VERTEX
  8
1
  10
-59163.129883
  20
-1411.335907
  0
VERTEX
  8
1
  10
-59165.156250
  20
-1402.042999
  0
VERTEX
  8
1
  10
-59167.241211
  20
-1392.883301
  0
VERTEX
  8
1
  10
-59169.614258
  20
-1382.826233
  0
VERTEX
  8
1
  10
-59171.992188
  20
-1373.051910
  0
VERTEX
  8
1
  10
-59173.559570
  20
-1366.712799
  0
VERTEX
  8
1
  10
-59175.336914
  20
-1359.481812
  0
VERTEX
  8
1
  10
-59169.399414
  20
-1356.425781
  0
VERTEX
  8
1
  10
-59165.859375
  20
-1354.633331
  0
VERTEX
  8
1
  10
-59163.647461
  20
-1353.441315
  0
VERTEX
  8
1
  10
-59161.401367
  20
-1352.144318
  0
VERTEX
  8
1
  10
-59159.423828
  20
-1350.916290
  0
VERTEX
  8
1
  10
-59157.563477
  20
-1349.675903
  0
VERTEX
  8
1
  10
-59155.893555
  20
-1348.471680
  0
VERTEX
  8
1
  10
-59154.389648
  20
-1347.290955
  0
VERTEX
  8
1
  10
-59152.983398
  20
-1346.090088
  0
VERTEX
  8
1
  10
-59151.635742
  20
-1344.838409
  0
VERTEX
  8
1
  10
-59150.463867
  20
-1343.659515
  0
VERTEX
  8
1
  10
-59149.355469
  20
-1342.444458
  0
VERTEX
  8
1
  10
-59148.305664
  20
-1341.196136
  0
VERTEX
  8
1
  10
-59147.324219
  20
-1339.917297
  0
VERTEX
  8
1
  10
-59146.420898
  20
-1338.630219
  0
VERTEX
  8
1
  10
-59145.556641
  20
-1337.273865
  0
VERTEX
  8
1
  10
-59144.741211
  20
-1335.859833
  0
VERTEX
  8
1
  10
-59143.969727
  20
-1334.390564
  0
VERTEX
  8
1
  10
-59143.173828
  20
-1332.714233
  0
VERTEX
  8
1
  10
-59142.431641
  20
-1330.979767
  0
VERTEX
  8
1
  10
-59141.679688
  20
-1329.027863
  0
VERTEX
  8
1
  10
-59140.991211
  20
-1327.020874
  0
VERTEX
  8
1
  10
-59140.317383
  20
-1324.823151
  0
VERTEX
  8
1
  10
-59139.702148
  20
-1322.556610
  0
VERTEX
  8
1
  10
-59139.111328
  20
-1320.069275
  0
VERTEX
  8
1
  10
-59138.588867
  20
-1317.536621
  0
VERTEX
  8
1
  10
-59138.095703
  20
-1314.775848
  0
VERTEX
  8
1
  10
-59137.641602
  20
-1311.791534
  0
VERTEX
  8
1
  10
-59137.207031
  20
-1308.399048
  0
VERTEX
  8
1
  10
-59136.782227
  20
-1304.454651
  0
VERTEX
  8
1
  10
-59136.411133
  20
-1300.247498
  0
VERTEX
  8
1
  10
-59136.225586
  20
-1297.581940
  0
VERTEX
  8
1
  10
-59136.147461
  20
-1296.482544
  0
VERTEX
  8
1
  10
-59117.421875
  20
-1142.179031
  0
VERTEX
  8
1
  10
-59108.071289
  20
-1142.345581
  0
VERTEX
  8
1
  10
-59098.081055
  20
-1142.528839
  0
VERTEX
  8
1
  10
-59087.978516
  20
-1142.695084
  0
VERTEX
  8
1
  10
-59077.929688
  20
-1142.835922
  0
VERTEX
  8
1
  10
-59067.724609
  20
-1142.942200
  0
VERTEX
  8
1
  10
-59057.543945
  20
-1142.988205
  0
VERTEX
  8
1
  10
-59048.061523
  20
-1142.955017
  0
VERTEX
  8
1
  10
-59039.614258
  20
-1142.846451
  0
VERTEX
  8
1
  10
-59031.474609
  20
-1142.658539
  0
VERTEX
  8
1
  10
-59023.720703
  20
-1142.397537
  0
VERTEX
  8
1
  10
-59019.819336
  20
-1142.224503
  0
VERTEX
  8
1
  10
-59016.313477
  20
-1142.069092
  0
VERTEX
  8
1
  10
-59008.916016
  20
-1141.659927
  0
VERTEX
  8
1
  10
-59001.582031
  20
-1141.171188
  0
VERTEX
  8
1
  10
-58994.194336
  20
-1140.597076
  0
VERTEX
  8
1
  10
-58986.469727
  20
-1139.912949
  0
VERTEX
  8
1
  10
-58978.750000
  20
-1139.146881
  0
VERTEX
  8
1
  10
-58970.668945
  20
-1138.260574
  0
VERTEX
  8
1
  10
-58962.626953
  20
-1137.292328
  0
VERTEX
  8
1
  10
-58954.936523
  20
-1136.284027
  0
VERTEX
  8
1
  10
-58947.255859
  20
-1135.196152
  0
VERTEX
  8
1
  10
-58938.481445
  20
-1133.861618
  0
VERTEX
  8
1
  10
-58933.740234
  20
-1133.122406
  0
VERTEX
  8
1
  10
-58926.630859
  20
-1132.025757
  0
VERTEX
  8
1
  10
-58869.194336
  20
-1298.621826
  0
VERTEX
  8
1
  10
-58869.262695
  20
-1302.521973
  0
VERTEX
  8
1
  10
-58869.399414
  20
-1310.879364
  0
VERTEX
  8
1
  10
-58869.648438
  20
-1321.312714
  0
VERTEX
  8
1
  10
-58869.960938
  20
-1331.011047
  0
VERTEX
  8
1
  10
-58870.307617
  20
-1339.507904
  0
VERTEX
  8
1
  10
-58870.766602
  20
-1348.423462
  0
VERTEX
  8
1
  10
-58871.328125
  20
-1357.727661
  0
VERTEX
  8
1
  10
-58872.031250
  20
-1367.821350
  0
VERTEX
  8
1
  10
-58872.802734
  20
-1377.855988
  0
VERTEX
  8
1
  10
-58873.627930
  20
-1387.907715
  0
VERTEX
  8
1
  10
-58873.857422
  20
-1390.569916
  0
VERTEX
  8
1
  10
-58874.682617
  20
-1400.967865
  0
VERTEX
  8
1
  10
-58875.527344
  20
-1411.128845
  0
VERTEX
  8
1
  10
-58876.430664
  20
-1421.379547
  0
VERTEX
  8
1
  10
-58877.373047
  20
-1431.503906
  0
VERTEX
  8
1
  10
-58878.369141
  20
-1441.631317
  0
VERTEX
  8
1
  10
-58879.404297
  20
-1451.743011
  0
VERTEX
  8
1
  10
-58880.463867
  20
-1461.790771
  0
VERTEX
  8
1
  10
-58881.547852
  20
-1471.883087
  0
VERTEX
  8
1
  10
-58882.646484
  20
-1481.968536
  0
VERTEX
  8
1
  10
-58883.750000
  20
-1491.995087
  0
VERTEX
  8
1
  10
-58884.868164
  20
-1502.067566
  0
VERTEX
  8
1
  10
-58885.981445
  20
-1512.134399
  0
VERTEX
  8
1
  10
-58887.094727
  20
-1522.222748
  0
VERTEX
  8
1
  10
-58888.198242
  20
-1532.285156
  0
VERTEX
  8
1
  10
-58889.287109
  20
-1542.347107
  0
VERTEX
  8
1
  10
-58890.361328
  20
-1552.360535
  0
VERTEX
  8
1
  10
-58891.425781
  20
-1562.418671
  0
VERTEX
  8
1
  10
-58892.470703
  20
-1572.474213
  0
VERTEX
  8
1
  10
-58893.486328
  20
-1582.481995
  0
VERTEX
  8
1
  10
-58894.477539
  20
-1592.535553
  0
VERTEX
  8
1
  10
-58895.439453
  20
-1602.588959
  0
VERTEX
  8
1
  10
-58896.362305
  20
-1612.593994
  0
VERTEX
  8
1
  10
-58897.255859
  20
-1622.652283
  0
VERTEX
  8
1
  10
-58898.115234
  20
-1632.714233
  0
VERTEX
  8
1
  10
-58898.930664
  20
-1642.677460
  0
VERTEX
  8
1
  10
-58899.726563
  20
-1652.746429
  0
VERTEX
  8
1
  10
-58900.493164
  20
-1662.818756
  0
VERTEX
  8
1
  10
-58901.235352
  20
-1673.000641
  0
VERTEX
  8
1
  10
-58901.948242
  20
-1683.085785
  0
VERTEX
  8
1
  10
-58902.641602
  20
-1693.179779
  0
VERTEX
  8
1
  10
-58903.320313
  20
-1703.224792
  0
VERTEX
  8
1
  10
-58903.984375
  20
-1713.304443
  0
VERTEX
  8
1
  10
-58904.604492
  20
-1723.363037
  0
VERTEX
  8
1
  10
-58905.161133
  20
-1733.465424
  0
VERTEX
  8
1
  10
-58905.502930
  20
-1740.440674
  0
VERTEX
  8
1
  10
-58905.615234
  20
-1742.744751
  0
VERTEX
  8
1
  10
-58905.620117
  20
-1742.786255
  0
VERTEX
  8
1
  10
-58905.654297
  20
-1744.431000
  0
VERTEX
  8
1
  10
-58905.864258
  20
-1754.385376
  0
VERTEX
  8
1
  10
-58906.083984
  20
-1764.535828
  0
VERTEX
  8
1
  10
-58906.303711
  20
-1774.786224
  0
VERTEX
  8
1
  10
-58906.528320
  20
-1785.143585
  0
VERTEX
  8
1
  10
-58906.752930
  20
-1795.252838
  0
VERTEX
  8
1
  10
-58906.972656
  20
-1805.360718
  0
VERTEX
  8
1
  10
-58907.197266
  20
-1815.550537
  0
VERTEX
  8
1
  10
-58907.416992
  20
-1825.657501
  0
VERTEX
  8
1
  10
-58907.636719
  20
-1835.764923
  0
VERTEX
  8
1
  10
-58907.851563
  20
-1845.872803
  0
VERTEX
  8
1
  10
-58908.076172
  20
-1856.211853
  0
VERTEX
  8
1
  10
-58908.295898
  20
-1866.320648
  0
VERTEX
  8
1
  10
-58908.510742
  20
-1876.429901
  0
VERTEX
  8
1
  10
-58908.735352
  20
-1886.646576
  0
VERTEX
  8
1
  10
-58908.955078
  20
-1896.755676
  0
VERTEX
  8
1
  10
-58909.179688
  20
-1906.864014
  0
VERTEX
  8
1
  10
-58909.404297
  20
-1917.125854
  0
VERTEX
  8
1
  10
-58909.624023
  20
-1927.233429
  0
VERTEX
  8
1
  10
-58909.843750
  20
-1937.340851
  0
VERTEX
  8
1
  10
-58910.063477
  20
-1947.448425
  0
VERTEX
  8
1
  10
-58910.283203
  20
-1957.616119
  0
VERTEX
  8
1
  10
-58910.498047
  20
-1967.724457
  0
VERTEX
  8
1
  10
-58910.717773
  20
-1977.833557
  0
VERTEX
  8
1
  10
-58910.937500
  20
-1987.943420
  0
VERTEX
  8
1
  10
-58911.162109
  20
-1998.309937
  0
VERTEX
  8
1
  10
-58911.386719
  20
-2008.418579
  0
VERTEX
  8
1
  10
-58911.606445
  20
-2018.525696
  0
VERTEX
  8
1
  10
-58911.826172
  20
-2028.537140
  0
VERTEX
  8
1
  10
-58912.045898
  20
-2038.644104
  0
VERTEX
  8
1
  10
-58912.260742
  20
-2048.752289
  0
VERTEX
  8
1
  10
-58912.480469
  20
-2058.861694
  0
VERTEX
  8
1
  10
-58912.705078
  20
-2069.131165
  0
VERTEX
  8
1
  10
-58912.924805
  20
-2079.240265
  0
VERTEX
  8
1
  10
-58913.144531
  20
-2089.348297
  0
VERTEX
  8
1
  10
-58913.369141
  20
-2099.665222
  0
VERTEX
  8
1
  10
-58913.588867
  20
-2109.772797
  0
VERTEX
  8
1
  10
-58913.808594
  20
-2119.880981
  0
VERTEX
  8
1
  10
-58914.028320
  20
-2129.989624
  0
VERTEX
  8
1
  10
-58914.252930
  20
-2140.310974
  0
VERTEX
  8
1
  10
-58914.477539
  20
-2150.596619
  0
VERTEX
  8
1
  10
-58914.697266
  20
-2160.727081
  0
VERTEX
  8
1
  10
-58914.926758
  20
-2171.058502
  0
VERTEX
  8
1
  10
-58914.926758
  20
-2171.058502
  0
VERTEX
  8
1
  10
-58914.697266
  20
-2181.389923
  0
VERTEX
  8
1
  10
-58914.477539
  20
-2191.520386
  0
VERTEX
  8
1
  10
-58914.252930
  20
-2201.806030
  0
VERTEX
  8
1
  10
-58914.160156
  20
-2206.058502
  0
VERTEX
  8
1
  10
-58935.322266
  20
-2206.058502
  0
VERTEX
  8
1
  10
-58945.507813
  20
-2206.058502
  0
VERTEX
  8
1
  10
-58955.791016
  20
-2206.058502
  0
VERTEX
  8
1
  10
-58965.854492
  20
-2206.058502
  0
VERTEX
  8
1
  10
-58976.049805
  20
-2206.058502
  0
VERTEX
  8
1
  10
-58986.245117
  20
-2206.058502
  0
VERTEX
  8
1
  10
-58996.440430
  20
-2206.058502
  0
VERTEX
  8
1
  10
-59006.630859
  20
-2206.058502
  0
VERTEX
  8
1
  10
-59017.001953
  20
-2206.058502
  0
VERTEX
  8
1
  10
-59027.192383
  20
-2206.058502
  0
VERTEX
  8
1
  10
-59037.387695
  20
-2206.058502
  0
VERTEX
  8
1
  10
-59047.578125
  20
-2206.058502
  0
VERTEX
  8
1
  10
-59057.915039
  20
-2206.058502
  0
VERTEX
  8
1
  10
-59068.110352
  20
-2206.058502
  0
VERTEX
  8
1
  10
-59078.305664
  20
-2206.058502
  0
VERTEX
  8
1
  10
-59088.496094
  20
-2206.058502
  0
VERTEX
  8
1
  10
-59098.603516
  20
-2206.058502
  0
VERTEX
  8
1
  10
-59108.593750
  20
-2206.058502
  0
SEQEND
  8
1
  0
POINT
  8
2
 10
-59124.506836
 20
-2206.058502
  0
TEXT
  8
2
 10
-59124.506836
 20
-2206.058502
 40
0.000000
 50
0.000000
  1
# 369
  0
POINT
  8
2
 10
-59124.248047
 20
-2171.058502
  0
TEXT
  8
2
 10
-59124.248047
 20
-2171.058502
 40
0.000000
 50
0.000000
  1
# 370
  0
POINT
  8
2
 10
-59131.669922
 20
-1742.567596
  0
TEXT
  8
2
 10
-59131.669922
 20
-1742.567596
 40
0.000000
 50
0.000000
  1
# 371
  0
POINT
  8
2
 10
-59175.336914
 20
-1359.481812
  0
TEXT
  8
2
 10
-59175.336914
 20
-1359.481812
 40
0.000000
 50
0.000000
  1
# 372
  0
POINT
  8
2
 10
-59136.147461
 20
-1296.482544
  0
TEXT
  8
2
 10
-59136.147461
 20
-1296.482544
 40
0.000000
 50
0.000000
  1
# 373
  0
POINT
  8
2
 10
-59117.421875
 20
-1142.179031
  0
TEXT
  8
2
 10
-59117.421875
 20
-1142.179031
 40
0.000000
 50
0.000000
  1
# 374
  0
POINT
  8
2
 10
-58926.630859
 20
-1132.025757
  0
TEXT
  8
2
 10
-58926.630859
 20
-1132.025757
 40
0.000000
 50
0.000000
  1
# 375
  0
POINT
  8
2
 10
-58869.194336
 20
-1298.621826
  0
TEXT
  8
2
 10
-58869.194336
 20
-1298.621826
 40
0.000000
 50
0.000000
  1
# 376
  0
POINT
  8
2
 10
-58873.857422
 20
-1390.569916
  0
TEXT
  8
2
 10
-58873.857422
 20
-1390.569916
 40
0.000000
 50
0.000000
  1
# 377
  0
POINT
  8
2
 10
-58905.620117
 20
-1742.786255
  0
TEXT
  8
2
 10
-58905.620117
 20
-1742.786255
 40
0.000000
 50
0.000000
  1
# 378
  0
POINT
  8
2
 10
-58914.926758
 20
-2171.058502
  0
TEXT
  8
2
 10
-58914.926758
 20
-2171.058502
 40
0.000000
 50
0.000000
  1
# 379
  0
POINT
  8
2
 10
-58914.160156
 20
-2206.058502
  0
TEXT
  8
2
 10
-58914.160156
 20
-2206.058502
 40
0.000000
 50
0.000000
  1
# 380
  0
POINT
  8
3
 10
-59124.477539
 20
-2201.795654
  0
POINT
  8
3
 10
-59124.399414
 20
-2191.709290
  0
POINT
  8
3
 10
-59124.321289
 20
-2181.303558
  0
POINT
  8
3
 10
-59124.248047
 20
-2171.058502
  0
POINT
  8
3
 10
-59124.321289
 20
-2160.813446
  0
POINT
  8
3
 10
-59124.399414
 20
-2150.407715
  0
POINT
  8
3
 10
-59124.477539
 20
-2140.321350
  0
POINT
  8
3
 10
-59124.550781
 20
-2130.282288
  0
POINT
  8
3
 10
-59124.633789
 20
-2119.925690
  0
POINT
  8
3
 10
-59124.711914
 20
-2109.569397
  0
POINT
  8
3
 10
-59124.794922
 20
-2099.501190
  0
POINT
  8
3
 10
-59124.882813
 20
-2089.145813
  0
POINT
  8
3
 10
-59124.975586
 20
-2078.790894
  0
POINT
  8
3
 10
-59125.068359
 20
-2068.590698
  0
POINT
  8
3
 10
-59125.166016
 20
-2058.236542
  0
POINT
  8
3
 10
-59125.268555
 20
-2047.882843
  0
POINT
  8
3
 10
-59125.371094
 20
-2037.854004
  0
POINT
  8
3
 10
-59125.483398
 20
-2027.500763
  0
POINT
  8
3
 10
-59125.600586
 20
-2017.147675
  0
POINT
  8
3
 10
-59125.727539
 20
-2006.794434
  0
POINT
  8
3
 10
-59125.849609
 20
-1996.728363
  0
POINT
  8
3
 10
-59125.981445
 20
-1986.376495
  0
POINT
  8
3
 10
-59126.123047
 20
-1976.025543
  0
POINT
  8
3
 10
-59126.264648
 20
-1965.961304
  0
POINT
  8
3
 10
-59126.420898
 20
-1955.611572
  0
POINT
  8
3
 10
-59126.582031
 20
-1945.262146
  0
POINT
  8
3
 10
-59126.748047
 20
-1935.198517
  0
POINT
  8
3
 10
-59126.928711
 20
-1924.848785
  0
POINT
  8
3
 10
-59127.114258
 20
-1914.498444
  0
POINT
  8
3
 10
-59127.304688
 20
-1904.431915
  0
POINT
  8
3
 10
-59127.500000
 20
-1894.082336
  0
POINT
  8
3
 10
-59127.709961
 20
-1883.735504
  0
POINT
  8
3
 10
-59127.924805
 20
-1873.674164
  0
POINT
  8
3
 10
-59128.154297
 20
-1863.330231
  0
POINT
  8
3
 10
-59128.398438
 20
-1852.984924
  0
POINT
  8
3
 10
-59128.652344
 20
-1842.638245
  0
POINT
  8
3
 10
-59128.906250
 20
-1832.572479
  0
POINT
  8
3
 10
-59129.179688
 20
-1822.226563
  0
POINT
  8
3
 10
-59129.462891
 20
-1811.882172
  0
POINT
  8
3
 10
-59129.746094
 20
-1801.818542
  0
POINT
  8
3
 10
-59130.048828
 20
-1791.476898
  0
POINT
  8
3
 10
-59130.371094
 20
-1781.136780
  0
POINT
  8
3
 10
-59130.693359
 20
-1771.087646
  0
POINT
  8
3
 10
-59131.035156
 20
-1760.818634
  0
POINT
  8
3
 10
-59131.386719
 20
-1750.667725
  0
POINT
  8
3
 10
-59131.596680
 20
-1744.617004
  0
POINT
  8
3
 10
-59131.669922
 20
-1742.616730
  0
POINT
  8
3
 10
-59131.738281
 20
-1739.935760
  0
POINT
  8
3
 10
-59131.933594
 20
-1732.145081
  0
POINT
  8
3
 10
-59132.202148
 20
-1721.970520
  0
POINT
  8
3
 10
-59132.490234
 20
-1711.870728
  0
POINT
  8
3
 10
-59132.807617
 20
-1701.614532
  0
POINT
  8
3
 10
-59133.149414
 20
-1691.337585
  0
POINT
  8
3
 10
-59133.520508
 20
-1681.062775
  0
POINT
  8
3
 10
-59133.916016
 20
-1671.003113
  0
POINT
  8
3
 10
-59134.350586
 20
-1660.736237
  0
POINT
  8
3
 10
-59134.819336
 20
-1650.474548
  0
POINT
  8
3
 10
-59135.322266
 20
-1640.431976
  0
POINT
  8
3
 10
-59135.874023
 20
-1630.180817
  0
POINT
  8
3
 10
-59136.474609
 20
-1619.935455
  0
POINT
  8
3
 10
-59137.109375
 20
-1609.912720
  0
POINT
  8
3
 10
-59137.807617
 20
-1599.676971
  0
POINT
  8
3
 10
-59138.554688
 20
-1589.445801
  0
POINT
  8
3
 10
-59139.340820
 20
-1579.442291
  0
POINT
  8
3
 10
-59140.200195
 20
-1569.227600
  0
POINT
  8
3
 10
-59141.123047
 20
-1559.023285
  0
POINT
  8
3
 10
-59142.089844
 20
-1549.028320
  0
POINT
  8
3
 10
-59143.149414
 20
-1538.840942
  0
POINT
  8
3
 10
-59144.272461
 20
-1528.662109
  0
POINT
  8
3
 10
-59145.444336
 20
-1518.707428
  0
POINT
  8
3
 10
-59146.713867
 20
-1508.549194
  0
POINT
  8
3
 10
-59148.051758
 20
-1498.402863
  0
POINT
  8
3
 10
-59149.443359
 20
-1488.484955
  0
POINT
  8
3
 10
-59150.942383
 20
-1478.365479
  0
POINT
  8
3
 10
-59152.519531
 20
-1468.261108
  0
POINT
  8
3
 10
-59154.140625
 20
-1458.430634
  0
POINT
  8
3
 10
-59155.825195
 20
-1448.705750
  0
POINT
  8
3
 10
-59157.534180
 20
-1439.344330
  0
POINT
  8
3
 10
-59159.316406
 20
-1429.999390
  0
POINT
  8
3
 10
-59161.186523
 20
-1420.646820
  0
POINT
  8
3
 10
-59163.129883
 20
-1411.335907
  0
POINT
  8
3
 10
-59165.156250
 20
-1402.042999
  0
POINT
  8
3
 10
-59167.241211
 20
-1392.883301
  0
POINT
  8
3
 10
-59169.614258
 20
-1382.826233
  0
POINT
  8
3
 10
-59171.992188
 20
-1373.051910
  0
POINT
  8
3
 10
-59173.559570
 20
-1366.712799
  0
POINT
  8
3
 10
-59169.399414
 20
-1356.425781
  0
POINT
  8
3
 10
-59165.859375
 20
-1354.633331
  0
POINT
  8
3
 10
-59163.647461
 20
-1353.441315
  0
POINT
  8
3
 10
-59161.401367
 20
-1352.144318
  0
POINT
  8
3
 10
-59159.423828
 20
-1350.916290
  0
POINT
  8
3
 10
-59157.563477
 20
-1349.675903
  0
POINT
  8
3
 10
-59155.893555
 20
-1348.471680
  0
POINT
  8
3
 10
-59154.389648
 20
-1347.290955
  0
POINT
  8
3
 10
-59152.983398
 20
-1346.090088
  0
POINT
  8
3
 10
-59151.635742
 20
-1344.838409
  0
POINT
  8
3
 10
-59150.463867
 20
-1343.659515
  0
POINT
  8
3
 10
-59149.355469
 20
-1342.444458
  0
POINT
  8
3
 10
-59148.305664
 20
-1341.196136
  0
POINT
  8
3
 10
-59147.324219
 20
-1339.917297
  0
POINT
  8
3
 10
-59146.420898
 20
-1338.630219
  0
POINT
  8
3
 10
-59145.556641
 20
-1337.273865
  0
POINT
  8
3
 10
-59144.741211
 20
-1335.859833
  0
POINT
  8
3
 10
-59143.969727
 20
-1334.390564
  0
POINT
  8
3
 10
-59143.173828
 20
-1332.714233
  0
POINT
  8
3
 10
-59142.431641
 20
-1330.979767
  0
POINT
  8
3
 10
-59141.679688
 20
-1329.027863
  0
POINT
  8
3
 10
-59140.991211
 20
-1327.020874
  0
POINT
  8
3
 10
-59140.317383
 20
-1324.823151
  0
POINT
  8
3
 10
-59139.702148
 20
-1322.556610
  0
POINT
  8
3
 10
-59139.111328
 20
-1320.069275
  0
POINT
  8
3
 10
-59138.588867
 20
-1317.536621
  0
POINT
  8
3
 10
-59138.095703
 20
-1314.775848
  0
POINT
  8
3
 10
-59137.641602
 20
-1311.791534
  0
POINT
  8
3
 10
-59137.207031
 20
-1308.399048
  0
POINT
  8
3
 10
-59136.782227
 20
-1304.454651
  0
POINT
  8
3
 10
-59136.411133
 20
-1300.247498
  0
POINT
  8
3
 10
-59136.225586
 20
-1297.581940
  0
POINT
  8
3
 10
-59108.071289
 20
-1142.345581
  0
POINT
  8
3
 10
-59098.081055
 20
-1142.528839
  0
POINT
  8
3
 10
-59087.978516
 20
-1142.695084
  0
POINT
  8
3
 10
-59077.929688
 20
-1142.835922
  0
POINT
  8
3
 10
-59067.724609
 20
-1142.942200
  0
POINT
  8
3
 10
-59057.543945
 20
-1142.988205
  0
POINT
  8
3
 10
-59048.061523
 20
-1142.955017
  0
POINT
  8
3
 10
-59039.614258
 20
-1142.846451
  0
POINT
  8
3
 10
-59031.474609
 20
-1142.658539
  0
POINT
  8
3
 10
-59023.720703
 20
-1142.397537
  0
POINT
  8
3
 10
-59019.819336
 20
-1142.224503
  0
POINT
  8
3
 10
-59016.313477
 20
-1142.069092
  0
POINT
  8
3
 10
-59008.916016
 20
-1141.659927
  0
POINT
  8
3
 10
-59001.582031
 20
-1141.171188
  0
POINT
  8
3
 10
-58994.194336
 20
-1140.597076
  0
POINT
  8
3
 10
-58986.469727
 20
-1139.912949
  0
POINT
  8
3
 10
-58978.750000
 20
-1139.146881
  0
POINT
  8
3
 10
-58970.668945
 20
-1138.260574
  0
POINT
  8
3
 10
-58962.626953
 20
-1137.292328
  0
POINT
  8
3
 10
-58954.936523
 20
-1136.284027
  0
POINT
  8
3
 10
-58947.255859
 20
-1135.196152
  0
POINT
  8
3
 10
-58938.481445
 20
-1133.861618
  0
POINT
  8
3
 10
-58933.740234
 20
-1133.122406
  0
POINT
  8
3
 10
-58869.262695
 20
-1302.521973
  0
POINT
  8
3
 10
-58869.399414
 20
-1310.879364
  0
POINT
  8
3
 10
-58869.648438
 20
-1321.312714
  0
POINT
  8
3
 10
-58869.960938
 20
-1331.011047
  0
POINT
  8
3
 10
-58870.307617
 20
-1339.507904
  0
POINT
  8
3
 10
-58870.766602
 20
-1348.423462
  0
POINT
  8
3
 10
-58871.328125
 20
-1357.727661
  0
POINT
  8
3
 10
-58872.031250
 20
-1367.821350
  0
POINT
  8
3
 10
-58872.802734
 20
-1377.855988
  0
POINT
  8
3
 10
-58873.627930
 20
-1387.907715
  0
POINT
  8
3
 10
-58874.682617
 20
-1400.967865
  0
POINT
  8
3
 10
-58875.527344
 20
-1411.128845
  0
POINT
  8
3
 10
-58876.430664
 20
-1421.379547
  0
POINT
  8
3
 10
-58877.373047
 20
-1431.503906
  0
POINT
  8
3
 10
-58878.369141
 20
-1441.631317
  0
POINT
  8
3
 10
-58879.404297
 20
-1451.743011
  0
POINT
  8
3
 10
-58880.463867
 20
-1461.790771
  0
POINT
  8
3
 10
-58881.547852
 20
-1471.883087
  0
POINT
  8
3
 10
-58882.646484
 20
-1481.968536
  0
POINT
  8
3
 10
-58883.750000
 20
-1491.995087
  0
POINT
  8
3
 10
-58884.868164
 20
-1502.067566
  0
POINT
  8
3
 10
-58885.981445
 20
-1512.134399
  0
POINT
  8
3
 10
-58887.094727
 20
-1522.222748
  0
POINT
  8
3
 10
-58888.198242
 20
-1532.285156
  0
POINT
  8
3
 10
-58889.287109
 20
-1542.347107
  0
POINT
  8
3
 10
-58890.361328
 20
-1552.360535
  0
POINT
  8
3
 10
-58891.425781
 20
-1562.418671
  0
POINT
  8
3
 10
-58892.470703
 20
-1572.474213
  0
POINT
  8
3
 10
-58893.486328
 20
-1582.481995
  0
POINT
  8
3
 10
-58894.477539
 20
-1592.535553
  0
POINT
  8
3
 10
-58895.439453
 20
-1602.588959
  0
POINT
  8
3
 10
-58896.362305
 20
-1612.593994
  0
POINT
  8
3
 10
-58897.255859
 20
-1622.652283
  0
POINT
  8
3
 10
-58898.115234
 20
-1632.714233
  0
POINT
  8
3
 10
-58898.930664
 20
-1642.677460
  0
POINT
  8
3
 10
-58899.726563
 20
-1652.746429
  0
POINT
  8
3
 10
-58900.493164
 20
-1662.818756
  0
POINT
  8
3
 10
-58901.235352
 20
-1673.000641
  0
POINT
  8
3
 10
-58901.948242
 20
-1683.085785
  0
POINT
  8
3
 10
-58902.641602
 20
-1693.179779
  0
POINT
  8
3
 10
-58903.320313
 20
-1703.224792
  0
POINT
  8
3
 10
-58903.984375
 20
-1713.304443
  0
POINT
  8
3
 10
-58904.604492
 20
-1723.363037
  0
POINT
  8
3
 10
-58905.161133
 20
-1733.465424
  0
POINT
  8
3
 10
-58905.502930
 20
-1740.440674
  0
POINT
  8
3
 10
-58905.615234
 20
-1742.744751
  0
POINT
  8
3
 10
-58905.654297
 20
-1744.431000
  0
POINT
  8
3
 10
-58905.864258
 20
-1754.385376
  0
POINT
  8
3
 10
-58906.083984
 20
-1764.535828
  0
POINT
  8
3
 10
-58906.303711
 20
-1774.786224
  0
POINT
  8
3
 10
-58906.528320
 20
-1785.143585
  0
POINT
  8
3
 10
-58906.752930
 20
-1795.252838
  0
POINT
  8
3
 10
-58906.972656
 20
-1805.360718
  0
POINT
  8
3
 10
-58907.197266
 20
-1815.550537
  0
POINT
  8
3
 10
-58907.416992
 20
-1825.657501
  0
POINT
  8
3
 10
-58907.636719
 20
-1835.764923
  0
POINT
  8
3
 10
-58907.851563
 20
-1845.872803
  0
POINT
  8
3
 10
-58908.076172
 20
-1856.211853
  0
POINT
  8
3
 10
-58908.295898
 20
-1866.320648
  0
POINT
  8
3
 10
-58908.510742
 20
-1876.429901
  0
POINT
  8
3
 10
-58908.735352
 20
-1886.646576
  0
POINT
  8
3
 10
-58908.955078
 20
-1896.755676
  0
POINT
  8
3
 10
-58909.179688
 20
-1906.864014
  0
POINT
  8
3
 10
-58909.404297
 20
-1917.125854
  0
POINT
  8
3
 10
-58909.624023
 20
-1927.233429
  0
POINT
  8
3
 10
-58909.843750
 20
-1937.340851
  0
POINT
  8
3
 10
-58910.063477
 20
-1947.448425
  0
POINT
  8
3
 10
-58910.283203
 20
-1957.616119
  0
POINT
  8
3
 10
-58910.498047
 20
-1967.724457
  0
POINT
  8
3
 10
-58910.717773
 20
-1977.833557
  0
POINT
  8
3
 10
-58910.937500
 20
-1987.943420
  0
POINT
  8
3
 10
-58911.162109
 20
-1998.309937
  0
POINT
  8
3
 10
-58911.386719
 20
-2008.418579
  0
POINT
  8
3
 10
-58911.606445
 20
-2018.525696
  0
POINT
  8
3
 10
-58911.826172
 20
-2028.537140
  0
POINT
  8
3
 10
-58912.045898
 20
-2038.644104
  0
POINT
  8
3
 10
-58912.260742
 20
-2048.752289
  0
POINT
  8
3
 10
-58912.480469
 20
-2058.861694
  0
POINT
  8
3
 10
-58912.705078
 20
-2069.131165
  0
POINT
  8
3
 10
-58912.924805
 20
-2079.240265
  0
POINT
  8
3
 10
-58913.144531
 20
-2089.348297
  0
POINT
  8
3
 10
-58913.369141
 20
-2099.665222
  0
POINT
  8
3
 10
-58913.588867
 20
-2109.772797
  0
POINT
  8
3
 10
-58913.808594
 20
-2119.880981
  0
POINT
  8
3
 10
-58914.028320
 20
-2129.989624
  0
POINT
  8
3
 10
-58914.252930
 20
-2140.310974
  0
POINT
  8
3
 10
-58914.477539
 20
-2150.596619
  0
POINT
  8
3
 10
-58914.697266
 20
-2160.727081
  0
POINT
  8
3
 10
-58914.926758
 20
-2171.058502
  0
POINT
  8
3
 10
-58914.697266
 20
-2181.389923
  0
POINT
  8
3
 10
-58914.477539
 20
-2191.520386
  0
POINT
  8
3
 10
-58914.252930
 20
-2201.806030
  0
POINT
  8
3
 10
-58935.322266
 20
-2206.058502
  0
POINT
  8
3
 10
-58945.507813
 20
-2206.058502
  0
POINT
  8
3
 10
-58955.791016
 20
-2206.058502
  0
POINT
  8
3
 10
-58965.854492
 20
-2206.058502
  0
POINT
  8
3
 10
-58976.049805
 20
-2206.058502
  0
POINT
  8
3
 10
-58986.245117
 20
-2206.058502
  0
POINT
  8
3
 10
-58996.440430
 20
-2206.058502
  0
POINT
  8
3
 10
-59006.630859
 20
-2206.058502
  0
POINT
  8
3
 10
-59017.001953
 20
-2206.058502
  0
POINT
  8
3
 10
-59027.192383
 20
-2206.058502
  0
POINT
  8
3
 10
-59037.387695
 20
-2206.058502
  0
POINT
  8
3
 10
-59047.578125
 20
-2206.058502
  0
POINT
  8
3
 10
-59057.915039
 20
-2206.058502
  0
POINT
  8
3
 10
-59068.110352
 20
-2206.058502
  0
POINT
  8
3
 10
-59078.305664
 20
-2206.058502
  0
POINT
  8
3
 10
-59088.496094
 20
-2206.058502
  0
POINT
  8
3
 10
-59098.603516
 20
-2206.058502
  0
POINT
  8
3
 10
-59108.593750
 20
-2206.058502
  0
POINT
  8
4
 10
-59124.248047
 20
-2171.058502
 30
1.000000
 50
  0.00
  0
TEXT
  8
4
 10
-59124.248047
 20
-2171.058502
 40
0.000000
 50
0.000000
  1
# 381
  0
POINT
  8
4
 10
-59131.669922
 20
-1742.616730
 30
1.000000
 50
  2.02
  0
TEXT
  8
4
 10
-59131.669922
 20
-1742.616730
 40
0.000000
 50
0.000000
  1
# 382
  0
POINT
  8
4
 10
-59019.819336
 20
-1142.224503
 30
1.000000
 50
270.00
  0
TEXT
  8
4
 10
-59019.819336
 20
-1142.224503
 40
0.000000
 50
0.000000
  1
# 383
  0
POINT
  8
4
 10
-58905.615234
 20
-1742.744751
 30
1.000000
 50
177.18
  0
TEXT
  8
4
 10
-58905.615234
 20
-1742.744751
 40
0.000000
 50
0.000000
  1
# 384
  0
POINT
  8
4
 10
-58914.926758
 20
-2171.058502
 30
1.000000
 50
180.00
  0
TEXT
  8
4
 10
-58914.926758
 20
-2171.058502
 40
0.000000
 50
0.000000
  1
# 385
  0
POLYLINE
  8
14
  66
1
  70
1
  0
VERTEX
  8
14
  10
-59114.248047
  20
-2171.058502
  0
VERTEX
  8
14
  10
-59114.248047
  20
-2171.058502
  0
VERTEX
  8
14
  10
-59114.323632
  20
-2160.739817
  0
VERTEX
  8
14
  10
-59114.400633
  20
-2150.333327
  0
VERTEX
  8
14
  10
-59114.476092
  20
-2140.246111
  0
VERTEX
  8
14
  10
-59114.552279
  20
-2130.205752
  0
VERTEX
  8
14
  10
-59114.632440
  20
-2119.847343
  0
VERTEX
  8
14
  10
-59114.714641
  20
-2109.488955
  0
VERTEX
  8
14
  10
-59114.796953
  20
-2099.418210
  0
VERTEX
  8
14
  10
-59114.884472
  20
-2089.059885
  0
VERTEX
  8
14
  10
-59114.975246
  20
-2078.701591
  0
VERTEX
  8
14
  10
-59115.068197
  20
-2068.497824
  0
VERTEX
  8
14
  10
-59115.166515
  20
-2058.139589
  0
VERTEX
  8
14
  10
-59115.269232
  20
-2047.781391
  0
VERTEX
  8
14
  10
-59115.373315
  20
-2037.747869
  0
VERTEX
  8
14
  10
-59115.485792
  20
-2027.389756
  0
VERTEX
  8
14
  10
-59115.603356
  20
-2017.031720
  0
VERTEX
  8
14
  10
-59115.725933
  20
-2006.673732
  0
VERTEX
  8
14
  10
-59115.849961
  20
-1996.602696
  0
VERTEX
  8
14
  10
-59115.983156
  20
-1986.244856
  0
VERTEX
  8
14
  10
-59116.122923
  20
-1975.887115
  0
VERTEX
  8
14
  10
-59116.265922
  20
-1965.815741
  0
VERTEX
  8
14
  10
-59116.420774
  20
-1955.458183
  0
VERTEX
  8
14
  10
-59116.583824
  20
-1945.100726
  0
VERTEX
  8
14
  10
-59116.750506
  20
-1935.029071
  0
VERTEX
  8
14
  10
-59116.929999
  20
-1924.671898
  0
VERTEX
  8
14
  10
-59117.116819
  20
-1914.314878
  0
VERTEX
  8
14
  10
-59117.304681
  20
-1904.242544
  0
VERTEX
  8
14
  10
-59117.504370
  20
-1893.885756
  0
VERTEX
  8
14
  10
-59117.712842
  20
-1883.529165
  0
VERTEX
  8
14
  10
-59117.926327
  20
-1873.456284
  0
VERTEX
  8
14
  10
-59118.158446
  20
-1863.100165
  0
VERTEX
  8
14
  10
-59118.402304
  20
-1852.744322
  0
VERTEX
  8
14
  10
-59118.656242
  20
-1842.388713
  0
VERTEX
  8
14
  10
-59118.911628
  20
-1832.314907
  0
VERTEX
  8
14
  10
-59119.183154
  20
-1821.959716
  0
VERTEX
  8
14
  10
-59119.464934
  20
-1811.604850
  0
VERTEX
  8
14
  10
-59119.750035
  20
-1801.530005
  0
VERTEX
  8
14
  10
-59120.055368
  20
-1791.175830
  0
VERTEX
  8
14
  10
-59120.374255
  20
-1780.822031
  0
VERTEX
  8
14
  10
-59120.698136
  20
-1770.759235
  0
VERTEX
  8
14
  10
-59121.041777
  20
-1760.479415
  0
VERTEX
  8
14
  10
-59121.391188
  20
-1750.319665
  0
VERTEX
  8
14
  10
-59121.674805
  20
-1742.265015
  0
VERTEX
  8
14
  10
-59121.674805
  20
-1742.264404
  0
VERTEX
  8
14
  10
-59121.935213
  20
-1731.886227
  0
VERTEX
  8
14
  10
-59122.207002
  20
-1721.695712
  0
VERTEX
  8
14
  10
-59122.494930
  20
-1711.575500
  0
VERTEX
  8
14
  10
-59122.811774
  20
-1701.293453
  0
VERTEX
  8
14
  10
-59123.156573
  20
-1690.989450
  0
VERTEX
  8
14
  10
-59123.529880
  20
-1680.686420
  0
VERTEX
  8
14
  10
-59123.924646
  20
-1670.596896
  0
VERTEX
  8
14
  10
-59124.360539
  20
-1660.296307
  0
VERTEX
  8
14
  10
-59124.833068
  20
-1649.997332
  0
VERTEX
  8
14
  10
-59125.334574
  20
-1639.915100
  0
VERTEX
  8
14
  10
-59125.889719
  20
-1629.620237
  0
VERTEX
  8
14
  10
-59126.491556
  20
-1619.328015
  0
VERTEX
  8
14
  10
-59127.128686
  20
-1609.257227
  0
VERTEX
  8
14
  10
-59127.830222
  20
-1598.971296
  0
VERTEX
  8
14
  10
-59128.583989
  20
-1588.689027
  0
VERTEX
  8
14
  10
-59129.373685
  20
-1578.632657
  0
VERTEX
  8
14
  10
-59130.238377
  20
-1568.359092
  0
VERTEX
  8
14
  10
-59131.166211
  20
-1558.091045
  0
VERTEX
  8
14
  10
-59132.141319
  20
-1548.030804
  0
VERTEX
  8
14
  10
-59133.204486
  20
-1537.775792
  0
VERTEX
  8
14
  10
-59134.337866
  20
-1527.528340
  0
VERTEX
  8
14
  10
-59135.516517
  20
-1517.504998
  0
VERTEX
  8
14
  10
-59136.793220
  20
-1507.274496
  0
VERTEX
  8
14
  10
-59138.145564
  20
-1497.053726
  0
VERTEX
  8
14
  10
-59139.544579
  20
-1487.060707
  0
VERTEX
  8
14
  10
-59141.053656
  20
-1476.861816
  0
VERTEX
  8
14
  10
-59142.645881
  20
-1466.675524
  0
VERTEX
  8
14
  10
-59144.279823
  20
-1456.763004
  0
VERTEX
  8
14
  10
-59145.981198
  20
-1446.954846
  0
VERTEX
  8
14
  10
-59147.701267
  20
-1437.511113
  0
VERTEX
  8
14
  10
-59149.501139
  20
-1428.082142
  0
VERTEX
  8
14
  10
-59151.387401
  20
-1418.644212
  0
VERTEX
  8
14
  10
-59153.350726
  20
-1409.247840
  0
VERTEX
  8
14
  10
-59155.396278
  20
-1399.869144
  0
VERTEX
  8
14
  10
-59157.497657
  20
-1390.624229
  0
VERTEX
  8
14
  10
-59159.891782
  20
-1380.491545
  0
VERTEX
  8
14
  10
-59162.282618
  20
-1370.661310
  0
VERTEX
  8
14
  10
-59163.750000
  20
-1364.749756
  0
VERTEX
  8
14
  10
-59161.251521
  20
-1363.508518
  0
VERTEX
  8
14
  10
-59158.775254
  20
-1362.175322
  0
VERTEX
  8
14
  10
-59156.260590
  20
-1360.721795
  0
VERTEX
  8
14
  10
-59154.015211
  20
-1359.328849
  0
VERTEX
  8
14
  10
-59151.864673
  20
-1357.894449
  0
VERTEX
  8
14
  10
-59149.880787
  20
-1356.463176
  0
VERTEX
  8
14
  10
-59148.051078
  20
-1355.026866
  0
VERTEX
  8
14
  10
-59146.331274
  20
-1353.558069
  0
VERTEX
  8
14
  10
-59144.673095
  20
-1352.017432
  0
VERTEX
  8
14
  10
-59143.224463
  20
-1350.556010
  0
VERTEX
  8
14
  10
-59141.836750
  20
-1349.038026
  0
VERTEX
  8
14
  10
-59140.514715
  20
-1347.464817
  0
VERTEX
  8
14
  10
-59139.263111
  20
-1345.837720
  0
VERTEX
  8
14
  10
-59138.104474
  20
-1344.184732
  0
VERTEX
  8
14
  10
-59137.004447
  20
-1342.455628
  0
VERTEX
  8
14
  10
-59135.979538
  20
-1340.680673
  0
VERTEX
  8
14
  10
-59135.026576
  20
-1338.864575
  0
VERTEX
  8
14
  10
-59134.057635
  20
-1336.824968
  0
VERTEX
  8
14
  10
-59133.167698
  20
-1334.747542
  0
VERTEX
  8
14
  10
-59132.282001
  20
-1332.445488
  0
VERTEX
  8
14
  10
-59131.479827
  20
-1330.114019
  0
VERTEX
  8
14
  10
-59130.707450
  20
-1327.593919
  0
VERTEX
  8
14
  10
-59130.010368
  20
-1325.022784
  0
VERTEX
  8
14
  10
-59129.347217
  20
-1322.233540
  0
VERTEX
  8
14
  10
-59128.766843
  20
-1319.426696
  0
VERTEX
  8
14
  10
-59128.227533
  20
-1316.403870
  0
VERTEX
  8
14
  10
-59127.736773
  20
-1313.177854
  0
VERTEX
  8
14
  10
-59127.273290
  20
-1309.568856
  0
VERTEX
  8
14
  10
-59126.828656
  20
-1305.424340
  0
VERTEX
  8
14
  10
-59126.442554
  20
-1301.028908
  0
VERTEX
  8
14
  10
-59126.196289
  20
-1297.493896
  0
VERTEX
  8
14
  10
-59108.579102
  20
-1152.335510
  0
VERTEX
  8
14
  10
-59098.257944
  20
-1152.527340
  0
VERTEX
  8
14
  10
-59088.129739
  20
-1152.693921
  0
VERTEX
  8
14
  10
-59078.056991
  20
-1152.835158
  0
VERTEX
  8
14
  10
-59067.803530
  20
-1152.941917
  0
VERTEX
  8
14
  10
-59057.549836
  20
-1152.988240
  0
VERTEX
  8
14
  10
-59047.979798
  20
-1152.954661
  0
VERTEX
  8
14
  10
-59039.435411
  20
-1152.844858
  0
VERTEX
  8
14
  10
-59031.188754
  20
-1152.654513
  0
VERTEX
  8
14
  10
-59023.330517
  20
-1152.389911
  0
VERTEX
  8
14
  10
-59019.819336
  20
-1152.212296
  0
VERTEX
  8
14
  10
-59015.817077
  20
-1152.056732
  0
VERTEX
  8
14
  10
-59008.308020
  20
-1151.641354
  0
VERTEX
  8
14
  10
-59000.862485
  20
-1151.145220
  0
VERTEX
  8
14
  10
-58993.365000
  20
-1150.562743
  0
VERTEX
  8
14
  10
-58985.533713
  20
-1149.869102
  0
VERTEX
  8
14
  10
-58977.710039
  20
-1149.092883
  0
VERTEX
  8
14
  10
-58969.524948
  20
-1148.195006
  0
VERTEX
  8
14
  10
-58961.379939
  20
-1147.214098
  0
VERTEX
  8
14
  10
-58953.584901
  20
-1146.192361
  0
VERTEX
  8
14
  10
-58945.801340
  20
-1145.089846
  0
VERTEX
  8
14
  10
-58936.936857
  20
-1143.741835
  0
VERTEX
  8
14
  10
-58933.364258
  20
-1143.178253
  0
VERTEX
  8
14
  10
-58879.228516
  20
-1300.133514
  0
VERTEX
  8
14
  10
-58879.397143
  20
-1310.677875
  0
VERTEX
  8
14
  10
-58879.645255
  20
-1321.033796
  0
VERTEX
  8
14
  10
-58879.953232
  20
-1330.646105
  0
VERTEX
  8
14
  10
-58880.299053
  20
-1339.047357
  0
VERTEX
  8
14
  10
-58880.749824
  20
-1347.864890
  0
VERTEX
  8
14
  10
-58881.308025
  20
-1357.078994
  0
VERTEX
  8
14
  10
-58882.002085
  20
-1367.089063
  0
VERTEX
  8
14
  10
-58882.769398
  20
-1377.056743
  0
VERTEX
  8
14
  10
-58883.594686
  20
-1387.065640
  0
VERTEX
  8
14
  10
-58883.823242
  20
-1389.749756
  0
VERTEX
  8
14
  10
-58884.649817
  20
-1400.155976
  0
VERTEX
  8
14
  10
-58885.493510
  20
-1410.278407
  0
VERTEX
  8
14
  10
-58886.388441
  20
-1420.479188
  0
VERTEX
  8
14
  10
-58887.328081
  20
-1430.547504
  0
VERTEX
  8
14
  10
-58888.320637
  20
-1440.630242
  0
VERTEX
  8
14
  10
-58889.352509
  20
-1450.709104
  0
VERTEX
  8
14
  10
-58890.407130
  20
-1460.732835
  0
VERTEX
  8
14
  10
-58891.488916
  20
-1470.806225
  0
VERTEX
  8
14
  10
-58892.587353
  20
-1480.877767
  0
VERTEX
  8
14
  10
-58893.691467
  20
-1490.895695
  0
VERTEX
  8
14
  10
-58894.807172
  20
-1500.965350
  0
VERTEX
  8
14
  10
-58895.922920
  20
-1511.035025
  0
VERTEX
  8
14
  10
-58897.036041
  20
-1521.130494
  0
VERTEX
  8
14
  10
-58898.138243
  20
-1531.201715
  0
VERTEX
  8
14
  10
-58899.230761
  20
-1541.274003
  0
VERTEX
  8
14
  10
-58900.306750
  20
-1551.300245
  0
VERTEX
  8
14
  10
-58901.372712
  20
-1561.375402
  0
VERTEX
  8
14
  10
-58902.419064
  20
-1571.452623
  0
VERTEX
  8
14
  10
-58903.436772
  20
-1581.485849
  0
VERTEX
  8
14
  10
-58904.431627
  20
-1591.568374
  0
VERTEX
  8
14
  10
-58905.395509
  20
-1601.653913
  0
VERTEX
  8
14
  10
-58906.320960
  20
-1611.693048
  0
VERTEX
  8
14
  10
-58907.216766
  20
-1621.784810
  0
VERTEX
  8
14
  10
-58908.079072
  20
-1631.879447
  0
VERTEX
  8
14
  10
-58908.900423
  20
-1641.874185
  0
VERTEX
  8
14
  10
-58909.698582
  20
-1651.974031
  0
VERTEX
  8
14
  10
-58910.465903
  20
-1662.076238
  0
VERTEX
  8
14
  10
-58911.211142
  20
-1672.286257
  0
VERTEX
  8
14
  10
-58911.923641
  20
-1682.392434
  0
VERTEX
  8
14
  10
-58912.618663
  20
-1692.499948
  0
VERTEX
  8
14
  10
-58913.299366
  20
-1702.555257
  0
VERTEX
  8
14
  10
-58913.964421
  20
-1712.665007
  0
VERTEX
  8
14
  10
-58914.587095
  20
-1722.777217
  0
VERTEX
  8
14
  10
-58915.147479
  20
-1732.950568
  0
VERTEX
  8
14
  10
-58915.600586
  20
-1742.253571
  0
VERTEX
  8
14
  10
-58915.610352
  20
-1742.264404
  0
VERTEX
  8
14
  10
-58915.651649
  20
-1744.219640
  0
VERTEX
  8
14
  10
-58915.862991
  20
-1754.172344
  0
VERTEX
  8
14
  10
-58916.080100
  20
-1764.321142
  0
VERTEX
  8
14
  10
-58916.301206
  20
-1774.569518
  0
VERTEX
  8
14
  10
-58916.526983
  20
-1784.924571
  0
VERTEX
  8
14
  10
-58916.749000
  20
-1795.032848
  0
VERTEX
  8
14
  10
-58916.971304
  20
-1805.141123
  0
VERTEX
  8
14
  10
-58917.194427
  20
-1815.332371
  0
VERTEX
  8
14
  10
-58917.414263
  20
-1825.440698
  0
VERTEX
  8
14
  10
-58917.633009
  20
-1835.549047
  0
VERTEX
  8
14
  10
-58917.851078
  20
-1845.657369
  0
VERTEX
  8
14
  10
-58918.073862
  20
-1855.996354
  0
VERTEX
  8
14
  10
-58918.291896
  20
-1866.104712
  0
VERTEX
  8
14
  10
-58918.510630
  20
-1876.213055
  0
VERTEX
  8
14
  10
-58918.732859
  20
-1886.428430
  0
VERTEX
  8
14
  10
-58918.953851
  20
-1896.536729
  0
VERTEX
  8
14
  10
-58919.175302
  20
-1906.644998
  0
VERTEX
  8
14
  10
-58919.399931
  20
-1916.907361
  0
VERTEX
  8
14
  10
-58919.620479
  20
-1927.015636
  0
VERTEX
  8
14
  10
-58919.840248
  20
-1937.123921
  0
VERTEX
  8
14
  10
-58920.059250
  20
-1947.232239
  0
VERTEX
  8
14
  10
-58920.278807
  20
-1957.400449
  0
VERTEX
  8
14
  10
-58920.496755
  20
-1967.508770
  0
VERTEX
  8
14
  10
-58920.715145
  20
-1977.617100
  0
VERTEX
  8
14
  10
-58920.934738
  20
-1987.725384
  0
VERTEX
  8
14
  10
-58921.161732
  20
-1998.090352
  0
VERTEX
  8
14
  10
-58921.384071
  20
-2008.198577
  0
VERTEX
  8
14
  10
-58921.606034
  20
-2018.306839
  0
VERTEX
  8
14
  10
-58921.824262
  20
-2028.320474
  0
VERTEX
  8
14
  10
-58922.042525
  20
-2038.428824
  0
VERTEX
  8
14
  10
-58922.259933
  20
-2048.537205
  0
VERTEX
  8
14
  10
-58922.477814
  20
-2058.645555
  0
VERTEX
  8
14
  10
-58922.700725
  20
-2068.913419
  0
VERTEX
  8
14
  10
-58922.921371
  20
-2079.021681
  0
VERTEX
  8
14
  10
-58923.142339
  20
-2089.129928
  0
VERTEX
  8
14
  10
-58923.367333
  20
-2099.447650
  0
VERTEX
  8
14
  10
-58923.586937
  20
-2109.555934
  0
VERTEX
  8
14
  10
-58923.806167
  20
-2119.664231
  0
VERTEX
  8
14
  10
-58924.025511
  20
-2129.772536
  0
VERTEX
  8
14
  10
-58924.250021
  20
-2140.093121
  0
VERTEX
  8
14
  10
-58924.474336
  20
-2150.378309
  0
VERTEX
  8
14
  10
-58924.695724
  20
-2160.508442
  0
VERTEX
  8
14
  10
-58924.926758
  20
-2171.058502
  0
VERTEX
  8
14
  10
-58924.926758
  20
-2171.058502
  0
VERTEX
  8
14
  10
-58935.324479
  20
-2171.058502
  0
VERTEX
  8
14
  10
-58945.509195
  20
-2171.058502
  0
VERTEX
  8
14
  10
-58955.789650
  20
-2171.058502
  0
VERTEX
  8
14
  10
-58965.854634
  20
-2171.058502
  0
VERTEX
  8
14
  10
-58976.051655
  20
-2171.058502
  0
VERTEX
  8
14
  10
-58986.244910
  20
-2171.058502
  0
VERTEX
  8
14
  10
-58996.438087
  20
-2171.058502
  0
VERTEX
  8
14
  10
-59006.631209
  20
-2171.058502
  0
VERTEX
  8
14
  10
-59016.999904
  20
-2171.058502
  0
VERTEX
  8
14
  10
-59027.192973
  20
-2171.058502
  0
VERTEX
  8
14
  10
-59037.386132
  20
-2171.058502
  0
VERTEX
  8
14
  10
-59047.579446
  20
-2171.058502
  0
VERTEX
  8
14
  10
-59057.915950
  20
-2171.058502
  0
VERTEX
  8
14
  10
-59068.109648
  20
-2171.058502
  0
VERTEX
  8
14
  10
-59078.303389
  20
-2171.058502
  0
VERTEX
  8
14
  10
-59088.497028
  20
-2171.058502
  0
VERTEX
  8
14
  10
-59098.605230
  20
-2171.058502
  0
VERTEX
  8
14
  10
-59108.592819
  20
-2171.058502
  0
SEQEND
  8
14
  0
POINT
  8
2
 10
-59114.248047
 20
-2171.058502
  0
TEXT
  8
2
 10
-59114.248047
 20
-2171.058502
 40
0.000000
 50
0.000000
  1
# 386
  0
POINT
  8
2
 10
-59121.674805
 20
-1742.264404
  0
TEXT
  8
2
 10
-59121.674805
 20
-1742.264404
 40
0.000000
 50
0.000000
  1
# 387
  0
POINT
  8
2
 10
-59163.750000
 20
-1364.749756
  0
TEXT
  8
2
 10
-59163.750000
 20
-1364.749756
 40
0.000000
 50
0.000000
  1
# 388
  0
POINT
  8
2
 10
-59126.196289
 20
-1297.493896
  0
TEXT
  8
2
 10
-59126.196289
 20
-1297.493896
 40
0.000000
 50
0.000000
  1
# 389
  0
POINT
  8
2
 10
-59108.579102
 20
-1152.335510
  0
TEXT
  8
2
 10
-59108.579102
 20
-1152.335510
 40
0.000000
 50
0.000000
  1
# 390
  0
POINT
  8
2
 10
-58933.364258
 20
-1143.178253
  0
TEXT
  8
2
 10
-58933.364258
 20
-1143.178253
 40
0.000000
 50
0.000000
  1
# 391
  0
POINT
  8
2
 10
-58879.228516
 20
-1300.133514
  0
TEXT
  8
2
 10
-58879.228516
 20
-1300.133514
 40
0.000000
 50
0.000000
  1
# 392
  0
POINT
  8
2
 10
-58883.823242
 20
-1389.749756
  0
TEXT
  8
2
 10
-58883.823242
 20
-1389.749756
 40
0.000000
 50
0.000000
  1
# 393
  0
POINT
  8
2
 10
-58915.610352
 20
-1742.264404
  0
TEXT
  8
2
 10
-58915.610352
 20
-1742.264404
 40
0.000000
 50
0.000000
  1
# 394
  0
POINT
  8
2
 10
-58924.926758
 20
-2171.058502
  0
TEXT
  8
2
 10
-58924.926758
 20
-2171.058502
 40
0.000000
 50
0.000000
  1
# 395
  0
POINT
  8
3
 10
-59114.248047
 20
-2171.058502
  0
POINT
  8
3
 10
-59114.323632
 20
-2160.739817
  0
POINT
  8
3
 10
-59114.400633
 20
-2150.333327
  0
POINT
  8
3
 10
-59114.476092
 20
-2140.246111
  0
POINT
  8
3
 10
-59114.552279
 20
-2130.205752
  0
POINT
  8
3
 10
-59114.632440
 20
-2119.847343
  0
POINT
  8
3
 10
-59114.714641
 20
-2109.488955
  0
POINT
  8
3
 10
-59114.796953
 20
-2099.418210
  0
POINT
  8
3
 10
-59114.884472
 20
-2089.059885
  0
POINT
  8
3
 10
-59114.975246
 20
-2078.701591
  0
POINT
  8
3
 10
-59115.068197
 20
-2068.497824
  0
POINT
  8
3
 10
-59115.166515
 20
-2058.139589
  0
POINT
  8
3
 10
-59115.269232
 20
-2047.781391
  0
POINT
  8
3
 10
-59115.373315
 20
-2037.747869
  0
POINT
  8
3
 10
-59115.485792
 20
-2027.389756
  0
POINT
  8
3
 10
-59115.603356
 20
-2017.031720
  0
POINT
  8
3
 10
-59115.725933
 20
-2006.673732
  0
POINT
  8
3
 10
-59115.849961
 20
-1996.602696
  0
POINT
  8
3
 10
-59115.983156
 20
-1986.244856
  0
POINT
  8
3
 10
-59116.122923
 20
-1975.887115
  0
POINT
  8
3
 10
-59116.265922
 20
-1965.815741
  0
POINT
  8
3
 10
-59116.420774
 20
-1955.458183
  0
POINT
  8
3
 10
-59116.583824
 20
-1945.100726
  0
POINT
  8
3
 10
-59116.750506
 20
-1935.029071
  0
POINT
  8
3
 10
-59116.929999
 20
-1924.671898
  0
POINT
  8
3
 10
-59117.116819
 20
-1914.314878
  0
POINT
  8
3
 10
-59117.304681
 20
-1904.242544
  0
POINT
  8
3
 10
-59117.504370
 20
-1893.885756
  0
POINT
  8
3
 10
-59117.712842
 20
-1883.529165
  0
POINT
  8
3
 10
-59117.926327
 20
-1873.456284
  0
POINT
  8
3
 10
-59118.158446
 20
-1863.100165
  0
POINT
  8
3
 10
-59118.402304
 20
-1852.744322
  0
POINT
  8
3
 10
-59118.656242
 20
-1842.388713
  0
POINT
  8
3
 10
-59118.911628
 20
-1832.314907
  0
POINT
  8
3
 10
-59119.183154
 20
-1821.959716
  0
POINT
  8
3
 10
-59119.464934
 20
-1811.604850
  0
POINT
  8
3
 10
-59119.750035
 20
-1801.530005
  0
POINT
  8
3
 10
-59120.055368
 20
-1791.175830
  0
POINT
  8
3
 10
-59120.374255
 20
-1780.822031
  0
POINT
  8
3
 10
-59120.698136
 20
-1770.759235
  0
POINT
  8
3
 10
-59121.041777
 20
-1760.479415
  0
POINT
  8
3
 10
-59121.391188
 20
-1750.319665
  0
POINT
  8
3
 10
-59121.674805
 20
-1742.265015
  0
POINT
  8
3
 10
-59121.935213
 20
-1731.886227
  0
POINT
  8
3
 10
-59122.207002
 20
-1721.695712
  0
POINT
  8
3
 10
-59122.494930
 20
-1711.575500
  0
POINT
  8
3
 10
-59122.811774
 20
-1701.293453
  0
POINT
  8
3
 10
-59123.156573
 20
-1690.989450
  0
POINT
  8
3
 10
-59123.529880
 20
-1680.686420
  0
POINT
  8
3
 10
-59123.924646
 20
-1670.596896
  0
POINT
  8
3
 10
-59124.360539
 20
-1660.296307
  0
POINT
  8
3
 10
-59124.833068
 20
-1649.997332
  0
POINT
  8
3
 10
-59125.334574
 20
-1639.915100
  0
POINT
  8
3
 10
-59125.889719
 20
-1629.620237
  0
POINT
  8
3
 10
-59126.491556
 20
-1619.328015
  0
POINT
  8
3
 10
-59127.128686
 20
-1609.257227
  0
POINT
  8
3
 10
-59127.830222
 20
-1598.971296
  0
POINT
  8
3
 10
-59128.583989
 20
-1588.689027
  0
POINT
  8
3
 10
-59129.373685
 20
-1578.632657
  0
POINT
  8
3
 10
-59130.238377
 20
-1568.359092
  0
POINT
  8
3
 10
-59131.166211
 20
-1558.091045
  0
POINT
  8
3
 10
-59132.141319
 20
-1548.030804
  0
POINT
  8
3
 10
-59133.204486
 20
-1537.775792
  0
POINT
  8
3
 10
-59134.337866
 20
-1527.528340
  0
POINT
  8
3
 10
-59135.516517
 20
-1517.504998
  0
POINT
  8
3
 10
-59136.793220
 20
-1507.274496
  0
POINT
  8
3
 10
-59138.145564
 20
-1497.053726
  0
POINT
  8
3
 10
-59139.544579
 20
-1487.060707
  0
POINT
  8
3
 10
-59141.053656
 20
-1476.861816
  0
POINT
  8
3
 10
-59142.645881
 20
-1466.675524
  0
POINT
  8
3
 10
-59144.279823
 20
-1456.763004
  0
POINT
  8
3
 10
-59145.981198
 20
-1446.954846
  0
POINT
  8
3
 10
-59147.701267
 20
-1437.511113
  0
POINT
  8
3
 10
-59149.501139
 20
-1428.082142
  0
POINT
  8
3
 10
-59151.387401
 20
-1418.644212
  0
POINT
  8
3
 10
-59153.350726
 20
-1409.247840
  0
POINT
  8
3
 10
-59155.396278
 20
-1399.869144
  0
POINT
  8
3
 10
-59157.497657
 20
-1390.624229
  0
POINT
  8
3
 10
-59159.891782
 20
-1380.491545
  0
POINT
  8
3
 10
-59162.282618
 20
-1370.661310
  0
POINT
  8
3
 10
-59161.251521
 20
-1363.508518
  0
POINT
  8
3
 10
-59158.775254
 20
-1362.175322
  0
POINT
  8
3
 10
-59156.260590
 20
-1360.721795
  0
POINT
  8
3
 10
-59154.015211
 20
-1359.328849
  0
POINT
  8
3
 10
-59151.864673
 20
-1357.894449
  0
POINT
  8
3
 10
-59149.880787
 20
-1356.463176
  0
POINT
  8
3
 10
-59148.051078
 20
-1355.026866
  0
POINT
  8
3
 10
-59146.331274
 20
-1353.558069
  0
POINT
  8
3
 10
-59144.673095
 20
-1352.017432
  0
POINT
  8
3
 10
-59143.224463
 20
-1350.556010
  0
POINT
  8
3
 10
-59141.836750
 20
-1349.038026
  0
POINT
  8
3
 10
-59140.514715
 20
-1347.464817
  0
POINT
  8
3
 10
-59139.263111
 20
-1345.837720
  0
POINT
  8
3
 10
-59138.104474
 20
-1344.184732
  0
POINT
  8
3
 10
-59137.004447
 20
-1342.455628
  0
POINT
  8
3
 10
-59135.979538
 20
-1340.680673
  0
POINT
  8
3
 10
-59135.026576
 20
-1338.864575
  0
POINT
  8
3
 10
-59134.057635
 20
-1336.824968
  0
POINT
  8
3
 10
-59133.167698
 20
-1334.747542
  0
POINT
  8
3
 10
-59132.282001
 20
-1332.445488
  0
POINT
  8
3
 10
-59131.479827
 20
-1330.114019
  0
POINT
  8
3
 10
-59130.707450
 20
-1327.593919
  0
POINT
  8
3
 10
-59130.010368
 20
-1325.022784
  0
POINT
  8
3
 10
-59129.347217
 20
-1322.233540
  0
POINT
  8
3
 10
-59128.766843
 20
-1319.426696
  0
POINT
  8
3
 10
-59128.227533
 20
-1316.403870
  0
POINT
  8
3
 10
-59127.736773
 20
-1313.177854
  0
POINT
  8
3
 10
-59127.273290
 20
-1309.568856
  0
POINT
  8
3
 10
-59126.828656
 20
-1305.424340
  0
POINT
  8
3
 10
-59126.442554
 20
-1301.028908
  0
POINT
  8
3
 10
-59098.257944
 20
-1152.527340
  0
POINT
  8
3
 10
-59088.129739
 20
-1152.693921
  0
POINT
  8
3
 10
-59078.056991
 20
-1152.835158
  0
POINT
  8
3
 10
-59067.803530
 20
-1152.941917
  0
POINT
  8
3
 10
-59057.549836
 20
-1152.988240
  0
POINT
  8
3
 10
-59047.979798
 20
-1152.954661
  0
POINT
  8
3
 10
-59039.435411
 20
-1152.844858
  0
POINT
  8
3
 10
-59031.188754
 20
-1152.654513
  0
POINT
  8
3
 10
-59023.330517
 20
-1152.389911
  0
POINT
  8
3
 10
-59019.819336
 20
-1152.212296
  0
POINT
  8
3
 10
-59015.817077
 20
-1152.056732
  0
POINT
  8
3
 10
-59008.308020
 20
-1151.641354
  0
POINT
  8
3
 10
-59000.862485
 20
-1151.145220
  0
POINT
  8
3
 10
-58993.365000
 20
-1150.562743
  0
POINT
  8
3
 10
-58985.533713
 20
-1149.869102
  0
POINT
  8
3
 10
-58977.710039
 20
-1149.092883
  0
POINT
  8
3
 10
-58969.524948
 20
-1148.195006
  0
POINT
  8
3
 10
-58961.379939
 20
-1147.214098
  0
POINT
  8
3
 10
-58953.584901
 20
-1146.192361
  0
POINT
  8
3
 10
-58945.801340
 20
-1145.089846
  0
POINT
  8
3
 10
-58936.936857
 20
-1143.741835
  0
POINT
  8
3
 10
-58879.397143
 20
-1310.677875
  0
POINT
  8
3
 10
-58879.645255
 20
-1321.033796
  0
POINT
  8
3
 10
-58879.953232
 20
-1330.646105
  0
POINT
  8
3
 10
-58880.299053
 20
-1339.047357
  0
POINT
  8
3
 10
-58880.749824
 20
-1347.864890
  0
POINT
  8
3
 10
-58881.308025
 20
-1357.078994
  0
POINT
  8
3
 10
-58882.002085
 20
-1367.089063
  0
POINT
  8
3
 10
-58882.769398
 20
-1377.056743
  0
POINT
  8
3
 10
-58883.594686
 20
-1387.065640
  0
POINT
  8
3
 10
-58884.649817
 20
-1400.155976
  0
POINT
  8
3
 10
-58885.493510
 20
-1410.278407
  0
POINT
  8
3
 10
-58886.388441
 20
-1420.479188
  0
POINT
  8
3
 10
-58887.328081
 20
-1430.547504
  0
POINT
  8
3
 10
-58888.320637
 20
-1440.630242
  0
POINT
  8
3
 10
-58889.352509
 20
-1450.709104
  0
POINT
  8
3
 10
-58890.407130
 20
-1460.732835
  0
POINT
  8
3
 10
-58891.488916
 20
-1470.806225
  0
POINT
  8
3
 10
-58892.587353
 20
-1480.877767
  0
POINT
  8
3
 10
-58893.691467
 20
-1490.895695
  0
POINT
  8
3
 10
-58894.807172
 20
-1500.965350
  0
POINT
  8
3
 10
-58895.922920
 20
-1511.035025
  0
POINT
  8
3
 10
-58897.036041
 20
-1521.130494
  0
POINT
  8
3
 10
-58898.138243
 20
-1531.201715
  0
POINT
  8
3
 10
-58899.230761
 20
-1541.274003
  0
POINT
  8
3
 10
-58900.306750
 20
-1551.300245
  0
POINT
  8
3
 10
-58901.372712
 20
-1561.375402
  0
POINT
  8
3
 10
-58902.419064
 20
-1571.452623
  0
POINT
  8
3
 10
-58903.436772
 20
-1581.485849
  0
POINT
  8
3
 10
-58904.431627
 20
-1591.568374
  0
POINT
  8
3
 10
-58905.395509
 20
-1601.653913
  0
POINT
  8
3
 10
-58906.320960
 20
-1611.693048
  0
POINT
  8
3
 10
-58907.216766
 20
-1621.784810
  0
POINT
  8
3
 10
-58908.079072
 20
-1631.879447
  0
POINT
  8
3
 10
-58908.900423
 20
-1641.874185
  0
POINT
  8
3
 10
-58909.698582
 20
-1651.974031
  0
POINT
  8
3
 10
-58910.465903
 20
-1662.076238
  0
POINT
  8
3
 10
-58911.211142
 20
-1672.286257
  0
POINT
  8
3
 10
-58911.923641
 20
-1682.392434
  0
POINT
  8
3
 10
-58912.618663
 20
-1692.499948
  0
POINT
  8
3
 10
-58913.299366
 20
-1702.555257
  0
POINT
  8
3
 10
-58913.964421
 20
-1712.665007
  0
POINT
  8
3
 10
-58914.587095
 20
-1722.777217
  0
POINT
  8
3
 10
-58915.147479
 20
-1732.950568
  0
POINT
  8
3
 10
-58915.600586
 20
-1742.253571
  0
POINT
  8
3
 10
-58915.651649
 20
-1744.219640
  0
POINT
  8
3
 10
-58915.862991
 20
-1754.172344
  0
POINT
  8
3
 10
-58916.080100
 20
-1764.321142
  0
POINT
  8
3
 10
-58916.301206
 20
-1774.569518
  0
POINT
  8
3
 10
-58916.526983
 20
-1784.924571
  0
POINT
  8
3
 10
-58916.749000
 20
-1795.032848
  0
POINT
  8
3
 10
-58916.971304
 20
-1805.141123
  0
POINT
  8
3
 10
-58917.194427
 20
-1815.332371
  0
POINT
  8
3
 10
-58917.414263
 20
-1825.440698
  0
POINT
  8
3
 10
-58917.633009
 20
-1835.549047
  0
POINT
  8
3
 10
-58917.851078
 20
-1845.657369
  0
POINT
  8
3
 10
-58918.073862
 20
-1855.996354
  0
POINT
  8
3
 10
-58918.291896
 20
-1866.104712
  0
POINT
  8
3
 10
-58918.510630
 20
-1876.213055
  0
POINT
  8
3
 10
-58918.732859
 20
-1886.428430
  0
POINT
  8
3
 10
-58918.953851
 20
-1896.536729
  0
POINT
  8
3
 10
-58919.175302
 20
-1906.644998
  0
POINT
  8
3
 10
-58919.399931
 20
-1916.907361
  0
POINT
  8
3
 10
-58919.620479
 20
-1927.015636
  0
POINT
  8
3
 10
-58919.840248
 20
-1937.123921
  0
POINT
  8
3
 10
-58920.059250
 20
-1947.232239
  0
POINT
  8
3
 10
-58920.278807
 20
-1957.400449
  0
POINT
  8
3
 10
-58920.496755
 20
-1967.508770
  0
POINT
  8
3
 10
-58920.715145
 20
-1977.617100
  0
POINT
  8
3
 10
-58920.934738
 20
-1987.725384
  0
POINT
  8
3
 10
-58921.161732
 20
-1998.090352
  0
POINT
  8
3
 10
-58921.384071
 20
-2008.198577
  0
POINT
  8
3
 10
-58921.606034
 20
-2018.306839
  0
POINT
  8
3
 10
-58921.824262
 20
-2028.320474
  0
POINT
  8
3
 10
-58922.042525
 20
-2038.428824
  0
POINT
  8
3
 10
-58922.259933
 20
-2048.537205
  0
POINT
  8
3
 10
-58922.477814
 20
-2058.645555
  0
POINT
  8
3
 10
-58922.700725
 20
-2068.913419
  0
POINT
  8
3
 10
-58922.921371
 20
-2079.021681
  0
POINT
  8
3
 10
-58923.142339
 20
-2089.129928
  0
POINT
  8
3
 10
-58923.367333
 20
-2099.447650
  0
POINT
  8
3
 10
-58923.586937
 20
-2109.555934
  0
POINT
  8
3
 10
-58923.806167
 20
-2119.664231
  0
POINT
  8
3
 10
-58924.025511
 20
-2129.772536
  0
POINT
  8
3
 10
-58924.250021
 20
-2140.093121
  0
POINT
  8
3
 10
-58924.474336
 20
-2150.378309
  0
POINT
  8
3
 10
-58924.695724
 20
-2160.508442
  0
POINT
  8
3
 10
-58924.926758
 20
-2171.058502
  0
POINT
  8
3
 10
-58935.324479
 20
-2171.058502
  0
POINT
  8
3
 10
-58945.509195
 20
-2171.058502
  0
POINT
  8
3
 10
-58955.789650
 20
-2171.058502
  0
POINT
  8
3
 10
-58965.854634
 20
-2171.058502
  0
POINT
  8
3
 10
-58976.051655
 20
-2171.058502
  0
POINT
  8
3
 10
-58986.244910
 20
-2171.058502
  0
POINT
  8
3
 10
-58996.438087
 20
-2171.058502
  0
POINT
  8
3
 10
-59006.631209
 20
-2171.058502
  0
POINT
  8
3
 10
-59016.999904
 20
-2171.058502
  0
POINT
  8
3
 10
-59027.192973
 20
-2171.058502
  0
POINT
  8
3
 10
-59037.386132
 20
-2171.058502
  0
POINT
  8
3
 10
-59047.579446
 20
-2171.058502
  0
POINT
  8
3
 10
-59057.915950
 20
-2171.058502
  0
POINT
  8
3
 10
-59068.109648
 20
-2171.058502
  0
POINT
  8
3
 10
-59078.303389
 20
-2171.058502
  0
POINT
  8
3
 10
-59088.497028
 20
-2171.058502
  0
POINT
  8
3
 10
-59098.605230
 20
-2171.058502
  0
POINT
  8
3
 10
-59108.592819
 20
-2171.058502
  0
POINT
  8
4
 10
-59114.248047
 20
-2171.058502
 30
1.000000
 50
  0.00
  0
TEXT
  8
4
 10
-59114.248047
 20
-2171.058502
 40
0.000000
 50
0.000000
  1
# 396
  0
POINT
  8
4
 10
-59121.674805
 20
-1742.265015
 30
1.000000
 50
  2.05
  0
TEXT
  8
4
 10
-59121.674805
 20
-1742.265015
 40
0.000000
 50
0.000000
  1
# 397
  0
POINT
  8
4
 10
-59019.819336
 20
-1152.212296
 30
1.000000
 50
270.00
  0
TEXT
  8
4
 10
-59019.819336
 20
-1152.212296
 40
0.000000
 50
0.000000
  1
# 398
  0
POINT
  8
4
 10
-58915.600586
 20
-1742.253571
 30
1.000000
 50
177.34
  0
TEXT
  8
4
 10
-58915.600586
 20
-1742.253571
 40
0.000000
 50
0.000000
  1
# 399
  0
POINT
  8
4
 10
-58924.926758
 20
-2171.058502
 30
1.000000
 50
180.00
  0
TEXT
  8
4
 10
-58924.926758
 20
-2171.058502
 40
0.000000
 50
0.000000
  1
# 400
  0
POLYLINE
  8
8
  66
1
  70
0
  0
VERTEX
  8
8
  10
-59019.819336
  20
-2171.058502
  0
VERTEX
  8
8
  10
-59019.819336
  20
-1152.224503
  0
SEQEND
  8
8
  0
POINT
  8
2
 10
-59019.819336
 20
-2171.058502
  0
TEXT
  8
2
 10
-59019.819336
 20
-2171.058502
 40
0.000000
 50
0.000000
  1
# 401
  0
POINT
  8
2
 10
-59019.819336
 20
-1152.224503
  0
TEXT
  8
2
 10
-59019.819336
 20
-1152.224503
 40
0.000000
 50
0.000000
  1
# 402
  0
POLYLINE
  8
8
  66
1
  70
0
  0
VERTEX
  8
8
  10
-59121.669922
  20
-1742.264404
  0
VERTEX
  8
8
  10
-58915.605469
  20
-1742.264404
  0
SEQEND
  8
8
  0
POINT
  8
2
 10
-59121.669922
 20
-1742.264404
  0
TEXT
  8
2
 10
-59121.669922
 20
-1742.264404
 40
0.000000
 50
0.000000
  1
# 403
  0
POINT
  8
2
 10
-58915.605469
 20
-1742.264404
  0
TEXT
  8
2
 10
-58915.605469
 20
-1742.264404
 40
0.000000
 50
0.000000
  1
# 404
 0
LINE
 8
7
 10
-59023.945313
 20
-1296.967010
 11
-59023.945313
 21
-1990.205078
  0
TEXT
  8
1
 10
-59022.265625
 20
-1669.042130
 40
10.000000
 50
0.000000
  1
Piece Name: 26SMC-WP115M 展_左前片_175/84
  0
TEXT
  8
1
 10
-59022.265625
 20
-1654.042130
 40
10.000000
 50
0.000000
  1
Size: 175/84
  0
TEXT
  8
1
 10
-59022.265625
 20
-1639.042130
 40
10.000000
 50
0.000000
  1
Annotation: 
  0
TEXT
  8
1
 10
-59022.265625
 20
-1624.042130
 40
10.000000
 50
0.000000
  1
Quantity: 1
  0
TEXT
  8
1
 10
-59022.265625
 20
-1609.042130
 40
10.000000
 50
0.000000
  1
Material: 面
  0
TEXT
  8
1
 10
-59022.265625
 20
-1609.042130
 40
10.000000
 50
0.000000
  1
Category: 7
0
ENDBLK
0
BLOCK
  8
1
  2
26SMC-WP115M 展_后袋衬_175/84
 70
0
 10
0.0
 20
0.0
  0
POLYLINE
  8
1
  66
1
  70
1
  0
VERTEX
  8
1
  10
-61102.578125
  20
-1181.872787
  0
VERTEX
  8
1
  10
-61102.578125
  20
-1171.268234
  0
VERTEX
  8
1
  10
-61102.578125
  20
-1160.722504
  0
VERTEX
  8
1
  10
-61102.578125
  20
-1150.265884
  0
VERTEX
  8
1
  10
-61102.578125
  20
-1140.117035
  0
VERTEX
  8
1
  10
-61102.578125
  20
-1130.069351
  0
VERTEX
  8
1
  10
-61102.578125
  20
-1120.061417
  0
VERTEX
  8
1
  10
-61102.578125
  20
-1116.887436
  0
VERTEX
  8
1
  10
-61092.080078
  20
-1116.887436
  0
VERTEX
  8
1
  10
-61081.918945
  20
-1116.887436
  0
VERTEX
  8
1
  10
-61071.660156
  20
-1116.887436
  0
VERTEX
  8
1
  10
-61061.318359
  20
-1116.887436
  0
VERTEX
  8
1
  10
-61051.010742
  20
-1116.887436
  0
VERTEX
  8
1
  10
-61040.703125
  20
-1116.887436
  0
VERTEX
  8
1
  10
-61030.571289
  20
-1116.887436
  0
VERTEX
  8
1
  10
-61020.263672
  20
-1116.887436
  0
VERTEX
  8
1
  10
-61009.956055
  20
-1116.887436
  0
VERTEX
  8
1
  10
-60999.736328
  20
-1116.887436
  0
VERTEX
  8
1
  10
-60989.428711
  20
-1116.887436
  0
VERTEX
  8
1
  10
-60979.125977
  20
-1116.887436
  0
VERTEX
  8
1
  10
-60969.028320
  20
-1116.887436
  0
VERTEX
  8
1
  10
-60958.720703
  20
-1116.887436
  0
VERTEX
  8
1
  10
-60948.413086
  20
-1116.887436
  0
VERTEX
  8
1
  10
-60938.105469
  20
-1116.887436
  0
VERTEX
  8
1
  10
-60927.836914
  20
-1116.887436
  0
VERTEX
  8
1
  10
-60917.856445
  20
-1116.887436
  0
VERTEX
  8
1
  10
-60912.578125
  20
-1116.887436
  0
VERTEX
  8
1
  10
-60912.578125
  20
-1127.494278
  0
VERTEX
  8
1
  10
-60912.578125
  20
-1137.718658
  0
VERTEX
  8
1
  10
-60912.578125
  20
-1148.163681
  0
VERTEX
  8
1
  10
-60912.578125
  20
-1158.166504
  0
VERTEX
  8
1
  10
-60912.578125
  20
-1168.175278
  0
VERTEX
  8
1
  10
-60912.578125
  20
-1178.038483
  0
VERTEX
  8
1
  10
-60912.578125
  20
-1181.886673
  0
VERTEX
  8
1
  10
-60922.993164
  20
-1181.885910
  0
VERTEX
  8
1
  10
-60933.173828
  20
-1181.885147
  0
VERTEX
  8
1
  10
-60943.388672
  20
-1181.884460
  0
VERTEX
  8
1
  10
-60953.901367
  20
-1181.883621
  0
VERTEX
  8
1
  10
-60964.028320
  20
-1181.882935
  0
VERTEX
  8
1
  10
-60974.150391
  20
-1181.882172
  0
VERTEX
  8
1
  10
-60984.277344
  20
-1181.881409
  0
VERTEX
  8
1
  10
-60994.404297
  20
-1181.880646
  0
VERTEX
  8
1
  10
-61004.692383
  20
-1181.879883
  0
VERTEX
  8
1
  10
-61014.819336
  20
-1181.879196
  0
VERTEX
  8
1
  10
-61024.941406
  20
-1181.878433
  0
VERTEX
  8
1
  10
-61035.166016
  20
-1181.877670
  0
VERTEX
  8
1
  10
-61045.292969
  20
-1181.876984
  0
VERTEX
  8
1
  10
-61055.415039
  20
-1181.876221
  0
VERTEX
  8
1
  10
-61065.527344
  20
-1181.875458
  0
VERTEX
  8
1
  10
-61075.517578
  20
-1181.874771
  0
VERTEX
  8
1
  10
-61085.483398
  20
-1181.874008
  0
VERTEX
  8
1
  10
-61095.581055
  20
-1181.873322
  0
SEQEND
  8
1
  0
POINT
  8
2
 10
-61102.578125
 20
-1181.872787
  0
TEXT
  8
2
 10
-61102.578125
 20
-1181.872787
 40
0.000000
 50
0.000000
  1
# 405
  0
POINT
  8
2
 10
-61102.578125
 20
-1116.887436
  0
TEXT
  8
2
 10
-61102.578125
 20
-1116.887436
 40
0.000000
 50
0.000000
  1
# 406
  0
POINT
  8
2
 10
-60912.578125
 20
-1116.887436
  0
TEXT
  8
2
 10
-60912.578125
 20
-1116.887436
 40
0.000000
 50
0.000000
  1
# 407
  0
POINT
  8
2
 10
-60912.578125
 20
-1181.886673
  0
TEXT
  8
2
 10
-60912.578125
 20
-1181.886673
 40
0.000000
 50
0.000000
  1
# 408
  0
POINT
  8
3
 10
-61102.578125
 20
-1171.268234
  0
POINT
  8
3
 10
-61102.578125
 20
-1160.722504
  0
POINT
  8
3
 10
-61102.578125
 20
-1150.265884
  0
POINT
  8
3
 10
-61102.578125
 20
-1140.117035
  0
POINT
  8
3
 10
-61102.578125
 20
-1130.069351
  0
POINT
  8
3
 10
-61102.578125
 20
-1120.061417
  0
POINT
  8
3
 10
-61092.080078
 20
-1116.887436
  0
POINT
  8
3
 10
-61081.918945
 20
-1116.887436
  0
POINT
  8
3
 10
-61071.660156
 20
-1116.887436
  0
POINT
  8
3
 10
-61061.318359
 20
-1116.887436
  0
POINT
  8
3
 10
-61051.010742
 20
-1116.887436
  0
POINT
  8
3
 10
-61040.703125
 20
-1116.887436
  0
POINT
  8
3
 10
-61030.571289
 20
-1116.887436
  0
POINT
  8
3
 10
-61020.263672
 20
-1116.887436
  0
POINT
  8
3
 10
-61009.956055
 20
-1116.887436
  0
POINT
  8
3
 10
-60999.736328
 20
-1116.887436
  0
POINT
  8
3
 10
-60989.428711
 20
-1116.887436
  0
POINT
  8
3
 10
-60979.125977
 20
-1116.887436
  0
POINT
  8
3
 10
-60969.028320
 20
-1116.887436
  0
POINT
  8
3
 10
-60958.720703
 20
-1116.887436
  0
POINT
  8
3
 10
-60948.413086
 20
-1116.887436
  0
POINT
  8
3
 10
-60938.105469
 20
-1116.887436
  0
POINT
  8
3
 10
-60927.836914
 20
-1116.887436
  0
POINT
  8
3
 10
-60917.856445
 20
-1116.887436
  0
POINT
  8
3
 10
-60912.578125
 20
-1127.494278
  0
POINT
  8
3
 10
-60912.578125
 20
-1137.718658
  0
POINT
  8
3
 10
-60912.578125
 20
-1148.163681
  0
POINT
  8
3
 10
-60912.578125
 20
-1158.166504
  0
POINT
  8
3
 10
-60912.578125
 20
-1168.175278
  0
POINT
  8
3
 10
-60912.578125
 20
-1178.038483
  0
POINT
  8
3
 10
-60922.993164
 20
-1181.885910
  0
POINT
  8
3
 10
-60933.173828
 20
-1181.885147
  0
POINT
  8
3
 10
-60943.388672
 20
-1181.884460
  0
POINT
  8
3
 10
-60953.901367
 20
-1181.883621
  0
POINT
  8
3
 10
-60964.028320
 20
-1181.882935
  0
POINT
  8
3
 10
-60974.150391
 20
-1181.882172
  0
POINT
  8
3
 10
-60984.277344
 20
-1181.881409
  0
POINT
  8
3
 10
-60994.404297
 20
-1181.880646
  0
POINT
  8
3
 10
-61004.692383
 20
-1181.879883
  0
POINT
  8
3
 10
-61014.819336
 20
-1181.879196
  0
POINT
  8
3
 10
-61024.941406
 20
-1181.878433
  0
POINT
  8
3
 10
-61035.166016
 20
-1181.877670
  0
POINT
  8
3
 10
-61045.292969
 20
-1181.876984
  0
POINT
  8
3
 10
-61055.415039
 20
-1181.876221
  0
POINT
  8
3
 10
-61065.527344
 20
-1181.875458
  0
POINT
  8
3
 10
-61075.517578
 20
-1181.874771
  0
POINT
  8
3
 10
-61085.483398
 20
-1181.874008
  0
POINT
  8
3
 10
-61095.581055
 20
-1181.873322
 0
LINE
 8
7
 10
-61068.232422
 20
-1154.266052
 11
-60937.534180
 21
-1154.266052
  0
TEXT
  8
1
 10
-61007.578125
 20
-1149.387054
 40
10.000000
 50
0.000000
  1
Piece Name: 26SMC-WP115M 展_后袋衬_175/84
  0
TEXT
  8
1
 10
-61007.578125
 20
-1134.387054
 40
10.000000
 50
0.000000
  1
Size: 175/84
  0
TEXT
  8
1
 10
-61007.578125
 20
-1119.387054
 40
10.000000
 50
0.000000
  1
Annotation: 
  0
TEXT
  8
1
 10
-61007.578125
 20
-1104.387054
 40
10.000000
 50
0.000000
  1
Quantity: 1,1
  0
TEXT
  8
1
 10
-61007.578125
 20
-1089.387054
 40
10.000000
 50
0.000000
  1
Material: 衬 
  0
TEXT
  8
1
 10
-61007.578125
 20
-1089.387054
 40
10.000000
 50
0.000000
  1
Category: 8
0
ENDBLK
0
BLOCK
  8
1
  2
26SMC-WP115M 展_后袋布_175/84
 70
0
 10
0.0
 20
0.0
  0
POLYLINE
  8
1
  66
1
  70
1
  0
VERTEX
  8
1
  10
-60507.861328
  20
-1544.686127
  0
VERTEX
  8
1
  10
-60507.885742
  20
-1539.794769
  0
VERTEX
  8
1
  10
-60507.822266
  20
-1534.531403
  0
VERTEX
  8
1
  10
-60507.675781
  20
-1529.346313
  0
VERTEX
  8
1
  10
-60507.451172
  20
-1524.173584
  0
VERTEX
  8
1
  10
-60507.153320
  20
-1519.322815
  0
VERTEX
  8
1
  10
-60506.791992
  20
-1514.761505
  0
VERTEX
  8
1
  10
-60506.391602
  20
-1510.688019
  0
VERTEX
  8
1
  10
-60505.898438
  20
-1506.521454
  0
VERTEX
  8
1
  10
-60505.371094
  20
-1502.827301
  0
VERTEX
  8
1
  10
-60504.794922
  20
-1499.377441
  0
VERTEX
  8
1
  10
-60504.135742
  20
-1495.945435
  0
VERTEX
  8
1
  10
-60503.437500
  20
-1492.762451
  0
VERTEX
  8
1
  10
-60502.705078
  20
-1489.827728
  0
VERTEX
  8
1
  10
-60501.894531
  20
-1486.916199
  0
VERTEX
  8
1
  10
-60500.996094
  20
-1484.031219
  0
VERTEX
  8
1
  10
-60500.019531
  20
-1481.198120
  0
VERTEX
  8
1
  10
-60498.872070
  20
-1478.152618
  0
VERTEX
  8
1
  10
-60497.475586
  20
-1474.712067
  0
VERTEX
  8
1
  10
-60495.903320
  20
-1471.085510
  0
VERTEX
  8
1
  10
-60494.072266
  20
-1467.067566
  0
VERTEX
  8
1
  10
-60491.782227
  20
-1462.271271
  0
VERTEX
  8
1
  10
-60489.174805
  20
-1456.961517
  0
VERTEX
  8
1
  10
-60477.275391
  20
-1456.961517
  0
VERTEX
  8
1
  10
-60465.932617
  20
-1456.961517
  0
VERTEX
  8
1
  10
-60454.057617
  20
-1456.961517
  0
VERTEX
  8
1
  10
-60443.002930
  20
-1456.961517
  0
VERTEX
  8
1
  10
-60431.181641
  20
-1456.961517
  0
VERTEX
  8
1
  10
-60418.876953
  20
-1456.961517
  0
VERTEX
  8
1
  10
-60406.352539
  20
-1456.961517
  0
VERTEX
  8
1
  10
-60396.357422
  20
-1456.961517
  0
VERTEX
  8
1
  10
-60384.125977
  20
-1456.961517
  0
VERTEX
  8
1
  10
-60372.436523
  20
-1456.961517
  0
VERTEX
  8
1
  10
-60361.567383
  20
-1456.961517
  0
VERTEX
  8
1
  10
-60351.787109
  20
-1456.961517
  0
VERTEX
  8
1
  10
-60341.870117
  20
-1456.961517
  0
VERTEX
  8
1
  10
-60331.704102
  20
-1456.961517
  0
VERTEX
  8
1
  10
-60328.544922
  20
-1456.961517
  0
VERTEX
  8
1
  10
-60326.040039
  20
-1461.987152
  0
VERTEX
  8
1
  10
-60323.808594
  20
-1466.660614
  0
VERTEX
  8
1
  10
-60321.889648
  20
-1470.865173
  0
VERTEX
  8
1
  10
-60320.317383
  20
-1474.513702
  0
VERTEX
  8
1
  10
-60318.999023
  20
-1477.777405
  0
VERTEX
  8
1
  10
-60317.836914
  20
-1480.852203
  0
VERTEX
  8
1
  10
-60316.782227
  20
-1483.895416
  0
VERTEX
  8
1
  10
-60315.864258
  20
-1486.804657
  0
VERTEX
  8
1
  10
-60315.039063
  20
-1489.689941
  0
VERTEX
  8
1
  10
-60314.287109
  20
-1492.645721
  0
VERTEX
  8
1
  10
-60313.564453
  20
-1495.851440
  0
VERTEX
  8
1
  10
-60312.929688
  20
-1499.077301
  0
VERTEX
  8
1
  10
-60312.333984
  20
-1502.552338
  0
VERTEX
  8
1
  10
-60311.826172
  20
-1506.042938
  0
VERTEX
  8
1
  10
-60311.367188
  20
-1509.779205
  0
VERTEX
  8
1
  10
-60310.966797
  20
-1513.758392
  0
VERTEX
  8
1
  10
-60310.620117
  20
-1518.027039
  0
VERTEX
  8
1
  10
-60310.332031
  20
-1522.654572
  0
VERTEX
  8
1
  10
-60310.097656
  20
-1527.763824
  0
VERTEX
  8
1
  10
-60309.931641
  20
-1533.251648
  0
VERTEX
  8
1
  10
-60309.848633
  20
-1538.681183
  0
VERTEX
  8
1
  10
-60309.853516
  20
-1544.349518
  0
VERTEX
  8
1
  10
-60309.853516
  20
-1553.888702
  0
VERTEX
  8
1
  10
-60309.853516
  20
-1563.979797
  0
VERTEX
  8
1
  10
-60309.853516
  20
-1574.213104
  0
VERTEX
  8
1
  10
-60309.853516
  20
-1584.521637
  0
VERTEX
  8
1
  10
-60309.853516
  20
-1594.830017
  0
VERTEX
  8
1
  10
-60309.853516
  20
-1595.059814
  0
VERTEX
  8
1
  10
-60309.853516
  20
-1605.017700
  0
VERTEX
  8
1
  10
-60309.853516
  20
-1615.326233
  0
VERTEX
  8
1
  10
-60309.853516
  20
-1625.634613
  0
VERTEX
  8
1
  10
-60309.853516
  20
-1635.830231
  0
VERTEX
  8
1
  10
-60309.853516
  20
-1646.138611
  0
VERTEX
  8
1
  10
-60309.853516
  20
-1656.314545
  0
VERTEX
  8
1
  10
-60309.853516
  20
-1666.622925
  0
VERTEX
  8
1
  10
-60309.853516
  20
-1676.931458
  0
VERTEX
  8
1
  10
-60309.853516
  20
-1687.239380
  0
VERTEX
  8
1
  10
-60309.853516
  20
-1697.493134
  0
VERTEX
  8
1
  10
-60309.853516
  20
-1707.830658
  0
VERTEX
  8
1
  10
-60309.853516
  20
-1718.168182
  0
VERTEX
  8
1
  10
-60309.853516
  20
-1728.421936
  0
VERTEX
  8
1
  10
-60309.853516
  20
-1738.729858
  0
VERTEX
  8
1
  10
-60309.853516
  20
-1749.038391
  0
VERTEX
  8
1
  10
-60309.853516
  20
-1759.346771
  0
VERTEX
  8
1
  10
-60309.853516
  20
-1769.522705
  0
VERTEX
  8
1
  10
-60309.853516
  20
-1779.831085
  0
VERTEX
  8
1
  10
-60309.853516
  20
-1790.026703
  0
VERTEX
  8
1
  10
-60309.853516
  20
-1800.335083
  0
VERTEX
  8
1
  10
-60309.853516
  20
-1810.643616
  0
VERTEX
  8
1
  10
-60309.853516
  20
-1820.601501
  0
VERTEX
  8
1
  10
-60309.853516
  20
-1820.831299
  0
VERTEX
  8
1
  10
-60309.853516
  20
-1831.139679
  0
VERTEX
  8
1
  10
-60309.853516
  20
-1841.448212
  0
VERTEX
  8
1
  10
-60309.853516
  20
-1851.681519
  0
VERTEX
  8
1
  10
-60309.853516
  20
-1861.772614
  0
VERTEX
  8
1
  10
-60309.853516
  20
-1871.311798
  0
VERTEX
  8
1
  10
-60309.848633
  20
-1876.980133
  0
VERTEX
  8
1
  10
-60309.931641
  20
-1882.409668
  0
VERTEX
  8
1
  10
-60310.097656
  20
-1887.897491
  0
VERTEX
  8
1
  10
-60310.332031
  20
-1893.006744
  0
VERTEX
  8
1
  10
-60310.620117
  20
-1897.634277
  0
VERTEX
  8
1
  10
-60310.966797
  20
-1901.902924
  0
VERTEX
  8
1
  10
-60311.367188
  20
-1905.882111
  0
VERTEX
  8
1
  10
-60311.826172
  20
-1909.618378
  0
VERTEX
  8
1
  10
-60312.333984
  20
-1913.108978
  0
VERTEX
  8
1
  10
-60312.929688
  20
-1916.584015
  0
VERTEX
  8
1
  10
-60313.564453
  20
-1919.809875
  0
VERTEX
  8
1
  10
-60314.287109
  20
-1923.015594
  0
VERTEX
  8
1
  10
-60315.039063
  20
-1925.971375
  0
VERTEX
  8
1
  10
-60315.864258
  20
-1928.856659
  0
VERTEX
  8
1
  10
-60316.782227
  20
-1931.765900
  0
VERTEX
  8
1
  10
-60317.836914
  20
-1934.809113
  0
VERTEX
  8
1
  10
-60318.999023
  20
-1937.883911
  0
VERTEX
  8
1
  10
-60320.317383
  20
-1941.147614
  0
VERTEX
  8
1
  10
-60321.889648
  20
-1944.796143
  0
VERTEX
  8
1
  10
-60323.808594
  20
-1949.000702
  0
VERTEX
  8
1
  10
-60326.040039
  20
-1953.674164
  0
VERTEX
  8
1
  10
-60328.544922
  20
-1958.699799
  0
VERTEX
  8
1
  10
-60331.704102
  20
-1958.699799
  0
VERTEX
  8
1
  10
-60341.870117
  20
-1958.699799
  0
VERTEX
  8
1
  10
-60351.787109
  20
-1958.699799
  0
VERTEX
  8
1
  10
-60361.567383
  20
-1958.699799
  0
VERTEX
  8
1
  10
-60372.436523
  20
-1958.699799
  0
VERTEX
  8
1
  10
-60384.125977
  20
-1958.699799
  0
VERTEX
  8
1
  10
-60396.357422
  20
-1958.699799
  0
VERTEX
  8
1
  10
-60406.352539
  20
-1958.699799
  0
VERTEX
  8
1
  10
-60418.876953
  20
-1958.699799
  0
VERTEX
  8
1
  10
-60431.181641
  20
-1958.699799
  0
VERTEX
  8
1
  10
-60443.002930
  20
-1958.699799
  0
VERTEX
  8
1
  10
-60454.057617
  20
-1958.699799
  0
VERTEX
  8
1
  10
-60465.932617
  20
-1958.699799
  0
VERTEX
  8
1
  10
-60477.275391
  20
-1958.699799
  0
VERTEX
  8
1
  10
-60489.174805
  20
-1958.699799
  0
VERTEX
  8
1
  10
-60491.782227
  20
-1953.390045
  0
VERTEX
  8
1
  10
-60494.072266
  20
-1948.593750
  0
VERTEX
  8
1
  10
-60495.903320
  20
-1944.575806
  0
VERTEX
  8
1
  10
-60497.475586
  20
-1940.949249
  0
VERTEX
  8
1
  10
-60498.872070
  20
-1937.508698
  0
VERTEX
  8
1
  10
-60500.019531
  20
-1934.463196
  0
VERTEX
  8
1
  10
-60500.996094
  20
-1931.630096
  0
VERTEX
  8
1
  10
-60501.894531
  20
-1928.745117
  0
VERTEX
  8
1
  10
-60502.705078
  20
-1925.833588
  0
VERTEX
  8
1
  10
-60503.437500
  20
-1922.898865
  0
VERTEX
  8
1
  10
-60504.135742
  20
-1919.715881
  0
VERTEX
  8
1
  10
-60504.794922
  20
-1916.283875
  0
VERTEX
  8
1
  10
-60505.371094
  20
-1912.834015
  0
VERTEX
  8
1
  10
-60505.898438
  20
-1909.139862
  0
VERTEX
  8
1
  10
-60506.391602
  20
-1904.973297
  0
VERTEX
  8
1
  10
-60506.791992
  20
-1900.899811
  0
VERTEX
  8
1
  10
-60507.153320
  20
-1896.338501
  0
VERTEX
  8
1
  10
-60507.451172
  20
-1891.487732
  0
VERTEX
  8
1
  10
-60507.675781
  20
-1886.315002
  0
VERTEX
  8
1
  10
-60507.822266
  20
-1881.129913
  0
VERTEX
  8
1
  10
-60507.885742
  20
-1875.866547
  0
VERTEX
  8
1
  10
-60507.861328
  20
-1870.975189
  0
VERTEX
  8
1
  10
-60507.861328
  20
-1861.075897
  0
VERTEX
  8
1
  10
-60507.861328
  20
-1850.905457
  0
VERTEX
  8
1
  10
-60507.861328
  20
-1840.770416
  0
VERTEX
  8
1
  10
-60507.861328
  20
-1830.486145
  0
VERTEX
  8
1
  10
-60507.861328
  20
-1820.264893
  0
VERTEX
  8
1
  10
-60507.861328
  20
-1820.201874
  0
VERTEX
  8
1
  10
-60507.861328
  20
-1810.089417
  0
VERTEX
  8
1
  10
-60507.861328
  20
-1799.805145
  0
VERTEX
  8
1
  10
-60507.861328
  20
-1789.520874
  0
VERTEX
  8
1
  10
-60507.861328
  20
-1779.396057
  0
VERTEX
  8
1
  10
-60507.861328
  20
-1769.111786
  0
VERTEX
  8
1
  10
-60507.861328
  20
-1758.962097
  0
VERTEX
  8
1
  10
-60507.861328
  20
-1748.677826
  0
VERTEX
  8
1
  10
-60507.861328
  20
-1738.393555
  0
VERTEX
  8
1
  10
-60507.861328
  20
-1728.343658
  0
VERTEX
  8
1
  10
-60507.861328
  20
-1718.125458
  0
VERTEX
  8
1
  10
-60507.861328
  20
-1707.830658
  0
VERTEX
  8
1
  10
-60507.861328
  20
-1697.535858
  0
VERTEX
  8
1
  10
-60507.861328
  20
-1687.317657
  0
VERTEX
  8
1
  10
-60507.861328
  20
-1677.267761
  0
VERTEX
  8
1
  10
-60507.861328
  20
-1666.983490
  0
VERTEX
  8
1
  10
-60507.861328
  20
-1656.699219
  0
VERTEX
  8
1
  10
-60507.861328
  20
-1646.549530
  0
VERTEX
  8
1
  10
-60507.861328
  20
-1636.265259
  0
VERTEX
  8
1
  10
-60507.861328
  20
-1626.140442
  0
VERTEX
  8
1
  10
-60507.861328
  20
-1615.856171
  0
VERTEX
  8
1
  10
-60507.861328
  20
-1605.571899
  0
VERTEX
  8
1
  10
-60507.861328
  20
-1595.459442
  0
VERTEX
  8
1
  10
-60507.861328
  20
-1595.396423
  0
VERTEX
  8
1
  10
-60507.861328
  20
-1585.175171
  0
VERTEX
  8
1
  10
-60507.861328
  20
-1574.890900
  0
VERTEX
  8
1
  10
-60507.861328
  20
-1564.755859
  0
VERTEX
  8
1
  10
-60507.861328
  20
-1554.585419
  0
SEQEND
  8
1
  0
POINT
  8
2
 10
-60507.861328
 20
-1544.686127
  0
TEXT
  8
2
 10
-60507.861328
 20
-1544.686127
 40
0.000000
 50
0.000000
  1
# 409
  0
POINT
  8
2
 10
-60489.174805
 20
-1456.961517
  0
TEXT
  8
2
 10
-60489.174805
 20
-1456.961517
 40
0.000000
 50
0.000000
  1
# 410
  0
POINT
  8
2
 10
-60328.544922
 20
-1456.961517
  0
TEXT
  8
2
 10
-60328.544922
 20
-1456.961517
 40
0.000000
 50
0.000000
  1
# 411
  0
POINT
  8
2
 10
-60309.853516
 20
-1544.349518
  0
TEXT
  8
2
 10
-60309.853516
 20
-1544.349518
 40
0.000000
 50
0.000000
  1
# 412
  0
POINT
  8
2
 10
-60309.853516
 20
-1707.830658
  0
TEXT
  8
2
 10
-60309.853516
 20
-1707.830658
 40
0.000000
 50
0.000000
  1
# 413
  0
POINT
  8
2
 10
-60309.853516
 20
-1871.311798
  0
TEXT
  8
2
 10
-60309.853516
 20
-1871.311798
 40
0.000000
 50
0.000000
  1
# 414
  0
POINT
  8
2
 10
-60328.544922
 20
-1958.699799
  0
TEXT
  8
2
 10
-60328.544922
 20
-1958.699799
 40
0.000000
 50
0.000000
  1
# 415
  0
POINT
  8
2
 10
-60489.174805
 20
-1958.699799
  0
TEXT
  8
2
 10
-60489.174805
 20
-1958.699799
 40
0.000000
 50
0.000000
  1
# 416
  0
POINT
  8
2
 10
-60507.861328
 20
-1870.975189
  0
TEXT
  8
2
 10
-60507.861328
 20
-1870.975189
 40
0.000000
 50
0.000000
  1
# 417
  0
POINT
  8
2
 10
-60507.861328
 20
-1707.830658
  0
TEXT
  8
2
 10
-60507.861328
 20
-1707.830658
 40
0.000000
 50
0.000000
  1
# 418
  0
POINT
  8
3
 10
-60507.885742
 20
-1539.794769
  0
POINT
  8
3
 10
-60507.822266
 20
-1534.531403
  0
POINT
  8
3
 10
-60507.675781
 20
-1529.346313
  0
POINT
  8
3
 10
-60507.451172
 20
-1524.173584
  0
POINT
  8
3
 10
-60507.153320
 20
-1519.322815
  0
POINT
  8
3
 10
-60506.791992
 20
-1514.761505
  0
POINT
  8
3
 10
-60506.391602
 20
-1510.688019
  0
POINT
  8
3
 10
-60505.898438
 20
-1506.521454
  0
POINT
  8
3
 10
-60505.371094
 20
-1502.827301
  0
POINT
  8
3
 10
-60504.794922
 20
-1499.377441
  0
POINT
  8
3
 10
-60504.135742
 20
-1495.945435
  0
POINT
  8
3
 10
-60503.437500
 20
-1492.762451
  0
POINT
  8
3
 10
-60502.705078
 20
-1489.827728
  0
POINT
  8
3
 10
-60501.894531
 20
-1486.916199
  0
POINT
  8
3
 10
-60500.996094
 20
-1484.031219
  0
POINT
  8
3
 10
-60500.019531
 20
-1481.198120
  0
POINT
  8
3
 10
-60498.872070
 20
-1478.152618
  0
POINT
  8
3
 10
-60497.475586
 20
-1474.712067
  0
POINT
  8
3
 10
-60495.903320
 20
-1471.085510
  0
POINT
  8
3
 10
-60494.072266
 20
-1467.067566
  0
POINT
  8
3
 10
-60491.782227
 20
-1462.271271
  0
POINT
  8
3
 10
-60477.275391
 20
-1456.961517
  0
POINT
  8
3
 10
-60465.932617
 20
-1456.961517
  0
POINT
  8
3
 10
-60454.057617
 20
-1456.961517
  0
POINT
  8
3
 10
-60443.002930
 20
-1456.961517
  0
POINT
  8
3
 10
-60431.181641
 20
-1456.961517
  0
POINT
  8
3
 10
-60418.876953
 20
-1456.961517
  0
POINT
  8
3
 10
-60406.352539
 20
-1456.961517
  0
POINT
  8
3
 10
-60396.357422
 20
-1456.961517
  0
POINT
  8
3
 10
-60384.125977
 20
-1456.961517
  0
POINT
  8
3
 10
-60372.436523
 20
-1456.961517
  0
POINT
  8
3
 10
-60361.567383
 20
-1456.961517
  0
POINT
  8
3
 10
-60351.787109
 20
-1456.961517
  0
POINT
  8
3
 10
-60341.870117
 20
-1456.961517
  0
POINT
  8
3
 10
-60331.704102
 20
-1456.961517
  0
POINT
  8
3
 10
-60326.040039
 20
-1461.987152
  0
POINT
  8
3
 10
-60323.808594
 20
-1466.660614
  0
POINT
  8
3
 10
-60321.889648
 20
-1470.865173
  0
POINT
  8
3
 10
-60320.317383
 20
-1474.513702
  0
POINT
  8
3
 10
-60318.999023
 20
-1477.777405
  0
POINT
  8
3
 10
-60317.836914
 20
-1480.852203
  0
POINT
  8
3
 10
-60316.782227
 20
-1483.895416
  0
POINT
  8
3
 10
-60315.864258
 20
-1486.804657
  0
POINT
  8
3
 10
-60315.039063
 20
-1489.689941
  0
POINT
  8
3
 10
-60314.287109
 20
-1492.645721
  0
POINT
  8
3
 10
-60313.564453
 20
-1495.851440
  0
POINT
  8
3
 10
-60312.929688
 20
-1499.077301
  0
POINT
  8
3
 10
-60312.333984
 20
-1502.552338
  0
POINT
  8
3
 10
-60311.826172
 20
-1506.042938
  0
POINT
  8
3
 10
-60311.367188
 20
-1509.779205
  0
POINT
  8
3
 10
-60310.966797
 20
-1513.758392
  0
POINT
  8
3
 10
-60310.620117
 20
-1518.027039
  0
POINT
  8
3
 10
-60310.332031
 20
-1522.654572
  0
POINT
  8
3
 10
-60310.097656
 20
-1527.763824
  0
POINT
  8
3
 10
-60309.931641
 20
-1533.251648
  0
POINT
  8
3
 10
-60309.848633
 20
-1538.681183
  0
POINT
  8
3
 10
-60309.853516
 20
-1553.888702
  0
POINT
  8
3
 10
-60309.853516
 20
-1563.979797
  0
POINT
  8
3
 10
-60309.853516
 20
-1574.213104
  0
POINT
  8
3
 10
-60309.853516
 20
-1584.521637
  0
POINT
  8
3
 10
-60309.853516
 20
-1594.830017
  0
POINT
  8
3
 10
-60309.853516
 20
-1595.059814
  0
POINT
  8
3
 10
-60309.853516
 20
-1605.017700
  0
POINT
  8
3
 10
-60309.853516
 20
-1615.326233
  0
POINT
  8
3
 10
-60309.853516
 20
-1625.634613
  0
POINT
  8
3
 10
-60309.853516
 20
-1635.830231
  0
POINT
  8
3
 10
-60309.853516
 20
-1646.138611
  0
POINT
  8
3
 10
-60309.853516
 20
-1656.314545
  0
POINT
  8
3
 10
-60309.853516
 20
-1666.622925
  0
POINT
  8
3
 10
-60309.853516
 20
-1676.931458
  0
POINT
  8
3
 10
-60309.853516
 20
-1687.239380
  0
POINT
  8
3
 10
-60309.853516
 20
-1697.493134
  0
POINT
  8
3
 10
-60309.853516
 20
-1718.168182
  0
POINT
  8
3
 10
-60309.853516
 20
-1728.421936
  0
POINT
  8
3
 10
-60309.853516
 20
-1738.729858
  0
POINT
  8
3
 10
-60309.853516
 20
-1749.038391
  0
POINT
  8
3
 10
-60309.853516
 20
-1759.346771
  0
POINT
  8
3
 10
-60309.853516
 20
-1769.522705
  0
POINT
  8
3
 10
-60309.853516
 20
-1779.831085
  0
POINT
  8
3
 10
-60309.853516
 20
-1790.026703
  0
POINT
  8
3
 10
-60309.853516
 20
-1800.335083
  0
POINT
  8
3
 10
-60309.853516
 20
-1810.643616
  0
POINT
  8
3
 10
-60309.853516
 20
-1820.601501
  0
POINT
  8
3
 10
-60309.853516
 20
-1820.831299
  0
POINT
  8
3
 10
-60309.853516
 20
-1831.139679
  0
POINT
  8
3
 10
-60309.853516
 20
-1841.448212
  0
POINT
  8
3
 10
-60309.853516
 20
-1851.681519
  0
POINT
  8
3
 10
-60309.853516
 20
-1861.772614
  0
POINT
  8
3
 10
-60309.848633
 20
-1876.980133
  0
POINT
  8
3
 10
-60309.931641
 20
-1882.409668
  0
POINT
  8
3
 10
-60310.097656
 20
-1887.897491
  0
POINT
  8
3
 10
-60310.332031
 20
-1893.006744
  0
POINT
  8
3
 10
-60310.620117
 20
-1897.634277
  0
POINT
  8
3
 10
-60310.966797
 20
-1901.902924
  0
POINT
  8
3
 10
-60311.367188
 20
-1905.882111
  0
POINT
  8
3
 10
-60311.826172
 20
-1909.618378
  0
POINT
  8
3
 10
-60312.333984
 20
-1913.108978
  0
POINT
  8
3
 10
-60312.929688
 20
-1916.584015
  0
POINT
  8
3
 10
-60313.564453
 20
-1919.809875
  0
POINT
  8
3
 10
-60314.287109
 20
-1923.015594
  0
POINT
  8
3
 10
-60315.039063
 20
-1925.971375
  0
POINT
  8
3
 10
-60315.864258
 20
-1928.856659
  0
POINT
  8
3
 10
-60316.782227
 20
-1931.765900
  0
POINT
  8
3
 10
-60317.836914
 20
-1934.809113
  0
POINT
  8
3
 10
-60318.999023
 20
-1937.883911
  0
POINT
  8
3
 10
-60320.317383
 20
-1941.147614
  0
POINT
  8
3
 10
-60321.889648
 20
-1944.796143
  0
POINT
  8
3
 10
-60323.808594
 20
-1949.000702
  0
POINT
  8
3
 10
-60326.040039
 20
-1953.674164
  0
POINT
  8
3
 10
-60331.704102
 20
-1958.699799
  0
POINT
  8
3
 10
-60341.870117
 20
-1958.699799
  0
POINT
  8
3
 10
-60351.787109
 20
-1958.699799
  0
POINT
  8
3
 10
-60361.567383
 20
-1958.699799
  0
POINT
  8
3
 10
-60372.436523
 20
-1958.699799
  0
POINT
  8
3
 10
-60384.125977
 20
-1958.699799
  0
POINT
  8
3
 10
-60396.357422
 20
-1958.699799
  0
POINT
  8
3
 10
-60406.352539
 20
-1958.699799
  0
POINT
  8
3
 10
-60418.876953
 20
-1958.699799
  0
POINT
  8
3
 10
-60431.181641
 20
-1958.699799
  0
POINT
  8
3
 10
-60443.002930
 20
-1958.699799
  0
POINT
  8
3
 10
-60454.057617
 20
-1958.699799
  0
POINT
  8
3
 10
-60465.932617
 20
-1958.699799
  0
POINT
  8
3
 10
-60477.275391
 20
-1958.699799
  0
POINT
  8
3
 10
-60491.782227
 20
-1953.390045
  0
POINT
  8
3
 10
-60494.072266
 20
-1948.593750
  0
POINT
  8
3
 10
-60495.903320
 20
-1944.575806
  0
POINT
  8
3
 10
-60497.475586
 20
-1940.949249
  0
POINT
  8
3
 10
-60498.872070
 20
-1937.508698
  0
POINT
  8
3
 10
-60500.019531
 20
-1934.463196
  0
POINT
  8
3
 10
-60500.996094
 20
-1931.630096
  0
POINT
  8
3
 10
-60501.894531
 20
-1928.745117
  0
POINT
  8
3
 10
-60502.705078
 20
-1925.833588
  0
POINT
  8
3
 10
-60503.437500
 20
-1922.898865
  0
POINT
  8
3
 10
-60504.135742
 20
-1919.715881
  0
POINT
  8
3
 10
-60504.794922
 20
-1916.283875
  0
POINT
  8
3
 10
-60505.371094
 20
-1912.834015
  0
POINT
  8
3
 10
-60505.898438
 20
-1909.139862
  0
POINT
  8
3
 10
-60506.391602
 20
-1904.973297
  0
POINT
  8
3
 10
-60506.791992
 20
-1900.899811
  0
POINT
  8
3
 10
-60507.153320
 20
-1896.338501
  0
POINT
  8
3
 10
-60507.451172
 20
-1891.487732
  0
POINT
  8
3
 10
-60507.675781
 20
-1886.315002
  0
POINT
  8
3
 10
-60507.822266
 20
-1881.129913
  0
POINT
  8
3
 10
-60507.885742
 20
-1875.866547
  0
POINT
  8
3
 10
-60507.861328
 20
-1861.075897
  0
POINT
  8
3
 10
-60507.861328
 20
-1850.905457
  0
POINT
  8
3
 10
-60507.861328
 20
-1840.770416
  0
POINT
  8
3
 10
-60507.861328
 20
-1830.486145
  0
POINT
  8
3
 10
-60507.861328
 20
-1820.264893
  0
POINT
  8
3
 10
-60507.861328
 20
-1820.201874
  0
POINT
  8
3
 10
-60507.861328
 20
-1810.089417
  0
POINT
  8
3
 10
-60507.861328
 20
-1799.805145
  0
POINT
  8
3
 10
-60507.861328
 20
-1789.520874
  0
POINT
  8
3
 10
-60507.861328
 20
-1779.396057
  0
POINT
  8
3
 10
-60507.861328
 20
-1769.111786
  0
POINT
  8
3
 10
-60507.861328
 20
-1758.962097
  0
POINT
  8
3
 10
-60507.861328
 20
-1748.677826
  0
POINT
  8
3
 10
-60507.861328
 20
-1738.393555
  0
POINT
  8
3
 10
-60507.861328
 20
-1728.343658
  0
POINT
  8
3
 10
-60507.861328
 20
-1718.125458
  0
POINT
  8
3
 10
-60507.861328
 20
-1697.535858
  0
POINT
  8
3
 10
-60507.861328
 20
-1687.317657
  0
POINT
  8
3
 10
-60507.861328
 20
-1677.267761
  0
POINT
  8
3
 10
-60507.861328
 20
-1666.983490
  0
POINT
  8
3
 10
-60507.861328
 20
-1656.699219
  0
POINT
  8
3
 10
-60507.861328
 20
-1646.549530
  0
POINT
  8
3
 10
-60507.861328
 20
-1636.265259
  0
POINT
  8
3
 10
-60507.861328
 20
-1626.140442
  0
POINT
  8
3
 10
-60507.861328
 20
-1615.856171
  0
POINT
  8
3
 10
-60507.861328
 20
-1605.571899
  0
POINT
  8
3
 10
-60507.861328
 20
-1595.459442
  0
POINT
  8
3
 10
-60507.861328
 20
-1595.396423
  0
POINT
  8
3
 10
-60507.861328
 20
-1585.175171
  0
POINT
  8
3
 10
-60507.861328
 20
-1574.890900
  0
POINT
  8
3
 10
-60507.861328
 20
-1564.755859
  0
POINT
  8
3
 10
-60507.861328
 20
-1554.585419
  0
POINT
  8
4
 10
-60309.853516
 20
-1595.059814
 30
1.000000
 50
180.10
  0
TEXT
  8
4
 10
-60309.853516
 20
-1595.059814
 40
0.000000
 50
0.000000
  1
# 419
  0
POINT
  8
4
 10
-60309.853516
 20
-1820.601501
 30
1.000000
 50
179.90
  0
TEXT
  8
4
 10
-60309.853516
 20
-1820.601501
 40
0.000000
 50
0.000000
  1
# 420
  0
POINT
  8
4
 10
-60507.861328
 20
-1820.264893
 30
1.000000
 50
359.90
  0
TEXT
  8
4
 10
-60507.861328
 20
-1820.264893
 40
0.000000
 50
0.000000
  1
# 421
  0
POINT
  8
4
 10
-60507.861328
 20
-1595.396423
 30
1.000000
 50
  0.10
  0
TEXT
  8
4
 10
-60507.861328
 20
-1595.396423
 40
0.000000
 50
0.000000
  1
# 422
  0
POLYLINE
  8
8
  66
1
  70
0
  0
VERTEX
  8
8
  10
-60309.853516
  20
-1707.830658
  0
VERTEX
  8
8
  10
-60320.183627
  20
-1707.830658
  0
VERTEX
  8
8
  10
-60330.291083
  20
-1707.830658
  0
VERTEX
  8
8
  10
-60340.531683
  20
-1707.830658
  0
VERTEX
  8
8
  10
-60350.710270
  20
-1707.830658
  0
VERTEX
  8
8
  10
-60360.888832
  20
-1707.830658
  0
VERTEX
  8
8
  10
-60371.160586
  20
-1707.830658
  0
VERTEX
  8
8
  10
-60381.339349
  20
-1707.830658
  0
VERTEX
  8
8
  10
-60391.518212
  20
-1707.830658
  0
VERTEX
  8
8
  10
-60401.663297
  20
-1707.830658
  0
VERTEX
  8
8
  10
-60411.842216
  20
-1707.830658
  0
VERTEX
  8
8
  10
-60422.021135
  20
-1707.830658
  0
VERTEX
  8
8
  10
-60432.346891
  20
-1707.830658
  0
VERTEX
  8
8
  10
-60442.525842
  20
-1707.830658
  0
VERTEX
  8
8
  10
-60452.704963
  20
-1707.830658
  0
VERTEX
  8
8
  10
-60463.036144
  20
-1707.830658
  0
VERTEX
  8
8
  10
-60473.215901
  20
-1707.830658
  0
VERTEX
  8
8
  10
-60483.264305
  20
-1707.830658
  0
VERTEX
  8
8
  10
-60493.437144
  20
-1707.830658
  0
VERTEX
  8
8
  10
-60503.338077
  20
-1707.830658
  0
VERTEX
  8
8
  10
-60507.861328
  20
-1707.830658
  0
SEQEND
  8
8
  0
POINT
  8
2
 10
-60309.853516
 20
-1707.830658
  0
TEXT
  8
2
 10
-60309.853516
 20
-1707.830658
 40
0.000000
 50
0.000000
  1
# 423
  0
POINT
  8
2
 10
-60507.861328
 20
-1707.830658
  0
TEXT
  8
2
 10
-60507.861328
 20
-1707.830658
 40
0.000000
 50
0.000000
  1
# 424
  0
POINT
  8
3
 10
-60320.183627
 20
-1707.830658
  0
POINT
  8
3
 10
-60330.291083
 20
-1707.830658
  0
POINT
  8
3
 10
-60340.531683
 20
-1707.830658
  0
POINT
  8
3
 10
-60350.710270
 20
-1707.830658
  0
POINT
  8
3
 10
-60360.888832
 20
-1707.830658
  0
POINT
  8
3
 10
-60371.160586
 20
-1707.830658
  0
POINT
  8
3
 10
-60381.339349
 20
-1707.830658
  0
POINT
  8
3
 10
-60391.518212
 20
-1707.830658
  0
POINT
  8
3
 10
-60401.663297
 20
-1707.830658
  0
POINT
  8
3
 10
-60411.842216
 20
-1707.830658
  0
POINT
  8
3
 10
-60422.021135
 20
-1707.830658
  0
POINT
  8
3
 10
-60432.346891
 20
-1707.830658
  0
POINT
  8
3
 10
-60442.525842
 20
-1707.830658
  0
POINT
  8
3
 10
-60452.704963
 20
-1707.830658
  0
POINT
  8
3
 10
-60463.036144
 20
-1707.830658
  0
POINT
  8
3
 10
-60473.215901
 20
-1707.830658
  0
POINT
  8
3
 10
-60483.264305
 20
-1707.830658
  0
POINT
  8
3
 10
-60493.437144
 20
-1707.830658
  0
POINT
  8
3
 10
-60503.338077
 20
-1707.830658
  0
POLYLINE
  8
8
  66
1
  70
0
  0
VERTEX
  8
8
  10
-60507.788086
  20
-1595.396271
  0
VERTEX
  8
8
  10
-60309.780273
  20
-1595.059662
  0
SEQEND
  8
8
  0
POINT
  8
2
 10
-60507.788086
 20
-1595.396271
  0
TEXT
  8
2
 10
-60507.788086
 20
-1595.396271
 40
0.000000
 50
0.000000
  1
# 425
  0
POINT
  8
2
 10
-60309.780273
 20
-1595.059662
  0
TEXT
  8
2
 10
-60309.780273
 20
-1595.059662
 40
0.000000
 50
0.000000
  1
# 426
  0
POLYLINE
  8
8
  66
1
  70
0
  0
VERTEX
  8
8
  10
-60376.997070
  20
-1456.961517
  0
VERTEX
  8
8
  10
-60376.997070
  20
-1595.173950
  0
SEQEND
  8
8
  0
POINT
  8
2
 10
-60376.997070
 20
-1456.961517
  0
TEXT
  8
2
 10
-60376.997070
 20
-1456.961517
 40
0.000000
 50
0.000000
  1
# 427
  0
POINT
  8
2
 10
-60376.997070
 20
-1595.173950
  0
TEXT
  8
2
 10
-60376.997070
 20
-1595.173950
 40
0.000000
 50
0.000000
  1
# 428
  0
POLYLINE
  8
8
  66
1
  70
0
  0
VERTEX
  8
8
  10
-60507.788086
  20
-1820.265045
  0
VERTEX
  8
8
  10
-60309.780273
  20
-1820.601654
  0
SEQEND
  8
8
  0
POINT
  8
2
 10
-60507.788086
 20
-1820.265045
  0
TEXT
  8
2
 10
-60507.788086
 20
-1820.265045
 40
0.000000
 50
0.000000
  1
# 429
  0
POINT
  8
2
 10
-60309.780273
 20
-1820.601654
  0
TEXT
  8
2
 10
-60309.780273
 20
-1820.601654
 40
0.000000
 50
0.000000
  1
# 430
 0
LINE
 8
7
 10
-60417.309570
 20
-1528.479309
 11
-60417.309570
 21
-1878.211670
  0
TEXT
  8
1
 10
-60408.834065
 20
-1707.830658
 40
10.000000
 50
0.000000
  1
Piece Name: 26SMC-WP115M 展_后袋布_175/84
  0
TEXT
  8
1
 10
-60408.834065
 20
-1692.830658
 40
10.000000
 50
0.000000
  1
Size: 175/84
  0
TEXT
  8
1
 10
-60408.834065
 20
-1677.830658
 40
10.000000
 50
0.000000
  1
Annotation: 
  0
TEXT
  8
1
 10
-60408.834065
 20
-1662.830658
 40
10.000000
 50
0.000000
  1
Quantity: 1,1
  0
TEXT
  8
1
 10
-60408.834065
 20
-1647.830658
 40
10.000000
 50
0.000000
  1
Material: TC
  0
TEXT
  8
1
 10
-60408.834065
 20
-1647.830658
 40
10.000000
 50
0.000000
  1
Category: 9
0
ENDBLK
0
BLOCK
  8
1
  2
26SMC-WP115M 展_前袋布_175/84
 70
0
 10
0.0
 20
0.0
  0
POLYLINE
  8
1
  66
1
  70
1
  0
VERTEX
  8
1
  10
-58663.486328
  20
-2174.681244
  0
VERTEX
  8
1
  10
-58787.387695
  20
-2174.681244
  0
VERTEX
  8
1
  10
-58788.066406
  20
-2174.679413
  0
VERTEX
  8
1
  10
-58788.725586
  20
-2174.663391
  0
VERTEX
  8
1
  10
-58789.384766
  20
-2174.634857
  0
VERTEX
  8
1
  10
-58790.048828
  20
-2174.592896
  0
VERTEX
  8
1
  10
-58790.698242
  20
-2174.538422
  0
VERTEX
  8
1
  10
-58791.308594
  20
-2174.474182
  0
VERTEX
  8
1
  10
-58791.982422
  20
-2174.386597
  0
VERTEX
  8
1
  10
-58792.646484
  20
-2174.282837
  0
VERTEX
  8
1
  10
-58793.300781
  20
-2174.162292
  0
VERTEX
  8
1
  10
-58793.950195
  20
-2174.025269
  0
VERTEX
  8
1
  10
-58794.594727
  20
-2173.872223
  0
VERTEX
  8
1
  10
-58795.234375
  20
-2173.703461
  0
VERTEX
  8
1
  10
-58795.864258
  20
-2173.519440
  0
VERTEX
  8
1
  10
-58796.489258
  20
-2173.320465
  0
VERTEX
  8
1
  10
-58797.109375
  20
-2173.106689
  0
VERTEX
  8
1
  10
-58797.719727
  20
-2172.878265
  0
VERTEX
  8
1
  10
-58798.330078
  20
-2172.635651
  0
VERTEX
  8
1
  10
-58798.925781
  20
-2172.378845
  0
VERTEX
  8
1
  10
-58799.521484
  20
-2172.108002
  0
VERTEX
  8
1
  10
-58800.107422
  20
-2171.823425
  0
VERTEX
  8
1
  10
-58800.683594
  20
-2171.524963
  0
VERTEX
  8
1
  10
-58801.254883
  20
-2171.212769
  0
VERTEX
  8
1
  10
-58801.821289
  20
-2170.886993
  0
VERTEX
  8
1
  10
-58802.377930
  20
-2170.547638
  0
VERTEX
  8
1
  10
-58802.924805
  20
-2170.194702
  0
VERTEX
  8
1
  10
-58803.466797
  20
-2169.828033
  0
VERTEX
  8
1
  10
-58803.999023
  20
-2169.447784
  0
VERTEX
  8
1
  10
-58804.526367
  20
-2169.053802
  0
VERTEX
  8
1
  10
-58805.043945
  20
-2168.645935
  0
VERTEX
  8
1
  10
-58805.546875
  20
-2168.224335
  0
VERTEX
  8
1
  10
-58806.049805
  20
-2167.788696
  0
VERTEX
  8
1
  10
-58806.538086
  20
-2167.338867
  0
VERTEX
  8
1
  10
-58807.016602
  20
-2166.874847
  0
VERTEX
  8
1
  10
-58807.485352
  20
-2166.396484
  0
VERTEX
  8
1
  10
-58807.944336
  20
-2165.903625
  0
VERTEX
  8
1
  10
-58808.325195
  20
-2165.469513
  0
VERTEX
  8
1
  10
-58808.701172
  20
-2165.025635
  0
VERTEX
  8
1
  10
-58809.111328
  20
-2164.514771
  0
VERTEX
  8
1
  10
-58809.482422
  20
-2164.024200
  0
VERTEX
  8
1
  10
-58809.873047
  20
-2163.489990
  0
VERTEX
  8
1
  10
-58810.268555
  20
-2162.926331
  0
VERTEX
  8
1
  10
-58810.649414
  20
-2162.351837
  0
VERTEX
  8
1
  10
-58811.005859
  20
-2161.792603
  0
VERTEX
  8
1
  10
-58811.337891
  20
-2161.245728
  0
VERTEX
  8
1
  10
-58811.567383
  20
-2160.852356
  0
VERTEX
  8
1
  10
-58811.699219
  20
-2160.628052
  0
VERTEX
  8
1
  10
-58811.953125
  20
-2160.159912
  0
VERTEX
  8
1
  10
-58812.631836
  20
-2158.914490
  0
VERTEX
  8
1
  10
-58813.525391
  20
-2157.010498
  0
VERTEX
  8
1
  10
-58814.350586
  20
-2155.013580
  0
VERTEX
  8
1
  10
-58815.161133
  20
-2152.747345
  0
VERTEX
  8
1
  10
-58815.966797
  20
-2150.200806
  0
VERTEX
  8
1
  10
-58816.728516
  20
-2147.480011
  0
VERTEX
  8
1
  10
-58817.446289
  20
-2144.539337
  0
VERTEX
  8
1
  10
-58818.188477
  20
-2141.103668
  0
VERTEX
  8
1
  10
-58819.760742
  20
-2132.915649
  0
VERTEX
  8
1
  10
-58820.507813
  20
-2129.210968
  0
VERTEX
  8
1
  10
-58821.166992
  20
-2126.313629
  0
VERTEX
  8
1
  10
-58821.796875
  20
-2123.829956
  0
VERTEX
  8
1
  10
-58822.426758
  20
-2121.637421
  0
VERTEX
  8
1
  10
-58823.012695
  20
-2119.819183
  0
VERTEX
  8
1
  10
-58823.544922
  20
-2118.360138
  0
VERTEX
  8
1
  10
-58824.072266
  20
-2117.098846
  0
VERTEX
  8
1
  10
-58824.614258
  20
-2115.950775
  0
VERTEX
  8
1
  10
-58825.219727
  20
-2114.814606
  0
VERTEX
  8
1
  10
-58826.005859
  20
-2113.485413
  0
VERTEX
  8
1
  10
-58826.855469
  20
-2112.171631
  0
VERTEX
  8
1
  10
-58827.622070
  20
-2111.090393
  0
VERTEX
  8
1
  10
-58828.203125
  20
-2110.350494
  0
VERTEX
  8
1
  10
-58828.652344
  20
-2109.844666
  0
VERTEX
  8
1
  10
-58829.262695
  20
-2109.244080
  0
VERTEX
  8
1
  10
-58830.244141
  20
-2108.369446
  0
VERTEX
  8
1
  10
-58831.899414
  20
-2107.012177
  0
VERTEX
  8
1
  10
-58834.804688
  20
-2104.750824
  0
VERTEX
  8
1
  10
-58838.901367
  20
-2101.524658
  0
VERTEX
  8
1
  10
-58839.370117
  20
-2094.417572
  0
VERTEX
  8
1
  10
-58839.965820
  20
-2084.464722
  0
VERTEX
  8
1
  10
-58840.444336
  20
-2075.273132
  0
VERTEX
  8
1
  10
-58840.800781
  20
-2066.636353
  0
VERTEX
  8
1
  10
-58841.093750
  20
-2057.398529
  0
VERTEX
  8
1
  10
-58841.337891
  20
-2046.964264
  0
VERTEX
  8
1
  10
-58841.469727
  20
-2037.607880
  0
VERTEX
  8
1
  10
-58783.378906
  20
-1868.262787
  0
VERTEX
  8
1
  10
-58774.790039
  20
-1869.568634
  0
VERTEX
  8
1
  10
-58765.595703
  20
-1870.985413
  0
VERTEX
  8
1
  10
-58757.275391
  20
-1872.201691
  0
VERTEX
  8
1
  10
-58749.829102
  20
-1873.210144
  0
VERTEX
  8
1
  10
-58742.016602
  20
-1874.183350
  0
VERTEX
  8
1
  10
-58734.189453
  20
-1875.073395
  0
VERTEX
  8
1
  10
-58725.996094
  20
-1875.917358
  0
VERTEX
  8
1
  10
-58718.461914
  20
-1876.614685
  0
VERTEX
  8
1
  10
-58710.976563
  20
-1877.227631
  0
VERTEX
  8
1
  10
-58703.852539
  20
-1877.730713
  0
VERTEX
  8
1
  10
-58696.733398
  20
-1878.149109
  0
VERTEX
  8
1
  10
-58689.506836
  20
-1878.486328
  0
VERTEX
  8
1
  10
-58681.396484
  20
-1878.778839
  0
VERTEX
  8
1
  10
-58672.626953
  20
-1879.010620
  0
VERTEX
  8
1
  10
-58663.491211
  20
-1879.161224
  0
VERTEX
  8
1
  10
-58654.272461
  20
-1879.008026
  0
VERTEX
  8
1
  10
-58645.200195
  20
-1878.767090
  0
VERTEX
  8
1
  10
-58636.943359
  20
-1878.465576
  0
VERTEX
  8
1
  10
-58629.672852
  20
-1878.118591
  0
VERTEX
  8
1
  10
-58622.592773
  20
-1877.694702
  0
VERTEX
  8
1
  10
-58615.507813
  20
-1877.189178
  0
VERTEX
  8
1
  10
-58608.046875
  20
-1876.573944
  0
VERTEX
  8
1
  10
-58600.449219
  20
-1875.864716
  0
VERTEX
  8
1
  10
-58592.622070
  20
-1875.052338
  0
VERTEX
  8
1
  10
-58584.804688
  20
-1874.158478
  0
VERTEX
  8
1
  10
-58576.992188
  20
-1873.183899
  0
VERTEX
  8
1
  10
-58569.062500
  20
-1872.111206
  0
VERTEX
  8
1
  10
-58560.898438
  20
-1870.921783
  0
VERTEX
  8
1
  10
-58552.739258
  20
-1869.650574
  0
VERTEX
  8
1
  10
-58544.218750
  20
-1868.239136
  0
VERTEX
  8
1
  10
-58535.312500
  20
-1866.678009
  0
VERTEX
  8
1
  10
-58525.419922
  20
-1864.858398
  0
VERTEX
  8
1
  10
-58515.668945
  20
-1862.998657
  0
VERTEX
  8
1
  10
-58510.805664
  20
-1862.058868
  0
VERTEX
  8
1
  10
-58501.743164
  20
-1860.318604
  0
VERTEX
  8
1
  10
-58500.117188
  20
-1870.572357
  0
VERTEX
  8
1
  10
-58498.457031
  20
-1880.916901
  0
VERTEX
  8
1
  10
-58496.909180
  20
-1890.954590
  0
VERTEX
  8
1
  10
-58495.395508
  20
-1901.221161
  0
VERTEX
  8
1
  10
-58494.077148
  20
-1910.749512
  0
VERTEX
  8
1
  10
-58492.866211
  20
-1920.118408
  0
VERTEX
  8
1
  10
-58491.689453
  20
-1929.870911
  0
VERTEX
  8
1
  10
-58490.600586
  20
-1939.626770
  0
VERTEX
  8
1
  10
-58489.628906
  20
-1949.024353
  0
VERTEX
  8
1
  10
-58488.779297
  20
-1958.062134
  0
VERTEX
  8
1
  10
-58488.041992
  20
-1966.738129
  0
VERTEX
  8
1
  10
-58487.392578
  20
-1975.428619
  0
VERTEX
  8
1
  10
-58486.855469
  20
-1983.727112
  0
VERTEX
  8
1
  10
-58486.401367
  20
-1992.059784
  0
VERTEX
  8
1
  10
-58486.049805
  20
-2000.020752
  0
VERTEX
  8
1
  10
-58485.786133
  20
-2007.987823
  0
VERTEX
  8
1
  10
-58485.600586
  20
-2016.104431
  0
VERTEX
  8
1
  10
-58485.493164
  20
-2024.446869
  0
VERTEX
  8
1
  10
-58485.473633
  20
-2032.783356
  0
VERTEX
  8
1
  10
-58485.537109
  20
-2041.491547
  0
VERTEX
  8
1
  10
-58485.688477
  20
-2050.580597
  0
VERTEX
  8
1
  10
-58485.927734
  20
-2059.661102
  0
VERTEX
  8
1
  10
-58486.254883
  20
-2068.739166
  0
VERTEX
  8
1
  10
-58486.665039
  20
-2077.813568
  0
VERTEX
  8
1
  10
-58487.216797
  20
-2087.847290
  0
VERTEX
  8
1
  10
-58487.744141
  20
-2096.335907
  0
VERTEX
  8
1
  10
-58488.056641
  20
-2101.507263
  0
VERTEX
  8
1
  10
-58492.167969
  20
-2104.746399
  0
VERTEX
  8
1
  10
-58495.078125
  20
-2107.012177
  0
VERTEX
  8
1
  10
-58496.733398
  20
-2108.369446
  0
VERTEX
  8
1
  10
-58497.714844
  20
-2109.244080
  0
VERTEX
  8
1
  10
-58498.325195
  20
-2109.844666
  0
VERTEX
  8
1
  10
-58498.774414
  20
-2110.350494
  0
VERTEX
  8
1
  10
-58499.355469
  20
-2111.090393
  0
VERTEX
  8
1
  10
-58500.122070
  20
-2112.171631
  0
VERTEX
  8
1
  10
-58500.971680
  20
-2113.485413
  0
VERTEX
  8
1
  10
-58501.757813
  20
-2114.814606
  0
VERTEX
  8
1
  10
-58502.363281
  20
-2115.950775
  0
VERTEX
  8
1
  10
-58502.905273
  20
-2117.098846
  0
VERTEX
  8
1
  10
-58503.432617
  20
-2118.360138
  0
VERTEX
  8
1
  10
-58503.964844
  20
-2119.819183
  0
VERTEX
  8
1
  10
-58504.550781
  20
-2121.637421
  0
VERTEX
  8
1
  10
-58505.180664
  20
-2123.829956
  0
VERTEX
  8
1
  10
-58505.810547
  20
-2126.313629
  0
VERTEX
  8
1
  10
-58506.469727
  20
-2129.210968
  0
VERTEX
  8
1
  10
-58507.216797
  20
-2132.915649
  0
VERTEX
  8
1
  10
-58508.789063
  20
-2141.103668
  0
VERTEX
  8
1
  10
-58509.531250
  20
-2144.539337
  0
VERTEX
  8
1
  10
-58510.249023
  20
-2147.480011
  0
VERTEX
  8
1
  10
-58511.010742
  20
-2150.200806
  0
VERTEX
  8
1
  10
-58511.816406
  20
-2152.747345
  0
VERTEX
  8
1
  10
-58512.626953
  20
-2155.013580
  0
VERTEX
  8
1
  10
-58513.452148
  20
-2157.010498
  0
VERTEX
  8
1
  10
-58514.345703
  20
-2158.914490
  0
VERTEX
  8
1
  10
-58515.024414
  20
-2160.159912
  0
VERTEX
  8
1
  10
-58515.278320
  20
-2160.628052
  0
VERTEX
  8
1
  10
-58515.410156
  20
-2160.852356
  0
VERTEX
  8
1
  10
-58515.639648
  20
-2161.245728
  0
VERTEX
  8
1
  10
-58515.971680
  20
-2161.792603
  0
VERTEX
  8
1
  10
-58516.328125
  20
-2162.351837
  0
VERTEX
  8
1
  10
-58516.708984
  20
-2162.926331
  0
VERTEX
  8
1
  10
-58517.104492
  20
-2163.489990
  0
VERTEX
  8
1
  10
-58517.495117
  20
-2164.024200
  0
VERTEX
  8
1
  10
-58517.866211
  20
-2164.514771
  0
VERTEX
  8
1
  10
-58518.276367
  20
-2165.025635
  0
VERTEX
  8
1
  10
-58518.652344
  20
-2165.469513
  0
VERTEX
  8
1
  10
-58519.033203
  20
-2165.903625
  0
VERTEX
  8
1
  10
-58519.492188
  20
-2166.396484
  0
VERTEX
  8
1
  10
-58519.960938
  20
-2166.874847
  0
VERTEX
  8
1
  10
-58520.439453
  20
-2167.338867
  0
VERTEX
  8
1
  10
-58520.927734
  20
-2167.788696
  0
VERTEX
  8
1
  10
-58521.430664
  20
-2168.224335
  0
VERTEX
  8
1
  10
-58521.933594
  20
-2168.645935
  0
VERTEX
  8
1
  10
-58522.451172
  20
-2169.053802
  0
VERTEX
  8
1
  10
-58522.978516
  20
-2169.447784
  0
VERTEX
  8
1
  10
-58523.510742
  20
-2169.828033
  0
VERTEX
  8
1
  10
-58524.052734
  20
-2170.194702
  0
VERTEX
  8
1
  10
-58524.599609
  20
-2170.547638
  0
VERTEX
  8
1
  10
-58525.156250
  20
-2170.886993
  0
VERTEX
  8
1
  10
-58525.722656
  20
-2171.212769
  0
VERTEX
  8
1
  10
-58526.293945
  20
-2171.524963
  0
VERTEX
  8
1
  10
-58526.870117
  20
-2171.823425
  0
VERTEX
  8
1
  10
-58527.456055
  20
-2172.108002
  0
VERTEX
  8
1
  10
-58528.051758
  20
-2172.378845
  0
VERTEX
  8
1
  10
-58528.647461
  20
-2172.635651
  0
VERTEX
  8
1
  10
-58529.257813
  20
-2172.878265
  0
VERTEX
  8
1
  10
-58529.868164
  20
-2173.106689
  0
VERTEX
  8
1
  10
-58530.488281
  20
-2173.320465
  0
VERTEX
  8
1
  10
-58531.113281
  20
-2173.519440
  0
VERTEX
  8
1
  10
-58531.743164
  20
-2173.703461
  0
VERTEX
  8
1
  10
-58532.382813
  20
-2173.872223
  0
VERTEX
  8
1
  10
-58533.027344
  20
-2174.025269
  0
VERTEX
  8
1
  10
-58533.676758
  20
-2174.162292
  0
VERTEX
  8
1
  10
-58534.331055
  20
-2174.282837
  0
VERTEX
  8
1
  10
-58534.995117
  20
-2174.386597
  0
VERTEX
  8
1
  10
-58535.668945
  20
-2174.474182
  0
VERTEX
  8
1
  10
-58536.279297
  20
-2174.538422
  0
VERTEX
  8
1
  10
-58536.928711
  20
-2174.592896
  0
VERTEX
  8
1
  10
-58537.592773
  20
-2174.634857
  0
VERTEX
  8
1
  10
-58538.251953
  20
-2174.663391
  0
VERTEX
  8
1
  10
-58538.911133
  20
-2174.679413
  0
VERTEX
  8
1
  10
-58539.604492
  20
-2174.681244
  0
VERTEX
  8
1
  10
-58550.693359
  20
-2174.681244
  0
VERTEX
  8
1
  10
-58653.613281
  20
-2174.681244
  0
SEQEND
  8
1
  0
POINT
  8
2
 10
-58663.486328
 20
-2174.681244
  0
TEXT
  8
2
 10
-58663.486328
 20
-2174.681244
 40
0.000000
 50
0.000000
  1
# 431
  0
POINT
  8
2
 10
-58787.387695
 20
-2174.681244
  0
TEXT
  8
2
 10
-58787.387695
 20
-2174.681244
 40
0.000000
 50
0.000000
  1
# 432
  0
POINT
  8
2
 10
-58811.699219
 20
-2160.628052
  0
TEXT
  8
2
 10
-58811.699219
 20
-2160.628052
 40
0.000000
 50
0.000000
  1
# 433
  0
POINT
  8
2
 10
-58838.901367
 20
-2101.524658
  0
TEXT
  8
2
 10
-58838.901367
 20
-2101.524658
 40
0.000000
 50
0.000000
  1
# 434
  0
POINT
  8
2
 10
-58841.469727
 20
-2037.607880
  0
TEXT
  8
2
 10
-58841.469727
 20
-2037.607880
 40
0.000000
 50
0.000000
  1
# 435
  0
POINT
  8
2
 10
-58783.378906
 20
-1868.262787
  0
TEXT
  8
2
 10
-58783.378906
 20
-1868.262787
 40
0.000000
 50
0.000000
  1
# 436
  0
POINT
  8
2
 10
-58663.491211
 20
-1879.161224
  0
TEXT
  8
2
 10
-58663.491211
 20
-1879.161224
 40
0.000000
 50
0.000000
  1
# 437
  0
POINT
  8
2
 10
-58501.743164
 20
-1860.318604
  0
TEXT
  8
2
 10
-58501.743164
 20
-1860.318604
 40
0.000000
 50
0.000000
  1
# 438
  0
POINT
  8
2
 10
-58488.056641
 20
-2101.507263
  0
TEXT
  8
2
 10
-58488.056641
 20
-2101.507263
 40
0.000000
 50
0.000000
  1
# 439
  0
POINT
  8
2
 10
-58515.278320
 20
-2160.628052
  0
TEXT
  8
2
 10
-58515.278320
 20
-2160.628052
 40
0.000000
 50
0.000000
  1
# 440
  0
POINT
  8
2
 10
-58539.604492
 20
-2174.681244
  0
TEXT
  8
2
 10
-58539.604492
 20
-2174.681244
 40
0.000000
 50
0.000000
  1
# 441
  0
POINT
  8
3
 10
-58788.066406
 20
-2174.679413
  0
POINT
  8
3
 10
-58788.725586
 20
-2174.663391
  0
POINT
  8
3
 10
-58789.384766
 20
-2174.634857
  0
POINT
  8
3
 10
-58790.048828
 20
-2174.592896
  0
POINT
  8
3
 10
-58790.698242
 20
-2174.538422
  0
POINT
  8
3
 10
-58791.308594
 20
-2174.474182
  0
POINT
  8
3
 10
-58791.982422
 20
-2174.386597
  0
POINT
  8
3
 10
-58792.646484
 20
-2174.282837
  0
POINT
  8
3
 10
-58793.300781
 20
-2174.162292
  0
POINT
  8
3
 10
-58793.950195
 20
-2174.025269
  0
POINT
  8
3
 10
-58794.594727
 20
-2173.872223
  0
POINT
  8
3
 10
-58795.234375
 20
-2173.703461
  0
POINT
  8
3
 10
-58795.864258
 20
-2173.519440
  0
POINT
  8
3
 10
-58796.489258
 20
-2173.320465
  0
POINT
  8
3
 10
-58797.109375
 20
-2173.106689
  0
POINT
  8
3
 10
-58797.719727
 20
-2172.878265
  0
POINT
  8
3
 10
-58798.330078
 20
-2172.635651
  0
POINT
  8
3
 10
-58798.925781
 20
-2172.378845
  0
POINT
  8
3
 10
-58799.521484
 20
-2172.108002
  0
POINT
  8
3
 10
-58800.107422
 20
-2171.823425
  0
POINT
  8
3
 10
-58800.683594
 20
-2171.524963
  0
POINT
  8
3
 10
-58801.254883
 20
-2171.212769
  0
POINT
  8
3
 10
-58801.821289
 20
-2170.886993
  0
POINT
  8
3
 10
-58802.377930
 20
-2170.547638
  0
POINT
  8
3
 10
-58802.924805
 20
-2170.194702
  0
POINT
  8
3
 10
-58803.466797
 20
-2169.828033
  0
POINT
  8
3
 10
-58803.999023
 20
-2169.447784
  0
POINT
  8
3
 10
-58804.526367
 20
-2169.053802
  0
POINT
  8
3
 10
-58805.043945
 20
-2168.645935
  0
POINT
  8
3
 10
-58805.546875
 20
-2168.224335
  0
POINT
  8
3
 10
-58806.049805
 20
-2167.788696
  0
POINT
  8
3
 10
-58806.538086
 20
-2167.338867
  0
POINT
  8
3
 10
-58807.016602
 20
-2166.874847
  0
POINT
  8
3
 10
-58807.485352
 20
-2166.396484
  0
POINT
  8
3
 10
-58807.944336
 20
-2165.903625
  0
POINT
  8
3
 10
-58808.325195
 20
-2165.469513
  0
POINT
  8
3
 10
-58808.701172
 20
-2165.025635
  0
POINT
  8
3
 10
-58809.111328
 20
-2164.514771
  0
POINT
  8
3
 10
-58809.482422
 20
-2164.024200
  0
POINT
  8
3
 10
-58809.873047
 20
-2163.489990
  0
POINT
  8
3
 10
-58810.268555
 20
-2162.926331
  0
POINT
  8
3
 10
-58810.649414
 20
-2162.351837
  0
POINT
  8
3
 10
-58811.005859
 20
-2161.792603
  0
POINT
  8
3
 10
-58811.337891
 20
-2161.245728
  0
POINT
  8
3
 10
-58811.567383
 20
-2160.852356
  0
POINT
  8
3
 10
-58811.953125
 20
-2160.159912
  0
POINT
  8
3
 10
-58812.631836
 20
-2158.914490
  0
POINT
  8
3
 10
-58813.525391
 20
-2157.010498
  0
POINT
  8
3
 10
-58814.350586
 20
-2155.013580
  0
POINT
  8
3
 10
-58815.161133
 20
-2152.747345
  0
POINT
  8
3
 10
-58815.966797
 20
-2150.200806
  0
POINT
  8
3
 10
-58816.728516
 20
-2147.480011
  0
POINT
  8
3
 10
-58817.446289
 20
-2144.539337
  0
POINT
  8
3
 10
-58818.188477
 20
-2141.103668
  0
POINT
  8
3
 10
-58819.760742
 20
-2132.915649
  0
POINT
  8
3
 10
-58820.507813
 20
-2129.210968
  0
POINT
  8
3
 10
-58821.166992
 20
-2126.313629
  0
POINT
  8
3
 10
-58821.796875
 20
-2123.829956
  0
POINT
  8
3
 10
-58822.426758
 20
-2121.637421
  0
POINT
  8
3
 10
-58823.012695
 20
-2119.819183
  0
POINT
  8
3
 10
-58823.544922
 20
-2118.360138
  0
POINT
  8
3
 10
-58824.072266
 20
-2117.098846
  0
POINT
  8
3
 10
-58824.614258
 20
-2115.950775
  0
POINT
  8
3
 10
-58825.219727
 20
-2114.814606
  0
POINT
  8
3
 10
-58826.005859
 20
-2113.485413
  0
POINT
  8
3
 10
-58826.855469
 20
-2112.171631
  0
POINT
  8
3
 10
-58827.622070
 20
-2111.090393
  0
POINT
  8
3
 10
-58828.203125
 20
-2110.350494
  0
POINT
  8
3
 10
-58828.652344
 20
-2109.844666
  0
POINT
  8
3
 10
-58829.262695
 20
-2109.244080
  0
POINT
  8
3
 10
-58830.244141
 20
-2108.369446
  0
POINT
  8
3
 10
-58831.899414
 20
-2107.012177
  0
POINT
  8
3
 10
-58834.804688
 20
-2104.750824
  0
POINT
  8
3
 10
-58839.370117
 20
-2094.417572
  0
POINT
  8
3
 10
-58839.965820
 20
-2084.464722
  0
POINT
  8
3
 10
-58840.444336
 20
-2075.273132
  0
POINT
  8
3
 10
-58840.800781
 20
-2066.636353
  0
POINT
  8
3
 10
-58841.093750
 20
-2057.398529
  0
POINT
  8
3
 10
-58841.337891
 20
-2046.964264
  0
POINT
  8
3
 10
-58774.790039
 20
-1869.568634
  0
POINT
  8
3
 10
-58765.595703
 20
-1870.985413
  0
POINT
  8
3
 10
-58757.275391
 20
-1872.201691
  0
POINT
  8
3
 10
-58749.829102
 20
-1873.210144
  0
POINT
  8
3
 10
-58742.016602
 20
-1874.183350
  0
POINT
  8
3
 10
-58734.189453
 20
-1875.073395
  0
POINT
  8
3
 10
-58725.996094
 20
-1875.917358
  0
POINT
  8
3
 10
-58718.461914
 20
-1876.614685
  0
POINT
  8
3
 10
-58710.976563
 20
-1877.227631
  0
POINT
  8
3
 10
-58703.852539
 20
-1877.730713
  0
POINT
  8
3
 10
-58696.733398
 20
-1878.149109
  0
POINT
  8
3
 10
-58689.506836
 20
-1878.486328
  0
POINT
  8
3
 10
-58681.396484
 20
-1878.778839
  0
POINT
  8
3
 10
-58672.626953
 20
-1879.010620
  0
POINT
  8
3
 10
-58654.272461
 20
-1879.008026
  0
POINT
  8
3
 10
-58645.200195
 20
-1878.767090
  0
POINT
  8
3
 10
-58636.943359
 20
-1878.465576
  0
POINT
  8
3
 10
-58629.672852
 20
-1878.118591
  0
POINT
  8
3
 10
-58622.592773
 20
-1877.694702
  0
POINT
  8
3
 10
-58615.507813
 20
-1877.189178
  0
POINT
  8
3
 10
-58608.046875
 20
-1876.573944
  0
POINT
  8
3
 10
-58600.449219
 20
-1875.864716
  0
POINT
  8
3
 10
-58592.622070
 20
-1875.052338
  0
POINT
  8
3
 10
-58584.804688
 20
-1874.158478
  0
POINT
  8
3
 10
-58576.992188
 20
-1873.183899
  0
POINT
  8
3
 10
-58569.062500
 20
-1872.111206
  0
POINT
  8
3
 10
-58560.898438
 20
-1870.921783
  0
POINT
  8
3
 10
-58552.739258
 20
-1869.650574
  0
POINT
  8
3
 10
-58544.218750
 20
-1868.239136
  0
POINT
  8
3
 10
-58535.312500
 20
-1866.678009
  0
POINT
  8
3
 10
-58525.419922
 20
-1864.858398
  0
POINT
  8
3
 10
-58515.668945
 20
-1862.998657
  0
POINT
  8
3
 10
-58510.805664
 20
-1862.058868
  0
POINT
  8
3
 10
-58500.117188
 20
-1870.572357
  0
POINT
  8
3
 10
-58498.457031
 20
-1880.916901
  0
POINT
  8
3
 10
-58496.909180
 20
-1890.954590
  0
POINT
  8
3
 10
-58495.395508
 20
-1901.221161
  0
POINT
  8
3
 10
-58494.077148
 20
-1910.749512
  0
POINT
  8
3
 10
-58492.866211
 20
-1920.118408
  0
POINT
  8
3
 10
-58491.689453
 20
-1929.870911
  0
POINT
  8
3
 10
-58490.600586
 20
-1939.626770
  0
POINT
  8
3
 10
-58489.628906
 20
-1949.024353
  0
POINT
  8
3
 10
-58488.779297
 20
-1958.062134
  0
POINT
  8
3
 10
-58488.041992
 20
-1966.738129
  0
POINT
  8
3
 10
-58487.392578
 20
-1975.428619
  0
POINT
  8
3
 10
-58486.855469
 20
-1983.727112
  0
POINT
  8
3
 10
-58486.401367
 20
-1992.059784
  0
POINT
  8
3
 10
-58486.049805
 20
-2000.020752
  0
POINT
  8
3
 10
-58485.786133
 20
-2007.987823
  0
POINT
  8
3
 10
-58485.600586
 20
-2016.104431
  0
POINT
  8
3
 10
-58485.493164
 20
-2024.446869
  0
POINT
  8
3
 10
-58485.473633
 20
-2032.783356
  0
POINT
  8
3
 10
-58485.537109
 20
-2041.491547
  0
POINT
  8
3
 10
-58485.688477
 20
-2050.580597
  0
POINT
  8
3
 10
-58485.927734
 20
-2059.661102
  0
POINT
  8
3
 10
-58486.254883
 20
-2068.739166
  0
POINT
  8
3
 10
-58486.665039
 20
-2077.813568
  0
POINT
  8
3
 10
-58487.216797
 20
-2087.847290
  0
POINT
  8
3
 10
-58487.744141
 20
-2096.335907
  0
POINT
  8
3
 10
-58492.167969
 20
-2104.746399
  0
POINT
  8
3
 10
-58495.078125
 20
-2107.012177
  0
POINT
  8
3
 10
-58496.733398
 20
-2108.369446
  0
POINT
  8
3
 10
-58497.714844
 20
-2109.244080
  0
POINT
  8
3
 10
-58498.325195
 20
-2109.844666
  0
POINT
  8
3
 10
-58498.774414
 20
-2110.350494
  0
POINT
  8
3
 10
-58499.355469
 20
-2111.090393
  0
POINT
  8
3
 10
-58500.122070
 20
-2112.171631
  0
POINT
  8
3
 10
-58500.971680
 20
-2113.485413
  0
POINT
  8
3
 10
-58501.757813
 20
-2114.814606
  0
POINT
  8
3
 10
-58502.363281
 20
-2115.950775
  0
POINT
  8
3
 10
-58502.905273
 20
-2117.098846
  0
POINT
  8
3
 10
-58503.432617
 20
-2118.360138
  0
POINT
  8
3
 10
-58503.964844
 20
-2119.819183
  0
POINT
  8
3
 10
-58504.550781
 20
-2121.637421
  0
POINT
  8
3
 10
-58505.180664
 20
-2123.829956
  0
POINT
  8
3
 10
-58505.810547
 20
-2126.313629
  0
POINT
  8
3
 10
-58506.469727
 20
-2129.210968
  0
POINT
  8
3
 10
-58507.216797
 20
-2132.915649
  0
POINT
  8
3
 10
-58508.789063
 20
-2141.103668
  0
POINT
  8
3
 10
-58509.531250
 20
-2144.539337
  0
POINT
  8
3
 10
-58510.249023
 20
-2147.480011
  0
POINT
  8
3
 10
-58511.010742
 20
-2150.200806
  0
POINT
  8
3
 10
-58511.816406
 20
-2152.747345
  0
POINT
  8
3
 10
-58512.626953
 20
-2155.013580
  0
POINT
  8
3
 10
-58513.452148
 20
-2157.010498
  0
POINT
  8
3
 10
-58514.345703
 20
-2158.914490
  0
POINT
  8
3
 10
-58515.024414
 20
-2160.159912
  0
POINT
  8
3
 10
-58515.410156
 20
-2160.852356
  0
POINT
  8
3
 10
-58515.639648
 20
-2161.245728
  0
POINT
  8
3
 10
-58515.971680
 20
-2161.792603
  0
POINT
  8
3
 10
-58516.328125
 20
-2162.351837
  0
POINT
  8
3
 10
-58516.708984
 20
-2162.926331
  0
POINT
  8
3
 10
-58517.104492
 20
-2163.489990
  0
POINT
  8
3
 10
-58517.495117
 20
-2164.024200
  0
POINT
  8
3
 10
-58517.866211
 20
-2164.514771
  0
POINT
  8
3
 10
-58518.276367
 20
-2165.025635
  0
POINT
  8
3
 10
-58518.652344
 20
-2165.469513
  0
POINT
  8
3
 10
-58519.033203
 20
-2165.903625
  0
POINT
  8
3
 10
-58519.492188
 20
-2166.396484
  0
POINT
  8
3
 10
-58519.960938
 20
-2166.874847
  0
POINT
  8
3
 10
-58520.439453
 20
-2167.338867
  0
POINT
  8
3
 10
-58520.927734
 20
-2167.788696
  0
POINT
  8
3
 10
-58521.430664
 20
-2168.224335
  0
POINT
  8
3
 10
-58521.933594
 20
-2168.645935
  0
POINT
  8
3
 10
-58522.451172
 20
-2169.053802
  0
POINT
  8
3
 10
-58522.978516
 20
-2169.447784
  0
POINT
  8
3
 10
-58523.510742
 20
-2169.828033
  0
POINT
  8
3
 10
-58524.052734
 20
-2170.194702
  0
POINT
  8
3
 10
-58524.599609
 20
-2170.547638
  0
POINT
  8
3
 10
-58525.156250
 20
-2170.886993
  0
POINT
  8
3
 10
-58525.722656
 20
-2171.212769
  0
POINT
  8
3
 10
-58526.293945
 20
-2171.524963
  0
POINT
  8
3
 10
-58526.870117
 20
-2171.823425
  0
POINT
  8
3
 10
-58527.456055
 20
-2172.108002
  0
POINT
  8
3
 10
-58528.051758
 20
-2172.378845
  0
POINT
  8
3
 10
-58528.647461
 20
-2172.635651
  0
POINT
  8
3
 10
-58529.257813
 20
-2172.878265
  0
POINT
  8
3
 10
-58529.868164
 20
-2173.106689
  0
POINT
  8
3
 10
-58530.488281
 20
-2173.320465
  0
POINT
  8
3
 10
-58531.113281
 20
-2173.519440
  0
POINT
  8
3
 10
-58531.743164
 20
-2173.703461
  0
POINT
  8
3
 10
-58532.382813
 20
-2173.872223
  0
POINT
  8
3
 10
-58533.027344
 20
-2174.025269
  0
POINT
  8
3
 10
-58533.676758
 20
-2174.162292
  0
POINT
  8
3
 10
-58534.331055
 20
-2174.282837
  0
POINT
  8
3
 10
-58534.995117
 20
-2174.386597
  0
POINT
  8
3
 10
-58535.668945
 20
-2174.474182
  0
POINT
  8
3
 10
-58536.279297
 20
-2174.538422
  0
POINT
  8
3
 10
-58536.928711
 20
-2174.592896
  0
POINT
  8
3
 10
-58537.592773
 20
-2174.634857
  0
POINT
  8
3
 10
-58538.251953
 20
-2174.663391
  0
POINT
  8
3
 10
-58538.911133
 20
-2174.679413
  0
POINT
  8
3
 10
-58550.693359
 20
-2174.681244
  0
POINT
  8
3
 10
-58653.613281
 20
-2174.681244
  0
POINT
  8
4
 10
-58550.693359
 20
-2174.681244
 30
1.000000
 50
 76.31
  0
TEXT
  8
4
 10
-58550.693359
 20
-2174.681244
 40
0.000000
 50
0.000000
  1
# 442
  0
POINT
  8
4
 10
-58653.613281
 20
-2174.681244
 30
1.000000
 50
 76.31
  0
TEXT
  8
4
 10
-58653.613281
 20
-2174.681244
 40
0.000000
 50
0.000000
  1
# 443
  0
POLYLINE
  8
14
  66
1
  70
1
  0
VERTEX
  8
14
  10
-58663.364258
  20
-2164.681244
  0
VERTEX
  8
14
  10
-58787.373047
  20
-2164.681244
  0
VERTEX
  8
14
  10
-58787.918708
  20
-2164.680501
  0
VERTEX
  8
14
  10
-58788.387503
  20
-2164.669077
  0
VERTEX
  8
14
  10
-58788.854667
  20
-2164.648848
  0
VERTEX
  8
14
  10
-58789.319345
  20
-2164.619605
  0
VERTEX
  8
14
  10
-58789.757020
  20
-2164.582954
  0
VERTEX
  8
14
  10
-58790.151760
  20
-2164.541369
  0
VERTEX
  8
14
  10
-58790.566032
  20
-2164.487695
  0
VERTEX
  8
14
  10
-58790.965826
  20
-2164.424988
  0
VERTEX
  8
14
  10
-58791.364988
  20
-2164.351577
  0
VERTEX
  8
14
  10
-58791.763216
  20
-2164.267617
  0
VERTEX
  8
14
  10
-58792.160205
  20
-2164.173264
  0
VERTEX
  8
14
  10
-58792.555652
  20
-2164.068672
  0
VERTEX
  8
14
  10
-58792.949253
  20
-2163.953997
  0
VERTEX
  8
14
  10
-58793.340707
  20
-2163.829395
  0
VERTEX
  8
14
  10
-58793.729706
  20
-2163.695022
  0
VERTEX
  8
14
  10
-58794.115948
  20
-2163.551032
  0
VERTEX
  8
14
  10
-58794.499131
  20
-2163.397581
  0
VERTEX
  8
14
  10
-58794.878949
  20
-2163.234825
  0
VERTEX
  8
14
  10
-58795.255099
  20
-2163.062918
  0
VERTEX
  8
14
  10
-58795.627279
  20
-2162.882017
  0
VERTEX
  8
14
  10
-58795.995184
  20
-2162.692276
  0
VERTEX
  8
14
  10
-58796.358510
  20
-2162.493853
  0
VERTEX
  8
14
  10
-58796.716953
  20
-2162.286900
  0
VERTEX
  8
14
  10
-58797.070210
  20
-2162.071575
  0
VERTEX
  8
14
  10
-58797.417978
  20
-2161.848033
  0
VERTEX
  8
14
  10
-58797.759953
  20
-2161.616428
  0
VERTEX
  8
14
  10
-58798.095831
  20
-2161.376917
  0
VERTEX
  8
14
  10
-58798.425308
  20
-2161.129655
  0
VERTEX
  8
14
  10
-58798.748081
  20
-2160.874797
  0
VERTEX
  8
14
  10
-58799.063846
  20
-2160.612499
  0
VERTEX
  8
14
  10
-58799.372299
  20
-2160.342916
  0
VERTEX
  8
14
  10
-58799.673137
  20
-2160.066204
  0
VERTEX
  8
14
  10
-58799.966056
  20
-2159.782517
  0
VERTEX
  8
14
  10
-58800.250752
  20
-2159.492013
  0
VERTEX
  8
14
  10
-58800.526923
  20
-2159.194846
  0
VERTEX
  8
14
  10
-58800.756624
  20
-2158.934945
  0
VERTEX
  8
14
  10
-58800.979227
  20
-2158.670872
  0
VERTEX
  8
14
  10
-58801.230451
  20
-2158.357457
  0
VERTEX
  8
14
  10
-58801.470689
  20
-2158.042773
  0
VERTEX
  8
14
  10
-58801.729908
  20
-2157.687199
  0
VERTEX
  8
14
  10
-58801.999348
  20
-2157.300167
  0
VERTEX
  8
14
  10
-58802.267513
  20
-2156.897175
  0
VERTEX
  8
14
  10
-58802.519595
  20
-2156.501503
  0
VERTEX
  8
14
  10
-58802.751985
  20
-2156.120771
  0
VERTEX
  8
14
  10
-58802.968750
  20
-2155.747375
  0
VERTEX
  8
14
  10
-58803.717059
  20
-2154.380187
  0
VERTEX
  8
14
  10
-58804.374486
  20
-2152.982163
  0
VERTEX
  8
14
  10
-58805.015361
  20
-2151.428113
  0
VERTEX
  8
14
  10
-58805.680500
  20
-2149.564373
  0
VERTEX
  8
14
  10
-58806.382257
  20
-2147.346423
  0
VERTEX
  8
14
  10
-58807.052759
  20
-2144.946875
  0
VERTEX
  8
14
  10
-58807.701953
  20
-2142.298287
  0
VERTEX
  8
14
  10
-58808.390374
  20
-2139.107556
  0
VERTEX
  8
14
  10
-58809.941478
  20
-2131.020822
  0
VERTEX
  8
14
  10
-58810.730605
  20
-2127.120234
  0
VERTEX
  8
14
  10
-58811.440986
  20
-2123.979624
  0
VERTEX
  8
14
  10
-58812.143792
  20
-2121.219493
  0
VERTEX
  8
14
  10
-58812.859210
  20
-2118.725557
  0
VERTEX
  8
14
  10
-58813.553558
  20
-2116.572551
  0
VERTEX
  8
14
  10
-58814.229497
  20
-2114.723967
  0
VERTEX
  8
14
  10
-58814.931089
  20
-2113.039774
  0
VERTEX
  8
14
  10
-58815.676641
  20
-2111.462015
  0
VERTEX
  8
14
  10
-58816.501371
  20
-2109.913963
  0
VERTEX
  8
14
  10
-58817.503824
  20
-2108.219582
  0
VERTEX
  8
14
  10
-58818.574543
  20
-2106.564022
  0
VERTEX
  8
14
  10
-58819.610832
  20
-2105.105402
  0
VERTEX
  8
14
  10
-58820.534510
  20
-2103.931700
  0
VERTEX
  8
14
  10
-58821.397844
  20
-2102.963538
  0
VERTEX
  8
14
  10
-58822.419184
  20
-2101.950751
  0
VERTEX
  8
14
  10
-58823.755968
  20
-2100.760589
  0
VERTEX
  8
14
  10
-58825.671190
  20
-2099.187209
  0
VERTEX
  8
14
  10
-58828.154297
  20
-2097.311096
  0
VERTEX
  8
14
  10
-58828.391636
  20
-2093.713844
  0
VERTEX
  8
14
  10
-58828.983987
  20
-2083.849737
  0
VERTEX
  8
14
  10
-58829.454271
  20
-2074.756921
  0
VERTEX
  8
14
  10
-58829.808994
  20
-2066.235531
  0
VERTEX
  8
14
  10
-58830.099486
  20
-2057.096669
  0
VERTEX
  8
14
  10
-58830.338352
  20
-2046.756276
  0
VERTEX
  8
14
  10
-58830.468750
  20
-2036.353455
  0
VERTEX
  8
14
  10
-58776.625977
  20
-1879.394989
  0
VERTEX
  8
14
  10
-58767.085733
  20
-1880.873834
  0
VERTEX
  8
14
  10
-58758.670571
  20
-1882.103823
  0
VERTEX
  8
14
  10
-58751.120238
  20
-1883.126566
  0
VERTEX
  8
14
  10
-58743.199244
  20
-1884.113151
  0
VERTEX
  8
14
  10
-58735.267955
  20
-1885.015112
  0
VERTEX
  8
14
  10
-58726.966348
  20
-1885.870026
  0
VERTEX
  8
14
  10
-58719.331375
  20
-1886.576762
  0
VERTEX
  8
14
  10
-58711.737182
  20
-1887.198675
  0
VERTEX
  8
14
  10
-58704.499010
  20
-1887.709806
  0
VERTEX
  8
14
  10
-58697.255949
  20
-1888.135403
  0
VERTEX
  8
14
  10
-58689.917049
  20
-1888.477887
  0
VERTEX
  8
14
  10
-58681.707409
  20
-1888.773935
  0
VERTEX
  8
14
  10
-58672.843720
  20
-1889.008227
  0
VERTEX
  8
14
  10
-58663.422852
  20
-1889.161530
  0
VERTEX
  8
14
  10
-58654.052382
  20
-1889.005687
  0
VERTEX
  8
14
  10
-58644.885283
  20
-1888.762141
  0
VERTEX
  8
14
  10
-58636.525836
  20
-1888.456730
  0
VERTEX
  8
14
  10
-58629.136383
  20
-1888.104102
  0
VERTEX
  8
14
  10
-58621.936084
  20
-1887.673257
  0
VERTEX
  8
14
  10
-58614.740583
  20
-1887.159782
  0
VERTEX
  8
14
  10
-58607.172455
  20
-1886.535451
  0
VERTEX
  8
14
  10
-58599.467157
  20
-1885.816600
  0
VERTEX
  8
14
  10
-58591.536880
  20
-1884.993385
  0
VERTEX
  8
14
  10
-58583.615949
  20
-1884.087711
  0
VERTEX
  8
14
  10
-58575.704875
  20
-1883.100536
  0
VERTEX
  8
14
  10
-58567.670418
  20
-1882.014047
  0
VERTEX
  8
14
  10
-58559.405326
  20
-1880.809841
  0
VERTEX
  8
14
  10
-58551.152374
  20
-1879.523810
  0
VERTEX
  8
14
  10
-58542.537553
  20
-1878.096928
  0
VERTEX
  8
14
  10
-58533.541024
  20
-1876.520061
  0
VERTEX
  8
14
  10
-58523.576860
  20
-1874.686847
  0
VERTEX
  8
14
  10
-58513.767233
  20
-1872.815748
  0
VERTEX
  8
14
  10
-58510.991211
  20
-1872.274017
  0
VERTEX
  8
14
  10
-58509.325320
  20
-1882.629469
  0
VERTEX
  8
14
  10
-58507.784225
  20
-1892.600559
  0
VERTEX
  8
14
  10
-58506.283868
  20
-1902.778436
  0
VERTEX
  8
14
  10
-58504.978877
  20
-1912.208328
  0
VERTEX
  8
14
  10
-58503.778929
  20
-1921.482801
  0
VERTEX
  8
14
  10
-58502.615261
  20
-1931.139094
  0
VERTEX
  8
14
  10
-58501.536032
  20
-1940.801125
  0
VERTEX
  8
14
  10
-58500.577216
  20
-1950.104014
  0
VERTEX
  8
14
  10
-58499.736023
  20
-1959.042376
  0
VERTEX
  8
14
  10
-58499.009190
  20
-1967.615216
  0
VERTEX
  8
14
  10
-58498.366116
  20
-1976.194718
  0
VERTEX
  8
14
  10
-58497.836062
  20
-1984.381815
  0
VERTEX
  8
14
  10
-58497.389025
  20
-1992.599470
  0
VERTEX
  8
14
  10
-58497.043720
  20
-2000.447537
  0
VERTEX
  8
14
  10
-58496.780155
  20
-2008.298654
  0
VERTEX
  8
14
  10
-58496.596891
  20
-2016.298494
  0
VERTEX
  8
14
  10
-58496.494536
  20
-2024.527460
  0
VERTEX
  8
14
  10
-58496.474546
  20
-2032.757218
  0
VERTEX
  8
14
  10
-58496.536274
  20
-2041.361035
  0
VERTEX
  8
14
  10
-58496.685905
  20
-2050.344692
  0
VERTEX
  8
14
  10
-58496.921547
  20
-2059.319560
  0
VERTEX
  8
14
  10
-58497.243555
  20
-2068.291547
  0
VERTEX
  8
14
  10
-58497.652203
  20
-2077.259716
  0
VERTEX
  8
14
  10
-58498.198719
  20
-2087.201042
  0
VERTEX
  8
14
  10
-58498.867188
  20
-2097.309418
  0
VERTEX
  8
14
  10
-58501.306349
  20
-2099.187209
  0
VERTEX
  8
14
  10
-58503.221572
  20
-2100.760589
  0
VERTEX
  8
14
  10
-58504.558355
  20
-2101.950751
  0
VERTEX
  8
14
  10
-58505.579695
  20
-2102.963538
  0
VERTEX
  8
14
  10
-58506.443029
  20
-2103.931700
  0
VERTEX
  8
14
  10
-58507.366707
  20
-2105.105402
  0
VERTEX
  8
14
  10
-58508.402996
  20
-2106.564022
  0
VERTEX
  8
14
  10
-58509.473716
  20
-2108.219582
  0
VERTEX
  8
14
  10
-58510.476168
  20
-2109.913963
  0
VERTEX
  8
14
  10
-58511.300898
  20
-2111.462015
  0
VERTEX
  8
14
  10
-58512.046450
  20
-2113.039774
  0
VERTEX
  8
14
  10
-58512.748043
  20
-2114.723967
  0
VERTEX
  8
14
  10
-58513.423981
  20
-2116.572551
  0
VERTEX
  8
14
  10
-58514.118329
  20
-2118.725557
  0
VERTEX
  8
14
  10
-58514.833747
  20
-2121.219493
  0
VERTEX
  8
14
  10
-58515.536553
  20
-2123.979624
  0
VERTEX
  8
14
  10
-58516.246934
  20
-2127.120234
  0
VERTEX
  8
14
  10
-58517.036061
  20
-2131.020822
  0
VERTEX
  8
14
  10
-58518.587165
  20
-2139.107556
  0
VERTEX
  8
14
  10
-58519.275586
  20
-2142.298287
  0
VERTEX
  8
14
  10
-58519.924780
  20
-2144.946875
  0
VERTEX
  8
14
  10
-58520.595282
  20
-2147.346423
  0
VERTEX
  8
14
  10
-58521.297039
  20
-2149.564373
  0
VERTEX
  8
14
  10
-58521.962178
  20
-2151.428113
  0
VERTEX
  8
14
  10
-58522.603053
  20
-2152.982163
  0
VERTEX
  8
14
  10
-58523.260481
  20
-2154.380187
  0
VERTEX
  8
14
  10
-58524.008789
  20
-2155.747375
  0
VERTEX
  8
14
  10
-58524.225554
  20
-2156.120771
  0
VERTEX
  8
14
  10
-58524.457944
  20
-2156.501503
  0
VERTEX
  8
14
  10
-58524.710026
  20
-2156.897175
  0
VERTEX
  8
14
  10
-58524.978191
  20
-2157.300167
  0
VERTEX
  8
14
  10
-58525.247631
  20
-2157.687199
  0
VERTEX
  8
14
  10
-58525.506850
  20
-2158.042773
  0
VERTEX
  8
14
  10
-58525.747088
  20
-2158.357457
  0
VERTEX
  8
14
  10
-58525.998312
  20
-2158.670872
  0
VERTEX
  8
14
  10
-58526.220915
  20
-2158.934945
  0
VERTEX
  8
14
  10
-58526.450617
  20
-2159.194846
  0
VERTEX
  8
14
  10
-58526.726787
  20
-2159.492013
  0
VERTEX
  8
14
  10
-58527.011483
  20
-2159.782517
  0
VERTEX
  8
14
  10
-58527.304402
  20
-2160.066204
  0
VERTEX
  8
14
  10
-58527.605240
  20
-2160.342916
  0
VERTEX
  8
14
  10
-58527.913694
  20
-2160.612499
  0
VERTEX
  8
14
  10
-58528.229458
  20
-2160.874797
  0
VERTEX
  8
14
  10
-58528.552231
  20
-2161.129655
  0
VERTEX
  8
14
  10
-58528.881708
  20
-2161.376917
  0
VERTEX
  8
14
  10
-58529.217586
  20
-2161.616428
  0
VERTEX
  8
14
  10
-58529.559561
  20
-2161.848033
  0
VERTEX
  8
14
  10
-58529.907329
  20
-2162.071575
  0
VERTEX
  8
14
  10
-58530.260586
  20
-2162.286900
  0
VERTEX
  8
14
  10
-58530.619030
  20
-2162.493853
  0
VERTEX
  8
14
  10
-58530.982355
  20
-2162.692276
  0
VERTEX
  8
14
  10
-58531.350261
  20
-2162.882017
  0
VERTEX
  8
14
  10
-58531.722440
  20
-2163.062918
  0
VERTEX
  8
14
  10
-58532.098590
  20
-2163.234825
  0
VERTEX
  8
14
  10
-58532.478409
  20
-2163.397581
  0
VERTEX
  8
14
  10
-58532.861591
  20
-2163.551032
  0
VERTEX
  8
14
  10
-58533.247833
  20
-2163.695022
  0
VERTEX
  8
14
  10
-58533.636832
  20
-2163.829395
  0
VERTEX
  8
14
  10
-58534.028286
  20
-2163.953997
  0
VERTEX
  8
14
  10
-58534.421887
  20
-2164.068672
  0
VERTEX
  8
14
  10
-58534.817334
  20
-2164.173264
  0
VERTEX
  8
14
  10
-58535.214323
  20
-2164.267617
  0
VERTEX
  8
14
  10
-58535.612551
  20
-2164.351577
  0
VERTEX
  8
14
  10
-58536.011713
  20
-2164.424988
  0
VERTEX
  8
14
  10
-58536.411507
  20
-2164.487695
  0
VERTEX
  8
14
  10
-58536.825779
  20
-2164.541369
  0
VERTEX
  8
14
  10
-58537.220519
  20
-2164.582954
  0
VERTEX
  8
14
  10
-58537.658195
  20
-2164.619605
  0
VERTEX
  8
14
  10
-58538.122872
  20
-2164.648848
  0
VERTEX
  8
14
  10
-58538.590036
  20
-2164.669077
  0
VERTEX
  8
14
  10
-58539.058831
  20
-2164.680501
  0
VERTEX
  8
14
  10
-58539.604492
  20
-2164.681244
  0
VERTEX
  8
14
  10
-58548.256836
  20
-2164.681244
  0
VERTEX
  8
14
  10
-58651.176758
  20
-2164.681244
  0
SEQEND
  8
14
  0
POINT
  8
2
 10
-58663.364258
 20
-2164.681244
  0
TEXT
  8
2
 10
-58663.364258
 20
-2164.681244
 40
0.000000
 50
0.000000
  1
# 444
  0
POINT
  8
2
 10
-58787.373047
 20
-2164.681244
  0
TEXT
  8
2
 10
-58787.373047
 20
-2164.681244
 40
0.000000
 50
0.000000
  1
# 445
  0
POINT
  8
2
 10
-58802.968750
 20
-2155.747375
  0
TEXT
  8
2
 10
-58802.968750
 20
-2155.747375
 40
0.000000
 50
0.000000
  1
# 446
  0
POINT
  8
2
 10
-58828.154297
 20
-2097.311096
  0
TEXT
  8
2
 10
-58828.154297
 20
-2097.311096
 40
0.000000
 50
0.000000
  1
# 447
  0
POINT
  8
2
 10
-58830.468750
 20
-2036.353455
  0
TEXT
  8
2
 10
-58830.468750
 20
-2036.353455
 40
0.000000
 50
0.000000
  1
# 448
  0
POINT
  8
2
 10
-58776.625977
 20
-1879.394989
  0
TEXT
  8
2
 10
-58776.625977
 20
-1879.394989
 40
0.000000
 50
0.000000
  1
# 449
  0
POINT
  8
2
 10
-58663.422852
 20
-1889.161530
  0
TEXT
  8
2
 10
-58663.422852
 20
-1889.161530
 40
0.000000
 50
0.000000
  1
# 450
  0
POINT
  8
2
 10
-58510.991211
 20
-1872.274017
  0
TEXT
  8
2
 10
-58510.991211
 20
-1872.274017
 40
0.000000
 50
0.000000
  1
# 451
  0
POINT
  8
2
 10
-58498.867188
 20
-2097.309418
  0
TEXT
  8
2
 10
-58498.867188
 20
-2097.309418
 40
0.000000
 50
0.000000
  1
# 452
  0
POINT
  8
2
 10
-58524.008789
 20
-2155.747375
  0
TEXT
  8
2
 10
-58524.008789
 20
-2155.747375
 40
0.000000
 50
0.000000
  1
# 453
  0
POINT
  8
2
 10
-58539.604492
 20
-2164.681244
  0
TEXT
  8
2
 10
-58539.604492
 20
-2164.681244
 40
0.000000
 50
0.000000
  1
# 454
  0
POINT
  8
3
 10
-58787.918708
 20
-2164.680501
  0
POINT
  8
3
 10
-58788.387503
 20
-2164.669077
  0
POINT
  8
3
 10
-58788.854667
 20
-2164.648848
  0
POINT
  8
3
 10
-58789.319345
 20
-2164.619605
  0
POINT
  8
3
 10
-58789.757020
 20
-2164.582954
  0
POINT
  8
3
 10
-58790.151760
 20
-2164.541369
  0
POINT
  8
3
 10
-58790.566032
 20
-2164.487695
  0
POINT
  8
3
 10
-58790.965826
 20
-2164.424988
  0
POINT
  8
3
 10
-58791.364988
 20
-2164.351577
  0
POINT
  8
3
 10
-58791.763216
 20
-2164.267617
  0
POINT
  8
3
 10
-58792.160205
 20
-2164.173264
  0
POINT
  8
3
 10
-58792.555652
 20
-2164.068672
  0
POINT
  8
3
 10
-58792.949253
 20
-2163.953997
  0
POINT
  8
3
 10
-58793.340707
 20
-2163.829395
  0
POINT
  8
3
 10
-58793.729706
 20
-2163.695022
  0
POINT
  8
3
 10
-58794.115948
 20
-2163.551032
  0
POINT
  8
3
 10
-58794.499131
 20
-2163.397581
  0
POINT
  8
3
 10
-58794.878949
 20
-2163.234825
  0
POINT
  8
3
 10
-58795.255099
 20
-2163.062918
  0
POINT
  8
3
 10
-58795.627279
 20
-2162.882017
  0
POINT
  8
3
 10
-58795.995184
 20
-2162.692276
  0
POINT
  8
3
 10
-58796.358510
 20
-2162.493853
  0
POINT
  8
3
 10
-58796.716953
 20
-2162.286900
  0
POINT
  8
3
 10
-58797.070210
 20
-2162.071575
  0
POINT
  8
3
 10
-58797.417978
 20
-2161.848033
  0
POINT
  8
3
 10
-58797.759953
 20
-2161.616428
  0
POINT
  8
3
 10
-58798.095831
 20
-2161.376917
  0
POINT
  8
3
 10
-58798.425308
 20
-2161.129655
  0
POINT
  8
3
 10
-58798.748081
 20
-2160.874797
  0
POINT
  8
3
 10
-58799.063846
 20
-2160.612499
  0
POINT
  8
3
 10
-58799.372299
 20
-2160.342916
  0
POINT
  8
3
 10
-58799.673137
 20
-2160.066204
  0
POINT
  8
3
 10
-58799.966056
 20
-2159.782517
  0
POINT
  8
3
 10
-58800.250752
 20
-2159.492013
  0
POINT
  8
3
 10
-58800.526923
 20
-2159.194846
  0
POINT
  8
3
 10
-58800.756624
 20
-2158.934945
  0
POINT
  8
3
 10
-58800.979227
 20
-2158.670872
  0
POINT
  8
3
 10
-58801.230451
 20
-2158.357457
  0
POINT
  8
3
 10
-58801.470689
 20
-2158.042773
  0
POINT
  8
3
 10
-58801.729908
 20
-2157.687199
  0
POINT
  8
3
 10
-58801.999348
 20
-2157.300167
  0
POINT
  8
3
 10
-58802.267513
 20
-2156.897175
  0
POINT
  8
3
 10
-58802.519595
 20
-2156.501503
  0
POINT
  8
3
 10
-58802.751985
 20
-2156.120771
  0
POINT
  8
3
 10
-58803.717059
 20
-2154.380187
  0
POINT
  8
3
 10
-58804.374486
 20
-2152.982163
  0
POINT
  8
3
 10
-58805.015361
 20
-2151.428113
  0
POINT
  8
3
 10
-58805.680500
 20
-2149.564373
  0
POINT
  8
3
 10
-58806.382257
 20
-2147.346423
  0
POINT
  8
3
 10
-58807.052759
 20
-2144.946875
  0
POINT
  8
3
 10
-58807.701953
 20
-2142.298287
  0
POINT
  8
3
 10
-58808.390374
 20
-2139.107556
  0
POINT
  8
3
 10
-58809.941478
 20
-2131.020822
  0
POINT
  8
3
 10
-58810.730605
 20
-2127.120234
  0
POINT
  8
3
 10
-58811.440986
 20
-2123.979624
  0
POINT
  8
3
 10
-58812.143792
 20
-2121.219493
  0
POINT
  8
3
 10
-58812.859210
 20
-2118.725557
  0
POINT
  8
3
 10
-58813.553558
 20
-2116.572551
  0
POINT
  8
3
 10
-58814.229497
 20
-2114.723967
  0
POINT
  8
3
 10
-58814.931089
 20
-2113.039774
  0
POINT
  8
3
 10
-58815.676641
 20
-2111.462015
  0
POINT
  8
3
 10
-58816.501371
 20
-2109.913963
  0
POINT
  8
3
 10
-58817.503824
 20
-2108.219582
  0
POINT
  8
3
 10
-58818.574543
 20
-2106.564022
  0
POINT
  8
3
 10
-58819.610832
 20
-2105.105402
  0
POINT
  8
3
 10
-58820.534510
 20
-2103.931700
  0
POINT
  8
3
 10
-58821.397844
 20
-2102.963538
  0
POINT
  8
3
 10
-58822.419184
 20
-2101.950751
  0
POINT
  8
3
 10
-58823.755968
 20
-2100.760589
  0
POINT
  8
3
 10
-58825.671190
 20
-2099.187209
  0
POINT
  8
3
 10
-58828.391636
 20
-2093.713844
  0
POINT
  8
3
 10
-58828.983987
 20
-2083.849737
  0
POINT
  8
3
 10
-58829.454271
 20
-2074.756921
  0
POINT
  8
3
 10
-58829.808994
 20
-2066.235531
  0
POINT
  8
3
 10
-58830.099486
 20
-2057.096669
  0
POINT
  8
3
 10
-58830.338352
 20
-2046.756276
  0
POINT
  8
3
 10
-58767.085733
 20
-1880.873834
  0
POINT
  8
3
 10
-58758.670571
 20
-1882.103823
  0
POINT
  8
3
 10
-58751.120238
 20
-1883.126566
  0
POINT
  8
3
 10
-58743.199244
 20
-1884.113151
  0
POINT
  8
3
 10
-58735.267955
 20
-1885.015112
  0
POINT
  8
3
 10
-58726.966348
 20
-1885.870026
  0
POINT
  8
3
 10
-58719.331375
 20
-1886.576762
  0
POINT
  8
3
 10
-58711.737182
 20
-1887.198675
  0
POINT
  8
3
 10
-58704.499010
 20
-1887.709806
  0
POINT
  8
3
 10
-58697.255949
 20
-1888.135403
  0
POINT
  8
3
 10
-58689.917049
 20
-1888.477887
  0
POINT
  8
3
 10
-58681.707409
 20
-1888.773935
  0
POINT
  8
3
 10
-58672.843720
 20
-1889.008227
  0
POINT
  8
3
 10
-58654.052382
 20
-1889.005687
  0
POINT
  8
3
 10
-58644.885283
 20
-1888.762141
  0
POINT
  8
3
 10
-58636.525836
 20
-1888.456730
  0
POINT
  8
3
 10
-58629.136383
 20
-1888.104102
  0
POINT
  8
3
 10
-58621.936084
 20
-1887.673257
  0
POINT
  8
3
 10
-58614.740583
 20
-1887.159782
  0
POINT
  8
3
 10
-58607.172455
 20
-1886.535451
  0
POINT
  8
3
 10
-58599.467157
 20
-1885.816600
  0
POINT
  8
3
 10
-58591.536880
 20
-1884.993385
  0
POINT
  8
3
 10
-58583.615949
 20
-1884.087711
  0
POINT
  8
3
 10
-58575.704875
 20
-1883.100536
  0
POINT
  8
3
 10
-58567.670418
 20
-1882.014047
  0
POINT
  8
3
 10
-58559.405326
 20
-1880.809841
  0
POINT
  8
3
 10
-58551.152374
 20
-1879.523810
  0
POINT
  8
3
 10
-58542.537553
 20
-1878.096928
  0
POINT
  8
3
 10
-58533.541024
 20
-1876.520061
  0
POINT
  8
3
 10
-58523.576860
 20
-1874.686847
  0
POINT
  8
3
 10
-58513.767233
 20
-1872.815748
  0
POINT
  8
3
 10
-58509.325320
 20
-1882.629469
  0
POINT
  8
3
 10
-58507.784225
 20
-1892.600559
  0
POINT
  8
3
 10
-58506.283868
 20
-1902.778436
  0
POINT
  8
3
 10
-58504.978877
 20
-1912.208328
  0
POINT
  8
3
 10
-58503.778929
 20
-1921.482801
  0
POINT
  8
3
 10
-58502.615261
 20
-1931.139094
  0
POINT
  8
3
 10
-58501.536032
 20
-1940.801125
  0
POINT
  8
3
 10
-58500.577216
 20
-1950.104014
  0
POINT
  8
3
 10
-58499.736023
 20
-1959.042376
  0
POINT
  8
3
 10
-58499.009190
 20
-1967.615216
  0
POINT
  8
3
 10
-58498.366116
 20
-1976.194718
  0
POINT
  8
3
 10
-58497.836062
 20
-1984.381815
  0
POINT
  8
3
 10
-58497.389025
 20
-1992.599470
  0
POINT
  8
3
 10
-58497.043720
 20
-2000.447537
  0
POINT
  8
3
 10
-58496.780155
 20
-2008.298654
  0
POINT
  8
3
 10
-58496.596891
 20
-2016.298494
  0
POINT
  8
3
 10
-58496.494536
 20
-2024.527460
  0
POINT
  8
3
 10
-58496.474546
 20
-2032.757218
  0
POINT
  8
3
 10
-58496.536274
 20
-2041.361035
  0
POINT
  8
3
 10
-58496.685905
 20
-2050.344692
  0
POINT
  8
3
 10
-58496.921547
 20
-2059.319560
  0
POINT
  8
3
 10
-58497.243555
 20
-2068.291547
  0
POINT
  8
3
 10
-58497.652203
 20
-2077.259716
  0
POINT
  8
3
 10
-58498.198719
 20
-2087.201042
  0
POINT
  8
3
 10
-58501.306349
 20
-2099.187209
  0
POINT
  8
3
 10
-58503.221572
 20
-2100.760589
  0
POINT
  8
3
 10
-58504.558355
 20
-2101.950751
  0
POINT
  8
3
 10
-58505.579695
 20
-2102.963538
  0
POINT
  8
3
 10
-58506.443029
 20
-2103.931700
  0
POINT
  8
3
 10
-58507.366707
 20
-2105.105402
  0
POINT
  8
3
 10
-58508.402996
 20
-2106.564022
  0
POINT
  8
3
 10
-58509.473716
 20
-2108.219582
  0
POINT
  8
3
 10
-58510.476168
 20
-2109.913963
  0
POINT
  8
3
 10
-58511.300898
 20
-2111.462015
  0
POINT
  8
3
 10
-58512.046450
 20
-2113.039774
  0
POINT
  8
3
 10
-58512.748043
 20
-2114.723967
  0
POINT
  8
3
 10
-58513.423981
 20
-2116.572551
  0
POINT
  8
3
 10
-58514.118329
 20
-2118.725557
  0
POINT
  8
3
 10
-58514.833747
 20
-2121.219493
  0
POINT
  8
3
 10
-58515.536553
 20
-2123.979624
  0
POINT
  8
3
 10
-58516.246934
 20
-2127.120234
  0
POINT
  8
3
 10
-58517.036061
 20
-2131.020822
  0
POINT
  8
3
 10
-58518.587165
 20
-2139.107556
  0
POINT
  8
3
 10
-58519.275586
 20
-2142.298287
  0
POINT
  8
3
 10
-58519.924780
 20
-2144.946875
  0
POINT
  8
3
 10
-58520.595282
 20
-2147.346423
  0
POINT
  8
3
 10
-58521.297039
 20
-2149.564373
  0
POINT
  8
3
 10
-58521.962178
 20
-2151.428113
  0
POINT
  8
3
 10
-58522.603053
 20
-2152.982163
  0
POINT
  8
3
 10
-58523.260481
 20
-2154.380187
  0
POINT
  8
3
 10
-58524.225554
 20
-2156.120771
  0
POINT
  8
3
 10
-58524.457944
 20
-2156.501503
  0
POINT
  8
3
 10
-58524.710026
 20
-2156.897175
  0
POINT
  8
3
 10
-58524.978191
 20
-2157.300167
  0
POINT
  8
3
 10
-58525.247631
 20
-2157.687199
  0
POINT
  8
3
 10
-58525.506850
 20
-2158.042773
  0
POINT
  8
3
 10
-58525.747088
 20
-2158.357457
  0
POINT
  8
3
 10
-58525.998312
 20
-2158.670872
  0
POINT
  8
3
 10
-58526.220915
 20
-2158.934945
  0
POINT
  8
3
 10
-58526.450617
 20
-2159.194846
  0
POINT
  8
3
 10
-58526.726787
 20
-2159.492013
  0
POINT
  8
3
 10
-58527.011483
 20
-2159.782517
  0
POINT
  8
3
 10
-58527.304402
 20
-2160.066204
  0
POINT
  8
3
 10
-58527.605240
 20
-2160.342916
  0
POINT
  8
3
 10
-58527.913694
 20
-2160.612499
  0
POINT
  8
3
 10
-58528.229458
 20
-2160.874797
  0
POINT
  8
3
 10
-58528.552231
 20
-2161.129655
  0
POINT
  8
3
 10
-58528.881708
 20
-2161.376917
  0
POINT
  8
3
 10
-58529.217586
 20
-2161.616428
  0
POINT
  8
3
 10
-58529.559561
 20
-2161.848033
  0
POINT
  8
3
 10
-58529.907329
 20
-2162.071575
  0
POINT
  8
3
 10
-58530.260586
 20
-2162.286900
  0
POINT
  8
3
 10
-58530.619030
 20
-2162.493853
  0
POINT
  8
3
 10
-58530.982355
 20
-2162.692276
  0
POINT
  8
3
 10
-58531.350261
 20
-2162.882017
  0
POINT
  8
3
 10
-58531.722440
 20
-2163.062918
  0
POINT
  8
3
 10
-58532.098590
 20
-2163.234825
  0
POINT
  8
3
 10
-58532.478409
 20
-2163.397581
  0
POINT
  8
3
 10
-58532.861591
 20
-2163.551032
  0
POINT
  8
3
 10
-58533.247833
 20
-2163.695022
  0
POINT
  8
3
 10
-58533.636832
 20
-2163.829395
  0
POINT
  8
3
 10
-58534.028286
 20
-2163.953997
  0
POINT
  8
3
 10
-58534.421887
 20
-2164.068672
  0
POINT
  8
3
 10
-58534.817334
 20
-2164.173264
  0
POINT
  8
3
 10
-58535.214323
 20
-2164.267617
  0
POINT
  8
3
 10
-58535.612551
 20
-2164.351577
  0
POINT
  8
3
 10
-58536.011713
 20
-2164.424988
  0
POINT
  8
3
 10
-58536.411507
 20
-2164.487695
  0
POINT
  8
3
 10
-58536.825779
 20
-2164.541369
  0
POINT
  8
3
 10
-58537.220519
 20
-2164.582954
  0
POINT
  8
3
 10
-58537.658195
 20
-2164.619605
  0
POINT
  8
3
 10
-58538.122872
 20
-2164.648848
  0
POINT
  8
3
 10
-58538.590036
 20
-2164.669077
  0
POINT
  8
3
 10
-58539.058831
 20
-2164.680501
  0
POINT
  8
3
 10
-58548.256836
 20
-2164.681244
  0
POINT
  8
3
 10
-58651.176758
 20
-2164.681244
  0
POINT
  8
4
 10
-58548.256836
 20
-2164.681244
 30
1.000000
 50
 76.31
  0
TEXT
  8
4
 10
-58548.256836
 20
-2164.681244
 40
0.000000
 50
0.000000
  1
# 455
  0
POINT
  8
4
 10
-58651.176758
 20
-2164.681244
 30
1.000000
 50
 76.31
  0
TEXT
  8
4
 10
-58651.176758
 20
-2164.681244
 40
0.000000
 50
0.000000
  1
# 456
  0
POLYLINE
  8
8
  66
1
  70
0
  0
VERTEX
  8
8
  10
-58663.554688
  20
-1889.153748
  0
VERTEX
  8
8
  10
-58663.548617
  20
-1899.622395
  0
VERTEX
  8
8
  10
-58663.542571
  20
-1909.735781
  0
VERTEX
  8
8
  10
-58663.536367
  20
-1919.776891
  0
VERTEX
  8
8
  10
-58663.529846
  20
-1929.892889
  0
VERTEX
  8
8
  10
-58663.522927
  20
-1940.126707
  0
VERTEX
  8
8
  10
-58663.515650
  20
-1950.360516
  0
VERTEX
  8
8
  10
-58663.507947
  20
-1960.701879
  0
VERTEX
  8
8
  10
-58663.500218
  20
-1970.935698
  0
VERTEX
  8
8
  10
-58663.492694
  20
-1981.169517
  0
VERTEX
  8
8
  10
-58663.485714
  20
-1991.266966
  0
VERTEX
  8
8
  10
-58663.479020
  20
-2001.500807
  0
VERTEX
  8
8
  10
-58663.472530
  20
-2011.734658
  0
VERTEX
  8
8
  10
-58663.466155
  20
-2021.830884
  0
VERTEX
  8
8
  10
-58663.459545
  20
-2032.064706
  0
VERTEX
  8
8
  10
-58663.452612
  20
-2042.298506
  0
VERTEX
  8
8
  10
-58663.445182
  20
-2052.594600
  0
VERTEX
  8
8
  10
-58663.437554
  20
-2062.828397
  0
VERTEX
  8
8
  10
-58663.430033
  20
-2073.062198
  0
VERTEX
  8
8
  10
-58663.422875
  20
-2083.342133
  0
VERTEX
  8
8
  10
-58663.415942
  20
-2093.575958
  0
VERTEX
  8
8
  10
-58663.408779
  20
-2103.809786
  0
VERTEX
  8
8
  10
-58663.401178
  20
-2113.857336
  0
VERTEX
  8
8
  10
-58663.393058
  20
-2124.091153
  0
VERTEX
  8
8
  10
-58663.385033
  20
-2134.324970
  0
VERTEX
  8
8
  10
-58663.377585
  20
-2144.483825
  0
VERTEX
  8
8
  10
-58663.370709
  20
-2154.576867
  0
VERTEX
  8
8
  10
-58663.364258
  20
-2164.681244
  0
SEQEND
  8
8
  0
POINT
  8
2
 10
-58663.554688
 20
-1889.153748
  0
TEXT
  8
2
 10
-58663.554688
 20
-1889.153748
 40
0.000000
 50
0.000000
  1
# 457
  0
POINT
  8
2
 10
-58663.364258
 20
-2164.681244
  0
TEXT
  8
2
 10
-58663.364258
 20
-2164.681244
 40
0.000000
 50
0.000000
  1
# 458
  0
POINT
  8
3
 10
-58663.548617
 20
-1899.622395
  0
POINT
  8
3
 10
-58663.542571
 20
-1909.735781
  0
POINT
  8
3
 10
-58663.536367
 20
-1919.776891
  0
POINT
  8
3
 10
-58663.529846
 20
-1929.892889
  0
POINT
  8
3
 10
-58663.522927
 20
-1940.126707
  0
POINT
  8
3
 10
-58663.515650
 20
-1950.360516
  0
POINT
  8
3
 10
-58663.507947
 20
-1960.701879
  0
POINT
  8
3
 10
-58663.500218
 20
-1970.935698
  0
POINT
  8
3
 10
-58663.492694
 20
-1981.169517
  0
POINT
  8
3
 10
-58663.485714
 20
-1991.266966
  0
POINT
  8
3
 10
-58663.479020
 20
-2001.500807
  0
POINT
  8
3
 10
-58663.472530
 20
-2011.734658
  0
POINT
  8
3
 10
-58663.466155
 20
-2021.830884
  0
POINT
  8
3
 10
-58663.459545
 20
-2032.064706
  0
POINT
  8
3
 10
-58663.452612
 20
-2042.298506
  0
POINT
  8
3
 10
-58663.445182
 20
-2052.594600
  0
POINT
  8
3
 10
-58663.437554
 20
-2062.828397
  0
POINT
  8
3
 10
-58663.430033
 20
-2073.062198
  0
POINT
  8
3
 10
-58663.422875
 20
-2083.342133
  0
POINT
  8
3
 10
-58663.415942
 20
-2093.575958
  0
POINT
  8
3
 10
-58663.408779
 20
-2103.809786
  0
POINT
  8
3
 10
-58663.401178
 20
-2113.857336
  0
POINT
  8
3
 10
-58663.393058
 20
-2124.091153
  0
POINT
  8
3
 10
-58663.385033
 20
-2134.324970
  0
POINT
  8
3
 10
-58663.377585
 20
-2144.483825
  0
POINT
  8
3
 10
-58663.370709
 20
-2154.576867
  0
POLYLINE
  8
8
  66
1
  70
0
  0
VERTEX
  8
8
  10
-58550.351563
  20
-1879.393921
  0
VERTEX
  8
8
  10
-58496.508789
  20
-2036.353455
  0
SEQEND
  8
8
  0
POINT
  8
2
 10
-58550.351563
 20
-1879.393921
  0
TEXT
  8
2
 10
-58550.351563
 20
-1879.393921
 40
0.000000
 50
0.000000
  1
# 459
  0
POINT
  8
2
 10
-58496.508789
 20
-2036.353455
  0
TEXT
  8
2
 10
-58496.508789
 20
-2036.353455
 40
0.000000
 50
0.000000
  1
# 460
  0
POLYLINE
  8
8
  66
1
  70
0
  0
VERTEX
  8
8
  10
-58513.286133
  20
-2021.111603
  0
VERTEX
  8
8
  10
-58610.449219
  20
-1997.447052
  0
SEQEND
  8
8
  0
POINT
  8
2
 10
-58513.286133
 20
-2021.111603
  0
TEXT
  8
2
 10
-58513.286133
 20
-2021.111603
 40
0.000000
 50
0.000000
  1
# 461
  0
POINT
  8
2
 10
-58610.449219
 20
-1997.447052
  0
TEXT
  8
2
 10
-58610.449219
 20
-1997.447052
 40
0.000000
 50
0.000000
  1
# 462
  0
POLYLINE
  8
8
  66
1
  70
0
  0
VERTEX
  8
8
  10
-58610.449219
  20
-1997.447052
  0
VERTEX
  8
8
  10
-58651.176758
  20
-2164.681244
  0
SEQEND
  8
8
  0
POINT
  8
2
 10
-58610.449219
 20
-1997.447052
  0
TEXT
  8
2
 10
-58610.449219
 20
-1997.447052
 40
0.000000
 50
0.000000
  1
# 463
  0
POINT
  8
2
 10
-58651.176758
 20
-2164.681244
  0
TEXT
  8
2
 10
-58651.176758
 20
-2164.681244
 40
0.000000
 50
0.000000
  1
# 464
  0
POLYLINE
  8
8
  66
1
  70
0
  0
VERTEX
  8
8
  10
-58515.654297
  20
-2030.827637
  0
VERTEX
  8
8
  10
-58612.812500
  20
-2007.163086
  0
SEQEND
  8
8
  0
POINT
  8
2
 10
-58515.654297
 20
-2030.827637
  0
TEXT
  8
2
 10
-58515.654297
 20
-2030.827637
 40
0.000000
 50
0.000000
  1
# 465
  0
POINT
  8
2
 10
-58612.812500
 20
-2007.163086
  0
TEXT
  8
2
 10
-58612.812500
 20
-2007.163086
 40
0.000000
 50
0.000000
  1
# 466
  0
POLYLINE
  8
8
  66
1
  70
0
  0
VERTEX
  8
8
  10
-58548.256836
  20
-2164.681244
  0
VERTEX
  8
8
  10
-58513.286133
  20
-2021.111603
  0
SEQEND
  8
8
  0
POINT
  8
2
 10
-58548.256836
 20
-2164.681244
  0
TEXT
  8
2
 10
-58548.256836
 20
-2164.681244
 40
0.000000
 50
0.000000
  1
# 467
  0
POINT
  8
2
 10
-58513.286133
 20
-2021.111603
  0
TEXT
  8
2
 10
-58513.286133
 20
-2021.111603
 40
0.000000
 50
0.000000
  1
# 468
 0
LINE
 8
7
 10
-58691.274414
 20
-1945.856781
 11
-58691.274414
 21
-2126.720734
  0
TEXT
  8
1
 10
-58663.471680
 20
-2017.499924
 40
10.000000
 50
0.000000
  1
Piece Name: 26SMC-WP115M 展_前袋布_175/84
  0
TEXT
  8
1
 10
-58663.471680
 20
-2002.499924
 40
10.000000
 50
0.000000
  1
Size: 175/84
  0
TEXT
  8
1
 10
-58663.471680
 20
-1987.499924
 40
10.000000
 50
0.000000
  1
Annotation: 
  0
TEXT
  8
1
 10
-58663.471680
 20
-1972.499924
 40
10.000000
 50
0.000000
  1
Quantity: 1,1
  0
TEXT
  8
1
 10
-58663.471680
 20
-1957.499924
 40
10.000000
 50
0.000000
  1
Material: TC
  0
TEXT
  8
1
 10
-58663.471680
 20
-1957.499924
 40
10.000000
 50
0.000000
  1
Category: 10
0
ENDBLK
0
BLOCK
  8
1
  2
26SMC-WP115M 展_手机袋_175/84
 70
0
 10
0.0
 20
0.0
  0
POLYLINE
  8
1
  66
1
  70
1
  0
VERTEX
  8
1
  10
-58327.900391
  20
-2148.480225
  0
VERTEX
  8
1
  10
-58364.667969
  20
-1997.513733
  0
VERTEX
  8
1
  10
-58369.399414
  20
-1978.081665
  0
VERTEX
  8
1
  10
-58250.864258
  20
-1949.210968
  0
VERTEX
  8
1
  10
-58246.132813
  20
-1968.642883
  0
VERTEX
  8
1
  10
-58202.333984
  20
-2148.480225
  0
SEQEND
  8
1
  0
POINT
  8
2
 10
-58327.900391
 20
-2148.480225
  0
TEXT
  8
2
 10
-58327.900391
 20
-2148.480225
 40
0.000000
 50
0.000000
  1
# 469
  0
POINT
  8
2
 10
-58369.399414
 20
-1978.081665
  0
TEXT
  8
2
 10
-58369.399414
 20
-1978.081665
 40
0.000000
 50
0.000000
  1
# 470
  0
POINT
  8
2
 10
-58250.864258
 20
-1949.210968
  0
TEXT
  8
2
 10
-58250.864258
 20
-1949.210968
 40
0.000000
 50
0.000000
  1
# 471
  0
POINT
  8
2
 10
-58202.333984
 20
-2148.480225
  0
TEXT
  8
2
 10
-58202.333984
 20
-2148.480225
 40
0.000000
 50
0.000000
  1
# 472
  0
POINT
  8
3
 10
-58364.667969
 20
-1997.513733
  0
POINT
  8
3
 10
-58246.132813
 20
-1968.642883
  0
POINT
  8
4
 10
-58364.667969
 20
-1997.513733
 30
1.000000
 50
 13.69
  0
TEXT
  8
4
 10
-58364.667969
 20
-1997.513733
 40
0.000000
 50
0.000000
  1
# 473
  0
POINT
  8
4
 10
-58246.132813
 20
-1968.642883
 30
1.000000
 50
193.69
  0
TEXT
  8
4
 10
-58246.132813
 20
-1968.642883
 40
0.000000
 50
0.000000
  1
# 474
  0
POLYLINE
  8
14
  66
1
  70
1
  0
VERTEX
  8
14
  10
-58319.013672
  20
-2138.480225
  0
VERTEX
  8
14
  10
-58353.979492
  20
-1994.910583
  0
VERTEX
  8
14
  10
-58353.979492
  20
-1994.910583
  0
VERTEX
  8
14
  10
-58256.821289
  20
-1971.246033
  0
VERTEX
  8
14
  10
-58256.821289
  20
-1971.246033
  0
VERTEX
  8
14
  10
-58216.088867
  20
-2138.480225
  0
SEQEND
  8
14
  0
POINT
  8
2
 10
-58319.013672
 20
-2138.480225
  0
TEXT
  8
2
 10
-58319.013672
 20
-2138.480225
 40
0.000000
 50
0.000000
  1
# 475
  0
POINT
  8
2
 10
-58353.979492
 20
-1994.910583
  0
TEXT
  8
2
 10
-58353.979492
 20
-1994.910583
 40
0.000000
 50
0.000000
  1
# 476
  0
POINT
  8
2
 10
-58256.821289
 20
-1971.246033
  0
TEXT
  8
2
 10
-58256.821289
 20
-1971.246033
 40
0.000000
 50
0.000000
  1
# 477
  0
POINT
  8
2
 10
-58216.088867
 20
-2138.480225
  0
TEXT
  8
2
 10
-58216.088867
 20
-2138.480225
 40
0.000000
 50
0.000000
  1
# 478
  0
POINT
  8
3
 10
-58353.979492
 20
-1994.910583
  0
POINT
  8
3
 10
-58256.821289
 20
-1971.246033
  0
POINT
  8
4
 10
-58353.979492
 20
-1994.910583
 30
1.000000
 50
 13.69
  0
TEXT
  8
4
 10
-58353.979492
 20
-1994.910583
 40
0.000000
 50
0.000000
  1
# 479
  0
POINT
  8
4
 10
-58256.821289
 20
-1971.246033
 30
1.000000
 50
193.69
  0
TEXT
  8
4
 10
-58256.821289
 20
-1971.246033
 40
0.000000
 50
0.000000
  1
# 480
  0
POLYLINE
  8
8
  66
1
  70
0
  0
VERTEX
  8
8
  10
-58351.616211
  20
-2004.626923
  0
VERTEX
  8
8
  10
-58254.453125
  20
-1980.962372
  0
SEQEND
  8
8
  0
POINT
  8
2
 10
-58351.616211
 20
-2004.626923
  0
TEXT
  8
2
 10
-58351.616211
 20
-2004.626923
 40
0.000000
 50
0.000000
  1
# 481
  0
POINT
  8
2
 10
-58254.453125
 20
-1980.962372
  0
TEXT
  8
2
 10
-58254.453125
 20
-1980.962372
 40
0.000000
 50
0.000000
  1
# 482
 0
LINE
 8
7
 10
-58288.095703
 20
-2020.070343
 11
-58288.095703
 21
-2119.804077
  0
TEXT
  8
1
 10
-58285.866699
 20
-2048.845596
 40
10.000000
 50
0.000000
  1
Piece Name: 26SMC-WP115M 展_手机袋_175/84
  0
TEXT
  8
1
 10
-58285.866699
 20
-2033.845596
 40
10.000000
 50
0.000000
  1
Size: 175/84
  0
TEXT
  8
1
 10
-58285.866699
 20
-2018.845596
 40
10.000000
 50
0.000000
  1
Annotation: 
  0
TEXT
  8
1
 10
-58285.866699
 20
-2003.845596
 40
10.000000
 50
0.000000
  1
Quantity: 1
  0
TEXT
  8
1
 10
-58285.866699
 20
-1988.845596
 40
10.000000
 50
0.000000
  1
Material: TC
  0
TEXT
  8
1
 10
-58285.866699
 20
-1988.845596
 40
10.000000
 50
0.000000
  1
Category: 11
0
ENDBLK
0
BLOCK
  8
1
  2
26SMC-WP115M 展_后袋开线_175/84
 70
0
 10
0.0
 20
0.0
  0
POLYLINE
  8
1
  66
1
  70
1
  0
VERTEX
  8
1
  10
-60521.220703
  20
-1392.974396
  0
VERTEX
  8
1
  10
-60521.220703
  20
-1381.201935
  0
VERTEX
  8
1
  10
-60521.220703
  20
-1370.019226
  0
VERTEX
  8
1
  10
-60521.220703
  20
-1359.753265
  0
VERTEX
  8
1
  10
-60521.220703
  20
-1348.649902
  0
VERTEX
  8
1
  10
-60521.220703
  20
-1337.197571
  0
VERTEX
  8
1
  10
-60521.220703
  20
-1325.884857
  0
VERTEX
  8
1
  10
-60521.220703
  20
-1315.200195
  0
VERTEX
  8
1
  10
-60521.220703
  20
-1304.384766
  0
VERTEX
  8
1
  10
-60521.220703
  20
-1294.026947
  0
VERTEX
  8
1
  10
-60521.220703
  20
-1287.979279
  0
VERTEX
  8
1
  10
-60509.702148
  20
-1287.979279
  0
VERTEX
  8
1
  10
-60498.793945
  20
-1287.979279
  0
VERTEX
  8
1
  10
-60487.592773
  20
-1287.979279
  0
VERTEX
  8
1
  10
-60474.833984
  20
-1287.979279
  0
VERTEX
  8
1
  10
-60463.730469
  20
-1287.979279
  0
VERTEX
  8
1
  10
-60452.016602
  20
-1287.979279
  0
VERTEX
  8
1
  10
-60439.873047
  20
-1287.979279
  0
VERTEX
  8
1
  10
-60427.465820
  20
-1287.979279
  0
VERTEX
  8
1
  10
-60414.975586
  20
-1287.979279
  0
VERTEX
  8
1
  10
-60402.568359
  20
-1287.979279
  0
VERTEX
  8
1
  10
-60390.424805
  20
-1287.979279
  0
VERTEX
  8
1
  10
-60378.710938
  20
-1287.979279
  0
VERTEX
  8
1
  10
-60367.607422
  20
-1287.979279
  0
VERTEX
  8
1
  10
-60357.285156
  20
-1287.979279
  0
VERTEX
  8
1
  10
-60345.742188
  20
-1287.979279
  0
VERTEX
  8
1
  10
-60336.035156
  20
-1287.979279
  0
VERTEX
  8
1
  10
-60326.162109
  20
-1287.979279
  0
VERTEX
  8
1
  10
-60321.220703
  20
-1287.979279
  0
VERTEX
  8
1
  10
-60321.220703
  20
-1299.752350
  0
VERTEX
  8
1
  10
-60321.220703
  20
-1310.935516
  0
VERTEX
  8
1
  10
-60321.220703
  20
-1321.201935
  0
VERTEX
  8
1
  10
-60321.220703
  20
-1332.305756
  0
VERTEX
  8
1
  10
-60321.220703
  20
-1343.758698
  0
VERTEX
  8
1
  10
-60321.220703
  20
-1355.071869
  0
VERTEX
  8
1
  10
-60321.220703
  20
-1365.756989
  0
VERTEX
  8
1
  10
-60321.220703
  20
-1376.573029
  0
VERTEX
  8
1
  10
-60321.220703
  20
-1386.931305
  0
VERTEX
  8
1
  10
-60321.220703
  20
-1392.979279
  0
VERTEX
  8
1
  10
-60332.739258
  20
-1392.978973
  0
VERTEX
  8
1
  10
-60343.647461
  20
-1392.978668
  0
VERTEX
  8
1
  10
-60354.848633
  20
-1392.978516
  0
VERTEX
  8
1
  10
-60367.607422
  20
-1392.978210
  0
VERTEX
  8
1
  10
-60378.710938
  20
-1392.977905
  0
VERTEX
  8
1
  10
-60390.424805
  20
-1392.977600
  0
VERTEX
  8
1
  10
-60402.568359
  20
-1392.977295
  0
VERTEX
  8
1
  10
-60414.975586
  20
-1392.976990
  0
VERTEX
  8
1
  10
-60427.465820
  20
-1392.976685
  0
VERTEX
  8
1
  10
-60439.873047
  20
-1392.976379
  0
VERTEX
  8
1
  10
-60452.016602
  20
-1392.976074
  0
VERTEX
  8
1
  10
-60463.730469
  20
-1392.975769
  0
VERTEX
  8
1
  10
-60474.833984
  20
-1392.975464
  0
VERTEX
  8
1
  10
-60485.156250
  20
-1392.975311
  0
VERTEX
  8
1
  10
-60496.694336
  20
-1392.975006
  0
VERTEX
  8
1
  10
-60506.406250
  20
-1392.974701
  0
VERTEX
  8
1
  10
-60516.274414
  20
-1392.974548
  0
SEQEND
  8
1
  0
POINT
  8
2
 10
-60521.220703
 20
-1392.974396
  0
TEXT
  8
2
 10
-60521.220703
 20
-1392.974396
 40
0.000000
 50
0.000000
  1
# 483
  0
POINT
  8
2
 10
-60521.220703
 20
-1287.979279
  0
TEXT
  8
2
 10
-60521.220703
 20
-1287.979279
 40
0.000000
 50
0.000000
  1
# 484
  0
POINT
  8
2
 10
-60321.220703
 20
-1287.979279
  0
TEXT
  8
2
 10
-60321.220703
 20
-1287.979279
 40
0.000000
 50
0.000000
  1
# 485
  0
POINT
  8
2
 10
-60321.220703
 20
-1392.979279
  0
TEXT
  8
2
 10
-60321.220703
 20
-1392.979279
 40
0.000000
 50
0.000000
  1
# 486
  0
POINT
  8
3
 10
-60521.220703
 20
-1381.201935
  0
POINT
  8
3
 10
-60521.220703
 20
-1370.019226
  0
POINT
  8
3
 10
-60521.220703
 20
-1359.753265
  0
POINT
  8
3
 10
-60521.220703
 20
-1348.649902
  0
POINT
  8
3
 10
-60521.220703
 20
-1337.197571
  0
POINT
  8
3
 10
-60521.220703
 20
-1325.884857
  0
POINT
  8
3
 10
-60521.220703
 20
-1315.200195
  0
POINT
  8
3
 10
-60521.220703
 20
-1304.384766
  0
POINT
  8
3
 10
-60521.220703
 20
-1294.026947
  0
POINT
  8
3
 10
-60509.702148
 20
-1287.979279
  0
POINT
  8
3
 10
-60498.793945
 20
-1287.979279
  0
POINT
  8
3
 10
-60487.592773
 20
-1287.979279
  0
POINT
  8
3
 10
-60474.833984
 20
-1287.979279
  0
POINT
  8
3
 10
-60463.730469
 20
-1287.979279
  0
POINT
  8
3
 10
-60452.016602
 20
-1287.979279
  0
POINT
  8
3
 10
-60439.873047
 20
-1287.979279
  0
POINT
  8
3
 10
-60427.465820
 20
-1287.979279
  0
POINT
  8
3
 10
-60414.975586
 20
-1287.979279
  0
POINT
  8
3
 10
-60402.568359
 20
-1287.979279
  0
POINT
  8
3
 10
-60390.424805
 20
-1287.979279
  0
POINT
  8
3
 10
-60378.710938
 20
-1287.979279
  0
POINT
  8
3
 10
-60367.607422
 20
-1287.979279
  0
POINT
  8
3
 10
-60357.285156
 20
-1287.979279
  0
POINT
  8
3
 10
-60345.742188
 20
-1287.979279
  0
POINT
  8
3
 10
-60336.035156
 20
-1287.979279
  0
POINT
  8
3
 10
-60326.162109
 20
-1287.979279
  0
POINT
  8
3
 10
-60321.220703
 20
-1299.752350
  0
POINT
  8
3
 10
-60321.220703
 20
-1310.935516
  0
POINT
  8
3
 10
-60321.220703
 20
-1321.201935
  0
POINT
  8
3
 10
-60321.220703
 20
-1332.305756
  0
POINT
  8
3
 10
-60321.220703
 20
-1343.758698
  0
POINT
  8
3
 10
-60321.220703
 20
-1355.071869
  0
POINT
  8
3
 10
-60321.220703
 20
-1365.756989
  0
POINT
  8
3
 10
-60321.220703
 20
-1376.573029
  0
POINT
  8
3
 10
-60321.220703
 20
-1386.931305
  0
POINT
  8
3
 10
-60332.739258
 20
-1392.978973
  0
POINT
  8
3
 10
-60343.647461
 20
-1392.978668
  0
POINT
  8
3
 10
-60354.848633
 20
-1392.978516
  0
POINT
  8
3
 10
-60367.607422
 20
-1392.978210
  0
POINT
  8
3
 10
-60378.710938
 20
-1392.977905
  0
POINT
  8
3
 10
-60390.424805
 20
-1392.977600
  0
POINT
  8
3
 10
-60402.568359
 20
-1392.977295
  0
POINT
  8
3
 10
-60414.975586
 20
-1392.976990
  0
POINT
  8
3
 10
-60427.465820
 20
-1392.976685
  0
POINT
  8
3
 10
-60439.873047
 20
-1392.976379
  0
POINT
  8
3
 10
-60452.016602
 20
-1392.976074
  0
POINT
  8
3
 10
-60463.730469
 20
-1392.975769
  0
POINT
  8
3
 10
-60474.833984
 20
-1392.975464
  0
POINT
  8
3
 10
-60485.156250
 20
-1392.975311
  0
POINT
  8
3
 10
-60496.694336
 20
-1392.975006
  0
POINT
  8
3
 10
-60506.406250
 20
-1392.974701
  0
POINT
  8
3
 10
-60516.274414
 20
-1392.974548
 0
LINE
 8
7
 10
-60491.943359
 20
-1342.854004
 11
-60348.637695
 21
-1342.854004
  0
TEXT
  8
1
 10
-60421.220703
 20
-1340.479279
 40
10.000000
 50
0.000000
  1
Piece Name: 26SMC-WP115M 展_后袋开线_175/84
  0
TEXT
  8
1
 10
-60421.220703
 20
-1325.479279
 40
10.000000
 50
0.000000
  1
Size: 175/84
  0
TEXT
  8
1
 10
-60421.220703
 20
-1310.479279
 40
10.000000
 50
0.000000
  1
Annotation: 
  0
TEXT
  8
1
 10
-60421.220703
 20
-1295.479279
 40
10.000000
 50
0.000000
  1
Quantity: 1,1
  0
TEXT
  8
1
 10
-60421.220703
 20
-1280.479279
 40
10.000000
 50
0.000000
  1
Material: 面
  0
TEXT
  8
1
 10
-60421.220703
 20
-1280.479279
 40
10.000000
 50
0.000000
  1
Category: 12
0
ENDBLK
0
BLOCK
  8
1
  2
26SMC-WP115M 展_后袋垫_175/84
 70
0
 10
0.0
 20
0.0
  0
POLYLINE
  8
1
  66
1
  70
1
  0
VERTEX
  8
1
  10
-60521.220703
  20
-1235.182037
  0
VERTEX
  8
1
  10
-60521.220703
  20
-1224.331970
  0
VERTEX
  8
1
  10
-60521.220703
  20
-1213.627243
  0
VERTEX
  8
1
  10
-60521.220703
  20
-1203.526382
  0
VERTEX
  8
1
  10
-60521.220703
  20
-1193.013611
  0
VERTEX
  8
1
  10
-60521.220703
  20
-1182.830353
  0
VERTEX
  8
1
  10
-60521.220703
  20
-1172.803879
  0
VERTEX
  8
1
  10
-60521.220703
  20
-1162.924576
  0
VERTEX
  8
1
  10
-60521.220703
  20
-1160.196686
  0
VERTEX
  8
1
  10
-60509.702148
  20
-1160.196686
  0
VERTEX
  8
1
  10
-60498.793945
  20
-1160.196686
  0
VERTEX
  8
1
  10
-60487.592773
  20
-1160.196686
  0
VERTEX
  8
1
  10
-60474.833984
  20
-1160.196686
  0
VERTEX
  8
1
  10
-60463.730469
  20
-1160.196686
  0
VERTEX
  8
1
  10
-60452.016602
  20
-1160.196686
  0
VERTEX
  8
1
  10
-60439.873047
  20
-1160.196686
  0
VERTEX
  8
1
  10
-60427.465820
  20
-1160.196686
  0
VERTEX
  8
1
  10
-60414.975586
  20
-1160.196686
  0
VERTEX
  8
1
  10
-60402.568359
  20
-1160.196686
  0
VERTEX
  8
1
  10
-60390.424805
  20
-1160.196686
  0
VERTEX
  8
1
  10
-60378.710938
  20
-1160.196686
  0
VERTEX
  8
1
  10
-60367.607422
  20
-1160.196686
  0
VERTEX
  8
1
  10
-60357.285156
  20
-1160.196686
  0
VERTEX
  8
1
  10
-60345.742188
  20
-1160.196686
  0
VERTEX
  8
1
  10
-60336.035156
  20
-1160.196686
  0
VERTEX
  8
1
  10
-60326.162109
  20
-1160.196686
  0
VERTEX
  8
1
  10
-60321.220703
  20
-1160.196686
  0
VERTEX
  8
1
  10
-60321.220703
  20
-1171.048889
  0
VERTEX
  8
1
  10
-60321.220703
  20
-1181.755676
  0
VERTEX
  8
1
  10
-60321.220703
  20
-1191.858521
  0
VERTEX
  8
1
  10
-60321.220703
  20
-1202.373352
  0
VERTEX
  8
1
  10
-60321.220703
  20
-1212.558594
  0
VERTEX
  8
1
  10
-60321.220703
  20
-1222.586975
  0
VERTEX
  8
1
  10
-60321.220703
  20
-1232.468262
  0
VERTEX
  8
1
  10
-60321.220703
  20
-1235.196686
  0
VERTEX
  8
1
  10
-60332.739258
  20
-1235.195847
  0
VERTEX
  8
1
  10
-60343.647461
  20
-1235.195007
  0
VERTEX
  8
1
  10
-60354.848633
  20
-1235.194244
  0
VERTEX
  8
1
  10
-60367.607422
  20
-1235.193253
  0
VERTEX
  8
1
  10
-60378.710938
  20
-1235.192490
  0
VERTEX
  8
1
  10
-60390.424805
  20
-1235.191650
  0
VERTEX
  8
1
  10
-60402.568359
  20
-1235.190735
  0
VERTEX
  8
1
  10
-60414.975586
  20
-1235.189819
  0
VERTEX
  8
1
  10
-60427.465820
  20
-1235.188904
  0
VERTEX
  8
1
  10
-60439.873047
  20
-1235.187988
  0
VERTEX
  8
1
  10
-60452.016602
  20
-1235.187073
  0
VERTEX
  8
1
  10
-60463.730469
  20
-1235.186234
  0
VERTEX
  8
1
  10
-60474.833984
  20
-1235.185471
  0
VERTEX
  8
1
  10
-60485.156250
  20
-1235.184708
  0
VERTEX
  8
1
  10
-60496.694336
  20
-1235.183868
  0
VERTEX
  8
1
  10
-60506.406250
  20
-1235.183105
  0
VERTEX
  8
1
  10
-60516.274414
  20
-1235.182419
  0
SEQEND
  8
1
  0
POINT
  8
2
 10
-60521.220703
 20
-1235.182037
  0
TEXT
  8
2
 10
-60521.220703
 20
-1235.182037
 40
0.000000
 50
0.000000
  1
# 487
  0
POINT
  8
2
 10
-60521.220703
 20
-1160.196686
  0
TEXT
  8
2
 10
-60521.220703
 20
-1160.196686
 40
0.000000
 50
0.000000
  1
# 488
  0
POINT
  8
2
 10
-60321.220703
 20
-1160.196686
  0
TEXT
  8
2
 10
-60321.220703
 20
-1160.196686
 40
0.000000
 50
0.000000
  1
# 489
  0
POINT
  8
2
 10
-60321.220703
 20
-1235.196686
  0
TEXT
  8
2
 10
-60321.220703
 20
-1235.196686
 40
0.000000
 50
0.000000
  1
# 490
  0
POINT
  8
3
 10
-60521.220703
 20
-1224.331970
  0
POINT
  8
3
 10
-60521.220703
 20
-1213.627243
  0
POINT
  8
3
 10
-60521.220703
 20
-1203.526382
  0
POINT
  8
3
 10
-60521.220703
 20
-1193.013611
  0
POINT
  8
3
 10
-60521.220703
 20
-1182.830353
  0
POINT
  8
3
 10
-60521.220703
 20
-1172.803879
  0
POINT
  8
3
 10
-60521.220703
 20
-1162.924576
  0
POINT
  8
3
 10
-60509.702148
 20
-1160.196686
  0
POINT
  8
3
 10
-60498.793945
 20
-1160.196686
  0
POINT
  8
3
 10
-60487.592773
 20
-1160.196686
  0
POINT
  8
3
 10
-60474.833984
 20
-1160.196686
  0
POINT
  8
3
 10
-60463.730469
 20
-1160.196686
  0
POINT
  8
3
 10
-60452.016602
 20
-1160.196686
  0
POINT
  8
3
 10
-60439.873047
 20
-1160.196686
  0
POINT
  8
3
 10
-60427.465820
 20
-1160.196686
  0
POINT
  8
3
 10
-60414.975586
 20
-1160.196686
  0
POINT
  8
3
 10
-60402.568359
 20
-1160.196686
  0
POINT
  8
3
 10
-60390.424805
 20
-1160.196686
  0
POINT
  8
3
 10
-60378.710938
 20
-1160.196686
  0
POINT
  8
3
 10
-60367.607422
 20
-1160.196686
  0
POINT
  8
3
 10
-60357.285156
 20
-1160.196686
  0
POINT
  8
3
 10
-60345.742188
 20
-1160.196686
  0
POINT
  8
3
 10
-60336.035156
 20
-1160.196686
  0
POINT
  8
3
 10
-60326.162109
 20
-1160.196686
  0
POINT
  8
3
 10
-60321.220703
 20
-1171.048889
  0
POINT
  8
3
 10
-60321.220703
 20
-1181.755676
  0
POINT
  8
3
 10
-60321.220703
 20
-1191.858521
  0
POINT
  8
3
 10
-60321.220703
 20
-1202.373352
  0
POINT
  8
3
 10
-60321.220703
 20
-1212.558594
  0
POINT
  8
3
 10
-60321.220703
 20
-1222.586975
  0
POINT
  8
3
 10
-60321.220703
 20
-1232.468262
  0
POINT
  8
3
 10
-60332.739258
 20
-1235.195847
  0
POINT
  8
3
 10
-60343.647461
 20
-1235.195007
  0
POINT
  8
3
 10
-60354.848633
 20
-1235.194244
  0
POINT
  8
3
 10
-60367.607422
 20
-1235.193253
  0
POINT
  8
3
 10
-60378.710938
 20
-1235.192490
  0
POINT
  8
3
 10
-60390.424805
 20
-1235.191650
  0
POINT
  8
3
 10
-60402.568359
 20
-1235.190735
  0
POINT
  8
3
 10
-60414.975586
 20
-1235.189819
  0
POINT
  8
3
 10
-60427.465820
 20
-1235.188904
  0
POINT
  8
3
 10
-60439.873047
 20
-1235.187988
  0
POINT
  8
3
 10
-60452.016602
 20
-1235.187073
  0
POINT
  8
3
 10
-60463.730469
 20
-1235.186234
  0
POINT
  8
3
 10
-60474.833984
 20
-1235.185471
  0
POINT
  8
3
 10
-60485.156250
 20
-1235.184708
  0
POINT
  8
3
 10
-60496.694336
 20
-1235.183868
  0
POINT
  8
3
 10
-60506.406250
 20
-1235.183105
  0
POINT
  8
3
 10
-60516.274414
 20
-1235.182419
 0
LINE
 8
7
 10
-60422.690430
 20
-1168.411560
 11
-60422.690430
 21
-1227.155151
  0
TEXT
  8
1
 10
-60421.220703
 20
-1197.696686
 40
10.000000
 50
0.000000
  1
Piece Name: 26SMC-WP115M 展_后袋垫_175/84
  0
TEXT
  8
1
 10
-60421.220703
 20
-1182.696686
 40
10.000000
 50
0.000000
  1
Size: 175/84
  0
TEXT
  8
1
 10
-60421.220703
 20
-1167.696686
 40
10.000000
 50
0.000000
  1
Annotation: 
  0
TEXT
  8
1
 10
-60421.220703
 20
-1152.696686
 40
10.000000
 50
0.000000
  1
Quantity: 1,1
  0
TEXT
  8
1
 10
-60421.220703
 20
-1137.696686
 40
10.000000
 50
0.000000
  1
Material: 面
  0
TEXT
  8
1
 10
-60421.220703
 20
-1137.696686
 40
10.000000
 50
0.000000
  1
Category: 13
0
ENDBLK
0
BLOCK
  8
1
  2
26SMC-WP115M 展_耳仔_175/84
 70
0
 10
0.0
 20
0.0
  0
POLYLINE
  8
1
  66
1
  70
1
  0
VERTEX
  8
1
  10
-59838.178711
  20
-529.014664
  0
VERTEX
  8
1
  10
-59838.178711
  20
-518.450203
  0
VERTEX
  8
1
  10
-59838.178711
  20
-508.250504
  0
VERTEX
  8
1
  10
-59838.178711
  20
-498.306351
  0
VERTEX
  8
1
  10
-59838.178711
  20
-494.014664
  0
VERTEX
  8
1
  10
-59825.190430
  20
-494.014664
  0
VERTEX
  8
1
  10
-59809.819336
  20
-494.014664
  0
VERTEX
  8
1
  10
-59794.873047
  20
-494.014664
  0
VERTEX
  8
1
  10
-59783.417969
  20
-494.014664
  0
VERTEX
  8
1
  10
-59770.854492
  20
-494.014664
  0
VERTEX
  8
1
  10
-59757.250977
  20
-494.014664
  0
VERTEX
  8
1
  10
-59742.680664
  20
-494.014664
  0
VERTEX
  8
1
  10
-59727.211914
  20
-494.014664
  0
VERTEX
  8
1
  10
-59710.922852
  20
-494.014664
  0
VERTEX
  8
1
  10
-59693.881836
  20
-494.014664
  0
VERTEX
  8
1
  10
-59676.162109
  20
-494.014664
  0
VERTEX
  8
1
  10
-59657.832031
  20
-494.014664
  0
VERTEX
  8
1
  10
-59638.964844
  20
-494.014664
  0
VERTEX
  8
1
  10
-59619.628906
  20
-494.014664
  0
VERTEX
  8
1
  10
-59599.902344
  20
-494.014664
  0
VERTEX
  8
1
  10
-59579.853516
  20
-494.014664
  0
VERTEX
  8
1
  10
-59559.555664
  20
-494.014664
  0
VERTEX
  8
1
  10
-59539.077148
  20
-494.014664
  0
VERTEX
  8
1
  10
-59518.491211
  20
-494.014664
  0
VERTEX
  8
1
  10
-59497.866211
  20
-494.014664
  0
VERTEX
  8
1
  10
-59477.280273
  20
-494.014664
  0
VERTEX
  8
1
  10
-59456.801758
  20
-494.014664
  0
VERTEX
  8
1
  10
-59436.503906
  20
-494.014664
  0
VERTEX
  8
1
  10
-59416.455078
  20
-494.014664
  0
VERTEX
  8
1
  10
-59396.728516
  20
-494.014664
  0
VERTEX
  8
1
  10
-59377.392578
  20
-494.014664
  0
VERTEX
  8
1
  10
-59358.525391
  20
-494.014664
  0
VERTEX
  8
1
  10
-59340.195313
  20
-494.014664
  0
VERTEX
  8
1
  10
-59322.475586
  20
-494.014664
  0
VERTEX
  8
1
  10
-59305.434570
  20
-494.014664
  0
VERTEX
  8
1
  10
-59289.145508
  20
-494.014664
  0
VERTEX
  8
1
  10
-59273.676758
  20
-494.014664
  0
VERTEX
  8
1
  10
-59259.106445
  20
-494.014664
  0
VERTEX
  8
1
  10
-59245.502930
  20
-494.014664
  0
VERTEX
  8
1
  10
-59232.939453
  20
-494.014664
  0
VERTEX
  8
1
  10
-59221.484375
  20
-494.014664
  0
VERTEX
  8
1
  10
-59211.210938
  20
-494.014664
  0
VERTEX
  8
1
  10
-59198.168945
  20
-494.014664
  0
VERTEX
  8
1
  10
-59188.193359
  20
-494.014664
  0
VERTEX
  8
1
  10
-59178.178711
  20
-494.014664
  0
VERTEX
  8
1
  10
-59178.178711
  20
-504.579124
  0
VERTEX
  8
1
  10
-59178.178711
  20
-514.778824
  0
VERTEX
  8
1
  10
-59178.178711
  20
-524.722977
  0
VERTEX
  8
1
  10
-59178.178711
  20
-529.014664
  0
VERTEX
  8
1
  10
-59191.166992
  20
-529.014664
  0
VERTEX
  8
1
  10
-59206.538086
  20
-529.014664
  0
VERTEX
  8
1
  10
-59221.484375
  20
-529.014664
  0
VERTEX
  8
1
  10
-59232.939453
  20
-529.014664
  0
VERTEX
  8
1
  10
-59245.502930
  20
-529.014664
  0
VERTEX
  8
1
  10
-59259.106445
  20
-529.014664
  0
VERTEX
  8
1
  10
-59273.676758
  20
-529.014664
  0
VERTEX
  8
1
  10
-59289.145508
  20
-529.014664
  0
VERTEX
  8
1
  10
-59305.434570
  20
-529.014664
  0
VERTEX
  8
1
  10
-59322.475586
  20
-529.014664
  0
VERTEX
  8
1
  10
-59340.195313
  20
-529.014664
  0
VERTEX
  8
1
  10
-59358.525391
  20
-529.014664
  0
VERTEX
  8
1
  10
-59377.392578
  20
-529.014664
  0
VERTEX
  8
1
  10
-59396.728516
  20
-529.014664
  0
VERTEX
  8
1
  10
-59416.455078
  20
-529.014664
  0
VERTEX
  8
1
  10
-59436.503906
  20
-529.014664
  0
VERTEX
  8
1
  10
-59456.801758
  20
-529.014664
  0
VERTEX
  8
1
  10
-59477.280273
  20
-529.014664
  0
VERTEX
  8
1
  10
-59497.866211
  20
-529.014664
  0
VERTEX
  8
1
  10
-59518.491211
  20
-529.014664
  0
VERTEX
  8
1
  10
-59539.077148
  20
-529.014664
  0
VERTEX
  8
1
  10
-59559.555664
  20
-529.014664
  0
VERTEX
  8
1
  10
-59579.853516
  20
-529.014664
  0
VERTEX
  8
1
  10
-59599.902344
  20
-529.014664
  0
VERTEX
  8
1
  10
-59619.628906
  20
-529.014664
  0
VERTEX
  8
1
  10
-59638.964844
  20
-529.014664
  0
VERTEX
  8
1
  10
-59657.832031
  20
-529.014664
  0
VERTEX
  8
1
  10
-59676.162109
  20
-529.014664
  0
VERTEX
  8
1
  10
-59693.881836
  20
-529.014664
  0
VERTEX
  8
1
  10
-59710.922852
  20
-529.014664
  0
VERTEX
  8
1
  10
-59727.211914
  20
-529.014664
  0
VERTEX
  8
1
  10
-59742.680664
  20
-529.014664
  0
VERTEX
  8
1
  10
-59757.250977
  20
-529.014664
  0
VERTEX
  8
1
  10
-59770.854492
  20
-529.014664
  0
VERTEX
  8
1
  10
-59783.417969
  20
-529.014664
  0
VERTEX
  8
1
  10
-59794.873047
  20
-529.014664
  0
VERTEX
  8
1
  10
-59805.146484
  20
-529.014664
  0
VERTEX
  8
1
  10
-59818.188477
  20
-529.014664
  0
VERTEX
  8
1
  10
-59828.164063
  20
-529.014664
  0
SEQEND
  8
1
  0
POINT
  8
2
 10
-59838.178711
 20
-529.014664
  0
TEXT
  8
2
 10
-59838.178711
 20
-529.014664
 40
0.000000
 50
0.000000
  1
# 491
  0
POINT
  8
2
 10
-59838.178711
 20
-494.014664
  0
TEXT
  8
2
 10
-59838.178711
 20
-494.014664
 40
0.000000
 50
0.000000
  1
# 492
  0
POINT
  8
2
 10
-59178.178711
 20
-494.014664
  0
TEXT
  8
2
 10
-59178.178711
 20
-494.014664
 40
0.000000
 50
0.000000
  1
# 493
  0
POINT
  8
2
 10
-59178.178711
 20
-529.014664
  0
TEXT
  8
2
 10
-59178.178711
 20
-529.014664
 40
0.000000
 50
0.000000
  1
# 494
  0
POINT
  8
3
 10
-59838.178711
 20
-518.450203
  0
POINT
  8
3
 10
-59838.178711
 20
-508.250504
  0
POINT
  8
3
 10
-59838.178711
 20
-498.306351
  0
POINT
  8
3
 10
-59825.190430
 20
-494.014664
  0
POINT
  8
3
 10
-59809.819336
 20
-494.014664
  0
POINT
  8
3
 10
-59794.873047
 20
-494.014664
  0
POINT
  8
3
 10
-59783.417969
 20
-494.014664
  0
POINT
  8
3
 10
-59770.854492
 20
-494.014664
  0
POINT
  8
3
 10
-59757.250977
 20
-494.014664
  0
POINT
  8
3
 10
-59742.680664
 20
-494.014664
  0
POINT
  8
3
 10
-59727.211914
 20
-494.014664
  0
POINT
  8
3
 10
-59710.922852
 20
-494.014664
  0
POINT
  8
3
 10
-59693.881836
 20
-494.014664
  0
POINT
  8
3
 10
-59676.162109
 20
-494.014664
  0
POINT
  8
3
 10
-59657.832031
 20
-494.014664
  0
POINT
  8
3
 10
-59638.964844
 20
-494.014664
  0
POINT
  8
3
 10
-59619.628906
 20
-494.014664
  0
POINT
  8
3
 10
-59599.902344
 20
-494.014664
  0
POINT
  8
3
 10
-59579.853516
 20
-494.014664
  0
POINT
  8
3
 10
-59559.555664
 20
-494.014664
  0
POINT
  8
3
 10
-59539.077148
 20
-494.014664
  0
POINT
  8
3
 10
-59518.491211
 20
-494.014664
  0
POINT
  8
3
 10
-59497.866211
 20
-494.014664
  0
POINT
  8
3
 10
-59477.280273
 20
-494.014664
  0
POINT
  8
3
 10
-59456.801758
 20
-494.014664
  0
POINT
  8
3
 10
-59436.503906
 20
-494.014664
  0
POINT
  8
3
 10
-59416.455078
 20
-494.014664
  0
POINT
  8
3
 10
-59396.728516
 20
-494.014664
  0
POINT
  8
3
 10
-59377.392578
 20
-494.014664
  0
POINT
  8
3
 10
-59358.525391
 20
-494.014664
  0
POINT
  8
3
 10
-59340.195313
 20
-494.014664
  0
POINT
  8
3
 10
-59322.475586
 20
-494.014664
  0
POINT
  8
3
 10
-59305.434570
 20
-494.014664
  0
POINT
  8
3
 10
-59289.145508
 20
-494.014664
  0
POINT
  8
3
 10
-59273.676758
 20
-494.014664
  0
POINT
  8
3
 10
-59259.106445
 20
-494.014664
  0
POINT
  8
3
 10
-59245.502930
 20
-494.014664
  0
POINT
  8
3
 10
-59232.939453
 20
-494.014664
  0
POINT
  8
3
 10
-59221.484375
 20
-494.014664
  0
POINT
  8
3
 10
-59211.210938
 20
-494.014664
  0
POINT
  8
3
 10
-59198.168945
 20
-494.014664
  0
POINT
  8
3
 10
-59188.193359
 20
-494.014664
  0
POINT
  8
3
 10
-59178.178711
 20
-504.579124
  0
POINT
  8
3
 10
-59178.178711
 20
-514.778824
  0
POINT
  8
3
 10
-59178.178711
 20
-524.722977
  0
POINT
  8
3
 10
-59191.166992
 20
-529.014664
  0
POINT
  8
3
 10
-59206.538086
 20
-529.014664
  0
POINT
  8
3
 10
-59221.484375
 20
-529.014664
  0
POINT
  8
3
 10
-59232.939453
 20
-529.014664
  0
POINT
  8
3
 10
-59245.502930
 20
-529.014664
  0
POINT
  8
3
 10
-59259.106445
 20
-529.014664
  0
POINT
  8
3
 10
-59273.676758
 20
-529.014664
  0
POINT
  8
3
 10
-59289.145508
 20
-529.014664
  0
POINT
  8
3
 10
-59305.434570
 20
-529.014664
  0
POINT
  8
3
 10
-59322.475586
 20
-529.014664
  0
POINT
  8
3
 10
-59340.195313
 20
-529.014664
  0
POINT
  8
3
 10
-59358.525391
 20
-529.014664
  0
POINT
  8
3
 10
-59377.392578
 20
-529.014664
  0
POINT
  8
3
 10
-59396.728516
 20
-529.014664
  0
POINT
  8
3
 10
-59416.455078
 20
-529.014664
  0
POINT
  8
3
 10
-59436.503906
 20
-529.014664
  0
POINT
  8
3
 10
-59456.801758
 20
-529.014664
  0
POINT
  8
3
 10
-59477.280273
 20
-529.014664
  0
POINT
  8
3
 10
-59497.866211
 20
-529.014664
  0
POINT
  8
3
 10
-59518.491211
 20
-529.014664
  0
POINT
  8
3
 10
-59539.077148
 20
-529.014664
  0
POINT
  8
3
 10
-59559.555664
 20
-529.014664
  0
POINT
  8
3
 10
-59579.853516
 20
-529.014664
  0
POINT
  8
3
 10
-59599.902344
 20
-529.014664
  0
POINT
  8
3
 10
-59619.628906
 20
-529.014664
  0
POINT
  8
3
 10
-59638.964844
 20
-529.014664
  0
POINT
  8
3
 10
-59657.832031
 20
-529.014664
  0
POINT
  8
3
 10
-59676.162109
 20
-529.014664
  0
POINT
  8
3
 10
-59693.881836
 20
-529.014664
  0
POINT
  8
3
 10
-59710.922852
 20
-529.014664
  0
POINT
  8
3
 10
-59727.211914
 20
-529.014664
  0
POINT
  8
3
 10
-59742.680664
 20
-529.014664
  0
POINT
  8
3
 10
-59757.250977
 20
-529.014664
  0
POINT
  8
3
 10
-59770.854492
 20
-529.014664
  0
POINT
  8
3
 10
-59783.417969
 20
-529.014664
  0
POINT
  8
3
 10
-59794.873047
 20
-529.014664
  0
POINT
  8
3
 10
-59805.146484
 20
-529.014664
  0
POINT
  8
3
 10
-59818.188477
 20
-529.014664
  0
POINT
  8
3
 10
-59828.164063
 20
-529.014664
 0
LINE
 8
7
 10
-59764.291992
 20
-513.017731
 11
-59388.735352
 21
-513.017731
  0
TEXT
  8
1
 10
-59800.864258
 20
-510.891876
 40
10.000000
 50
358.577432
  1
2-1成品1厘米 毛片3厘米
  0
TEXT
  8
1
 10
-59508.178711
 20
-511.514664
 40
10.000000
 50
0.000000
  1
Piece Name: 26SMC-WP115M 展_耳仔_175/84
  0
TEXT
  8
1
 10
-59508.178711
 20
-496.514664
 40
10.000000
 50
0.000000
  1
Size: 175/84
  0
TEXT
  8
1
 10
-59508.178711
 20
-481.514664
 40
10.000000
 50
0.000000
  1
Annotation: 
  0
TEXT
  8
1
 10
-59508.178711
 20
-466.514664
 40
10.000000
 50
0.000000
  1
Quantity: 1
  0
TEXT
  8
1
 10
-59508.178711
 20
-451.514664
 40
10.000000
 50
0.000000
  1
Material: 面
  0
TEXT
  8
1
 10
-59508.178711
 20
-451.514664
 40
10.000000
 50
0.000000
  1
Category: 14
0
ENDBLK
0
BLOCK
  8
1
  2
26SMC-WP115M 展_双刀_175/84
 70
0
 10
0.0
 20
0.0
  0
POLYLINE
  8
1
  66
1
  70
1
  0
VERTEX
  8
1
  10
-58695.517578
  20
-1657.797394
  0
VERTEX
  8
1
  10
-58705.517578
  20
-1654.442902
  0
VERTEX
  8
1
  10
-58715.517578
  20
-1657.797394
  0
VERTEX
  8
1
  10
-58726.118164
  20
-1655.283813
  0
VERTEX
  8
1
  10
-58736.435547
  20
-1652.837677
  0
VERTEX
  8
1
  10
-58746.289063
  20
-1650.501404
  0
VERTEX
  8
1
  10
-58755.874023
  20
-1648.229980
  0
VERTEX
  8
1
  10
-58758.706055
  20
-1647.558136
  0
VERTEX
  8
1
  10
-58769.306641
  20
-1650.071716
  0
VERTEX
  8
1
  10
-58779.624023
  20
-1652.517853
  0
VERTEX
  8
1
  10
-58789.477539
  20
-1654.854126
  0
VERTEX
  8
1
  10
-58799.062500
  20
-1657.125549
  0
VERTEX
  8
1
  10
-58801.894531
  20
-1657.797394
  0
VERTEX
  8
1
  10
-58811.894531
  20
-1654.442902
  0
VERTEX
  8
1
  10
-58811.894531
  20
-1643.975830
  0
VERTEX
  8
1
  10
-58811.894531
  20
-1633.788300
  0
VERTEX
  8
1
  10
-58811.894531
  20
-1623.417816
  0
VERTEX
  8
1
  10
-58811.894531
  20
-1613.144379
  0
VERTEX
  8
1
  10
-58811.894531
  20
-1603.038330
  0
VERTEX
  8
1
  10
-58811.894531
  20
-1592.932281
  0
VERTEX
  8
1
  10
-58811.894531
  20
-1582.826233
  0
VERTEX
  8
1
  10
-58811.894531
  20
-1572.619476
  0
VERTEX
  8
1
  10
-58811.894531
  20
-1562.513580
  0
VERTEX
  8
1
  10
-58811.894531
  20
-1552.407532
  0
VERTEX
  8
1
  10
-58811.894531
  20
-1542.287750
  0
VERTEX
  8
1
  10
-58811.894531
  20
-1532.181702
  0
VERTEX
  8
1
  10
-58811.894531
  20
-1522.075653
  0
VERTEX
  8
1
  10
-58811.894531
  20
-1511.969604
  0
VERTEX
  8
1
  10
-58811.894531
  20
-1501.665802
  0
VERTEX
  8
1
  10
-58811.894531
  20
-1491.559753
  0
VERTEX
  8
1
  10
-58811.894531
  20
-1481.453705
  0
VERTEX
  8
1
  10
-58811.894531
  20
-1471.312714
  0
VERTEX
  8
1
  10
-58811.894531
  20
-1465.405884
  0
VERTEX
  8
1
  10
-58811.894531
  20
-1462.103729
  0
VERTEX
  8
1
  10
-58801.435547
  20
-1462.076721
  0
VERTEX
  8
1
  10
-58791.293945
  20
-1462.054749
  0
VERTEX
  8
1
  10
-58781.132813
  20
-1462.037354
  0
VERTEX
  8
1
  10
-58770.859375
  20
-1462.026062
  0
VERTEX
  8
1
  10
-58760.834961
  20
-1462.021332
  0
VERTEX
  8
1
  10
-58758.705753
  20
-1462.021721
  0
VERTEX
  8
1
  10
-58750.810547
  20
-1462.023163
  0
VERTEX
  8
1
  10
-58740.766602
  20
-1462.031250
  0
VERTEX
  8
1
  10
-58730.742188
  20
-1462.045441
  0
VERTEX
  8
1
  10
-58720.722656
  20
-1462.065125
  0
VERTEX
  8
1
  10
-58710.751953
  20
-1462.089539
  0
VERTEX
  8
1
  10
-58705.517578
  20
-1462.103729
  0
VERTEX
  8
1
  10
-58695.205078
  20
-1462.103729
  0
VERTEX
  8
1
  10
-58685.517578
  20
-1462.103729
  0
VERTEX
  8
1
  10
-58685.517578
  20
-1466.218262
  0
VERTEX
  8
1
  10
-58685.517578
  20
-1474.561920
  0
VERTEX
  8
1
  10
-58685.517578
  20
-1484.698181
  0
VERTEX
  8
1
  10
-58685.517578
  20
-1494.740143
  0
VERTEX
  8
1
  10
-58685.517578
  20
-1505.009918
  0
VERTEX
  8
1
  10
-58685.517578
  20
-1515.303802
  0
VERTEX
  8
1
  10
-58685.517578
  20
-1525.597687
  0
VERTEX
  8
1
  10
-58685.517578
  20
-1535.783997
  0
VERTEX
  8
1
  10
-58685.517578
  20
-1546.077881
  0
VERTEX
  8
1
  10
-58685.517578
  20
-1556.371918
  0
VERTEX
  8
1
  10
-58685.517578
  20
-1566.549072
  0
VERTEX
  8
1
  10
-58685.517578
  20
-1576.843109
  0
VERTEX
  8
1
  10
-58685.517578
  20
-1587.136993
  0
VERTEX
  8
1
  10
-58685.517578
  20
-1597.506256
  0
VERTEX
  8
1
  10
-58685.517578
  20
-1607.800140
  0
VERTEX
  8
1
  10
-58685.517578
  20
-1618.094177
  0
VERTEX
  8
1
  10
-58685.517578
  20
-1628.388062
  0
VERTEX
  8
1
  10
-58685.517578
  20
-1638.486176
  0
VERTEX
  8
1
  10
-58685.517578
  20
-1648.433228
  0
VERTEX
  8
1
  10
-58685.517578
  20
-1653.186340
  0
VERTEX
  8
1
  10
-58685.517578
  20
-1655.426178
  0
SEQEND
  8
1
  0
POINT
  8
2
 10
-58695.517578
 20
-1657.797394
  0
TEXT
  8
2
 10
-58695.517578
 20
-1657.797394
 40
0.000000
 50
0.000000
  1
# 495
  0
POINT
  8
2
 10
-58705.517578
 20
-1654.442902
  0
TEXT
  8
2
 10
-58705.517578
 20
-1654.442902
 40
0.000000
 50
0.000000
  1
# 496
  0
POINT
  8
2
 10
-58715.517578
 20
-1657.797394
  0
TEXT
  8
2
 10
-58715.517578
 20
-1657.797394
 40
0.000000
 50
0.000000
  1
# 497
  0
POINT
  8
2
 10
-58758.706055
 20
-1647.558136
  0
TEXT
  8
2
 10
-58758.706055
 20
-1647.558136
 40
0.000000
 50
0.000000
  1
# 498
  0
POINT
  8
2
 10
-58801.894531
 20
-1657.797394
  0
TEXT
  8
2
 10
-58801.894531
 20
-1657.797394
 40
0.000000
 50
0.000000
  1
# 499
  0
POINT
  8
2
 10
-58811.894531
 20
-1654.442902
  0
TEXT
  8
2
 10
-58811.894531
 20
-1654.442902
 40
0.000000
 50
0.000000
  1
# 500
  0
POINT
  8
2
 10
-58811.894531
 20
-1462.103729
  0
TEXT
  8
2
 10
-58811.894531
 20
-1462.103729
 40
0.000000
 50
0.000000
  1
# 501
  0
POINT
  8
2
 10
-58705.517578
 20
-1462.103729
  0
TEXT
  8
2
 10
-58705.517578
 20
-1462.103729
 40
0.000000
 50
0.000000
  1
# 502
  0
POINT
  8
2
 10
-58685.517578
 20
-1462.103729
  0
TEXT
  8
2
 10
-58685.517578
 20
-1462.103729
 40
0.000000
 50
0.000000
  1
# 503
  0
POINT
  8
2
 10
-58685.517578
 20
-1655.426178
  0
TEXT
  8
2
 10
-58685.517578
 20
-1655.426178
 40
0.000000
 50
0.000000
  1
# 504
  0
POINT
  8
3
 10
-58726.118164
 20
-1655.283813
  0
POINT
  8
3
 10
-58736.435547
 20
-1652.837677
  0
POINT
  8
3
 10
-58746.289063
 20
-1650.501404
  0
POINT
  8
3
 10
-58755.874023
 20
-1648.229980
  0
POINT
  8
3
 10
-58769.306641
 20
-1650.071716
  0
POINT
  8
3
 10
-58779.624023
 20
-1652.517853
  0
POINT
  8
3
 10
-58789.477539
 20
-1654.854126
  0
POINT
  8
3
 10
-58799.062500
 20
-1657.125549
  0
POINT
  8
3
 10
-58811.894531
 20
-1643.975830
  0
POINT
  8
3
 10
-58811.894531
 20
-1633.788300
  0
POINT
  8
3
 10
-58811.894531
 20
-1623.417816
  0
POINT
  8
3
 10
-58811.894531
 20
-1613.144379
  0
POINT
  8
3
 10
-58811.894531
 20
-1603.038330
  0
POINT
  8
3
 10
-58811.894531
 20
-1592.932281
  0
POINT
  8
3
 10
-58811.894531
 20
-1582.826233
  0
POINT
  8
3
 10
-58811.894531
 20
-1572.619476
  0
POINT
  8
3
 10
-58811.894531
 20
-1562.513580
  0
POINT
  8
3
 10
-58811.894531
 20
-1552.407532
  0
POINT
  8
3
 10
-58811.894531
 20
-1542.287750
  0
POINT
  8
3
 10
-58811.894531
 20
-1532.181702
  0
POINT
  8
3
 10
-58811.894531
 20
-1522.075653
  0
POINT
  8
3
 10
-58811.894531
 20
-1511.969604
  0
POINT
  8
3
 10
-58811.894531
 20
-1501.665802
  0
POINT
  8
3
 10
-58811.894531
 20
-1491.559753
  0
POINT
  8
3
 10
-58811.894531
 20
-1481.453705
  0
POINT
  8
3
 10
-58811.894531
 20
-1471.312714
  0
POINT
  8
3
 10
-58811.894531
 20
-1465.405884
  0
POINT
  8
3
 10
-58801.435547
 20
-1462.076721
  0
POINT
  8
3
 10
-58791.293945
 20
-1462.054749
  0
POINT
  8
3
 10
-58781.132813
 20
-1462.037354
  0
POINT
  8
3
 10
-58770.859375
 20
-1462.026062
  0
POINT
  8
3
 10
-58760.834961
 20
-1462.021332
  0
POINT
  8
3
 10
-58758.705753
 20
-1462.021721
  0
POINT
  8
3
 10
-58750.810547
 20
-1462.023163
  0
POINT
  8
3
 10
-58740.766602
 20
-1462.031250
  0
POINT
  8
3
 10
-58730.742188
 20
-1462.045441
  0
POINT
  8
3
 10
-58720.722656
 20
-1462.065125
  0
POINT
  8
3
 10
-58710.751953
 20
-1462.089539
  0
POINT
  8
3
 10
-58695.205078
 20
-1462.103729
  0
POINT
  8
3
 10
-58685.517578
 20
-1466.218262
  0
POINT
  8
3
 10
-58685.517578
 20
-1474.561920
  0
POINT
  8
3
 10
-58685.517578
 20
-1484.698181
  0
POINT
  8
3
 10
-58685.517578
 20
-1494.740143
  0
POINT
  8
3
 10
-58685.517578
 20
-1505.009918
  0
POINT
  8
3
 10
-58685.517578
 20
-1515.303802
  0
POINT
  8
3
 10
-58685.517578
 20
-1525.597687
  0
POINT
  8
3
 10
-58685.517578
 20
-1535.783997
  0
POINT
  8
3
 10
-58685.517578
 20
-1546.077881
  0
POINT
  8
3
 10
-58685.517578
 20
-1556.371918
  0
POINT
  8
3
 10
-58685.517578
 20
-1566.549072
  0
POINT
  8
3
 10
-58685.517578
 20
-1576.843109
  0
POINT
  8
3
 10
-58685.517578
 20
-1587.136993
  0
POINT
  8
3
 10
-58685.517578
 20
-1597.506256
  0
POINT
  8
3
 10
-58685.517578
 20
-1607.800140
  0
POINT
  8
3
 10
-58685.517578
 20
-1618.094177
  0
POINT
  8
3
 10
-58685.517578
 20
-1628.388062
  0
POINT
  8
3
 10
-58685.517578
 20
-1638.486176
  0
POINT
  8
3
 10
-58685.517578
 20
-1648.433228
  0
POINT
  8
3
 10
-58685.517578
 20
-1653.186340
  0
POINT
  8
3
 10
-58758.705753
 20
-1462.021721
  0
TEXT
  8
3
 10
-58758.705753
 20
-1462.021721
 40
0.000000
 50
0.000000
  1
# 505
  0
POLYLINE
  8
14
  66
1
  70
1
  0
VERTEX
  8
14
  10
-58695.517578
  20
-1657.797394
  0
VERTEX
  8
14
  10
-58705.517578
  20
-1654.442902
  0
VERTEX
  8
14
  10
-58715.517578
  20
-1657.797394
  0
VERTEX
  8
14
  10
-58726.119535
  20
-1655.283849
  0
VERTEX
  8
14
  10
-58736.437095
  20
-1652.837730
  0
VERTEX
  8
14
  10
-58746.291399
  20
-1650.501441
  0
VERTEX
  8
14
  10
-58755.872339
  20
-1648.229962
  0
VERTEX
  8
14
  10
-58758.706055
  20
-1647.558136
  0
VERTEX
  8
14
  10
-58769.308011
  20
-1650.071681
  0
VERTEX
  8
14
  10
-58779.625571
  20
-1652.517800
  0
VERTEX
  8
14
  10
-58789.479875
  20
-1654.854089
  0
VERTEX
  8
14
  10
-58799.060815
  20
-1657.125568
  0
VERTEX
  8
14
  10
-58801.894531
  20
-1657.797394
  0
VERTEX
  8
14
  10
-58811.894531
  20
-1654.442902
  0
VERTEX
  8
14
  10
-58811.894531
  20
-1643.975882
  0
VERTEX
  8
14
  10
-58811.894531
  20
-1633.788320
  0
VERTEX
  8
14
  10
-58811.894531
  20
-1623.417800
  0
VERTEX
  8
14
  10
-58811.894531
  20
-1613.144314
  0
VERTEX
  8
14
  10
-58811.894531
  20
-1603.038301
  0
VERTEX
  8
14
  10
-58811.894531
  20
-1592.932295
  0
VERTEX
  8
14
  10
-58811.894531
  20
-1582.826284
  0
VERTEX
  8
14
  10
-58811.894531
  20
-1572.619542
  0
VERTEX
  8
14
  10
-58811.894531
  20
-1562.513507
  0
VERTEX
  8
14
  10
-58811.894531
  20
-1552.407478
  0
VERTEX
  8
14
  10
-58811.894531
  20
-1542.287747
  0
VERTEX
  8
14
  10
-58811.894531
  20
-1532.181713
  0
VERTEX
  8
14
  10
-58811.894531
  20
-1522.075684
  0
VERTEX
  8
14
  10
-58811.894531
  20
-1511.969667
  0
VERTEX
  8
14
  10
-58811.894531
  20
-1501.665774
  0
VERTEX
  8
14
  10
-58811.894531
  20
-1491.559749
  0
VERTEX
  8
14
  10
-58811.894531
  20
-1481.453720
  0
VERTEX
  8
14
  10
-58811.894531
  20
-1471.312648
  0
VERTEX
  8
14
  10
-58811.894531
  20
-1464.103699
  0
VERTEX
  8
14
  10
-58801.433172
  20
-1464.076707
  0
VERTEX
  8
14
  10
-58791.291359
  20
-1464.054702
  0
VERTEX
  8
14
  10
-58781.132386
  20
-1464.037330
  0
VERTEX
  8
14
  10
-58770.857516
  20
-1464.025993
  0
VERTEX
  8
14
  10
-58760.834920
  20
-1464.021404
  0
VERTEX
  8
14
  10
-58758.706118
  20
-1464.021250
  0
VERTEX
  8
14
  10
-58750.812540
  20
-1464.023183
  0
VERTEX
  8
14
  10
-58740.769047
  20
-1464.031297
  0
VERTEX
  8
14
  10
-58730.747465
  20
-1464.045397
  0
VERTEX
  8
14
  10
-58720.726184
  20
-1464.065059
  0
VERTEX
  8
14
  10
-58710.755257
  20
-1464.089501
  0
VERTEX
  8
14
  10
-58705.517578
  20
-1464.103699
  0
VERTEX
  8
14
  10
-58695.205123
  20
-1464.103699
  0
VERTEX
  8
14
  10
-58685.517578
  20
-1464.103699
  0
VERTEX
  8
14
  10
-58685.517578
  20
-1474.561969
  0
VERTEX
  8
14
  10
-58685.517578
  20
-1484.698163
  0
VERTEX
  8
14
  10
-58685.517578
  20
-1494.740090
  0
VERTEX
  8
14
  10
-58685.517578
  20
-1505.009878
  0
VERTEX
  8
14
  10
-58685.517578
  20
-1515.303819
  0
VERTEX
  8
14
  10
-58685.517578
  20
-1525.597761
  0
VERTEX
  8
14
  10
-58685.517578
  20
-1535.783933
  0
VERTEX
  8
14
  10
-58685.517578
  20
-1546.077880
  0
VERTEX
  8
14
  10
-58685.517578
  20
-1556.371843
  0
VERTEX
  8
14
  10
-58685.517578
  20
-1566.549100
  0
VERTEX
  8
14
  10
-58685.517578
  20
-1576.843061
  0
VERTEX
  8
14
  10
-58685.517578
  20
-1587.137029
  0
VERTEX
  8
14
  10
-58685.517578
  20
-1597.506235
  0
VERTEX
  8
14
  10
-58685.517578
  20
-1607.800186
  0
VERTEX
  8
14
  10
-58685.517578
  20
-1618.094136
  0
VERTEX
  8
14
  10
-58685.517578
  20
-1628.388074
  0
VERTEX
  8
14
  10
-58685.517578
  20
-1638.486179
  0
VERTEX
  8
14
  10
-58685.517578
  20
-1648.433169
  0
VERTEX
  8
14
  10
-58685.517578
  20
-1655.426178
  0
SEQEND
  8
14
  0
POINT
  8
2
 10
-58695.517578
 20
-1657.797394
  0
TEXT
  8
2
 10
-58695.517578
 20
-1657.797394
 40
0.000000
 50
0.000000
  1
# 506
  0
POINT
  8
2
 10
-58705.517578
 20
-1654.442902
  0
TEXT
  8
2
 10
-58705.517578
 20
-1654.442902
 40
0.000000
 50
0.000000
  1
# 507
  0
POINT
  8
2
 10
-58715.517578
 20
-1657.797394
  0
TEXT
  8
2
 10
-58715.517578
 20
-1657.797394
 40
0.000000
 50
0.000000
  1
# 508
  0
POINT
  8
2
 10
-58758.706055
 20
-1647.558136
  0
TEXT
  8
2
 10
-58758.706055
 20
-1647.558136
 40
0.000000
 50
0.000000
  1
# 509
  0
POINT
  8
2
 10
-58801.894531
 20
-1657.797394
  0
TEXT
  8
2
 10
-58801.894531
 20
-1657.797394
 40
0.000000
 50
0.000000
  1
# 510
  0
POINT
  8
2
 10
-58811.894531
 20
-1654.442902
  0
TEXT
  8
2
 10
-58811.894531
 20
-1654.442902
 40
0.000000
 50
0.000000
  1
# 511
  0
POINT
  8
2
 10
-58811.894531
 20
-1464.103699
  0
TEXT
  8
2
 10
-58811.894531
 20
-1464.103699
 40
0.000000
 50
0.000000
  1
# 512
  0
POINT
  8
2
 10
-58705.517578
 20
-1464.103699
  0
TEXT
  8
2
 10
-58705.517578
 20
-1464.103699
 40
0.000000
 50
0.000000
  1
# 513
  0
POINT
  8
2
 10
-58685.517578
 20
-1464.103699
  0
TEXT
  8
2
 10
-58685.517578
 20
-1464.103699
 40
0.000000
 50
0.000000
  1
# 514
  0
POINT
  8
2
 10
-58685.517578
 20
-1655.426178
  0
TEXT
  8
2
 10
-58685.517578
 20
-1655.426178
 40
0.000000
 50
0.000000
  1
# 515
  0
POINT
  8
3
 10
-58726.119535
 20
-1655.283849
  0
POINT
  8
3
 10
-58736.437095
 20
-1652.837730
  0
POINT
  8
3
 10
-58746.291399
 20
-1650.501441
  0
POINT
  8
3
 10
-58755.872339
 20
-1648.229962
  0
POINT
  8
3
 10
-58769.308011
 20
-1650.071681
  0
POINT
  8
3
 10
-58779.625571
 20
-1652.517800
  0
POINT
  8
3
 10
-58789.479875
 20
-1654.854089
  0
POINT
  8
3
 10
-58799.060815
 20
-1657.125568
  0
POINT
  8
3
 10
-58811.894531
 20
-1643.975882
  0
POINT
  8
3
 10
-58811.894531
 20
-1633.788320
  0
POINT
  8
3
 10
-58811.894531
 20
-1623.417800
  0
POINT
  8
3
 10
-58811.894531
 20
-1613.144314
  0
POINT
  8
3
 10
-58811.894531
 20
-1603.038301
  0
POINT
  8
3
 10
-58811.894531
 20
-1592.932295
  0
POINT
  8
3
 10
-58811.894531
 20
-1582.826284
  0
POINT
  8
3
 10
-58811.894531
 20
-1572.619542
  0
POINT
  8
3
 10
-58811.894531
 20
-1562.513507
  0
POINT
  8
3
 10
-58811.894531
 20
-1552.407478
  0
POINT
  8
3
 10
-58811.894531
 20
-1542.287747
  0
POINT
  8
3
 10
-58811.894531
 20
-1532.181713
  0
POINT
  8
3
 10
-58811.894531
 20
-1522.075684
  0
POINT
  8
3
 10
-58811.894531
 20
-1511.969667
  0
POINT
  8
3
 10
-58811.894531
 20
-1501.665774
  0
POINT
  8
3
 10
-58811.894531
 20
-1491.559749
  0
POINT
  8
3
 10
-58811.894531
 20
-1481.453720
  0
POINT
  8
3
 10
-58811.894531
 20
-1471.312648
  0
POINT
  8
3
 10
-58801.433172
 20
-1464.076707
  0
POINT
  8
3
 10
-58791.291359
 20
-1464.054702
  0
POINT
  8
3
 10
-58781.132386
 20
-1464.037330
  0
POINT
  8
3
 10
-58770.857516
 20
-1464.025993
  0
POINT
  8
3
 10
-58760.834920
 20
-1464.021404
  0
POINT
  8
3
 10
-58758.706118
 20
-1464.021250
  0
POINT
  8
3
 10
-58750.812540
 20
-1464.023183
  0
POINT
  8
3
 10
-58740.769047
 20
-1464.031297
  0
POINT
  8
3
 10
-58730.747465
 20
-1464.045397
  0
POINT
  8
3
 10
-58720.726184
 20
-1464.065059
  0
POINT
  8
3
 10
-58710.755257
 20
-1464.089501
  0
POINT
  8
3
 10
-58695.205123
 20
-1464.103699
  0
POINT
  8
3
 10
-58685.517578
 20
-1474.561969
  0
POINT
  8
3
 10
-58685.517578
 20
-1484.698163
  0
POINT
  8
3
 10
-58685.517578
 20
-1494.740090
  0
POINT
  8
3
 10
-58685.517578
 20
-1505.009878
  0
POINT
  8
3
 10
-58685.517578
 20
-1515.303819
  0
POINT
  8
3
 10
-58685.517578
 20
-1525.597761
  0
POINT
  8
3
 10
-58685.517578
 20
-1535.783933
  0
POINT
  8
3
 10
-58685.517578
 20
-1546.077880
  0
POINT
  8
3
 10
-58685.517578
 20
-1556.371843
  0
POINT
  8
3
 10
-58685.517578
 20
-1566.549100
  0
POINT
  8
3
 10
-58685.517578
 20
-1576.843061
  0
POINT
  8
3
 10
-58685.517578
 20
-1587.137029
  0
POINT
  8
3
 10
-58685.517578
 20
-1597.506235
  0
POINT
  8
3
 10
-58685.517578
 20
-1607.800186
  0
POINT
  8
3
 10
-58685.517578
 20
-1618.094136
  0
POINT
  8
3
 10
-58685.517578
 20
-1628.388074
  0
POINT
  8
3
 10
-58685.517578
 20
-1638.486179
  0
POINT
  8
3
 10
-58685.517578
 20
-1648.433169
  0
POINT
  8
3
 10
-58758.706118
 20
-1464.021250
  0
TEXT
  8
3
 10
-58758.706118
 20
-1464.021250
 40
0.000000
 50
0.000000
  1
# 516
  0
POLYLINE
  8
8
  66
1
  70
0
  0
VERTEX
  8
8
  10
-58705.517578
  20
-1464.103699
  0
VERTEX
  8
8
  10
-58705.517578
  20
-1474.501856
  0
VERTEX
  8
8
  10
-58705.517578
  20
-1484.690830
  0
VERTEX
  8
8
  10
-58705.517578
  20
-1494.798285
  0
VERTEX
  8
8
  10
-58705.517578
  20
-1505.045631
  0
VERTEX
  8
8
  10
-58705.517578
  20
-1515.344139
  0
VERTEX
  8
8
  10
-58705.517578
  20
-1525.642646
  0
VERTEX
  8
8
  10
-58705.517578
  20
-1535.941156
  0
VERTEX
  8
8
  10
-58705.517578
  20
-1546.212438
  0
VERTEX
  8
8
  10
-58705.517578
  20
-1556.510945
  0
VERTEX
  8
8
  10
-58705.517578
  20
-1566.809448
  0
VERTEX
  8
8
  10
-58705.517578
  20
-1576.999673
  0
VERTEX
  8
8
  10
-58705.517578
  20
-1587.298164
  0
VERTEX
  8
8
  10
-58705.517578
  20
-1597.596658
  0
VERTEX
  8
8
  10
-58705.517578
  20
-1607.683248
  0
VERTEX
  8
8
  10
-58705.517578
  20
-1617.981776
  0
VERTEX
  8
8
  10
-58705.517578
  20
-1628.280290
  0
VERTEX
  8
8
  10
-58705.517578
  20
-1638.578818
  0
VERTEX
  8
8
  10
-58705.517578
  20
-1648.877310
  0
VERTEX
  8
8
  10
-58705.517578
  20
-1654.442902
  0
SEQEND
  8
8
  0
POINT
  8
2
 10
-58705.517578
 20
-1464.103699
  0
TEXT
  8
2
 10
-58705.517578
 20
-1464.103699
 40
0.000000
 50
0.000000
  1
# 517
  0
POINT
  8
2
 10
-58705.517578
 20
-1654.442902
  0
TEXT
  8
2
 10
-58705.517578
 20
-1654.442902
 40
0.000000
 50
0.000000
  1
# 518
  0
POINT
  8
3
 10
-58705.517578
 20
-1474.501856
  0
POINT
  8
3
 10
-58705.517578
 20
-1484.690830
  0
POINT
  8
3
 10
-58705.517578
 20
-1494.798285
  0
POINT
  8
3
 10
-58705.517578
 20
-1505.045631
  0
POINT
  8
3
 10
-58705.517578
 20
-1515.344139
  0
POINT
  8
3
 10
-58705.517578
 20
-1525.642646
  0
POINT
  8
3
 10
-58705.517578
 20
-1535.941156
  0
POINT
  8
3
 10
-58705.517578
 20
-1546.212438
  0
POINT
  8
3
 10
-58705.517578
 20
-1556.510945
  0
POINT
  8
3
 10
-58705.517578
 20
-1566.809448
  0
POINT
  8
3
 10
-58705.517578
 20
-1576.999673
  0
POINT
  8
3
 10
-58705.517578
 20
-1587.298164
  0
POINT
  8
3
 10
-58705.517578
 20
-1597.596658
  0
POINT
  8
3
 10
-58705.517578
 20
-1607.683248
  0
POINT
  8
3
 10
-58705.517578
 20
-1617.981776
  0
POINT
  8
3
 10
-58705.517578
 20
-1628.280290
  0
POINT
  8
3
 10
-58705.517578
 20
-1638.578818
  0
POINT
  8
3
 10
-58705.517578
 20
-1648.877310
  0
POLYLINE
  8
8
  66
1
  70
0
  0
VERTEX
  8
8
  10
-58758.706055
  20
-1647.558136
  0
VERTEX
  8
8
  10
-58758.706055
  20
-1464.024048
  0
SEQEND
  8
8
  0
POINT
  8
2
 10
-58758.706055
 20
-1647.558136
  0
TEXT
  8
2
 10
-58758.706055
 20
-1647.558136
 40
0.000000
 50
0.000000
  1
# 519
  0
POINT
  8
2
 10
-58758.706055
 20
-1464.024048
  0
TEXT
  8
2
 10
-58758.706055
 20
-1464.024048
 40
0.000000
 50
0.000000
  1
# 520
 0
LINE
 8
7
 10
-58766.528320
 20
-1480.024414
 11
-58766.528320
 21
-1619.713287
  0
TEXT
  8
1
 10
-58748.706055
 20
-1559.909363
 40
10.000000
 50
0.000000
  1
Piece Name: 26SMC-WP115M 展_双刀_175/84
  0
TEXT
  8
1
 10
-58748.706055
 20
-1544.909363
 40
10.000000
 50
0.000000
  1
Size: 175/84
  0
TEXT
  8
1
 10
-58748.706055
 20
-1529.909363
 40
10.000000
 50
0.000000
  1
Annotation: 
  0
TEXT
  8
1
 10
-58748.706055
 20
-1514.909363
 40
10.000000
 50
0.000000
  1
Quantity: 1
  0
TEXT
  8
1
 10
-58748.706055
 20
-1499.909363
 40
10.000000
 50
0.000000
  1
Material: 面
  0
TEXT
  8
1
 10
-58748.706055
 20
-1499.909363
 40
10.000000
 50
0.000000
  1
Category: 15
0
ENDBLK
0
BLOCK
  8
1
  2
26SMC-WP115M 展_双刀_175/84
 70
0
 10
0.0
 20
0.0
  0
POLYLINE
  8
1
  66
1
  70
1
  0
VERTEX
  8
1
  10
-61027.319336
  20
-1438.501892
  0
VERTEX
  8
1
  10
-61027.319336
  20
-1436.118164
  0
VERTEX
  8
1
  10
-61027.319336
  20
-1426.162415
  0
VERTEX
  8
1
  10
-61027.319336
  20
-1416.089478
  0
VERTEX
  8
1
  10
-61027.319336
  20
-1405.846863
  0
VERTEX
  8
1
  10
-61027.319336
  20
-1395.794525
  0
VERTEX
  8
1
  10
-61027.319336
  20
-1385.742188
  0
VERTEX
  8
1
  10
-61027.319336
  20
-1375.666656
  0
VERTEX
  8
1
  10
-61027.319336
  20
-1365.614319
  0
VERTEX
  8
1
  10
-61027.319336
  20
-1355.561981
  0
VERTEX
  8
1
  10
-61027.319336
  20
-1345.454102
  0
VERTEX
  8
1
  10
-61027.319336
  20
-1335.401764
  0
VERTEX
  8
1
  10
-61027.319336
  20
-1325.349426
  0
VERTEX
  8
1
  10
-61027.319336
  20
-1315.297089
  0
VERTEX
  8
1
  10
-61027.319336
  20
-1305.264587
  0
VERTEX
  8
1
  10
-61027.319336
  20
-1295.212250
  0
VERTEX
  8
1
  10
-61027.319336
  20
-1285.159912
  0
VERTEX
  8
1
  10
-61027.319336
  20
-1274.990768
  0
VERTEX
  8
1
  10
-61027.319336
  20
-1264.813919
  0
VERTEX
  8
1
  10
-61027.319336
  20
-1254.342117
  0
VERTEX
  8
1
  10
-61021.542969
  20
-1254.342117
  0
VERTEX
  8
1
  10
-61011.308594
  20
-1254.342117
  0
VERTEX
  8
1
  10
-61000.903320
  20
-1254.315033
  0
VERTEX
  8
1
  10
-60990.849609
  20
-1254.292984
  0
VERTEX
  8
1
  10
-60980.766602
  20
-1254.275589
  0
VERTEX
  8
1
  10
-60970.527344
  20
-1254.264221
  0
VERTEX
  8
1
  10
-60960.292969
  20
-1254.259644
  0
VERTEX
  8
1
  10
-60958.134684
  20
-1254.260110
  0
VERTEX
  8
1
  10
-60950.058594
  20
-1254.261856
  0
VERTEX
  8
1
  10
-60939.824219
  20
-1254.270630
  0
VERTEX
  8
1
  10
-60929.589844
  20
-1254.285583
  0
VERTEX
  8
1
  10
-60919.355469
  20
-1254.306107
  0
VERTEX
  8
1
  10
-60908.945313
  20
-1254.331436
  0
VERTEX
  8
1
  10
-60908.945313
  20
-1255.641251
  0
VERTEX
  8
1
  10
-60908.945313
  20
-1265.517120
  0
VERTEX
  8
1
  10
-60908.945313
  20
-1275.727692
  0
VERTEX
  8
1
  10
-60908.945313
  20
-1285.837555
  0
VERTEX
  8
1
  10
-60908.945313
  20
-1295.899658
  0
VERTEX
  8
1
  10
-60908.945313
  20
-1305.961761
  0
VERTEX
  8
1
  10
-60908.945313
  20
-1316.065674
  0
VERTEX
  8
1
  10
-60908.945313
  20
-1326.127777
  0
VERTEX
  8
1
  10
-60908.945313
  20
-1336.189880
  0
VERTEX
  8
1
  10
-60908.945313
  20
-1346.224060
  0
VERTEX
  8
1
  10
-60908.945313
  20
-1356.286163
  0
VERTEX
  8
1
  10
-60908.945313
  20
-1366.348267
  0
VERTEX
  8
1
  10
-60908.945313
  20
-1376.564026
  0
VERTEX
  8
1
  10
-60908.945313
  20
-1386.626129
  0
VERTEX
  8
1
  10
-60908.945313
  20
-1396.688232
  0
VERTEX
  8
1
  10
-60908.945313
  20
-1406.933136
  0
VERTEX
  8
1
  10
-60908.945313
  20
-1417.168732
  0
VERTEX
  8
1
  10
-60908.945313
  20
-1427.488251
  0
VERTEX
  8
1
  10
-60908.945313
  20
-1437.803955
  0
VERTEX
  8
1
  10
-60915.131836
  20
-1439.880066
  0
VERTEX
  8
1
  10
-60918.540039
  20
-1439.071503
  0
VERTEX
  8
1
  10
-60928.217773
  20
-1436.777649
  0
VERTEX
  8
1
  10
-60938.095703
  20
-1434.436035
  0
VERTEX
  8
1
  10
-60947.836914
  20
-1432.126160
  0
VERTEX
  8
1
  10
-60958.134766
  20
-1429.685516
  0
VERTEX
  8
1
  10
-60961.499023
  20
-1430.483398
  0
VERTEX
  8
1
  10
-60971.152344
  20
-1432.772369
  0
VERTEX
  8
1
  10
-60981.025391
  20
-1435.112915
  0
VERTEX
  8
1
  10
-60990.869141
  20
-1437.447205
  0
VERTEX
  8
1
  10
-61001.132813
  20
-1439.879913
  0
VERTEX
  8
1
  10
-61011.323242
  20
-1436.462097
  0
VERTEX
  8
1
  10
-61021.508789
  20
-1439.879913
  0
SEQEND
  8
1
  0
POINT
  8
2
 10
-61027.319336
 20
-1438.501892
  0
TEXT
  8
2
 10
-61027.319336
 20
-1438.501892
 40
0.000000
 50
0.000000
  1
# 521
  0
POINT
  8
2
 10
-61027.319336
 20
-1254.342117
  0
TEXT
  8
2
 10
-61027.319336
 20
-1254.342117
 40
0.000000
 50
0.000000
  1
# 522
  0
POINT
  8
2
 10
-61011.308594
 20
-1254.342117
  0
TEXT
  8
2
 10
-61011.308594
 20
-1254.342117
 40
0.000000
 50
0.000000
  1
# 523
  0
POINT
  8
2
 10
-60908.945313
 20
-1254.331436
  0
TEXT
  8
2
 10
-60908.945313
 20
-1254.331436
 40
0.000000
 50
0.000000
  1
# 524
  0
POINT
  8
2
 10
-60908.945313
 20
-1437.803955
  0
TEXT
  8
2
 10
-60908.945313
 20
-1437.803955
 40
0.000000
 50
0.000000
  1
# 525
  0
POINT
  8
2
 10
-60915.131836
 20
-1439.880066
  0
TEXT
  8
2
 10
-60915.131836
 20
-1439.880066
 40
0.000000
 50
0.000000
  1
# 526
  0
POINT
  8
2
 10
-60958.134766
 20
-1429.685516
  0
TEXT
  8
2
 10
-60958.134766
 20
-1429.685516
 40
0.000000
 50
0.000000
  1
# 527
  0
POINT
  8
2
 10
-61001.132813
 20
-1439.879913
  0
TEXT
  8
2
 10
-61001.132813
 20
-1439.879913
 40
0.000000
 50
0.000000
  1
# 528
  0
POINT
  8
2
 10
-61011.323242
 20
-1436.462097
  0
TEXT
  8
2
 10
-61011.323242
 20
-1436.462097
 40
0.000000
 50
0.000000
  1
# 529
  0
POINT
  8
2
 10
-61021.508789
 20
-1439.879913
  0
TEXT
  8
2
 10
-61021.508789
 20
-1439.879913
 40
0.000000
 50
0.000000
  1
# 530
  0
POINT
  8
3
 10
-61027.319336
 20
-1436.118164
  0
POINT
  8
3
 10
-61027.319336
 20
-1426.162415
  0
POINT
  8
3
 10
-61027.319336
 20
-1416.089478
  0
POINT
  8
3
 10
-61027.319336
 20
-1405.846863
  0
POINT
  8
3
 10
-61027.319336
 20
-1395.794525
  0
POINT
  8
3
 10
-61027.319336
 20
-1385.742188
  0
POINT
  8
3
 10
-61027.319336
 20
-1375.666656
  0
POINT
  8
3
 10
-61027.319336
 20
-1365.614319
  0
POINT
  8
3
 10
-61027.319336
 20
-1355.561981
  0
POINT
  8
3
 10
-61027.319336
 20
-1345.454102
  0
POINT
  8
3
 10
-61027.319336
 20
-1335.401764
  0
POINT
  8
3
 10
-61027.319336
 20
-1325.349426
  0
POINT
  8
3
 10
-61027.319336
 20
-1315.297089
  0
POINT
  8
3
 10
-61027.319336
 20
-1305.264587
  0
POINT
  8
3
 10
-61027.319336
 20
-1295.212250
  0
POINT
  8
3
 10
-61027.319336
 20
-1285.159912
  0
POINT
  8
3
 10
-61027.319336
 20
-1274.990768
  0
POINT
  8
3
 10
-61027.319336
 20
-1264.813919
  0
POINT
  8
3
 10
-61021.542969
 20
-1254.342117
  0
POINT
  8
3
 10
-61000.903320
 20
-1254.315033
  0
POINT
  8
3
 10
-60990.849609
 20
-1254.292984
  0
POINT
  8
3
 10
-60980.766602
 20
-1254.275589
  0
POINT
  8
3
 10
-60970.527344
 20
-1254.264221
  0
POINT
  8
3
 10
-60960.292969
 20
-1254.259644
  0
POINT
  8
3
 10
-60958.134684
 20
-1254.260110
  0
POINT
  8
3
 10
-60950.058594
 20
-1254.261856
  0
POINT
  8
3
 10
-60939.824219
 20
-1254.270630
  0
POINT
  8
3
 10
-60929.589844
 20
-1254.285583
  0
POINT
  8
3
 10
-60919.355469
 20
-1254.306107
  0
POINT
  8
3
 10
-60908.945313
 20
-1255.641251
  0
POINT
  8
3
 10
-60908.945313
 20
-1265.517120
  0
POINT
  8
3
 10
-60908.945313
 20
-1275.727692
  0
POINT
  8
3
 10
-60908.945313
 20
-1285.837555
  0
POINT
  8
3
 10
-60908.945313
 20
-1295.899658
  0
POINT
  8
3
 10
-60908.945313
 20
-1305.961761
  0
POINT
  8
3
 10
-60908.945313
 20
-1316.065674
  0
POINT
  8
3
 10
-60908.945313
 20
-1326.127777
  0
POINT
  8
3
 10
-60908.945313
 20
-1336.189880
  0
POINT
  8
3
 10
-60908.945313
 20
-1346.224060
  0
POINT
  8
3
 10
-60908.945313
 20
-1356.286163
  0
POINT
  8
3
 10
-60908.945313
 20
-1366.348267
  0
POINT
  8
3
 10
-60908.945313
 20
-1376.564026
  0
POINT
  8
3
 10
-60908.945313
 20
-1386.626129
  0
POINT
  8
3
 10
-60908.945313
 20
-1396.688232
  0
POINT
  8
3
 10
-60908.945313
 20
-1406.933136
  0
POINT
  8
3
 10
-60908.945313
 20
-1417.168732
  0
POINT
  8
3
 10
-60908.945313
 20
-1427.488251
  0
POINT
  8
3
 10
-60918.540039
 20
-1439.071503
  0
POINT
  8
3
 10
-60928.217773
 20
-1436.777649
  0
POINT
  8
3
 10
-60938.095703
 20
-1434.436035
  0
POINT
  8
3
 10
-60947.836914
 20
-1432.126160
  0
POINT
  8
3
 10
-60961.499023
 20
-1430.483398
  0
POINT
  8
3
 10
-60971.152344
 20
-1432.772369
  0
POINT
  8
3
 10
-60981.025391
 20
-1435.112915
  0
POINT
  8
3
 10
-60990.869141
 20
-1437.447205
  0
POINT
  8
3
 10
-60958.134684
 20
-1254.260110
  0
TEXT
  8
3
 10
-60958.134684
 20
-1254.260110
 40
0.000000
 50
0.000000
  1
# 531
  0
POLYLINE
  8
8
  66
1
  70
0
  0
VERTEX
  8
8
  10
-61011.323242
  20
-1254.341965
  0
VERTEX
  8
8
  10
-61011.323242
  20
-1264.902249
  0
VERTEX
  8
8
  10
-61011.323242
  20
-1275.216464
  0
VERTEX
  8
8
  10
-61011.323242
  20
-1285.038606
  0
VERTEX
  8
8
  10
-61011.323242
  20
-1295.711365
  0
VERTEX
  8
8
  10
-61011.323242
  20
-1306.016090
  0
VERTEX
  8
8
  10
-61011.323242
  20
-1316.361722
  0
VERTEX
  8
8
  10
-61011.323242
  20
-1326.666412
  0
VERTEX
  8
8
  10
-61011.323242
  20
-1336.971110
  0
VERTEX
  8
8
  10
-61011.323242
  20
-1347.324902
  0
VERTEX
  8
8
  10
-61011.323242
  20
-1357.629637
  0
VERTEX
  8
8
  10
-61011.323242
  20
-1367.934396
  0
VERTEX
  8
8
  10
-61011.323242
  20
-1378.266102
  0
VERTEX
  8
8
  10
-61011.323242
  20
-1388.570830
  0
VERTEX
  8
8
  10
-61011.323242
  20
-1398.875556
  0
VERTEX
  8
8
  10
-61011.323242
  20
-1408.905009
  0
VERTEX
  8
8
  10
-61011.323242
  20
-1418.923111
  0
VERTEX
  8
8
  10
-61011.323242
  20
-1428.948432
  0
VERTEX
  8
8
  10
-61011.323242
  20
-1436.462097
  0
SEQEND
  8
8
  0
POINT
  8
2
 10
-61011.323242
 20
-1254.341965
  0
TEXT
  8
2
 10
-61011.323242
 20
-1254.341965
 40
0.000000
 50
0.000000
  1
# 532
  0
POINT
  8
2
 10
-61011.323242
 20
-1436.462097
  0
TEXT
  8
2
 10
-61011.323242
 20
-1436.462097
 40
0.000000
 50
0.000000
  1
# 533
  0
POINT
  8
3
 10
-61011.323242
 20
-1264.902249
  0
POINT
  8
3
 10
-61011.323242
 20
-1275.216464
  0
POINT
  8
3
 10
-61011.323242
 20
-1285.038606
  0
POINT
  8
3
 10
-61011.323242
 20
-1295.711365
  0
POINT
  8
3
 10
-61011.323242
 20
-1306.016090
  0
POINT
  8
3
 10
-61011.323242
 20
-1316.361722
  0
POINT
  8
3
 10
-61011.323242
 20
-1326.666412
  0
POINT
  8
3
 10
-61011.323242
 20
-1336.971110
  0
POINT
  8
3
 10
-61011.323242
 20
-1347.324902
  0
POINT
  8
3
 10
-61011.323242
 20
-1357.629637
  0
POINT
  8
3
 10
-61011.323242
 20
-1367.934396
  0
POINT
  8
3
 10
-61011.323242
 20
-1378.266102
  0
POINT
  8
3
 10
-61011.323242
 20
-1388.570830
  0
POINT
  8
3
 10
-61011.323242
 20
-1398.875556
  0
POINT
  8
3
 10
-61011.323242
 20
-1408.905009
  0
POINT
  8
3
 10
-61011.323242
 20
-1418.923111
  0
POINT
  8
3
 10
-61011.323242
 20
-1428.948432
 0
LINE
 8
7
 10
-60950.312500
 20
-1266.262741
 11
-60950.312500
 21
-1405.951538
  0
TEXT
  8
1
 10
-60968.132324
 20
-1347.069855
 40
10.000000
 50
0.000000
  1
Piece Name: 26SMC-WP115M 展_双刀_175/84
  0
TEXT
  8
1
 10
-60968.132324
 20
-1332.069855
 40
10.000000
 50
0.000000
  1
Size: 175/84
  0
TEXT
  8
1
 10
-60968.132324
 20
-1317.069855
 40
10.000000
 50
0.000000
  1
Annotation: 
  0
TEXT
  8
1
 10
-60968.132324
 20
-1302.069855
 40
10.000000
 50
0.000000
  1
Quantity: 1
  0
TEXT
  8
1
 10
-60968.132324
 20
-1287.069855
 40
10.000000
 50
0.000000
  1
Material: 衬 
  0
TEXT
  8
1
 10
-60968.132324
 20
-1287.069855
 40
10.000000
 50
0.000000
  1
Category: 16
0
ENDBLK
0
BLOCK
  8
1
  2
26SMC-WP115M 展_单刀_175/84
 70
0
 10
0.0
 20
0.0
  0
POLYLINE
  8
1
  66
1
  70
1
  0
VERTEX
  8
1
  10
-61111.591797
  20
-1420.744476
  0
VERTEX
  8
1
  10
-61111.591797
  20
-1415.057068
  0
VERTEX
  8
1
  10
-61111.591797
  20
-1404.872742
  0
VERTEX
  8
1
  10
-61111.591797
  20
-1394.594269
  0
VERTEX
  8
1
  10
-61111.591797
  20
-1384.315796
  0
VERTEX
  8
1
  10
-61111.591797
  20
-1374.265594
  0
VERTEX
  8
1
  10
-61111.591797
  20
-1363.987122
  0
VERTEX
  8
1
  10
-61111.591797
  20
-1353.708801
  0
VERTEX
  8
1
  10
-61111.591797
  20
-1343.564606
  0
VERTEX
  8
1
  10
-61111.591797
  20
-1333.286133
  0
VERTEX
  8
1
  10
-61111.591797
  20
-1323.007660
  0
VERTEX
  8
1
  10
-61111.591797
  20
-1312.985382
  0
VERTEX
  8
1
  10
-61111.591797
  20
-1302.706909
  0
VERTEX
  8
1
  10
-61111.591797
  20
-1292.428436
  0
VERTEX
  8
1
  10
-61111.591797
  20
-1282.353210
  0
VERTEX
  8
1
  10
-61111.591797
  20
-1272.210999
  0
VERTEX
  8
1
  10
-61111.591797
  20
-1261.846848
  0
VERTEX
  8
1
  10
-61063.618164
  20
-1258.183823
  0
VERTEX
  8
1
  10
-61063.618164
  20
-1266.428299
  0
VERTEX
  8
1
  10
-61063.613281
  20
-1276.413574
  0
VERTEX
  8
1
  10
-61063.608398
  20
-1286.625824
  0
VERTEX
  8
1
  10
-61063.603516
  20
-1296.966858
  0
VERTEX
  8
1
  10
-61063.603516
  20
-1307.307892
  0
VERTEX
  8
1
  10
-61063.598633
  20
-1317.652435
  0
VERTEX
  8
1
  10
-61063.598633
  20
-1327.993469
  0
VERTEX
  8
1
  10
-61063.598633
  20
-1338.334351
  0
VERTEX
  8
1
  10
-61063.598633
  20
-1348.623047
  0
VERTEX
  8
1
  10
-61063.593750
  20
-1358.693390
  0
VERTEX
  8
1
  10
-61063.593750
  20
-1369.037018
  0
VERTEX
  8
1
  10
-61063.618164
  20
-1371.950378
  0
VERTEX
  8
1
  10
-61063.706055
  20
-1374.352570
  0
VERTEX
  8
1
  10
-61063.867188
  20
-1376.566315
  0
VERTEX
  8
1
  10
-61064.101563
  20
-1378.665009
  0
VERTEX
  8
1
  10
-61064.404297
  20
-1380.680389
  0
VERTEX
  8
1
  10
-61064.775391
  20
-1382.600708
  0
VERTEX
  8
1
  10
-61065.229492
  20
-1384.495392
  0
VERTEX
  8
1
  10
-61065.751953
  20
-1386.342010
  0
VERTEX
  8
1
  10
-61066.362305
  20
-1388.191986
  0
VERTEX
  8
1
  10
-61067.055664
  20
-1390.036469
  0
VERTEX
  8
1
  10
-61067.812500
  20
-1391.829987
  0
VERTEX
  8
1
  10
-61068.647461
  20
-1393.591156
  0
VERTEX
  8
1
  10
-61069.555664
  20
-1395.315552
  0
VERTEX
  8
1
  10
-61070.546875
  20
-1397.022858
  0
VERTEX
  8
1
  10
-61071.596680
  20
-1398.664703
  0
VERTEX
  8
1
  10
-61072.705078
  20
-1400.250549
  0
VERTEX
  8
1
  10
-61073.891602
  20
-1401.797638
  0
VERTEX
  8
1
  10
-61075.156250
  20
-1403.316345
  0
VERTEX
  8
1
  10
-61076.499023
  20
-1404.790955
  0
VERTEX
  8
1
  10
-61077.875977
  20
-1406.186676
  0
VERTEX
  8
1
  10
-61079.335938
  20
-1407.545166
  0
VERTEX
  8
1
  10
-61080.834961
  20
-1408.832092
  0
VERTEX
  8
1
  10
-61082.402344
  20
-1410.065308
  0
VERTEX
  8
1
  10
-61084.013672
  20
-1411.231689
  0
VERTEX
  8
1
  10
-61085.639648
  20
-1412.305908
  0
VERTEX
  8
1
  10
-61087.299805
  20
-1413.305054
  0
VERTEX
  8
1
  10
-61089.008789
  20
-1414.239044
  0
VERTEX
  8
1
  10
-61090.756836
  20
-1415.100555
  0
VERTEX
  8
1
  10
-61092.617188
  20
-1415.926666
  0
VERTEX
  8
1
  10
-61094.589844
  20
-1416.711121
  0
VERTEX
  8
1
  10
-61096.684570
  20
-1417.452240
  0
VERTEX
  8
1
  10
-61098.872070
  20
-1418.139191
  0
VERTEX
  8
1
  10
-61101.274414
  20
-1418.803864
  0
VERTEX
  8
1
  10
-61103.774414
  20
-1419.412994
  0
VERTEX
  8
1
  10
-61106.079102
  20
-1419.895325
  0
VERTEX
  8
1
  10
-61108.466797
  20
-1420.306854
  0
SEQEND
  8
1
  0
POINT
  8
2
 10
-61111.591797
 20
-1420.744476
  0
TEXT
  8
2
 10
-61111.591797
 20
-1420.744476
 40
0.000000
 50
0.000000
  1
# 534
  0
POINT
  8
2
 10
-61111.591797
 20
-1261.846848
  0
TEXT
  8
2
 10
-61111.591797
 20
-1261.846848
 40
0.000000
 50
0.000000
  1
# 535
  0
POINT
  8
2
 10
-61063.618164
 20
-1258.183823
  0
TEXT
  8
2
 10
-61063.618164
 20
-1258.183823
 40
0.000000
 50
0.000000
  1
# 536
  0
POINT
  8
2
 10
-61063.593750
 20
-1369.037018
  0
TEXT
  8
2
 10
-61063.593750
 20
-1369.037018
 40
0.000000
 50
0.000000
  1
# 537
  0
POINT
  8
3
 10
-61111.591797
 20
-1415.057068
  0
POINT
  8
3
 10
-61111.591797
 20
-1404.872742
  0
POINT
  8
3
 10
-61111.591797
 20
-1394.594269
  0
POINT
  8
3
 10
-61111.591797
 20
-1384.315796
  0
POINT
  8
3
 10
-61111.591797
 20
-1374.265594
  0
POINT
  8
3
 10
-61111.591797
 20
-1363.987122
  0
POINT
  8
3
 10
-61111.591797
 20
-1353.708801
  0
POINT
  8
3
 10
-61111.591797
 20
-1343.564606
  0
POINT
  8
3
 10
-61111.591797
 20
-1333.286133
  0
POINT
  8
3
 10
-61111.591797
 20
-1323.007660
  0
POINT
  8
3
 10
-61111.591797
 20
-1312.985382
  0
POINT
  8
3
 10
-61111.591797
 20
-1302.706909
  0
POINT
  8
3
 10
-61111.591797
 20
-1292.428436
  0
POINT
  8
3
 10
-61111.591797
 20
-1282.353210
  0
POINT
  8
3
 10
-61111.591797
 20
-1272.210999
  0
POINT
  8
3
 10
-61063.618164
 20
-1266.428299
  0
POINT
  8
3
 10
-61063.613281
 20
-1276.413574
  0
POINT
  8
3
 10
-61063.608398
 20
-1286.625824
  0
POINT
  8
3
 10
-61063.603516
 20
-1296.966858
  0
POINT
  8
3
 10
-61063.603516
 20
-1307.307892
  0
POINT
  8
3
 10
-61063.598633
 20
-1317.652435
  0
POINT
  8
3
 10
-61063.598633
 20
-1327.993469
  0
POINT
  8
3
 10
-61063.598633
 20
-1338.334351
  0
POINT
  8
3
 10
-61063.598633
 20
-1348.623047
  0
POINT
  8
3
 10
-61063.593750
 20
-1358.693390
  0
POINT
  8
3
 10
-61063.618164
 20
-1371.950378
  0
POINT
  8
3
 10
-61063.706055
 20
-1374.352570
  0
POINT
  8
3
 10
-61063.867188
 20
-1376.566315
  0
POINT
  8
3
 10
-61064.101563
 20
-1378.665009
  0
POINT
  8
3
 10
-61064.404297
 20
-1380.680389
  0
POINT
  8
3
 10
-61064.775391
 20
-1382.600708
  0
POINT
  8
3
 10
-61065.229492
 20
-1384.495392
  0
POINT
  8
3
 10
-61065.751953
 20
-1386.342010
  0
POINT
  8
3
 10
-61066.362305
 20
-1388.191986
  0
POINT
  8
3
 10
-61067.055664
 20
-1390.036469
  0
POINT
  8
3
 10
-61067.812500
 20
-1391.829987
  0
POINT
  8
3
 10
-61068.647461
 20
-1393.591156
  0
POINT
  8
3
 10
-61069.555664
 20
-1395.315552
  0
POINT
  8
3
 10
-61070.546875
 20
-1397.022858
  0
POINT
  8
3
 10
-61071.596680
 20
-1398.664703
  0
POINT
  8
3
 10
-61072.705078
 20
-1400.250549
  0
POINT
  8
3
 10
-61073.891602
 20
-1401.797638
  0
POINT
  8
3
 10
-61075.156250
 20
-1403.316345
  0
POINT
  8
3
 10
-61076.499023
 20
-1404.790955
  0
POINT
  8
3
 10
-61077.875977
 20
-1406.186676
  0
POINT
  8
3
 10
-61079.335938
 20
-1407.545166
  0
POINT
  8
3
 10
-61080.834961
 20
-1408.832092
  0
POINT
  8
3
 10
-61082.402344
 20
-1410.065308
  0
POINT
  8
3
 10
-61084.013672
 20
-1411.231689
  0
POINT
  8
3
 10
-61085.639648
 20
-1412.305908
  0
POINT
  8
3
 10
-61087.299805
 20
-1413.305054
  0
POINT
  8
3
 10
-61089.008789
 20
-1414.239044
  0
POINT
  8
3
 10
-61090.756836
 20
-1415.100555
  0
POINT
  8
3
 10
-61092.617188
 20
-1415.926666
  0
POINT
  8
3
 10
-61094.589844
 20
-1416.711121
  0
POINT
  8
3
 10
-61096.684570
 20
-1417.452240
  0
POINT
  8
3
 10
-61098.872070
 20
-1418.139191
  0
POINT
  8
3
 10
-61101.274414
 20
-1418.803864
  0
POINT
  8
3
 10
-61103.774414
 20
-1419.412994
  0
POINT
  8
3
 10
-61106.079102
 20
-1419.895325
  0
POINT
  8
3
 10
-61108.466797
 20
-1420.306854
 0
LINE
 8
7
 10
-61093.471680
 20
-1277.061386
 11
-61093.471680
 21
-1400.750580
  0
TEXT
  8
1
 10
-61087.592773
 20
-1339.464149
 40
10.000000
 50
0.000000
  1
Piece Name: 26SMC-WP115M 展_单刀_175/84
  0
TEXT
  8
1
 10
-61087.592773
 20
-1324.464149
 40
10.000000
 50
0.000000
  1
Size: 175/84
  0
TEXT
  8
1
 10
-61087.592773
 20
-1309.464149
 40
10.000000
 50
0.000000
  1
Annotation: 
  0
TEXT
  8
1
 10
-61087.592773
 20
-1294.464149
 40
10.000000
 50
0.000000
  1
Quantity: 1
  0
TEXT
  8
1
 10
-61087.592773
 20
-1279.464149
 40
10.000000
 50
0.000000
  1
Material: 衬 
  0
TEXT
  8
1
 10
-61087.592773
 20
-1279.464149
 40
10.000000
 50
0.000000
  1
Category: 17
0
ENDBLK
0
BLOCK
  8
1
  2
26SMC-WP115M 展_单刀_175/84
 70
0
 10
0.0
 20
0.0
  0
POLYLINE
  8
1
  66
1
  70
1
  0
VERTEX
  8
1
  10
-58603.862305
  20
-1605.935516
  0
VERTEX
  8
1
  10
-58603.862305
  20
-1595.608673
  0
VERTEX
  8
1
  10
-58603.857422
  20
-1585.449677
  0
VERTEX
  8
1
  10
-58603.857422
  20
-1575.372772
  0
VERTEX
  8
1
  10
-58603.857422
  20
-1565.307770
  0
VERTEX
  8
1
  10
-58603.852539
  20
-1555.022125
  0
VERTEX
  8
1
  10
-58603.852539
  20
-1544.736633
  0
VERTEX
  8
1
  10
-58603.847656
  20
-1534.371490
  0
VERTEX
  8
1
  10
-58603.842773
  20
-1524.085999
  0
VERTEX
  8
1
  10
-58603.842773
  20
-1513.911133
  0
VERTEX
  8
1
  10
-58603.837891
  20
-1503.651581
  0
VERTEX
  8
1
  10
-58603.837891
  20
-1493.717194
  0
VERTEX
  8
1
  10
-58603.837891
  20
-1491.546326
  0
VERTEX
  8
1
  10
-58603.837891
  20
-1488.816833
  0
VERTEX
  8
1
  10
-58549.863281
  20
-1492.937775
  0
VERTEX
  8
1
  10
-58549.863281
  20
-1497.804871
  0
VERTEX
  8
1
  10
-58549.863281
  20
-1506.388397
  0
VERTEX
  8
1
  10
-58549.863281
  20
-1516.611938
  0
VERTEX
  8
1
  10
-58549.863281
  20
-1526.817932
  0
VERTEX
  8
1
  10
-58549.863281
  20
-1536.972046
  0
VERTEX
  8
1
  10
-58549.863281
  20
-1547.165375
  0
VERTEX
  8
1
  10
-58549.863281
  20
-1557.358551
  0
VERTEX
  8
1
  10
-58549.863281
  20
-1567.671509
  0
VERTEX
  8
1
  10
-58549.863281
  20
-1577.864685
  0
VERTEX
  8
1
  10
-58549.863281
  20
-1588.057861
  0
VERTEX
  8
1
  10
-58549.863281
  20
-1598.251038
  0
VERTEX
  8
1
  10
-58549.863281
  20
-1608.469696
  0
VERTEX
  8
1
  10
-58549.863281
  20
-1618.662872
  0
VERTEX
  8
1
  10
-58549.863281
  20
-1628.856049
  0
VERTEX
  8
1
  10
-58549.863281
  20
-1638.874512
  0
VERTEX
  8
1
  10
-58549.863281
  20
-1649.152527
  0
VERTEX
  8
1
  10
-58549.863281
  20
-1659.021149
  0
VERTEX
  8
1
  10
-58549.863281
  20
-1660.935516
  0
VERTEX
  8
1
  10
-58552.211914
  20
-1660.730133
  0
VERTEX
  8
1
  10
-58554.790039
  20
-1660.407562
  0
VERTEX
  8
1
  10
-58557.490234
  20
-1659.980316
  0
VERTEX
  8
1
  10
-58560.151367
  20
-1659.470673
  0
VERTEX
  8
1
  10
-58562.822266
  20
-1658.869019
  0
VERTEX
  8
1
  10
-58565.400391
  20
-1658.194580
  0
VERTEX
  8
1
  10
-58567.822266
  20
-1657.469940
  0
VERTEX
  8
1
  10
-58570.039063
  20
-1656.719818
  0
VERTEX
  8
1
  10
-58572.270508
  20
-1655.870972
  0
VERTEX
  8
1
  10
-58574.248047
  20
-1655.028687
  0
VERTEX
  8
1
  10
-58576.206055
  20
-1654.099426
  0
VERTEX
  8
1
  10
-58578.076172
  20
-1653.109894
  0
VERTEX
  8
1
  10
-58579.960938
  20
-1652.004089
  0
VERTEX
  8
1
  10
-58581.801758
  20
-1650.812378
  0
VERTEX
  8
1
  10
-58583.593750
  20
-1649.537964
  0
VERTEX
  8
1
  10
-58585.336914
  20
-1648.183899
  0
VERTEX
  8
1
  10
-58587.016602
  20
-1646.753235
  0
VERTEX
  8
1
  10
-58588.637695
  20
-1645.249023
  0
VERTEX
  8
1
  10
-58590.190430
  20
-1643.674316
  0
VERTEX
  8
1
  10
-58591.679688
  20
-1642.032166
  0
VERTEX
  8
1
  10
-58593.085938
  20
-1640.325775
  0
VERTEX
  8
1
  10
-58594.418945
  20
-1638.558197
  0
VERTEX
  8
1
  10
-58595.629883
  20
-1636.793060
  0
VERTEX
  8
1
  10
-58596.801758
  20
-1634.915161
  0
VERTEX
  8
1
  10
-58597.880859
  20
-1632.988129
  0
VERTEX
  8
1
  10
-58598.876953
  20
-1631.016083
  0
VERTEX
  8
1
  10
-58599.785156
  20
-1629.004059
  0
VERTEX
  8
1
  10
-58600.600586
  20
-1626.956177
  0
VERTEX
  8
1
  10
-58601.323242
  20
-1624.877167
  0
VERTEX
  8
1
  10
-58601.958008
  20
-1622.771606
  0
VERTEX
  8
1
  10
-58602.490234
  20
-1620.644073
  0
VERTEX
  8
1
  10
-58602.929688
  20
-1618.499146
  0
VERTEX
  8
1
  10
-58603.256836
  20
-1616.448517
  0
VERTEX
  8
1
  10
-58603.510742
  20
-1614.306030
  0
VERTEX
  8
1
  10
-58603.715820
  20
-1611.759033
  0
VERTEX
  8
1
  10
-58603.837891
  20
-1609.093628
  0
SEQEND
  8
1
  0
POINT
  8
2
 10
-58603.862305
 20
-1605.935516
  0
TEXT
  8
2
 10
-58603.862305
 20
-1605.935516
 40
0.000000
 50
0.000000
  1
# 538
  0
POINT
  8
2
 10
-58603.837891
 20
-1488.816833
  0
TEXT
  8
2
 10
-58603.837891
 20
-1488.816833
 40
0.000000
 50
0.000000
  1
# 539
  0
POINT
  8
2
 10
-58549.863281
 20
-1492.937775
  0
TEXT
  8
2
 10
-58549.863281
 20
-1492.937775
 40
0.000000
 50
0.000000
  1
# 540
  0
POINT
  8
2
 10
-58549.863281
 20
-1660.935516
  0
TEXT
  8
2
 10
-58549.863281
 20
-1660.935516
 40
0.000000
 50
0.000000
  1
# 541
  0
POINT
  8
3
 10
-58603.862305
 20
-1595.608673
  0
POINT
  8
3
 10
-58603.857422
 20
-1585.449677
  0
POINT
  8
3
 10
-58603.857422
 20
-1575.372772
  0
POINT
  8
3
 10
-58603.857422
 20
-1565.307770
  0
POINT
  8
3
 10
-58603.852539
 20
-1555.022125
  0
POINT
  8
3
 10
-58603.852539
 20
-1544.736633
  0
POINT
  8
3
 10
-58603.847656
 20
-1534.371490
  0
POINT
  8
3
 10
-58603.842773
 20
-1524.085999
  0
POINT
  8
3
 10
-58603.842773
 20
-1513.911133
  0
POINT
  8
3
 10
-58603.837891
 20
-1503.651581
  0
POINT
  8
3
 10
-58603.837891
 20
-1493.717194
  0
POINT
  8
3
 10
-58603.837891
 20
-1491.546326
  0
POINT
  8
3
 10
-58549.863281
 20
-1497.804871
  0
POINT
  8
3
 10
-58549.863281
 20
-1506.388397
  0
POINT
  8
3
 10
-58549.863281
 20
-1516.611938
  0
POINT
  8
3
 10
-58549.863281
 20
-1526.817932
  0
POINT
  8
3
 10
-58549.863281
 20
-1536.972046
  0
POINT
  8
3
 10
-58549.863281
 20
-1547.165375
  0
POINT
  8
3
 10
-58549.863281
 20
-1557.358551
  0
POINT
  8
3
 10
-58549.863281
 20
-1567.671509
  0
POINT
  8
3
 10
-58549.863281
 20
-1577.864685
  0
POINT
  8
3
 10
-58549.863281
 20
-1588.057861
  0
POINT
  8
3
 10
-58549.863281
 20
-1598.251038
  0
POINT
  8
3
 10
-58549.863281
 20
-1608.469696
  0
POINT
  8
3
 10
-58549.863281
 20
-1618.662872
  0
POINT
  8
3
 10
-58549.863281
 20
-1628.856049
  0
POINT
  8
3
 10
-58549.863281
 20
-1638.874512
  0
POINT
  8
3
 10
-58549.863281
 20
-1649.152527
  0
POINT
  8
3
 10
-58549.863281
 20
-1659.021149
  0
POINT
  8
3
 10
-58552.211914
 20
-1660.730133
  0
POINT
  8
3
 10
-58554.790039
 20
-1660.407562
  0
POINT
  8
3
 10
-58557.490234
 20
-1659.980316
  0
POINT
  8
3
 10
-58560.151367
 20
-1659.470673
  0
POINT
  8
3
 10
-58562.822266
 20
-1658.869019
  0
POINT
  8
3
 10
-58565.400391
 20
-1658.194580
  0
POINT
  8
3
 10
-58567.822266
 20
-1657.469940
  0
POINT
  8
3
 10
-58570.039063
 20
-1656.719818
  0
POINT
  8
3
 10
-58572.270508
 20
-1655.870972
  0
POINT
  8
3
 10
-58574.248047
 20
-1655.028687
  0
POINT
  8
3
 10
-58576.206055
 20
-1654.099426
  0
POINT
  8
3
 10
-58578.076172
 20
-1653.109894
  0
POINT
  8
3
 10
-58579.960938
 20
-1652.004089
  0
POINT
  8
3
 10
-58581.801758
 20
-1650.812378
  0
POINT
  8
3
 10
-58583.593750
 20
-1649.537964
  0
POINT
  8
3
 10
-58585.336914
 20
-1648.183899
  0
POINT
  8
3
 10
-58587.016602
 20
-1646.753235
  0
POINT
  8
3
 10
-58588.637695
 20
-1645.249023
  0
POINT
  8
3
 10
-58590.190430
 20
-1643.674316
  0
POINT
  8
3
 10
-58591.679688
 20
-1642.032166
  0
POINT
  8
3
 10
-58593.085938
 20
-1640.325775
  0
POINT
  8
3
 10
-58594.418945
 20
-1638.558197
  0
POINT
  8
3
 10
-58595.629883
 20
-1636.793060
  0
POINT
  8
3
 10
-58596.801758
 20
-1634.915161
  0
POINT
  8
3
 10
-58597.880859
 20
-1632.988129
  0
POINT
  8
3
 10
-58598.876953
 20
-1631.016083
  0
POINT
  8
3
 10
-58599.785156
 20
-1629.004059
  0
POINT
  8
3
 10
-58600.600586
 20
-1626.956177
  0
POINT
  8
3
 10
-58601.323242
 20
-1624.877167
  0
POINT
  8
3
 10
-58601.958008
 20
-1622.771606
  0
POINT
  8
3
 10
-58602.490234
 20
-1620.644073
  0
POINT
  8
3
 10
-58602.929688
 20
-1618.499146
  0
POINT
  8
3
 10
-58603.256836
 20
-1616.448517
  0
POINT
  8
3
 10
-58603.510742
 20
-1614.306030
  0
POINT
  8
3
 10
-58603.715820
 20
-1611.759033
  0
POINT
  8
3
 10
-58603.837891
 20
-1609.093628
  0
POLYLINE
  8
14
  66
1
  70
1
  0
VERTEX
  8
14
  10
-58603.862305
  20
-1605.935516
  0
VERTEX
  8
14
  10
-58603.860426
  20
-1595.608676
  0
VERTEX
  8
14
  10
-58603.858665
  20
-1585.449701
  0
VERTEX
  8
14
  10
-58603.857014
  20
-1575.372744
  0
VERTEX
  8
14
  10
-58603.855439
  20
-1565.307705
  0
VERTEX
  8
14
  10
-58603.853578
  20
-1555.022195
  0
VERTEX
  8
14
  10
-58603.851026
  20
-1544.736680
  0
VERTEX
  8
14
  10
-58603.847495
  20
-1534.371494
  0
VERTEX
  8
14
  10
-58603.843701
  20
-1524.085941
  0
VERTEX
  8
14
  10
-58603.840595
  20
-1513.911171
  0
VERTEX
  8
14
  10
-58603.838742
  20
-1503.651592
  0
VERTEX
  8
14
  10
-58603.837933
  20
-1493.717253
  0
VERTEX
  8
14
  10
-58603.837891
  20
-1491.825562
  0
VERTEX
  8
14
  10
-58549.863281
  20
-1495.946503
  0
VERTEX
  8
14
  10
-58549.863281
  20
-1506.388414
  0
VERTEX
  8
14
  10
-58549.863281
  20
-1516.611974
  0
VERTEX
  8
14
  10
-58549.863281
  20
-1526.817933
  0
VERTEX
  8
14
  10
-58549.863281
  20
-1536.972100
  0
VERTEX
  8
14
  10
-58549.863281
  20
-1547.165301
  0
VERTEX
  8
14
  10
-58549.863281
  20
-1557.358505
  0
VERTEX
  8
14
  10
-58549.863281
  20
-1567.671439
  0
VERTEX
  8
14
  10
-58549.863281
  20
-1577.864644
  0
VERTEX
  8
14
  10
-58549.863281
  20
-1588.057851
  0
VERTEX
  8
14
  10
-58549.863281
  20
-1598.251060
  0
VERTEX
  8
14
  10
-58549.863281
  20
-1608.469660
  0
VERTEX
  8
14
  10
-58549.863281
  20
-1618.662876
  0
VERTEX
  8
14
  10
-58549.863281
  20
-1628.856091
  0
VERTEX
  8
14
  10
-58549.863281
  20
-1638.874552
  0
VERTEX
  8
14
  10
-58549.863281
  20
-1649.152574
  0
VERTEX
  8
14
  10
-58549.863281
  20
-1659.021194
  0
VERTEX
  8
14
  10
-58549.863281
  20
-1660.935516
  0
VERTEX
  8
14
  10
-58552.211272
  20
-1660.730125
  0
VERTEX
  8
14
  10
-58554.789244
  20
-1660.407565
  0
VERTEX
  8
14
  10
-58557.488518
  20
-1659.980285
  0
VERTEX
  8
14
  10
-58560.152395
  20
-1659.470648
  0
VERTEX
  8
14
  10
-58562.821011
  20
-1658.869049
  0
VERTEX
  8
14
  10
-58565.400181
  20
-1658.194572
  0
VERTEX
  8
14
  10
-58567.821849
  20
-1657.469875
  0
VERTEX
  8
14
  10
-58570.039312
  20
-1656.719844
  0
VERTEX
  8
14
  10
-58572.270896
  20
-1655.870981
  0
VERTEX
  8
14
  10
-58574.249349
  20
-1655.028654
  0
VERTEX
  8
14
  10
-58576.207513
  20
-1654.099355
  0
VERTEX
  8
14
  10
-58578.077824
  20
-1653.109961
  0
VERTEX
  8
14
  10
-58579.963065
  20
-1652.004089
  0
VERTEX
  8
14
  10
-58581.803847
  20
-1650.812408
  0
VERTEX
  8
14
  10
-58583.595920
  20
-1649.537993
  0
VERTEX
  8
14
  10
-58585.335048
  20
-1648.183907
  0
VERTEX
  8
14
  10
-58587.016993
  20
-1646.753216
  0
VERTEX
  8
14
  10
-58588.637508
  20
-1645.248995
  0
VERTEX
  8
14
  10
-58590.192354
  20
-1643.674308
  0
VERTEX
  8
14
  10
-58591.677296
  20
-1642.032219
  0
VERTEX
  8
14
  10
-58593.088084
  20
-1640.325805
  0
VERTEX
  8
14
  10
-58594.420482
  20
-1638.558128
  0
VERTEX
  8
14
  10
-58595.631059
  20
-1636.792988
  0
VERTEX
  8
14
  10
-58596.799565
  20
-1634.915219
  0
VERTEX
  8
14
  10
-58597.882240
  20
-1632.988084
  0
VERTEX
  8
14
  10
-58598.877580
  20
-1631.016154
  0
VERTEX
  8
14
  10
-58599.784086
  20
-1629.003983
  0
VERTEX
  8
14
  10
-58600.600263
  20
-1626.956127
  0
VERTEX
  8
14
  10
-58601.324608
  20
-1624.877151
  0
VERTEX
  8
14
  10
-58601.955621
  20
-1622.771619
  0
VERTEX
  8
14
  10
-58602.491804
  20
-1620.644087
  0
VERTEX
  8
14
  10
-58602.931658
  20
-1618.499114
  0
VERTEX
  8
14
  10
-58603.259119
  20
-1616.448509
  0
VERTEX
  8
14
  10
-58603.512052
  20
-1614.306075
  0
VERTEX
  8
14
  10
-58603.717024
  20
-1611.759037
  0
VERTEX
  8
14
  10
-58603.838206
  20
-1609.093585
  0
SEQEND
  8
14
  0
POINT
  8
2
 10
-58603.862305
 20
-1605.935516
  0
TEXT
  8
2
 10
-58603.862305
 20
-1605.935516
 40
0.000000
 50
0.000000
  1
# 542
  0
POINT
  8
2
 10
-58603.837891
 20
-1491.825562
  0
TEXT
  8
2
 10
-58603.837891
 20
-1491.825562
 40
0.000000
 50
0.000000
  1
# 543
  0
POINT
  8
2
 10
-58549.863281
 20
-1495.946503
  0
TEXT
  8
2
 10
-58549.863281
 20
-1495.946503
 40
0.000000
 50
0.000000
  1
# 544
  0
POINT
  8
2
 10
-58549.863281
 20
-1660.935516
  0
TEXT
  8
2
 10
-58549.863281
 20
-1660.935516
 40
0.000000
 50
0.000000
  1
# 545
  0
POINT
  8
3
 10
-58603.860426
 20
-1595.608676
  0
POINT
  8
3
 10
-58603.858665
 20
-1585.449701
  0
POINT
  8
3
 10
-58603.857014
 20
-1575.372744
  0
POINT
  8
3
 10
-58603.855439
 20
-1565.307705
  0
POINT
  8
3
 10
-58603.853578
 20
-1555.022195
  0
POINT
  8
3
 10
-58603.851026
 20
-1544.736680
  0
POINT
  8
3
 10
-58603.847495
 20
-1534.371494
  0
POINT
  8
3
 10
-58603.843701
 20
-1524.085941
  0
POINT
  8
3
 10
-58603.840595
 20
-1513.911171
  0
POINT
  8
3
 10
-58603.838742
 20
-1503.651592
  0
POINT
  8
3
 10
-58603.837933
 20
-1493.717253
  0
POINT
  8
3
 10
-58549.863281
 20
-1506.388414
  0
POINT
  8
3
 10
-58549.863281
 20
-1516.611974
  0
POINT
  8
3
 10
-58549.863281
 20
-1526.817933
  0
POINT
  8
3
 10
-58549.863281
 20
-1536.972100
  0
POINT
  8
3
 10
-58549.863281
 20
-1547.165301
  0
POINT
  8
3
 10
-58549.863281
 20
-1557.358505
  0
POINT
  8
3
 10
-58549.863281
 20
-1567.671439
  0
POINT
  8
3
 10
-58549.863281
 20
-1577.864644
  0
POINT
  8
3
 10
-58549.863281
 20
-1588.057851
  0
POINT
  8
3
 10
-58549.863281
 20
-1598.251060
  0
POINT
  8
3
 10
-58549.863281
 20
-1608.469660
  0
POINT
  8
3
 10
-58549.863281
 20
-1618.662876
  0
POINT
  8
3
 10
-58549.863281
 20
-1628.856091
  0
POINT
  8
3
 10
-58549.863281
 20
-1638.874552
  0
POINT
  8
3
 10
-58549.863281
 20
-1649.152574
  0
POINT
  8
3
 10
-58549.863281
 20
-1659.021194
  0
POINT
  8
3
 10
-58552.211272
 20
-1660.730125
  0
POINT
  8
3
 10
-58554.789244
 20
-1660.407565
  0
POINT
  8
3
 10
-58557.488518
 20
-1659.980285
  0
POINT
  8
3
 10
-58560.152395
 20
-1659.470648
  0
POINT
  8
3
 10
-58562.821011
 20
-1658.869049
  0
POINT
  8
3
 10
-58565.400181
 20
-1658.194572
  0
POINT
  8
3
 10
-58567.821849
 20
-1657.469875
  0
POINT
  8
3
 10
-58570.039312
 20
-1656.719844
  0
POINT
  8
3
 10
-58572.270896
 20
-1655.870981
  0
POINT
  8
3
 10
-58574.249349
 20
-1655.028654
  0
POINT
  8
3
 10
-58576.207513
 20
-1654.099355
  0
POINT
  8
3
 10
-58578.077824
 20
-1653.109961
  0
POINT
  8
3
 10
-58579.963065
 20
-1652.004089
  0
POINT
  8
3
 10
-58581.803847
 20
-1650.812408
  0
POINT
  8
3
 10
-58583.595920
 20
-1649.537993
  0
POINT
  8
3
 10
-58585.335048
 20
-1648.183907
  0
POINT
  8
3
 10
-58587.016993
 20
-1646.753216
  0
POINT
  8
3
 10
-58588.637508
 20
-1645.248995
  0
POINT
  8
3
 10
-58590.192354
 20
-1643.674308
  0
POINT
  8
3
 10
-58591.677296
 20
-1642.032219
  0
POINT
  8
3
 10
-58593.088084
 20
-1640.325805
  0
POINT
  8
3
 10
-58594.420482
 20
-1638.558128
  0
POINT
  8
3
 10
-58595.631059
 20
-1636.792988
  0
POINT
  8
3
 10
-58596.799565
 20
-1634.915219
  0
POINT
  8
3
 10
-58597.882240
 20
-1632.988084
  0
POINT
  8
3
 10
-58598.877580
 20
-1631.016154
  0
POINT
  8
3
 10
-58599.784086
 20
-1629.003983
  0
POINT
  8
3
 10
-58600.600263
 20
-1626.956127
  0
POINT
  8
3
 10
-58601.324608
 20
-1624.877151
  0
POINT
  8
3
 10
-58601.955621
 20
-1622.771619
  0
POINT
  8
3
 10
-58602.491804
 20
-1620.644087
  0
POINT
  8
3
 10
-58602.931658
 20
-1618.499114
  0
POINT
  8
3
 10
-58603.259119
 20
-1616.448509
  0
POINT
  8
3
 10
-58603.512052
 20
-1614.306075
  0
POINT
  8
3
 10
-58603.717024
 20
-1611.759037
  0
POINT
  8
3
 10
-58603.838206
 20
-1609.093585
 0
LINE
 8
7
 10
-58578.154297
 20
-1510.141144
 11
-58578.154297
 21
-1626.436920
  0
TEXT
  8
1
 10
-58576.862793
 20
-1574.876175
 40
10.000000
 50
0.000000
  1
Piece Name: 26SMC-WP115M 展_单刀_175/84
  0
TEXT
  8
1
 10
-58576.862793
 20
-1559.876175
 40
10.000000
 50
0.000000
  1
Size: 175/84
  0
TEXT
  8
1
 10
-58576.862793
 20
-1544.876175
 40
10.000000
 50
0.000000
  1
Annotation: 
  0
TEXT
  8
1
 10
-58576.862793
 20
-1529.876175
 40
10.000000
 50
0.000000
  1
Quantity: 1
  0
TEXT
  8
1
 10
-58576.862793
 20
-1514.876175
 40
10.000000
 50
0.000000
  1
Material: 面
  0
TEXT
  8
1
 10
-58576.862793
 20
-1514.876175
 40
10.000000
 50
0.000000
  1
Category: 18
0
ENDBLK
0
BLOCK
  8
1
  2
26SMC-WP115M 展_前中扣袢_175/84
 70
0
 10
0.0
 20
0.0
  0
POLYLINE
  8
1
  66
1
  70
1
  0
VERTEX
  8
1
  10
-59476.372070
  20
-473.636742
  0
VERTEX
  8
1
  10
-59476.372070
  20
-445.636559
  0
VERTEX
  8
1
  10
-59464.487305
  20
-445.636559
  0
VERTEX
  8
1
  10
-59454.150391
  20
-445.636559
  0
VERTEX
  8
1
  10
-59442.734375
  20
-445.636559
  0
VERTEX
  8
1
  10
-59431.240234
  20
-445.636559
  0
VERTEX
  8
1
  10
-59420.415039
  20
-445.636559
  0
VERTEX
  8
1
  10
-59408.798828
  20
-445.636559
  0
VERTEX
  8
1
  10
-59398.593750
  20
-445.636559
  0
VERTEX
  8
1
  10
-59387.983398
  20
-445.636559
  0
VERTEX
  8
1
  10
-59377.031250
  20
-445.636559
  0
VERTEX
  8
1
  10
-59365.800781
  20
-445.636559
  0
VERTEX
  8
1
  10
-59354.350586
  20
-445.636559
  0
VERTEX
  8
1
  10
-59342.749023
  20
-445.636559
  0
VERTEX
  8
1
  10
-59331.059570
  20
-445.636559
  0
VERTEX
  8
1
  10
-59319.340820
  20
-445.636559
  0
VERTEX
  8
1
  10
-59307.666016
  20
-445.636559
  0
VERTEX
  8
1
  10
-59296.088867
  20
-445.636559
  0
VERTEX
  8
1
  10
-59284.677734
  20
-445.636559
  0
VERTEX
  8
1
  10
-59273.496094
  20
-445.636559
  0
VERTEX
  8
1
  10
-59262.607422
  20
-445.636559
  0
VERTEX
  8
1
  10
-59252.075195
  20
-445.636559
  0
VERTEX
  8
1
  10
-59241.962891
  20
-445.636559
  0
VERTEX
  8
1
  10
-59230.468750
  20
-445.636559
  0
VERTEX
  8
1
  10
-59219.780273
  20
-445.636559
  0
VERTEX
  8
1
  10
-59208.476563
  20
-445.636559
  0
VERTEX
  8
1
  10
-59198.593750
  20
-445.636559
  0
VERTEX
  8
1
  10
-59188.256836
  20
-445.636559
  0
VERTEX
  8
1
  10
-59178.730469
  20
-445.636559
  0
VERTEX
  8
1
  10
-59176.372070
  20
-445.636559
  0
VERTEX
  8
1
  10
-59176.372070
  20
-455.957184
  0
VERTEX
  8
1
  10
-59176.372070
  20
-465.984879
  0
VERTEX
  8
1
  10
-59176.372070
  20
-473.636742
  0
SEQEND
  8
1
  0
POINT
  8
2
 10
-59476.372070
 20
-473.636742
  0
TEXT
  8
2
 10
-59476.372070
 20
-473.636742
 40
0.000000
 50
0.000000
  1
# 546
  0
POINT
  8
2
 10
-59476.372070
 20
-445.636559
  0
TEXT
  8
2
 10
-59476.372070
 20
-445.636559
 40
0.000000
 50
0.000000
  1
# 547
  0
POINT
  8
2
 10
-59176.372070
 20
-445.636559
  0
TEXT
  8
2
 10
-59176.372070
 20
-445.636559
 40
0.000000
 50
0.000000
  1
# 548
  0
POINT
  8
2
 10
-59176.372070
 20
-473.636742
  0
TEXT
  8
2
 10
-59176.372070
 20
-473.636742
 40
0.000000
 50
0.000000
  1
# 549
  0
POINT
  8
3
 10
-59464.487305
 20
-445.636559
  0
POINT
  8
3
 10
-59454.150391
 20
-445.636559
  0
POINT
  8
3
 10
-59442.734375
 20
-445.636559
  0
POINT
  8
3
 10
-59431.240234
 20
-445.636559
  0
POINT
  8
3
 10
-59420.415039
 20
-445.636559
  0
POINT
  8
3
 10
-59408.798828
 20
-445.636559
  0
POINT
  8
3
 10
-59398.593750
 20
-445.636559
  0
POINT
  8
3
 10
-59387.983398
 20
-445.636559
  0
POINT
  8
3
 10
-59377.031250
 20
-445.636559
  0
POINT
  8
3
 10
-59365.800781
 20
-445.636559
  0
POINT
  8
3
 10
-59354.350586
 20
-445.636559
  0
POINT
  8
3
 10
-59342.749023
 20
-445.636559
  0
POINT
  8
3
 10
-59331.059570
 20
-445.636559
  0
POINT
  8
3
 10
-59319.340820
 20
-445.636559
  0
POINT
  8
3
 10
-59307.666016
 20
-445.636559
  0
POINT
  8
3
 10
-59296.088867
 20
-445.636559
  0
POINT
  8
3
 10
-59284.677734
 20
-445.636559
  0
POINT
  8
3
 10
-59273.496094
 20
-445.636559
  0
POINT
  8
3
 10
-59262.607422
 20
-445.636559
  0
POINT
  8
3
 10
-59252.075195
 20
-445.636559
  0
POINT
  8
3
 10
-59241.962891
 20
-445.636559
  0
POINT
  8
3
 10
-59230.468750
 20
-445.636559
  0
POINT
  8
3
 10
-59219.780273
 20
-445.636559
  0
POINT
  8
3
 10
-59208.476563
 20
-445.636559
  0
POINT
  8
3
 10
-59198.593750
 20
-445.636559
  0
POINT
  8
3
 10
-59188.256836
 20
-445.636559
  0
POINT
  8
3
 10
-59178.730469
 20
-445.636559
  0
POINT
  8
3
 10
-59176.372070
 20
-455.957184
  0
POINT
  8
3
 10
-59176.372070
 20
-465.984879
 0
LINE
 8
7
 10
-59437.177734
 20
-461.411095
 11
-59243.974609
 21
-461.411095
  0
TEXT
  8
1
 10
-59223.061523
 20
-465.447044
 40
10.000000
 50
1.735705
  1
3件
  0
TEXT
  8
1
 10
-59326.372070
 20
-459.636650
 40
10.000000
 50
0.000000
  1
Piece Name: 26SMC-WP115M 展_前中扣袢_175/84
  0
TEXT
  8
1
 10
-59326.372070
 20
-444.636650
 40
10.000000
 50
0.000000
  1
Size: 175/84
  0
TEXT
  8
1
 10
-59326.372070
 20
-429.636650
 40
10.000000
 50
0.000000
  1
Annotation: 
  0
TEXT
  8
1
 10
-59326.372070
 20
-414.636650
 40
10.000000
 50
0.000000
  1
Quantity: 1
  0
TEXT
  8
1
 10
-59326.372070
 20
-399.636650
 40
10.000000
 50
0.000000
  1
Material: TC
  0
TEXT
  8
1
 10
-59326.372070
 20
-399.636650
 40
10.000000
 50
0.000000
  1
Category: 19
0
ENDBLK
0
BLOCK
  8
1
  2
26SMC-WP115M 展_里扣定_175/84
 70
0
 10
0.0
 20
0.0
  0
POLYLINE
  8
1
  66
1
  70
1
  0
VERTEX
  8
1
  10
-58939.941406
  20
-450.391502
  0
VERTEX
  8
1
  10
-58940.732422
  20
-451.905403
  0
VERTEX
  8
1
  10
-58941.469727
  20
-453.550758
  0
VERTEX
  8
1
  10
-58942.094727
  20
-455.164261
  0
VERTEX
  8
1
  10
-58942.631836
  20
-456.827927
  0
VERTEX
  8
1
  10
-58943.051758
  20
-458.452034
  0
VERTEX
  8
1
  10
-58943.344727
  20
-459.972534
  0
VERTEX
  8
1
  10
-58943.515625
  20
-461.345825
  0
VERTEX
  8
1
  10
-58943.593750
  20
-462.745018
  0
VERTEX
  8
1
  10
-58943.569336
  20
-463.954773
  0
VERTEX
  8
1
  10
-58943.457031
  20
-465.184860
  0
VERTEX
  8
1
  10
-58943.247070
  20
-466.392288
  0
VERTEX
  8
1
  10
-58942.910156
  20
-467.797775
  0
VERTEX
  8
1
  10
-58942.416992
  20
-469.401207
  0
VERTEX
  8
1
  10
-58941.694336
  20
-471.403885
  0
VERTEX
  8
1
  10
-58939.584961
  20
-476.827431
  0
VERTEX
  8
1
  10
-58938.984375
  20
-478.649063
  0
VERTEX
  8
1
  10
-58938.603516
  20
-480.073395
  0
VERTEX
  8
1
  10
-58938.320313
  20
-481.487579
  0
VERTEX
  8
1
  10
-58938.139648
  20
-482.924614
  0
VERTEX
  8
1
  10
-58938.061523
  20
-484.353294
  0
VERTEX
  8
1
  10
-58938.076172
  20
-485.956650
  0
VERTEX
  8
1
  10
-58938.183594
  20
-487.507095
  0
VERTEX
  8
1
  10
-58938.388672
  20
-489.160194
  0
VERTEX
  8
1
  10
-58938.686523
  20
-490.846367
  0
VERTEX
  8
1
  10
-58939.052734
  20
-492.467537
  0
VERTEX
  8
1
  10
-58939.501953
  20
-494.087448
  0
VERTEX
  8
1
  10
-58939.941406
  20
-495.391541
  0
VERTEX
  8
1
  10
-59061.362305
  20
-495.391541
  0
VERTEX
  8
1
  10
-59061.362305
  20
-450.391502
  0
SEQEND
  8
1
  0
POINT
  8
2
 10
-58939.941406
 20
-450.391502
  0
TEXT
  8
2
 10
-58939.941406
 20
-450.391502
 40
0.000000
 50
0.000000
  1
# 550
  0
POINT
  8
2
 10
-58939.941406
 20
-495.391541
  0
TEXT
  8
2
 10
-58939.941406
 20
-495.391541
 40
0.000000
 50
0.000000
  1
# 551
  0
POINT
  8
2
 10
-59061.362305
 20
-495.391541
  0
TEXT
  8
2
 10
-59061.362305
 20
-495.391541
 40
0.000000
 50
0.000000
  1
# 552
  0
POINT
  8
2
 10
-59061.362305
 20
-450.391502
  0
TEXT
  8
2
 10
-59061.362305
 20
-450.391502
 40
0.000000
 50
0.000000
  1
# 553
  0
POINT
  8
3
 10
-58940.732422
 20
-451.905403
  0
POINT
  8
3
 10
-58941.469727
 20
-453.550758
  0
POINT
  8
3
 10
-58942.094727
 20
-455.164261
  0
POINT
  8
3
 10
-58942.631836
 20
-456.827927
  0
POINT
  8
3
 10
-58943.051758
 20
-458.452034
  0
POINT
  8
3
 10
-58943.344727
 20
-459.972534
  0
POINT
  8
3
 10
-58943.515625
 20
-461.345825
  0
POINT
  8
3
 10
-58943.593750
 20
-462.745018
  0
POINT
  8
3
 10
-58943.569336
 20
-463.954773
  0
POINT
  8
3
 10
-58943.457031
 20
-465.184860
  0
POINT
  8
3
 10
-58943.247070
 20
-466.392288
  0
POINT
  8
3
 10
-58942.910156
 20
-467.797775
  0
POINT
  8
3
 10
-58942.416992
 20
-469.401207
  0
POINT
  8
3
 10
-58941.694336
 20
-471.403885
  0
POINT
  8
3
 10
-58939.584961
 20
-476.827431
  0
POINT
  8
3
 10
-58938.984375
 20
-478.649063
  0
POINT
  8
3
 10
-58938.603516
 20
-480.073395
  0
POINT
  8
3
 10
-58938.320313
 20
-481.487579
  0
POINT
  8
3
 10
-58938.139648
 20
-482.924614
  0
POINT
  8
3
 10
-58938.061523
 20
-484.353294
  0
POINT
  8
3
 10
-58938.076172
 20
-485.956650
  0
POINT
  8
3
 10
-58938.183594
 20
-487.507095
  0
POINT
  8
3
 10
-58938.388672
 20
-489.160194
  0
POINT
  8
3
 10
-58938.686523
 20
-490.846367
  0
POINT
  8
3
 10
-58939.052734
 20
-492.467537
  0
POINT
  8
3
 10
-58939.501953
 20
-494.087448
  0
POLYLINE
  8
8
  66
1
  70
0
  0
VERTEX
  8
8
  10
-58996.362305
  20
-495.391541
  0
VERTEX
  8
8
  10
-58996.362305
  20
-450.391502
  0
SEQEND
  8
8
  0
POINT
  8
2
 10
-58996.362305
 20
-495.391541
  0
TEXT
  8
2
 10
-58996.362305
 20
-495.391541
 40
0.000000
 50
0.000000
  1
# 554
  0
POINT
  8
2
 10
-58996.362305
 20
-450.391502
  0
TEXT
  8
2
 10
-58996.362305
 20
-450.391502
 40
0.000000
 50
0.000000
  1
# 555
  0
POLYLINE
  8
8
  66
1
  70
0
  0
VERTEX
  8
8
  10
-59011.362305
  20
-472.891502
  0
VERTEX
  8
8
  10
-59001.218563
  20
-472.891502
  0
VERTEX
  8
8
  10
-58996.362305
  20
-472.891502
  0
SEQEND
  8
8
  0
POINT
  8
2
 10
-59011.362305
 20
-472.891502
  0
TEXT
  8
2
 10
-59011.362305
 20
-472.891502
 40
0.000000
 50
0.000000
  1
# 556
  0
POINT
  8
2
 10
-58996.362305
 20
-472.891502
  0
TEXT
  8
2
 10
-58996.362305
 20
-472.891502
 40
0.000000
 50
0.000000
  1
# 557
  0
POINT
  8
3
 10
-59001.218563
 20
-472.891502
  0
POLYLINE
  8
8
  66
1
  70
0
  0
VERTEX
  8
8
  10
-59012.363281
  20
-495.391541
  0
VERTEX
  8
8
  10
-59012.363281
  20
-450.391502
  0
SEQEND
  8
8
  0
POINT
  8
2
 10
-59012.363281
 20
-495.391541
  0
TEXT
  8
2
 10
-59012.363281
 20
-495.391541
 40
0.000000
 50
0.000000
  1
# 558
  0
POINT
  8
2
 10
-59012.363281
 20
-450.391502
  0
TEXT
  8
2
 10
-59012.363281
 20
-450.391502
 40
0.000000
 50
0.000000
  1
# 559
  0
POLYLINE
  8
8
  66
1
  70
0
  0
VERTEX
  8
8
  10
-58991.766111
  20
-468.295308
  0
VERTEX
  8
8
  10
-58992.463486
  20
-467.692579
  0
VERTEX
  8
8
  10
-58993.026308
  20
-467.311152
  0
VERTEX
  8
8
  10
-58993.674049
  20
-466.973786
  0
VERTEX
  8
8
  10
-58994.359166
  20
-466.707973
  0
VERTEX
  8
8
  10
-58995.053424
  20
-466.524573
  0
VERTEX
  8
8
  10
-58995.775368
  20
-466.418081
  0
VERTEX
  8
8
  10
-58996.498413
  20
-466.392935
  0
VERTEX
  8
8
  10
-58997.225905
  20
-466.449136
  0
VERTEX
  8
8
  10
-58997.942532
  20
-466.586522
  0
VERTEX
  8
8
  10
-58998.633445
  20
-466.801191
  0
VERTEX
  8
8
  10
-58999.301734
  20
-467.094124
  0
VERTEX
  8
8
  10
-58999.932987
  20
-467.460101
  0
VERTEX
  8
8
  10
-59000.514489
  20
-467.890567
  0
VERTEX
  8
8
  10
-59001.048825
  20
-468.387462
  0
VERTEX
  8
8
  10
-59001.524111
  20
-468.941106
  0
VERTEX
  8
8
  10
-59001.931169
  20
-469.539228
  0
VERTEX
  8
8
  10
-59002.271795
  20
-470.184514
  0
VERTEX
  8
8
  10
-59002.537960
  20
-470.863907
  0
VERTEX
  8
8
  10
-59002.723964
  20
-471.557603
  0
VERTEX
  8
8
  10
-59002.833872
  20
-472.284305
  0
VERTEX
  8
8
  10
-59002.861149
  20
-473.013465
  0
VERTEX
  8
8
  10
-59002.806542
  20
-473.741091
  0
VERTEX
  8
8
  10
-59002.672196
  20
-474.452003
  0
VERTEX
  8
8
  10
-59002.457534
  20
-475.149383
  0
VERTEX
  8
8
  10
-59002.166074
  20
-475.818316
  0
VERTEX
  8
8
  10
-59001.804847
  20
-476.445182
  0
VERTEX
  8
8
  10
-59001.372254
  20
-477.032789
  0
VERTEX
  8
8
  10
-59000.876537
  20
-477.568219
  0
VERTEX
  8
8
  10
-59000.328826
  20
-478.040932
  0
VERTEX
  8
8
  10
-58999.726681
  20
-478.453049
  0
VERTEX
  8
8
  10
-58999.082147
  20
-478.795096
  0
VERTEX
  8
8
  10
-58998.409205
  20
-479.060792
  0
VERTEX
  8
8
  10
-58997.704851
  20
-479.251330
  0
VERTEX
  8
8
  10
-58996.983582
  20
-479.361739
  0
VERTEX
  8
8
  10
-58996.260666
  20
-479.390704
  0
VERTEX
  8
8
  10
-58995.532876
  20
-479.338353
  0
VERTEX
  8
8
  10
-58994.815536
  20
-479.204777
  0
VERTEX
  8
8
  10
-58994.123494
  20
-478.993772
  0
VERTEX
  8
8
  10
-58993.453661
  20
-478.704387
  0
VERTEX
  8
8
  10
-58992.820475
  20
-478.341764
  0
VERTEX
  8
8
  10
-58992.236700
  20
-477.914386
  0
VERTEX
  8
8
  10
-58991.699736
  20
-477.420332
  0
VERTEX
  8
8
  10
-58991.221519
  20
-476.869217
  0
VERTEX
  8
8
  10
-58990.811296
  20
-476.273262
  0
VERTEX
  8
8
  10
-58990.467253
  20
-475.629790
  0
VERTEX
  8
8
  10
-58990.197488
  20
-474.951821
  0
VERTEX
  8
8
  10
-58990.006695
  20
-474.253935
  0
VERTEX
  8
8
  10
-58989.894044
  20
-473.533004
  0
VERTEX
  8
8
  10
-58989.862918
  20
-472.804021
  0
VERTEX
  8
8
  10
-58989.912221
  20
-472.087500
  0
VERTEX
  8
8
  10
-58990.044150
  20
-471.364399
  0
VERTEX
  8
8
  10
-58990.251471
  20
-470.677009
  0
VERTEX
  8
8
  10
-58990.543015
  20
-469.995418
  0
VERTEX
  8
8
  10
-58990.893713
  20
-469.375213
  0
VERTEX
  8
8
  10
-58991.766111
  20
-468.295308
  0
SEQEND
  8
8
  0
POINT
  8
2
 10
-58991.766111
 20
-468.295308
  0
TEXT
  8
2
 10
-58991.766111
 20
-468.295308
 40
0.000000
 50
0.000000
  1
# 560
  0
POINT
  8
2
 10
-58991.766111
 20
-468.295308
  0
TEXT
  8
2
 10
-58991.766111
 20
-468.295308
 40
0.000000
 50
0.000000
  1
# 561
  0
POINT
  8
3
 10
-58992.463486
 20
-467.692579
  0
POINT
  8
3
 10
-58993.026308
 20
-467.311152
  0
POINT
  8
3
 10
-58993.674049
 20
-466.973786
  0
POINT
  8
3
 10
-58994.359166
 20
-466.707973
  0
POINT
  8
3
 10
-58995.053424
 20
-466.524573
  0
POINT
  8
3
 10
-58995.775368
 20
-466.418081
  0
POINT
  8
3
 10
-58996.498413
 20
-466.392935
  0
POINT
  8
3
 10
-58997.225905
 20
-466.449136
  0
POINT
  8
3
 10
-58997.942532
 20
-466.586522
  0
POINT
  8
3
 10
-58998.633445
 20
-466.801191
  0
POINT
  8
3
 10
-58999.301734
 20
-467.094124
  0
POINT
  8
3
 10
-58999.932987
 20
-467.460101
  0
POINT
  8
3
 10
-59000.514489
 20
-467.890567
  0
POINT
  8
3
 10
-59001.048825
 20
-468.387462
  0
POINT
  8
3
 10
-59001.524111
 20
-468.941106
  0
POINT
  8
3
 10
-59001.931169
 20
-469.539228
  0
POINT
  8
3
 10
-59002.271795
 20
-470.184514
  0
POINT
  8
3
 10
-59002.537960
 20
-470.863907
  0
POINT
  8
3
 10
-59002.723964
 20
-471.557603
  0
POINT
  8
3
 10
-59002.833872
 20
-472.284305
  0
POINT
  8
3
 10
-59002.861149
 20
-473.013465
  0
POINT
  8
3
 10
-59002.806542
 20
-473.741091
  0
POINT
  8
3
 10
-59002.672196
 20
-474.452003
  0
POINT
  8
3
 10
-59002.457534
 20
-475.149383
  0
POINT
  8
3
 10
-59002.166074
 20
-475.818316
  0
POINT
  8
3
 10
-59001.804847
 20
-476.445182
  0
POINT
  8
3
 10
-59001.372254
 20
-477.032789
  0
POINT
  8
3
 10
-59000.876537
 20
-477.568219
  0
POINT
  8
3
 10
-59000.328826
 20
-478.040932
  0
POINT
  8
3
 10
-58999.726681
 20
-478.453049
  0
POINT
  8
3
 10
-58999.082147
 20
-478.795096
  0
POINT
  8
3
 10
-58998.409205
 20
-479.060792
  0
POINT
  8
3
 10
-58997.704851
 20
-479.251330
  0
POINT
  8
3
 10
-58996.983582
 20
-479.361739
  0
POINT
  8
3
 10
-58996.260666
 20
-479.390704
  0
POINT
  8
3
 10
-58995.532876
 20
-479.338353
  0
POINT
  8
3
 10
-58994.815536
 20
-479.204777
  0
POINT
  8
3
 10
-58994.123494
 20
-478.993772
  0
POINT
  8
3
 10
-58993.453661
 20
-478.704387
  0
POINT
  8
3
 10
-58992.820475
 20
-478.341764
  0
POINT
  8
3
 10
-58992.236700
 20
-477.914386
  0
POINT
  8
3
 10
-58991.699736
 20
-477.420332
  0
POINT
  8
3
 10
-58991.221519
 20
-476.869217
  0
POINT
  8
3
 10
-58990.811296
 20
-476.273262
  0
POINT
  8
3
 10
-58990.467253
 20
-475.629790
  0
POINT
  8
3
 10
-58990.197488
 20
-474.951821
  0
POINT
  8
3
 10
-58990.006695
 20
-474.253935
  0
POINT
  8
3
 10
-58989.894044
 20
-473.533004
  0
POINT
  8
3
 10
-58989.862918
 20
-472.804021
  0
POINT
  8
3
 10
-58989.912221
 20
-472.087500
  0
POINT
  8
3
 10
-58990.044150
 20
-471.364399
  0
POINT
  8
3
 10
-58990.251471
 20
-470.677009
  0
POINT
  8
3
 10
-58990.543015
 20
-469.995418
  0
POINT
  8
3
 10
-58990.893713
 20
-469.375213
  0
POLYLINE
  8
8
  66
1
  70
0
  0
VERTEX
  8
8
  10
-58991.766111
  20
-468.295308
  0
VERTEX
  8
8
  10
-59000.958499
  20
-477.487696
  0
SEQEND
  8
8
  0
POINT
  8
2
 10
-58991.766111
 20
-468.295308
  0
TEXT
  8
2
 10
-58991.766111
 20
-468.295308
 40
0.000000
 50
0.000000
  1
# 562
  0
POINT
  8
2
 10
-59000.958499
 20
-477.487696
  0
TEXT
  8
2
 10
-59000.958499
 20
-477.487696
 40
0.000000
 50
0.000000
  1
# 563
  0
POLYLINE
  8
8
  66
1
  70
0
  0
VERTEX
  8
8
  10
-59000.958499
  20
-468.295308
  0
VERTEX
  8
8
  10
-58991.766111
  20
-477.487696
  0
SEQEND
  8
8
  0
POINT
  8
2
 10
-59000.958499
 20
-468.295308
  0
TEXT
  8
2
 10
-59000.958499
 20
-468.295308
 40
0.000000
 50
0.000000
  1
# 564
  0
POINT
  8
2
 10
-58991.766111
 20
-477.487696
  0
TEXT
  8
2
 10
-58991.766111
 20
-477.487696
 40
0.000000
 50
0.000000
  1
# 565
 0
LINE
 8
7
 10
-59039.882813
 20
-480.258484
 11
-58972.490234
 21
-480.258484
  0
TEXT
  8
1
 10
-58999.711914
 20
-472.891521
 40
10.000000
 50
0.000000
  1
Piece Name: 26SMC-WP115M 展_里扣定_175/84
  0
TEXT
  8
1
 10
-58999.711914
 20
-457.891521
 40
10.000000
 50
0.000000
  1
Size: 175/84
  0
TEXT
  8
1
 10
-58999.711914
 20
-442.891521
 40
10.000000
 50
0.000000
  1
Annotation: 
  0
TEXT
  8
1
 10
-58999.711914
 20
-427.891521
 40
10.000000
 50
0.000000
  1
Quantity: 1
  0
TEXT
  8
1
 10
-58999.711914
 20
-412.891521
 40
10.000000
 50
0.000000
  1
Material: 净
  0
TEXT
  8
1
 10
-58999.711914
 20
-412.891521
 40
10.000000
 50
0.000000
  1
Category: 20
0
ENDBLK
0
BLOCK
  8
1
  2
26SMC-WP115M 展_手机袋_175/84
 70
0
 10
0.0
 20
0.0
  0
POLYLINE
  8
1
  66
1
  70
1
  0
VERTEX
  8
1
  10
-58107.094727
  20
-2131.814423
  0
VERTEX
  8
1
  10
-58142.065430
  20
-1988.244781
  0
VERTEX
  8
1
  10
-58142.065430
  20
-1988.244781
  0
VERTEX
  8
1
  10
-58044.902344
  20
-1964.580231
  0
VERTEX
  8
1
  10
-58044.902344
  20
-1964.580231
  0
VERTEX
  8
1
  10
-58004.169922
  20
-2131.814423
  0
SEQEND
  8
1
  0
POINT
  8
2
 10
-58107.094727
 20
-2131.814423
  0
TEXT
  8
2
 10
-58107.094727
 20
-2131.814423
 40
0.000000
 50
0.000000
  1
# 566
  0
POINT
  8
2
 10
-58142.065430
 20
-1988.244781
  0
TEXT
  8
2
 10
-58142.065430
 20
-1988.244781
 40
0.000000
 50
0.000000
  1
# 567
  0
POINT
  8
2
 10
-58044.902344
 20
-1964.580231
  0
TEXT
  8
2
 10
-58044.902344
 20
-1964.580231
 40
0.000000
 50
0.000000
  1
# 568
  0
POINT
  8
2
 10
-58004.169922
 20
-2131.814423
  0
TEXT
  8
2
 10
-58004.169922
 20
-2131.814423
 40
0.000000
 50
0.000000
  1
# 569
  0
POINT
  8
3
 10
-58142.065430
 20
-1988.244781
  0
POINT
  8
3
 10
-58044.902344
 20
-1964.580231
  0
POINT
  8
4
 10
-58142.065430
 20
-1988.244781
 30
1.000000
 50
 13.69
  0
TEXT
  8
4
 10
-58142.065430
 20
-1988.244781
 40
0.000000
 50
0.000000
  1
# 570
  0
POINT
  8
4
 10
-58044.902344
 20
-1964.580231
 30
1.000000
 50
193.69
  0
TEXT
  8
4
 10
-58044.902344
 20
-1964.580231
 40
0.000000
 50
0.000000
  1
# 571
  0
POLYLINE
  8
8
  66
1
  70
0
  0
VERTEX
  8
8
  10
-58139.697266
  20
-1997.960968
  0
VERTEX
  8
8
  10
-58042.534180
  20
-1974.296417
  0
SEQEND
  8
8
  0
POINT
  8
2
 10
-58139.697266
 20
-1997.960968
  0
TEXT
  8
2
 10
-58139.697266
 20
-1997.960968
 40
0.000000
 50
0.000000
  1
# 572
  0
POINT
  8
2
 10
-58042.534180
 20
-1974.296417
  0
TEXT
  8
2
 10
-58042.534180
 20
-1974.296417
 40
0.000000
 50
0.000000
  1
# 573
 0
LINE
 8
7
 10
-58074.125977
 20
-2028.540649
 11
-58074.125977
 21
-2112.544403
  0
TEXT
  8
1
 10
-58073.117676
 20
-2048.197327
 40
10.000000
 50
0.000000
  1
Piece Name: 26SMC-WP115M 展_手机袋_175/84
  0
TEXT
  8
1
 10
-58073.117676
 20
-2033.197327
 40
10.000000
 50
0.000000
  1
Size: 175/84
  0
TEXT
  8
1
 10
-58073.117676
 20
-2018.197327
 40
10.000000
 50
0.000000
  1
Annotation: 
  0
TEXT
  8
1
 10
-58073.117676
 20
-2003.197327
 40
10.000000
 50
0.000000
  1
Quantity: 1
  0
TEXT
  8
1
 10
-58073.117676
 20
-1988.197327
 40
10.000000
 50
0.000000
  1
Material: 净
  0
TEXT
  8
1
 10
-58073.117676
 20
-1988.197327
 40
10.000000
 50
0.000000
  1
Category: 21
0
ENDBLK
0
BLOCK
  8
1
  2
26SMC-WP115M 展_前袋垫_175/84
 70
0
 10
0.0
 20
0.0
  0
POLYLINE
  8
1
  66
1
  70
1
  0
VERTEX
  8
1
  10
-58651.708984
  20
-1096.188736
  0
VERTEX
  8
1
  10
-58650.083008
  20
-1106.376572
  0
VERTEX
  8
1
  10
-58648.432617
  20
-1116.632690
  0
VERTEX
  8
1
  10
-58646.835938
  20
-1126.921234
  0
VERTEX
  8
1
  10
-58645.346680
  20
-1136.977463
  0
VERTEX
  8
1
  10
-58644.028320
  20
-1146.380692
  0
VERTEX
  8
1
  10
-58642.788086
  20
-1155.880356
  0
VERTEX
  8
1
  10
-58641.689453
  20
-1164.954987
  0
VERTEX
  8
1
  10
-58640.625000
  20
-1174.467621
  0
VERTEX
  8
1
  10
-58639.628906
  20
-1184.075394
  0
VERTEX
  8
1
  10
-58638.686523
  20
-1194.038315
  0
VERTEX
  8
1
  10
-58637.910156
  20
-1203.154526
  0
VERTEX
  8
1
  10
-58637.255859
  20
-1211.854095
  0
VERTEX
  8
1
  10
-58636.738281
  20
-1219.893951
  0
VERTEX
  8
1
  10
-58636.313477
  20
-1227.745743
  0
VERTEX
  8
1
  10
-58635.952148
  20
-1236.036148
  0
VERTEX
  8
1
  10
-58635.678711
  20
-1244.328079
  0
VERTEX
  8
1
  10
-58635.488281
  20
-1252.637711
  0
VERTEX
  8
1
  10
-58635.390625
  20
-1260.930481
  0
VERTEX
  8
1
  10
-58635.375977
  20
-1269.223175
  0
VERTEX
  8
1
  10
-58635.395508
  20
-1272.104645
  0
VERTEX
  8
1
  10
-58635.444336
  20
-1277.514801
  0
VERTEX
  8
1
  10
-58635.590820
  20
-1285.726013
  0
VERTEX
  8
1
  10
-58635.844727
  20
-1294.754181
  0
VERTEX
  8
1
  10
-58636.220703
  20
-1304.978027
  0
VERTEX
  8
1
  10
-58636.669922
  20
-1315.030670
  0
VERTEX
  8
1
  10
-58636.977539
  20
-1321.510620
  0
VERTEX
  8
1
  10
-58637.509766
  20
-1332.992249
  0
VERTEX
  8
1
  10
-58648.510742
  20
-1328.633575
  0
VERTEX
  8
1
  10
-58655.541992
  20
-1325.877533
  0
VERTEX
  8
1
  10
-58659.897461
  20
-1324.094696
  0
VERTEX
  8
1
  10
-58663.789063
  20
-1322.411499
  0
VERTEX
  8
1
  10
-58667.358398
  20
-1320.769958
  0
VERTEX
  8
1
  10
-58671.079102
  20
-1318.956451
  0
VERTEX
  8
1
  10
-58674.897461
  20
-1316.989746
  0
VERTEX
  8
1
  10
-58678.422852
  20
-1315.077972
  0
VERTEX
  8
1
  10
-58681.879883
  20
-1313.108215
  0
VERTEX
  8
1
  10
-58685.161133
  20
-1311.137085
  0
VERTEX
  8
1
  10
-58688.212891
  20
-1309.200134
  0
VERTEX
  8
1
  10
-58691.137695
  20
-1307.240601
  0
VERTEX
  8
1
  10
-58694.023438
  20
-1305.191193
  0
VERTEX
  8
1
  10
-58696.674805
  20
-1303.195953
  0
VERTEX
  8
1
  10
-58699.194336
  20
-1301.185150
  0
VERTEX
  8
1
  10
-58701.650391
  20
-1299.107056
  0
VERTEX
  8
1
  10
-58704.165039
  20
-1296.851807
  0
VERTEX
  8
1
  10
-58706.557617
  20
-1294.588318
  0
VERTEX
  8
1
  10
-58708.945313
  20
-1292.199554
  0
VERTEX
  8
1
  10
-58711.235352
  20
-1289.780884
  0
VERTEX
  8
1
  10
-58713.559570
  20
-1287.186737
  0
VERTEX
  8
1
  10
-58715.839844
  20
-1284.497681
  0
VERTEX
  8
1
  10
-58718.046875
  20
-1281.758118
  0
VERTEX
  8
1
  10
-58720.263672
  20
-1278.853378
  0
VERTEX
  8
1
  10
-58722.421875
  20
-1275.879745
  0
VERTEX
  8
1
  10
-58724.497070
  20
-1272.860947
  0
VERTEX
  8
1
  10
-58726.557617
  20
-1269.714127
  0
VERTEX
  8
1
  10
-58728.574219
  20
-1266.467667
  0
VERTEX
  8
1
  10
-58730.595703
  20
-1263.036575
  0
VERTEX
  8
1
  10
-58732.529297
  20
-1259.571915
  0
VERTEX
  8
1
  10
-58734.453125
  20
-1255.954742
  0
VERTEX
  8
1
  10
-58736.308594
  20
-1252.275772
  0
VERTEX
  8
1
  10
-58738.159180
  20
-1248.414230
  0
VERTEX
  8
1
  10
-58739.970703
  20
-1244.428558
  0
VERTEX
  8
1
  10
-58741.723633
  20
-1240.358200
  0
VERTEX
  8
1
  10
-58743.525391
  20
-1235.949097
  0
VERTEX
  8
1
  10
-58745.195313
  20
-1231.625824
  0
VERTEX
  8
1
  10
-58746.884766
  20
-1227.015533
  0
VERTEX
  8
1
  10
-58748.540039
  20
-1222.227859
  0
VERTEX
  8
1
  10
-58750.175781
  20
-1217.240601
  0
VERTEX
  8
1
  10
-58751.767578
  20
-1212.102966
  0
VERTEX
  8
1
  10
-58753.320313
  20
-1206.791077
  0
VERTEX
  8
1
  10
-58754.833984
  20
-1201.306534
  0
VERTEX
  8
1
  10
-58756.396484
  20
-1195.328369
  0
VERTEX
  8
1
  10
-58757.885742
  20
-1189.275131
  0
VERTEX
  8
1
  10
-58759.355469
  20
-1182.955017
  0
VERTEX
  8
1
  10
-58760.815430
  20
-1176.303177
  0
VERTEX
  8
1
  10
-58762.260742
  20
-1169.321518
  0
VERTEX
  8
1
  10
-58763.750000
  20
-1161.688156
  0
VERTEX
  8
1
  10
-58765.283203
  20
-1153.378754
  0
VERTEX
  8
1
  10
-58766.909180
  20
-1144.060287
  0
VERTEX
  8
1
  10
-58768.559570
  20
-1134.082108
  0
VERTEX
  8
1
  10
-58770.166016
  20
-1123.924713
  0
VERTEX
  8
1
  10
-58771.826172
  20
-1113.586578
  0
VERTEX
  8
1
  10
-58761.372070
  20
-1112.580566
  0
VERTEX
  8
1
  10
-58751.284180
  20
-1111.633072
  0
VERTEX
  8
1
  10
-58741.840820
  20
-1110.668488
  0
VERTEX
  8
1
  10
-58733.344727
  20
-1109.720001
  0
VERTEX
  8
1
  10
-58725.976563
  20
-1108.817902
  0
VERTEX
  8
1
  10
-58718.623047
  20
-1107.835464
  0
VERTEX
  8
1
  10
-58710.815430
  20
-1106.707001
  0
VERTEX
  8
1
  10
-58702.548828
  20
-1105.424576
  0
VERTEX
  8
1
  10
-58701.157227
  20
-1105.194702
  0
VERTEX
  8
1
  10
-58693.974609
  20
-1104.006271
  0
VERTEX
  8
1
  10
-58684.140625
  20
-1102.288742
  0
VERTEX
  8
1
  10
-58674.189453
  20
-1100.471420
  0
VERTEX
  8
1
  10
-58664.423828
  20
-1098.621674
  0
VERTEX
  8
1
  10
-58659.975586
  20
-1097.765961
  0
SEQEND
  8
1
  0
POINT
  8
2
 10
-58651.708984
 20
-1096.188736
  0
TEXT
  8
2
 10
-58651.708984
 20
-1096.188736
 40
0.000000
 50
0.000000
  1
# 574
  0
POINT
  8
2
 10
-58637.509766
 20
-1332.992249
  0
TEXT
  8
2
 10
-58637.509766
 20
-1332.992249
 40
0.000000
 50
0.000000
  1
# 575
  0
POINT
  8
2
 10
-58771.826172
 20
-1113.586578
  0
TEXT
  8
2
 10
-58771.826172
 20
-1113.586578
 40
0.000000
 50
0.000000
  1
# 576
  0
POINT
  8
3
 10
-58650.083008
 20
-1106.376572
  0
POINT
  8
3
 10
-58648.432617
 20
-1116.632690
  0
POINT
  8
3
 10
-58646.835938
 20
-1126.921234
  0
POINT
  8
3
 10
-58645.346680
 20
-1136.977463
  0
POINT
  8
3
 10
-58644.028320
 20
-1146.380692
  0
POINT
  8
3
 10
-58642.788086
 20
-1155.880356
  0
POINT
  8
3
 10
-58641.689453
 20
-1164.954987
  0
POINT
  8
3
 10
-58640.625000
 20
-1174.467621
  0
POINT
  8
3
 10
-58639.628906
 20
-1184.075394
  0
POINT
  8
3
 10
-58638.686523
 20
-1194.038315
  0
POINT
  8
3
 10
-58637.910156
 20
-1203.154526
  0
POINT
  8
3
 10
-58637.255859
 20
-1211.854095
  0
POINT
  8
3
 10
-58636.738281
 20
-1219.893951
  0
POINT
  8
3
 10
-58636.313477
 20
-1227.745743
  0
POINT
  8
3
 10
-58635.952148
 20
-1236.036148
  0
POINT
  8
3
 10
-58635.678711
 20
-1244.328079
  0
POINT
  8
3
 10
-58635.488281
 20
-1252.637711
  0
POINT
  8
3
 10
-58635.390625
 20
-1260.930481
  0
POINT
  8
3
 10
-58635.375977
 20
-1269.223175
  0
POINT
  8
3
 10
-58635.395508
 20
-1272.104645
  0
POINT
  8
3
 10
-58635.444336
 20
-1277.514801
  0
POINT
  8
3
 10
-58635.590820
 20
-1285.726013
  0
POINT
  8
3
 10
-58635.844727
 20
-1294.754181
  0
POINT
  8
3
 10
-58636.220703
 20
-1304.978027
  0
POINT
  8
3
 10
-58636.669922
 20
-1315.030670
  0
POINT
  8
3
 10
-58636.977539
 20
-1321.510620
  0
POINT
  8
3
 10
-58648.510742
 20
-1328.633575
  0
POINT
  8
3
 10
-58655.541992
 20
-1325.877533
  0
POINT
  8
3
 10
-58659.897461
 20
-1324.094696
  0
POINT
  8
3
 10
-58663.789063
 20
-1322.411499
  0
POINT
  8
3
 10
-58667.358398
 20
-1320.769958
  0
POINT
  8
3
 10
-58671.079102
 20
-1318.956451
  0
POINT
  8
3
 10
-58674.897461
 20
-1316.989746
  0
POINT
  8
3
 10
-58678.422852
 20
-1315.077972
  0
POINT
  8
3
 10
-58681.879883
 20
-1313.108215
  0
POINT
  8
3
 10
-58685.161133
 20
-1311.137085
  0
POINT
  8
3
 10
-58688.212891
 20
-1309.200134
  0
POINT
  8
3
 10
-58691.137695
 20
-1307.240601
  0
POINT
  8
3
 10
-58694.023438
 20
-1305.191193
  0
POINT
  8
3
 10
-58696.674805
 20
-1303.195953
  0
POINT
  8
3
 10
-58699.194336
 20
-1301.185150
  0
POINT
  8
3
 10
-58701.650391
 20
-1299.107056
  0
POINT
  8
3
 10
-58704.165039
 20
-1296.851807
  0
POINT
  8
3
 10
-58706.557617
 20
-1294.588318
  0
POINT
  8
3
 10
-58708.945313
 20
-1292.199554
  0
POINT
  8
3
 10
-58711.235352
 20
-1289.780884
  0
POINT
  8
3
 10
-58713.559570
 20
-1287.186737
  0
POINT
  8
3
 10
-58715.839844
 20
-1284.497681
  0
POINT
  8
3
 10
-58718.046875
 20
-1281.758118
  0
POINT
  8
3
 10
-58720.263672
 20
-1278.853378
  0
POINT
  8
3
 10
-58722.421875
 20
-1275.879745
  0
POINT
  8
3
 10
-58724.497070
 20
-1272.860947
  0
POINT
  8
3
 10
-58726.557617
 20
-1269.714127
  0
POINT
  8
3
 10
-58728.574219
 20
-1266.467667
  0
POINT
  8
3
 10
-58730.595703
 20
-1263.036575
  0
POINT
  8
3
 10
-58732.529297
 20
-1259.571915
  0
POINT
  8
3
 10
-58734.453125
 20
-1255.954742
  0
POINT
  8
3
 10
-58736.308594
 20
-1252.275772
  0
POINT
  8
3
 10
-58738.159180
 20
-1248.414230
  0
POINT
  8
3
 10
-58739.970703
 20
-1244.428558
  0
POINT
  8
3
 10
-58741.723633
 20
-1240.358200
  0
POINT
  8
3
 10
-58743.525391
 20
-1235.949097
  0
POINT
  8
3
 10
-58745.195313
 20
-1231.625824
  0
POINT
  8
3
 10
-58746.884766
 20
-1227.015533
  0
POINT
  8
3
 10
-58748.540039
 20
-1222.227859
  0
POINT
  8
3
 10
-58750.175781
 20
-1217.240601
  0
POINT
  8
3
 10
-58751.767578
 20
-1212.102966
  0
POINT
  8
3
 10
-58753.320313
 20
-1206.791077
  0
POINT
  8
3
 10
-58754.833984
 20
-1201.306534
  0
POINT
  8
3
 10
-58756.396484
 20
-1195.328369
  0
POINT
  8
3
 10
-58757.885742
 20
-1189.275131
  0
POINT
  8
3
 10
-58759.355469
 20
-1182.955017
  0
POINT
  8
3
 10
-58760.815430
 20
-1176.303177
  0
POINT
  8
3
 10
-58762.260742
 20
-1169.321518
  0
POINT
  8
3
 10
-58763.750000
 20
-1161.688156
  0
POINT
  8
3
 10
-58765.283203
 20
-1153.378754
  0
POINT
  8
3
 10
-58766.909180
 20
-1144.060287
  0
POINT
  8
3
 10
-58768.559570
 20
-1134.082108
  0
POINT
  8
3
 10
-58770.166016
 20
-1123.924713
  0
POINT
  8
3
 10
-58761.372070
 20
-1112.580566
  0
POINT
  8
3
 10
-58751.284180
 20
-1111.633072
  0
POINT
  8
3
 10
-58741.840820
 20
-1110.668488
  0
POINT
  8
3
 10
-58733.344727
 20
-1109.720001
  0
POINT
  8
3
 10
-58725.976563
 20
-1108.817902
  0
POINT
  8
3
 10
-58718.623047
 20
-1107.835464
  0
POINT
  8
3
 10
-58710.815430
 20
-1106.707001
  0
POINT
  8
3
 10
-58702.548828
 20
-1105.424576
  0
POINT
  8
3
 10
-58701.157227
 20
-1105.194702
  0
POINT
  8
3
 10
-58693.974609
 20
-1104.006271
  0
POINT
  8
3
 10
-58684.140625
 20
-1102.288742
  0
POINT
  8
3
 10
-58674.189453
 20
-1100.471420
  0
POINT
  8
3
 10
-58664.423828
 20
-1098.621674
  0
POINT
  8
3
 10
-58659.975586
 20
-1097.765961
  0
POINT
  8
4
 10
-58635.395508
 20
-1272.104645
 30
1.000000
 50
179.53
  0
TEXT
  8
4
 10
-58635.395508
 20
-1272.104645
 40
0.000000
 50
0.000000
  1
# 577
  0
POINT
  8
4
 10
-58701.157227
 20
-1105.194702
 30
1.000000
 50
279.39
  0
TEXT
  8
4
 10
-58701.157227
 20
-1105.194702
 40
0.000000
 50
0.000000
  1
# 578
  0
POLYLINE
  8
14
  66
1
  70
1
  0
VERTEX
  8
14
  10
-58659.970703
  20
-1107.942505
  0
VERTEX
  8
14
  10
-58658.308409
  20
-1118.197256
  0
VERTEX
  8
14
  10
-58656.722753
  20
-1128.421171
  0
VERTEX
  8
14
  10
-58655.244153
  20
-1138.405167
  0
VERTEX
  8
14
  10
-58653.939049
  20
-1147.723303
  0
VERTEX
  8
14
  10
-58652.711795
  20
-1157.126707
  0
VERTEX
  8
14
  10
-58651.623509
  20
-1166.113654
  0
VERTEX
  8
14
  10
-58650.566520
  20
-1175.538694
  0
VERTEX
  8
14
  10
-58649.581556
  20
-1185.062506
  0
VERTEX
  8
14
  10
-58648.647003
  20
-1194.933835
  0
VERTEX
  8
14
  10
-58647.878839
  20
-1203.954061
  0
VERTEX
  8
14
  10
-58647.232884
  20
-1212.551216
  0
VERTEX
  8
14
  10
-58646.719204
  20
-1220.487220
  0
VERTEX
  8
14
  10
-58646.299287
  20
-1228.235146
  0
VERTEX
  8
14
  10
-58645.942612
  20
-1236.417992
  0
VERTEX
  8
14
  10
-58645.673194
  20
-1244.604403
  0
VERTEX
  8
14
  10
-58645.489058
  20
-1252.810396
  0
VERTEX
  8
14
  10
-58645.389600
  20
-1261.000793
  0
VERTEX
  8
14
  10
-58645.373770
  20
-1269.191664
  0
VERTEX
  8
14
  10
-58645.385742
  20
-1272.022552
  0
VERTEX
  8
14
  10
-58645.441109
  20
-1277.382017
  0
VERTEX
  8
14
  10
-58645.589354
  20
-1285.493453
  0
VERTEX
  8
14
  10
-58645.840631
  20
-1294.429061
  0
VERTEX
  8
14
  10
-58646.213513
  20
-1304.570960
  0
VERTEX
  8
14
  10
-58646.656691
  20
-1314.548969
  0
VERTEX
  8
14
  10
-58646.884766
  20
-1318.506317
  0
VERTEX
  8
14
  10
-58651.836787
  20
-1316.589785
  0
VERTEX
  8
14
  10
-58656.019862
  20
-1314.877035
  0
VERTEX
  8
14
  10
-58659.713160
  20
-1313.279139
  0
VERTEX
  8
14
  10
-58663.077177
  20
-1311.732015
  0
VERTEX
  8
14
  10
-58666.595995
  20
-1310.016684
  0
VERTEX
  8
14
  10
-58670.221545
  20
-1308.149288
  0
VERTEX
  8
14
  10
-58673.569352
  20
-1306.335728
  0
VERTEX
  8
14
  10
-58676.828439
  20
-1304.477967
  0
VERTEX
  8
14
  10
-58679.903935
  20
-1302.629105
  0
VERTEX
  8
14
  10
-58682.751248
  20
-1300.822856
  0
VERTEX
  8
14
  10
-58685.462012
  20
-1299.006431
  0
VERTEX
  8
14
  10
-58688.123109
  20
-1297.118136
  0
VERTEX
  8
14
  10
-58690.551904
  20
-1295.290774
  0
VERTEX
  8
14
  10
-58692.846514
  20
-1293.460065
  0
VERTEX
  8
14
  10
-58695.081633
  20
-1291.567666
  0
VERTEX
  8
14
  10
-58697.387634
  20
-1289.499863
  0
VERTEX
  8
14
  10
-58699.585396
  20
-1287.419045
  0
VERTEX
  8
14
  10
-58701.777359
  20
-1285.227528
  0
VERTEX
  8
14
  10
-58703.878792
  20
-1283.006627
  0
VERTEX
  8
14
  10
-58706.020885
  20
-1280.615449
  0
VERTEX
  8
14
  10
-58708.131606
  20
-1278.128152
  0
VERTEX
  8
14
  10
-58710.177419
  20
-1275.586557
  0
VERTEX
  8
14
  10
-58712.241994
  20
-1272.883787
  0
VERTEX
  8
14
  10
-58714.253041
  20
-1270.109920
  0
VERTEX
  8
14
  10
-58716.196038
  20
-1267.288115
  0
VERTEX
  8
14
  10
-58718.123478
  20
-1264.340669
  0
VERTEX
  8
14
  10
-58720.015896
  20
-1261.292114
  0
VERTEX
  8
14
  10
-58721.919659
  20
-1258.060185
  0
VERTEX
  8
14
  10
-58723.750276
  20
-1254.786264
  0
VERTEX
  8
14
  10
-58725.570652
  20
-1251.358613
  0
VERTEX
  8
14
  10
-58727.333551
  20
-1247.863646
  0
VERTEX
  8
14
  10
-58729.094974
  20
-1244.185943
  0
VERTEX
  8
14
  10
-58730.824186
  20
-1240.380968
  0
VERTEX
  8
14
  10
-58732.503263
  20
-1236.486430
  0
VERTEX
  8
14
  10
-58734.230036
  20
-1232.258070
  0
VERTEX
  8
14
  10
-58735.836995
  20
-1228.102314
  0
VERTEX
  8
14
  10
-58737.463548
  20
-1223.660388
  0
VERTEX
  8
14
  10
-58739.065005
  20
-1219.036218
  0
VERTEX
  8
14
  10
-58740.646110
  20
-1214.207132
  0
VERTEX
  8
14
  10
-58742.189451
  20
-1209.221082
  0
VERTEX
  8
14
  10
-58743.700835
  20
-1204.055242
  0
VERTEX
  8
14
  10
-58745.178820
  20
-1198.710233
  0
VERTEX
  8
14
  10
-58746.703099
  20
-1192.870962
  0
VERTEX
  8
14
  10
-58748.162639
  20
-1186.946698
  0
VERTEX
  8
14
  10
-58749.603594
  20
-1180.751086
  0
VERTEX
  8
14
  10
-58751.036744
  20
-1174.219050
  0
VERTEX
  8
14
  10
-58752.458014
  20
-1167.350778
  0
VERTEX
  8
14
  10
-58753.925918
  20
-1159.826713
  0
VERTEX
  8
14
  10
-58755.437859
  20
-1151.614675
  0
VERTEX
  8
14
  10
-58757.048712
  20
-1142.383426
  0
VERTEX
  8
14
  10
-58758.689807
  20
-1132.486324
  0
VERTEX
  8
14
  10
-58760.263672
  20
-1122.508545
  0
VERTEX
  8
14
  10
-58750.311748
  20
-1121.585732
  0
VERTEX
  8
14
  10
-58740.776599
  20
-1120.611882
  0
VERTEX
  8
14
  10
-58732.183522
  20
-1119.652347
  0
VERTEX
  8
14
  10
-58724.704949
  20
-1118.736883
  0
VERTEX
  8
14
  10
-58717.245815
  20
-1117.740165
  0
VERTEX
  8
14
  10
-58709.331865
  20
-1116.596635
  0
VERTEX
  8
14
  10
-58700.965266
  20
-1115.298397
  0
VERTEX
  8
14
  10
-58699.526367
  20
-1115.066605
  0
VERTEX
  8
14
  10
-58692.295805
  20
-1113.864563
  0
VERTEX
  8
14
  10
-58682.381950
  20
-1112.132505
  0
VERTEX
  8
14
  10
-58672.358284
  20
-1110.302685
  0
VERTEX
  8
14
  10
-58662.528228
  20
-1108.440176
  0
SEQEND
  8
14
  0
POINT
  8
2
 10
-58659.970703
 20
-1107.942505
  0
TEXT
  8
2
 10
-58659.970703
 20
-1107.942505
 40
0.000000
 50
0.000000
  1
# 579
  0
POINT
  8
2
 10
-58646.884766
 20
-1318.506317
  0
TEXT
  8
2
 10
-58646.884766
 20
-1318.506317
 40
0.000000
 50
0.000000
  1
# 580
  0
POINT
  8
2
 10
-58760.263672
 20
-1122.508545
  0
TEXT
  8
2
 10
-58760.263672
 20
-1122.508545
 40
0.000000
 50
0.000000
  1
# 581
  0
POINT
  8
3
 10
-58658.308409
 20
-1118.197256
  0
POINT
  8
3
 10
-58656.722753
 20
-1128.421171
  0
POINT
  8
3
 10
-58655.244153
 20
-1138.405167
  0
POINT
  8
3
 10
-58653.939049
 20
-1147.723303
  0
POINT
  8
3
 10
-58652.711795
 20
-1157.126707
  0
POINT
  8
3
 10
-58651.623509
 20
-1166.113654
  0
POINT
  8
3
 10
-58650.566520
 20
-1175.538694
  0
POINT
  8
3
 10
-58649.581556
 20
-1185.062506
  0
POINT
  8
3
 10
-58648.647003
 20
-1194.933835
  0
POINT
  8
3
 10
-58647.878839
 20
-1203.954061
  0
POINT
  8
3
 10
-58647.232884
 20
-1212.551216
  0
POINT
  8
3
 10
-58646.719204
 20
-1220.487220
  0
POINT
  8
3
 10
-58646.299287
 20
-1228.235146
  0
POINT
  8
3
 10
-58645.942612
 20
-1236.417992
  0
POINT
  8
3
 10
-58645.673194
 20
-1244.604403
  0
POINT
  8
3
 10
-58645.489058
 20
-1252.810396
  0
POINT
  8
3
 10
-58645.389600
 20
-1261.000793
  0
POINT
  8
3
 10
-58645.373770
 20
-1269.191664
  0
POINT
  8
3
 10
-58645.385742
 20
-1272.022552
  0
POINT
  8
3
 10
-58645.441109
 20
-1277.382017
  0
POINT
  8
3
 10
-58645.589354
 20
-1285.493453
  0
POINT
  8
3
 10
-58645.840631
 20
-1294.429061
  0
POINT
  8
3
 10
-58646.213513
 20
-1304.570960
  0
POINT
  8
3
 10
-58646.656691
 20
-1314.548969
  0
POINT
  8
3
 10
-58651.836787
 20
-1316.589785
  0
POINT
  8
3
 10
-58656.019862
 20
-1314.877035
  0
POINT
  8
3
 10
-58659.713160
 20
-1313.279139
  0
POINT
  8
3
 10
-58663.077177
 20
-1311.732015
  0
POINT
  8
3
 10
-58666.595995
 20
-1310.016684
  0
POINT
  8
3
 10
-58670.221545
 20
-1308.149288
  0
POINT
  8
3
 10
-58673.569352
 20
-1306.335728
  0
POINT
  8
3
 10
-58676.828439
 20
-1304.477967
  0
POINT
  8
3
 10
-58679.903935
 20
-1302.629105
  0
POINT
  8
3
 10
-58682.751248
 20
-1300.822856
  0
POINT
  8
3
 10
-58685.462012
 20
-1299.006431
  0
POINT
  8
3
 10
-58688.123109
 20
-1297.118136
  0
POINT
  8
3
 10
-58690.551904
 20
-1295.290774
  0
POINT
  8
3
 10
-58692.846514
 20
-1293.460065
  0
POINT
  8
3
 10
-58695.081633
 20
-1291.567666
  0
POINT
  8
3
 10
-58697.387634
 20
-1289.499863
  0
POINT
  8
3
 10
-58699.585396
 20
-1287.419045
  0
POINT
  8
3
 10
-58701.777359
 20
-1285.227528
  0
POINT
  8
3
 10
-58703.878792
 20
-1283.006627
  0
POINT
  8
3
 10
-58706.020885
 20
-1280.615449
  0
POINT
  8
3
 10
-58708.131606
 20
-1278.128152
  0
POINT
  8
3
 10
-58710.177419
 20
-1275.586557
  0
POINT
  8
3
 10
-58712.241994
 20
-1272.883787
  0
POINT
  8
3
 10
-58714.253041
 20
-1270.109920
  0
POINT
  8
3
 10
-58716.196038
 20
-1267.288115
  0
POINT
  8
3
 10
-58718.123478
 20
-1264.340669
  0
POINT
  8
3
 10
-58720.015896
 20
-1261.292114
  0
POINT
  8
3
 10
-58721.919659
 20
-1258.060185
  0
POINT
  8
3
 10
-58723.750276
 20
-1254.786264
  0
POINT
  8
3
 10
-58725.570652
 20
-1251.358613
  0
POINT
  8
3
 10
-58727.333551
 20
-1247.863646
  0
POINT
  8
3
 10
-58729.094974
 20
-1244.185943
  0
POINT
  8
3
 10
-58730.824186
 20
-1240.380968
  0
POINT
  8
3
 10
-58732.503263
 20
-1236.486430
  0
POINT
  8
3
 10
-58734.230036
 20
-1232.258070
  0
POINT
  8
3
 10
-58735.836995
 20
-1228.102314
  0
POINT
  8
3
 10
-58737.463548
 20
-1223.660388
  0
POINT
  8
3
 10
-58739.065005
 20
-1219.036218
  0
POINT
  8
3
 10
-58740.646110
 20
-1214.207132
  0
POINT
  8
3
 10
-58742.189451
 20
-1209.221082
  0
POINT
  8
3
 10
-58743.700835
 20
-1204.055242
  0
POINT
  8
3
 10
-58745.178820
 20
-1198.710233
  0
POINT
  8
3
 10
-58746.703099
 20
-1192.870962
  0
POINT
  8
3
 10
-58748.162639
 20
-1186.946698
  0
POINT
  8
3
 10
-58749.603594
 20
-1180.751086
  0
POINT
  8
3
 10
-58751.036744
 20
-1174.219050
  0
POINT
  8
3
 10
-58752.458014
 20
-1167.350778
  0
POINT
  8
3
 10
-58753.925918
 20
-1159.826713
  0
POINT
  8
3
 10
-58755.437859
 20
-1151.614675
  0
POINT
  8
3
 10
-58757.048712
 20
-1142.383426
  0
POINT
  8
3
 10
-58758.689807
 20
-1132.486324
  0
POINT
  8
3
 10
-58750.311748
 20
-1121.585732
  0
POINT
  8
3
 10
-58740.776599
 20
-1120.611882
  0
POINT
  8
3
 10
-58732.183522
 20
-1119.652347
  0
POINT
  8
3
 10
-58724.704949
 20
-1118.736883
  0
POINT
  8
3
 10
-58717.245815
 20
-1117.740165
  0
POINT
  8
3
 10
-58709.331865
 20
-1116.596635
  0
POINT
  8
3
 10
-58700.965266
 20
-1115.298397
  0
POINT
  8
3
 10
-58699.526367
 20
-1115.066605
  0
POINT
  8
3
 10
-58692.295805
 20
-1113.864563
  0
POINT
  8
3
 10
-58682.381950
 20
-1112.132505
  0
POINT
  8
3
 10
-58672.358284
 20
-1110.302685
  0
POINT
  8
3
 10
-58662.528228
 20
-1108.440176
  0
POINT
  8
4
 10
-58645.385742
 20
-1272.022552
 30
1.000000
 50
179.62
  0
TEXT
  8
4
 10
-58645.385742
 20
-1272.022552
 40
0.000000
 50
0.000000
  1
# 582
  0
POINT
  8
4
 10
-58699.526367
 20
-1115.066605
 30
1.000000
 50
279.21
  0
TEXT
  8
4
 10
-58699.526367
 20
-1115.066605
 40
0.000000
 50
0.000000
  1
# 583
  0
POLYLINE
  8
8
  66
1
  70
0
  0
VERTEX
  8
8
  10
-58699.526367
  20
-1115.062332
  0
VERTEX
  8
8
  10
-58645.415039
  20
-1272.021866
  0
SEQEND
  8
8
  0
POINT
  8
2
 10
-58699.526367
 20
-1115.062332
  0
TEXT
  8
2
 10
-58699.526367
 20
-1115.062332
 40
0.000000
 50
0.000000
  1
# 584
  0
POINT
  8
2
 10
-58645.415039
 20
-1272.021866
  0
TEXT
  8
2
 10
-58645.415039
 20
-1272.021866
 40
0.000000
 50
0.000000
  1
# 585
 0
LINE
 8
7
 10
-58685.478516
 20
-1136.484528
 11
-58685.478516
 21
-1266.520004
  0
TEXT
  8
1
 10
-58703.601074
 20
-1214.590492
 40
10.000000
 50
0.000000
  1
Piece Name: 26SMC-WP115M 展_前袋垫_175/84
  0
TEXT
  8
1
 10
-58703.601074
 20
-1199.590492
 40
10.000000
 50
0.000000
  1
Size: 175/84
  0
TEXT
  8
1
 10
-58703.601074
 20
-1184.590492
 40
10.000000
 50
0.000000
  1
Annotation: 
  0
TEXT
  8
1
 10
-58703.601074
 20
-1169.590492
 40
10.000000
 50
0.000000
  1
Quantity: 1,1
  0
TEXT
  8
1
 10
-58703.601074
 20
-1154.590492
 40
10.000000
 50
0.000000
  1
Material: 面
  0
TEXT
  8
1
 10
-58703.601074
 20
-1154.590492
 40
10.000000
 50
0.000000
  1
Category: 22
0
ENDBLK
0
BLOCK
  8
1
  2
26SMC-WP115M 展_腰_175/84
 70
0
 10
0.0
 20
0.0
  0
POLYLINE
  8
1
  66
1
  70
1
  0
VERTEX
  8
1
  10
-60775.712891
  20
-1038.551178
  0
VERTEX
  8
1
  10
-60786.044922
  20
-1038.551178
  0
VERTEX
  8
1
  10
-60796.372070
  20
-1038.551178
  0
VERTEX
  8
1
  10
-60806.420898
  20
-1038.551178
  0
VERTEX
  8
1
  10
-60816.557617
  20
-1038.551178
  0
VERTEX
  8
1
  10
-60826.782227
  20
-1038.551178
  0
VERTEX
  8
1
  10
-60836.894531
  20
-1038.551178
  0
VERTEX
  8
1
  10
-60847.119141
  20
-1038.551178
  0
VERTEX
  8
1
  10
-60857.343750
  20
-1038.551178
  0
VERTEX
  8
1
  10
-60867.534180
  20
-1038.551178
  0
VERTEX
  8
1
  10
-60877.763672
  20
-1038.551178
  0
VERTEX
  8
1
  10
-60887.988281
  20
-1038.551178
  0
VERTEX
  8
1
  10
-60898.183594
  20
-1038.551178
  0
VERTEX
  8
1
  10
-60908.408203
  20
-1038.551178
  0
VERTEX
  8
1
  10
-60918.637695
  20
-1038.551178
  0
VERTEX
  8
1
  10
-60928.833008
  20
-1038.551178
  0
VERTEX
  8
1
  10
-60939.057617
  20
-1038.551178
  0
VERTEX
  8
1
  10
-60949.282227
  20
-1038.551178
  0
VERTEX
  8
1
  10
-60959.477539
  20
-1038.551178
  0
VERTEX
  8
1
  10
-60969.702148
  20
-1038.551178
  0
VERTEX
  8
1
  10
-60979.931641
  20
-1038.551178
  0
VERTEX
  8
1
  10
-60990.122070
  20
-1038.551178
  0
VERTEX
  8
1
  10
-61000.346680
  20
-1038.551178
  0
VERTEX
  8
1
  10
-61010.571289
  20
-1038.551178
  0
VERTEX
  8
1
  10
-61020.576172
  20
-1038.551178
  0
VERTEX
  8
1
  10
-61030.800781
  20
-1038.551178
  0
VERTEX
  8
1
  10
-61041.025391
  20
-1038.551178
  0
VERTEX
  8
1
  10
-61051.230469
  20
-1038.551178
  0
VERTEX
  8
1
  10
-61061.455078
  20
-1038.551178
  0
VERTEX
  8
1
  10
-61071.679688
  20
-1038.551178
  0
VERTEX
  8
1
  10
-61081.870117
  20
-1038.551178
  0
VERTEX
  8
1
  10
-61092.099609
  20
-1038.551178
  0
VERTEX
  8
1
  10
-61102.324219
  20
-1038.551178
  0
VERTEX
  8
1
  10
-61112.519531
  20
-1038.551178
  0
VERTEX
  8
1
  10
-61122.744141
  20
-1038.551178
  0
VERTEX
  8
1
  10
-61132.968750
  20
-1038.551178
  0
VERTEX
  8
1
  10
-61143.159180
  20
-1038.551178
  0
VERTEX
  8
1
  10
-61153.388672
  20
-1038.551178
  0
VERTEX
  8
1
  10
-61163.613281
  20
-1038.551178
  0
VERTEX
  8
1
  10
-61173.808594
  20
-1038.551178
  0
VERTEX
  8
1
  10
-61184.038086
  20
-1038.551178
  0
VERTEX
  8
1
  10
-61194.262695
  20
-1038.551178
  0
VERTEX
  8
1
  10
-61204.433594
  20
-1038.551178
  0
VERTEX
  8
1
  10
-61214.433594
  20
-1038.551178
  0
VERTEX
  8
1
  10
-61223.657227
  20
-1038.551178
  0
VERTEX
  8
1
  10
-61234.067383
  20
-1038.551178
  0
VERTEX
  8
1
  10
-61244.125977
  20
-1038.551178
  0
VERTEX
  8
1
  10
-61254.169922
  20
-1038.551178
  0
VERTEX
  8
1
  10
-61264.467773
  20
-1038.551178
  0
VERTEX
  8
1
  10
-61274.687500
  20
-1038.551178
  0
VERTEX
  8
1
  10
-61284.599609
  20
-1038.551178
  0
VERTEX
  8
1
  10
-61295.146484
  20
-1038.551178
  0
VERTEX
  8
1
  10
-61305.361328
  20
-1038.551178
  0
VERTEX
  8
1
  10
-61315.595703
  20
-1038.551178
  0
VERTEX
  8
1
  10
-61325.810547
  20
-1038.551178
  0
VERTEX
  8
1
  10
-61336.030273
  20
-1038.551178
  0
VERTEX
  8
1
  10
-61346.259766
  20
-1038.551178
  0
VERTEX
  8
1
  10
-61356.479492
  20
-1038.551178
  0
VERTEX
  8
1
  10
-61366.699219
  20
-1038.551178
  0
VERTEX
  8
1
  10
-61376.933594
  20
-1038.551178
  0
VERTEX
  8
1
  10
-61387.153320
  20
-1038.551178
  0
VERTEX
  8
1
  10
-61397.368164
  20
-1038.551178
  0
VERTEX
  8
1
  10
-61407.617188
  20
-1038.551178
  0
VERTEX
  8
1
  10
-61417.832031
  20
-1038.551178
  0
VERTEX
  8
1
  10
-61428.051758
  20
-1038.551178
  0
VERTEX
  8
1
  10
-61438.168945
  20
-1038.551178
  0
VERTEX
  8
1
  10
-61448.383789
  20
-1038.551178
  0
VERTEX
  8
1
  10
-61458.603516
  20
-1038.551178
  0
VERTEX
  8
1
  10
-61468.837891
  20
-1038.551178
  0
VERTEX
  8
1
  10
-61479.052734
  20
-1038.551178
  0
VERTEX
  8
1
  10
-61489.267578
  20
-1038.551178
  0
VERTEX
  8
1
  10
-61499.526367
  20
-1038.551178
  0
VERTEX
  8
1
  10
-61509.741211
  20
-1038.551178
  0
VERTEX
  8
1
  10
-61519.956055
  20
-1038.551178
  0
VERTEX
  8
1
  10
-61529.975586
  20
-1038.551178
  0
VERTEX
  8
1
  10
-61540.190430
  20
-1038.551178
  0
VERTEX
  8
1
  10
-61550.410156
  20
-1038.551178
  0
VERTEX
  8
1
  10
-61560.600586
  20
-1038.551178
  0
VERTEX
  8
1
  10
-61570.820313
  20
-1038.551178
  0
VERTEX
  8
1
  10
-61581.035156
  20
-1038.551178
  0
VERTEX
  8
1
  10
-61591.303711
  20
-1038.551178
  0
VERTEX
  8
1
  10
-61601.523438
  20
-1038.551178
  0
VERTEX
  8
1
  10
-61611.738281
  20
-1038.551178
  0
VERTEX
  8
1
  10
-61621.757813
  20
-1038.551178
  0
VERTEX
  8
1
  10
-61631.972656
  20
-1038.551178
  0
VERTEX
  8
1
  10
-61642.192383
  20
-1038.551178
  0
VERTEX
  8
1
  10
-61652.211914
  20
-1038.551178
  0
VERTEX
  8
1
  10
-61662.275391
  20
-1038.551178
  0
VERTEX
  8
1
  10
-61671.772461
  20
-1038.551178
  0
VERTEX
  8
1
  10
-61681.601563
  20
-1038.551178
  0
VERTEX
  8
1
  10
-61681.601563
  20
-1022.585602
  0
VERTEX
  8
1
  10
-61681.601563
  20
-1012.098846
  0
VERTEX
  8
1
  10
-61681.601563
  20
-1001.817627
  0
VERTEX
  8
1
  10
-61681.601563
  20
-990.402451
  0
VERTEX
  8
1
  10
-61671.469727
  20
-990.403976
  0
VERTEX
  8
1
  10
-61661.079102
  20
-990.405579
  0
VERTEX
  8
1
  10
-61650.913086
  20
-990.407181
  0
VERTEX
  8
1
  10
-61640.419922
  20
-990.408859
  0
VERTEX
  8
1
  10
-61630.507813
  20
-990.410385
  0
VERTEX
  8
1
  10
-61619.770508
  20
-990.411987
  0
VERTEX
  8
1
  10
-61609.541016
  20
-990.413589
  0
VERTEX
  8
1
  10
-61599.433594
  20
-990.415192
  0
VERTEX
  8
1
  10
-61589.208984
  20
-990.416794
  0
VERTEX
  8
1
  10
-61578.984375
  20
-990.418320
  0
VERTEX
  8
1
  10
-61568.754883
  20
-990.419922
  0
VERTEX
  8
1
  10
-61558.740234
  20
-990.421524
  0
VERTEX
  8
1
  10
-61548.515625
  20
-990.423126
  0
VERTEX
  8
1
  10
-61538.291016
  20
-990.424652
  0
VERTEX
  8
1
  10
-61528.061523
  20
-990.426254
  0
VERTEX
  8
1
  10
-61517.939453
  20
-990.427856
  0
VERTEX
  8
1
  10
-61507.714844
  20
-990.429459
  0
VERTEX
  8
1
  10
-61497.485352
  20
-990.431061
  0
VERTEX
  8
1
  10
-61487.260742
  20
-990.432663
  0
VERTEX
  8
1
  10
-61477.031250
  20
-990.434265
  0
VERTEX
  8
1
  10
-61466.596680
  20
-990.435867
  0
VERTEX
  8
1
  10
-61456.372070
  20
-990.437469
  0
VERTEX
  8
1
  10
-61446.147461
  20
-990.439072
  0
VERTEX
  8
1
  10
-61435.917969
  20
-990.440598
  0
VERTEX
  8
1
  10
-61425.693359
  20
-990.442200
  0
VERTEX
  8
1
  10
-61415.258789
  20
-990.443802
  0
VERTEX
  8
1
  10
-61405.029297
  20
-990.445404
  0
VERTEX
  8
1
  10
-61394.804688
  20
-990.447006
  0
VERTEX
  8
1
  10
-61384.580078
  20
-990.448608
  0
VERTEX
  8
1
  10
-61374.355469
  20
-990.450134
  0
VERTEX
  8
1
  10
-61364.223633
  20
-990.451736
  0
VERTEX
  8
1
  10
-61353.999023
  20
-990.453339
  0
VERTEX
  8
1
  10
-61343.769531
  20
-990.454941
  0
VERTEX
  8
1
  10
-61333.544922
  20
-990.456543
  0
VERTEX
  8
1
  10
-61323.315430
  20
-990.458145
  0
VERTEX
  8
1
  10
-61313.291016
  20
-990.459671
  0
VERTEX
  8
1
  10
-61303.066406
  20
-990.461273
  0
VERTEX
  8
1
  10
-61292.836914
  20
-990.462875
  0
VERTEX
  8
1
  10
-61282.612305
  20
-990.464478
  0
VERTEX
  8
1
  10
-61272.387695
  20
-990.466003
  0
VERTEX
  8
1
  10
-61262.163086
  20
-990.467606
  0
VERTEX
  8
1
  10
-61252.036133
  20
-990.469208
  0
VERTEX
  8
1
  10
-61241.811523
  20
-990.470810
  0
VERTEX
  8
1
  10
-61231.586914
  20
-990.472412
  0
VERTEX
  8
1
  10
-61221.357422
  20
-990.474014
  0
VERTEX
  8
1
  10
-61211.132813
  20
-990.475540
  0
VERTEX
  8
1
  10
-61200.908203
  20
-990.477142
  0
VERTEX
  8
1
  10
-61190.483398
  20
-990.478821
  0
VERTEX
  8
1
  10
-61180.253906
  20
-990.480423
  0
VERTEX
  8
1
  10
-61170.029297
  20
-990.481949
  0
VERTEX
  8
1
  10
-61159.799805
  20
-990.483551
  0
VERTEX
  8
1
  10
-61149.575195
  20
-990.485153
  0
VERTEX
  8
1
  10
-61139.350586
  20
-990.486755
  0
VERTEX
  8
1
  10
-61128.930664
  20
-990.488358
  0
VERTEX
  8
1
  10
-61118.701172
  20
-990.489960
  0
VERTEX
  8
1
  10
-61108.476563
  20
-990.491562
  0
VERTEX
  8
1
  10
-61098.251953
  20
-990.493164
  0
VERTEX
  8
1
  10
-61088.022461
  20
-990.494766
  0
VERTEX
  8
1
  10
-61077.919922
  20
-990.496292
  0
VERTEX
  8
1
  10
-61067.695313
  20
-990.497894
  0
VERTEX
  8
1
  10
-61057.465820
  20
-990.499496
  0
VERTEX
  8
1
  10
-61047.241211
  20
-990.501099
  0
VERTEX
  8
1
  10
-61037.016602
  20
-990.502625
  0
VERTEX
  8
1
  10
-61026.787109
  20
-990.504227
  0
VERTEX
  8
1
  10
-61016.289063
  20
-990.505829
  0
VERTEX
  8
1
  10
-61006.064453
  20
-990.507431
  0
VERTEX
  8
1
  10
-60995.834961
  20
-990.509033
  0
VERTEX
  8
1
  10
-60985.610352
  20
-990.510635
  0
VERTEX
  8
1
  10
-60975.385742
  20
-990.512238
  0
VERTEX
  8
1
  10
-60965.307617
  20
-990.513840
  0
VERTEX
  8
1
  10
-60955.078125
  20
-990.515366
  0
VERTEX
  8
1
  10
-60944.853516
  20
-990.516968
  0
VERTEX
  8
1
  10
-60934.628906
  20
-990.518570
  0
VERTEX
  8
1
  10
-60924.399414
  20
-990.520172
  0
VERTEX
  8
1
  10
-60914.028320
  20
-990.521774
  0
VERTEX
  8
1
  10
-60903.803711
  20
-990.523376
  0
VERTEX
  8
1
  10
-60893.579102
  20
-990.524979
  0
VERTEX
  8
1
  10
-60883.349609
  20
-990.526505
  0
VERTEX
  8
1
  10
-60873.125000
  20
-990.528107
  0
VERTEX
  8
1
  10
-60862.773438
  20
-990.529709
  0
VERTEX
  8
1
  10
-60852.543945
  20
-990.531311
  0
VERTEX
  8
1
  10
-60842.319336
  20
-990.532913
  0
VERTEX
  8
1
  10
-60832.094727
  20
-990.534515
  0
VERTEX
  8
1
  10
-60822.065430
  20
-990.536118
  0
VERTEX
  8
1
  10
-60811.840820
  20
-990.537720
  0
VERTEX
  8
1
  10
-60801.616211
  20
-990.539246
  0
VERTEX
  8
1
  10
-60791.201172
  20
-990.540924
  0
VERTEX
  8
1
  10
-60780.976563
  20
-990.542526
  0
VERTEX
  8
1
  10
-60770.747070
  20
-990.544052
  0
VERTEX
  8
1
  10
-60760.522461
  20
-990.545654
  0
VERTEX
  8
1
  10
-60750.317383
  20
-990.547256
  0
VERTEX
  8
1
  10
-60740.053711
  20
-990.548859
  0
VERTEX
  8
1
  10
-60730.190430
  20
-990.550385
  0
VERTEX
  8
1
  10
-60723.603516
  20
-990.551376
  0
VERTEX
  8
1
  10
-60714.746094
  20
-990.552750
  0
VERTEX
  8
1
  10
-60714.731445
  20
-1006.047821
  0
VERTEX
  8
1
  10
-60714.726563
  20
-1016.246643
  0
VERTEX
  8
1
  10
-60714.716797
  20
-1026.193619
  0
VERTEX
  8
1
  10
-60714.707031
  20
-1038.551178
  0
VERTEX
  8
1
  10
-60735.249023
  20
-1038.551178
  0
VERTEX
  8
1
  10
-60745.332031
  20
-1038.551178
  0
VERTEX
  8
1
  10
-60755.517578
  20
-1038.551178
  0
VERTEX
  8
1
  10
-60765.498047
  20
-1038.551178
  0
SEQEND
  8
1
  0
POINT
  8
2
 10
-60775.712891
 20
-1038.551178
  0
TEXT
  8
2
 10
-60775.712891
 20
-1038.551178
 40
0.000000
 50
0.000000
  1
# 586
  0
POINT
  8
2
 10
-61223.657227
 20
-1038.551178
  0
TEXT
  8
2
 10
-61223.657227
 20
-1038.551178
 40
0.000000
 50
0.000000
  1
# 587
  0
POINT
  8
2
 10
-61681.601563
 20
-1038.551178
  0
TEXT
  8
2
 10
-61681.601563
 20
-1038.551178
 40
0.000000
 50
0.000000
  1
# 588
  0
POINT
  8
2
 10
-61681.601563
 20
-990.402451
  0
TEXT
  8
2
 10
-61681.601563
 20
-990.402451
 40
0.000000
 50
0.000000
  1
# 589
  0
POINT
  8
2
 10
-60714.746094
 20
-990.552750
  0
TEXT
  8
2
 10
-60714.746094
 20
-990.552750
 40
0.000000
 50
0.000000
  1
# 590
  0
POINT
  8
2
 10
-60714.707031
 20
-1038.551178
  0
TEXT
  8
2
 10
-60714.707031
 20
-1038.551178
 40
0.000000
 50
0.000000
  1
# 591
  0
POINT
  8
3
 10
-60786.044922
 20
-1038.551178
  0
POINT
  8
3
 10
-60796.372070
 20
-1038.551178
  0
POINT
  8
3
 10
-60806.420898
 20
-1038.551178
  0
POINT
  8
3
 10
-60816.557617
 20
-1038.551178
  0
POINT
  8
3
 10
-60826.782227
 20
-1038.551178
  0
POINT
  8
3
 10
-60836.894531
 20
-1038.551178
  0
POINT
  8
3
 10
-60847.119141
 20
-1038.551178
  0
POINT
  8
3
 10
-60857.343750
 20
-1038.551178
  0
POINT
  8
3
 10
-60867.534180
 20
-1038.551178
  0
POINT
  8
3
 10
-60877.763672
 20
-1038.551178
  0
POINT
  8
3
 10
-60887.988281
 20
-1038.551178
  0
POINT
  8
3
 10
-60898.183594
 20
-1038.551178
  0
POINT
  8
3
 10
-60908.408203
 20
-1038.551178
  0
POINT
  8
3
 10
-60918.637695
 20
-1038.551178
  0
POINT
  8
3
 10
-60928.833008
 20
-1038.551178
  0
POINT
  8
3
 10
-60939.057617
 20
-1038.551178
  0
POINT
  8
3
 10
-60949.282227
 20
-1038.551178
  0
POINT
  8
3
 10
-60959.477539
 20
-1038.551178
  0
POINT
  8
3
 10
-60969.702148
 20
-1038.551178
  0
POINT
  8
3
 10
-60979.931641
 20
-1038.551178
  0
POINT
  8
3
 10
-60990.122070
 20
-1038.551178
  0
POINT
  8
3
 10
-61000.346680
 20
-1038.551178
  0
POINT
  8
3
 10
-61010.571289
 20
-1038.551178
  0
POINT
  8
3
 10
-61020.576172
 20
-1038.551178
  0
POINT
  8
3
 10
-61030.800781
 20
-1038.551178
  0
POINT
  8
3
 10
-61041.025391
 20
-1038.551178
  0
POINT
  8
3
 10
-61051.230469
 20
-1038.551178
  0
POINT
  8
3
 10
-61061.455078
 20
-1038.551178
  0
POINT
  8
3
 10
-61071.679688
 20
-1038.551178
  0
POINT
  8
3
 10
-61081.870117
 20
-1038.551178
  0
POINT
  8
3
 10
-61092.099609
 20
-1038.551178
  0
POINT
  8
3
 10
-61102.324219
 20
-1038.551178
  0
POINT
  8
3
 10
-61112.519531
 20
-1038.551178
  0
POINT
  8
3
 10
-61122.744141
 20
-1038.551178
  0
POINT
  8
3
 10
-61132.968750
 20
-1038.551178
  0
POINT
  8
3
 10
-61143.159180
 20
-1038.551178
  0
POINT
  8
3
 10
-61153.388672
 20
-1038.551178
  0
POINT
  8
3
 10
-61163.613281
 20
-1038.551178
  0
POINT
  8
3
 10
-61173.808594
 20
-1038.551178
  0
POINT
  8
3
 10
-61184.038086
 20
-1038.551178
  0
POINT
  8
3
 10
-61194.262695
 20
-1038.551178
  0
POINT
  8
3
 10
-61204.433594
 20
-1038.551178
  0
POINT
  8
3
 10
-61214.433594
 20
-1038.551178
  0
POINT
  8
3
 10
-61234.067383
 20
-1038.551178
  0
POINT
  8
3
 10
-61244.125977
 20
-1038.551178
  0
POINT
  8
3
 10
-61254.169922
 20
-1038.551178
  0
POINT
  8
3
 10
-61264.467773
 20
-1038.551178
  0
POINT
  8
3
 10
-61274.687500
 20
-1038.551178
  0
POINT
  8
3
 10
-61284.599609
 20
-1038.551178
  0
POINT
  8
3
 10
-61295.146484
 20
-1038.551178
  0
POINT
  8
3
 10
-61305.361328
 20
-1038.551178
  0
POINT
  8
3
 10
-61315.595703
 20
-1038.551178
  0
POINT
  8
3
 10
-61325.810547
 20
-1038.551178
  0
POINT
  8
3
 10
-61336.030273
 20
-1038.551178
  0
POINT
  8
3
 10
-61346.259766
 20
-1038.551178
  0
POINT
  8
3
 10
-61356.479492
 20
-1038.551178
  0
POINT
  8
3
 10
-61366.699219
 20
-1038.551178
  0
POINT
  8
3
 10
-61376.933594
 20
-1038.551178
  0
POINT
  8
3
 10
-61387.153320
 20
-1038.551178
  0
POINT
  8
3
 10
-61397.368164
 20
-1038.551178
  0
POINT
  8
3
 10
-61407.617188
 20
-1038.551178
  0
POINT
  8
3
 10
-61417.832031
 20
-1038.551178
  0
POINT
  8
3
 10
-61428.051758
 20
-1038.551178
  0
POINT
  8
3
 10
-61438.168945
 20
-1038.551178
  0
POINT
  8
3
 10
-61448.383789
 20
-1038.551178
  0
POINT
  8
3
 10
-61458.603516
 20
-1038.551178
  0
POINT
  8
3
 10
-61468.837891
 20
-1038.551178
  0
POINT
  8
3
 10
-61479.052734
 20
-1038.551178
  0
POINT
  8
3
 10
-61489.267578
 20
-1038.551178
  0
POINT
  8
3
 10
-61499.526367
 20
-1038.551178
  0
POINT
  8
3
 10
-61509.741211
 20
-1038.551178
  0
POINT
  8
3
 10
-61519.956055
 20
-1038.551178
  0
POINT
  8
3
 10
-61529.975586
 20
-1038.551178
  0
POINT
  8
3
 10
-61540.190430
 20
-1038.551178
  0
POINT
  8
3
 10
-61550.410156
 20
-1038.551178
  0
POINT
  8
3
 10
-61560.600586
 20
-1038.551178
  0
POINT
  8
3
 10
-61570.820313
 20
-1038.551178
  0
POINT
  8
3
 10
-61581.035156
 20
-1038.551178
  0
POINT
  8
3
 10
-61591.303711
 20
-1038.551178
  0
POINT
  8
3
 10
-61601.523438
 20
-1038.551178
  0
POINT
  8
3
 10
-61611.738281
 20
-1038.551178
  0
POINT
  8
3
 10
-61621.757813
 20
-1038.551178
  0
POINT
  8
3
 10
-61631.972656
 20
-1038.551178
  0
POINT
  8
3
 10
-61642.192383
 20
-1038.551178
  0
POINT
  8
3
 10
-61652.211914
 20
-1038.551178
  0
POINT
  8
3
 10
-61662.275391
 20
-1038.551178
  0
POINT
  8
3
 10
-61671.772461
 20
-1038.551178
  0
POINT
  8
3
 10
-61681.601563
 20
-1022.585602
  0
POINT
  8
3
 10
-61681.601563
 20
-1012.098846
  0
POINT
  8
3
 10
-61681.601563
 20
-1001.817627
  0
POINT
  8
3
 10
-61671.469727
 20
-990.403976
  0
POINT
  8
3
 10
-61661.079102
 20
-990.405579
  0
POINT
  8
3
 10
-61650.913086
 20
-990.407181
  0
POINT
  8
3
 10
-61640.419922
 20
-990.408859
  0
POINT
  8
3
 10
-61630.507813
 20
-990.410385
  0
POINT
  8
3
 10
-61619.770508
 20
-990.411987
  0
POINT
  8
3
 10
-61609.541016
 20
-990.413589
  0
POINT
  8
3
 10
-61599.433594
 20
-990.415192
  0
POINT
  8
3
 10
-61589.208984
 20
-990.416794
  0
POINT
  8
3
 10
-61578.984375
 20
-990.418320
  0
POINT
  8
3
 10
-61568.754883
 20
-990.419922
  0
POINT
  8
3
 10
-61558.740234
 20
-990.421524
  0
POINT
  8
3
 10
-61548.515625
 20
-990.423126
  0
POINT
  8
3
 10
-61538.291016
 20
-990.424652
  0
POINT
  8
3
 10
-61528.061523
 20
-990.426254
  0
POINT
  8
3
 10
-61517.939453
 20
-990.427856
  0
POINT
  8
3
 10
-61507.714844
 20
-990.429459
  0
POINT
  8
3
 10
-61497.485352
 20
-990.431061
  0
POINT
  8
3
 10
-61487.260742
 20
-990.432663
  0
POINT
  8
3
 10
-61477.031250
 20
-990.434265
  0
POINT
  8
3
 10
-61466.596680
 20
-990.435867
  0
POINT
  8
3
 10
-61456.372070
 20
-990.437469
  0
POINT
  8
3
 10
-61446.147461
 20
-990.439072
  0
POINT
  8
3
 10
-61435.917969
 20
-990.440598
  0
POINT
  8
3
 10
-61425.693359
 20
-990.442200
  0
POINT
  8
3
 10
-61415.258789
 20
-990.443802
  0
POINT
  8
3
 10
-61405.029297
 20
-990.445404
  0
POINT
  8
3
 10
-61394.804688
 20
-990.447006
  0
POINT
  8
3
 10
-61384.580078
 20
-990.448608
  0
POINT
  8
3
 10
-61374.355469
 20
-990.450134
  0
POINT
  8
3
 10
-61364.223633
 20
-990.451736
  0
POINT
  8
3
 10
-61353.999023
 20
-990.453339
  0
POINT
  8
3
 10
-61343.769531
 20
-990.454941
  0
POINT
  8
3
 10
-61333.544922
 20
-990.456543
  0
POINT
  8
3
 10
-61323.315430
 20
-990.458145
  0
POINT
  8
3
 10
-61313.291016
 20
-990.459671
  0
POINT
  8
3
 10
-61303.066406
 20
-990.461273
  0
POINT
  8
3
 10
-61292.836914
 20
-990.462875
  0
POINT
  8
3
 10
-61282.612305
 20
-990.464478
  0
POINT
  8
3
 10
-61272.387695
 20
-990.466003
  0
POINT
  8
3
 10
-61262.163086
 20
-990.467606
  0
POINT
  8
3
 10
-61252.036133
 20
-990.469208
  0
POINT
  8
3
 10
-61241.811523
 20
-990.470810
  0
POINT
  8
3
 10
-61231.586914
 20
-990.472412
  0
POINT
  8
3
 10
-61221.357422
 20
-990.474014
  0
POINT
  8
3
 10
-61211.132813
 20
-990.475540
  0
POINT
  8
3
 10
-61200.908203
 20
-990.477142
  0
POINT
  8
3
 10
-61190.483398
 20
-990.478821
  0
POINT
  8
3
 10
-61180.253906
 20
-990.480423
  0
POINT
  8
3
 10
-61170.029297
 20
-990.481949
  0
POINT
  8
3
 10
-61159.799805
 20
-990.483551
  0
POINT
  8
3
 10
-61149.575195
 20
-990.485153
  0
POINT
  8
3
 10
-61139.350586
 20
-990.486755
  0
POINT
  8
3
 10
-61128.930664
 20
-990.488358
  0
POINT
  8
3
 10
-61118.701172
 20
-990.489960
  0
POINT
  8
3
 10
-61108.476563
 20
-990.491562
  0
POINT
  8
3
 10
-61098.251953
 20
-990.493164
  0
POINT
  8
3
 10
-61088.022461
 20
-990.494766
  0
POINT
  8
3
 10
-61077.919922
 20
-990.496292
  0
POINT
  8
3
 10
-61067.695313
 20
-990.497894
  0
POINT
  8
3
 10
-61057.465820
 20
-990.499496
  0
POINT
  8
3
 10
-61047.241211
 20
-990.501099
  0
POINT
  8
3
 10
-61037.016602
 20
-990.502625
  0
POINT
  8
3
 10
-61026.787109
 20
-990.504227
  0
POINT
  8
3
 10
-61016.289063
 20
-990.505829
  0
POINT
  8
3
 10
-61006.064453
 20
-990.507431
  0
POINT
  8
3
 10
-60995.834961
 20
-990.509033
  0
POINT
  8
3
 10
-60985.610352
 20
-990.510635
  0
POINT
  8
3
 10
-60975.385742
 20
-990.512238
  0
POINT
  8
3
 10
-60965.307617
 20
-990.513840
  0
POINT
  8
3
 10
-60955.078125
 20
-990.515366
  0
POINT
  8
3
 10
-60944.853516
 20
-990.516968
  0
POINT
  8
3
 10
-60934.628906
 20
-990.518570
  0
POINT
  8
3
 10
-60924.399414
 20
-990.520172
  0
POINT
  8
3
 10
-60914.028320
 20
-990.521774
  0
POINT
  8
3
 10
-60903.803711
 20
-990.523376
  0
POINT
  8
3
 10
-60893.579102
 20
-990.524979
  0
POINT
  8
3
 10
-60883.349609
 20
-990.526505
  0
POINT
  8
3
 10
-60873.125000
 20
-990.528107
  0
POINT
  8
3
 10
-60862.773438
 20
-990.529709
  0
POINT
  8
3
 10
-60852.543945
 20
-990.531311
  0
POINT
  8
3
 10
-60842.319336
 20
-990.532913
  0
POINT
  8
3
 10
-60832.094727
 20
-990.534515
  0
POINT
  8
3
 10
-60822.065430
 20
-990.536118
  0
POINT
  8
3
 10
-60811.840820
 20
-990.537720
  0
POINT
  8
3
 10
-60801.616211
 20
-990.539246
  0
POINT
  8
3
 10
-60791.201172
 20
-990.540924
  0
POINT
  8
3
 10
-60780.976563
 20
-990.542526
  0
POINT
  8
3
 10
-60770.747070
 20
-990.544052
  0
POINT
  8
3
 10
-60760.522461
 20
-990.545654
  0
POINT
  8
3
 10
-60750.317383
 20
-990.547256
  0
POINT
  8
3
 10
-60740.053711
 20
-990.548859
  0
POINT
  8
3
 10
-60730.190430
 20
-990.550385
  0
POINT
  8
3
 10
-60723.603516
 20
-990.551376
  0
POINT
  8
3
 10
-60714.731445
 20
-1006.047821
  0
POINT
  8
3
 10
-60714.726563
 20
-1016.246643
  0
POINT
  8
3
 10
-60714.716797
 20
-1026.193619
  0
POINT
  8
3
 10
-60735.249023
 20
-1038.551178
  0
POINT
  8
3
 10
-60745.332031
 20
-1038.551178
  0
POINT
  8
3
 10
-60755.517578
 20
-1038.551178
  0
POINT
  8
3
 10
-60765.498047
 20
-1038.551178
  0
POLYLINE
  8
14
  66
1
  70
1
  0
VERTEX
  8
14
  10
-60775.712891
  20
-1033.551178
  0
VERTEX
  8
14
  10
-60786.043951
  20
-1033.551178
  0
VERTEX
  8
14
  10
-60796.371257
  20
-1033.551178
  0
VERTEX
  8
14
  10
-60806.419392
  20
-1033.551178
  0
VERTEX
  8
14
  10
-60816.555246
  20
-1033.551178
  0
VERTEX
  8
14
  10
-60826.780579
  20
-1033.551178
  0
VERTEX
  8
14
  10
-60836.893135
  20
-1033.551178
  0
VERTEX
  8
14
  10
-60847.118678
  20
-1033.551178
  0
VERTEX
  8
14
  10
-60857.344388
  20
-1033.551178
  0
VERTEX
  8
14
  10
-60867.535541
  20
-1033.551178
  0
VERTEX
  8
14
  10
-60877.761587
  20
-1033.551178
  0
VERTEX
  8
14
  10
-60887.987690
  20
-1033.551178
  0
VERTEX
  8
14
  10
-60898.183883
  20
-1033.551178
  0
VERTEX
  8
14
  10
-60908.409775
  20
-1033.551178
  0
VERTEX
  8
14
  10
-60918.635605
  20
-1033.551178
  0
VERTEX
  8
14
  10
-60928.831685
  20
-1033.551178
  0
VERTEX
  8
14
  10
-60939.057712
  20
-1033.551178
  0
VERTEX
  8
14
  10
-60949.283630
  20
-1033.551178
  0
VERTEX
  8
14
  10
-60959.479399
  20
-1033.551178
  0
VERTEX
  8
14
  10
-60969.704545
  20
-1033.551178
  0
VERTEX
  8
14
  10
-60979.929488
  20
-1033.551178
  0
VERTEX
  8
14
  10
-60990.119810
  20
-1033.551178
  0
VERTEX
  8
14
  10
-61000.345172
  20
-1033.551178
  0
VERTEX
  8
14
  10
-61010.570759
  20
-1033.551178
  0
VERTEX
  8
14
  10
-61020.576166
  20
-1033.551178
  0
VERTEX
  8
14
  10
-61030.801862
  20
-1033.551178
  0
VERTEX
  8
14
  10
-61041.027559
  20
-1033.551178
  0
VERTEX
  8
14
  10
-61051.228307
  20
-1033.551178
  0
VERTEX
  8
14
  10
-61061.454023
  20
-1033.551178
  0
VERTEX
  8
14
  10
-61071.679911
  20
-1033.551178
  0
VERTEX
  8
14
  10
-61081.871359
  20
-1033.551178
  0
VERTEX
  8
14
  10
-61092.097743
  20
-1033.551178
  0
VERTEX
  8
14
  10
-61102.324064
  20
-1033.551178
  0
VERTEX
  8
14
  10
-61112.520045
  20
-1033.551178
  0
VERTEX
  8
14
  10
-61122.745313
  20
-1033.551178
  0
VERTEX
  8
14
  10
-61132.970525
  20
-1033.551178
  0
VERTEX
  8
14
  10
-61143.161382
  20
-1033.551178
  0
VERTEX
  8
14
  10
-61153.387565
  20
-1033.551178
  0
VERTEX
  8
14
  10
-61163.613954
  20
-1033.551178
  0
VERTEX
  8
14
  10
-61173.810385
  20
-1033.551178
  0
VERTEX
  8
14
  10
-61184.036350
  20
-1033.551178
  0
VERTEX
  8
14
  10
-61194.261967
  20
-1033.551178
  0
VERTEX
  8
14
  10
-61204.435481
  20
-1033.551178
  0
VERTEX
  8
14
  10
-61214.434498
  20
-1033.551178
  0
VERTEX
  8
14
  10
-61223.657227
  20
-1033.551178
  0
VERTEX
  8
14
  10
-61234.065940
  20
-1033.551178
  0
VERTEX
  8
14
  10
-61244.126461
  20
-1033.551178
  0
VERTEX
  8
14
  10
-61254.170064
  20
-1033.551178
  0
VERTEX
  8
14
  10
-61264.469647
  20
-1033.551178
  0
VERTEX
  8
14
  10
-61274.685719
  20
-1033.551178
  0
VERTEX
  8
14
  10
-61284.598716
  20
-1033.551178
  0
VERTEX
  8
14
  10
-61295.144955
  20
-1033.551178
  0
VERTEX
  8
14
  10
-61305.361827
  20
-1033.551178
  0
VERTEX
  8
14
  10
-61315.595122
  20
-1033.551178
  0
VERTEX
  8
14
  10
-61325.811644
  20
-1033.551178
  0
VERTEX
  8
14
  10
-61336.028186
  20
-1033.551178
  0
VERTEX
  8
14
  10
-61346.261667
  20
-1033.551178
  0
VERTEX
  8
14
  10
-61356.479182
  20
-1033.551178
  0
VERTEX
  8
14
  10
-61366.696830
  20
-1033.551178
  0
VERTEX
  8
14
  10
-61376.935450
  20
-1033.551178
  0
VERTEX
  8
14
  10
-61387.151881
  20
-1033.551178
  0
VERTEX
  8
14
  10
-61397.367810
  20
-1033.551178
  0
VERTEX
  8
14
  10
-61407.617202
  20
-1033.551178
  0
VERTEX
  8
14
  10
-61417.833195
  20
-1033.551178
  0
VERTEX
  8
14
  10
-61428.049501
  20
-1033.551178
  0
VERTEX
  8
14
  10
-61438.168084
  20
-1033.551178
  0
VERTEX
  8
14
  10
-61448.385292
  20
-1033.551178
  0
VERTEX
  8
14
  10
-61458.602589
  20
-1033.551178
  0
VERTEX
  8
14
  10
-61468.836179
  20
-1033.551178
  0
VERTEX
  8
14
  10
-61479.052726
  20
-1033.551178
  0
VERTEX
  8
14
  10
-61489.268891
  20
-1033.551178
  0
VERTEX
  8
14
  10
-61499.525709
  20
-1033.551178
  0
VERTEX
  8
14
  10
-61509.741506
  20
-1033.551178
  0
VERTEX
  8
14
  10
-61519.957508
  20
-1033.551178
  0
VERTEX
  8
14
  10
-61529.973288
  20
-1033.551178
  0
VERTEX
  8
14
  10
-61540.190383
  20
-1033.551178
  0
VERTEX
  8
14
  10
-61550.407863
  20
-1033.551178
  0
VERTEX
  8
14
  10
-61560.602794
  20
-1033.551178
  0
VERTEX
  8
14
  10
-61570.820145
  20
-1033.551178
  0
VERTEX
  8
14
  10
-61581.037273
  20
-1033.551178
  0
VERTEX
  8
14
  10
-61591.304954
  20
-1033.551178
  0
VERTEX
  8
14
  10
-61601.521692
  20
-1033.551178
  0
VERTEX
  8
14
  10
-61611.738209
  20
-1033.551178
  0
VERTEX
  8
14
  10
-61621.758541
  20
-1033.551178
  0
VERTEX
  8
14
  10
-61631.974481
  20
-1033.551178
  0
VERTEX
  8
14
  10
-61642.190519
  20
-1033.551178
  0
VERTEX
  8
14
  10
-61652.210494
  20
-1033.551178
  0
VERTEX
  8
14
  10
-61662.276765
  20
-1033.551178
  0
VERTEX
  8
14
  10
-61671.601563
  20
-1033.551178
  0
VERTEX
  8
14
  10
-61671.601563
  20
-1022.585636
  0
VERTEX
  8
14
  10
-61671.601563
  20
-1012.098870
  0
VERTEX
  8
14
  10
-61671.601563
  20
-1001.817608
  0
VERTEX
  8
14
  10
-61671.601563
  20
-995.403976
  0
VERTEX
  8
14
  10
-61661.080680
  20
-995.405613
  0
VERTEX
  8
14
  10
-61650.913680
  20
-995.407193
  0
VERTEX
  8
14
  10
-61640.418507
  20
-995.408822
  0
VERTEX
  8
14
  10
-61630.508328
  20
-995.410359
  0
VERTEX
  8
14
  10
-61619.770215
  20
-995.412022
  0
VERTEX
  8
14
  10
-61609.543383
  20
-995.413605
  0
VERTEX
  8
14
  10
-61599.435203
  20
-995.415172
  0
VERTEX
  8
14
  10
-61589.208883
  20
-995.416759
  0
VERTEX
  8
14
  10
-61578.982751
  20
-995.418348
  0
VERTEX
  8
14
  10
-61568.756623
  20
-995.419940
  0
VERTEX
  8
14
  10
-61558.742729
  20
-995.421500
  0
VERTEX
  8
14
  10
-61548.516274
  20
-995.423094
  0
VERTEX
  8
14
  10
-61538.289674
  20
-995.424689
  0
VERTEX
  8
14
  10
-61528.063018
  20
-995.426285
  0
VERTEX
  8
14
  10
-61517.940057
  20
-995.427864
  0
VERTEX
  8
14
  10
-61507.713387
  20
-995.429459
  0
VERTEX
  8
14
  10
-61497.486749
  20
-995.431054
  0
VERTEX
  8
14
  10
-61487.260137
  20
-995.432648
  0
VERTEX
  8
14
  10
-61477.033603
  20
-995.434242
  0
VERTEX
  8
14
  10
-61466.599677
  20
-995.435866
  0
VERTEX
  8
14
  10
-61456.373289
  20
-995.437456
  0
VERTEX
  8
14
  10
-61446.146971
  20
-995.439046
  0
VERTEX
  8
14
  10
-61435.920699
  20
-995.440633
  0
VERTEX
  8
14
  10
-61425.694511
  20
-995.442219
  0
VERTEX
  8
14
  10
-61415.258478
  20
-995.443835
  0
VERTEX
  8
14
  10
-61405.032373
  20
-995.445418
  0
VERTEX
  8
14
  10
-61394.806264
  20
-995.447001
  0
VERTEX
  8
14
  10
-61384.580117
  20
-995.448585
  0
VERTEX
  8
14
  10
-61374.353881
  20
-995.450170
  0
VERTEX
  8
14
  10
-61364.223965
  20
-995.451742
  0
VERTEX
  8
14
  10
-61353.997586
  20
-995.453332
  0
VERTEX
  8
14
  10
-61343.771124
  20
-995.454923
  0
VERTEX
  8
14
  10
-61333.544693
  20
-995.456515
  0
VERTEX
  8
14
  10
-61323.318257
  20
-995.458107
  0
VERTEX
  8
14
  10
-61313.292087
  20
-995.459668
  0
VERTEX
  8
14
  10
-61303.065818
  20
-995.461260
  0
VERTEX
  8
14
  10
-61292.839680
  20
-995.462851
  0
VERTEX
  8
14
  10
-61282.613587
  20
-995.464442
  0
VERTEX
  8
14
  10
-61272.387605
  20
-995.466032
  0
VERTEX
  8
14
  10
-61262.161649
  20
-995.467624
  0
VERTEX
  8
14
  10
-61252.037137
  20
-995.469200
  0
VERTEX
  8
14
  10
-61241.811309
  20
-995.470792
  0
VERTEX
  8
14
  10
-61231.585455
  20
-995.472385
  0
VERTEX
  8
14
  10
-61221.359587
  20
-995.473979
  0
VERTEX
  8
14
  10
-61211.133718
  20
-995.475573
  0
VERTEX
  8
14
  10
-61200.907747
  20
-995.477167
  0
VERTEX
  8
14
  10
-61190.481762
  20
-995.478793
  0
VERTEX
  8
14
  10
-61180.255602
  20
-995.480387
  0
VERTEX
  8
14
  10
-61170.029342
  20
-995.481981
  0
VERTEX
  8
14
  10
-61159.803021
  20
-995.483575
  0
VERTEX
  8
14
  10
-61149.576563
  20
-995.485168
  0
VERTEX
  8
14
  10
-61139.350043
  20
-995.486761
  0
VERTEX
  8
14
  10
-61128.930816
  20
-995.488383
  0
VERTEX
  8
14
  10
-61118.704132
  20
-995.489974
  0
VERTEX
  8
14
  10
-61108.477380
  20
-995.491564
  0
VERTEX
  8
14
  10
-61098.250632
  20
-995.493153
  0
VERTEX
  8
14
  10
-61088.023962
  20
-995.494740
  0
VERTEX
  8
14
  10
-61077.920931
  20
-995.496307
  0
VERTEX
  8
14
  10
-61067.694437
  20
-995.497892
  0
VERTEX
  8
14
  10
-61057.468011
  20
-995.499476
  0
VERTEX
  8
14
  10
-61047.241730
  20
-995.501061
  0
VERTEX
  8
14
  10
-61037.015559
  20
-995.502646
  0
VERTEX
  8
14
  10
-61026.789423
  20
-995.504233
  0
VERTEX
  8
14
  10
-61016.289359
  20
-995.505865
  0
VERTEX
  8
14
  10
-61006.063474
  20
-995.507457
  0
VERTEX
  8
14
  10
-60995.837583
  20
-995.509050
  0
VERTEX
  8
14
  10
-60985.611541
  20
-995.510644
  0
VERTEX
  8
14
  10
-60975.385432
  20
-995.512238
  0
VERTEX
  8
14
  10
-60965.307353
  20
-995.513808
  0
VERTEX
  8
14
  10
-60955.080827
  20
-995.515401
  0
VERTEX
  8
14
  10
-60944.854165
  20
-995.516993
  0
VERTEX
  8
14
  10
-60934.627368
  20
-995.518583
  0
VERTEX
  8
14
  10
-60924.400667
  20
-995.520171
  0
VERTEX
  8
14
  10
-60914.030780
  20
-995.521779
  0
VERTEX
  8
14
  10
-60903.804298
  20
-995.523364
  0
VERTEX
  8
14
  10
-60893.577909
  20
-995.524949
  0
VERTEX
  8
14
  10
-60883.351507
  20
-995.526535
  0
VERTEX
  8
14
  10
-60873.125213
  20
-995.528124
  0
VERTEX
  8
14
  10
-60862.772888
  20
-995.529736
  0
VERTEX
  8
14
  10
-60852.546600
  20
-995.531332
  0
VERTEX
  8
14
  10
-60842.320313
  20
-995.532928
  0
VERTEX
  8
14
  10
-60832.093949
  20
-995.534525
  0
VERTEX
  8
14
  10
-60822.067707
  20
-995.536088
  0
VERTEX
  8
14
  10
-60811.841449
  20
-995.537682
  0
VERTEX
  8
14
  10
-60801.615172
  20
-995.539275
  0
VERTEX
  8
14
  10
-60791.201229
  20
-995.540897
  0
VERTEX
  8
14
  10
-60780.975206
  20
-995.542491
  0
VERTEX
  8
14
  10
-60770.749223
  20
-995.544084
  0
VERTEX
  8
14
  10
-60760.523152
  20
-995.545675
  0
VERTEX
  8
14
  10
-60750.320239
  20
-995.547260
  0
VERTEX
  8
14
  10
-60740.052769
  20
-995.548853
  0
VERTEX
  8
14
  10
-60730.189266
  20
-995.550381
  0
VERTEX
  8
14
  10
-60724.741211
  20
-995.551224
  0
VERTEX
  8
14
  10
-60724.733112
  20
-1006.055541
  0
VERTEX
  8
14
  10
-60724.725249
  20
-1016.254374
  0
VERTEX
  8
14
  10
-60724.717581
  20
-1026.201349
  0
VERTEX
  8
14
  10
-60724.711914
  20
-1033.551178
  0
VERTEX
  8
14
  10
-60735.247373
  20
-1033.551178
  0
VERTEX
  8
14
  10
-60745.330366
  20
-1033.551178
  0
VERTEX
  8
14
  10
-60755.515342
  20
-1033.551178
  0
VERTEX
  8
14
  10
-60765.495976
  20
-1033.551178
  0
SEQEND
  8
14
  0
POINT
  8
2
 10
-60775.712891
 20
-1033.551178
  0
TEXT
  8
2
 10
-60775.712891
 20
-1033.551178
 40
0.000000
 50
0.000000
  1
# 592
  0
POINT
  8
2
 10
-61223.657227
 20
-1033.551178
  0
TEXT
  8
2
 10
-61223.657227
 20
-1033.551178
 40
0.000000
 50
0.000000
  1
# 593
  0
POINT
  8
2
 10
-61671.601563
 20
-1033.551178
  0
TEXT
  8
2
 10
-61671.601563
 20
-1033.551178
 40
0.000000
 50
0.000000
  1
# 594
  0
POINT
  8
2
 10
-61671.601563
 20
-995.403976
  0
TEXT
  8
2
 10
-61671.601563
 20
-995.403976
 40
0.000000
 50
0.000000
  1
# 595
  0
POINT
  8
2
 10
-60724.741211
 20
-995.551224
  0
TEXT
  8
2
 10
-60724.741211
 20
-995.551224
 40
0.000000
 50
0.000000
  1
# 596
  0
POINT
  8
2
 10
-60724.711914
 20
-1033.551178
  0
TEXT
  8
2
 10
-60724.711914
 20
-1033.551178
 40
0.000000
 50
0.000000
  1
# 597
  0
POINT
  8
3
 10
-60786.043951
 20
-1033.551178
  0
POINT
  8
3
 10
-60796.371257
 20
-1033.551178
  0
POINT
  8
3
 10
-60806.419392
 20
-1033.551178
  0
POINT
  8
3
 10
-60816.555246
 20
-1033.551178
  0
POINT
  8
3
 10
-60826.780579
 20
-1033.551178
  0
POINT
  8
3
 10
-60836.893135
 20
-1033.551178
  0
POINT
  8
3
 10
-60847.118678
 20
-1033.551178
  0
POINT
  8
3
 10
-60857.344388
 20
-1033.551178
  0
POINT
  8
3
 10
-60867.535541
 20
-1033.551178
  0
POINT
  8
3
 10
-60877.761587
 20
-1033.551178
  0
POINT
  8
3
 10
-60887.987690
 20
-1033.551178
  0
POINT
  8
3
 10
-60898.183883
 20
-1033.551178
  0
POINT
  8
3
 10
-60908.409775
 20
-1033.551178
  0
POINT
  8
3
 10
-60918.635605
 20
-1033.551178
  0
POINT
  8
3
 10
-60928.831685
 20
-1033.551178
  0
POINT
  8
3
 10
-60939.057712
 20
-1033.551178
  0
POINT
  8
3
 10
-60949.283630
 20
-1033.551178
  0
POINT
  8
3
 10
-60959.479399
 20
-1033.551178
  0
POINT
  8
3
 10
-60969.704545
 20
-1033.551178
  0
POINT
  8
3
 10
-60979.929488
 20
-1033.551178
  0
POINT
  8
3
 10
-60990.119810
 20
-1033.551178
  0
POINT
  8
3
 10
-61000.345172
 20
-1033.551178
  0
POINT
  8
3
 10
-61010.570759
 20
-1033.551178
  0
POINT
  8
3
 10
-61020.576166
 20
-1033.551178
  0
POINT
  8
3
 10
-61030.801862
 20
-1033.551178
  0
POINT
  8
3
 10
-61041.027559
 20
-1033.551178
  0
POINT
  8
3
 10
-61051.228307
 20
-1033.551178
  0
POINT
  8
3
 10
-61061.454023
 20
-1033.551178
  0
POINT
  8
3
 10
-61071.679911
 20
-1033.551178
  0
POINT
  8
3
 10
-61081.871359
 20
-1033.551178
  0
POINT
  8
3
 10
-61092.097743
 20
-1033.551178
  0
POINT
  8
3
 10
-61102.324064
 20
-1033.551178
  0
POINT
  8
3
 10
-61112.520045
 20
-1033.551178
  0
POINT
  8
3
 10
-61122.745313
 20
-1033.551178
  0
POINT
  8
3
 10
-61132.970525
 20
-1033.551178
  0
POINT
  8
3
 10
-61143.161382
 20
-1033.551178
  0
POINT
  8
3
 10
-61153.387565
 20
-1033.551178
  0
POINT
  8
3
 10
-61163.613954
 20
-1033.551178
  0
POINT
  8
3
 10
-61173.810385
 20
-1033.551178
  0
POINT
  8
3
 10
-61184.036350
 20
-1033.551178
  0
POINT
  8
3
 10
-61194.261967
 20
-1033.551178
  0
POINT
  8
3
 10
-61204.435481
 20
-1033.551178
  0
POINT
  8
3
 10
-61214.434498
 20
-1033.551178
  0
POINT
  8
3
 10
-61234.065940
 20
-1033.551178
  0
POINT
  8
3
 10
-61244.126461
 20
-1033.551178
  0
POINT
  8
3
 10
-61254.170064
 20
-1033.551178
  0
POINT
  8
3
 10
-61264.469647
 20
-1033.551178
  0
POINT
  8
3
 10
-61274.685719
 20
-1033.551178
  0
POINT
  8
3
 10
-61284.598716
 20
-1033.551178
  0
POINT
  8
3
 10
-61295.144955
 20
-1033.551178
  0
POINT
  8
3
 10
-61305.361827
 20
-1033.551178
  0
POINT
  8
3
 10
-61315.595122
 20
-1033.551178
  0
POINT
  8
3
 10
-61325.811644
 20
-1033.551178
  0
POINT
  8
3
 10
-61336.028186
 20
-1033.551178
  0
POINT
  8
3
 10
-61346.261667
 20
-1033.551178
  0
POINT
  8
3
 10
-61356.479182
 20
-1033.551178
  0
POINT
  8
3
 10
-61366.696830
 20
-1033.551178
  0
POINT
  8
3
 10
-61376.935450
 20
-1033.551178
  0
POINT
  8
3
 10
-61387.151881
 20
-1033.551178
  0
POINT
  8
3
 10
-61397.367810
 20
-1033.551178
  0
POINT
  8
3
 10
-61407.617202
 20
-1033.551178
  0
POINT
  8
3
 10
-61417.833195
 20
-1033.551178
  0
POINT
  8
3
 10
-61428.049501
 20
-1033.551178
  0
POINT
  8
3
 10
-61438.168084
 20
-1033.551178
  0
POINT
  8
3
 10
-61448.385292
 20
-1033.551178
  0
POINT
  8
3
 10
-61458.602589
 20
-1033.551178
  0
POINT
  8
3
 10
-61468.836179
 20
-1033.551178
  0
POINT
  8
3
 10
-61479.052726
 20
-1033.551178
  0
POINT
  8
3
 10
-61489.268891
 20
-1033.551178
  0
POINT
  8
3
 10
-61499.525709
 20
-1033.551178
  0
POINT
  8
3
 10
-61509.741506
 20
-1033.551178
  0
POINT
  8
3
 10
-61519.957508
 20
-1033.551178
  0
POINT
  8
3
 10
-61529.973288
 20
-1033.551178
  0
POINT
  8
3
 10
-61540.190383
 20
-1033.551178
  0
POINT
  8
3
 10
-61550.407863
 20
-1033.551178
  0
POINT
  8
3
 10
-61560.602794
 20
-1033.551178
  0
POINT
  8
3
 10
-61570.820145
 20
-1033.551178
  0
POINT
  8
3
 10
-61581.037273
 20
-1033.551178
  0
POINT
  8
3
 10
-61591.304954
 20
-1033.551178
  0
POINT
  8
3
 10
-61601.521692
 20
-1033.551178
  0
POINT
  8
3
 10
-61611.738209
 20
-1033.551178
  0
POINT
  8
3
 10
-61621.758541
 20
-1033.551178
  0
POINT
  8
3
 10
-61631.974481
 20
-1033.551178
  0
POINT
  8
3
 10
-61642.190519
 20
-1033.551178
  0
POINT
  8
3
 10
-61652.210494
 20
-1033.551178
  0
POINT
  8
3
 10
-61662.276765
 20
-1033.551178
  0
POINT
  8
3
 10
-61671.601563
 20
-1022.585636
  0
POINT
  8
3
 10
-61671.601563
 20
-1012.098870
  0
POINT
  8
3
 10
-61671.601563
 20
-1001.817608
  0
POINT
  8
3
 10
-61661.080680
 20
-995.405613
  0
POINT
  8
3
 10
-61650.913680
 20
-995.407193
  0
POINT
  8
3
 10
-61640.418507
 20
-995.408822
  0
POINT
  8
3
 10
-61630.508328
 20
-995.410359
  0
POINT
  8
3
 10
-61619.770215
 20
-995.412022
  0
POINT
  8
3
 10
-61609.543383
 20
-995.413605
  0
POINT
  8
3
 10
-61599.435203
 20
-995.415172
  0
POINT
  8
3
 10
-61589.208883
 20
-995.416759
  0
POINT
  8
3
 10
-61578.982751
 20
-995.418348
  0
POINT
  8
3
 10
-61568.756623
 20
-995.419940
  0
POINT
  8
3
 10
-61558.742729
 20
-995.421500
  0
POINT
  8
3
 10
-61548.516274
 20
-995.423094
  0
POINT
  8
3
 10
-61538.289674
 20
-995.424689
  0
POINT
  8
3
 10
-61528.063018
 20
-995.426285
  0
POINT
  8
3
 10
-61517.940057
 20
-995.427864
  0
POINT
  8
3
 10
-61507.713387
 20
-995.429459
  0
POINT
  8
3
 10
-61497.486749
 20
-995.431054
  0
POINT
  8
3
 10
-61487.260137
 20
-995.432648
  0
POINT
  8
3
 10
-61477.033603
 20
-995.434242
  0
POINT
  8
3
 10
-61466.599677
 20
-995.435866
  0
POINT
  8
3
 10
-61456.373289
 20
-995.437456
  0
POINT
  8
3
 10
-61446.146971
 20
-995.439046
  0
POINT
  8
3
 10
-61435.920699
 20
-995.440633
  0
POINT
  8
3
 10
-61425.694511
 20
-995.442219
  0
POINT
  8
3
 10
-61415.258478
 20
-995.443835
  0
POINT
  8
3
 10
-61405.032373
 20
-995.445418
  0
POINT
  8
3
 10
-61394.806264
 20
-995.447001
  0
POINT
  8
3
 10
-61384.580117
 20
-995.448585
  0
POINT
  8
3
 10
-61374.353881
 20
-995.450170
  0
POINT
  8
3
 10
-61364.223965
 20
-995.451742
  0
POINT
  8
3
 10
-61353.997586
 20
-995.453332
  0
POINT
  8
3
 10
-61343.771124
 20
-995.454923
  0
POINT
  8
3
 10
-61333.544693
 20
-995.456515
  0
POINT
  8
3
 10
-61323.318257
 20
-995.458107
  0
POINT
  8
3
 10
-61313.292087
 20
-995.459668
  0
POINT
  8
3
 10
-61303.065818
 20
-995.461260
  0
POINT
  8
3
 10
-61292.839680
 20
-995.462851
  0
POINT
  8
3
 10
-61282.613587
 20
-995.464442
  0
POINT
  8
3
 10
-61272.387605
 20
-995.466032
  0
POINT
  8
3
 10
-61262.161649
 20
-995.467624
  0
POINT
  8
3
 10
-61252.037137
 20
-995.469200
  0
POINT
  8
3
 10
-61241.811309
 20
-995.470792
  0
POINT
  8
3
 10
-61231.585455
 20
-995.472385
  0
POINT
  8
3
 10
-61221.359587
 20
-995.473979
  0
POINT
  8
3
 10
-61211.133718
 20
-995.475573
  0
POINT
  8
3
 10
-61200.907747
 20
-995.477167
  0
POINT
  8
3
 10
-61190.481762
 20
-995.478793
  0
POINT
  8
3
 10
-61180.255602
 20
-995.480387
  0
POINT
  8
3
 10
-61170.029342
 20
-995.481981
  0
POINT
  8
3
 10
-61159.803021
 20
-995.483575
  0
POINT
  8
3
 10
-61149.576563
 20
-995.485168
  0
POINT
  8
3
 10
-61139.350043
 20
-995.486761
  0
POINT
  8
3
 10
-61128.930816
 20
-995.488383
  0
POINT
  8
3
 10
-61118.704132
 20
-995.489974
  0
POINT
  8
3
 10
-61108.477380
 20
-995.491564
  0
POINT
  8
3
 10
-61098.250632
 20
-995.493153
  0
POINT
  8
3
 10
-61088.023962
 20
-995.494740
  0
POINT
  8
3
 10
-61077.920931
 20
-995.496307
  0
POINT
  8
3
 10
-61067.694437
 20
-995.497892
  0
POINT
  8
3
 10
-61057.468011
 20
-995.499476
  0
POINT
  8
3
 10
-61047.241730
 20
-995.501061
  0
POINT
  8
3
 10
-61037.015559
 20
-995.502646
  0
POINT
  8
3
 10
-61026.789423
 20
-995.504233
  0
POINT
  8
3
 10
-61016.289359
 20
-995.505865
  0
POINT
  8
3
 10
-61006.063474
 20
-995.507457
  0
POINT
  8
3
 10
-60995.837583
 20
-995.509050
  0
POINT
  8
3
 10
-60985.611541
 20
-995.510644
  0
POINT
  8
3
 10
-60975.385432
 20
-995.512238
  0
POINT
  8
3
 10
-60965.307353
 20
-995.513808
  0
POINT
  8
3
 10
-60955.080827
 20
-995.515401
  0
POINT
  8
3
 10
-60944.854165
 20
-995.516993
  0
POINT
  8
3
 10
-60934.627368
 20
-995.518583
  0
POINT
  8
3
 10
-60924.400667
 20
-995.520171
  0
POINT
  8
3
 10
-60914.030780
 20
-995.521779
  0
POINT
  8
3
 10
-60903.804298
 20
-995.523364
  0
POINT
  8
3
 10
-60893.577909
 20
-995.524949
  0
POINT
  8
3
 10
-60883.351507
 20
-995.526535
  0
POINT
  8
3
 10
-60873.125213
 20
-995.528124
  0
POINT
  8
3
 10
-60862.772888
 20
-995.529736
  0
POINT
  8
3
 10
-60852.546600
 20
-995.531332
  0
POINT
  8
3
 10
-60842.320313
 20
-995.532928
  0
POINT
  8
3
 10
-60832.093949
 20
-995.534525
  0
POINT
  8
3
 10
-60822.067707
 20
-995.536088
  0
POINT
  8
3
 10
-60811.841449
 20
-995.537682
  0
POINT
  8
3
 10
-60801.615172
 20
-995.539275
  0
POINT
  8
3
 10
-60791.201229
 20
-995.540897
  0
POINT
  8
3
 10
-60780.975206
 20
-995.542491
  0
POINT
  8
3
 10
-60770.749223
 20
-995.544084
  0
POINT
  8
3
 10
-60760.523152
 20
-995.545675
  0
POINT
  8
3
 10
-60750.320239
 20
-995.547260
  0
POINT
  8
3
 10
-60740.052769
 20
-995.548853
  0
POINT
  8
3
 10
-60730.189266
 20
-995.550381
  0
POINT
  8
3
 10
-60724.733112
 20
-1006.055541
  0
POINT
  8
3
 10
-60724.725249
 20
-1016.254374
  0
POINT
  8
3
 10
-60724.717581
 20
-1026.201349
  0
POINT
  8
3
 10
-60735.247373
 20
-1033.551178
  0
POINT
  8
3
 10
-60745.330366
 20
-1033.551178
  0
POINT
  8
3
 10
-60755.515342
 20
-1033.551178
  0
POINT
  8
3
 10
-60765.495976
 20
-1033.551178
  0
POLYLINE
  8
8
  66
1
  70
0
  0
VERTEX
  8
8
  10
-61223.657227
  20
-1033.551178
  0
VERTEX
  8
8
  10
-61223.657227
  20
-995.473633
  0
SEQEND
  8
8
  0
POINT
  8
2
 10
-61223.657227
 20
-1033.551178
  0
TEXT
  8
2
 10
-61223.657227
 20
-1033.551178
 40
0.000000
 50
0.000000
  1
# 598
  0
POINT
  8
2
 10
-61223.657227
 20
-995.473633
  0
TEXT
  8
2
 10
-61223.657227
 20
-995.473633
 40
0.000000
 50
0.000000
  1
# 599
 0
LINE
 8
7
 10
-61553.530273
 20
-1009.946594
 11
-60904.316406
 21
-1009.946594
  0
TEXT
  8
1
 10
-61198.154297
 20
-1014.476814
 40
10.000000
 50
0.000000
  1
Piece Name: 26SMC-WP115M 展_腰_175/84
  0
TEXT
  8
1
 10
-61198.154297
 20
-999.476814
 40
10.000000
 50
0.000000
  1
Size: 175/84
  0
TEXT
  8
1
 10
-61198.154297
 20
-984.476814
 40
10.000000
 50
0.000000
  1
Annotation: 
  0
TEXT
  8
1
 10
-61198.154297
 20
-969.476814
 40
10.000000
 50
0.000000
  1
Quantity: 1
  0
TEXT
  8
1
 10
-61198.154297
 20
-954.476814
 40
10.000000
 50
0.000000
  1
Material: 衬 
  0
TEXT
  8
1
 10
-61198.154297
 20
-954.476814
 40
10.000000
 50
0.000000
  1
Category: 23
0
ENDBLK
0
BLOCK
  8
1
  2
26SMC-WP115M 展_前袋贴_175/84
 70
0
 10
0.0
 20
0.0
  0
POLYLINE
  8
1
  66
1
  70
1
  0
VERTEX
  8
1
  10
-58834.384766
  20
-1124.841232
  0
VERTEX
  8
1
  10
-58776.948242
  20
-1291.448059
  0
VERTEX
  8
1
  10
-58777.138672
  20
-1303.442993
  0
VERTEX
  8
1
  10
-58777.363281
  20
-1313.045959
  0
VERTEX
  8
1
  10
-58777.675781
  20
-1323.090363
  0
VERTEX
  8
1
  10
-58778.256836
  20
-1339.607697
  0
VERTEX
  8
1
  10
-58788.676758
  20
-1335.180664
  0
VERTEX
  8
1
  10
-58793.564453
  20
-1333.138885
  0
VERTEX
  8
1
  10
-58795.703125
  20
-1332.171021
  0
VERTEX
  8
1
  10
-58797.827148
  20
-1331.106110
  0
VERTEX
  8
1
  10
-58799.941406
  20
-1329.936218
  0
VERTEX
  8
1
  10
-58801.933594
  20
-1328.716888
  0
VERTEX
  8
1
  10
-58803.994141
  20
-1327.314911
  0
VERTEX
  8
1
  10
-58805.825195
  20
-1325.923615
  0
VERTEX
  8
1
  10
-58807.397461
  20
-1324.595795
  0
VERTEX
  8
1
  10
-58808.896484
  20
-1323.180237
  0
VERTEX
  8
1
  10
-58810.346680
  20
-1321.642456
  0
VERTEX
  8
1
  10
-58811.870117
  20
-1319.822998
  0
VERTEX
  8
1
  10
-58813.237305
  20
-1318.001556
  0
VERTEX
  8
1
  10
-58814.614258
  20
-1315.948029
  0
VERTEX
  8
1
  10
-58815.957031
  20
-1313.713837
  0
VERTEX
  8
1
  10
-58817.211914
  20
-1311.380463
  0
VERTEX
  8
1
  10
-58818.325195
  20
-1309.069366
  0
VERTEX
  8
1
  10
-58819.301758
  20
-1306.798706
  0
VERTEX
  8
1
  10
-58819.907227
  20
-1305.193176
  0
VERTEX
  8
1
  10
-58820.126953
  20
-1304.615936
  0
VERTEX
  8
1
  10
-58879.814453
  20
-1131.487427
  0
VERTEX
  8
1
  10
-58857.729492
  20
-1128.392487
  0
VERTEX
  8
1
  10
-58848.481445
  20
-1127.018967
  0
SEQEND
  8
1
  0
POINT
  8
2
 10
-58834.384766
 20
-1124.841232
  0
TEXT
  8
2
 10
-58834.384766
 20
-1124.841232
 40
0.000000
 50
0.000000
  1
# 600
  0
POINT
  8
2
 10
-58776.948242
 20
-1291.448059
  0
TEXT
  8
2
 10
-58776.948242
 20
-1291.448059
 40
0.000000
 50
0.000000
  1
# 601
  0
POINT
  8
2
 10
-58778.256836
 20
-1339.607697
  0
TEXT
  8
2
 10
-58778.256836
 20
-1339.607697
 40
0.000000
 50
0.000000
  1
# 602
  0
POINT
  8
2
 10
-58820.126953
 20
-1304.615936
  0
TEXT
  8
2
 10
-58820.126953
 20
-1304.615936
 40
0.000000
 50
0.000000
  1
# 603
  0
POINT
  8
2
 10
-58879.814453
 20
-1131.487427
  0
TEXT
  8
2
 10
-58879.814453
 20
-1131.487427
 40
0.000000
 50
0.000000
  1
# 604
  0
POINT
  8
3
 10
-58777.138672
 20
-1303.442993
  0
POINT
  8
3
 10
-58777.363281
 20
-1313.045959
  0
POINT
  8
3
 10
-58777.675781
 20
-1323.090363
  0
POINT
  8
3
 10
-58788.676758
 20
-1335.180664
  0
POINT
  8
3
 10
-58793.564453
 20
-1333.138885
  0
POINT
  8
3
 10
-58795.703125
 20
-1332.171021
  0
POINT
  8
3
 10
-58797.827148
 20
-1331.106110
  0
POINT
  8
3
 10
-58799.941406
 20
-1329.936218
  0
POINT
  8
3
 10
-58801.933594
 20
-1328.716888
  0
POINT
  8
3
 10
-58803.994141
 20
-1327.314911
  0
POINT
  8
3
 10
-58805.825195
 20
-1325.923615
  0
POINT
  8
3
 10
-58807.397461
 20
-1324.595795
  0
POINT
  8
3
 10
-58808.896484
 20
-1323.180237
  0
POINT
  8
3
 10
-58810.346680
 20
-1321.642456
  0
POINT
  8
3
 10
-58811.870117
 20
-1319.822998
  0
POINT
  8
3
 10
-58813.237305
 20
-1318.001556
  0
POINT
  8
3
 10
-58814.614258
 20
-1315.948029
  0
POINT
  8
3
 10
-58815.957031
 20
-1313.713837
  0
POINT
  8
3
 10
-58817.211914
 20
-1311.380463
  0
POINT
  8
3
 10
-58818.325195
 20
-1309.069366
  0
POINT
  8
3
 10
-58819.301758
 20
-1306.798706
  0
POINT
  8
3
 10
-58819.907227
 20
-1305.193176
  0
POINT
  8
3
 10
-58857.729492
 20
-1128.392487
  0
POINT
  8
3
 10
-58848.481445
 20
-1127.018967
  0
POLYLINE
  8
14
  66
1
  70
1
  0
VERTEX
  8
14
  10
-58841.108398
  20
-1136.023178
  0
VERTEX
  8
14
  10
-58786.972656
  20
-1292.978363
  0
VERTEX
  8
14
  10
-58787.136274
  20
-1303.249614
  0
VERTEX
  8
14
  10
-58787.359345
  20
-1312.768723
  0
VERTEX
  8
14
  10
-58787.670458
  20
-1322.746272
  0
VERTEX
  8
14
  10
-58787.744141
  20
-1324.697113
  0
VERTEX
  8
14
  10
-58789.629608
  20
-1323.946520
  0
VERTEX
  8
14
  10
-58791.402536
  20
-1323.144141
  0
VERTEX
  8
14
  10
-58793.168540
  20
-1322.258733
  0
VERTEX
  8
14
  10
-58794.908005
  20
-1321.295161
  0
VERTEX
  8
14
  10
-58796.522120
  20
-1320.307302
  0
VERTEX
  8
14
  10
-58798.155354
  20
-1319.196891
  0
VERTEX
  8
14
  10
-58799.566295
  20
-1318.125561
  0
VERTEX
  8
14
  10
-58800.739264
  20
-1317.133748
  0
VERTEX
  8
14
  10
-58801.824079
  20
-1316.110012
  0
VERTEX
  8
14
  10
-58802.880411
  20
-1314.989727
  0
VERTEX
  8
14
  10
-58804.027319
  20
-1313.621856
  0
VERTEX
  8
14
  10
-58805.082495
  20
-1312.212453
  0
VERTEX
  8
14
  10
-58806.176531
  20
-1310.583195
  0
VERTEX
  8
14
  10
-58807.265287
  20
-1308.771674
  0
VERTEX
  8
14
  10
-58808.299493
  20
-1306.848299
  0
VERTEX
  8
14
  10
-58809.224880
  20
-1304.926223
  0
VERTEX
  8
14
  10
-58810.033631
  20
-1303.046200
  0
VERTEX
  8
14
  10
-58810.737305
  20
-1301.168976
  0
VERTEX
  8
14
  10
-58866.406250
  20
-1139.706268
  0
VERTEX
  8
14
  10
-58856.303015
  20
-1138.290436
  0
VERTEX
  8
14
  10
-58846.972016
  20
-1136.904739
  0
SEQEND
  8
14
  0
POINT
  8
2
 10
-58841.108398
 20
-1136.023178
  0
TEXT
  8
2
 10
-58841.108398
 20
-1136.023178
 40
0.000000
 50
0.000000
  1
# 605
  0
POINT
  8
2
 10
-58786.972656
 20
-1292.978363
  0
TEXT
  8
2
 10
-58786.972656
 20
-1292.978363
 40
0.000000
 50
0.000000
  1
# 606
  0
POINT
  8
2
 10
-58787.744141
 20
-1324.697113
  0
TEXT
  8
2
 10
-58787.744141
 20
-1324.697113
 40
0.000000
 50
0.000000
  1
# 607
  0
POINT
  8
2
 10
-58810.737305
 20
-1301.168976
  0
TEXT
  8
2
 10
-58810.737305
 20
-1301.168976
 40
0.000000
 50
0.000000
  1
# 608
  0
POINT
  8
2
 10
-58866.406250
 20
-1139.706268
  0
TEXT
  8
2
 10
-58866.406250
 20
-1139.706268
 40
0.000000
 50
0.000000
  1
# 609
  0
POINT
  8
3
 10
-58787.136274
 20
-1303.249614
  0
POINT
  8
3
 10
-58787.359345
 20
-1312.768723
  0
POINT
  8
3
 10
-58787.670458
 20
-1322.746272
  0
POINT
  8
3
 10
-58789.629608
 20
-1323.946520
  0
POINT
  8
3
 10
-58791.402536
 20
-1323.144141
  0
POINT
  8
3
 10
-58793.168540
 20
-1322.258733
  0
POINT
  8
3
 10
-58794.908005
 20
-1321.295161
  0
POINT
  8
3
 10
-58796.522120
 20
-1320.307302
  0
POINT
  8
3
 10
-58798.155354
 20
-1319.196891
  0
POINT
  8
3
 10
-58799.566295
 20
-1318.125561
  0
POINT
  8
3
 10
-58800.739264
 20
-1317.133748
  0
POINT
  8
3
 10
-58801.824079
 20
-1316.110012
  0
POINT
  8
3
 10
-58802.880411
 20
-1314.989727
  0
POINT
  8
3
 10
-58804.027319
 20
-1313.621856
  0
POINT
  8
3
 10
-58805.082495
 20
-1312.212453
  0
POINT
  8
3
 10
-58806.176531
 20
-1310.583195
  0
POINT
  8
3
 10
-58807.265287
 20
-1308.771674
  0
POINT
  8
3
 10
-58808.299493
 20
-1306.848299
  0
POINT
  8
3
 10
-58809.224880
 20
-1304.926223
  0
POINT
  8
3
 10
-58810.033631
 20
-1303.046200
  0
POINT
  8
3
 10
-58856.303015
 20
-1138.290436
  0
POINT
  8
3
 10
-58846.972016
 20
-1136.904739
 0
LINE
 8
7
 10
-58850.410156
 20
-1156.413956
 11
-58808.608398
 21
-1278.333054
  0
TEXT
  8
1
 10
-58828.381348
 20
-1232.224464
 40
10.000000
 50
0.000000
  1
Piece Name: 26SMC-WP115M 展_前袋贴_175/84
  0
TEXT
  8
1
 10
-58828.381348
 20
-1217.224464
 40
10.000000
 50
0.000000
  1
Size: 175/84
  0
TEXT
  8
1
 10
-58828.381348
 20
-1202.224464
 40
10.000000
 50
0.000000
  1
Annotation: 
  0
TEXT
  8
1
 10
-58828.381348
 20
-1187.224464
 40
10.000000
 50
0.000000
  1
Quantity: 1,1
  0
TEXT
  8
1
 10
-58828.381348
 20
-1172.224464
 40
10.000000
 50
0.000000
  1
Material: 面
  0
TEXT
  8
1
 10
-58828.381348
 20
-1172.224464
 40
10.000000
 50
0.000000
  1
Category: 24
0
ENDBLK
0
BLOCK
  8
1
  2
26SMC-WP115M 展_腰_175/84
 70
0
 10
0.0
 20
0.0
  0
POLYLINE
  8
1
  66
1
  70
1
  0
VERTEX
  8
1
  10
-59017.988281
  20
-939.285202
  0
VERTEX
  8
1
  10
-59028.320313
  20
-939.285202
  0
VERTEX
  8
1
  10
-59038.647461
  20
-939.285202
  0
VERTEX
  8
1
  10
-59048.696289
  20
-939.285202
  0
VERTEX
  8
1
  10
-59058.833008
  20
-939.285202
  0
VERTEX
  8
1
  10
-59069.057617
  20
-939.285202
  0
VERTEX
  8
1
  10
-59079.169922
  20
-939.285202
  0
VERTEX
  8
1
  10
-59089.394531
  20
-939.285202
  0
VERTEX
  8
1
  10
-59099.619141
  20
-939.285202
  0
VERTEX
  8
1
  10
-59109.809570
  20
-939.285202
  0
VERTEX
  8
1
  10
-59120.039063
  20
-939.285202
  0
VERTEX
  8
1
  10
-59130.263672
  20
-939.285202
  0
VERTEX
  8
1
  10
-59140.458984
  20
-939.285202
  0
VERTEX
  8
1
  10
-59150.683594
  20
-939.285202
  0
VERTEX
  8
1
  10
-59160.913086
  20
-939.285202
  0
VERTEX
  8
1
  10
-59171.108398
  20
-939.285202
  0
VERTEX
  8
1
  10
-59181.333008
  20
-939.285202
  0
VERTEX
  8
1
  10
-59191.557617
  20
-939.285202
  0
VERTEX
  8
1
  10
-59201.752930
  20
-939.285202
  0
VERTEX
  8
1
  10
-59211.977539
  20
-939.285202
  0
VERTEX
  8
1
  10
-59222.207031
  20
-939.285202
  0
VERTEX
  8
1
  10
-59229.990234
  20
-939.285202
  0
VERTEX
  8
1
  10
-59232.397461
  20
-939.285202
  0
VERTEX
  8
1
  10
-59242.622070
  20
-939.285202
  0
VERTEX
  8
1
  10
-59252.846680
  20
-939.285202
  0
VERTEX
  8
1
  10
-59262.851563
  20
-939.285202
  0
VERTEX
  8
1
  10
-59273.076172
  20
-939.285202
  0
VERTEX
  8
1
  10
-59283.300781
  20
-939.285202
  0
VERTEX
  8
1
  10
-59293.505859
  20
-939.285202
  0
VERTEX
  8
1
  10
-59303.730469
  20
-939.285202
  0
VERTEX
  8
1
  10
-59313.955078
  20
-939.285202
  0
VERTEX
  8
1
  10
-59324.145508
  20
-939.285202
  0
VERTEX
  8
1
  10
-59334.375000
  20
-939.285202
  0
VERTEX
  8
1
  10
-59344.599609
  20
-939.285202
  0
VERTEX
  8
1
  10
-59354.794922
  20
-939.285202
  0
VERTEX
  8
1
  10
-59365.019531
  20
-939.285202
  0
VERTEX
  8
1
  10
-59375.244141
  20
-939.285202
  0
VERTEX
  8
1
  10
-59385.434570
  20
-939.285202
  0
VERTEX
  8
1
  10
-59395.664063
  20
-939.285202
  0
VERTEX
  8
1
  10
-59405.888672
  20
-939.285202
  0
VERTEX
  8
1
  10
-59416.083984
  20
-939.285202
  0
VERTEX
  8
1
  10
-59426.313477
  20
-939.285202
  0
VERTEX
  8
1
  10
-59436.538086
  20
-939.285202
  0
VERTEX
  8
1
  10
-59446.708984
  20
-939.285202
  0
VERTEX
  8
1
  10
-59456.708984
  20
-939.285202
  0
VERTEX
  8
1
  10
-59465.932617
  20
-939.285202
  0
VERTEX
  8
1
  10
-59465.932617
  20
-939.285202
  0
VERTEX
  8
1
  10
-59476.342773
  20
-939.285202
  0
VERTEX
  8
1
  10
-59486.401367
  20
-939.285202
  0
VERTEX
  8
1
  10
-59496.445313
  20
-939.285202
  0
VERTEX
  8
1
  10
-59506.743164
  20
-939.285202
  0
VERTEX
  8
1
  10
-59516.962891
  20
-939.285202
  0
VERTEX
  8
1
  10
-59526.875000
  20
-939.285202
  0
VERTEX
  8
1
  10
-59537.421875
  20
-939.285202
  0
VERTEX
  8
1
  10
-59547.636719
  20
-939.285202
  0
VERTEX
  8
1
  10
-59557.871094
  20
-939.285202
  0
VERTEX
  8
1
  10
-59568.085938
  20
-939.285202
  0
VERTEX
  8
1
  10
-59578.305664
  20
-939.285202
  0
VERTEX
  8
1
  10
-59588.535156
  20
-939.285202
  0
VERTEX
  8
1
  10
-59598.754883
  20
-939.285202
  0
VERTEX
  8
1
  10
-59608.974609
  20
-939.285202
  0
VERTEX
  8
1
  10
-59619.208984
  20
-939.285202
  0
VERTEX
  8
1
  10
-59629.428711
  20
-939.285202
  0
VERTEX
  8
1
  10
-59639.643555
  20
-939.285202
  0
VERTEX
  8
1
  10
-59649.892578
  20
-939.285202
  0
VERTEX
  8
1
  10
-59660.107422
  20
-939.285202
  0
VERTEX
  8
1
  10
-59670.327148
  20
-939.285202
  0
VERTEX
  8
1
  10
-59680.444336
  20
-939.285202
  0
VERTEX
  8
1
  10
-59690.659180
  20
-939.285202
  0
VERTEX
  8
1
  10
-59700.878906
  20
-939.285202
  0
VERTEX
  8
1
  10
-59701.875000
  20
-939.285202
  0
VERTEX
  8
1
  10
-59711.113281
  20
-939.285202
  0
VERTEX
  8
1
  10
-59721.328125
  20
-939.285202
  0
VERTEX
  8
1
  10
-59731.542969
  20
-939.285202
  0
VERTEX
  8
1
  10
-59741.801758
  20
-939.285202
  0
VERTEX
  8
1
  10
-59752.016602
  20
-939.285202
  0
VERTEX
  8
1
  10
-59762.231445
  20
-939.285202
  0
VERTEX
  8
1
  10
-59772.250977
  20
-939.285202
  0
VERTEX
  8
1
  10
-59782.465820
  20
-939.285202
  0
VERTEX
  8
1
  10
-59792.685547
  20
-939.285202
  0
VERTEX
  8
1
  10
-59802.875977
  20
-939.285202
  0
VERTEX
  8
1
  10
-59813.095703
  20
-939.285202
  0
VERTEX
  8
1
  10
-59823.310547
  20
-939.285202
  0
VERTEX
  8
1
  10
-59833.579102
  20
-939.285202
  0
VERTEX
  8
1
  10
-59843.798828
  20
-939.285202
  0
VERTEX
  8
1
  10
-59854.013672
  20
-939.285202
  0
VERTEX
  8
1
  10
-59864.033203
  20
-939.285202
  0
VERTEX
  8
1
  10
-59874.248047
  20
-939.285202
  0
VERTEX
  8
1
  10
-59884.467773
  20
-939.285202
  0
VERTEX
  8
1
  10
-59894.487305
  20
-939.285202
  0
VERTEX
  8
1
  10
-59904.550781
  20
-939.285202
  0
VERTEX
  8
1
  10
-59913.876953
  20
-939.285202
  0
VERTEX
  8
1
  10
-59913.876953
  20
-928.319626
  0
VERTEX
  8
1
  10
-59913.876953
  20
-917.832870
  0
VERTEX
  8
1
  10
-59913.876953
  20
-907.551575
  0
VERTEX
  8
1
  10
-59913.876953
  20
-901.137924
  0
VERTEX
  8
1
  10
-59903.354492
  20
-901.139526
  0
VERTEX
  8
1
  10
-59893.188477
  20
-901.141129
  0
VERTEX
  8
1
  10
-59882.695313
  20
-901.142807
  0
VERTEX
  8
1
  10
-59872.783203
  20
-901.144333
  0
VERTEX
  8
1
  10
-59862.045898
  20
-901.145935
  0
VERTEX
  8
1
  10
-59851.816406
  20
-901.147537
  0
VERTEX
  8
1
  10
-59841.713867
  20
-901.149139
  0
VERTEX
  8
1
  10
-59831.484375
  20
-901.150742
  0
VERTEX
  8
1
  10
-59821.259766
  20
-901.152344
  0
VERTEX
  8
1
  10
-59811.035156
  20
-901.153946
  0
VERTEX
  8
1
  10
-59801.015625
  20
-901.155472
  0
VERTEX
  8
1
  10
-59790.791016
  20
-901.157074
  0
VERTEX
  8
1
  10
-59780.566406
  20
-901.158676
  0
VERTEX
  8
1
  10
-59770.336914
  20
-901.160278
  0
VERTEX
  8
1
  10
-59760.219727
  20
-901.161804
  0
VERTEX
  8
1
  10
-59749.990234
  20
-901.163406
  0
VERTEX
  8
1
  10
-59739.765625
  20
-901.165009
  0
VERTEX
  8
1
  10
-59729.541016
  20
-901.166611
  0
VERTEX
  8
1
  10
-59719.311523
  20
-901.168213
  0
VERTEX
  8
1
  10
-59708.876953
  20
-901.169891
  0
VERTEX
  8
1
  10
-59698.652344
  20
-901.171417
  0
VERTEX
  8
1
  10
-59688.422852
  20
-901.173019
  0
VERTEX
  8
1
  10
-59678.198242
  20
-901.174622
  0
VERTEX
  8
1
  10
-59667.973633
  20
-901.176224
  0
VERTEX
  8
1
  10
-59657.534180
  20
-901.177826
  0
VERTEX
  8
1
  10
-59647.309570
  20
-901.179428
  0
VERTEX
  8
1
  10
-59637.080078
  20
-901.180954
  0
VERTEX
  8
1
  10
-59626.855469
  20
-901.182556
  0
VERTEX
  8
1
  10
-59616.630859
  20
-901.184158
  0
VERTEX
  8
1
  10
-59606.503906
  20
-901.185760
  0
VERTEX
  8
1
  10
-59596.274414
  20
-901.187363
  0
VERTEX
  8
1
  10
-59586.049805
  20
-901.188889
  0
VERTEX
  8
1
  10
-59575.825195
  20
-901.190491
  0
VERTEX
  8
1
  10
-59565.600586
  20
-901.192093
  0
VERTEX
  8
1
  10
-59555.571289
  20
-901.193619
  0
VERTEX
  8
1
  10
-59545.346680
  20
-901.195221
  0
VERTEX
  8
1
  10
-59535.117188
  20
-901.196823
  0
VERTEX
  8
1
  10
-59524.892578
  20
-901.198425
  0
VERTEX
  8
1
  10
-59514.663086
  20
-901.199951
  0
VERTEX
  8
1
  10
-59504.438477
  20
-901.201553
  0
VERTEX
  8
1
  10
-59494.311523
  20
-901.203156
  0
VERTEX
  8
1
  10
-59484.086914
  20
-901.204758
  0
VERTEX
  8
1
  10
-59473.862305
  20
-901.206360
  0
VERTEX
  8
1
  10
-59463.632813
  20
-901.207962
  0
VERTEX
  8
1
  10
-59453.408203
  20
-901.209488
  0
VERTEX
  8
1
  10
-59443.183594
  20
-901.211090
  0
VERTEX
  8
1
  10
-59432.753906
  20
-901.212769
  0
VERTEX
  8
1
  10
-59422.529297
  20
-901.214371
  0
VERTEX
  8
1
  10
-59412.299805
  20
-901.215897
  0
VERTEX
  8
1
  10
-59402.075195
  20
-901.217499
  0
VERTEX
  8
1
  10
-59391.850586
  20
-901.219101
  0
VERTEX
  8
1
  10
-59381.621094
  20
-901.220703
  0
VERTEX
  8
1
  10
-59371.206055
  20
-901.222305
  0
VERTEX
  8
1
  10
-59360.981445
  20
-901.223907
  0
VERTEX
  8
1
  10
-59350.756836
  20
-901.225510
  0
VERTEX
  8
1
  10
-59340.527344
  20
-901.227112
  0
VERTEX
  8
1
  10
-59330.302734
  20
-901.228714
  0
VERTEX
  8
1
  10
-59320.200195
  20
-901.230240
  0
VERTEX
  8
1
  10
-59309.970703
  20
-901.231842
  0
VERTEX
  8
1
  10
-59299.746094
  20
-901.233444
  0
VERTEX
  8
1
  10
-59289.516602
  20
-901.235046
  0
VERTEX
  8
1
  10
-59279.291992
  20
-901.236572
  0
VERTEX
  8
1
  10
-59269.067383
  20
-901.238174
  0
VERTEX
  8
1
  10
-59258.564453
  20
-901.239777
  0
VERTEX
  8
1
  10
-59248.339844
  20
-901.241379
  0
VERTEX
  8
1
  10
-59238.115234
  20
-901.242981
  0
VERTEX
  8
1
  10
-59227.885742
  20
-901.244583
  0
VERTEX
  8
1
  10
-59217.661133
  20
-901.246185
  0
VERTEX
  8
1
  10
-59207.583008
  20
-901.247787
  0
VERTEX
  8
1
  10
-59197.353516
  20
-901.249390
  0
VERTEX
  8
1
  10
-59187.128906
  20
-901.250992
  0
VERTEX
  8
1
  10
-59176.899414
  20
-901.252594
  0
VERTEX
  8
1
  10
-59166.674805
  20
-901.254196
  0
VERTEX
  8
1
  10
-59156.308594
  20
-901.255798
  0
VERTEX
  8
1
  10
-59146.079102
  20
-901.257401
  0
VERTEX
  8
1
  10
-59135.854492
  20
-901.259003
  0
VERTEX
  8
1
  10
-59125.625000
  20
-901.260529
  0
VERTEX
  8
1
  10
-59115.400391
  20
-901.262131
  0
VERTEX
  8
1
  10
-59105.048828
  20
-901.263733
  0
VERTEX
  8
1
  10
-59094.824219
  20
-901.265335
  0
VERTEX
  8
1
  10
-59084.594727
  20
-901.266937
  0
VERTEX
  8
1
  10
-59074.370117
  20
-901.268463
  0
VERTEX
  8
1
  10
-59064.340820
  20
-901.270065
  0
VERTEX
  8
1
  10
-59054.116211
  20
-901.271667
  0
VERTEX
  8
1
  10
-59043.891602
  20
-901.273270
  0
VERTEX
  8
1
  10
-59033.476563
  20
-901.274948
  0
VERTEX
  8
1
  10
-59023.247070
  20
-901.276474
  0
VERTEX
  8
1
  10
-59013.022461
  20
-901.278076
  0
VERTEX
  8
1
  10
-59002.797852
  20
-901.279678
  0
VERTEX
  8
1
  10
-58992.597656
  20
-901.281281
  0
VERTEX
  8
1
  10
-58982.329102
  20
-901.282806
  0
VERTEX
  8
1
  10
-58972.465820
  20
-901.284332
  0
VERTEX
  8
1
  10
-58967.016602
  20
-901.285172
  0
VERTEX
  8
1
  10
-58967.006836
  20
-911.789551
  0
VERTEX
  8
1
  10
-58967.001953
  20
-921.988373
  0
VERTEX
  8
1
  10
-58966.992188
  20
-931.935349
  0
VERTEX
  8
1
  10
-58966.987305
  20
-939.285202
  0
VERTEX
  8
1
  10
-58977.524414
  20
-939.285202
  0
VERTEX
  8
1
  10
-58987.607422
  20
-939.285202
  0
VERTEX
  8
1
  10
-58997.792969
  20
-939.285202
  0
VERTEX
  8
1
  10
-59007.773438
  20
-939.285202
  0
VERTEX
  8
1
  10
-59011.987305
  20
-939.285202
  0
VERTEX
  8
1
  10
-59017.988281
  20
-939.285202
  0
SEQEND
  8
1
  0
POINT
  8
2
 10
-59017.988281
 20
-939.285202
  0
TEXT
  8
2
 10
-59017.988281
 20
-939.285202
 40
0.000000
 50
0.000000
  1
# 610
  0
POINT
  8
2
 10
-59465.932617
 20
-939.285202
  0
TEXT
  8
2
 10
-59465.932617
 20
-939.285202
 40
0.000000
 50
0.000000
  1
# 611
  0
POINT
  8
2
 10
-59913.876953
 20
-939.285202
  0
TEXT
  8
2
 10
-59913.876953
 20
-939.285202
 40
0.000000
 50
0.000000
  1
# 612
  0
POINT
  8
2
 10
-59913.876953
 20
-901.137924
  0
TEXT
  8
2
 10
-59913.876953
 20
-901.137924
 40
0.000000
 50
0.000000
  1
# 613
  0
POINT
  8
2
 10
-58967.016602
 20
-901.285172
  0
TEXT
  8
2
 10
-58967.016602
 20
-901.285172
 40
0.000000
 50
0.000000
  1
# 614
  0
POINT
  8
2
 10
-58966.987305
 20
-939.285202
  0
TEXT
  8
2
 10
-58966.987305
 20
-939.285202
 40
0.000000
 50
0.000000
  1
# 615
  0
POINT
  8
3
 10
-59028.320313
 20
-939.285202
  0
POINT
  8
3
 10
-59038.647461
 20
-939.285202
  0
POINT
  8
3
 10
-59048.696289
 20
-939.285202
  0
POINT
  8
3
 10
-59058.833008
 20
-939.285202
  0
POINT
  8
3
 10
-59069.057617
 20
-939.285202
  0
POINT
  8
3
 10
-59079.169922
 20
-939.285202
  0
POINT
  8
3
 10
-59089.394531
 20
-939.285202
  0
POINT
  8
3
 10
-59099.619141
 20
-939.285202
  0
POINT
  8
3
 10
-59109.809570
 20
-939.285202
  0
POINT
  8
3
 10
-59120.039063
 20
-939.285202
  0
POINT
  8
3
 10
-59130.263672
 20
-939.285202
  0
POINT
  8
3
 10
-59140.458984
 20
-939.285202
  0
POINT
  8
3
 10
-59150.683594
 20
-939.285202
  0
POINT
  8
3
 10
-59160.913086
 20
-939.285202
  0
POINT
  8
3
 10
-59171.108398
 20
-939.285202
  0
POINT
  8
3
 10
-59181.333008
 20
-939.285202
  0
POINT
  8
3
 10
-59191.557617
 20
-939.285202
  0
POINT
  8
3
 10
-59201.752930
 20
-939.285202
  0
POINT
  8
3
 10
-59211.977539
 20
-939.285202
  0
POINT
  8
3
 10
-59222.207031
 20
-939.285202
  0
POINT
  8
3
 10
-59229.990234
 20
-939.285202
  0
POINT
  8
3
 10
-59232.397461
 20
-939.285202
  0
POINT
  8
3
 10
-59242.622070
 20
-939.285202
  0
POINT
  8
3
 10
-59252.846680
 20
-939.285202
  0
POINT
  8
3
 10
-59262.851563
 20
-939.285202
  0
POINT
  8
3
 10
-59273.076172
 20
-939.285202
  0
POINT
  8
3
 10
-59283.300781
 20
-939.285202
  0
POINT
  8
3
 10
-59293.505859
 20
-939.285202
  0
POINT
  8
3
 10
-59303.730469
 20
-939.285202
  0
POINT
  8
3
 10
-59313.955078
 20
-939.285202
  0
POINT
  8
3
 10
-59324.145508
 20
-939.285202
  0
POINT
  8
3
 10
-59334.375000
 20
-939.285202
  0
POINT
  8
3
 10
-59344.599609
 20
-939.285202
  0
POINT
  8
3
 10
-59354.794922
 20
-939.285202
  0
POINT
  8
3
 10
-59365.019531
 20
-939.285202
  0
POINT
  8
3
 10
-59375.244141
 20
-939.285202
  0
POINT
  8
3
 10
-59385.434570
 20
-939.285202
  0
POINT
  8
3
 10
-59395.664063
 20
-939.285202
  0
POINT
  8
3
 10
-59405.888672
 20
-939.285202
  0
POINT
  8
3
 10
-59416.083984
 20
-939.285202
  0
POINT
  8
3
 10
-59426.313477
 20
-939.285202
  0
POINT
  8
3
 10
-59436.538086
 20
-939.285202
  0
POINT
  8
3
 10
-59446.708984
 20
-939.285202
  0
POINT
  8
3
 10
-59456.708984
 20
-939.285202
  0
POINT
  8
3
 10
-59465.932617
 20
-939.285202
  0
POINT
  8
3
 10
-59476.342773
 20
-939.285202
  0
POINT
  8
3
 10
-59486.401367
 20
-939.285202
  0
POINT
  8
3
 10
-59496.445313
 20
-939.285202
  0
POINT
  8
3
 10
-59506.743164
 20
-939.285202
  0
POINT
  8
3
 10
-59516.962891
 20
-939.285202
  0
POINT
  8
3
 10
-59526.875000
 20
-939.285202
  0
POINT
  8
3
 10
-59537.421875
 20
-939.285202
  0
POINT
  8
3
 10
-59547.636719
 20
-939.285202
  0
POINT
  8
3
 10
-59557.871094
 20
-939.285202
  0
POINT
  8
3
 10
-59568.085938
 20
-939.285202
  0
POINT
  8
3
 10
-59578.305664
 20
-939.285202
  0
POINT
  8
3
 10
-59588.535156
 20
-939.285202
  0
POINT
  8
3
 10
-59598.754883
 20
-939.285202
  0
POINT
  8
3
 10
-59608.974609
 20
-939.285202
  0
POINT
  8
3
 10
-59619.208984
 20
-939.285202
  0
POINT
  8
3
 10
-59629.428711
 20
-939.285202
  0
POINT
  8
3
 10
-59639.643555
 20
-939.285202
  0
POINT
  8
3
 10
-59649.892578
 20
-939.285202
  0
POINT
  8
3
 10
-59660.107422
 20
-939.285202
  0
POINT
  8
3
 10
-59670.327148
 20
-939.285202
  0
POINT
  8
3
 10
-59680.444336
 20
-939.285202
  0
POINT
  8
3
 10
-59690.659180
 20
-939.285202
  0
POINT
  8
3
 10
-59700.878906
 20
-939.285202
  0
POINT
  8
3
 10
-59701.875000
 20
-939.285202
  0
POINT
  8
3
 10
-59711.113281
 20
-939.285202
  0
POINT
  8
3
 10
-59721.328125
 20
-939.285202
  0
POINT
  8
3
 10
-59731.542969
 20
-939.285202
  0
POINT
  8
3
 10
-59741.801758
 20
-939.285202
  0
POINT
  8
3
 10
-59752.016602
 20
-939.285202
  0
POINT
  8
3
 10
-59762.231445
 20
-939.285202
  0
POINT
  8
3
 10
-59772.250977
 20
-939.285202
  0
POINT
  8
3
 10
-59782.465820
 20
-939.285202
  0
POINT
  8
3
 10
-59792.685547
 20
-939.285202
  0
POINT
  8
3
 10
-59802.875977
 20
-939.285202
  0
POINT
  8
3
 10
-59813.095703
 20
-939.285202
  0
POINT
  8
3
 10
-59823.310547
 20
-939.285202
  0
POINT
  8
3
 10
-59833.579102
 20
-939.285202
  0
POINT
  8
3
 10
-59843.798828
 20
-939.285202
  0
POINT
  8
3
 10
-59854.013672
 20
-939.285202
  0
POINT
  8
3
 10
-59864.033203
 20
-939.285202
  0
POINT
  8
3
 10
-59874.248047
 20
-939.285202
  0
POINT
  8
3
 10
-59884.467773
 20
-939.285202
  0
POINT
  8
3
 10
-59894.487305
 20
-939.285202
  0
POINT
  8
3
 10
-59904.550781
 20
-939.285202
  0
POINT
  8
3
 10
-59913.876953
 20
-928.319626
  0
POINT
  8
3
 10
-59913.876953
 20
-917.832870
  0
POINT
  8
3
 10
-59913.876953
 20
-907.551575
  0
POINT
  8
3
 10
-59903.354492
 20
-901.139526
  0
POINT
  8
3
 10
-59893.188477
 20
-901.141129
  0
POINT
  8
3
 10
-59882.695313
 20
-901.142807
  0
POINT
  8
3
 10
-59872.783203
 20
-901.144333
  0
POINT
  8
3
 10
-59862.045898
 20
-901.145935
  0
POINT
  8
3
 10
-59851.816406
 20
-901.147537
  0
POINT
  8
3
 10
-59841.713867
 20
-901.149139
  0
POINT
  8
3
 10
-59831.484375
 20
-901.150742
  0
POINT
  8
3
 10
-59821.259766
 20
-901.152344
  0
POINT
  8
3
 10
-59811.035156
 20
-901.153946
  0
POINT
  8
3
 10
-59801.015625
 20
-901.155472
  0
POINT
  8
3
 10
-59790.791016
 20
-901.157074
  0
POINT
  8
3
 10
-59780.566406
 20
-901.158676
  0
POINT
  8
3
 10
-59770.336914
 20
-901.160278
  0
POINT
  8
3
 10
-59760.219727
 20
-901.161804
  0
POINT
  8
3
 10
-59749.990234
 20
-901.163406
  0
POINT
  8
3
 10
-59739.765625
 20
-901.165009
  0
POINT
  8
3
 10
-59729.541016
 20
-901.166611
  0
POINT
  8
3
 10
-59719.311523
 20
-901.168213
  0
POINT
  8
3
 10
-59708.876953
 20
-901.169891
  0
POINT
  8
3
 10
-59698.652344
 20
-901.171417
  0
POINT
  8
3
 10
-59688.422852
 20
-901.173019
  0
POINT
  8
3
 10
-59678.198242
 20
-901.174622
  0
POINT
  8
3
 10
-59667.973633
 20
-901.176224
  0
POINT
  8
3
 10
-59657.534180
 20
-901.177826
  0
POINT
  8
3
 10
-59647.309570
 20
-901.179428
  0
POINT
  8
3
 10
-59637.080078
 20
-901.180954
  0
POINT
  8
3
 10
-59626.855469
 20
-901.182556
  0
POINT
  8
3
 10
-59616.630859
 20
-901.184158
  0
POINT
  8
3
 10
-59606.503906
 20
-901.185760
  0
POINT
  8
3
 10
-59596.274414
 20
-901.187363
  0
POINT
  8
3
 10
-59586.049805
 20
-901.188889
  0
POINT
  8
3
 10
-59575.825195
 20
-901.190491
  0
POINT
  8
3
 10
-59565.600586
 20
-901.192093
  0
POINT
  8
3
 10
-59555.571289
 20
-901.193619
  0
POINT
  8
3
 10
-59545.346680
 20
-901.195221
  0
POINT
  8
3
 10
-59535.117188
 20
-901.196823
  0
POINT
  8
3
 10
-59524.892578
 20
-901.198425
  0
POINT
  8
3
 10
-59514.663086
 20
-901.199951
  0
POINT
  8
3
 10
-59504.438477
 20
-901.201553
  0
POINT
  8
3
 10
-59494.311523
 20
-901.203156
  0
POINT
  8
3
 10
-59484.086914
 20
-901.204758
  0
POINT
  8
3
 10
-59473.862305
 20
-901.206360
  0
POINT
  8
3
 10
-59463.632813
 20
-901.207962
  0
POINT
  8
3
 10
-59453.408203
 20
-901.209488
  0
POINT
  8
3
 10
-59443.183594
 20
-901.211090
  0
POINT
  8
3
 10
-59432.753906
 20
-901.212769
  0
POINT
  8
3
 10
-59422.529297
 20
-901.214371
  0
POINT
  8
3
 10
-59412.299805
 20
-901.215897
  0
POINT
  8
3
 10
-59402.075195
 20
-901.217499
  0
POINT
  8
3
 10
-59391.850586
 20
-901.219101
  0
POINT
  8
3
 10
-59381.621094
 20
-901.220703
  0
POINT
  8
3
 10
-59371.206055
 20
-901.222305
  0
POINT
  8
3
 10
-59360.981445
 20
-901.223907
  0
POINT
  8
3
 10
-59350.756836
 20
-901.225510
  0
POINT
  8
3
 10
-59340.527344
 20
-901.227112
  0
POINT
  8
3
 10
-59330.302734
 20
-901.228714
  0
POINT
  8
3
 10
-59320.200195
 20
-901.230240
  0
POINT
  8
3
 10
-59309.970703
 20
-901.231842
  0
POINT
  8
3
 10
-59299.746094
 20
-901.233444
  0
POINT
  8
3
 10
-59289.516602
 20
-901.235046
  0
POINT
  8
3
 10
-59279.291992
 20
-901.236572
  0
POINT
  8
3
 10
-59269.067383
 20
-901.238174
  0
POINT
  8
3
 10
-59258.564453
 20
-901.239777
  0
POINT
  8
3
 10
-59248.339844
 20
-901.241379
  0
POINT
  8
3
 10
-59238.115234
 20
-901.242981
  0
POINT
  8
3
 10
-59227.885742
 20
-901.244583
  0
POINT
  8
3
 10
-59217.661133
 20
-901.246185
  0
POINT
  8
3
 10
-59207.583008
 20
-901.247787
  0
POINT
  8
3
 10
-59197.353516
 20
-901.249390
  0
POINT
  8
3
 10
-59187.128906
 20
-901.250992
  0
POINT
  8
3
 10
-59176.899414
 20
-901.252594
  0
POINT
  8
3
 10
-59166.674805
 20
-901.254196
  0
POINT
  8
3
 10
-59156.308594
 20
-901.255798
  0
POINT
  8
3
 10
-59146.079102
 20
-901.257401
  0
POINT
  8
3
 10
-59135.854492
 20
-901.259003
  0
POINT
  8
3
 10
-59125.625000
 20
-901.260529
  0
POINT
  8
3
 10
-59115.400391
 20
-901.262131
  0
POINT
  8
3
 10
-59105.048828
 20
-901.263733
  0
POINT
  8
3
 10
-59094.824219
 20
-901.265335
  0
POINT
  8
3
 10
-59084.594727
 20
-901.266937
  0
POINT
  8
3
 10
-59074.370117
 20
-901.268463
  0
POINT
  8
3
 10
-59064.340820
 20
-901.270065
  0
POINT
  8
3
 10
-59054.116211
 20
-901.271667
  0
POINT
  8
3
 10
-59043.891602
 20
-901.273270
  0
POINT
  8
3
 10
-59033.476563
 20
-901.274948
  0
POINT
  8
3
 10
-59023.247070
 20
-901.276474
  0
POINT
  8
3
 10
-59013.022461
 20
-901.278076
  0
POINT
  8
3
 10
-59002.797852
 20
-901.279678
  0
POINT
  8
3
 10
-58992.597656
 20
-901.281281
  0
POINT
  8
3
 10
-58982.329102
 20
-901.282806
  0
POINT
  8
3
 10
-58972.465820
 20
-901.284332
  0
POINT
  8
3
 10
-58967.006836
 20
-911.789551
  0
POINT
  8
3
 10
-58967.001953
 20
-921.988373
  0
POINT
  8
3
 10
-58966.992188
 20
-931.935349
  0
POINT
  8
3
 10
-58977.524414
 20
-939.285202
  0
POINT
  8
3
 10
-58987.607422
 20
-939.285202
  0
POINT
  8
3
 10
-58997.792969
 20
-939.285202
  0
POINT
  8
3
 10
-59007.773438
 20
-939.285202
  0
POINT
  8
3
 10
-59011.987305
 20
-939.285202
  0
POINT
  8
3
 10
-59017.988281
 20
-939.285202
  0
POINT
  8
4
 10
-59229.990234
 20
-939.285202
 30
1.000000
 50
 90.00
  0
TEXT
  8
4
 10
-59229.990234
 20
-939.285202
 40
0.000000
 50
0.000000
  1
# 616
  0
POINT
  8
4
 10
-59465.932617
 20
-939.285202
 30
1.000000
 50
 90.00
  0
TEXT
  8
4
 10
-59465.932617
 20
-939.285202
 40
0.000000
 50
0.000000
  1
# 617
  0
POINT
  8
4
 10
-59701.875000
 20
-939.285202
 30
1.000000
 50
 90.00
  0
TEXT
  8
4
 10
-59701.875000
 20
-939.285202
 40
0.000000
 50
0.000000
  1
# 618
  0
POINT
  8
4
 10
-59011.987305
 20
-939.285202
 30
1.000000
 50
 90.00
  0
TEXT
  8
4
 10
-59011.987305
 20
-939.285202
 40
0.000000
 50
0.000000
  1
# 619
  0
POINT
  8
4
 10
-59017.988281
 20
-939.285202
 30
1.000000
 50
 90.00
  0
TEXT
  8
4
 10
-59017.988281
 20
-939.285202
 40
0.000000
 50
0.000000
  1
# 620
  0
POLYLINE
  8
8
  66
1
  70
0
  0
VERTEX
  8
8
  10
-59465.932617
  20
-939.285202
  0
VERTEX
  8
8
  10
-59465.932617
  20
-901.207657
  0
SEQEND
  8
8
  0
POINT
  8
2
 10
-59465.932617
 20
-939.285202
  0
TEXT
  8
2
 10
-59465.932617
 20
-939.285202
 40
0.000000
 50
0.000000
  1
# 621
  0
POINT
  8
2
 10
-59465.932617
 20
-901.207657
  0
TEXT
  8
2
 10
-59465.932617
 20
-901.207657
 40
0.000000
 50
0.000000
  1
# 622
  0
POLYLINE
  8
8
  66
1
  70
0
  0
VERTEX
  8
8
  10
-59731.875000
  20
-939.285202
  0
VERTEX
  8
8
  10
-59731.875000
  20
-901.244278
  0
SEQEND
  8
8
  0
POINT
  8
2
 10
-59731.875000
 20
-939.285202
  0
TEXT
  8
2
 10
-59731.875000
 20
-939.285202
 40
0.000000
 50
0.000000
  1
# 623
  0
POINT
  8
2
 10
-59731.875000
 20
-901.244278
  0
TEXT
  8
2
 10
-59731.875000
 20
-901.244278
 40
0.000000
 50
0.000000
  1
# 624
  0
POLYLINE
  8
8
  66
1
  70
0
  0
VERTEX
  8
8
  10
-59781.875000
  20
-939.285202
  0
VERTEX
  8
8
  10
-59781.875000
  20
-901.244278
  0
SEQEND
  8
8
  0
POINT
  8
2
 10
-59781.875000
 20
-939.285202
  0
TEXT
  8
2
 10
-59781.875000
 20
-939.285202
 40
0.000000
 50
0.000000
  1
# 625
  0
POINT
  8
2
 10
-59781.875000
 20
-901.244278
  0
TEXT
  8
2
 10
-59781.875000
 20
-901.244278
 40
0.000000
 50
0.000000
  1
# 626
  0
POLYLINE
  8
8
  66
1
  70
0
  0
VERTEX
  8
8
  10
-59199.990234
  20
-939.285202
  0
VERTEX
  8
8
  10
-59199.990234
  20
-901.244278
  0
SEQEND
  8
8
  0
POINT
  8
2
 10
-59199.990234
 20
-939.285202
  0
TEXT
  8
2
 10
-59199.990234
 20
-939.285202
 40
0.000000
 50
0.000000
  1
# 627
  0
POINT
  8
2
 10
-59199.990234
 20
-901.244278
  0
TEXT
  8
2
 10
-59199.990234
 20
-901.244278
 40
0.000000
 50
0.000000
  1
# 628
  0
POLYLINE
  8
8
  66
1
  70
0
  0
VERTEX
  8
8
  10
-59149.990234
  20
-939.285202
  0
VERTEX
  8
8
  10
-59149.990234
  20
-901.244278
  0
SEQEND
  8
8
  0
POINT
  8
2
 10
-59149.990234
 20
-939.285202
  0
TEXT
  8
2
 10
-59149.990234
 20
-939.285202
 40
0.000000
 50
0.000000
  1
# 629
  0
POINT
  8
2
 10
-59149.990234
 20
-901.244278
  0
TEXT
  8
2
 10
-59149.990234
 20
-901.244278
 40
0.000000
 50
0.000000
  1
# 630
 0
LINE
 8
7
 10
-59805.595703
 20
-918.097153
 11
-59180.849609
 21
-918.097153
  0
TEXT
  8
1
 10
-59440.432129
 20
-920.211563
 40
10.000000
 50
0.000000
  1
Piece Name: 26SMC-WP115M 展_腰_175/84
  0
TEXT
  8
1
 10
-59440.432129
 20
-905.211563
 40
10.000000
 50
0.000000
  1
Size: 175/84
  0
TEXT
  8
1
 10
-59440.432129
 20
-890.211563
 40
10.000000
 50
0.000000
  1
Annotation: 
  0
TEXT
  8
1
 10
-59440.432129
 20
-875.211563
 40
10.000000
 50
0.000000
  1
Quantity: 1
  0
TEXT
  8
1
 10
-59440.432129
 20
-860.211563
 40
10.000000
 50
0.000000
  1
Material: 净
  0
TEXT
  8
1
 10
-59440.432129
 20
-860.211563
 40
10.000000
 50
0.000000
  1
Category: 25
0
ENDBLK
0
BLOCK
  8
1
  2
26SMC-WP115M 展_右前腰里_175/84
 70
0
 10
0.0
 20
0.0
  0
POLYLINE
  8
1
  66
1
  70
1
  0
VERTEX
  8
1
  10
-59803.803711
  20
-674.300232
  0
VERTEX
  8
1
  10
-59803.803711
  20
-732.424850
  0
VERTEX
  8
1
  10
-59816.147461
  20
-732.424850
  0
VERTEX
  8
1
  10
-59827.192383
  20
-732.424850
  0
VERTEX
  8
1
  10
-59837.421875
  20
-732.424850
  0
VERTEX
  8
1
  10
-59847.675781
  20
-732.424850
  0
VERTEX
  8
1
  10
-59857.836914
  20
-732.424850
  0
VERTEX
  8
1
  10
-59867.998047
  20
-732.424850
  0
VERTEX
  8
1
  10
-59878.051758
  20
-732.424850
  0
VERTEX
  8
1
  10
-59888.212891
  20
-732.424850
  0
VERTEX
  8
1
  10
-59898.374023
  20
-732.424850
  0
VERTEX
  8
1
  10
-59908.500977
  20
-732.424850
  0
VERTEX
  8
1
  10
-59918.662109
  20
-732.424850
  0
VERTEX
  8
1
  10
-59928.823242
  20
-732.424850
  0
VERTEX
  8
1
  10
-59938.862305
  20
-732.424850
  0
VERTEX
  8
1
  10
-59949.570313
  20
-732.424850
  0
VERTEX
  8
1
  10
-59961.801758
  20
-732.424850
  0
VERTEX
  8
1
  10
-59961.801758
  20
-711.459274
  0
VERTEX
  8
1
  10
-59961.801758
  20
-700.972519
  0
VERTEX
  8
1
  10
-59961.801758
  20
-690.691223
  0
VERTEX
  8
1
  10
-59961.801758
  20
-674.275513
  0
VERTEX
  8
1
  10
-59949.428711
  20
-674.277496
  0
VERTEX
  8
1
  10
-59938.305664
  20
-674.279175
  0
VERTEX
  8
1
  10
-59928.081055
  20
-674.280777
  0
VERTEX
  8
1
  10
-59917.817383
  20
-674.282379
  0
VERTEX
  8
1
  10
-59907.602539
  20
-674.283981
  0
VERTEX
  8
1
  10
-59897.587891
  20
-674.285583
  0
VERTEX
  8
1
  10
-59887.578125
  20
-674.287109
  0
VERTEX
  8
1
  10
-59877.504883
  20
-674.288712
  0
VERTEX
  8
1
  10
-59867.495117
  20
-674.290237
  0
VERTEX
  8
1
  10
-59857.485352
  20
-674.291840
  0
VERTEX
  8
1
  10
-59847.280273
  20
-674.293442
  0
VERTEX
  8
1
  10
-59837.060547
  20
-674.295044
  0
VERTEX
  8
1
  10
-59826.943359
  20
-674.296570
  0
VERTEX
  8
1
  10
-59816.088867
  20
-674.298248
  0
SEQEND
  8
1
  0
POINT
  8
2
 10
-59803.803711
 20
-674.300232
  0
TEXT
  8
2
 10
-59803.803711
 20
-674.300232
 40
0.000000
 50
0.000000
  1
# 631
  0
POINT
  8
2
 10
-59803.803711
 20
-732.424850
  0
TEXT
  8
2
 10
-59803.803711
 20
-732.424850
 40
0.000000
 50
0.000000
  1
# 632
  0
POINT
  8
2
 10
-59961.801758
 20
-732.424850
  0
TEXT
  8
2
 10
-59961.801758
 20
-732.424850
 40
0.000000
 50
0.000000
  1
# 633
  0
POINT
  8
2
 10
-59961.801758
 20
-674.275513
  0
TEXT
  8
2
 10
-59961.801758
 20
-674.275513
 40
0.000000
 50
0.000000
  1
# 634
  0
POINT
  8
3
 10
-59816.147461
 20
-732.424850
  0
POINT
  8
3
 10
-59827.192383
 20
-732.424850
  0
POINT
  8
3
 10
-59837.421875
 20
-732.424850
  0
POINT
  8
3
 10
-59847.675781
 20
-732.424850
  0
POINT
  8
3
 10
-59857.836914
 20
-732.424850
  0
POINT
  8
3
 10
-59867.998047
 20
-732.424850
  0
POINT
  8
3
 10
-59878.051758
 20
-732.424850
  0
POINT
  8
3
 10
-59888.212891
 20
-732.424850
  0
POINT
  8
3
 10
-59898.374023
 20
-732.424850
  0
POINT
  8
3
 10
-59908.500977
 20
-732.424850
  0
POINT
  8
3
 10
-59918.662109
 20
-732.424850
  0
POINT
  8
3
 10
-59928.823242
 20
-732.424850
  0
POINT
  8
3
 10
-59938.862305
 20
-732.424850
  0
POINT
  8
3
 10
-59949.570313
 20
-732.424850
  0
POINT
  8
3
 10
-59961.801758
 20
-711.459274
  0
POINT
  8
3
 10
-59961.801758
 20
-700.972519
  0
POINT
  8
3
 10
-59961.801758
 20
-690.691223
  0
POINT
  8
3
 10
-59949.428711
 20
-674.277496
  0
POINT
  8
3
 10
-59938.305664
 20
-674.279175
  0
POINT
  8
3
 10
-59928.081055
 20
-674.280777
  0
POINT
  8
3
 10
-59917.817383
 20
-674.282379
  0
POINT
  8
3
 10
-59907.602539
 20
-674.283981
  0
POINT
  8
3
 10
-59897.587891
 20
-674.285583
  0
POINT
  8
3
 10
-59887.578125
 20
-674.287109
  0
POINT
  8
3
 10
-59877.504883
 20
-674.288712
  0
POINT
  8
3
 10
-59867.495117
 20
-674.290237
  0
POINT
  8
3
 10
-59857.485352
 20
-674.291840
  0
POINT
  8
3
 10
-59847.280273
 20
-674.293442
  0
POINT
  8
3
 10
-59837.060547
 20
-674.295044
  0
POINT
  8
3
 10
-59826.943359
 20
-674.296570
  0
POINT
  8
3
 10
-59816.088867
 20
-674.298248
  0
POLYLINE
  8
14
  66
1
  70
1
  0
VERTEX
  8
14
  10
-59816.801758
  20
-684.383926
  0
VERTEX
  8
14
  10
-59816.801758
  20
-722.424850
  0
VERTEX
  8
14
  10
-59827.191782
  20
-722.424850
  0
VERTEX
  8
14
  10
-59837.420512
  20
-722.424850
  0
VERTEX
  8
14
  10
-59847.675308
  20
-722.424850
  0
VERTEX
  8
14
  10
-59857.836027
  20
-722.424850
  0
VERTEX
  8
14
  10
-59867.996813
  20
-722.424850
  0
VERTEX
  8
14
  10
-59878.051642
  20
-722.424850
  0
VERTEX
  8
14
  10
-59888.212358
  20
-722.424850
  0
VERTEX
  8
14
  10
-59898.372949
  20
-722.424850
  0
VERTEX
  8
14
  10
-59908.500649
  20
-722.424850
  0
VERTEX
  8
14
  10
-59918.660914
  20
-722.424850
  0
VERTEX
  8
14
  10
-59928.821296
  20
-722.424850
  0
VERTEX
  8
14
  10
-59938.861515
  20
-722.424850
  0
VERTEX
  8
14
  10
-59948.803711
  20
-722.424850
  0
VERTEX
  8
14
  10
-59948.803711
  20
-711.459302
  0
VERTEX
  8
14
  10
-59948.803711
  20
-700.972526
  0
VERTEX
  8
14
  10
-59948.803711
  20
-690.691246
  0
VERTEX
  8
14
  10
-59948.803711
  20
-684.277573
  0
VERTEX
  8
14
  10
-59938.306582
  20
-684.279211
  0
VERTEX
  8
14
  10
-59928.081518
  20
-684.280806
  0
VERTEX
  8
14
  10
-59917.817876
  20
-684.282408
  0
VERTEX
  8
14
  10
-59907.603314
  20
-684.284003
  0
VERTEX
  8
14
  10
-59897.591549
  20
-684.285565
  0
VERTEX
  8
14
  10
-59887.580018
  20
-684.287128
  0
VERTEX
  8
14
  10
-59877.508273
  20
-684.288699
  0
VERTEX
  8
14
  10
-59867.496964
  20
-684.290261
  0
VERTEX
  8
14
  10
-59857.485527
  20
-684.291822
  0
VERTEX
  8
14
  10
-59847.281290
  20
-684.293414
  0
VERTEX
  8
14
  10
-59837.062461
  20
-684.295009
  0
VERTEX
  8
14
  10
-59826.946422
  20
-684.296588
  0
SEQEND
  8
14
  0
POINT
  8
2
 10
-59816.801758
 20
-684.383926
  0
TEXT
  8
2
 10
-59816.801758
 20
-684.383926
 40
0.000000
 50
0.000000
  1
# 635
  0
POINT
  8
2
 10
-59816.801758
 20
-722.424850
  0
TEXT
  8
2
 10
-59816.801758
 20
-722.424850
 40
0.000000
 50
0.000000
  1
# 636
  0
POINT
  8
2
 10
-59948.803711
 20
-722.424850
  0
TEXT
  8
2
 10
-59948.803711
 20
-722.424850
 40
0.000000
 50
0.000000
  1
# 637
  0
POINT
  8
2
 10
-59948.803711
 20
-684.277573
  0
TEXT
  8
2
 10
-59948.803711
 20
-684.277573
 40
0.000000
 50
0.000000
  1
# 638
  0
POINT
  8
3
 10
-59827.191782
 20
-722.424850
  0
POINT
  8
3
 10
-59837.420512
 20
-722.424850
  0
POINT
  8
3
 10
-59847.675308
 20
-722.424850
  0
POINT
  8
3
 10
-59857.836027
 20
-722.424850
  0
POINT
  8
3
 10
-59867.996813
 20
-722.424850
  0
POINT
  8
3
 10
-59878.051642
 20
-722.424850
  0
POINT
  8
3
 10
-59888.212358
 20
-722.424850
  0
POINT
  8
3
 10
-59898.372949
 20
-722.424850
  0
POINT
  8
3
 10
-59908.500649
 20
-722.424850
  0
POINT
  8
3
 10
-59918.660914
 20
-722.424850
  0
POINT
  8
3
 10
-59928.821296
 20
-722.424850
  0
POINT
  8
3
 10
-59938.861515
 20
-722.424850
  0
POINT
  8
3
 10
-59948.803711
 20
-711.459302
  0
POINT
  8
3
 10
-59948.803711
 20
-700.972526
  0
POINT
  8
3
 10
-59948.803711
 20
-690.691246
  0
POINT
  8
3
 10
-59938.306582
 20
-684.279211
  0
POINT
  8
3
 10
-59928.081518
 20
-684.280806
  0
POINT
  8
3
 10
-59917.817876
 20
-684.282408
  0
POINT
  8
3
 10
-59907.603314
 20
-684.284003
  0
POINT
  8
3
 10
-59897.591549
 20
-684.285565
  0
POINT
  8
3
 10
-59887.580018
 20
-684.287128
  0
POINT
  8
3
 10
-59877.508273
 20
-684.288699
  0
POINT
  8
3
 10
-59867.496964
 20
-684.290261
  0
POINT
  8
3
 10
-59857.485527
 20
-684.291822
  0
POINT
  8
3
 10
-59847.281290
 20
-684.293414
  0
POINT
  8
3
 10
-59837.062461
 20
-684.295009
  0
POINT
  8
3
 10
-59826.946422
 20
-684.296588
 0
LINE
 8
7
 10
-59939.467773
 20
-707.645111
 11
-59836.518555
 21
-707.645111
  0
TEXT
  8
1
 10
-59882.802734
 20
-703.350182
 40
10.000000
 50
0.000000
  1
Piece Name: 26SMC-WP115M 展_右前腰里_175/84
  0
TEXT
  8
1
 10
-59882.802734
 20
-688.350182
 40
10.000000
 50
0.000000
  1
Size: 175/84
  0
TEXT
  8
1
 10
-59882.802734
 20
-673.350182
 40
10.000000
 50
0.000000
  1
Annotation: 
  0
TEXT
  8
1
 10
-59882.802734
 20
-658.350182
 40
10.000000
 50
0.000000
  1
Quantity: 1
  0
TEXT
  8
1
 10
-59882.802734
 20
-643.350182
 40
10.000000
 50
0.000000
  1
Material: 面
  0
TEXT
  8
1
 10
-59882.802734
 20
-643.350182
 40
10.000000
 50
0.000000
  1
Category: 26
0
ENDBLK
0
BLOCK
  8
1
  2
26SMC-WP115M 展_左前腰里_175/84
 70
0
 10
0.0
 20
0.0
  0
POLYLINE
  8
1
  66
1
  70
1
  0
VERTEX
  8
1
  10
-59118.388672
  20
-634.841003
  0
VERTEX
  8
1
  10
-59118.388672
  20
-584.811592
  0
VERTEX
  8
1
  10
-59111.259766
  20
-584.812698
  0
VERTEX
  8
1
  10
-59101.875000
  20
-584.814186
  0
VERTEX
  8
1
  10
-59091.577148
  20
-584.815788
  0
VERTEX
  8
1
  10
-59081.401367
  20
-584.817352
  0
VERTEX
  8
1
  10
-59071.157227
  20
-584.818954
  0
VERTEX
  8
1
  10
-59060.800781
  20
-584.820557
  0
VERTEX
  8
1
  10
-59050.444336
  20
-584.822159
  0
VERTEX
  8
1
  10
-59040.087891
  20
-584.823761
  0
VERTEX
  8
1
  10
-59029.726563
  20
-584.825401
  0
VERTEX
  8
1
  10
-59019.443359
  20
-584.827003
  0
VERTEX
  8
1
  10
-59009.086914
  20
-584.828606
  0
VERTEX
  8
1
  10
-58998.725586
  20
-584.830208
  0
VERTEX
  8
1
  10
-58988.432617
  20
-584.831810
  0
VERTEX
  8
1
  10
-58978.076172
  20
-584.833412
  0
VERTEX
  8
1
  10
-58967.719727
  20
-584.835052
  0
VERTEX
  8
1
  10
-58957.607422
  20
-584.836617
  0
VERTEX
  8
1
  10
-58947.490234
  20
-584.838181
  0
VERTEX
  8
1
  10
-58937.548828
  20
-584.839745
  0
VERTEX
  8
1
  10
-58929.946289
  20
-584.840889
  0
VERTEX
  8
1
  10
-58923.417969
  20
-584.841919
  0
VERTEX
  8
1
  10
-58923.408203
  20
-601.340714
  0
VERTEX
  8
1
  10
-58923.398438
  20
-611.539536
  0
VERTEX
  8
1
  10
-58923.388672
  20
-621.486549
  0
VERTEX
  8
1
  10
-58923.378906
  20
-634.841003
  0
VERTEX
  8
1
  10
-58939.921875
  20
-634.841003
  0
VERTEX
  8
1
  10
-58950.004883
  20
-634.841003
  0
VERTEX
  8
1
  10
-58960.190430
  20
-634.841003
  0
VERTEX
  8
1
  10
-58970.170898
  20
-634.841003
  0
VERTEX
  8
1
  10
-58974.384766
  20
-634.841003
  0
VERTEX
  8
1
  10
-58980.385742
  20
-634.841003
  0
VERTEX
  8
1
  10
-58980.385742
  20
-634.841003
  0
VERTEX
  8
1
  10
-58990.844727
  20
-634.841003
  0
VERTEX
  8
1
  10
-59001.118164
  20
-634.841003
  0
VERTEX
  8
1
  10
-59011.313477
  20
-634.841003
  0
VERTEX
  8
1
  10
-59021.474609
  20
-634.841003
  0
VERTEX
  8
1
  10
-59031.635742
  20
-634.841003
  0
VERTEX
  8
1
  10
-59041.757813
  20
-634.841003
  0
VERTEX
  8
1
  10
-59051.918945
  20
-634.841003
  0
VERTEX
  8
1
  10
-59062.080078
  20
-634.841003
  0
VERTEX
  8
1
  10
-59072.197266
  20
-634.841003
  0
VERTEX
  8
1
  10
-59082.358398
  20
-634.841003
  0
VERTEX
  8
1
  10
-59092.519531
  20
-634.841003
  0
VERTEX
  8
1
  10
-59102.832031
  20
-634.841003
  0
VERTEX
  8
1
  10
-59111.499023
  20
-634.841003
  0
SEQEND
  8
1
  0
POINT
  8
2
 10
-59118.388672
 20
-634.841003
  0
TEXT
  8
2
 10
-59118.388672
 20
-634.841003
 40
0.000000
 50
0.000000
  1
# 639
  0
POINT
  8
2
 10
-59118.388672
 20
-584.811592
  0
TEXT
  8
2
 10
-59118.388672
 20
-584.811592
 40
0.000000
 50
0.000000
  1
# 640
  0
POINT
  8
2
 10
-58923.417969
 20
-584.841919
  0
TEXT
  8
2
 10
-58923.417969
 20
-584.841919
 40
0.000000
 50
0.000000
  1
# 641
  0
POINT
  8
2
 10
-58923.378906
 20
-634.841003
  0
TEXT
  8
2
 10
-58923.378906
 20
-634.841003
 40
0.000000
 50
0.000000
  1
# 642
  0
POINT
  8
2
 10
-58980.385742
 20
-634.841003
  0
TEXT
  8
2
 10
-58980.385742
 20
-634.841003
 40
0.000000
 50
0.000000
  1
# 643
  0
POINT
  8
3
 10
-59111.259766
 20
-584.812698
  0
POINT
  8
3
 10
-59101.875000
 20
-584.814186
  0
POINT
  8
3
 10
-59091.577148
 20
-584.815788
  0
POINT
  8
3
 10
-59081.401367
 20
-584.817352
  0
POINT
  8
3
 10
-59071.157227
 20
-584.818954
  0
POINT
  8
3
 10
-59060.800781
 20
-584.820557
  0
POINT
  8
3
 10
-59050.444336
 20
-584.822159
  0
POINT
  8
3
 10
-59040.087891
 20
-584.823761
  0
POINT
  8
3
 10
-59029.726563
 20
-584.825401
  0
POINT
  8
3
 10
-59019.443359
 20
-584.827003
  0
POINT
  8
3
 10
-59009.086914
 20
-584.828606
  0
POINT
  8
3
 10
-58998.725586
 20
-584.830208
  0
POINT
  8
3
 10
-58988.432617
 20
-584.831810
  0
POINT
  8
3
 10
-58978.076172
 20
-584.833412
  0
POINT
  8
3
 10
-58967.719727
 20
-584.835052
  0
POINT
  8
3
 10
-58957.607422
 20
-584.836617
  0
POINT
  8
3
 10
-58947.490234
 20
-584.838181
  0
POINT
  8
3
 10
-58937.548828
 20
-584.839745
  0
POINT
  8
3
 10
-58929.946289
 20
-584.840889
  0
POINT
  8
3
 10
-58923.408203
 20
-601.340714
  0
POINT
  8
3
 10
-58923.398438
 20
-611.539536
  0
POINT
  8
3
 10
-58923.388672
 20
-621.486549
  0
POINT
  8
3
 10
-58939.921875
 20
-634.841003
  0
POINT
  8
3
 10
-58950.004883
 20
-634.841003
  0
POINT
  8
3
 10
-58960.190430
 20
-634.841003
  0
POINT
  8
3
 10
-58970.170898
 20
-634.841003
  0
POINT
  8
3
 10
-58974.384766
 20
-634.841003
  0
POINT
  8
3
 10
-58980.385742
 20
-634.841003
  0
POINT
  8
3
 10
-58990.844727
 20
-634.841003
  0
POINT
  8
3
 10
-59001.118164
 20
-634.841003
  0
POINT
  8
3
 10
-59011.313477
 20
-634.841003
  0
POINT
  8
3
 10
-59021.474609
 20
-634.841003
  0
POINT
  8
3
 10
-59031.635742
 20
-634.841003
  0
POINT
  8
3
 10
-59041.757813
 20
-634.841003
  0
POINT
  8
3
 10
-59051.918945
 20
-634.841003
  0
POINT
  8
3
 10
-59062.080078
 20
-634.841003
  0
POINT
  8
3
 10
-59072.197266
 20
-634.841003
  0
POINT
  8
3
 10
-59082.358398
 20
-634.841003
  0
POINT
  8
3
 10
-59092.519531
 20
-634.841003
  0
POINT
  8
3
 10
-59102.832031
 20
-634.841003
  0
POINT
  8
3
 10
-59111.499023
 20
-634.841003
  0
POINT
  8
4
 10
-58974.384766
 20
-634.841003
 30
1.000000
 50
 90.00
  0
TEXT
  8
4
 10
-58974.384766
 20
-634.841003
 40
0.000000
 50
0.000000
  1
# 644
  0
POINT
  8
4
 10
-58980.385742
 20
-634.841003
 30
1.000000
 50
 90.00
  0
TEXT
  8
4
 10
-58980.385742
 20
-634.841003
 40
0.000000
 50
0.000000
  1
# 645
  0
POLYLINE
  8
14
  66
1
  70
1
  0
VERTEX
  8
14
  10
-59112.387695
  20
-628.841019
  0
VERTEX
  8
14
  10
-59112.387695
  20
-590.812531
  0
VERTEX
  8
14
  10
-59101.877611
  20
-590.814172
  0
VERTEX
  8
14
  10
-59091.576438
  20
-590.815777
  0
VERTEX
  8
14
  10
-59081.400602
  20
-590.817359
  0
VERTEX
  8
14
  10
-59071.160193
  20
-590.818946
  0
VERTEX
  8
14
  10
-59060.802963
  20
-590.820551
  0
VERTEX
  8
14
  10
-59050.445615
  20
-590.822159
  0
VERTEX
  8
14
  10
-59040.086557
  20
-590.823774
  0
VERTEX
  8
14
  10
-59029.728999
  20
-590.825391
  0
VERTEX
  8
14
  10
-59019.443187
  20
-590.826993
  0
VERTEX
  8
14
  10
-59009.085849
  20
-590.828599
  0
VERTEX
  8
14
  10
-58998.728622
  20
-590.830203
  0
VERTEX
  8
14
  10
-58988.433375
  20
-590.831801
  0
VERTEX
  8
14
  10
-58978.076238
  20
-590.833418
  0
VERTEX
  8
14
  10
-58967.719168
  20
-590.835038
  0
VERTEX
  8
14
  10
-58957.608554
  20
-590.836617
  0
VERTEX
  8
14
  10
-58947.493490
  20
-590.838190
  0
VERTEX
  8
14
  10
-58937.549724
  20
-590.839731
  0
VERTEX
  8
14
  10
-58929.414063
  20
-590.840988
  0
VERTEX
  8
14
  10
-58929.405964
  20
-601.345326
  0
VERTEX
  8
14
  10
-58929.398101
  20
-611.544172
  0
VERTEX
  8
14
  10
-58929.390432
  20
-621.491170
  0
VERTEX
  8
14
  10
-58929.384766
  20
-628.841019
  0
VERTEX
  8
14
  10
-58939.920224
  20
-628.841019
  0
VERTEX
  8
14
  10
-58950.003218
  20
-628.841019
  0
VERTEX
  8
14
  10
-58960.188194
  20
-628.841019
  0
VERTEX
  8
14
  10
-58970.168827
  20
-628.841019
  0
VERTEX
  8
14
  10
-58974.384766
  20
-628.841019
  0
VERTEX
  8
14
  10
-58980.385742
  20
-628.841019
  0
VERTEX
  8
14
  10
-58980.385742
  20
-628.841019
  0
VERTEX
  8
14
  10
-58990.845973
  20
-628.841019
  0
VERTEX
  8
14
  10
-59001.119136
  20
-628.841019
  0
VERTEX
  8
14
  10
-59011.314504
  20
-628.841019
  0
VERTEX
  8
14
  10
-59021.474912
  20
-628.841019
  0
VERTEX
  8
14
  10
-59031.635277
  20
-628.841019
  0
VERTEX
  8
14
  10
-59041.759452
  20
-628.841019
  0
VERTEX
  8
14
  10
-59051.919675
  20
-628.841019
  0
VERTEX
  8
14
  10
-59062.079820
  20
-628.841019
  0
VERTEX
  8
14
  10
-59072.198849
  20
-628.841019
  0
VERTEX
  8
14
  10
-59082.358779
  20
-628.841019
  0
VERTEX
  8
14
  10
-59092.518613
  20
-628.841019
  0
VERTEX
  8
14
  10
-59102.832393
  20
-628.841019
  0
SEQEND
  8
14
  0
POINT
  8
2
 10
-59112.387695
 20
-628.841019
  0
TEXT
  8
2
 10
-59112.387695
 20
-628.841019
 40
0.000000
 50
0.000000
  1
# 646
  0
POINT
  8
2
 10
-59112.387695
 20
-590.812531
  0
TEXT
  8
2
 10
-59112.387695
 20
-590.812531
 40
0.000000
 50
0.000000
  1
# 647
  0
POINT
  8
2
 10
-58929.414063
 20
-590.840988
  0
TEXT
  8
2
 10
-58929.414063
 20
-590.840988
 40
0.000000
 50
0.000000
  1
# 648
  0
POINT
  8
2
 10
-58929.384766
 20
-628.841019
  0
TEXT
  8
2
 10
-58929.384766
 20
-628.841019
 40
0.000000
 50
0.000000
  1
# 649
  0
POINT
  8
2
 10
-58980.385742
 20
-628.841019
  0
TEXT
  8
2
 10
-58980.385742
 20
-628.841019
 40
0.000000
 50
0.000000
  1
# 650
  0
POINT
  8
3
 10
-59101.877611
 20
-590.814172
  0
POINT
  8
3
 10
-59091.576438
 20
-590.815777
  0
POINT
  8
3
 10
-59081.400602
 20
-590.817359
  0
POINT
  8
3
 10
-59071.160193
 20
-590.818946
  0
POINT
  8
3
 10
-59060.802963
 20
-590.820551
  0
POINT
  8
3
 10
-59050.445615
 20
-590.822159
  0
POINT
  8
3
 10
-59040.086557
 20
-590.823774
  0
POINT
  8
3
 10
-59029.728999
 20
-590.825391
  0
POINT
  8
3
 10
-59019.443187
 20
-590.826993
  0
POINT
  8
3
 10
-59009.085849
 20
-590.828599
  0
POINT
  8
3
 10
-58998.728622
 20
-590.830203
  0
POINT
  8
3
 10
-58988.433375
 20
-590.831801
  0
POINT
  8
3
 10
-58978.076238
 20
-590.833418
  0
POINT
  8
3
 10
-58967.719168
 20
-590.835038
  0
POINT
  8
3
 10
-58957.608554
 20
-590.836617
  0
POINT
  8
3
 10
-58947.493490
 20
-590.838190
  0
POINT
  8
3
 10
-58937.549724
 20
-590.839731
  0
POINT
  8
3
 10
-58929.405964
 20
-601.345326
  0
POINT
  8
3
 10
-58929.398101
 20
-611.544172
  0
POINT
  8
3
 10
-58929.390432
 20
-621.491170
  0
POINT
  8
3
 10
-58939.920224
 20
-628.841019
  0
POINT
  8
3
 10
-58950.003218
 20
-628.841019
  0
POINT
  8
3
 10
-58960.188194
 20
-628.841019
  0
POINT
  8
3
 10
-58970.168827
 20
-628.841019
  0
POINT
  8
3
 10
-58974.384766
 20
-628.841019
  0
POINT
  8
3
 10
-58980.385742
 20
-628.841019
  0
POINT
  8
3
 10
-58990.845973
 20
-628.841019
  0
POINT
  8
3
 10
-59001.119136
 20
-628.841019
  0
POINT
  8
3
 10
-59011.314504
 20
-628.841019
  0
POINT
  8
3
 10
-59021.474912
 20
-628.841019
  0
POINT
  8
3
 10
-59031.635277
 20
-628.841019
  0
POINT
  8
3
 10
-59041.759452
 20
-628.841019
  0
POINT
  8
3
 10
-59051.919675
 20
-628.841019
  0
POINT
  8
3
 10
-59062.079820
 20
-628.841019
  0
POINT
  8
3
 10
-59072.198849
 20
-628.841019
  0
POINT
  8
3
 10
-59082.358779
 20
-628.841019
  0
POINT
  8
3
 10
-59092.518613
 20
-628.841019
  0
POINT
  8
3
 10
-59102.832393
 20
-628.841019
  0
POINT
  8
4
 10
-58974.384766
 20
-628.841019
 30
1.000000
 50
 90.00
  0
TEXT
  8
4
 10
-58974.384766
 20
-628.841019
 40
0.000000
 50
0.000000
  1
# 651
  0
POINT
  8
4
 10
-58980.385742
 20
-628.841019
 30
1.000000
 50
 90.00
  0
TEXT
  8
4
 10
-58980.385742
 20
-628.841019
 40
0.000000
 50
0.000000
  1
# 652
 0
LINE
 8
7
 10
-59069.785156
 20
-612.278366
 11
-58941.083984
 21
-612.278366
  0
TEXT
  8
1
 10
-59020.883789
 20
-609.826298
 40
10.000000
 50
0.000000
  1
Piece Name: 26SMC-WP115M 展_左前腰里_175/84
  0
TEXT
  8
1
 10
-59020.883789
 20
-594.826298
 40
10.000000
 50
0.000000
  1
Size: 175/84
  0
TEXT
  8
1
 10
-59020.883789
 20
-579.826298
 40
10.000000
 50
0.000000
  1
Annotation: 
  0
TEXT
  8
1
 10
-59020.883789
 20
-564.826298
 40
10.000000
 50
0.000000
  1
Quantity: 1
  0
TEXT
  8
1
 10
-59020.883789
 20
-549.826298
 40
10.000000
 50
0.000000
  1
Material: 衬 
  0
TEXT
  8
1
 10
-59020.883789
 20
-549.826298
 40
10.000000
 50
0.000000
  1
Category: 27
0
ENDBLK
0
BLOCK
  8
1
  2
26SMC-WP115M 展_腰里中_175/84
 70
0
 10
0.0
 20
0.0
  0
POLYLINE
  8
1
  66
1
  70
1
  0
VERTEX
  8
1
  10
-59457.075195
  20
-636.730881
  0
VERTEX
  8
1
  10
-59467.407227
  20
-636.730881
  0
VERTEX
  8
1
  10
-59477.729492
  20
-636.730881
  0
VERTEX
  8
1
  10
-59487.993164
  20
-636.730881
  0
VERTEX
  8
1
  10
-59498.164063
  20
-636.730881
  0
VERTEX
  8
1
  10
-59508.334961
  20
-636.730881
  0
VERTEX
  8
1
  10
-59518.354492
  20
-636.730881
  0
VERTEX
  8
1
  10
-59528.525391
  20
-636.730881
  0
VERTEX
  8
1
  10
-59538.701172
  20
-636.730881
  0
VERTEX
  8
1
  10
-59549.033203
  20
-636.730881
  0
VERTEX
  8
1
  10
-59559.204102
  20
-636.730881
  0
VERTEX
  8
1
  10
-59569.375000
  20
-636.730881
  0
VERTEX
  8
1
  10
-59579.707031
  20
-636.730881
  0
VERTEX
  8
1
  10
-59589.877930
  20
-636.730881
  0
VERTEX
  8
1
  10
-59600.053711
  20
-636.730881
  0
VERTEX
  8
1
  10
-59610.390625
  20
-636.730881
  0
VERTEX
  8
1
  10
-59620.561523
  20
-636.730881
  0
VERTEX
  8
1
  10
-59630.732422
  20
-636.730881
  0
VERTEX
  8
1
  10
-59641.064453
  20
-636.730881
  0
VERTEX
  8
1
  10
-59651.235352
  20
-636.730881
  0
VERTEX
  8
1
  10
-59661.406250
  20
-636.730881
  0
VERTEX
  8
1
  10
-59671.625977
  20
-636.730881
  0
VERTEX
  8
1
  10
-59681.796875
  20
-636.730881
  0
VERTEX
  8
1
  10
-59691.967773
  20
-636.730881
  0
VERTEX
  8
1
  10
-59693.017578
  20
-636.730881
  0
VERTEX
  8
1
  10
-59701.977539
  20
-636.730881
  0
VERTEX
  8
1
  10
-59711.938477
  20
-636.730881
  0
VERTEX
  8
1
  10
-59721.884766
  20
-636.730881
  0
VERTEX
  8
1
  10
-59724.233398
  20
-636.730881
  0
VERTEX
  8
1
  10
-59729.018555
  20
-636.730881
  0
VERTEX
  8
1
  10
-59729.018555
  20
-586.610985
  0
VERTEX
  8
1
  10
-59721.923828
  20
-586.612091
  0
VERTEX
  8
1
  10
-59712.641602
  20
-586.613541
  0
VERTEX
  8
1
  10
-59702.285156
  20
-586.615143
  0
VERTEX
  8
1
  10
-59692.280273
  20
-586.616707
  0
VERTEX
  8
1
  10
-59682.016602
  20
-586.618309
  0
VERTEX
  8
1
  10
-59671.752930
  20
-586.619911
  0
VERTEX
  8
1
  10
-59661.562500
  20
-586.621513
  0
VERTEX
  8
1
  10
-59651.298828
  20
-586.623116
  0
VERTEX
  8
1
  10
-59641.035156
  20
-586.624680
  0
VERTEX
  8
1
  10
-59630.805664
  20
-586.626282
  0
VERTEX
  8
1
  10
-59620.537109
  20
-586.627884
  0
VERTEX
  8
1
  10
-59610.273438
  20
-586.629486
  0
VERTEX
  8
1
  10
-59600.268555
  20
-586.631012
  0
VERTEX
  8
1
  10
-59590.000000
  20
-586.632614
  0
VERTEX
  8
1
  10
-59579.731445
  20
-586.634216
  0
VERTEX
  8
1
  10
-59569.487305
  20
-586.635818
  0
VERTEX
  8
1
  10
-59559.223633
  20
-586.637421
  0
VERTEX
  8
1
  10
-59548.955078
  20
-586.639061
  0
VERTEX
  8
1
  10
-59538.735352
  20
-586.640663
  0
VERTEX
  8
1
  10
-59528.466797
  20
-586.642265
  0
VERTEX
  8
1
  10
-59518.203125
  20
-586.643829
  0
VERTEX
  8
1
  10
-59508.046875
  20
-586.645432
  0
VERTEX
  8
1
  10
-59497.783203
  20
-586.646996
  0
VERTEX
  8
1
  10
-59487.519531
  20
-586.648560
  0
VERTEX
  8
1
  10
-59477.290039
  20
-586.650162
  0
VERTEX
  8
1
  10
-59467.026367
  20
-586.651726
  0
VERTEX
  8
1
  10
-59456.757813
  20
-586.653328
  0
VERTEX
  8
1
  10
-59446.489258
  20
-586.654930
  0
VERTEX
  8
1
  10
-59436.225586
  20
-586.656532
  0
VERTEX
  8
1
  10
-59425.957031
  20
-586.658134
  0
VERTEX
  8
1
  10
-59415.732422
  20
-586.659698
  0
VERTEX
  8
1
  10
-59405.468750
  20
-586.661301
  0
VERTEX
  8
1
  10
-59395.200195
  20
-586.662903
  0
VERTEX
  8
1
  10
-59385.131836
  20
-586.664467
  0
VERTEX
  8
1
  10
-59374.868164
  20
-586.666069
  0
VERTEX
  8
1
  10
-59364.599609
  20
-586.667671
  0
VERTEX
  8
1
  10
-59354.379883
  20
-586.669235
  0
VERTEX
  8
1
  10
-59344.111328
  20
-586.670837
  0
VERTEX
  8
1
  10
-59333.847656
  20
-586.672440
  0
VERTEX
  8
1
  10
-59323.789063
  20
-586.674004
  0
VERTEX
  8
1
  10
-59313.525391
  20
-586.675644
  0
VERTEX
  8
1
  10
-59303.256836
  20
-586.677246
  0
VERTEX
  8
1
  10
-59293.032227
  20
-586.678848
  0
VERTEX
  8
1
  10
-59282.768555
  20
-586.680450
  0
VERTEX
  8
1
  10
-59272.500000
  20
-586.682053
  0
VERTEX
  8
1
  10
-59262.260742
  20
-586.683617
  0
VERTEX
  8
1
  10
-59251.992188
  20
-586.685219
  0
VERTEX
  8
1
  10
-59241.728516
  20
-586.686821
  0
VERTEX
  8
1
  10
-59231.499023
  20
-586.688385
  0
VERTEX
  8
1
  10
-59221.230469
  20
-586.689987
  0
VERTEX
  8
1
  10
-59210.966797
  20
-586.691551
  0
VERTEX
  8
1
  10
-59200.913086
  20
-586.693115
  0
VERTEX
  8
1
  10
-59192.080078
  20
-586.694489
  0
VERTEX
  8
1
  10
-59185.131836
  20
-586.695557
  0
VERTEX
  8
1
  10
-59185.131836
  20
-636.730881
  0
VERTEX
  8
1
  10
-59192.226563
  20
-636.730881
  0
VERTEX
  8
1
  10
-59201.499023
  20
-636.730881
  0
VERTEX
  8
1
  10
-59211.840820
  20
-636.730881
  0
VERTEX
  8
1
  10
-59221.132813
  20
-636.730881
  0
VERTEX
  8
1
  10
-59221.884766
  20
-636.730881
  0
VERTEX
  8
1
  10
-59232.387695
  20
-636.730881
  0
VERTEX
  8
1
  10
-59242.553711
  20
-636.730881
  0
VERTEX
  8
1
  10
-59252.690430
  20
-636.730881
  0
VERTEX
  8
1
  10
-59262.851563
  20
-636.730881
  0
VERTEX
  8
1
  10
-59273.017578
  20
-636.730881
  0
VERTEX
  8
1
  10
-59283.300781
  20
-636.730881
  0
VERTEX
  8
1
  10
-59293.466797
  20
-636.730881
  0
VERTEX
  8
1
  10
-59303.632813
  20
-636.730881
  0
VERTEX
  8
1
  10
-59313.955078
  20
-636.730881
  0
VERTEX
  8
1
  10
-59324.121094
  20
-636.730881
  0
VERTEX
  8
1
  10
-59334.287109
  20
-636.730881
  0
VERTEX
  8
1
  10
-59344.614258
  20
-636.730881
  0
VERTEX
  8
1
  10
-59354.775391
  20
-636.730881
  0
VERTEX
  8
1
  10
-59364.941406
  20
-636.730881
  0
VERTEX
  8
1
  10
-59375.263672
  20
-636.730881
  0
VERTEX
  8
1
  10
-59385.429688
  20
-636.730881
  0
VERTEX
  8
1
  10
-59395.595703
  20
-636.730881
  0
VERTEX
  8
1
  10
-59405.922852
  20
-636.730881
  0
VERTEX
  8
1
  10
-59416.083984
  20
-636.730881
  0
VERTEX
  8
1
  10
-59426.250000
  20
-636.730881
  0
VERTEX
  8
1
  10
-59436.567383
  20
-636.730881
  0
VERTEX
  8
1
  10
-59446.762695
  20
-636.730881
  0
VERTEX
  8
1
  10
-59457.075195
  20
-636.730881
  0
SEQEND
  8
1
  0
POINT
  8
2
 10
-59457.075195
 20
-636.730881
  0
TEXT
  8
2
 10
-59457.075195
 20
-636.730881
 40
0.000000
 50
0.000000
  1
# 653
  0
POINT
  8
2
 10
-59729.018555
 20
-636.730881
  0
TEXT
  8
2
 10
-59729.018555
 20
-636.730881
 40
0.000000
 50
0.000000
  1
# 654
  0
POINT
  8
2
 10
-59729.018555
 20
-586.610985
  0
TEXT
  8
2
 10
-59729.018555
 20
-586.610985
 40
0.000000
 50
0.000000
  1
# 655
  0
POINT
  8
2
 10
-59185.131836
 20
-586.695557
  0
TEXT
  8
2
 10
-59185.131836
 20
-586.695557
 40
0.000000
 50
0.000000
  1
# 656
  0
POINT
  8
2
 10
-59185.131836
 20
-636.730881
  0
TEXT
  8
2
 10
-59185.131836
 20
-636.730881
 40
0.000000
 50
0.000000
  1
# 657
  0
POINT
  8
3
 10
-59467.407227
 20
-636.730881
  0
POINT
  8
3
 10
-59477.729492
 20
-636.730881
  0
POINT
  8
3
 10
-59487.993164
 20
-636.730881
  0
POINT
  8
3
 10
-59498.164063
 20
-636.730881
  0
POINT
  8
3
 10
-59508.334961
 20
-636.730881
  0
POINT
  8
3
 10
-59518.354492
 20
-636.730881
  0
POINT
  8
3
 10
-59528.525391
 20
-636.730881
  0
POINT
  8
3
 10
-59538.701172
 20
-636.730881
  0
POINT
  8
3
 10
-59549.033203
 20
-636.730881
  0
POINT
  8
3
 10
-59559.204102
 20
-636.730881
  0
POINT
  8
3
 10
-59569.375000
 20
-636.730881
  0
POINT
  8
3
 10
-59579.707031
 20
-636.730881
  0
POINT
  8
3
 10
-59589.877930
 20
-636.730881
  0
POINT
  8
3
 10
-59600.053711
 20
-636.730881
  0
POINT
  8
3
 10
-59610.390625
 20
-636.730881
  0
POINT
  8
3
 10
-59620.561523
 20
-636.730881
  0
POINT
  8
3
 10
-59630.732422
 20
-636.730881
  0
POINT
  8
3
 10
-59641.064453
 20
-636.730881
  0
POINT
  8
3
 10
-59651.235352
 20
-636.730881
  0
POINT
  8
3
 10
-59661.406250
 20
-636.730881
  0
POINT
  8
3
 10
-59671.625977
 20
-636.730881
  0
POINT
  8
3
 10
-59681.796875
 20
-636.730881
  0
POINT
  8
3
 10
-59691.967773
 20
-636.730881
  0
POINT
  8
3
 10
-59693.017578
 20
-636.730881
  0
POINT
  8
3
 10
-59701.977539
 20
-636.730881
  0
POINT
  8
3
 10
-59711.938477
 20
-636.730881
  0
POINT
  8
3
 10
-59721.884766
 20
-636.730881
  0
POINT
  8
3
 10
-59724.233398
 20
-636.730881
  0
POINT
  8
3
 10
-59721.923828
 20
-586.612091
  0
POINT
  8
3
 10
-59712.641602
 20
-586.613541
  0
POINT
  8
3
 10
-59702.285156
 20
-586.615143
  0
POINT
  8
3
 10
-59692.280273
 20
-586.616707
  0
POINT
  8
3
 10
-59682.016602
 20
-586.618309
  0
POINT
  8
3
 10
-59671.752930
 20
-586.619911
  0
POINT
  8
3
 10
-59661.562500
 20
-586.621513
  0
POINT
  8
3
 10
-59651.298828
 20
-586.623116
  0
POINT
  8
3
 10
-59641.035156
 20
-586.624680
  0
POINT
  8
3
 10
-59630.805664
 20
-586.626282
  0
POINT
  8
3
 10
-59620.537109
 20
-586.627884
  0
POINT
  8
3
 10
-59610.273438
 20
-586.629486
  0
POINT
  8
3
 10
-59600.268555
 20
-586.631012
  0
POINT
  8
3
 10
-59590.000000
 20
-586.632614
  0
POINT
  8
3
 10
-59579.731445
 20
-586.634216
  0
POINT
  8
3
 10
-59569.487305
 20
-586.635818
  0
POINT
  8
3
 10
-59559.223633
 20
-586.637421
  0
POINT
  8
3
 10
-59548.955078
 20
-586.639061
  0
POINT
  8
3
 10
-59538.735352
 20
-586.640663
  0
POINT
  8
3
 10
-59528.466797
 20
-586.642265
  0
POINT
  8
3
 10
-59518.203125
 20
-586.643829
  0
POINT
  8
3
 10
-59508.046875
 20
-586.645432
  0
POINT
  8
3
 10
-59497.783203
 20
-586.646996
  0
POINT
  8
3
 10
-59487.519531
 20
-586.648560
  0
POINT
  8
3
 10
-59477.290039
 20
-586.650162
  0
POINT
  8
3
 10
-59467.026367
 20
-586.651726
  0
POINT
  8
3
 10
-59456.757813
 20
-586.653328
  0
POINT
  8
3
 10
-59446.489258
 20
-586.654930
  0
POINT
  8
3
 10
-59436.225586
 20
-586.656532
  0
POINT
  8
3
 10
-59425.957031
 20
-586.658134
  0
POINT
  8
3
 10
-59415.732422
 20
-586.659698
  0
POINT
  8
3
 10
-59405.468750
 20
-586.661301
  0
POINT
  8
3
 10
-59395.200195
 20
-586.662903
  0
POINT
  8
3
 10
-59385.131836
 20
-586.664467
  0
POINT
  8
3
 10
-59374.868164
 20
-586.666069
  0
POINT
  8
3
 10
-59364.599609
 20
-586.667671
  0
POINT
  8
3
 10
-59354.379883
 20
-586.669235
  0
POINT
  8
3
 10
-59344.111328
 20
-586.670837
  0
POINT
  8
3
 10
-59333.847656
 20
-586.672440
  0
POINT
  8
3
 10
-59323.789063
 20
-586.674004
  0
POINT
  8
3
 10
-59313.525391
 20
-586.675644
  0
POINT
  8
3
 10
-59303.256836
 20
-586.677246
  0
POINT
  8
3
 10
-59293.032227
 20
-586.678848
  0
POINT
  8
3
 10
-59282.768555
 20
-586.680450
  0
POINT
  8
3
 10
-59272.500000
 20
-586.682053
  0
POINT
  8
3
 10
-59262.260742
 20
-586.683617
  0
POINT
  8
3
 10
-59251.992188
 20
-586.685219
  0
POINT
  8
3
 10
-59241.728516
 20
-586.686821
  0
POINT
  8
3
 10
-59231.499023
 20
-586.688385
  0
POINT
  8
3
 10
-59221.230469
 20
-586.689987
  0
POINT
  8
3
 10
-59210.966797
 20
-586.691551
  0
POINT
  8
3
 10
-59200.913086
 20
-586.693115
  0
POINT
  8
3
 10
-59192.080078
 20
-586.694489
  0
POINT
  8
3
 10
-59192.226563
 20
-636.730881
  0
POINT
  8
3
 10
-59201.499023
 20
-636.730881
  0
POINT
  8
3
 10
-59211.840820
 20
-636.730881
  0
POINT
  8
3
 10
-59221.132813
 20
-636.730881
  0
POINT
  8
3
 10
-59221.884766
 20
-636.730881
  0
POINT
  8
3
 10
-59232.387695
 20
-636.730881
  0
POINT
  8
3
 10
-59242.553711
 20
-636.730881
  0
POINT
  8
3
 10
-59252.690430
 20
-636.730881
  0
POINT
  8
3
 10
-59262.851563
 20
-636.730881
  0
POINT
  8
3
 10
-59273.017578
 20
-636.730881
  0
POINT
  8
3
 10
-59283.300781
 20
-636.730881
  0
POINT
  8
3
 10
-59293.466797
 20
-636.730881
  0
POINT
  8
3
 10
-59303.632813
 20
-636.730881
  0
POINT
  8
3
 10
-59313.955078
 20
-636.730881
  0
POINT
  8
3
 10
-59324.121094
 20
-636.730881
  0
POINT
  8
3
 10
-59334.287109
 20
-636.730881
  0
POINT
  8
3
 10
-59344.614258
 20
-636.730881
  0
POINT
  8
3
 10
-59354.775391
 20
-636.730881
  0
POINT
  8
3
 10
-59364.941406
 20
-636.730881
  0
POINT
  8
3
 10
-59375.263672
 20
-636.730881
  0
POINT
  8
3
 10
-59385.429688
 20
-636.730881
  0
POINT
  8
3
 10
-59395.595703
 20
-636.730881
  0
POINT
  8
3
 10
-59405.922852
 20
-636.730881
  0
POINT
  8
3
 10
-59416.083984
 20
-636.730881
  0
POINT
  8
3
 10
-59426.250000
 20
-636.730881
  0
POINT
  8
3
 10
-59436.567383
 20
-636.730881
  0
POINT
  8
3
 10
-59446.762695
 20
-636.730881
  0
POINT
  8
3
 10
-59457.075195
 20
-636.730881
  0
POINT
  8
4
 10
-59693.017578
 20
-636.730881
 30
1.000000
 50
 90.00
  0
TEXT
  8
4
 10
-59693.017578
 20
-636.730881
 40
0.000000
 50
0.000000
  1
# 658
  0
POINT
  8
4
 10
-59221.132813
 20
-636.730881
 30
1.000000
 50
 90.00
  0
TEXT
  8
4
 10
-59221.132813
 20
-636.730881
 40
0.000000
 50
0.000000
  1
# 659
  0
POINT
  8
4
 10
-59457.075195
 20
-636.730881
 30
1.000000
 50
 90.00
  0
TEXT
  8
4
 10
-59457.075195
 20
-636.730881
 40
0.000000
 50
0.000000
  1
# 660
  0
POLYLINE
  8
14
  66
1
  70
1
  0
VERTEX
  8
14
  10
-59457.075195
  20
-630.730896
  0
VERTEX
  8
14
  10
-59467.407204
  20
-630.730896
  0
VERTEX
  8
14
  10
-59477.729604
  20
-630.730896
  0
VERTEX
  8
14
  10
-59487.990841
  20
-630.730896
  0
VERTEX
  8
14
  10
-59498.162245
  20
-630.730896
  0
VERTEX
  8
14
  10
-59508.333970
  20
-630.730896
  0
VERTEX
  8
14
  10
-59518.355048
  20
-630.730896
  0
VERTEX
  8
14
  10
-59528.526973
  20
-630.730896
  0
VERTEX
  8
14
  10
-59538.698784
  20
-630.730896
  0
VERTEX
  8
14
  10
-59549.032039
  20
-630.730896
  0
VERTEX
  8
14
  10
-59559.203327
  20
-630.730896
  0
VERTEX
  8
14
  10
-59569.374565
  20
-630.730896
  0
VERTEX
  8
14
  10
-59579.707762
  20
-630.730896
  0
VERTEX
  8
14
  10
-59589.879689
  20
-630.730896
  0
VERTEX
  8
14
  10
-59600.051695
  20
-630.730896
  0
VERTEX
  8
14
  10
-59610.389919
  20
-630.730896
  0
VERTEX
  8
14
  10
-59620.561015
  20
-630.730896
  0
VERTEX
  8
14
  10
-59630.731931
  20
-630.730896
  0
VERTEX
  8
14
  10
-59641.062682
  20
-630.730896
  0
VERTEX
  8
14
  10
-59651.234460
  20
-630.730896
  0
VERTEX
  8
14
  10
-59661.406380
  20
-630.730896
  0
VERTEX
  8
14
  10
-59671.627285
  20
-630.730896
  0
VERTEX
  8
14
  10
-59681.798206
  20
-630.730896
  0
VERTEX
  8
14
  10
-59691.968924
  20
-630.730896
  0
VERTEX
  8
14
  10
-59693.017578
  20
-630.730896
  0
VERTEX
  8
14
  10
-59701.977091
  20
-630.730896
  0
VERTEX
  8
14
  10
-59711.940721
  20
-630.730896
  0
VERTEX
  8
14
  10
-59721.884590
  20
-630.730896
  0
VERTEX
  8
14
  10
-59723.017578
  20
-630.730896
  0
VERTEX
  8
14
  10
-59723.017578
  20
-592.611923
  0
VERTEX
  8
14
  10
-59712.643233
  20
-592.613538
  0
VERTEX
  8
14
  10
-59702.286551
  20
-592.615151
  0
VERTEX
  8
14
  10
-59692.282838
  20
-592.616711
  0
VERTEX
  8
14
  10
-59682.016993
  20
-592.618313
  0
VERTEX
  8
14
  10
-59671.751598
  20
-592.619915
  0
VERTEX
  8
14
  10
-59661.562946
  20
-592.621503
  0
VERTEX
  8
14
  10
-59651.298297
  20
-592.623101
  0
VERTEX
  8
14
  10
-59641.033661
  20
-592.624696
  0
VERTEX
  8
14
  10
-59630.805901
  20
-592.626284
  0
VERTEX
  8
14
  10
-59620.540227
  20
-592.627878
  0
VERTEX
  8
14
  10
-59610.274022
  20
-592.629471
  0
VERTEX
  8
14
  10
-59600.267894
  20
-592.631024
  0
VERTEX
  8
14
  10
-59590.001146
  20
-592.632618
  0
VERTEX
  8
14
  10
-59579.734346
  20
-592.634216
  0
VERTEX
  8
14
  10
-59569.490241
  20
-592.635817
  0
VERTEX
  8
14
  10
-59559.223709
  20
-592.637429
  0
VERTEX
  8
14
  10
-59548.957517
  20
-592.639044
  0
VERTEX
  8
14
  10
-59538.733905
  20
-592.640649
  0
VERTEX
  8
14
  10
-59528.468638
  20
-592.642253
  0
VERTEX
  8
14
  10
-59518.203716
  20
-592.643848
  0
VERTEX
  8
14
  10
-59508.049450
  20
-592.645418
  0
VERTEX
  8
14
  10
-59497.784638
  20
-592.646997
  0
VERTEX
  8
14
  10
-59487.519556
  20
-592.648574
  0
VERTEX
  8
14
  10
-59477.291188
  20
-592.650148
  0
VERTEX
  8
14
  10
-59467.024956
  20
-592.651736
  0
VERTEX
  8
14
  10
-59456.758501
  20
-592.653328
  0
VERTEX
  8
14
  10
-59446.490467
  20
-592.654924
  0
VERTEX
  8
14
  10
-59436.224634
  20
-592.656521
  0
VERTEX
  8
14
  10
-59425.958899
  20
-592.658118
  0
VERTEX
  8
14
  10
-59415.735060
  20
-592.659710
  0
VERTEX
  8
14
  10
-59405.468620
  20
-592.661308
  0
VERTEX
  8
14
  10
-59395.202017
  20
-592.662905
  0
VERTEX
  8
14
  10
-59385.133974
  20
-592.664472
  0
VERTEX
  8
14
  10
-59374.867867
  20
-592.666068
  0
VERTEX
  8
14
  10
-59364.602130
  20
-592.667663
  0
VERTEX
  8
14
  10
-59354.378911
  20
-592.669251
  0
VERTEX
  8
14
  10
-59344.113820
  20
-592.670846
  0
VERTEX
  8
14
  10
-59333.848772
  20
-592.672443
  0
VERTEX
  8
14
  10
-59323.790232
  20
-592.674015
  0
VERTEX
  8
14
  10
-59313.524656
  20
-592.675626
  0
VERTEX
  8
14
  10
-59303.258792
  20
-592.677237
  0
VERTEX
  8
14
  10
-59293.034858
  20
-592.678838
  0
VERTEX
  8
14
  10
-59282.768656
  20
-592.680440
  0
VERTEX
  8
14
  10
-59272.502558
  20
-592.682037
  0
VERTEX
  8
14
  10
-59262.259292
  20
-592.683629
  0
VERTEX
  8
14
  10
-59251.993632
  20
-592.685225
  0
VERTEX
  8
14
  10
-59241.727893
  20
-592.686817
  0
VERTEX
  8
14
  10
-59231.499029
  20
-592.688398
  0
VERTEX
  8
14
  10
-59221.232528
  20
-592.689979
  0
VERTEX
  8
14
  10
-59210.966129
  20
-592.691559
  0
VERTEX
  8
14
  10
-59200.916355
  20
-592.693111
  0
VERTEX
  8
14
  10
-59191.132813
  20
-592.689972
  0
VERTEX
  8
14
  10
-59191.132813
  20
-630.730896
  0
VERTEX
  8
14
  10
-59201.498973
  20
-630.730896
  0
VERTEX
  8
14
  10
-59211.841134
  20
-630.730896
  0
VERTEX
  8
14
  10
-59221.132813
  20
-630.730896
  0
VERTEX
  8
14
  10
-59221.885289
  20
-630.730896
  0
VERTEX
  8
14
  10
-59232.388783
  20
-630.730896
  0
VERTEX
  8
14
  10
-59242.553286
  20
-630.730896
  0
VERTEX
  8
14
  10
-59252.688207
  20
-630.730896
  0
VERTEX
  8
14
  10
-59262.853047
  20
-630.730896
  0
VERTEX
  8
14
  10
-59273.018082
  20
-630.730896
  0
VERTEX
  8
14
  10
-59283.303006
  20
-630.730896
  0
VERTEX
  8
14
  10
-59293.468179
  20
-630.730896
  0
VERTEX
  8
14
  10
-59303.633483
  20
-630.730896
  0
VERTEX
  8
14
  10
-59313.954936
  20
-630.730896
  0
VERTEX
  8
14
  10
-59324.120777
  20
-630.730896
  0
VERTEX
  8
14
  10
-59334.286570
  20
-630.730896
  0
VERTEX
  8
14
  10
-59344.612734
  20
-630.730896
  0
VERTEX
  8
14
  10
-59354.777528
  20
-630.730896
  0
VERTEX
  8
14
  10
-59364.942165
  20
-630.730896
  0
VERTEX
  8
14
  10
-59375.262987
  20
-630.730896
  0
VERTEX
  8
14
  10
-59385.428511
  20
-630.730896
  0
VERTEX
  8
14
  10
-59395.594236
  20
-630.730896
  0
VERTEX
  8
14
  10
-59405.920456
  20
-630.730896
  0
VERTEX
  8
14
  10
-59416.085423
  20
-630.730896
  0
VERTEX
  8
14
  10
-59426.250161
  20
-630.730896
  0
VERTEX
  8
14
  10
-59436.567094
  20
-630.730896
  0
VERTEX
  8
14
  10
-59446.760399
  20
-630.730896
  0
VERTEX
  8
14
  10
-59457.075195
  20
-630.730896
  0
SEQEND
  8
14
  0
POINT
  8
2
 10
-59457.075195
 20
-630.730896
  0
TEXT
  8
2
 10
-59457.075195
 20
-630.730896
 40
0.000000
 50
0.000000
  1
# 661
  0
POINT
  8
2
 10
-59723.017578
 20
-630.730896
  0
TEXT
  8
2
 10
-59723.017578
 20
-630.730896
 40
0.000000
 50
0.000000
  1
# 662
  0
POINT
  8
2
 10
-59723.017578
 20
-592.611923
  0
TEXT
  8
2
 10
-59723.017578
 20
-592.611923
 40
0.000000
 50
0.000000
  1
# 663
  0
POINT
  8
2
 10
-59191.132813
 20
-592.689972
  0
TEXT
  8
2
 10
-59191.132813
 20
-592.689972
 40
0.000000
 50
0.000000
  1
# 664
  0
POINT
  8
2
 10
-59191.132813
 20
-630.730896
  0
TEXT
  8
2
 10
-59191.132813
 20
-630.730896
 40
0.000000
 50
0.000000
  1
# 665
  0
POINT
  8
3
 10
-59467.407204
 20
-630.730896
  0
POINT
  8
3
 10
-59477.729604
 20
-630.730896
  0
POINT
  8
3
 10
-59487.990841
 20
-630.730896
  0
POINT
  8
3
 10
-59498.162245
 20
-630.730896
  0
POINT
  8
3
 10
-59508.333970
 20
-630.730896
  0
POINT
  8
3
 10
-59518.355048
 20
-630.730896
  0
POINT
  8
3
 10
-59528.526973
 20
-630.730896
  0
POINT
  8
3
 10
-59538.698784
 20
-630.730896
  0
POINT
  8
3
 10
-59549.032039
 20
-630.730896
  0
POINT
  8
3
 10
-59559.203327
 20
-630.730896
  0
POINT
  8
3
 10
-59569.374565
 20
-630.730896
  0
POINT
  8
3
 10
-59579.707762
 20
-630.730896
  0
POINT
  8
3
 10
-59589.879689
 20
-630.730896
  0
POINT
  8
3
 10
-59600.051695
 20
-630.730896
  0
POINT
  8
3
 10
-59610.389919
 20
-630.730896
  0
POINT
  8
3
 10
-59620.561015
 20
-630.730896
  0
POINT
  8
3
 10
-59630.731931
 20
-630.730896
  0
POINT
  8
3
 10
-59641.062682
 20
-630.730896
  0
POINT
  8
3
 10
-59651.234460
 20
-630.730896
  0
POINT
  8
3
 10
-59661.406380
 20
-630.730896
  0
POINT
  8
3
 10
-59671.627285
 20
-630.730896
  0
POINT
  8
3
 10
-59681.798206
 20
-630.730896
  0
POINT
  8
3
 10
-59691.968924
 20
-630.730896
  0
POINT
  8
3
 10
-59693.017578
 20
-630.730896
  0
POINT
  8
3
 10
-59701.977091
 20
-630.730896
  0
POINT
  8
3
 10
-59711.940721
 20
-630.730896
  0
POINT
  8
3
 10
-59721.884590
 20
-630.730896
  0
POINT
  8
3
 10
-59712.643233
 20
-592.613538
  0
POINT
  8
3
 10
-59702.286551
 20
-592.615151
  0
POINT
  8
3
 10
-59692.282838
 20
-592.616711
  0
POINT
  8
3
 10
-59682.016993
 20
-592.618313
  0
POINT
  8
3
 10
-59671.751598
 20
-592.619915
  0
POINT
  8
3
 10
-59661.562946
 20
-592.621503
  0
POINT
  8
3
 10
-59651.298297
 20
-592.623101
  0
POINT
  8
3
 10
-59641.033661
 20
-592.624696
  0
POINT
  8
3
 10
-59630.805901
 20
-592.626284
  0
POINT
  8
3
 10
-59620.540227
 20
-592.627878
  0
POINT
  8
3
 10
-59610.274022
 20
-592.629471
  0
POINT
  8
3
 10
-59600.267894
 20
-592.631024
  0
POINT
  8
3
 10
-59590.001146
 20
-592.632618
  0
POINT
  8
3
 10
-59579.734346
 20
-592.634216
  0
POINT
  8
3
 10
-59569.490241
 20
-592.635817
  0
POINT
  8
3
 10
-59559.223709
 20
-592.637429
  0
POINT
  8
3
 10
-59548.957517
 20
-592.639044
  0
POINT
  8
3
 10
-59538.733905
 20
-592.640649
  0
POINT
  8
3
 10
-59528.468638
 20
-592.642253
  0
POINT
  8
3
 10
-59518.203716
 20
-592.643848
  0
POINT
  8
3
 10
-59508.049450
 20
-592.645418
  0
POINT
  8
3
 10
-59497.784638
 20
-592.646997
  0
POINT
  8
3
 10
-59487.519556
 20
-592.648574
  0
POINT
  8
3
 10
-59477.291188
 20
-592.650148
  0
POINT
  8
3
 10
-59467.024956
 20
-592.651736
  0
POINT
  8
3
 10
-59456.758501
 20
-592.653328
  0
POINT
  8
3
 10
-59446.490467
 20
-592.654924
  0
POINT
  8
3
 10
-59436.224634
 20
-592.656521
  0
POINT
  8
3
 10
-59425.958899
 20
-592.658118
  0
POINT
  8
3
 10
-59415.735060
 20
-592.659710
  0
POINT
  8
3
 10
-59405.468620
 20
-592.661308
  0
POINT
  8
3
 10
-59395.202017
 20
-592.662905
  0
POINT
  8
3
 10
-59385.133974
 20
-592.664472
  0
POINT
  8
3
 10
-59374.867867
 20
-592.666068
  0
POINT
  8
3
 10
-59364.602130
 20
-592.667663
  0
POINT
  8
3
 10
-59354.378911
 20
-592.669251
  0
POINT
  8
3
 10
-59344.113820
 20
-592.670846
  0
POINT
  8
3
 10
-59333.848772
 20
-592.672443
  0
POINT
  8
3
 10
-59323.790232
 20
-592.674015
  0
POINT
  8
3
 10
-59313.524656
 20
-592.675626
  0
POINT
  8
3
 10
-59303.258792
 20
-592.677237
  0
POINT
  8
3
 10
-59293.034858
 20
-592.678838
  0
POINT
  8
3
 10
-59282.768656
 20
-592.680440
  0
POINT
  8
3
 10
-59272.502558
 20
-592.682037
  0
POINT
  8
3
 10
-59262.259292
 20
-592.683629
  0
POINT
  8
3
 10
-59251.993632
 20
-592.685225
  0
POINT
  8
3
 10
-59241.727893
 20
-592.686817
  0
POINT
  8
3
 10
-59231.499029
 20
-592.688398
  0
POINT
  8
3
 10
-59221.232528
 20
-592.689979
  0
POINT
  8
3
 10
-59210.966129
 20
-592.691559
  0
POINT
  8
3
 10
-59200.916355
 20
-592.693111
  0
POINT
  8
3
 10
-59201.498973
 20
-630.730896
  0
POINT
  8
3
 10
-59211.841134
 20
-630.730896
  0
POINT
  8
3
 10
-59221.132813
 20
-630.730896
  0
POINT
  8
3
 10
-59221.885289
 20
-630.730896
  0
POINT
  8
3
 10
-59232.388783
 20
-630.730896
  0
POINT
  8
3
 10
-59242.553286
 20
-630.730896
  0
POINT
  8
3
 10
-59252.688207
 20
-630.730896
  0
POINT
  8
3
 10
-59262.853047
 20
-630.730896
  0
POINT
  8
3
 10
-59273.018082
 20
-630.730896
  0
POINT
  8
3
 10
-59283.303006
 20
-630.730896
  0
POINT
  8
3
 10
-59293.468179
 20
-630.730896
  0
POINT
  8
3
 10
-59303.633483
 20
-630.730896
  0
POINT
  8
3
 10
-59313.954936
 20
-630.730896
  0
POINT
  8
3
 10
-59324.120777
 20
-630.730896
  0
POINT
  8
3
 10
-59334.286570
 20
-630.730896
  0
POINT
  8
3
 10
-59344.612734
 20
-630.730896
  0
POINT
  8
3
 10
-59354.777528
 20
-630.730896
  0
POINT
  8
3
 10
-59364.942165
 20
-630.730896
  0
POINT
  8
3
 10
-59375.262987
 20
-630.730896
  0
POINT
  8
3
 10
-59385.428511
 20
-630.730896
  0
POINT
  8
3
 10
-59395.594236
 20
-630.730896
  0
POINT
  8
3
 10
-59405.920456
 20
-630.730896
  0
POINT
  8
3
 10
-59416.085423
 20
-630.730896
  0
POINT
  8
3
 10
-59426.250161
 20
-630.730896
  0
POINT
  8
3
 10
-59436.567094
 20
-630.730896
  0
POINT
  8
3
 10
-59446.760399
 20
-630.730896
  0
POINT
  8
3
 10
-59457.075195
 20
-630.730896
  0
POINT
  8
4
 10
-59693.017578
 20
-630.730896
 30
1.000000
 50
 90.00
  0
TEXT
  8
4
 10
-59693.017578
 20
-630.730896
 40
0.000000
 50
0.000000
  1
# 666
  0
POINT
  8
4
 10
-59221.132813
 20
-630.730896
 30
1.000000
 50
 90.00
  0
TEXT
  8
4
 10
-59221.132813
 20
-630.730896
 40
0.000000
 50
0.000000
  1
# 667
  0
POINT
  8
4
 10
-59457.075195
 20
-630.730896
 30
1.000000
 50
 90.00
  0
TEXT
  8
4
 10
-59457.075195
 20
-630.730896
 40
0.000000
 50
0.000000
  1
# 668
  0
POLYLINE
  8
8
  66
1
  70
0
  0
VERTEX
  8
8
  10
-59457.075195
  20
-630.730896
  0
VERTEX
  8
8
  10
-59457.075195
  20
-592.653275
  0
SEQEND
  8
8
  0
POINT
  8
2
 10
-59457.075195
 20
-630.730896
  0
TEXT
  8
2
 10
-59457.075195
 20
-630.730896
 40
0.000000
 50
0.000000
  1
# 669
  0
POINT
  8
2
 10
-59457.075195
 20
-592.653275
  0
TEXT
  8
2
 10
-59457.075195
 20
-592.653275
 40
0.000000
 50
0.000000
  1
# 670
 0
LINE
 8
7
 10
-59611.406250
 20
-613.418808
 11
-59313.867188
 21
-613.418808
  0
TEXT
  8
1
 10
-59457.075195
 20
-611.670933
 40
10.000000
 50
0.000000
  1
Piece Name: 26SMC-WP115M 展_腰里中_175/84
  0
TEXT
  8
1
 10
-59457.075195
 20
-596.670933
 40
10.000000
 50
0.000000
  1
Size: 175/84
  0
TEXT
  8
1
 10
-59457.075195
 20
-581.670933
 40
10.000000
 50
0.000000
  1
Annotation: 
  0
TEXT
  8
1
 10
-59457.075195
 20
-566.670933
 40
10.000000
 50
0.000000
  1
Quantity: 1
  0
TEXT
  8
1
 10
-59457.075195
 20
-551.670933
 40
10.000000
 50
0.000000
  1
Material: 衬 
  0
TEXT
  8
1
 10
-59457.075195
 20
-551.670933
 40
10.000000
 50
0.000000
  1
Category: 28
0
ENDBLK
0
BLOCK
  8
1
  2
26SMC-WP115M 展_右前腰里_175/84
 70
0
 10
0.0
 20
0.0
  0
POLYLINE
  8
1
  66
1
  70
1
  0
VERTEX
  8
1
  10
-59801.943359
  20
-585.282211
  0
VERTEX
  8
1
  10
-59801.943359
  20
-635.407944
  0
VERTEX
  8
1
  10
-59809.042969
  20
-635.407944
  0
VERTEX
  8
1
  10
-59818.334961
  20
-635.407944
  0
VERTEX
  8
1
  10
-59828.564453
  20
-635.407944
  0
VERTEX
  8
1
  10
-59838.818359
  20
-635.407944
  0
VERTEX
  8
1
  10
-59848.979492
  20
-635.407944
  0
VERTEX
  8
1
  10
-59859.140625
  20
-635.407944
  0
VERTEX
  8
1
  10
-59869.194336
  20
-635.407944
  0
VERTEX
  8
1
  10
-59879.355469
  20
-635.407944
  0
VERTEX
  8
1
  10
-59889.516602
  20
-635.407944
  0
VERTEX
  8
1
  10
-59899.643555
  20
-635.407944
  0
VERTEX
  8
1
  10
-59909.804688
  20
-635.407944
  0
VERTEX
  8
1
  10
-59919.965820
  20
-635.407944
  0
VERTEX
  8
1
  10
-59930.004883
  20
-635.407944
  0
VERTEX
  8
1
  10
-59938.959961
  20
-635.407944
  0
VERTEX
  8
1
  10
-59945.947266
  20
-635.407944
  0
VERTEX
  8
1
  10
-59945.947266
  20
-618.442421
  0
VERTEX
  8
1
  10
-59945.947266
  20
-607.955627
  0
VERTEX
  8
1
  10
-59945.947266
  20
-597.674370
  0
VERTEX
  8
1
  10
-59945.947266
  20
-585.259743
  0
VERTEX
  8
1
  10
-59938.823242
  20
-585.260849
  0
VERTEX
  8
1
  10
-59929.448242
  20
-585.262337
  0
VERTEX
  8
1
  10
-59919.223633
  20
-585.263901
  0
VERTEX
  8
1
  10
-59908.959961
  20
-585.265503
  0
VERTEX
  8
1
  10
-59898.745117
  20
-585.267105
  0
VERTEX
  8
1
  10
-59888.735352
  20
-585.268669
  0
VERTEX
  8
1
  10
-59878.720703
  20
-585.270233
  0
VERTEX
  8
1
  10
-59868.652344
  20
-585.271797
  0
VERTEX
  8
1
  10
-59858.637695
  20
-585.273361
  0
VERTEX
  8
1
  10
-59848.627930
  20
-585.274925
  0
VERTEX
  8
1
  10
-59838.422852
  20
-585.276527
  0
VERTEX
  8
1
  10
-59828.203125
  20
-585.278130
  0
VERTEX
  8
1
  10
-59818.085938
  20
-585.279694
  0
VERTEX
  8
1
  10
-59808.979492
  20
-585.281105
  0
SEQEND
  8
1
  0
POINT
  8
2
 10
-59801.943359
 20
-585.282211
  0
TEXT
  8
2
 10
-59801.943359
 20
-585.282211
 40
0.000000
 50
0.000000
  1
# 671
  0
POINT
  8
2
 10
-59801.943359
 20
-635.407944
  0
TEXT
  8
2
 10
-59801.943359
 20
-635.407944
 40
0.000000
 50
0.000000
  1
# 672
  0
POINT
  8
2
 10
-59945.947266
 20
-635.407944
  0
TEXT
  8
2
 10
-59945.947266
 20
-635.407944
 40
0.000000
 50
0.000000
  1
# 673
  0
POINT
  8
2
 10
-59945.947266
 20
-585.259743
  0
TEXT
  8
2
 10
-59945.947266
 20
-585.259743
 40
0.000000
 50
0.000000
  1
# 674
  0
POINT
  8
3
 10
-59809.042969
 20
-635.407944
  0
POINT
  8
3
 10
-59818.334961
 20
-635.407944
  0
POINT
  8
3
 10
-59828.564453
 20
-635.407944
  0
POINT
  8
3
 10
-59838.818359
 20
-635.407944
  0
POINT
  8
3
 10
-59848.979492
 20
-635.407944
  0
POINT
  8
3
 10
-59859.140625
 20
-635.407944
  0
POINT
  8
3
 10
-59869.194336
 20
-635.407944
  0
POINT
  8
3
 10
-59879.355469
 20
-635.407944
  0
POINT
  8
3
 10
-59889.516602
 20
-635.407944
  0
POINT
  8
3
 10
-59899.643555
 20
-635.407944
  0
POINT
  8
3
 10
-59909.804688
 20
-635.407944
  0
POINT
  8
3
 10
-59919.965820
 20
-635.407944
  0
POINT
  8
3
 10
-59930.004883
 20
-635.407944
  0
POINT
  8
3
 10
-59938.959961
 20
-635.407944
  0
POINT
  8
3
 10
-59945.947266
 20
-618.442421
  0
POINT
  8
3
 10
-59945.947266
 20
-607.955627
  0
POINT
  8
3
 10
-59945.947266
 20
-597.674370
  0
POINT
  8
3
 10
-59938.823242
 20
-585.260849
  0
POINT
  8
3
 10
-59929.448242
 20
-585.262337
  0
POINT
  8
3
 10
-59919.223633
 20
-585.263901
  0
POINT
  8
3
 10
-59908.959961
 20
-585.265503
  0
POINT
  8
3
 10
-59898.745117
 20
-585.267105
  0
POINT
  8
3
 10
-59888.735352
 20
-585.268669
  0
POINT
  8
3
 10
-59878.720703
 20
-585.270233
  0
POINT
  8
3
 10
-59868.652344
 20
-585.271797
  0
POINT
  8
3
 10
-59858.637695
 20
-585.273361
  0
POINT
  8
3
 10
-59848.627930
 20
-585.274925
  0
POINT
  8
3
 10
-59838.422852
 20
-585.276527
  0
POINT
  8
3
 10
-59828.203125
 20
-585.278130
  0
POINT
  8
3
 10
-59818.085938
 20
-585.279694
  0
POINT
  8
3
 10
-59808.979492
 20
-585.281105
  0
POLYLINE
  8
14
  66
1
  70
1
  0
VERTEX
  8
14
  10
-59807.944336
  20
-591.367035
  0
VERTEX
  8
14
  10
-59807.944336
  20
-629.407959
  0
VERTEX
  8
14
  10
-59818.334360
  20
-629.407959
  0
VERTEX
  8
14
  10
-59828.563090
  20
-629.407959
  0
VERTEX
  8
14
  10
-59838.817886
  20
-629.407959
  0
VERTEX
  8
14
  10
-59848.978605
  20
-629.407959
  0
VERTEX
  8
14
  10
-59859.139391
  20
-629.407959
  0
VERTEX
  8
14
  10
-59869.194220
  20
-629.407959
  0
VERTEX
  8
14
  10
-59879.354936
  20
-629.407959
  0
VERTEX
  8
14
  10
-59889.515527
  20
-629.407959
  0
VERTEX
  8
14
  10
-59899.643227
  20
-629.407959
  0
VERTEX
  8
14
  10
-59909.803492
  20
-629.407959
  0
VERTEX
  8
14
  10
-59919.963874
  20
-629.407959
  0
VERTEX
  8
14
  10
-59930.004093
  20
-629.407959
  0
VERTEX
  8
14
  10
-59939.946289
  20
-629.407959
  0
VERTEX
  8
14
  10
-59939.946289
  20
-618.442410
  0
VERTEX
  8
14
  10
-59939.946289
  20
-607.955634
  0
VERTEX
  8
14
  10
-59939.946289
  20
-597.674354
  0
VERTEX
  8
14
  10
-59939.946289
  20
-591.260681
  0
VERTEX
  8
14
  10
-59929.449160
  20
-591.262319
  0
VERTEX
  8
14
  10
-59919.224096
  20
-591.263915
  0
VERTEX
  8
14
  10
-59908.960454
  20
-591.265517
  0
VERTEX
  8
14
  10
-59898.745893
  20
-591.267111
  0
VERTEX
  8
14
  10
-59888.734127
  20
-591.268674
  0
VERTEX
  8
14
  10
-59878.722596
  20
-591.270236
  0
VERTEX
  8
14
  10
-59868.650851
  20
-591.271808
  0
VERTEX
  8
14
  10
-59858.639542
  20
-591.273369
  0
VERTEX
  8
14
  10
-59848.628105
  20
-591.274931
  0
VERTEX
  8
14
  10
-59838.423869
  20
-591.276523
  0
VERTEX
  8
14
  10
-59828.205039
  20
-591.278118
  0
VERTEX
  8
14
  10
-59818.089000
  20
-591.279697
  0
SEQEND
  8
14
  0
POINT
  8
2
 10
-59807.944336
 20
-591.367035
  0
TEXT
  8
2
 10
-59807.944336
 20
-591.367035
 40
0.000000
 50
0.000000
  1
# 675
  0
POINT
  8
2
 10
-59807.944336
 20
-629.407959
  0
TEXT
  8
2
 10
-59807.944336
 20
-629.407959
 40
0.000000
 50
0.000000
  1
# 676
  0
POINT
  8
2
 10
-59939.946289
 20
-629.407959
  0
TEXT
  8
2
 10
-59939.946289
 20
-629.407959
 40
0.000000
 50
0.000000
  1
# 677
  0
POINT
  8
2
 10
-59939.946289
 20
-591.260681
  0
TEXT
  8
2
 10
-59939.946289
 20
-591.260681
 40
0.000000
 50
0.000000
  1
# 678
  0
POINT
  8
3
 10
-59818.334360
 20
-629.407959
  0
POINT
  8
3
 10
-59828.563090
 20
-629.407959
  0
POINT
  8
3
 10
-59838.817886
 20
-629.407959
  0
POINT
  8
3
 10
-59848.978605
 20
-629.407959
  0
POINT
  8
3
 10
-59859.139391
 20
-629.407959
  0
POINT
  8
3
 10
-59869.194220
 20
-629.407959
  0
POINT
  8
3
 10
-59879.354936
 20
-629.407959
  0
POINT
  8
3
 10
-59889.515527
 20
-629.407959
  0
POINT
  8
3
 10
-59899.643227
 20
-629.407959
  0
POINT
  8
3
 10
-59909.803492
 20
-629.407959
  0
POINT
  8
3
 10
-59919.963874
 20
-629.407959
  0
POINT
  8
3
 10
-59930.004093
 20
-629.407959
  0
POINT
  8
3
 10
-59939.946289
 20
-618.442410
  0
POINT
  8
3
 10
-59939.946289
 20
-607.955634
  0
POINT
  8
3
 10
-59939.946289
 20
-597.674354
  0
POINT
  8
3
 10
-59929.449160
 20
-591.262319
  0
POINT
  8
3
 10
-59919.224096
 20
-591.263915
  0
POINT
  8
3
 10
-59908.960454
 20
-591.265517
  0
POINT
  8
3
 10
-59898.745893
 20
-591.267111
  0
POINT
  8
3
 10
-59888.734127
 20
-591.268674
  0
POINT
  8
3
 10
-59878.722596
 20
-591.270236
  0
POINT
  8
3
 10
-59868.650851
 20
-591.271808
  0
POINT
  8
3
 10
-59858.639542
 20
-591.273369
  0
POINT
  8
3
 10
-59848.628105
 20
-591.274931
  0
POINT
  8
3
 10
-59838.423869
 20
-591.276523
  0
POINT
  8
3
 10
-59828.205039
 20
-591.278118
  0
POINT
  8
3
 10
-59818.089000
 20
-591.279697
 0
LINE
 8
7
 10
-59930.610352
 20
-614.628220
 11
-59827.661133
 21
-614.628220
  0
TEXT
  8
1
 10
-59873.945313
 20
-610.333843
 40
10.000000
 50
0.000000
  1
Piece Name: 26SMC-WP115M 展_右前腰里_175/84
  0
TEXT
  8
1
 10
-59873.945313
 20
-595.333843
 40
10.000000
 50
0.000000
  1
Size: 175/84
  0
TEXT
  8
1
 10
-59873.945313
 20
-580.333843
 40
10.000000
 50
0.000000
  1
Annotation: 
  0
TEXT
  8
1
 10
-59873.945313
 20
-565.333843
 40
10.000000
 50
0.000000
  1
Quantity: 1
  0
TEXT
  8
1
 10
-59873.945313
 20
-550.333843
 40
10.000000
 50
0.000000
  1
Material: 衬 
  0
TEXT
  8
1
 10
-59873.945313
 20
-550.333843
 40
10.000000
 50
0.000000
  1
Category: 29
0
ENDBLK
  0
ENDSEC
  0
SECTION
  2
ENTITIES
  0
INSERT
  8
1
  2
26SMC-WP115M 展_右前片_175/84
  10
-59454.655161
  20
-1492.672803
  0
INSERT
  8
1
  2
26SMC-WP115M 展_后原_175/84
  10
-59745.714831
  20
599.824919
  0
INSERT
  8
1
  2
26SMC-WP115M 展_后_175/84
  10
-60029.609978
  20
-1370.965790
  0
INSERT
  8
1
  2
26SMC-WP115M 展_左前腰里_175/84
  10
-59021.654331
  20
-706.650930
  0
INSERT
  8
1
  2
26SMC-WP115M 展_腰里中_175/84
  10
-59465.932498
  20
-708.524079
  0
INSERT
  8
1
  2
26SMC-WP115M 展_腰面_175/84
  10
-59374.279779
  20
-838.384794
  0
INSERT
  8
1
  2
26SMC-WP115M 展_前原_175/84
  10
-59299.272084
  20
453.442628
  0
INSERT
  8
1
  2
26SMC-WP115M 展_左前片_175/84
  10
-59016.399865
  20
-1547.741409
  0
INSERT
  8
1
  2
26SMC-WP115M 展_后袋衬_175/84
  10
-61007.578193
  20
-1149.383695
  0
INSERT
  8
1
  2
26SMC-WP115M 展_后袋布_175/84
  10
-60408.857339
  20
-1707.830664
  0
INSERT
  8
1
  2
26SMC-WP115M 展_前袋布_175/84
  10
-58674.884765
  20
-2061.746850
  0
INSERT
  8
1
  2
26SMC-WP115M 展_手机袋_175/84
  10
-58286.475830
  20
-2060.779266
  0
INSERT
  8
1
  2
26SMC-WP115M 展_后袋开线_175/84
  10
-60421.220703
  20
-1340.478058
  0
INSERT
  8
1
  2
26SMC-WP115M 展_后袋垫_175/84
  10
-60421.220703
  20
-1197.693024
  0
INSERT
  8
1
  2
26SMC-WP115M 展_耳仔_175/84
  10
-59508.178711
  20
-511.514664
  0
INSERT
  8
1
  2
26SMC-WP115M 展_双刀_175/84
  10
-58737.749981
  20
-1597.705466
  0
INSERT
  8
1
  2
26SMC-WP115M 展_双刀_175/84
  10
-60979.107005
  20
-1382.508250
  0
INSERT
  8
1
  2
26SMC-WP115M 展_单刀_175/84
  10
-61086.683014
  20
-1328.289210
  0
INSERT
  8
1
  2
26SMC-WP115M 展_单刀_175/84
  10
-58577.860244
  20
-1564.623631
  0
INSERT
  8
1
  2
26SMC-WP115M 展_前中扣袢_175/84
  10
-59326.372046
  20
-459.636647
  0
INSERT
  8
1
  2
26SMC-WP115M 展_里扣定_175/84
  10
-59000.754236
  20
-472.878706
  0
INSERT
  8
1
  2
26SMC-WP115M 展_手机袋_175/84
  10
-58074.558105
  20
-2054.113464
  0
INSERT
  8
1
  2
26SMC-WP115M 展_前袋垫_175/84
  10
-58691.427040
  20
-1185.134516
  0
INSERT
  8
1
  2
26SMC-WP115M 展_腰_175/84
  10
-61132.004408
  20
-1020.859924
  0
INSERT
  8
1
  2
26SMC-WP115M 展_前袋贴_175/84
  10
-58818.783799
  20
-1239.103247
  0
INSERT
  8
1
  2
26SMC-WP115M 展_腰_175/84
  10
-59374.279846
  20
-926.593925
  0
INSERT
  8
1
  2
26SMC-WP115M 展_右前腰里_175/84
  10
-59882.802646
  20
-703.367032
  0
INSERT
  8
1
  2
26SMC-WP115M 展_左前腰里_175/84
  10
-59012.792027
  20
-613.634038
  0
INSERT
  8
1
  2
26SMC-WP115M 展_腰里中_175/84
  10
-59457.075076
  20
-615.507187
  0
INSERT
  8
1
  2
26SMC-WP115M 展_右前腰里_175/84
  10
-59873.945224
  20
-610.350141
  0
TEXT
  8
1
 10
-59842.885742
 20
-2196.058502
 40
10.000000
 50
0.000000
  1
STYLE NAME: 26SMC-WP115M 展
  0
TEXT
  8
1
 10
-59842.885742
 20
-2211.058502
 40
10.000000
 50
0.000000
  1
CREATION DATE: 2025/3/29/11/44
  0
TEXT
  8
1
 10
-59842.885742
 20
-2226.058502
 40
10.000000
 50
0.000000
  1
AUTHOR: BUYI-TECH
  0
TEXT
  8
1
 10
-59842.885742
 20
-2241.058502
 40
10.000000
 50
0.000000
  1
SAMPLE SIZE: 175/84
  0
TEXT
  8
1
 10
-59842.885742
 20
-2256.058502
 40
10.000000
 50
0.000000
  1
GRADE RULE TABLE: 26SMC-WP115M 展
  0
TEXT
  8
1
 10
-59842.885742
 20
-2271.058502
 40
10.000000
 50
0.000000
  1
UNITS: METRIC
  0
ENDSEC
  0
EOF
